solid OpenSCAD_Model
  facet normal 0.820522 -0.278536 -0.499161
    outer loop
      vertex 0.0428705 -1.05445 7.80797
      vertex 0.0156794 -1.04319 7.75699
      vertex 0.0598402 -1.00446 7.80797
    endloop
  endfacet
  facet normal 0.989359 0.0648478 0.130247
    outer loop
      vertex 0.119036 -0.9 8.03643
      vertex 0.107577 -0.842391 8.09479
      vertex 0.111353 -0.9 8.09479
    endloop
  endfacet
  facet normal 0.963999 -0.0631758 0.258293
    outer loop
      vertex 0.096118 -0.9 8.15165
      vertex 0.092473 -0.955619 8.15165
      vertex 0.111353 -0.9 8.09479
    endloop
  endfacet
  facet normal 0.546691 0.269584 0.792751
    outer loop
      vertex -0.0558796 -0.786455 8.34533
      vertex -0.113487 -0.774996 8.38116
      vertex -0.0990238 -0.804326 8.38116
    endloop
  endfacet
  facet normal 0.376043 0.0748046 -0.923578
    outer loop
      vertex -0.15 -0.856671 7.59776
      vertex -0.132672 -0.874021 7.60341
      vertex -0.15 -0.876302 7.59617
    endloop
  endfacet
  facet normal 0.376053 0.0748159 -0.923573
    outer loop
      vertex -0.132672 -0.874021 7.60341
      vertex -0.15 -0.856671 7.59776
      vertex -0.137752 -0.848487 7.60341
    endloop
  endfacet
  facet normal 0.777143 -0.383233 -0.499181
    outer loop
      vertex 0.0195208 -1.1018 7.80797
      vertex -0.00596619 -1.08708 7.75699
      vertex 0.0428705 -1.05445 7.80797
    endloop
  endfacet
  facet normal 0.59694 0.523518 -0.60794
    outer loop
      vertex -0.0615864 -0.694038 7.71029
      vertex -0.090766 -0.660766 7.71029
      vertex -0.0654278 -0.635427 7.75699
    endloop
  endfacet
  facet normal 0.513468 -0.768382 0.382021
    outer loop
      vertex -0.0705948 -1.23806 8.15165
      vertex -0.128203 -1.24952 8.20603
      vertex -0.11694 -1.26903 8.15165
    endloop
  endfacet
  facet normal 0.97243 0.193425 -0.130255
    outer loop
      vertex 0.107577 -0.842391 7.91921
      vertex 0.0963144 -0.785769 7.91921
      vertex 0.103736 -0.78378 7.97757
    endloop
  endfacet
  facet normal 0.803229 -0.536739 -0.258331
    outer loop
      vertex 0.0201483 -1.16868 7.91921
      vertex 0.00806236 -1.1594 7.86235
      vertex 0.0522232 -1.12068 7.91921
    endloop
  endfacet
  facet normal 0.523509 -0.59694 -0.607949
    outer loop
      vertex -0.0654278 -1.16457 7.75699
      vertex -0.124039 -1.16841 7.71029
      vertex -0.090766 -1.13923 7.71029
    endloop
  endfacet
  facet normal 0.588547 0.393263 -0.706368
    outer loop
      vertex -0.0730448 -0.751647 7.66867
      vertex -0.0946074 -0.719377 7.66867
      vertex -0.0369987 -0.730836 7.71029
    endloop
  endfacet
  facet normal 0.849844 -0.169057 -0.499184
    outer loop
      vertex 0.0598402 -1.00446 7.80797
      vertex 0.0314112 -0.99684 7.75699
      vertex 0.0409603 -0.948837 7.75699
    endloop
  endfacet
  facet normal 0.97243 0.193425 0.130255
    outer loop
      vertex 0.103736 -0.78378 8.03643
      vertex 0.0963144 -0.785769 8.09479
      vertex 0.107577 -0.842391 8.09479
    endloop
  endfacet
  facet normal 0.947506 -0.18847 0.258286
    outer loop
      vertex 0.092473 -0.955619 8.15165
      vertex 0.0815983 -1.01029 8.15165
      vertex 0.0963144 -1.01423 8.09479
    endloop
  endfacet
  facet normal 0.777149 0.383229 -0.499173
    outer loop
      vertex 0.0156794 -0.756814 7.75699
      vertex -0.00596619 -0.712919 7.75699
      vertex 0.0428705 -0.745551 7.80797
    endloop
  endfacet
  facet normal 0.339846 -0.504105 -0.793966
    outer loop
      vertex -0.15 -1.13581 7.66867
      vertex -0.15 -1.13518 7.66827
      vertex -0.149377 -1.13539 7.66867
    endloop
  endfacet
  facet normal 0.393319 -0.588528 -0.706353
    outer loop
      vertex -0.15 -1.13852 7.67093
      vertex -0.124039 -1.16841 7.71029
      vertex -0.15 -1.18576 7.71029
    endloop
  endfacet
  facet normal 0.393537 -0.588361 -0.706371
    outer loop
      vertex -0.124039 -1.16841 7.71029
      vertex -0.15 -1.13852 7.67093
      vertex -0.149377 -1.13539 7.66867
    endloop
  endfacet
  facet normal 0.440855 0.660211 -0.608086
    outer loop
      vertex -0.124039 -0.631586 7.71029
      vertex -0.15 -0.588231 7.73854
      vertex -0.142919 -0.575966 7.75699
    endloop
  endfacet
  facet normal 0.441138 0.660232 -0.607858
    outer loop
      vertex -0.15 -0.588231 7.73854
      vertex -0.124039 -0.631586 7.71029
      vertex -0.15 -0.61424 7.71029
    endloop
  endfacet
  facet normal 0.889238 -0.43851 0.130247
    outer loop
      vertex 0.0777569 -1.0689 8.09479
      vertex 0.058877 -1.12452 8.03643
      vertex 0.0848551 -1.07184 8.03643
    endloop
  endfacet
  facet normal 0.536661 -0.80328 0.258335
    outer loop
      vertex -0.0705948 -1.23806 8.15165
      vertex -0.109323 -1.28222 8.09479
      vertex -0.0613203 -1.25015 8.09479
    endloop
  endfacet
  facet normal 0.536764 -0.803243 0.258236
    outer loop
      vertex -0.0705948 -1.23806 8.15165
      vertex -0.11694 -1.26903 8.15165
      vertex -0.109323 -1.28222 8.09479
    endloop
  endfacet
  facet normal 0.474208 -0.160978 0.865571
    outer loop
      vertex -0.0885115 -0.964706 8.38116
      vertex -0.14612 -0.976165 8.41059
      vertex -0.0990238 -0.995673 8.38116
    endloop
  endfacet
  facet normal 0.922186 0.0604334 0.381997
    outer loop
      vertex 0.092473 -0.844379 8.15165
      vertex 0.0735922 -0.9 8.20603
      vertex 0.096118 -0.9 8.15165
    endloop
  endfacet
  facet normal 0.922186 -0.0604351 0.381996
    outer loop
      vertex 0.0735922 -0.9 8.20603
      vertex 0.0701399 -0.952679 8.20603
      vertex 0.092473 -0.955619 8.15165
    endloop
  endfacet
  facet normal 0.914797 0.310535 0.258292
    outer loop
      vertex 0.0777569 -0.731101 8.09479
      vertex 0.0636816 -0.736931 8.15165
      vertex 0.0963144 -0.785769 8.09479
    endloop
  endfacet
  facet normal 0.828857 -0.40875 -0.381994
    outer loop
      vertex 0.0636816 -1.06307 7.86235
      vertex 0.0390291 -1.11306 7.86235
      vertex 0.0428705 -1.05445 7.80797
    endloop
  endfacet
  facet normal 0.609344 0.694822 0.381998
    outer loop
      vertex -0.0705948 -0.561937 8.15165
      vertex -0.0843077 -0.579808 8.20603
      vertex -0.0286884 -0.598688 8.15165
    endloop
  endfacet
  facet normal 0.427275 0.866449 -0.258266
    outer loop
      vertex -0.15 -0.514667 7.86235
      vertex -0.15 -0.501978 7.90492
      vertex -0.11694 -0.53097 7.86235
    endloop
  endfacet
  facet normal 0.382462 0.0249001 -0.923636
    outer loop
      vertex -0.15 -0.882566 7.596
      vertex -0.13097 -0.9 7.60341
      vertex -0.15 -0.9 7.59553
    endloop
  endfacet
  facet normal 0.382591 0.0250652 -0.923578
    outer loop
      vertex -0.13097 -0.9 7.60341
      vertex -0.15 -0.882566 7.596
      vertex -0.132672 -0.874021 7.60341
    endloop
  endfacet
  facet normal 0.636956 -0.726327 -0.258332
    outer loop
      vertex -0.0613203 -1.25015 7.91921
      vertex -0.0705948 -1.23806 7.86235
      vertex -0.0286884 -1.20131 7.86235
    endloop
  endfacet
  facet normal 0.706339 0.0462948 -0.706359
    outer loop
      vertex 0.00832748 -0.9 7.71029
      vertex -0.0332937 -0.9 7.66867
      vertex 0.00543308 -0.855839 7.71029
    endloop
  endfacet
  facet normal 0.906407 -0.180292 -0.381996
    outer loop
      vertex 0.092473 -0.955619 7.86235
      vertex 0.0598402 -1.00446 7.80797
      vertex 0.0701399 -0.952679 7.80797
    endloop
  endfacet
  facet normal 0.383047 -0.777179 0.499268
    outer loop
      vertex -0.15 -1.24809 8.22499
      vertex -0.142919 -1.22403 8.25701
      vertex -0.15 -1.22752 8.25701
    endloop
  endfacet
  facet normal 0.383236 -0.777134 0.499193
    outer loop
      vertex -0.142919 -1.22403 8.25701
      vertex -0.15 -1.24809 8.22499
      vertex -0.128203 -1.24952 8.20603
    endloop
  endfacet
  facet normal 0.997858 0.0654105 0
    outer loop
      vertex 0.119036 -0.9 8.03643
      vertex 0.115194 -0.841389 7.97757
      vertex 0.115194 -0.841389 8.03643
    endloop
  endfacet
  facet normal 0.997858 0.0654105 0
    outer loop
      vertex 0.115194 -0.841389 7.97757
      vertex 0.119036 -0.9 8.03643
      vertex 0.119036 -0.9 7.97757
    endloop
  endfacet
  facet normal 0.726291 -0.636994 -0.25834
    outer loop
      vertex 0.0201483 -1.16868 7.91921
      vertex -0.0179157 -1.21208 7.91921
      vertex 0.00806236 -1.1594 7.86235
    endloop
  endfacet
  facet normal 0.889238 -0.43851 -0.130247
    outer loop
      vertex 0.0848551 -1.07184 7.97757
      vertex 0.058877 -1.12452 7.97757
      vertex 0.0777569 -1.0689 7.91921
    endloop
  endfacet
  facet normal 0.659268 -0.751908 0
    outer loop
      vertex -0.0566435 -1.25624 7.97757
      vertex -0.0124826 -1.21752 8.03643
      vertex -0.0566435 -1.25624 8.03643
    endloop
  endfacet
  facet normal 0.659268 -0.751908 0
    outer loop
      vertex -0.0124826 -1.21752 8.03643
      vertex -0.0566435 -1.25624 7.97757
      vertex -0.0124826 -1.21752 7.97757
    endloop
  endfacet
  facet normal 0.441092 -0.660178 0.60795
    outer loop
      vertex -0.124039 -1.16841 8.30371
      vertex -0.142919 -1.22403 8.25701
      vertex -0.102224 -1.19684 8.25701
    endloop
  endfacet
  facet normal 0.550934 -0.824334 0.130171
    outer loop
      vertex -0.0613203 -1.25015 8.09479
      vertex -0.105481 -1.28888 8.03643
      vertex -0.0566435 -1.25624 8.03643
    endloop
  endfacet
  facet normal 0.571327 0.651475 -0.499164
    outer loop
      vertex -0.0446167 -0.614616 7.80797
      vertex -0.102224 -0.603157 7.75699
      vertex -0.0843077 -0.579808 7.80797
    endloop
  endfacet
  facet normal 0.376546 0.330211 0.865548
    outer loop
      vertex -0.131656 -0.747806 8.38116
      vertex -0.15 -0.726888 8.38116
      vertex -0.15 -0.761881 8.39451
    endloop
  endfacet
  facet normal 0.481405 0.720471 0.499171
    outer loop
      vertex -0.128203 -0.550478 8.20603
      vertex -0.142919 -0.575966 8.25701
      vertex -0.0843077 -0.579808 8.20603
    endloop
  endfacet
  facet normal 0.523514 0.596943 0.607941
    outer loop
      vertex -0.0654278 -0.635427 8.25701
      vertex -0.102224 -0.603157 8.25701
      vertex -0.090766 -0.660766 8.30371
    endloop
  endfacet
  facet normal 0.889238 0.43851 0.130247
    outer loop
      vertex 0.0848551 -0.728161 8.03643
      vertex 0.058877 -0.675481 8.03643
      vertex 0.0777569 -0.731101 8.09479
    endloop
  endfacet
  facet normal 0.532176 0.46672 0.706372
    outer loop
      vertex -0.090766 -0.660766 8.30371
      vertex -0.0946074 -0.719377 8.34533
      vertex -0.0615864 -0.694038 8.30371
    endloop
  endfacet
  facet normal 0.820516 0.278518 0.49918
    outer loop
      vertex 0.0598402 -0.795542 8.20603
      vertex 0.0156794 -0.756814 8.25701
      vertex 0.0314112 -0.80316 8.25701
    endloop
  endfacet
  facet normal 0.343918 -0.16962 0.923553
    outer loop
      vertex -0.14612 -0.976165 8.41059
      vertex -0.15 -0.974558 8.41233
      vertex -0.15 -0.984032 8.41059
    endloop
  endfacet
  facet normal 0.751834 -0.255233 0.607948
    outer loop
      vertex -0.00319958 -0.987565 8.30371
      vertex -0.0174255 -1.02947 8.30371
      vertex 0.0156794 -1.04319 8.25701
    endloop
  endfacet
  facet normal 0.499716 -0.0327399 -0.865571
    outer loop
      vertex -0.0821314 -0.932631 7.63284
      vertex -0.132672 -0.925978 7.60341
      vertex -0.13097 -0.9 7.60341
    endloop
  endfacet
  facet normal 0.778734 0.154879 -0.607936
    outer loop
      vertex 0.00543308 -0.855839 7.71029
      vertex -0.00319958 -0.812434 7.71029
      vertex 0.0409603 -0.851162 7.75699
    endloop
  endfacet
  facet normal 0.546691 0.269584 -0.792751
    outer loop
      vertex -0.0990238 -0.804326 7.63284
      vertex -0.113487 -0.774996 7.63284
      vertex -0.0558796 -0.786455 7.66867
    endloop
  endfacet
  facet normal 0.65372 0.745445 -0.13024
    outer loop
      vertex -0.0124826 -0.582482 7.97757
      vertex -0.0613203 -0.54985 7.91921
      vertex -0.0566435 -0.543755 7.97757
    endloop
  endfacet
  facet normal 0.820516 0.278518 -0.49918
    outer loop
      vertex 0.0314112 -0.80316 7.75699
      vertex 0.0156794 -0.756814 7.75699
      vertex 0.0598402 -0.795542 7.80797
    endloop
  endfacet
  facet normal 0.571332 0.651467 -0.499171
    outer loop
      vertex -0.0654278 -0.635427 7.75699
      vertex -0.102224 -0.603157 7.75699
      vertex -0.0446167 -0.614616 7.80797
    endloop
  endfacet
  facet normal 0.577197 0.195938 -0.79275
    outer loop
      vertex -0.0434036 -0.823207 7.66867
      vertex -0.0885115 -0.835293 7.63284
      vertex -0.0558796 -0.786455 7.66867
    endloop
  endfacet
  facet normal 0.442218 -0.896907 0
    outer loop
      vertex -0.15 -1.31083 7.97757
      vertex -0.105481 -1.28888 8.03643
      vertex -0.15 -1.31083 8.03643
    endloop
  endfacet
  facet normal 0.442218 -0.896907 0
    outer loop
      vertex -0.105481 -1.28888 8.03643
      vertex -0.15 -1.31083 7.97757
      vertex -0.105481 -1.28888 7.97757
    endloop
  endfacet
  facet normal 0.536661 -0.80328 -0.258335
    outer loop
      vertex -0.0613203 -1.25015 7.91921
      vertex -0.109323 -1.28222 7.91921
      vertex -0.0705948 -1.23806 7.86235
    endloop
  endfacet
  facet normal 0.7684 -0.513484 -0.381963
    outer loop
      vertex 0.00806236 -1.1594 7.86235
      vertex -0.00980759 -1.14569 7.80797
      vertex 0.0390291 -1.11306 7.86235
    endloop
  endfacet
  facet normal 0.506809 -0.338662 -0.79275
    outer loop
      vertex -0.0730448 -1.04835 7.66867
      vertex -0.131656 -1.05219 7.63284
      vertex -0.113487 -1.025 7.63284
    endloop
  endfacet
  facet normal 0.778734 0.154879 0.607936
    outer loop
      vertex 0.0409603 -0.851162 8.25701
      vertex -0.00319958 -0.812434 8.30371
      vertex 0.00543308 -0.855839 8.30371
    endloop
  endfacet
  facet normal 0.751856 0.255228 0.607924
    outer loop
      vertex 0.0156794 -0.756814 8.25701
      vertex -0.0174255 -0.770527 8.30371
      vertex -0.00319958 -0.812434 8.30371
    endloop
  endfacet
  facet normal 0.849853 -0.169043 0.499173
    outer loop
      vertex 0.0701399 -0.952679 8.20603
      vertex 0.0409603 -0.948837 8.25701
      vertex 0.0598402 -1.00446 8.20603
    endloop
  endfacet
  facet normal 0.778734 -0.154879 -0.607936
    outer loop
      vertex 0.0409603 -0.948837 7.75699
      vertex -0.00319958 -0.987565 7.71029
      vertex 0.00543308 -0.94416 7.71029
    endloop
  endfacet
  facet normal 0.550934 -0.824334 -0.130171
    outer loop
      vertex -0.0566435 -1.25624 7.97757
      vertex -0.105481 -1.28888 7.97757
      vertex -0.0613203 -1.25015 7.91921
    endloop
  endfacet
  facet normal 0.866441 0.427276 0.258292
    outer loop
      vertex 0.0522232 -0.679323 8.09479
      vertex 0.0390291 -0.68694 8.15165
      vertex 0.0636816 -0.736931 8.15165
    endloop
  endfacet
  facet normal 0.427303 0.866428 0.258291
    outer loop
      vertex -0.109323 -0.517776 8.09479
      vertex -0.15 -0.501978 8.10909
      vertex -0.11694 -0.53097 8.15165
    endloop
  endfacet
  facet normal 0.427282 0.866471 0.258184
    outer loop
      vertex -0.15 -0.501978 8.10909
      vertex -0.109323 -0.517776 8.09479
      vertex -0.15 -0.497717 8.09479
    endloop
  endfacet
  facet normal 0.803251 0.536732 0.258278
    outer loop
      vertex 0.0201483 -0.631321 8.09479
      vertex 0.00806236 -0.640595 8.15165
      vertex 0.0522232 -0.679323 8.09479
    endloop
  endfacet
  facet normal 0.532195 0.466712 0.706363
    outer loop
      vertex -0.090766 -0.660766 8.30371
      vertex -0.120197 -0.690197 8.34533
      vertex -0.0946074 -0.719377 8.34533
    endloop
  endfacet
  facet normal 0.550779 -0.824411 0.130341
    outer loop
      vertex -0.0613203 -1.25015 8.09479
      vertex -0.109323 -1.28222 8.09479
      vertex -0.105481 -1.28888 8.03643
    endloop
  endfacet
  facet normal 0.588555 -0.393239 0.706375
    outer loop
      vertex -0.0369987 -1.06916 8.30371
      vertex -0.0946074 -1.08062 8.34533
      vertex -0.0615864 -1.10596 8.30371
    endloop
  endfacet
  facet normal 0.712081 -0.351183 0.607957
    outer loop
      vertex 0.0156794 -1.04319 8.25701
      vertex -0.0174255 -1.02947 8.30371
      vertex -0.00596619 -1.08708 8.25701
    endloop
  endfacet
  facet normal 0.79229 -0.0519222 0.607931
    outer loop
      vertex 0.0441608 -0.9 8.25701
      vertex 0.00832748 -0.9 8.30371
      vertex 0.0409603 -0.948837 8.25701
    endloop
  endfacet
  facet normal 0.59694 0.523518 0.60794
    outer loop
      vertex -0.0654278 -0.635427 8.25701
      vertex -0.090766 -0.660766 8.30371
      vertex -0.0615864 -0.694038 8.30371
    endloop
  endfacet
  facet normal 0.474206 -0.16096 0.865575
    outer loop
      vertex -0.137752 -0.951512 8.41059
      vertex -0.14612 -0.976165 8.41059
      vertex -0.0885115 -0.964706 8.38116
    endloop
  endfacet
  facet normal 0.820517 0.278529 -0.499173
    outer loop
      vertex 0.0598402 -0.795542 7.80797
      vertex 0.0156794 -0.756814 7.75699
      vertex 0.0428705 -0.745551 7.80797
    endloop
  endfacet
  facet normal 0.828854 0.40875 -0.382002
    outer loop
      vertex 0.0428705 -0.745551 7.80797
      vertex 0.0195208 -0.698203 7.80797
      vertex 0.0390291 -0.68694 7.86235
    endloop
  endfacet
  facet normal 0.866442 0.427275 0.258291
    outer loop
      vertex 0.0777569 -0.731101 8.09479
      vertex 0.0522232 -0.679323 8.09479
      vertex 0.0636816 -0.736931 8.15165
    endloop
  endfacet
  facet normal 0.449133 -0.221512 0.86557
    outer loop
      vertex -0.15 -0.984032 8.41059
      vertex -0.0990238 -0.995673 8.38116
      vertex -0.14612 -0.976165 8.41059
    endloop
  endfacet
  facet normal 0.4492 -0.221281 0.865595
    outer loop
      vertex -0.0990238 -0.995673 8.38116
      vertex -0.15 -0.984032 8.41059
      vertex -0.15 -0.999014 8.40676
    endloop
  endfacet
  facet normal 0.947509 -0.188464 -0.258281
    outer loop
      vertex 0.0963144 -1.01423 7.91921
      vertex 0.092473 -0.955619 7.86235
      vertex 0.107577 -0.957607 7.91921
    endloop
  endfacet
  facet normal 0.93886 0.318713 -0.130247
    outer loop
      vertex 0.103736 -0.78378 7.97757
      vertex 0.0777569 -0.731101 7.91921
      vertex 0.0848551 -0.728161 7.97757
    endloop
  endfacet
  facet normal 0.343918 0.16962 -0.923553
    outer loop
      vertex -0.15 -0.825441 7.60167
      vertex -0.15 -0.815967 7.60341
      vertex -0.14612 -0.823834 7.60341
    endloop
  endfacet
  facet normal 0.914797 0.310531 -0.258295
    outer loop
      vertex 0.0815983 -0.789712 7.86235
      vertex 0.0636816 -0.736931 7.86235
      vertex 0.0963144 -0.785769 7.91921
    endloop
  endfacet
  facet normal 0.849853 -0.169043 -0.499173
    outer loop
      vertex 0.0598402 -1.00446 7.80797
      vertex 0.0409603 -0.948837 7.75699
      vertex 0.0701399 -0.952679 7.80797
    endloop
  endfacet
  facet normal 0.964001 -0.0631879 -0.258282
    outer loop
      vertex 0.107577 -0.957607 7.91921
      vertex 0.092473 -0.955619 7.86235
      vertex 0.111353 -0.9 7.91921
    endloop
  endfacet
  facet normal 0.989358 -0.0648501 0.130247
    outer loop
      vertex 0.111353 -0.9 8.09479
      vertex 0.107577 -0.957607 8.09479
      vertex 0.119036 -0.9 8.03643
    endloop
  endfacet
  facet normal 0.972434 -0.19341 0.130247
    outer loop
      vertex 0.107577 -0.957607 8.09479
      vertex 0.103736 -1.01622 8.03643
      vertex 0.115194 -0.958611 8.03643
    endloop
  endfacet
  facet normal 0.768428 0.513413 -0.382002
    outer loop
      vertex 0.0195208 -0.698203 7.80797
      vertex -0.00980759 -0.654307 7.80797
      vertex 0.0390291 -0.68694 7.86235
    endloop
  endfacet
  facet normal 0.670277 0.227535 -0.706369
    outer loop
      vertex -0.0434036 -0.823207 7.66867
      vertex -0.0558796 -0.786455 7.66867
      vertex -0.0174255 -0.770527 7.71029
    endloop
  endfacet
  facet normal 0.532195 0.466712 -0.706363
    outer loop
      vertex -0.0946074 -0.719377 7.66867
      vertex -0.120197 -0.690197 7.66867
      vertex -0.090766 -0.660766 7.71029
    endloop
  endfacet
  facet normal 0.513439 0.768413 -0.381998
    outer loop
      vertex -0.0843077 -0.579808 7.80797
      vertex -0.11694 -0.53097 7.86235
      vertex -0.0705948 -0.561937 7.86235
    endloop
  endfacet
  facet normal 0.438516 0.889237 -0.130235
    outer loop
      vertex -0.15 -0.49601 7.93086
      vertex -0.15 -0.489169 7.97757
      vertex -0.105481 -0.511123 7.97757
    endloop
  endfacet
  facet normal 0.636972 0.726326 -0.258296
    outer loop
      vertex -0.0286884 -0.598688 7.86235
      vertex -0.0705948 -0.561937 7.86235
      vertex -0.0613203 -0.54985 7.91921
    endloop
  endfacet
  facet normal 0.550836 0.824389 -0.130243
    outer loop
      vertex -0.0566435 -0.543755 7.97757
      vertex -0.109323 -0.517776 7.91921
      vertex -0.105481 -0.511123 7.97757
    endloop
  endfacet
  facet normal 0.824377 0.550848 -0.130264
    outer loop
      vertex 0.0522232 -0.679323 7.91921
      vertex 0.0201483 -0.631321 7.91921
      vertex 0.0262442 -0.626643 7.97757
    endloop
  endfacet
  facet normal 0.513442 -0.768417 -0.381986
    outer loop
      vertex -0.0705948 -1.23806 7.86235
      vertex -0.128203 -1.24952 7.80797
      vertex -0.0843077 -1.22019 7.80797
    endloop
  endfacet
  facet normal 0.550779 -0.824411 -0.130341
    outer loop
      vertex -0.105481 -1.28888 7.97757
      vertex -0.109323 -1.28222 7.91921
      vertex -0.0613203 -1.25015 7.91921
    endloop
  endfacet
  facet normal 0.97243 -0.193421 -0.130259
    outer loop
      vertex 0.103736 -1.01622 7.97757
      vertex 0.0963144 -1.01423 7.91921
      vertex 0.107577 -0.957607 7.91921
    endloop
  endfacet
  facet normal 0.670263 -0.227555 -0.706375
    outer loop
      vertex -0.0174255 -1.02947 7.71029
      vertex -0.0558796 -1.01354 7.66867
      vertex -0.0434036 -0.976792 7.66867
    endloop
  endfacet
  facet normal 0.65146 -0.571346 -0.499163
    outer loop
      vertex -0.0446167 -1.18538 7.80797
      vertex -0.0654278 -1.16457 7.75699
      vertex -0.00980759 -1.14569 7.80797
    endloop
  endfacet
  facet normal 0.588555 -0.393239 -0.706375
    outer loop
      vertex -0.0615864 -1.10596 7.71029
      vertex -0.0946074 -1.08062 7.66867
      vertex -0.0369987 -1.06916 7.71029
    endloop
  endfacet
  facet normal 0.866433 -0.42728 -0.258313
    outer loop
      vertex 0.0522232 -1.12068 7.91921
      vertex 0.0390291 -1.11306 7.86235
      vertex 0.0636816 -1.06307 7.86235
    endloop
  endfacet
  facet normal 0.831478 -0.555558 0
    outer loop
      vertex 0.0262442 -1.17336 8.03643
      vertex 0.058877 -1.12452 7.97757
      vertex 0.058877 -1.12452 8.03643
    endloop
  endfacet
  facet normal 0.831478 -0.555558 0
    outer loop
      vertex 0.058877 -1.12452 7.97757
      vertex 0.0262442 -1.17336 8.03643
      vertex 0.0262442 -1.17336 7.97757
    endloop
  endfacet
  facet normal 0.52351 -0.596937 -0.60795
    outer loop
      vertex -0.102224 -1.19684 7.75699
      vertex -0.124039 -1.16841 7.71029
      vertex -0.0654278 -1.16457 7.75699
    endloop
  endfacet
  facet normal 0.481384 -0.720482 -0.499174
    outer loop
      vertex -0.0843077 -1.22019 7.80797
      vertex -0.142919 -1.22403 7.75699
      vertex -0.102224 -1.19684 7.75699
    endloop
  endfacet
  facet normal 0.597834 -0.118916 -0.792751
    outer loop
      vertex -0.0434036 -0.976792 7.66867
      vertex -0.0885115 -0.964706 7.63284
      vertex -0.0821314 -0.932631 7.63284
    endloop
  endfacet
  facet normal 0.376601 -0.330228 -0.865518
    outer loop
      vertex -0.15 -1.07311 7.63284
      vertex -0.15 -1.03812 7.61949
      vertex -0.131656 -1.05219 7.63284
    endloop
  endfacet
  facet normal 0.499715 0.0327386 -0.865571
    outer loop
      vertex -0.13097 -0.9 7.60341
      vertex -0.132672 -0.874021 7.60341
      vertex -0.0821314 -0.867367 7.63284
    endloop
  endfacet
  facet normal 0.340438 -0.503092 -0.794355
    outer loop
      vertex -0.15 -1.13518 7.66827
      vertex -0.15 -1.13458 7.66789
      vertex -0.149377 -1.13539 7.66867
    endloop
  endfacet
  facet normal 0.45825 -0.40193 -0.792754
    outer loop
      vertex -0.15 -1.07699 7.63481
      vertex -0.131656 -1.05219 7.63284
      vertex -0.0946074 -1.08062 7.66867
    endloop
  endfacet
  facet normal 0.458759 -0.40227 -0.792287
    outer loop
      vertex -0.131656 -1.05219 7.63284
      vertex -0.15 -1.07699 7.63481
      vertex -0.15 -1.07311 7.63284
    endloop
  endfacet
  facet normal 0.438441 -0.889246 -0.130423
    outer loop
      vertex -0.15 -1.3094 7.96782
      vertex -0.105481 -1.28888 7.97757
      vertex -0.15 -1.31083 7.97757
    endloop
  endfacet
  facet normal 0.438432 -0.889263 -0.130345
    outer loop
      vertex -0.105481 -1.28888 7.97757
      vertex -0.15 -1.3094 7.96782
      vertex -0.109323 -1.28222 7.91921
    endloop
  endfacet
  facet normal 0.824364 -0.550863 0.130282
    outer loop
      vertex 0.0522232 -1.12068 8.09479
      vertex 0.0201483 -1.16868 8.09479
      vertex 0.0262442 -1.17336 8.03643
    endloop
  endfacet
  facet normal 0.980789 -0.195072 0
    outer loop
      vertex 0.103736 -1.01622 8.03643
      vertex 0.115194 -0.958611 7.97757
      vertex 0.115194 -0.958611 8.03643
    endloop
  endfacet
  facet normal 0.980789 -0.195072 0
    outer loop
      vertex 0.115194 -0.958611 7.97757
      vertex 0.103736 -1.01622 8.03643
      vertex 0.103736 -1.01622 7.97757
    endloop
  endfacet
  facet normal 0.803223 -0.536754 -0.258316
    outer loop
      vertex 0.0522232 -1.12068 7.91921
      vertex 0.00806236 -1.1594 7.86235
      vertex 0.0390291 -1.11306 7.86235
    endloop
  endfacet
  facet normal 0.906407 -0.180295 0.381994
    outer loop
      vertex 0.092473 -0.955619 8.15165
      vertex 0.0598402 -1.00446 8.20603
      vertex 0.0815983 -1.01029 8.15165
    endloop
  endfacet
  facet normal 0.989358 -0.0648501 -0.130247
    outer loop
      vertex 0.119036 -0.9 7.97757
      vertex 0.107577 -0.957607 7.91921
      vertex 0.111353 -0.9 7.91921
    endloop
  endfacet
  facet normal 0.989359 -0.0648533 -0.130244
    outer loop
      vertex 0.115194 -0.958611 7.97757
      vertex 0.107577 -0.957607 7.91921
      vertex 0.119036 -0.9 7.97757
    endloop
  endfacet
  facet normal 0.828868 -0.408739 -0.381982
    outer loop
      vertex 0.0390291 -1.11306 7.86235
      vertex 0.0195208 -1.1018 7.80797
      vertex 0.0428705 -1.05445 7.80797
    endloop
  endfacet
  facet normal 0.726362 -0.636945 -0.258262
    outer loop
      vertex -0.0179157 -1.21208 7.91921
      vertex -0.0286884 -1.20131 7.86235
      vertex 0.00806236 -1.1594 7.86235
    endloop
  endfacet
  facet normal 0.481384 -0.720482 0.499174
    outer loop
      vertex -0.102224 -1.19684 8.25701
      vertex -0.142919 -1.22403 8.25701
      vertex -0.0843077 -1.22019 8.20603
    endloop
  endfacet
  facet normal 0.393537 -0.588361 0.706371
    outer loop
      vertex -0.15 -1.13852 8.34307
      vertex -0.124039 -1.16841 8.30371
      vertex -0.149377 -1.13539 8.34533
    endloop
  endfacet
  facet normal 0.393319 -0.588528 0.706353
    outer loop
      vertex -0.124039 -1.16841 8.30371
      vertex -0.15 -1.13852 8.34307
      vertex -0.15 -1.18576 8.30371
    endloop
  endfacet
  facet normal 0.571327 0.651475 0.499164
    outer loop
      vertex -0.0843077 -0.579808 8.20603
      vertex -0.102224 -0.603157 8.25701
      vertex -0.0446167 -0.614616 8.20603
    endloop
  endfacet
  facet normal 0.395526 0.460107 -0.794897
    outer loop
      vertex -0.15 -0.674109 7.66286
      vertex -0.15 -0.665419 7.66789
      vertex -0.149377 -0.664607 7.66867
    endloop
  endfacet
  facet normal 0.609343 0.694824 0.381996
    outer loop
      vertex -0.0286884 -0.598688 8.15165
      vertex -0.0843077 -0.579808 8.20603
      vertex -0.0446167 -0.614616 8.20603
    endloop
  endfacet
  facet normal 0.438506 0.889233 0.130294
    outer loop
      vertex -0.109323 -0.517776 8.09479
      vertex -0.15 -0.49601 8.08314
      vertex -0.15 -0.497717 8.09479
    endloop
  endfacet
  facet normal 0.438522 0.889233 0.130241
    outer loop
      vertex -0.15 -0.49601 8.08314
      vertex -0.109323 -0.517776 8.09479
      vertex -0.105481 -0.511123 8.03643
    endloop
  endfacet
  facet normal 0.596958 0.52351 0.607929
    outer loop
      vertex -0.0331573 -0.672225 8.25701
      vertex -0.0654278 -0.635427 8.25701
      vertex -0.0615864 -0.694038 8.30371
    endloop
  endfacet
  facet normal 0.393189 0.588468 0.706476
    outer loop
      vertex -0.124039 -0.631586 8.30371
      vertex -0.15 -0.61424 8.30371
      vertex -0.15 -0.63675 8.32246
    endloop
  endfacet
  facet normal 0.577195 0.195939 0.792751
    outer loop
      vertex -0.0558796 -0.786455 8.34533
      vertex -0.0990238 -0.804326 8.38116
      vertex -0.0885115 -0.835293 8.38116
    endloop
  endfacet
  facet normal 0.523512 0.596943 0.607942
    outer loop
      vertex -0.102224 -0.603157 8.25701
      vertex -0.124039 -0.631586 8.30371
      vertex -0.090766 -0.660766 8.30371
    endloop
  endfacet
  facet normal 0.9148 -0.310525 0.258291
    outer loop
      vertex 0.0963144 -1.01423 8.09479
      vertex 0.0636816 -1.06307 8.15165
      vertex 0.0777569 -1.0689 8.09479
    endloop
  endfacet
  facet normal 0.59692 -0.523532 0.607948
    outer loop
      vertex -0.0615864 -1.10596 8.30371
      vertex -0.090766 -1.13923 8.30371
      vertex -0.0654278 -1.16457 8.25701
    endloop
  endfacet
  facet normal 0.875117 -0.297069 0.381995
    outer loop
      vertex 0.0598402 -1.00446 8.20603
      vertex 0.0428705 -1.05445 8.20603
      vertex 0.0636816 -1.06307 8.15165
    endloop
  endfacet
  facet normal 0.751844 -0.659341 0
    outer loop
      vertex -0.0124826 -1.21752 8.03643
      vertex 0.0262442 -1.17336 7.97757
      vertex 0.0262442 -1.17336 8.03643
    endloop
  endfacet
  facet normal 0.751844 -0.659341 0
    outer loop
      vertex 0.0262442 -1.17336 7.97757
      vertex -0.0124826 -1.21752 8.03643
      vertex -0.0124826 -1.21752 7.97757
    endloop
  endfacet
  facet normal 0.449188 -0.221526 0.865538
    outer loop
      vertex -0.15 -0.999014 8.40676
      vertex -0.113487 -1.025 8.38116
      vertex -0.0990238 -0.995673 8.38116
    endloop
  endfacet
  facet normal 0.448675 -0.222311 0.865603
    outer loop
      vertex -0.113487 -1.025 8.38116
      vertex -0.15 -0.999014 8.40676
      vertex -0.15 -1.00392 8.4055
    endloop
  endfacet
  facet normal 0.596984 -0.523505 0.607909
    outer loop
      vertex -0.0615864 -1.10596 8.30371
      vertex -0.0654278 -1.16457 8.25701
      vertex -0.0331573 -1.12777 8.25701
    endloop
  endfacet
  facet normal 0.608237 -0.0398557 0.792754
    outer loop
      vertex -0.0799932 -0.9 8.38116
      vertex -0.0821314 -0.932631 8.38116
      vertex -0.0332937 -0.9 8.34533
    endloop
  endfacet
  facet normal 0.499716 -0.0327399 0.865571
    outer loop
      vertex -0.13097 -0.9 8.41059
      vertex -0.132672 -0.925978 8.41059
      vertex -0.0821314 -0.932631 8.38116
    endloop
  endfacet
  facet normal 0.694252 0.138077 0.706363
    outer loop
      vertex -0.00319958 -0.812434 8.30371
      vertex -0.0358324 -0.861272 8.34533
      vertex 0.00543308 -0.855839 8.30371
    endloop
  endfacet
  facet normal 0.608245 0.0398717 0.792747
    outer loop
      vertex -0.0358324 -0.861272 8.34533
      vertex -0.0821314 -0.867367 8.38116
      vertex -0.0332937 -0.9 8.34533
    endloop
  endfacet
  facet normal 0.849846 0.169061 0.49918
    outer loop
      vertex 0.0598402 -0.795542 8.20603
      vertex 0.0314112 -0.80316 8.25701
      vertex 0.0409603 -0.851162 8.25701
    endloop
  endfacet
  facet normal 0.889235 0.438515 0.130253
    outer loop
      vertex 0.058877 -0.675481 8.03643
      vertex 0.0522232 -0.679323 8.09479
      vertex 0.0777569 -0.731101 8.09479
    endloop
  endfacet
  facet normal 0.93886 0.318713 0.130247
    outer loop
      vertex 0.0848551 -0.728161 8.03643
      vertex 0.0777569 -0.731101 8.09479
      vertex 0.103736 -0.78378 8.03643
    endloop
  endfacet
  facet normal 0.914797 0.310535 -0.258292
    outer loop
      vertex 0.0963144 -0.785769 7.91921
      vertex 0.0636816 -0.736931 7.86235
      vertex 0.0777569 -0.731101 7.91921
    endloop
  endfacet
  facet normal 0.889235 0.438515 -0.130253
    outer loop
      vertex 0.0777569 -0.731101 7.91921
      vertex 0.0522232 -0.679323 7.91921
      vertex 0.058877 -0.675481 7.97757
    endloop
  endfacet
  facet normal 0.751868 0.255216 -0.607914
    outer loop
      vertex 0.0314112 -0.80316 7.75699
      vertex -0.00319958 -0.812434 7.71029
      vertex 0.0156794 -0.756814 7.75699
    endloop
  endfacet
  facet normal 0.820517 0.278529 0.499173
    outer loop
      vertex 0.0428705 -0.745551 8.20603
      vertex 0.0156794 -0.756814 8.25701
      vertex 0.0598402 -0.795542 8.20603
    endloop
  endfacet
  facet normal 0.82886 0.408743 0.381994
    outer loop
      vertex 0.0636816 -0.736931 8.15165
      vertex 0.0390291 -0.68694 8.15165
      vertex 0.0428705 -0.745551 8.20603
    endloop
  endfacet
  facet normal 0.980789 0.195072 0
    outer loop
      vertex 0.115194 -0.841389 8.03643
      vertex 0.103736 -0.78378 7.97757
      vertex 0.103736 -0.78378 8.03643
    endloop
  endfacet
  facet normal 0.980789 0.195072 0
    outer loop
      vertex 0.103736 -0.78378 7.97757
      vertex 0.115194 -0.841389 8.03643
      vertex 0.115194 -0.841389 7.97757
    endloop
  endfacet
  facet normal 0.831467 0.555574 0
    outer loop
      vertex 0.058877 -0.675481 8.03643
      vertex 0.0262442 -0.626643 7.97757
      vertex 0.0262442 -0.626643 8.03643
    endloop
  endfacet
  facet normal 0.831467 0.555574 0
    outer loop
      vertex 0.0262442 -0.626643 7.97757
      vertex 0.058877 -0.675481 8.03643
      vertex 0.058877 -0.675481 7.97757
    endloop
  endfacet
  facet normal 0.382591 -0.0250652 0.923578
    outer loop
      vertex -0.132672 -0.925978 8.41059
      vertex -0.15 -0.917433 8.418
      vertex -0.15 -0.923697 8.41783
    endloop
  endfacet
  facet normal 0.532159 -0.466732 0.706377
    outer loop
      vertex -0.0615864 -1.10596 8.30371
      vertex -0.0946074 -1.08062 8.34533
      vertex -0.090766 -1.13923 8.30371
    endloop
  endfacet
  facet normal 0.849846 0.169061 -0.49918
    outer loop
      vertex 0.0409603 -0.851162 7.75699
      vertex 0.0314112 -0.80316 7.75699
      vertex 0.0598402 -0.795542 7.80797
    endloop
  endfacet
  facet normal 0.670277 0.227535 -0.706369
    outer loop
      vertex -0.00319958 -0.812434 7.71029
      vertex -0.0434036 -0.823207 7.66867
      vertex -0.0174255 -0.770527 7.71029
    endloop
  endfacet
  facet normal 0.597833 0.11892 -0.792751
    outer loop
      vertex -0.0821314 -0.867367 7.63284
      vertex -0.0885115 -0.835293 7.63284
      vertex -0.0434036 -0.823207 7.66867
    endloop
  endfacet
  facet normal 0.608245 0.0398717 -0.792747
    outer loop
      vertex -0.0332937 -0.9 7.66867
      vertex -0.0821314 -0.867367 7.63284
      vertex -0.0358324 -0.861272 7.66867
    endloop
  endfacet
  facet normal 0.382591 0.0250652 -0.923578
    outer loop
      vertex -0.15 -0.882566 7.596
      vertex -0.15 -0.876302 7.59617
      vertex -0.132672 -0.874021 7.60341
    endloop
  endfacet
  facet normal 0.375723 0.0753702 -0.923662
    outer loop
      vertex -0.15 -0.856671 7.59776
      vertex -0.15 -0.851769 7.59816
      vertex -0.137752 -0.848487 7.60341
    endloop
  endfacet
  facet normal 0.938862 0.318704 -0.130256
    outer loop
      vertex 0.0963144 -0.785769 7.91921
      vertex 0.0777569 -0.731101 7.91921
      vertex 0.103736 -0.78378 7.97757
    endloop
  endfacet
  facet normal 0.922186 0.0604334 -0.381997
    outer loop
      vertex 0.096118 -0.9 7.86235
      vertex 0.0735922 -0.9 7.80797
      vertex 0.092473 -0.844379 7.86235
    endloop
  endfacet
  facet normal 0.997858 -0.0654105 0
    outer loop
      vertex 0.115194 -0.958611 8.03643
      vertex 0.119036 -0.9 7.97757
      vertex 0.119036 -0.9 8.03643
    endloop
  endfacet
  facet normal 0.997858 -0.0654105 0
    outer loop
      vertex 0.119036 -0.9 7.97757
      vertex 0.115194 -0.958611 8.03643
      vertex 0.115194 -0.958611 7.97757
    endloop
  endfacet
  facet normal 0.97243 -0.193421 0.130259
    outer loop
      vertex 0.107577 -0.957607 8.09479
      vertex 0.0963144 -1.01423 8.09479
      vertex 0.103736 -1.01622 8.03643
    endloop
  endfacet
  facet normal 0.906403 0.180299 0.382001
    outer loop
      vertex 0.092473 -0.844379 8.15165
      vertex 0.0598402 -0.795542 8.20603
      vertex 0.0701399 -0.847321 8.20603
    endloop
  endfacet
  facet normal 0.947501 0.188483 0.258296
    outer loop
      vertex 0.0963144 -0.785769 8.09479
      vertex 0.0815983 -0.789712 8.15165
      vertex 0.092473 -0.844379 8.15165
    endloop
  endfacet
  facet normal 0.906407 -0.180292 0.381996
    outer loop
      vertex 0.0701399 -0.952679 8.20603
      vertex 0.0598402 -1.00446 8.20603
      vertex 0.092473 -0.955619 8.15165
    endloop
  endfacet
  facet normal 0.7684 -0.513484 0.381963
    outer loop
      vertex 0.0390291 -1.11306 8.15165
      vertex -0.00980759 -1.14569 8.20603
      vertex 0.00806236 -1.1594 8.15165
    endloop
  endfacet
  facet normal 0.712119 0.351161 -0.607925
    outer loop
      vertex 0.0156794 -0.756814 7.75699
      vertex -0.0174255 -0.770527 7.71029
      vertex -0.00596619 -0.712919 7.75699
    endloop
  endfacet
  facet normal 0.416456 0.278477 -0.865456
    outer loop
      vertex -0.15 -0.761881 7.61949
      vertex -0.113487 -0.774996 7.63284
      vertex -0.15 -0.777389 7.6145
    endloop
  endfacet
  facet normal 0.416411 0.278256 -0.865549
    outer loop
      vertex -0.113487 -0.774996 7.63284
      vertex -0.15 -0.761881 7.61949
      vertex -0.131656 -0.747806 7.63284
    endloop
  endfacet
  facet normal 0.481405 0.720471 -0.499171
    outer loop
      vertex -0.0843077 -0.579808 7.80797
      vertex -0.142919 -0.575966 7.75699
      vertex -0.128203 -0.550478 7.80797
    endloop
  endfacet
  facet normal 0.651463 0.571335 -0.499171
    outer loop
      vertex -0.00980759 -0.654307 7.80797
      vertex -0.0654278 -0.635427 7.75699
      vertex -0.0446167 -0.614616 7.80797
    endloop
  endfacet
  facet normal 0.712109 0.351169 -0.607932
    outer loop
      vertex -0.0174255 -0.770527 7.71029
      vertex -0.0369987 -0.730836 7.71029
      vertex -0.00596619 -0.712919 7.75699
    endloop
  endfacet
  facet normal 0.588548 0.393256 -0.706371
    outer loop
      vertex -0.0369987 -0.730836 7.71029
      vertex -0.0946074 -0.719377 7.66867
      vertex -0.0615864 -0.694038 7.71029
    endloop
  endfacet
  facet normal 0.383321 0.77729 -0.498884
    outer loop
      vertex -0.15 -0.572474 7.75699
      vertex -0.15 -0.565369 7.76806
      vertex -0.142919 -0.575966 7.75699
    endloop
  endfacet
  facet normal 0.989359 0.0648478 -0.130247
    outer loop
      vertex 0.111353 -0.9 7.91921
      vertex 0.107577 -0.842391 7.91921
      vertex 0.119036 -0.9 7.97757
    endloop
  endfacet
  facet normal 0.803251 0.536732 -0.258278
    outer loop
      vertex 0.0522232 -0.679323 7.91921
      vertex 0.00806236 -0.640595 7.86235
      vertex 0.0201483 -0.631321 7.91921
    endloop
  endfacet
  facet normal 0.458565 0.400793 -0.793148
    outer loop
      vertex -0.15 -0.719999 7.63633
      vertex -0.0946074 -0.719377 7.66867
      vertex -0.15 -0.723007 7.63481
    endloop
  endfacet
  facet normal 0.458307 0.401916 -0.792728
    outer loop
      vertex -0.0946074 -0.719377 7.66867
      vertex -0.15 -0.719999 7.63633
      vertex -0.120197 -0.690197 7.66867
    endloop
  endfacet
  facet normal 0.532176 0.46672 -0.706372
    outer loop
      vertex -0.0615864 -0.694038 7.71029
      vertex -0.0946074 -0.719377 7.66867
      vertex -0.090766 -0.660766 7.71029
    endloop
  endfacet
  facet normal 0.555568 0.831471 -0
    outer loop
      vertex -0.0566435 -0.543755 7.97757
      vertex -0.105481 -0.511123 8.03643
      vertex -0.0566435 -0.543755 8.03643
    endloop
  endfacet
  facet normal 0.555568 0.831471 0
    outer loop
      vertex -0.105481 -0.511123 8.03643
      vertex -0.0566435 -0.543755 7.97757
      vertex -0.105481 -0.511123 7.97757
    endloop
  endfacet
  facet normal 0.637027 -0.726291 -0.25826
    outer loop
      vertex -0.0179157 -1.21208 7.91921
      vertex -0.0613203 -1.25015 7.91921
      vertex -0.0286884 -1.20131 7.86235
    endloop
  endfacet
  facet normal 0.536764 -0.803243 -0.258236
    outer loop
      vertex -0.109323 -1.28222 7.91921
      vertex -0.11694 -1.26903 7.86235
      vertex -0.0705948 -1.23806 7.86235
    endloop
  endfacet
  facet normal 0.427284 -0.866432 -0.258311
    outer loop
      vertex -0.15 -1.30228 7.91921
      vertex -0.15 -1.29031 7.87906
      vertex -0.109323 -1.28222 7.91921
    endloop
  endfacet
  facet normal 0.906403 0.180299 -0.382001
    outer loop
      vertex 0.0701399 -0.847321 7.80797
      vertex 0.0598402 -0.795542 7.80797
      vertex 0.092473 -0.844379 7.86235
    endloop
  endfacet
  facet normal 0.706335 -0.0463029 -0.706362
    outer loop
      vertex 0.00543308 -0.94416 7.71029
      vertex -0.0358324 -0.938727 7.66867
      vertex -0.0332937 -0.9 7.66867
    endloop
  endfacet
  facet normal 0.694252 -0.138077 -0.706363
    outer loop
      vertex -0.00319958 -0.987565 7.71029
      vertex -0.0358324 -0.938727 7.66867
      vertex 0.00543308 -0.94416 7.71029
    endloop
  endfacet
  facet normal 0.864649 0.0566644 -0.499171
    outer loop
      vertex 0.0735922 -0.9 7.80797
      vertex 0.0409603 -0.851162 7.75699
      vertex 0.0701399 -0.847321 7.80797
    endloop
  endfacet
  facet normal 0.712095 -0.351171 -0.607946
    outer loop
      vertex -0.00596619 -1.08708 7.75699
      vertex -0.0369987 -1.06916 7.71029
      vertex -0.0174255 -1.02947 7.71029
    endloop
  endfacet
  facet normal 0.660145 -0.441142 -0.607949
    outer loop
      vertex -0.0331573 -1.12777 7.75699
      vertex -0.0369987 -1.06916 7.71029
      vertex -0.00596619 -1.08708 7.75699
    endloop
  endfacet
  facet normal 0.660201 -0.441109 -0.607912
    outer loop
      vertex -0.0331573 -1.12777 7.75699
      vertex -0.0615864 -1.10596 7.71029
      vertex -0.0369987 -1.06916 7.71029
    endloop
  endfacet
  facet normal 0.720448 -0.481421 -0.499187
    outer loop
      vertex 0.0195208 -1.1018 7.80797
      vertex -0.00980759 -1.14569 7.80797
      vertex -0.00596619 -1.08708 7.75699
    endloop
  endfacet
  facet normal 0.651478 -0.571291 -0.499203
    outer loop
      vertex -0.00980759 -1.14569 7.80797
      vertex -0.0654278 -1.16457 7.75699
      vertex -0.0331573 -1.12777 7.75699
    endloop
  endfacet
  facet normal 0.889243 -0.438503 -0.130238
    outer loop
      vertex 0.058877 -1.12452 7.97757
      vertex 0.0522232 -1.12068 7.91921
      vertex 0.0777569 -1.0689 7.91921
    endloop
  endfacet
  facet normal 0.588551 -0.393266 -0.706363
    outer loop
      vertex -0.0369987 -1.06916 7.71029
      vertex -0.0946074 -1.08062 7.66867
      vertex -0.0730448 -1.04835 7.66867
    endloop
  endfacet
  facet normal 0.441092 -0.660178 -0.60795
    outer loop
      vertex -0.102224 -1.19684 7.75699
      vertex -0.142919 -1.22403 7.75699
      vertex -0.124039 -1.16841 7.71029
    endloop
  endfacet
  facet normal 0.571347 -0.65146 -0.499161
    outer loop
      vertex -0.0446167 -1.18538 7.80797
      vertex -0.0843077 -1.22019 7.80797
      vertex -0.0654278 -1.16457 7.75699
    endloop
  endfacet
  facet normal 0.577191 -0.195957 -0.792749
    outer loop
      vertex -0.0558796 -1.01354 7.66867
      vertex -0.0885115 -0.964706 7.63284
      vertex -0.0434036 -0.976792 7.66867
    endloop
  endfacet
  facet normal 0.608237 0.0398533 -0.792754
    outer loop
      vertex -0.0799932 -0.9 7.63284
      vertex -0.0821314 -0.867367 7.63284
      vertex -0.0332937 -0.9 7.66867
    endloop
  endfacet
  facet normal 0.555662 -0.831408 0
    outer loop
      vertex -0.105481 -1.28888 7.97757
      vertex -0.0566435 -1.25624 8.03643
      vertex -0.105481 -1.28888 8.03643
    endloop
  endfacet
  facet normal 0.555662 -0.831408 0
    outer loop
      vertex -0.0566435 -1.25624 8.03643
      vertex -0.105481 -1.28888 7.97757
      vertex -0.0566435 -1.25624 7.97757
    endloop
  endfacet
  facet normal 0.438527 -0.88923 0.130247
    outer loop
      vertex -0.109323 -1.28222 8.09479
      vertex -0.15 -1.30228 8.09479
      vertex -0.15 -1.3094 8.04618
    endloop
  endfacet
  facet normal 0.946928 -0.321446 0
    outer loop
      vertex 0.0848551 -1.07184 8.03643
      vertex 0.103736 -1.01622 7.97757
      vertex 0.103736 -1.01622 8.03643
    endloop
  endfacet
  facet normal 0.946928 -0.321446 0
    outer loop
      vertex 0.103736 -1.01622 7.97757
      vertex 0.0848551 -1.07184 8.03643
      vertex 0.0848551 -1.07184 7.97757
    endloop
  endfacet
  facet normal 0.896878 -0.442278 0
    outer loop
      vertex 0.058877 -1.12452 8.03643
      vertex 0.0848551 -1.07184 7.97757
      vertex 0.0848551 -1.07184 8.03643
    endloop
  endfacet
  facet normal 0.896878 -0.442278 0
    outer loop
      vertex 0.0848551 -1.07184 7.97757
      vertex 0.058877 -1.12452 8.03643
      vertex 0.058877 -1.12452 7.97757
    endloop
  endfacet
  facet normal 0.9148 -0.310525 -0.258291
    outer loop
      vertex 0.0777569 -1.0689 7.91921
      vertex 0.0636816 -1.06307 7.86235
      vertex 0.0963144 -1.01423 7.91921
    endloop
  endfacet
  facet normal 0.972434 -0.19341 -0.130247
    outer loop
      vertex 0.115194 -0.958611 7.97757
      vertex 0.103736 -1.01622 7.97757
      vertex 0.107577 -0.957607 7.91921
    endloop
  endfacet
  facet normal 0.745431 -0.653717 -0.130333
    outer loop
      vertex -0.0124826 -1.21752 7.97757
      vertex -0.0179157 -1.21208 7.91921
      vertex 0.0262442 -1.17336 7.97757
    endloop
  endfacet
  facet normal 0.745404 -0.653757 -0.130286
    outer loop
      vertex 0.0262442 -1.17336 7.97757
      vertex -0.0179157 -1.21208 7.91921
      vertex 0.0201483 -1.16868 7.91921
    endloop
  endfacet
  facet normal 0.824396 -0.550826 -0.130235
    outer loop
      vertex 0.058877 -1.12452 7.97757
      vertex 0.0262442 -1.17336 7.97757
      vertex 0.0522232 -1.12068 7.91921
    endloop
  endfacet
  facet normal 0.824364 -0.550863 -0.130282
    outer loop
      vertex 0.0262442 -1.17336 7.97757
      vertex 0.0201483 -1.16868 7.91921
      vertex 0.0522232 -1.12068 7.91921
    endloop
  endfacet
  facet normal 0.653771 -0.745382 -0.130344
    outer loop
      vertex -0.0124826 -1.21752 7.97757
      vertex -0.0613203 -1.25015 7.91921
      vertex -0.0179157 -1.21208 7.91921
    endloop
  endfacet
  facet normal 0.653658 -0.74551 -0.130178
    outer loop
      vertex -0.0566435 -1.25624 7.97757
      vertex -0.0613203 -1.25015 7.91921
      vertex -0.0124826 -1.21752 7.97757
    endloop
  endfacet
  facet normal 0.383259 -0.777107 0.499217
    outer loop
      vertex -0.128203 -1.24952 8.20603
      vertex -0.15 -1.24809 8.22499
      vertex -0.15 -1.26027 8.20603
    endloop
  endfacet
  facet normal 0.408703 -0.82894 0.381864
    outer loop
      vertex -0.11694 -1.26903 8.15165
      vertex -0.15 -1.27438 8.17542
      vertex -0.15 -1.28533 8.15165
    endloop
  endfacet
  facet normal 0.4088 -0.828818 0.382026
    outer loop
      vertex -0.15 -1.27438 8.17542
      vertex -0.11694 -1.26903 8.15165
      vertex -0.128203 -1.24952 8.20603
    endloop
  endfacet
  facet normal 0.408703 -0.82894 -0.381864
    outer loop
      vertex -0.15 -1.27438 7.83858
      vertex -0.11694 -1.26903 7.86235
      vertex -0.15 -1.28533 7.86235
    endloop
  endfacet
  facet normal 0.4088 -0.828818 -0.382026
    outer loop
      vertex -0.11694 -1.26903 7.86235
      vertex -0.15 -1.27438 7.83858
      vertex -0.128203 -1.24952 7.80797
    endloop
  endfacet
  facet normal 0.438516 0.889237 0.130235
    outer loop
      vertex -0.105481 -0.511123 8.03643
      vertex -0.15 -0.489169 8.03643
      vertex -0.15 -0.49601 8.08314
    endloop
  endfacet
  facet normal 0.442283 0.896875 -0
    outer loop
      vertex -0.105481 -0.511123 7.97757
      vertex -0.15 -0.489169 8.03643
      vertex -0.105481 -0.511123 8.03643
    endloop
  endfacet
  facet normal 0.442283 0.896875 0
    outer loop
      vertex -0.15 -0.489169 8.03643
      vertex -0.105481 -0.511123 7.97757
      vertex -0.15 -0.489169 7.97757
    endloop
  endfacet
  facet normal 0.726333 0.636965 0.258294
    outer loop
      vertex -0.0179157 -0.587915 8.09479
      vertex -0.0286884 -0.598688 8.15165
      vertex 0.00806236 -0.640595 8.15165
    endloop
  endfacet
  facet normal 0.751851 0.659333 0
    outer loop
      vertex 0.0262442 -0.626643 8.03643
      vertex -0.0124826 -0.582482 7.97757
      vertex -0.0124826 -0.582482 8.03643
    endloop
  endfacet
  facet normal 0.751851 0.659333 0
    outer loop
      vertex -0.0124826 -0.582482 7.97757
      vertex 0.0262442 -0.626643 8.03643
      vertex 0.0262442 -0.626643 7.97757
    endloop
  endfacet
  facet normal 0.383321 0.77729 0.498884
    outer loop
      vertex -0.142919 -0.575966 8.25701
      vertex -0.15 -0.565369 8.24594
      vertex -0.15 -0.572474 8.25701
    endloop
  endfacet
  facet normal 0.351378 0.711872 0.608088
    outer loop
      vertex -0.142919 -0.575966 8.25701
      vertex -0.15 -0.577374 8.26275
      vertex -0.15 -0.588231 8.27546
    endloop
  endfacet
  facet normal 0.550836 0.824389 0.130243
    outer loop
      vertex -0.105481 -0.511123 8.03643
      vertex -0.109323 -0.517776 8.09479
      vertex -0.0566435 -0.543755 8.03643
    endloop
  endfacet
  facet normal 0.416411 0.278256 0.865549
    outer loop
      vertex -0.15 -0.761881 8.39451
      vertex -0.113487 -0.774996 8.38116
      vertex -0.131656 -0.747806 8.38116
    endloop
  endfacet
  facet normal 0.416456 0.278477 0.865456
    outer loop
      vertex -0.113487 -0.774996 8.38116
      vertex -0.15 -0.761881 8.39451
      vertex -0.15 -0.777389 8.3995
    endloop
  endfacet
  facet normal 0.50682 0.338654 0.792747
    outer loop
      vertex -0.0946074 -0.719377 8.34533
      vertex -0.113487 -0.774996 8.38116
      vertex -0.0730448 -0.751647 8.34533
    endloop
  endfacet
  facet normal 0.449126 0.2215 0.865577
    outer loop
      vertex -0.15 -0.796076 8.4055
      vertex -0.14612 -0.823834 8.41059
      vertex -0.113487 -0.774996 8.38116
    endloop
  endfacet
  facet normal 0.449107 0.221499 0.865587
    outer loop
      vertex -0.14612 -0.823834 8.41059
      vertex -0.15 -0.796076 8.4055
      vertex -0.15 -0.815967 8.41059
    endloop
  endfacet
  facet normal 0.634848 0.313069 0.706368
    outer loop
      vertex -0.0174255 -0.770527 8.30371
      vertex -0.0730448 -0.751647 8.34533
      vertex -0.0558796 -0.786455 8.34533
    endloop
  endfacet
  facet normal 0.609337 -0.694834 0.381987
    outer loop
      vertex -0.0286884 -1.20131 8.15165
      vertex -0.0843077 -1.22019 8.20603
      vertex -0.0705948 -1.23806 8.15165
    endloop
  endfacet
  facet normal 0.65146 -0.571346 0.499163
    outer loop
      vertex -0.00980759 -1.14569 8.20603
      vertex -0.0654278 -1.16457 8.25701
      vertex -0.0446167 -1.18538 8.20603
    endloop
  endfacet
  facet normal 0.803223 -0.536754 0.258316
    outer loop
      vertex 0.0390291 -1.11306 8.15165
      vertex 0.00806236 -1.1594 8.15165
      vertex 0.0522232 -1.12068 8.09479
    endloop
  endfacet
  facet normal 0.720448 -0.481421 0.499187
    outer loop
      vertex -0.00596619 -1.08708 8.25701
      vertex -0.00980759 -1.14569 8.20603
      vertex 0.0195208 -1.1018 8.20603
    endloop
  endfacet
  facet normal 0.778742 -0.154913 0.607916
    outer loop
      vertex 0.0409603 -0.948837 8.25701
      vertex -0.00319958 -0.987565 8.30371
      vertex 0.0314112 -0.99684 8.25701
    endloop
  endfacet
  facet normal 0.712095 -0.351171 0.607946
    outer loop
      vertex -0.0174255 -1.02947 8.30371
      vertex -0.0369987 -1.06916 8.30371
      vertex -0.00596619 -1.08708 8.25701
    endloop
  endfacet
  facet normal 0.416481 -0.278441 0.865456
    outer loop
      vertex -0.15 -1.03812 8.39451
      vertex -0.113487 -1.025 8.38116
      vertex -0.15 -1.02261 8.3995
    endloop
  endfacet
  facet normal 0.416448 -0.278281 0.865523
    outer loop
      vertex -0.113487 -1.025 8.38116
      vertex -0.15 -1.03812 8.39451
      vertex -0.131656 -1.05219 8.38116
    endloop
  endfacet
  facet normal 0.79229 0.0519211 0.607931
    outer loop
      vertex 0.0409603 -0.851162 8.25701
      vertex 0.00832748 -0.9 8.30371
      vertex 0.0441608 -0.9 8.25701
    endloop
  endfacet
  facet normal 0.458759 -0.40227 0.792287
    outer loop
      vertex -0.15 -1.07699 8.37919
      vertex -0.131656 -1.05219 8.38116
      vertex -0.15 -1.07311 8.38116
    endloop
  endfacet
  facet normal 0.45825 -0.40193 0.792754
    outer loop
      vertex -0.131656 -1.05219 8.38116
      vertex -0.15 -1.07699 8.37919
      vertex -0.0946074 -1.08062 8.34533
    endloop
  endfacet
  facet normal 0.751871 -0.255195 0.607918
    outer loop
      vertex 0.0314112 -0.99684 8.25701
      vertex -0.00319958 -0.987565 8.30371
      vertex 0.0156794 -1.04319 8.25701
    endloop
  endfacet
  facet normal 0.963999 0.0631736 0.258293
    outer loop
      vertex 0.111353 -0.9 8.09479
      vertex 0.092473 -0.844379 8.15165
      vertex 0.096118 -0.9 8.15165
    endloop
  endfacet
  facet normal 0.670277 0.227535 0.706369
    outer loop
      vertex -0.0174255 -0.770527 8.30371
      vertex -0.0434036 -0.823207 8.34533
      vertex -0.00319958 -0.812434 8.30371
    endloop
  endfacet
  facet normal 0.660176 0.441119 0.607932
    outer loop
      vertex -0.0331573 -0.672225 8.25701
      vertex -0.0369987 -0.730836 8.30371
      vertex -0.00596619 -0.712919 8.25701
    endloop
  endfacet
  facet normal 0.712109 0.351169 0.607932
    outer loop
      vertex -0.00596619 -0.712919 8.25701
      vertex -0.0369987 -0.730836 8.30371
      vertex -0.0174255 -0.770527 8.30371
    endloop
  endfacet
  facet normal 0.546691 0.269595 0.792747
    outer loop
      vertex -0.0730448 -0.751647 8.34533
      vertex -0.113487 -0.774996 8.38116
      vertex -0.0558796 -0.786455 8.34533
    endloop
  endfacet
  facet normal 0.458246 0.401943 0.79275
    outer loop
      vertex -0.15 -0.723007 8.37919
      vertex -0.131656 -0.747806 8.38116
      vertex -0.0946074 -0.719377 8.34533
    endloop
  endfacet
  facet normal 0.45865 0.402213 0.792379
    outer loop
      vertex -0.131656 -0.747806 8.38116
      vertex -0.15 -0.723007 8.37919
      vertex -0.15 -0.726888 8.38116
    endloop
  endfacet
  facet normal 0.864648 0.056663 0.499172
    outer loop
      vertex 0.0735922 -0.9 8.20603
      vertex 0.0409603 -0.851162 8.25701
      vertex 0.0441608 -0.9 8.25701
    endloop
  endfacet
  facet normal 0.914797 0.310531 0.258295
    outer loop
      vertex 0.0963144 -0.785769 8.09479
      vertex 0.0636816 -0.736931 8.15165
      vertex 0.0815983 -0.789712 8.15165
    endloop
  endfacet
  facet normal 0.824384 0.550841 0.130254
    outer loop
      vertex 0.058877 -0.675481 8.03643
      vertex 0.0262442 -0.626643 8.03643
      vertex 0.0522232 -0.679323 8.09479
    endloop
  endfacet
  facet normal 0.889238 0.43851 -0.130247
    outer loop
      vertex 0.0777569 -0.731101 7.91921
      vertex 0.058877 -0.675481 7.97757
      vertex 0.0848551 -0.728161 7.97757
    endloop
  endfacet
  facet normal 0.946926 0.321452 0
    outer loop
      vertex 0.103736 -0.78378 8.03643
      vertex 0.0848551 -0.728161 7.97757
      vertex 0.0848551 -0.728161 8.03643
    endloop
  endfacet
  facet normal 0.946926 0.321452 0
    outer loop
      vertex 0.0848551 -0.728161 7.97757
      vertex 0.103736 -0.78378 8.03643
      vertex 0.103736 -0.78378 7.97757
    endloop
  endfacet
  facet normal 0.938862 0.318704 0.130256
    outer loop
      vertex 0.103736 -0.78378 8.03643
      vertex 0.0777569 -0.731101 8.09479
      vertex 0.0963144 -0.785769 8.09479
    endloop
  endfacet
  facet normal 0.694835 0.609342 -0.381978
    outer loop
      vertex -0.00980759 -0.654307 7.80797
      vertex -0.0286884 -0.598688 7.86235
      vertex 0.00806236 -0.640595 7.86235
    endloop
  endfacet
  facet normal 0.65372 0.745445 0.13024
    outer loop
      vertex -0.0566435 -0.543755 8.03643
      vertex -0.0613203 -0.54985 8.09479
      vertex -0.0124826 -0.582482 8.03643
    endloop
  endfacet
  facet normal 0.745451 0.653708 0.130265
    outer loop
      vertex 0.0262442 -0.626643 8.03643
      vertex -0.0179157 -0.587915 8.09479
      vertex 0.0201483 -0.631321 8.09479
    endloop
  endfacet
  facet normal 0.401958 -0.458288 0.792718
    outer loop
      vertex -0.15 -1.12589 8.35114
      vertex -0.120197 -1.1098 8.34533
      vertex -0.15 -1.08 8.37767
    endloop
  endfacet
  facet normal 0.402 -0.458396 0.792635
    outer loop
      vertex -0.120197 -1.1098 8.34533
      vertex -0.15 -1.12589 8.35114
      vertex -0.149377 -1.13539 8.34533
    endloop
  endfacet
  facet normal 0.849854 0.16905 -0.49917
    outer loop
      vertex 0.0701399 -0.847321 7.80797
      vertex 0.0409603 -0.851162 7.75699
      vertex 0.0598402 -0.795542 7.80797
    endloop
  endfacet
  facet normal 0.491165 -0.0976985 -0.865571
    outer loop
      vertex -0.0885115 -0.964706 7.63284
      vertex -0.132672 -0.925978 7.60341
      vertex -0.0821314 -0.932631 7.63284
    endloop
  endfacet
  facet normal 0.751856 0.255228 -0.607924
    outer loop
      vertex -0.00319958 -0.812434 7.71029
      vertex -0.0174255 -0.770527 7.71029
      vertex 0.0156794 -0.756814 7.75699
    endloop
  endfacet
  facet normal 0.694245 0.138087 -0.706368
    outer loop
      vertex -0.0358324 -0.861272 7.66867
      vertex -0.0434036 -0.823207 7.66867
      vertex -0.00319958 -0.812434 7.71029
    endloop
  endfacet
  facet normal 0.792286 0.051928 -0.607936
    outer loop
      vertex 0.00832748 -0.9 7.71029
      vertex 0.00543308 -0.855839 7.71029
      vertex 0.0409603 -0.851162 7.75699
    endloop
  endfacet
  facet normal 0.778743 0.154916 -0.607914
    outer loop
      vertex 0.0409603 -0.851162 7.75699
      vertex -0.00319958 -0.812434 7.71029
      vertex 0.0314112 -0.80316 7.75699
    endloop
  endfacet
  facet normal 0.54668 -0.269606 -0.792751
    outer loop
      vertex -0.0730448 -1.04835 7.66867
      vertex -0.113487 -1.025 7.63284
      vertex -0.0990238 -0.995673 7.63284
    endloop
  endfacet
  facet normal 0.634848 -0.313076 -0.706365
    outer loop
      vertex -0.0369987 -1.06916 7.71029
      vertex -0.0730448 -1.04835 7.66867
      vertex -0.0174255 -1.02947 7.71029
    endloop
  endfacet
  facet normal 0.597838 -0.118911 -0.792748
    outer loop
      vertex -0.0434036 -0.976792 7.66867
      vertex -0.0821314 -0.932631 7.63284
      vertex -0.0358324 -0.938727 7.66867
    endloop
  endfacet
  facet normal 0.546705 -0.269587 -0.79274
    outer loop
      vertex -0.0730448 -1.04835 7.66867
      vertex -0.0990238 -0.995673 7.63284
      vertex -0.0558796 -1.01354 7.66867
    endloop
  endfacet
  facet normal 0.416558 0.277921 -0.865586
    outer loop
      vertex -0.15 -0.796076 7.6085
      vertex -0.15 -0.777389 7.6145
      vertex -0.113487 -0.774996 7.63284
    endloop
  endfacet
  facet normal 0.866441 0.427276 -0.258292
    outer loop
      vertex 0.0636816 -0.736931 7.86235
      vertex 0.0390291 -0.68694 7.86235
      vertex 0.0522232 -0.679323 7.91921
    endloop
  endfacet
  facet normal 0.87512 0.297063 -0.381994
    outer loop
      vertex 0.0815983 -0.789712 7.86235
      vertex 0.0598402 -0.795542 7.80797
      vertex 0.0636816 -0.736931 7.86235
    endloop
  endfacet
  facet normal 0.989359 -0.0648533 0.130244
    outer loop
      vertex 0.119036 -0.9 8.03643
      vertex 0.107577 -0.957607 8.09479
      vertex 0.115194 -0.958611 8.03643
    endloop
  endfacet
  facet normal 0.87512 0.297063 0.381994
    outer loop
      vertex 0.0636816 -0.736931 8.15165
      vertex 0.0598402 -0.795542 8.20603
      vertex 0.0815983 -0.789712 8.15165
    endloop
  endfacet
  facet normal 0.849854 0.16905 0.49917
    outer loop
      vertex 0.0598402 -0.795542 8.20603
      vertex 0.0409603 -0.851162 8.25701
      vertex 0.0701399 -0.847321 8.20603
    endloop
  endfacet
  facet normal 0.906405 0.180308 0.381994
    outer loop
      vertex 0.0815983 -0.789712 8.15165
      vertex 0.0598402 -0.795542 8.20603
      vertex 0.092473 -0.844379 8.15165
    endloop
  endfacet
  facet normal 0.922186 -0.0604356 0.381996
    outer loop
      vertex 0.096118 -0.9 8.15165
      vertex 0.0735922 -0.9 8.20603
      vertex 0.092473 -0.955619 8.15165
    endloop
  endfacet
  facet normal 0.523514 0.596943 -0.607941
    outer loop
      vertex -0.090766 -0.660766 7.71029
      vertex -0.102224 -0.603157 7.75699
      vertex -0.0654278 -0.635427 7.75699
    endloop
  endfacet
  facet normal 0.506807 0.338661 -0.792752
    outer loop
      vertex -0.113487 -0.774996 7.63284
      vertex -0.131656 -0.747806 7.63284
      vertex -0.0946074 -0.719377 7.66867
    endloop
  endfacet
  facet normal 0.523512 0.596943 -0.607942
    outer loop
      vertex -0.090766 -0.660766 7.71029
      vertex -0.124039 -0.631586 7.71029
      vertex -0.102224 -0.603157 7.75699
    endloop
  endfacet
  facet normal 0.65147 0.571315 -0.499185
    outer loop
      vertex -0.0331573 -0.672225 7.75699
      vertex -0.0654278 -0.635427 7.75699
      vertex -0.00980759 -0.654307 7.80797
    endloop
  endfacet
  facet normal 0.609343 0.694824 -0.381996
    outer loop
      vertex -0.0446167 -0.614616 7.80797
      vertex -0.0843077 -0.579808 7.80797
      vertex -0.0286884 -0.598688 7.86235
    endloop
  endfacet
  facet normal 0.694814 0.609354 -0.381997
    outer loop
      vertex -0.00980759 -0.654307 7.80797
      vertex -0.0446167 -0.614616 7.80797
      vertex -0.0286884 -0.598688 7.86235
    endloop
  endfacet
  facet normal 0.720491 0.481384 -0.499161
    outer loop
      vertex -0.00596619 -0.712919 7.75699
      vertex -0.00980759 -0.654307 7.80797
      vertex 0.0195208 -0.698203 7.80797
    endloop
  endfacet
  facet normal 0.777148 0.383251 -0.499158
    outer loop
      vertex 0.0428705 -0.745551 7.80797
      vertex -0.00596619 -0.712919 7.75699
      vertex 0.0195208 -0.698203 7.80797
    endloop
  endfacet
  facet normal 0.383223 0.777105 -0.499248
    outer loop
      vertex -0.128203 -0.550478 7.80797
      vertex -0.15 -0.565369 7.76806
      vertex -0.15 -0.539729 7.80797
    endloop
  endfacet
  facet normal 0.382921 0.77731 -0.499159
    outer loop
      vertex -0.15 -0.565369 7.76806
      vertex -0.128203 -0.550478 7.80797
      vertex -0.142919 -0.575966 7.75699
    endloop
  endfacet
  facet normal 0.441107 0.660176 -0.607942
    outer loop
      vertex -0.124039 -0.631586 7.71029
      vertex -0.142919 -0.575966 7.75699
      vertex -0.102224 -0.603157 7.75699
    endloop
  endfacet
  facet normal 0.481399 0.720479 -0.499164
    outer loop
      vertex -0.102224 -0.603157 7.75699
      vertex -0.142919 -0.575966 7.75699
      vertex -0.0843077 -0.579808 7.80797
    endloop
  endfacet
  facet normal 0.393189 0.588468 -0.706476
    outer loop
      vertex -0.15 -0.63675 7.69154
      vertex -0.15 -0.61424 7.71029
      vertex -0.124039 -0.631586 7.71029
    endloop
  endfacet
  facet normal 0.351378 0.711872 -0.608088
    outer loop
      vertex -0.15 -0.588231 7.73854
      vertex -0.15 -0.577374 7.75125
      vertex -0.142919 -0.575966 7.75699
    endloop
  endfacet
  facet normal 0.726347 0.636955 -0.258278
    outer loop
      vertex 0.00806236 -0.640595 7.86235
      vertex -0.0179157 -0.587915 7.91921
      vertex 0.0201483 -0.631321 7.91921
    endloop
  endfacet
  facet normal 0.609344 0.694822 -0.381998
    outer loop
      vertex -0.0286884 -0.598688 7.86235
      vertex -0.0843077 -0.579808 7.80797
      vertex -0.0705948 -0.561937 7.86235
    endloop
  endfacet
  facet normal 0.45865 0.402213 -0.792379
    outer loop
      vertex -0.15 -0.723007 7.63481
      vertex -0.131656 -0.747806 7.63284
      vertex -0.15 -0.726888 7.63284
    endloop
  endfacet
  facet normal 0.458246 0.401943 -0.79275
    outer loop
      vertex -0.131656 -0.747806 7.63284
      vertex -0.15 -0.723007 7.63481
      vertex -0.0946074 -0.719377 7.66867
    endloop
  endfacet
  facet normal 0.401932 0.458293 -0.792728
    outer loop
      vertex -0.15 -0.674109 7.66286
      vertex -0.120197 -0.690197 7.66867
      vertex -0.15 -0.719999 7.63633
    endloop
  endfacet
  facet normal 0.401949 0.458339 -0.792693
    outer loop
      vertex -0.120197 -0.690197 7.66867
      vertex -0.15 -0.674109 7.66286
      vertex -0.149377 -0.664607 7.66867
    endloop
  endfacet
  facet normal 0.393089 0.588688 -0.706348
    outer loop
      vertex -0.15 -0.63675 7.69154
      vertex -0.149377 -0.664607 7.66867
      vertex -0.15 -0.664191 7.66867
    endloop
  endfacet
  facet normal 0.393059 0.588696 -0.706358
    outer loop
      vertex -0.149377 -0.664607 7.66867
      vertex -0.15 -0.63675 7.69154
      vertex -0.124039 -0.631586 7.71029
    endloop
  endfacet
  facet normal 0.337066 0.504788 -0.794718
    outer loop
      vertex -0.15 -0.665419 7.66789
      vertex -0.15 -0.664191 7.66867
      vertex -0.149377 -0.664607 7.66867
    endloop
  endfacet
  facet normal 0.408735 0.828851 -0.382023
    outer loop
      vertex -0.15 -0.528803 7.83168
      vertex -0.15 -0.514667 7.86235
      vertex -0.11694 -0.53097 7.86235
    endloop
  endfacet
  facet normal 0.513439 0.768413 0.381998
    outer loop
      vertex -0.0705948 -0.561937 8.15165
      vertex -0.11694 -0.53097 8.15165
      vertex -0.0843077 -0.579808 8.20603
    endloop
  endfacet
  facet normal 0.726347 0.636955 0.258278
    outer loop
      vertex 0.0201483 -0.631321 8.09479
      vertex -0.0179157 -0.587915 8.09479
      vertex 0.00806236 -0.640595 8.15165
    endloop
  endfacet
  facet normal 0.922185 0.0604351 -0.381998
    outer loop
      vertex 0.0735922 -0.9 7.80797
      vertex 0.0701399 -0.847321 7.80797
      vertex 0.092473 -0.844379 7.86235
    endloop
  endfacet
  facet normal 0.922186 -0.0604356 -0.381996
    outer loop
      vertex 0.092473 -0.955619 7.86235
      vertex 0.0735922 -0.9 7.80797
      vertex 0.096118 -0.9 7.86235
    endloop
  endfacet
  facet normal 0.875117 -0.297069 -0.381995
    outer loop
      vertex 0.0636816 -1.06307 7.86235
      vertex 0.0428705 -1.05445 7.80797
      vertex 0.0598402 -1.00446 7.80797
    endloop
  endfacet
  facet normal 0.914799 -0.310538 -0.25828
    outer loop
      vertex 0.0963144 -1.01423 7.91921
      vertex 0.0636816 -1.06307 7.86235
      vertex 0.0815983 -1.01029 7.86235
    endloop
  endfacet
  facet normal 0.777141 -0.383269 -0.499155
    outer loop
      vertex 0.0428705 -1.05445 7.80797
      vertex -0.00596619 -1.08708 7.75699
      vertex 0.0156794 -1.04319 7.75699
    endloop
  endfacet
  facet normal 0.712081 -0.351183 -0.607957
    outer loop
      vertex -0.00596619 -1.08708 7.75699
      vertex -0.0174255 -1.02947 7.71029
      vertex 0.0156794 -1.04319 7.75699
    endloop
  endfacet
  facet normal 0.506811 -0.338648 -0.792755
    outer loop
      vertex -0.0946074 -1.08062 7.66867
      vertex -0.131656 -1.05219 7.63284
      vertex -0.0730448 -1.04835 7.66867
    endloop
  endfacet
  facet normal 0.532159 -0.466732 -0.706377
    outer loop
      vertex -0.090766 -1.13923 7.71029
      vertex -0.0946074 -1.08062 7.66867
      vertex -0.0615864 -1.10596 7.71029
    endloop
  endfacet
  facet normal 0.768404 -0.513467 -0.381977
    outer loop
      vertex 0.0390291 -1.11306 7.86235
      vertex -0.00980759 -1.14569 7.80797
      vertex 0.0195208 -1.1018 7.80797
    endloop
  endfacet
  facet normal 0.720434 -0.48143 -0.499199
    outer loop
      vertex -0.00980759 -1.14569 7.80797
      vertex -0.0331573 -1.12777 7.75699
      vertex -0.00596619 -1.08708 7.75699
    endloop
  endfacet
  facet normal 0.571331 -0.651466 -0.499173
    outer loop
      vertex -0.0843077 -1.22019 7.80797
      vertex -0.102224 -1.19684 7.75699
      vertex -0.0654278 -1.16457 7.75699
    endloop
  endfacet
  facet normal 0.609337 -0.694834 -0.381987
    outer loop
      vertex -0.0705948 -1.23806 7.86235
      vertex -0.0843077 -1.22019 7.80797
      vertex -0.0286884 -1.20131 7.86235
    endloop
  endfacet
  facet normal 0.609357 -0.6948 -0.382019
    outer loop
      vertex -0.0286884 -1.20131 7.86235
      vertex -0.0843077 -1.22019 7.80797
      vertex -0.0446167 -1.18538 7.80797
    endloop
  endfacet
  facet normal 0.466723 -0.532189 -0.70636
    outer loop
      vertex -0.124039 -1.16841 7.71029
      vertex -0.149377 -1.13539 7.66867
      vertex -0.090766 -1.13923 7.71029
    endloop
  endfacet
  facet normal 0.396401 -0.587995 -0.705073
    outer loop
      vertex -0.15 -1.13852 7.67093
      vertex -0.15 -1.13581 7.66867
      vertex -0.149377 -1.13539 7.66867
    endloop
  endfacet
  facet normal 0.396771 -0.459838 -0.794432
    outer loop
      vertex -0.15 -1.13458 7.66789
      vertex -0.15 -1.12589 7.66286
      vertex -0.149377 -1.13539 7.66867
    endloop
  endfacet
  facet normal 0.427216 -0.866488 -0.258235
    outer loop
      vertex -0.11694 -1.26903 7.86235
      vertex -0.15 -1.29031 7.87906
      vertex -0.15 -1.28533 7.86235
    endloop
  endfacet
  facet normal 0.427217 -0.866488 -0.258232
    outer loop
      vertex -0.15 -1.29031 7.87906
      vertex -0.11694 -1.26903 7.86235
      vertex -0.109323 -1.28222 7.91921
    endloop
  endfacet
  facet normal 0.383047 -0.777179 -0.499268
    outer loop
      vertex -0.142919 -1.22403 7.75699
      vertex -0.15 -1.24809 7.78901
      vertex -0.15 -1.22752 7.75699
    endloop
  endfacet
  facet normal 0.383236 -0.777134 -0.499193
    outer loop
      vertex -0.15 -1.24809 7.78901
      vertex -0.142919 -1.22403 7.75699
      vertex -0.128203 -1.24952 7.80797
    endloop
  endfacet
  facet normal 0.474208 -0.160978 -0.865571
    outer loop
      vertex -0.0990238 -0.995673 7.63284
      vertex -0.14612 -0.976165 7.60341
      vertex -0.0885115 -0.964706 7.63284
    endloop
  endfacet
  facet normal 0.363206 -0.122101 -0.923673
    outer loop
      vertex -0.15 -0.952315 7.5987
      vertex -0.15 -0.94823 7.59816
      vertex -0.137752 -0.951512 7.60341
    endloop
  endfacet
  facet normal 0.694862 -0.609322 0.38196
    outer loop
      vertex -0.00980759 -1.14569 8.20603
      vertex -0.0286884 -1.20131 8.15165
      vertex 0.00806236 -1.1594 8.15165
    endloop
  endfacet
  facet normal 0.803229 -0.536739 0.258331
    outer loop
      vertex 0.0522232 -1.12068 8.09479
      vertex 0.00806236 -1.1594 8.15165
      vertex 0.0201483 -1.16868 8.09479
    endloop
  endfacet
  facet normal 0.653658 -0.74551 0.130178
    outer loop
      vertex -0.0124826 -1.21752 8.03643
      vertex -0.0613203 -1.25015 8.09479
      vertex -0.0566435 -1.25624 8.03643
    endloop
  endfacet
  facet normal 0.438441 -0.889246 0.130423
    outer loop
      vertex -0.105481 -1.28888 8.03643
      vertex -0.15 -1.3094 8.04618
      vertex -0.15 -1.31083 8.03643
    endloop
  endfacet
  facet normal 0.438432 -0.889263 0.130345
    outer loop
      vertex -0.15 -1.3094 8.04618
      vertex -0.105481 -1.28888 8.03643
      vertex -0.109323 -1.28222 8.09479
    endloop
  endfacet
  facet normal 0.513442 -0.768417 0.381986
    outer loop
      vertex -0.0843077 -1.22019 8.20603
      vertex -0.128203 -1.24952 8.20603
      vertex -0.0705948 -1.23806 8.15165
    endloop
  endfacet
  facet normal 0.481398 -0.720461 0.499192
    outer loop
      vertex -0.0843077 -1.22019 8.20603
      vertex -0.142919 -1.22403 8.25701
      vertex -0.128203 -1.24952 8.20603
    endloop
  endfacet
  facet normal 0.408764 -0.828822 0.382054
    outer loop
      vertex -0.128203 -1.24952 8.20603
      vertex -0.15 -1.26027 8.20603
      vertex -0.15 -1.27438 8.17542
    endloop
  endfacet
  facet normal 0.382921 0.77731 0.499159
    outer loop
      vertex -0.128203 -0.550478 8.20603
      vertex -0.15 -0.565369 8.24594
      vertex -0.142919 -0.575966 8.25701
    endloop
  endfacet
  facet normal 0.383223 0.777105 0.499248
    outer loop
      vertex -0.15 -0.565369 8.24594
      vertex -0.128203 -0.550478 8.20603
      vertex -0.15 -0.539729 8.20603
    endloop
  endfacet
  facet normal 0.363221 0.123289 -0.92351
    outer loop
      vertex -0.15 -0.847684 7.5987
      vertex -0.14612 -0.823834 7.60341
      vertex -0.137752 -0.848487 7.60341
    endloop
  endfacet
  facet normal 0.363096 0.123318 -0.923555
    outer loop
      vertex -0.14612 -0.823834 7.60341
      vertex -0.15 -0.847684 7.5987
      vertex -0.15 -0.825441 7.60167
    endloop
  endfacet
  facet normal 0.363206 0.122101 -0.923673
    outer loop
      vertex -0.15 -0.851769 7.59816
      vertex -0.15 -0.847684 7.5987
      vertex -0.137752 -0.848487 7.60341
    endloop
  endfacet
  facet normal 0.550834 0.824391 0.13024
    outer loop
      vertex -0.0566435 -0.543755 8.03643
      vertex -0.109323 -0.517776 8.09479
      vertex -0.0613203 -0.54985 8.09479
    endloop
  endfacet
  facet normal 0.659336 0.751849 -0
    outer loop
      vertex -0.0124826 -0.582482 7.97757
      vertex -0.0566435 -0.543755 8.03643
      vertex -0.0124826 -0.582482 8.03643
    endloop
  endfacet
  facet normal 0.659336 0.751849 0
    outer loop
      vertex -0.0566435 -0.543755 8.03643
      vertex -0.0124826 -0.582482 7.97757
      vertex -0.0566435 -0.543755 7.97757
    endloop
  endfacet
  facet normal 0.828854 0.40875 0.382002
    outer loop
      vertex 0.0390291 -0.68694 8.15165
      vertex 0.0195208 -0.698203 8.20603
      vertex 0.0428705 -0.745551 8.20603
    endloop
  endfacet
  facet normal 0.803256 0.536718 0.258291
    outer loop
      vertex 0.0522232 -0.679323 8.09479
      vertex 0.00806236 -0.640595 8.15165
      vertex 0.0390291 -0.68694 8.15165
    endloop
  endfacet
  facet normal 0.408735 0.828851 0.382023
    outer loop
      vertex -0.11694 -0.53097 8.15165
      vertex -0.15 -0.514667 8.15165
      vertex -0.15 -0.528803 8.18232
    endloop
  endfacet
  facet normal 0.588548 0.393256 0.706371
    outer loop
      vertex -0.0615864 -0.694038 8.30371
      vertex -0.0946074 -0.719377 8.34533
      vertex -0.0369987 -0.730836 8.30371
    endloop
  endfacet
  facet normal 0.660178 0.441118 0.607931
    outer loop
      vertex -0.0331573 -0.672225 8.25701
      vertex -0.0615864 -0.694038 8.30371
      vertex -0.0369987 -0.730836 8.30371
    endloop
  endfacet
  facet normal 0.481399 0.720479 0.499164
    outer loop
      vertex -0.0843077 -0.579808 8.20603
      vertex -0.142919 -0.575966 8.25701
      vertex -0.102224 -0.603157 8.25701
    endloop
  endfacet
  facet normal 0.393059 0.588696 0.706358
    outer loop
      vertex -0.15 -0.63675 8.32246
      vertex -0.149377 -0.664607 8.34533
      vertex -0.124039 -0.631586 8.30371
    endloop
  endfacet
  facet normal 0.393089 0.588688 0.706348
    outer loop
      vertex -0.149377 -0.664607 8.34533
      vertex -0.15 -0.63675 8.32246
      vertex -0.15 -0.664191 8.34533
    endloop
  endfacet
  facet normal 0.466716 0.532191 0.706363
    outer loop
      vertex -0.090766 -0.660766 8.30371
      vertex -0.149377 -0.664607 8.34533
      vertex -0.120197 -0.690197 8.34533
    endloop
  endfacet
  facet normal 0.466719 0.532184 0.706366
    outer loop
      vertex -0.124039 -0.631586 8.30371
      vertex -0.149377 -0.664607 8.34533
      vertex -0.090766 -0.660766 8.30371
    endloop
  endfacet
  facet normal 0.474206 0.16096 0.865575
    outer loop
      vertex -0.0885115 -0.835293 8.38116
      vertex -0.14612 -0.823834 8.41059
      vertex -0.137752 -0.848487 8.41059
    endloop
  endfacet
  facet normal 0.343918 0.16962 0.923553
    outer loop
      vertex -0.14612 -0.823834 8.41059
      vertex -0.15 -0.815967 8.41059
      vertex -0.15 -0.825441 8.41233
    endloop
  endfacet
  facet normal 0.523509 -0.59694 0.607949
    outer loop
      vertex -0.090766 -1.13923 8.30371
      vertex -0.124039 -1.16841 8.30371
      vertex -0.0654278 -1.16457 8.25701
    endloop
  endfacet
  facet normal 0.52351 -0.596937 0.60795
    outer loop
      vertex -0.0654278 -1.16457 8.25701
      vertex -0.124039 -1.16841 8.30371
      vertex -0.102224 -1.19684 8.25701
    endloop
  endfacet
  facet normal 0.828857 -0.40875 0.381994
    outer loop
      vertex 0.0428705 -1.05445 8.20603
      vertex 0.0390291 -1.11306 8.15165
      vertex 0.0636816 -1.06307 8.15165
    endloop
  endfacet
  facet normal 0.726291 -0.636994 0.25834
    outer loop
      vertex 0.00806236 -1.1594 8.15165
      vertex -0.0179157 -1.21208 8.09479
      vertex 0.0201483 -1.16868 8.09479
    endloop
  endfacet
  facet normal 0.6948 -0.609357 0.382016
    outer loop
      vertex -0.00980759 -1.14569 8.20603
      vertex -0.0446167 -1.18538 8.20603
      vertex -0.0286884 -1.20131 8.15165
    endloop
  endfacet
  facet normal 0.609357 -0.6948 0.382019
    outer loop
      vertex -0.0446167 -1.18538 8.20603
      vertex -0.0843077 -1.22019 8.20603
      vertex -0.0286884 -1.20131 8.15165
    endloop
  endfacet
  facet normal 0.820519 -0.278495 0.499189
    outer loop
      vertex 0.0314112 -0.99684 8.25701
      vertex 0.0156794 -1.04319 8.25701
      vertex 0.0598402 -1.00446 8.20603
    endloop
  endfacet
  facet normal 0.849844 -0.169057 0.499184
    outer loop
      vertex 0.0409603 -0.948837 8.25701
      vertex 0.0314112 -0.99684 8.25701
      vertex 0.0598402 -1.00446 8.20603
    endloop
  endfacet
  facet normal 0.634848 -0.313076 0.706365
    outer loop
      vertex -0.0174255 -1.02947 8.30371
      vertex -0.0730448 -1.04835 8.34533
      vertex -0.0369987 -1.06916 8.30371
    endloop
  endfacet
  facet normal 0.577191 -0.195957 0.792749
    outer loop
      vertex -0.0434036 -0.976792 8.34533
      vertex -0.0885115 -0.964706 8.38116
      vertex -0.0558796 -1.01354 8.34533
    endloop
  endfacet
  facet normal 0.466723 -0.532189 0.70636
    outer loop
      vertex -0.090766 -1.13923 8.30371
      vertex -0.149377 -1.13539 8.34533
      vertex -0.124039 -1.16841 8.30371
    endloop
  endfacet
  facet normal 0.46672 -0.532196 0.706357
    outer loop
      vertex -0.120197 -1.1098 8.34533
      vertex -0.149377 -1.13539 8.34533
      vertex -0.090766 -1.13923 8.30371
    endloop
  endfacet
  facet normal 0.458628 -0.400566 0.793226
    outer loop
      vertex -0.15 -1.08 8.37767
      vertex -0.0946074 -1.08062 8.34533
      vertex -0.15 -1.07699 8.37919
    endloop
  endfacet
  facet normal 0.458316 -0.401924 0.792719
    outer loop
      vertex -0.0946074 -1.08062 8.34533
      vertex -0.15 -1.08 8.37767
      vertex -0.120197 -1.1098 8.34533
    endloop
  endfacet
  facet normal 0.376601 -0.330228 0.865518
    outer loop
      vertex -0.131656 -1.05219 8.38116
      vertex -0.15 -1.03812 8.39451
      vertex -0.15 -1.07311 8.38116
    endloop
  endfacet
  facet normal 0.491153 0.0977151 0.865575
    outer loop
      vertex -0.0885115 -0.835293 8.38116
      vertex -0.137752 -0.848487 8.41059
      vertex -0.132672 -0.874021 8.41059
    endloop
  endfacet
  facet normal 0.491165 -0.0976985 0.865571
    outer loop
      vertex -0.0821314 -0.932631 8.38116
      vertex -0.132672 -0.925978 8.41059
      vertex -0.0885115 -0.964706 8.38116
    endloop
  endfacet
  facet normal 0.363206 0.122101 0.923673
    outer loop
      vertex -0.137752 -0.848487 8.41059
      vertex -0.15 -0.847684 8.4153
      vertex -0.15 -0.851769 8.41584
    endloop
  endfacet
  facet normal 0.597833 0.11892 0.792751
    outer loop
      vertex -0.0434036 -0.823207 8.34533
      vertex -0.0885115 -0.835293 8.38116
      vertex -0.0821314 -0.867367 8.38116
    endloop
  endfacet
  facet normal 0.706335 -0.0463029 0.706362
    outer loop
      vertex -0.0332937 -0.9 8.34533
      vertex -0.0358324 -0.938727 8.34533
      vertex 0.00543308 -0.94416 8.30371
    endloop
  endfacet
  facet normal 0.382871 -0.0254263 0.923452
    outer loop
      vertex -0.15 -0.917433 8.418
      vertex -0.13097 -0.9 8.41059
      vertex -0.15 -0.9 8.41848
    endloop
  endfacet
  facet normal 0.38259 -0.0250662 0.923578
    outer loop
      vertex -0.13097 -0.9 8.41059
      vertex -0.15 -0.917433 8.418
      vertex -0.132672 -0.925978 8.41059
    endloop
  endfacet
  facet normal 0.395526 0.460107 0.794897
    outer loop
      vertex -0.149377 -0.664607 8.34533
      vertex -0.15 -0.665419 8.34611
      vertex -0.15 -0.674109 8.35114
    endloop
  endfacet
  facet normal 0.864648 -0.0566641 0.499172
    outer loop
      vertex 0.0441608 -0.9 8.25701
      vertex 0.0409603 -0.948837 8.25701
      vertex 0.0735922 -0.9 8.20603
    endloop
  endfacet
  facet normal 0.864648 -0.0566644 0.499172
    outer loop
      vertex 0.0735922 -0.9 8.20603
      vertex 0.0409603 -0.948837 8.25701
      vertex 0.0701399 -0.952679 8.20603
    endloop
  endfacet
  facet normal 0.720463 0.481403 0.499184
    outer loop
      vertex -0.00980759 -0.654307 8.20603
      vertex -0.0331573 -0.672225 8.25701
      vertex -0.00596619 -0.712919 8.25701
    endloop
  endfacet
  facet normal 0.777148 0.383251 0.499158
    outer loop
      vertex 0.0195208 -0.698203 8.20603
      vertex -0.00596619 -0.712919 8.25701
      vertex 0.0428705 -0.745551 8.20603
    endloop
  endfacet
  facet normal 0.634848 0.313069 0.706368
    outer loop
      vertex -0.0369987 -0.730836 8.30371
      vertex -0.0730448 -0.751647 8.34533
      vertex -0.0174255 -0.770527 8.30371
    endloop
  endfacet
  facet normal 0.588547 0.393263 0.706368
    outer loop
      vertex -0.0369987 -0.730836 8.30371
      vertex -0.0946074 -0.719377 8.34533
      vertex -0.0730448 -0.751647 8.34533
    endloop
  endfacet
  facet normal 0.745446 0.653716 0.130256
    outer loop
      vertex -0.0124826 -0.582482 8.03643
      vertex -0.0179157 -0.587915 8.09479
      vertex 0.0262442 -0.626643 8.03643
    endloop
  endfacet
  facet normal 0.824377 0.550848 0.130264
    outer loop
      vertex 0.0262442 -0.626643 8.03643
      vertex 0.0201483 -0.631321 8.09479
      vertex 0.0522232 -0.679323 8.09479
    endloop
  endfacet
  facet normal 0.972435 0.19341 0.13024
    outer loop
      vertex 0.115194 -0.841389 8.03643
      vertex 0.103736 -0.78378 8.03643
      vertex 0.107577 -0.842391 8.09479
    endloop
  endfacet
  facet normal 0.989359 0.0648533 0.130242
    outer loop
      vertex 0.115194 -0.841389 8.03643
      vertex 0.107577 -0.842391 8.09479
      vertex 0.119036 -0.9 8.03643
    endloop
  endfacet
  facet normal 0.726333 0.636965 -0.258294
    outer loop
      vertex 0.00806236 -0.640595 7.86235
      vertex -0.0286884 -0.598688 7.86235
      vertex -0.0179157 -0.587915 7.91921
    endloop
  endfacet
  facet normal 0.536719 0.803253 -0.258296
    outer loop
      vertex -0.0705948 -0.561937 7.86235
      vertex -0.11694 -0.53097 7.86235
      vertex -0.0613203 -0.54985 7.91921
    endloop
  endfacet
  facet normal 0.571332 0.651467 0.499171
    outer loop
      vertex -0.0446167 -0.614616 8.20603
      vertex -0.102224 -0.603157 8.25701
      vertex -0.0654278 -0.635427 8.25701
    endloop
  endfacet
  facet normal 0.76842 0.513442 0.381978
    outer loop
      vertex 0.00806236 -0.640595 8.15165
      vertex -0.00980759 -0.654307 8.20603
      vertex 0.0390291 -0.68694 8.15165
    endloop
  endfacet
  facet normal 0.375723 -0.0753702 0.923662
    outer loop
      vertex -0.137752 -0.951512 8.41059
      vertex -0.15 -0.943328 8.41624
      vertex -0.15 -0.94823 8.41584
    endloop
  endfacet
  facet normal 0.416584 -0.277877 0.865587
    outer loop
      vertex -0.113487 -1.025 8.38116
      vertex -0.15 -1.00392 8.4055
      vertex -0.15 -1.02261 8.3995
    endloop
  endfacet
  facet normal 0.396401 -0.587995 0.705073
    outer loop
      vertex -0.149377 -1.13539 8.34533
      vertex -0.15 -1.13581 8.34533
      vertex -0.15 -1.13852 8.34307
    endloop
  endfacet
  facet normal 0.792286 -0.0519292 -0.607936
    outer loop
      vertex 0.0409603 -0.948837 7.75699
      vertex 0.00543308 -0.94416 7.71029
      vertex 0.00832748 -0.9 7.71029
    endloop
  endfacet
  facet normal 0.706339 -0.0462959 -0.706359
    outer loop
      vertex 0.00543308 -0.94416 7.71029
      vertex -0.0332937 -0.9 7.66867
      vertex 0.00832748 -0.9 7.71029
    endloop
  endfacet
  facet normal 0.597839 0.118911 -0.792747
    outer loop
      vertex -0.0358324 -0.861272 7.66867
      vertex -0.0821314 -0.867367 7.63284
      vertex -0.0434036 -0.823207 7.66867
    endloop
  endfacet
  facet normal 0.474206 0.16096 -0.865575
    outer loop
      vertex -0.137752 -0.848487 7.60341
      vertex -0.14612 -0.823834 7.60341
      vertex -0.0885115 -0.835293 7.63284
    endloop
  endfacet
  facet normal 0.416448 -0.278281 -0.865523
    outer loop
      vertex -0.15 -1.03812 7.61949
      vertex -0.113487 -1.025 7.63284
      vertex -0.131656 -1.05219 7.63284
    endloop
  endfacet
  facet normal 0.416481 -0.278441 -0.865456
    outer loop
      vertex -0.113487 -1.025 7.63284
      vertex -0.15 -1.03812 7.61949
      vertex -0.15 -1.02261 7.6145
    endloop
  endfacet
  facet normal 0.38259 -0.0250662 -0.923578
    outer loop
      vertex -0.15 -0.917433 7.596
      vertex -0.13097 -0.9 7.60341
      vertex -0.132672 -0.925978 7.60341
    endloop
  endfacet
  facet normal 0.382462 -0.0249016 -0.923636
    outer loop
      vertex -0.13097 -0.9 7.60341
      vertex -0.15 -0.917433 7.596
      vertex -0.15 -0.9 7.59553
    endloop
  endfacet
  facet normal 0.608237 -0.0398557 -0.792754
    outer loop
      vertex -0.0332937 -0.9 7.66867
      vertex -0.0821314 -0.932631 7.63284
      vertex -0.0799932 -0.9 7.63284
    endloop
  endfacet
  facet normal 0.608244 -0.0398727 -0.792748
    outer loop
      vertex -0.0358324 -0.938727 7.66867
      vertex -0.0821314 -0.932631 7.63284
      vertex -0.0332937 -0.9 7.66867
    endloop
  endfacet
  facet normal 0.449146 0.221483 -0.865571
    outer loop
      vertex -0.0990238 -0.804326 7.63284
      vertex -0.14612 -0.823834 7.60341
      vertex -0.113487 -0.774996 7.63284
    endloop
  endfacet
  facet normal 0.449119 0.221505 -0.865579
    outer loop
      vertex -0.15 -0.815967 7.60341
      vertex -0.113487 -0.774996 7.63284
      vertex -0.14612 -0.823834 7.60341
    endloop
  endfacet
  facet normal 0.449128 0.221497 -0.865577
    outer loop
      vertex -0.113487 -0.774996 7.63284
      vertex -0.15 -0.815967 7.60341
      vertex -0.15 -0.796076 7.6085
    endloop
  endfacet
  facet normal 0.866442 0.427275 -0.258291
    outer loop
      vertex 0.0636816 -0.736931 7.86235
      vertex 0.0522232 -0.679323 7.91921
      vertex 0.0777569 -0.731101 7.91921
    endloop
  endfacet
  facet normal 0.824384 0.550841 -0.130254
    outer loop
      vertex 0.0522232 -0.679323 7.91921
      vertex 0.0262442 -0.626643 7.97757
      vertex 0.058877 -0.675481 7.97757
    endloop
  endfacet
  facet normal 0.964001 -0.0631879 0.258282
    outer loop
      vertex 0.111353 -0.9 8.09479
      vertex 0.092473 -0.955619 8.15165
      vertex 0.107577 -0.957607 8.09479
    endloop
  endfacet
  facet normal 0.947509 -0.188464 0.258281
    outer loop
      vertex 0.107577 -0.957607 8.09479
      vertex 0.092473 -0.955619 8.15165
      vertex 0.0963144 -1.01423 8.09479
    endloop
  endfacet
  facet normal 0.875119 0.297064 0.381995
    outer loop
      vertex 0.0636816 -0.736931 8.15165
      vertex 0.0428705 -0.745551 8.20603
      vertex 0.0598402 -0.795542 8.20603
    endloop
  endfacet
  facet normal 0.777149 0.383229 0.499173
    outer loop
      vertex 0.0428705 -0.745551 8.20603
      vertex -0.00596619 -0.712919 8.25701
      vertex 0.0156794 -0.756814 8.25701
    endloop
  endfacet
  facet normal 0.376546 0.330211 -0.865548
    outer loop
      vertex -0.15 -0.761881 7.61949
      vertex -0.15 -0.726888 7.63284
      vertex -0.131656 -0.747806 7.63284
    endloop
  endfacet
  facet normal 0.634848 0.313069 -0.706368
    outer loop
      vertex -0.0174255 -0.770527 7.71029
      vertex -0.0730448 -0.751647 7.66867
      vertex -0.0369987 -0.730836 7.71029
    endloop
  endfacet
  facet normal 0.634848 0.313069 -0.706368
    outer loop
      vertex -0.0558796 -0.786455 7.66867
      vertex -0.0730448 -0.751647 7.66867
      vertex -0.0174255 -0.770527 7.71029
    endloop
  endfacet
  facet normal 0.596958 0.52351 -0.607929
    outer loop
      vertex -0.0615864 -0.694038 7.71029
      vertex -0.0654278 -0.635427 7.75699
      vertex -0.0331573 -0.672225 7.75699
    endloop
  endfacet
  facet normal 0.660178 0.441118 -0.607931
    outer loop
      vertex -0.0369987 -0.730836 7.71029
      vertex -0.0615864 -0.694038 7.71029
      vertex -0.0331573 -0.672225 7.75699
    endloop
  endfacet
  facet normal 0.82886 0.408743 -0.381994
    outer loop
      vertex 0.0428705 -0.745551 7.80797
      vertex 0.0390291 -0.68694 7.86235
      vertex 0.0636816 -0.736931 7.86235
    endloop
  endfacet
  facet normal 0.875119 0.297064 -0.381995
    outer loop
      vertex 0.0598402 -0.795542 7.80797
      vertex 0.0428705 -0.745551 7.80797
      vertex 0.0636816 -0.736931 7.86235
    endloop
  endfacet
  facet normal 0.660176 0.441119 -0.607932
    outer loop
      vertex -0.00596619 -0.712919 7.75699
      vertex -0.0369987 -0.730836 7.71029
      vertex -0.0331573 -0.672225 7.75699
    endloop
  endfacet
  facet normal 0.720463 0.481403 -0.499184
    outer loop
      vertex -0.00596619 -0.712919 7.75699
      vertex -0.0331573 -0.672225 7.75699
      vertex -0.00980759 -0.654307 7.80797
    endloop
  endfacet
  facet normal 0.408712 0.828874 -0.381997
    outer loop
      vertex -0.128203 -0.550478 7.80797
      vertex -0.15 -0.528803 7.83168
      vertex -0.11694 -0.53097 7.86235
    endloop
  endfacet
  facet normal 0.408751 0.828872 -0.381959
    outer loop
      vertex -0.15 -0.528803 7.83168
      vertex -0.128203 -0.550478 7.80797
      vertex -0.15 -0.539729 7.80797
    endloop
  endfacet
  facet normal 0.513439 0.768413 -0.381998
    outer loop
      vertex -0.0843077 -0.579808 7.80797
      vertex -0.128203 -0.550478 7.80797
      vertex -0.11694 -0.53097 7.86235
    endloop
  endfacet
  facet normal 0.351183 0.712122 -0.607909
    outer loop
      vertex -0.15 -0.577374 7.75125
      vertex -0.15 -0.572474 7.75699
      vertex -0.142919 -0.575966 7.75699
    endloop
  endfacet
  facet normal 0.536714 0.803259 -0.25829
    outer loop
      vertex -0.0613203 -0.54985 7.91921
      vertex -0.11694 -0.53097 7.86235
      vertex -0.109323 -0.517776 7.91921
    endloop
  endfacet
  facet normal 0.550834 0.824391 -0.13024
    outer loop
      vertex -0.0613203 -0.54985 7.91921
      vertex -0.109323 -0.517776 7.91921
      vertex -0.0566435 -0.543755 7.97757
    endloop
  endfacet
  facet normal 0.536719 0.803253 0.258296
    outer loop
      vertex -0.0613203 -0.54985 8.09479
      vertex -0.11694 -0.53097 8.15165
      vertex -0.0705948 -0.561937 8.15165
    endloop
  endfacet
  facet normal 0.427269 0.866436 0.258322
    outer loop
      vertex -0.11694 -0.53097 8.15165
      vertex -0.15 -0.501978 8.10909
      vertex -0.15 -0.514667 8.15165
    endloop
  endfacet
  facet normal 0.864648 -0.0566644 -0.499172
    outer loop
      vertex 0.0701399 -0.952679 7.80797
      vertex 0.0409603 -0.948837 7.75699
      vertex 0.0735922 -0.9 7.80797
    endloop
  endfacet
  facet normal 0.922186 -0.0604351 -0.381996
    outer loop
      vertex 0.092473 -0.955619 7.86235
      vertex 0.0701399 -0.952679 7.80797
      vertex 0.0735922 -0.9 7.80797
    endloop
  endfacet
  facet normal 0.864648 0.056663 -0.499172
    outer loop
      vertex 0.0441608 -0.9 7.75699
      vertex 0.0409603 -0.851162 7.75699
      vertex 0.0735922 -0.9 7.80797
    endloop
  endfacet
  facet normal 0.864648 -0.0566641 -0.499172
    outer loop
      vertex 0.0735922 -0.9 7.80797
      vertex 0.0409603 -0.948837 7.75699
      vertex 0.0441608 -0.9 7.75699
    endloop
  endfacet
  facet normal 0.963999 0.0631736 -0.258293
    outer loop
      vertex 0.096118 -0.9 7.86235
      vertex 0.092473 -0.844379 7.86235
      vertex 0.111353 -0.9 7.91921
    endloop
  endfacet
  facet normal 0.963999 -0.0631758 -0.258293
    outer loop
      vertex 0.111353 -0.9 7.91921
      vertex 0.092473 -0.955619 7.86235
      vertex 0.096118 -0.9 7.86235
    endloop
  endfacet
  facet normal 0.866448 -0.427262 -0.258292
    outer loop
      vertex 0.0777569 -1.0689 7.91921
      vertex 0.0522232 -1.12068 7.91921
      vertex 0.0636816 -1.06307 7.86235
    endloop
  endfacet
  facet normal 0.947506 -0.18847 -0.258286
    outer loop
      vertex 0.0963144 -1.01423 7.91921
      vertex 0.0815983 -1.01029 7.86235
      vertex 0.092473 -0.955619 7.86235
    endloop
  endfacet
  facet normal 0.820519 -0.278495 -0.499189
    outer loop
      vertex 0.0598402 -1.00446 7.80797
      vertex 0.0156794 -1.04319 7.75699
      vertex 0.0314112 -0.99684 7.75699
    endloop
  endfacet
  facet normal 0.751871 -0.255195 -0.607918
    outer loop
      vertex 0.0156794 -1.04319 7.75699
      vertex -0.00319958 -0.987565 7.71029
      vertex 0.0314112 -0.99684 7.75699
    endloop
  endfacet
  facet normal 0.634848 -0.31305 -0.706377
    outer loop
      vertex -0.0174255 -1.02947 7.71029
      vertex -0.0730448 -1.04835 7.66867
      vertex -0.0558796 -1.01354 7.66867
    endloop
  endfacet
  facet normal 0.596984 -0.523505 -0.607909
    outer loop
      vertex -0.0331573 -1.12777 7.75699
      vertex -0.0654278 -1.16457 7.75699
      vertex -0.0615864 -1.10596 7.71029
    endloop
  endfacet
  facet normal 0.59692 -0.523532 -0.607948
    outer loop
      vertex -0.0654278 -1.16457 7.75699
      vertex -0.090766 -1.13923 7.71029
      vertex -0.0615864 -1.10596 7.71029
    endloop
  endfacet
  facet normal 0.694862 -0.609322 -0.38196
    outer loop
      vertex 0.00806236 -1.1594 7.86235
      vertex -0.0286884 -1.20131 7.86235
      vertex -0.00980759 -1.14569 7.80797
    endloop
  endfacet
  facet normal 0.6948 -0.609357 -0.382016
    outer loop
      vertex -0.0286884 -1.20131 7.86235
      vertex -0.0446167 -1.18538 7.80797
      vertex -0.00980759 -1.14569 7.80797
    endloop
  endfacet
  facet normal 0.481398 -0.720461 -0.499192
    outer loop
      vertex -0.128203 -1.24952 7.80797
      vertex -0.142919 -1.22403 7.75699
      vertex -0.0843077 -1.22019 7.80797
    endloop
  endfacet
  facet normal 0.513468 -0.768382 -0.382021
    outer loop
      vertex -0.11694 -1.26903 7.86235
      vertex -0.128203 -1.24952 7.80797
      vertex -0.0705948 -1.23806 7.86235
    endloop
  endfacet
  facet normal 0.46672 -0.532196 -0.706357
    outer loop
      vertex -0.090766 -1.13923 7.71029
      vertex -0.149377 -1.13539 7.66867
      vertex -0.120197 -1.1098 7.66867
    endloop
  endfacet
  facet normal 0.402 -0.458396 -0.792635
    outer loop
      vertex -0.15 -1.12589 7.66286
      vertex -0.120197 -1.1098 7.66867
      vertex -0.149377 -1.13539 7.66867
    endloop
  endfacet
  facet normal 0.401958 -0.458288 -0.792718
    outer loop
      vertex -0.120197 -1.1098 7.66867
      vertex -0.15 -1.12589 7.66286
      vertex -0.15 -1.08 7.63633
    endloop
  endfacet
  facet normal 0.343918 -0.16962 -0.923553
    outer loop
      vertex -0.15 -0.984032 7.60341
      vertex -0.15 -0.974558 7.60167
      vertex -0.14612 -0.976165 7.60341
    endloop
  endfacet
  facet normal 0.577205 -0.195943 -0.792742
    outer loop
      vertex -0.0558796 -1.01354 7.66867
      vertex -0.0990238 -0.995673 7.63284
      vertex -0.0885115 -0.964706 7.63284
    endloop
  endfacet
  facet normal 0.745404 -0.653757 0.130286
    outer loop
      vertex 0.0201483 -1.16868 8.09479
      vertex -0.0179157 -1.21208 8.09479
      vertex 0.0262442 -1.17336 8.03643
    endloop
  endfacet
  facet normal 0.636956 -0.726327 0.258332
    outer loop
      vertex -0.0286884 -1.20131 8.15165
      vertex -0.0705948 -1.23806 8.15165
      vertex -0.0613203 -1.25015 8.09479
    endloop
  endfacet
  facet normal 0.571347 -0.65146 0.499161
    outer loop
      vertex -0.0654278 -1.16457 8.25701
      vertex -0.0843077 -1.22019 8.20603
      vertex -0.0446167 -1.18538 8.20603
    endloop
  endfacet
  facet normal 0.571331 -0.651466 0.499173
    outer loop
      vertex -0.0654278 -1.16457 8.25701
      vertex -0.102224 -1.19684 8.25701
      vertex -0.0843077 -1.22019 8.20603
    endloop
  endfacet
  facet normal 0.427284 -0.866432 0.258311
    outer loop
      vertex -0.109323 -1.28222 8.09479
      vertex -0.15 -1.29031 8.13494
      vertex -0.15 -1.30228 8.09479
    endloop
  endfacet
  facet normal 0.427216 -0.866488 0.258235
    outer loop
      vertex -0.15 -1.29031 8.13494
      vertex -0.11694 -1.26903 8.15165
      vertex -0.15 -1.28533 8.15165
    endloop
  endfacet
  facet normal 0.427217 -0.866488 0.258232
    outer loop
      vertex -0.11694 -1.26903 8.15165
      vertex -0.15 -1.29031 8.13494
      vertex -0.109323 -1.28222 8.09479
    endloop
  endfacet
  facet normal 0.694814 0.609354 0.381997
    outer loop
      vertex -0.0286884 -0.598688 8.15165
      vertex -0.0446167 -0.614616 8.20603
      vertex -0.00980759 -0.654307 8.20603
    endloop
  endfacet
  facet normal 0.694835 0.609342 0.381978
    outer loop
      vertex 0.00806236 -0.640595 8.15165
      vertex -0.0286884 -0.598688 8.15165
      vertex -0.00980759 -0.654307 8.20603
    endloop
  endfacet
  facet normal 0.351183 0.712122 0.607909
    outer loop
      vertex -0.142919 -0.575966 8.25701
      vertex -0.15 -0.572474 8.25701
      vertex -0.15 -0.577374 8.26275
    endloop
  endfacet
  facet normal 0.441107 0.660176 0.607942
    outer loop
      vertex -0.102224 -0.603157 8.25701
      vertex -0.142919 -0.575966 8.25701
      vertex -0.124039 -0.631586 8.30371
    endloop
  endfacet
  facet normal 0.441138 0.660232 0.607858
    outer loop
      vertex -0.124039 -0.631586 8.30371
      vertex -0.15 -0.588231 8.27546
      vertex -0.15 -0.61424 8.30371
    endloop
  endfacet
  facet normal 0.440855 0.660211 0.608086
    outer loop
      vertex -0.15 -0.588231 8.27546
      vertex -0.124039 -0.631586 8.30371
      vertex -0.142919 -0.575966 8.25701
    endloop
  endfacet
  facet normal 0.337066 0.504788 0.794718
    outer loop
      vertex -0.149377 -0.664607 8.34533
      vertex -0.15 -0.664191 8.34533
      vertex -0.15 -0.665419 8.34611
    endloop
  endfacet
  facet normal 0.401949 0.458339 0.792693
    outer loop
      vertex -0.15 -0.674109 8.35114
      vertex -0.120197 -0.690197 8.34533
      vertex -0.149377 -0.664607 8.34533
    endloop
  endfacet
  facet normal 0.401932 0.458293 0.792728
    outer loop
      vertex -0.120197 -0.690197 8.34533
      vertex -0.15 -0.674109 8.35114
      vertex -0.15 -0.719999 8.37767
    endloop
  endfacet
  facet normal 0.458307 0.401916 0.792728
    outer loop
      vertex -0.15 -0.719999 8.37767
      vertex -0.0946074 -0.719377 8.34533
      vertex -0.120197 -0.690197 8.34533
    endloop
  endfacet
  facet normal 0.458565 0.400793 0.793148
    outer loop
      vertex -0.0946074 -0.719377 8.34533
      vertex -0.15 -0.719999 8.37767
      vertex -0.15 -0.723007 8.37919
    endloop
  endfacet
  facet normal 0.449146 0.221483 0.865571
    outer loop
      vertex -0.113487 -0.774996 8.38116
      vertex -0.14612 -0.823834 8.41059
      vertex -0.0990238 -0.804326 8.38116
    endloop
  endfacet
  facet normal 0.474208 0.160978 0.865571
    outer loop
      vertex -0.0990238 -0.804326 8.38116
      vertex -0.14612 -0.823834 8.41059
      vertex -0.0885115 -0.835293 8.38116
    endloop
  endfacet
  facet normal 0.506807 0.338661 0.792752
    outer loop
      vertex -0.0946074 -0.719377 8.34533
      vertex -0.131656 -0.747806 8.38116
      vertex -0.113487 -0.774996 8.38116
    endloop
  endfacet
  facet normal 0.651478 -0.571291 0.499203
    outer loop
      vertex -0.0331573 -1.12777 8.25701
      vertex -0.0654278 -1.16457 8.25701
      vertex -0.00980759 -1.14569 8.20603
    endloop
  endfacet
  facet normal 0.720434 -0.48143 0.499199
    outer loop
      vertex -0.00596619 -1.08708 8.25701
      vertex -0.0331573 -1.12777 8.25701
      vertex -0.00980759 -1.14569 8.20603
    endloop
  endfacet
  facet normal 0.532199 -0.466716 0.706357
    outer loop
      vertex -0.0946074 -1.08062 8.34533
      vertex -0.120197 -1.1098 8.34533
      vertex -0.090766 -1.13923 8.30371
    endloop
  endfacet
  facet normal 0.396771 -0.459838 0.794432
    outer loop
      vertex -0.149377 -1.13539 8.34533
      vertex -0.15 -1.12589 8.35114
      vertex -0.15 -1.13458 8.34611
    endloop
  endfacet
  facet normal 0.875118 -0.297068 0.381994
    outer loop
      vertex 0.0815983 -1.01029 8.15165
      vertex 0.0598402 -1.00446 8.20603
      vertex 0.0636816 -1.06307 8.15165
    endloop
  endfacet
  facet normal 0.914799 -0.310538 0.25828
    outer loop
      vertex 0.0815983 -1.01029 8.15165
      vertex 0.0636816 -1.06307 8.15165
      vertex 0.0963144 -1.01423 8.09479
    endloop
  endfacet
  facet normal 0.820522 -0.278536 0.499161
    outer loop
      vertex 0.0598402 -1.00446 8.20603
      vertex 0.0156794 -1.04319 8.25701
      vertex 0.0428705 -1.05445 8.20603
    endloop
  endfacet
  facet normal 0.777141 -0.383269 0.499155
    outer loop
      vertex 0.0156794 -1.04319 8.25701
      vertex -0.00596619 -1.08708 8.25701
      vertex 0.0428705 -1.05445 8.20603
    endloop
  endfacet
  facet normal 0.866448 -0.427262 0.258292
    outer loop
      vertex 0.0636816 -1.06307 8.15165
      vertex 0.0522232 -1.12068 8.09479
      vertex 0.0777569 -1.0689 8.09479
    endloop
  endfacet
  facet normal 0.726362 -0.636945 0.258262
    outer loop
      vertex 0.00806236 -1.1594 8.15165
      vertex -0.0286884 -1.20131 8.15165
      vertex -0.0179157 -1.21208 8.09479
    endloop
  endfacet
  facet normal 0.637027 -0.726291 0.25826
    outer loop
      vertex -0.0286884 -1.20131 8.15165
      vertex -0.0613203 -1.25015 8.09479
      vertex -0.0179157 -1.21208 8.09479
    endloop
  endfacet
  facet normal 0.778734 -0.154879 0.607936
    outer loop
      vertex 0.00543308 -0.94416 8.30371
      vertex -0.00319958 -0.987565 8.30371
      vertex 0.0409603 -0.948837 8.25701
    endloop
  endfacet
  facet normal 0.694252 -0.138077 0.706363
    outer loop
      vertex 0.00543308 -0.94416 8.30371
      vertex -0.0358324 -0.938727 8.34533
      vertex -0.00319958 -0.987565 8.30371
    endloop
  endfacet
  facet normal 0.634848 -0.31305 0.706377
    outer loop
      vertex -0.0558796 -1.01354 8.34533
      vertex -0.0730448 -1.04835 8.34533
      vertex -0.0174255 -1.02947 8.30371
    endloop
  endfacet
  facet normal 0.588551 -0.393266 0.706363
    outer loop
      vertex -0.0730448 -1.04835 8.34533
      vertex -0.0946074 -1.08062 8.34533
      vertex -0.0369987 -1.06916 8.30371
    endloop
  endfacet
  facet normal 0.546705 -0.269587 0.79274
    outer loop
      vertex -0.0558796 -1.01354 8.34533
      vertex -0.0990238 -0.995673 8.38116
      vertex -0.0730448 -1.04835 8.34533
    endloop
  endfacet
  facet normal 0.54668 -0.269606 0.792751
    outer loop
      vertex -0.0990238 -0.995673 8.38116
      vertex -0.113487 -1.025 8.38116
      vertex -0.0730448 -1.04835 8.34533
    endloop
  endfacet
  facet normal 0.506811 -0.338648 0.792755
    outer loop
      vertex -0.0730448 -1.04835 8.34533
      vertex -0.131656 -1.05219 8.38116
      vertex -0.0946074 -1.08062 8.34533
    endloop
  endfacet
  facet normal 0.506809 -0.338662 0.79275
    outer loop
      vertex -0.113487 -1.025 8.38116
      vertex -0.131656 -1.05219 8.38116
      vertex -0.0730448 -1.04835 8.34533
    endloop
  endfacet
  facet normal 0.577205 -0.195943 0.792742
    outer loop
      vertex -0.0885115 -0.964706 8.38116
      vertex -0.0990238 -0.995673 8.38116
      vertex -0.0558796 -1.01354 8.34533
    endloop
  endfacet
  facet normal 0.670263 -0.227555 0.706375
    outer loop
      vertex -0.0434036 -0.976792 8.34533
      vertex -0.0558796 -1.01354 8.34533
      vertex -0.0174255 -1.02947 8.30371
    endloop
  endfacet
  facet normal 0.751868 0.255216 0.607914
    outer loop
      vertex 0.0156794 -0.756814 8.25701
      vertex -0.00319958 -0.812434 8.30371
      vertex 0.0314112 -0.80316 8.25701
    endloop
  endfacet
  facet normal 0.597839 0.118911 0.792747
    outer loop
      vertex -0.0434036 -0.823207 8.34533
      vertex -0.0821314 -0.867367 8.38116
      vertex -0.0358324 -0.861272 8.34533
    endloop
  endfacet
  facet normal 0.376053 0.0748159 0.923573
    outer loop
      vertex -0.15 -0.856671 8.41624
      vertex -0.132672 -0.874021 8.41059
      vertex -0.137752 -0.848487 8.41059
    endloop
  endfacet
  facet normal 0.376043 0.0748046 0.923578
    outer loop
      vertex -0.132672 -0.874021 8.41059
      vertex -0.15 -0.856671 8.41624
      vertex -0.15 -0.876302 8.41783
    endloop
  endfacet
  facet normal 0.382591 0.0250652 0.923578
    outer loop
      vertex -0.15 -0.882566 8.418
      vertex -0.13097 -0.9 8.41059
      vertex -0.132672 -0.874021 8.41059
    endloop
  endfacet
  facet normal 0.382871 0.0254249 0.923452
    outer loop
      vertex -0.13097 -0.9 8.41059
      vertex -0.15 -0.882566 8.418
      vertex -0.15 -0.9 8.41848
    endloop
  endfacet
  facet normal 0.363122 0.123255 0.923553
    outer loop
      vertex -0.15 -0.825441 8.41233
      vertex -0.137752 -0.848487 8.41059
      vertex -0.14612 -0.823834 8.41059
    endloop
  endfacet
  facet normal 0.363221 0.123311 0.923507
    outer loop
      vertex -0.137752 -0.848487 8.41059
      vertex -0.15 -0.825441 8.41233
      vertex -0.15 -0.847684 8.4153
    endloop
  endfacet
  facet normal 0.416558 0.277921 0.865586
    outer loop
      vertex -0.113487 -0.774996 8.38116
      vertex -0.15 -0.777389 8.3995
      vertex -0.15 -0.796076 8.4055
    endloop
  endfacet
  facet normal 0.712119 0.351161 0.607925
    outer loop
      vertex -0.00596619 -0.712919 8.25701
      vertex -0.0174255 -0.770527 8.30371
      vertex 0.0156794 -0.756814 8.25701
    endloop
  endfacet
  facet normal 0.694245 0.138087 0.706368
    outer loop
      vertex -0.00319958 -0.812434 8.30371
      vertex -0.0434036 -0.823207 8.34533
      vertex -0.0358324 -0.861272 8.34533
    endloop
  endfacet
  facet normal 0.768428 0.513413 0.382002
    outer loop
      vertex 0.0390291 -0.68694 8.15165
      vertex -0.00980759 -0.654307 8.20603
      vertex 0.0195208 -0.698203 8.20603
    endloop
  endfacet
  facet normal 0.720491 0.481384 0.499161
    outer loop
      vertex 0.0195208 -0.698203 8.20603
      vertex -0.00980759 -0.654307 8.20603
      vertex -0.00596619 -0.712919 8.25701
    endloop
  endfacet
  facet normal 0.896878 0.442278 0
    outer loop
      vertex 0.0848551 -0.728161 8.03643
      vertex 0.058877 -0.675481 7.97757
      vertex 0.058877 -0.675481 8.03643
    endloop
  endfacet
  facet normal 0.896878 0.442278 0
    outer loop
      vertex 0.058877 -0.675481 7.97757
      vertex 0.0848551 -0.728161 8.03643
      vertex 0.0848551 -0.728161 7.97757
    endloop
  endfacet
  facet normal 0.947508 0.188467 0.258281
    outer loop
      vertex 0.0963144 -0.785769 8.09479
      vertex 0.092473 -0.844379 8.15165
      vertex 0.107577 -0.842391 8.09479
    endloop
  endfacet
  facet normal 0.964001 0.0631858 0.258282
    outer loop
      vertex 0.107577 -0.842391 8.09479
      vertex 0.092473 -0.844379 8.15165
      vertex 0.111353 -0.9 8.09479
    endloop
  endfacet
  facet normal 0.803256 0.536718 -0.258291
    outer loop
      vertex 0.0390291 -0.68694 7.86235
      vertex 0.00806236 -0.640595 7.86235
      vertex 0.0522232 -0.679323 7.91921
    endloop
  endfacet
  facet normal 0.76842 0.513442 -0.381978
    outer loop
      vertex 0.0390291 -0.68694 7.86235
      vertex -0.00980759 -0.654307 7.80797
      vertex 0.00806236 -0.640595 7.86235
    endloop
  endfacet
  facet normal 0.363206 -0.122101 0.923673
    outer loop
      vertex -0.137752 -0.951512 8.41059
      vertex -0.15 -0.94823 8.41584
      vertex -0.15 -0.952315 8.4153
    endloop
  endfacet
  facet normal 0.363221 -0.123289 0.92351
    outer loop
      vertex -0.15 -0.952315 8.4153
      vertex -0.14612 -0.976165 8.41059
      vertex -0.137752 -0.951512 8.41059
    endloop
  endfacet
  facet normal 0.363096 -0.123318 0.923555
    outer loop
      vertex -0.14612 -0.976165 8.41059
      vertex -0.15 -0.952315 8.4153
      vertex -0.15 -0.974558 8.41233
    endloop
  endfacet
  facet normal 0.351007 -0.712172 0.607952
    outer loop
      vertex -0.142919 -1.22403 8.25701
      vertex -0.15 -1.21177 8.27546
      vertex -0.15 -1.22752 8.25701
    endloop
  endfacet
  facet normal 0.441214 -0.660193 0.607845
    outer loop
      vertex -0.15 -1.21177 8.27546
      vertex -0.124039 -1.16841 8.30371
      vertex -0.15 -1.18576 8.30371
    endloop
  endfacet
  facet normal 0.441062 -0.660182 0.607967
    outer loop
      vertex -0.124039 -1.16841 8.30371
      vertex -0.15 -1.21177 8.27546
      vertex -0.142919 -1.22403 8.25701
    endloop
  endfacet
  facet normal 0.706335 0.0463017 -0.706362
    outer loop
      vertex -0.0332937 -0.9 7.66867
      vertex -0.0358324 -0.861272 7.66867
      vertex 0.00543308 -0.855839 7.71029
    endloop
  endfacet
  facet normal 0.694252 0.138077 -0.706363
    outer loop
      vertex 0.00543308 -0.855839 7.71029
      vertex -0.0358324 -0.861272 7.66867
      vertex -0.00319958 -0.812434 7.71029
    endloop
  endfacet
  facet normal 0.449196 -0.221368 -0.865575
    outer loop
      vertex -0.15 -0.999014 7.60724
      vertex -0.14612 -0.976165 7.60341
      vertex -0.0990238 -0.995673 7.63284
    endloop
  endfacet
  facet normal 0.448772 -0.221334 -0.865803
    outer loop
      vertex -0.14612 -0.976165 7.60341
      vertex -0.15 -0.999014 7.60724
      vertex -0.15 -0.984032 7.60341
    endloop
  endfacet
  facet normal 0.449128 -0.221496 -0.865577
    outer loop
      vertex -0.15 -1.00392 7.6085
      vertex -0.0990238 -0.995673 7.63284
      vertex -0.113487 -1.025 7.63284
    endloop
  endfacet
  facet normal 0.449152 -0.222252 -0.865371
    outer loop
      vertex -0.0990238 -0.995673 7.63284
      vertex -0.15 -1.00392 7.6085
      vertex -0.15 -0.999014 7.60724
    endloop
  endfacet
  facet normal 0.491153 -0.0977151 -0.865575
    outer loop
      vertex -0.0885115 -0.964706 7.63284
      vertex -0.137752 -0.951512 7.60341
      vertex -0.132672 -0.925978 7.60341
    endloop
  endfacet
  facet normal 0.382591 -0.0250652 -0.923578
    outer loop
      vertex -0.15 -0.923697 7.59617
      vertex -0.15 -0.917433 7.596
      vertex -0.132672 -0.925978 7.60341
    endloop
  endfacet
  facet normal 0.499713 -0.0327445 -0.865572
    outer loop
      vertex -0.0821314 -0.932631 7.63284
      vertex -0.13097 -0.9 7.60341
      vertex -0.0799932 -0.9 7.63284
    endloop
  endfacet
  facet normal 0.499713 0.0327425 -0.865572
    outer loop
      vertex -0.0799932 -0.9 7.63284
      vertex -0.13097 -0.9 7.60341
      vertex -0.0821314 -0.867367 7.63284
    endloop
  endfacet
  facet normal 0.474208 0.160978 -0.865571
    outer loop
      vertex -0.0885115 -0.835293 7.63284
      vertex -0.14612 -0.823834 7.60341
      vertex -0.0990238 -0.804326 7.63284
    endloop
  endfacet
  facet normal 0.577195 0.195939 -0.792751
    outer loop
      vertex -0.0885115 -0.835293 7.63284
      vertex -0.0990238 -0.804326 7.63284
      vertex -0.0558796 -0.786455 7.66867
    endloop
  endfacet
  facet normal 0.50682 0.338654 -0.792747
    outer loop
      vertex -0.0730448 -0.751647 7.66867
      vertex -0.113487 -0.774996 7.63284
      vertex -0.0946074 -0.719377 7.66867
    endloop
  endfacet
  facet normal 0.546691 0.269595 -0.792747
    outer loop
      vertex -0.0558796 -0.786455 7.66867
      vertex -0.113487 -0.774996 7.63284
      vertex -0.0730448 -0.751647 7.66867
    endloop
  endfacet
  facet normal 0.947508 0.188467 -0.258281
    outer loop
      vertex 0.107577 -0.842391 7.91921
      vertex 0.092473 -0.844379 7.86235
      vertex 0.0963144 -0.785769 7.91921
    endloop
  endfacet
  facet normal 0.964001 0.0631858 -0.258282
    outer loop
      vertex 0.111353 -0.9 7.91921
      vertex 0.092473 -0.844379 7.86235
      vertex 0.107577 -0.842391 7.91921
    endloop
  endfacet
  facet normal 0.864649 0.0566644 0.499171
    outer loop
      vertex 0.0701399 -0.847321 8.20603
      vertex 0.0409603 -0.851162 8.25701
      vertex 0.0735922 -0.9 8.20603
    endloop
  endfacet
  facet normal 0.922185 0.0604351 0.381998
    outer loop
      vertex 0.092473 -0.844379 8.15165
      vertex 0.0701399 -0.847321 8.20603
      vertex 0.0735922 -0.9 8.20603
    endloop
  endfacet
  facet normal 0.466716 0.532191 -0.706363
    outer loop
      vertex -0.120197 -0.690197 7.66867
      vertex -0.149377 -0.664607 7.66867
      vertex -0.090766 -0.660766 7.71029
    endloop
  endfacet
  facet normal 0.466719 0.532184 -0.706366
    outer loop
      vertex -0.090766 -0.660766 7.71029
      vertex -0.149377 -0.664607 7.66867
      vertex -0.124039 -0.631586 7.71029
    endloop
  endfacet
  facet normal 0.427262 0.86643 -0.258353
    outer loop
      vertex -0.109323 -0.517776 7.91921
      vertex -0.15 -0.501978 7.90492
      vertex -0.15 -0.497717 7.91921
    endloop
  endfacet
  facet normal 0.427249 0.866455 -0.25829
    outer loop
      vertex -0.15 -0.501978 7.90492
      vertex -0.109323 -0.517776 7.91921
      vertex -0.11694 -0.53097 7.86235
    endloop
  endfacet
  facet normal 0.438522 0.889233 -0.130241
    outer loop
      vertex -0.109323 -0.517776 7.91921
      vertex -0.15 -0.49601 7.93086
      vertex -0.105481 -0.511123 7.97757
    endloop
  endfacet
  facet normal 0.438506 0.889233 -0.130294
    outer loop
      vertex -0.15 -0.49601 7.93086
      vertex -0.109323 -0.517776 7.91921
      vertex -0.15 -0.497717 7.91921
    endloop
  endfacet
  facet normal 0.636973 0.726325 -0.258295
    outer loop
      vertex -0.0286884 -0.598688 7.86235
      vertex -0.0613203 -0.54985 7.91921
      vertex -0.0179157 -0.587915 7.91921
    endloop
  endfacet
  facet normal 0.65373 0.745433 -0.130256
    outer loop
      vertex -0.0179157 -0.587915 7.91921
      vertex -0.0613203 -0.54985 7.91921
      vertex -0.0124826 -0.582482 7.97757
    endloop
  endfacet
  facet normal 0.536714 0.803259 0.25829
    outer loop
      vertex -0.109323 -0.517776 8.09479
      vertex -0.11694 -0.53097 8.15165
      vertex -0.0613203 -0.54985 8.09479
    endloop
  endfacet
  facet normal 0.636972 0.726326 0.258296
    outer loop
      vertex -0.0613203 -0.54985 8.09479
      vertex -0.0705948 -0.561937 8.15165
      vertex -0.0286884 -0.598688 8.15165
    endloop
  endfacet
  facet normal 0.408751 0.828872 0.381959
    outer loop
      vertex -0.128203 -0.550478 8.20603
      vertex -0.15 -0.528803 8.18232
      vertex -0.15 -0.539729 8.20603
    endloop
  endfacet
  facet normal 0.408712 0.828874 0.381997
    outer loop
      vertex -0.15 -0.528803 8.18232
      vertex -0.128203 -0.550478 8.20603
      vertex -0.11694 -0.53097 8.15165
    endloop
  endfacet
  facet normal 0.513439 0.768413 0.381998
    outer loop
      vertex -0.11694 -0.53097 8.15165
      vertex -0.128203 -0.550478 8.20603
      vertex -0.0843077 -0.579808 8.20603
    endloop
  endfacet
  facet normal 0.438527 -0.88923 -0.130247
    outer loop
      vertex -0.15 -1.3094 7.96782
      vertex -0.15 -1.30228 7.91921
      vertex -0.109323 -1.28222 7.91921
    endloop
  endfacet
  facet normal 0.778742 -0.154913 -0.607916
    outer loop
      vertex 0.0314112 -0.99684 7.75699
      vertex -0.00319958 -0.987565 7.71029
      vertex 0.0409603 -0.948837 7.75699
    endloop
  endfacet
  facet normal 0.751834 -0.255233 -0.607948
    outer loop
      vertex 0.0156794 -1.04319 7.75699
      vertex -0.0174255 -1.02947 7.71029
      vertex -0.00319958 -0.987565 7.71029
    endloop
  endfacet
  facet normal 0.938864 -0.318694 -0.130262
    outer loop
      vertex 0.103736 -1.01622 7.97757
      vertex 0.0777569 -1.0689 7.91921
      vertex 0.0963144 -1.01423 7.91921
    endloop
  endfacet
  facet normal 0.938861 -0.318708 -0.130247
    outer loop
      vertex 0.0848551 -1.07184 7.97757
      vertex 0.0777569 -1.0689 7.91921
      vertex 0.103736 -1.01622 7.97757
    endloop
  endfacet
  facet normal 0.875118 -0.297068 -0.381994
    outer loop
      vertex 0.0636816 -1.06307 7.86235
      vertex 0.0598402 -1.00446 7.80797
      vertex 0.0815983 -1.01029 7.86235
    endloop
  endfacet
  facet normal 0.906407 -0.180295 -0.381994
    outer loop
      vertex 0.0815983 -1.01029 7.86235
      vertex 0.0598402 -1.00446 7.80797
      vertex 0.092473 -0.955619 7.86235
    endloop
  endfacet
  facet normal 0.441214 -0.660193 -0.607845
    outer loop
      vertex -0.124039 -1.16841 7.71029
      vertex -0.15 -1.21177 7.73854
      vertex -0.15 -1.18576 7.71029
    endloop
  endfacet
  facet normal 0.441062 -0.660182 -0.607967
    outer loop
      vertex -0.15 -1.21177 7.73854
      vertex -0.124039 -1.16841 7.71029
      vertex -0.142919 -1.22403 7.75699
    endloop
  endfacet
  facet normal 0.351007 -0.712172 -0.607952
    outer loop
      vertex -0.15 -1.22752 7.75699
      vertex -0.15 -1.21177 7.73854
      vertex -0.142919 -1.22403 7.75699
    endloop
  endfacet
  facet normal 0.383259 -0.777107 -0.499217
    outer loop
      vertex -0.15 -1.26027 7.80797
      vertex -0.15 -1.24809 7.78901
      vertex -0.128203 -1.24952 7.80797
    endloop
  endfacet
  facet normal 0.408764 -0.828822 -0.382054
    outer loop
      vertex -0.15 -1.27438 7.83858
      vertex -0.15 -1.26027 7.80797
      vertex -0.128203 -1.24952 7.80797
    endloop
  endfacet
  facet normal 0.458316 -0.401924 -0.792719
    outer loop
      vertex -0.15 -1.08 7.63633
      vertex -0.0946074 -1.08062 7.66867
      vertex -0.120197 -1.1098 7.66867
    endloop
  endfacet
  facet normal 0.458628 -0.400566 -0.793226
    outer loop
      vertex -0.0946074 -1.08062 7.66867
      vertex -0.15 -1.08 7.63633
      vertex -0.15 -1.07699 7.63481
    endloop
  endfacet
  facet normal 0.532199 -0.466716 -0.706357
    outer loop
      vertex -0.090766 -1.13923 7.71029
      vertex -0.120197 -1.1098 7.66867
      vertex -0.0946074 -1.08062 7.66867
    endloop
  endfacet
  facet normal 0.416584 -0.277877 -0.865587
    outer loop
      vertex -0.15 -1.02261 7.6145
      vertex -0.15 -1.00392 7.6085
      vertex -0.113487 -1.025 7.63284
    endloop
  endfacet
  facet normal 0.866433 -0.42728 0.258313
    outer loop
      vertex 0.0636816 -1.06307 8.15165
      vertex 0.0390291 -1.11306 8.15165
      vertex 0.0522232 -1.12068 8.09479
    endloop
  endfacet
  facet normal 0.777143 -0.383233 0.499181
    outer loop
      vertex 0.0428705 -1.05445 8.20603
      vertex -0.00596619 -1.08708 8.25701
      vertex 0.0195208 -1.1018 8.20603
    endloop
  endfacet
  facet normal 0.938861 -0.318708 0.130247
    outer loop
      vertex 0.103736 -1.01622 8.03643
      vertex 0.0777569 -1.0689 8.09479
      vertex 0.0848551 -1.07184 8.03643
    endloop
  endfacet
  facet normal 0.938864 -0.318694 0.130262
    outer loop
      vertex 0.0963144 -1.01423 8.09479
      vertex 0.0777569 -1.0689 8.09479
      vertex 0.103736 -1.01622 8.03643
    endloop
  endfacet
  facet normal 0.889243 -0.438503 0.130238
    outer loop
      vertex 0.0777569 -1.0689 8.09479
      vertex 0.0522232 -1.12068 8.09479
      vertex 0.058877 -1.12452 8.03643
    endloop
  endfacet
  facet normal 0.824396 -0.550826 0.130235
    outer loop
      vertex 0.0522232 -1.12068 8.09479
      vertex 0.0262442 -1.17336 8.03643
      vertex 0.058877 -1.12452 8.03643
    endloop
  endfacet
  facet normal 0.653771 -0.745382 0.130344
    outer loop
      vertex -0.0179157 -1.21208 8.09479
      vertex -0.0613203 -1.25015 8.09479
      vertex -0.0124826 -1.21752 8.03643
    endloop
  endfacet
  facet normal 0.745431 -0.653717 0.130333
    outer loop
      vertex 0.0262442 -1.17336 8.03643
      vertex -0.0179157 -1.21208 8.09479
      vertex -0.0124826 -1.21752 8.03643
    endloop
  endfacet
  facet normal 0.670274 -0.227545 0.706368
    outer loop
      vertex -0.00319958 -0.987565 8.30371
      vertex -0.0434036 -0.976792 8.34533
      vertex -0.0174255 -1.02947 8.30371
    endloop
  endfacet
  facet normal 0.694245 -0.138087 0.706368
    outer loop
      vertex -0.0358324 -0.938727 8.34533
      vertex -0.0434036 -0.976792 8.34533
      vertex -0.00319958 -0.987565 8.30371
    endloop
  endfacet
  facet normal 0.660201 -0.441109 0.607912
    outer loop
      vertex -0.0369987 -1.06916 8.30371
      vertex -0.0615864 -1.10596 8.30371
      vertex -0.0331573 -1.12777 8.25701
    endloop
  endfacet
  facet normal 0.660145 -0.441142 0.607949
    outer loop
      vertex -0.00596619 -1.08708 8.25701
      vertex -0.0369987 -1.06916 8.30371
      vertex -0.0331573 -1.12777 8.25701
    endloop
  endfacet
  facet normal 0.597834 -0.118916 0.792751
    outer loop
      vertex -0.0821314 -0.932631 8.38116
      vertex -0.0885115 -0.964706 8.38116
      vertex -0.0434036 -0.976792 8.34533
    endloop
  endfacet
  facet normal 0.597838 -0.118911 0.792748
    outer loop
      vertex -0.0358324 -0.938727 8.34533
      vertex -0.0821314 -0.932631 8.38116
      vertex -0.0434036 -0.976792 8.34533
    endloop
  endfacet
  facet normal 0.670277 0.227535 0.706369
    outer loop
      vertex -0.0174255 -0.770527 8.30371
      vertex -0.0558796 -0.786455 8.34533
      vertex -0.0434036 -0.823207 8.34533
    endloop
  endfacet
  facet normal 0.577197 0.195938 0.79275
    outer loop
      vertex -0.0558796 -0.786455 8.34533
      vertex -0.0885115 -0.835293 8.38116
      vertex -0.0434036 -0.823207 8.34533
    endloop
  endfacet
  facet normal 0.499713 -0.0327445 0.865572
    outer loop
      vertex -0.0799932 -0.9 8.38116
      vertex -0.13097 -0.9 8.41059
      vertex -0.0821314 -0.932631 8.38116
    endloop
  endfacet
  facet normal 0.608244 -0.0398727 0.792748
    outer loop
      vertex -0.0332937 -0.9 8.34533
      vertex -0.0821314 -0.932631 8.38116
      vertex -0.0358324 -0.938727 8.34533
    endloop
  endfacet
  facet normal 0.382591 0.0250652 0.923578
    outer loop
      vertex -0.132672 -0.874021 8.41059
      vertex -0.15 -0.876302 8.41783
      vertex -0.15 -0.882566 8.418
    endloop
  endfacet
  facet normal 0.499715 0.0327386 0.865571
    outer loop
      vertex -0.0821314 -0.867367 8.38116
      vertex -0.132672 -0.874021 8.41059
      vertex -0.13097 -0.9 8.41059
    endloop
  endfacet
  facet normal 0.491163 0.0977012 0.865571
    outer loop
      vertex -0.0885115 -0.835293 8.38116
      vertex -0.132672 -0.874021 8.41059
      vertex -0.0821314 -0.867367 8.38116
    endloop
  endfacet
  facet normal 0.651463 0.571335 0.499171
    outer loop
      vertex -0.0446167 -0.614616 8.20603
      vertex -0.0654278 -0.635427 8.25701
      vertex -0.00980759 -0.654307 8.20603
    endloop
  endfacet
  facet normal 0.65147 0.571315 0.499185
    outer loop
      vertex -0.00980759 -0.654307 8.20603
      vertex -0.0654278 -0.635427 8.25701
      vertex -0.0331573 -0.672225 8.25701
    endloop
  endfacet
  facet normal 0.745451 0.653708 -0.130265
    outer loop
      vertex 0.0201483 -0.631321 7.91921
      vertex -0.0179157 -0.587915 7.91921
      vertex 0.0262442 -0.626643 7.97757
    endloop
  endfacet
  facet normal 0.745446 0.653716 -0.130256
    outer loop
      vertex 0.0262442 -0.626643 7.97757
      vertex -0.0179157 -0.587915 7.91921
      vertex -0.0124826 -0.582482 7.97757
    endloop
  endfacet
  facet normal 0.491153 -0.0977151 0.865575
    outer loop
      vertex -0.132672 -0.925978 8.41059
      vertex -0.137752 -0.951512 8.41059
      vertex -0.0885115 -0.964706 8.38116
    endloop
  endfacet
  facet normal 0.376043 -0.0748046 0.923578
    outer loop
      vertex -0.15 -0.943328 8.41624
      vertex -0.132672 -0.925978 8.41059
      vertex -0.15 -0.923697 8.41783
    endloop
  endfacet
  facet normal 0.376053 -0.0748159 0.923573
    outer loop
      vertex -0.132672 -0.925978 8.41059
      vertex -0.15 -0.943328 8.41624
      vertex -0.137752 -0.951512 8.41059
    endloop
  endfacet
  facet normal 0.339846 -0.504105 0.793966
    outer loop
      vertex -0.149377 -1.13539 8.34533
      vertex -0.15 -1.13518 8.34573
      vertex -0.15 -1.13581 8.34533
    endloop
  endfacet
  facet normal 0.340438 -0.503092 0.794355
    outer loop
      vertex -0.149377 -1.13539 8.34533
      vertex -0.15 -1.13458 8.34611
      vertex -0.15 -1.13518 8.34573
    endloop
  endfacet
  facet normal 0.79229 0.0519211 -0.607931
    outer loop
      vertex 0.0441608 -0.9 7.75699
      vertex 0.00832748 -0.9 7.71029
      vertex 0.0409603 -0.851162 7.75699
    endloop
  endfacet
  facet normal 0.79229 -0.0519222 -0.607931
    outer loop
      vertex 0.0409603 -0.948837 7.75699
      vertex 0.00832748 -0.9 7.71029
      vertex 0.0441608 -0.9 7.75699
    endloop
  endfacet
  facet normal 0.491153 0.0977151 -0.865575
    outer loop
      vertex -0.132672 -0.874021 7.60341
      vertex -0.137752 -0.848487 7.60341
      vertex -0.0885115 -0.835293 7.63284
    endloop
  endfacet
  facet normal 0.491163 0.0977012 -0.865571
    outer loop
      vertex -0.0821314 -0.867367 7.63284
      vertex -0.132672 -0.874021 7.60341
      vertex -0.0885115 -0.835293 7.63284
    endloop
  endfacet
  facet normal 0.972435 0.19341 -0.13024
    outer loop
      vertex 0.107577 -0.842391 7.91921
      vertex 0.103736 -0.78378 7.97757
      vertex 0.115194 -0.841389 7.97757
    endloop
  endfacet
  facet normal 0.989359 0.0648533 -0.130242
    outer loop
      vertex 0.119036 -0.9 7.97757
      vertex 0.107577 -0.842391 7.91921
      vertex 0.115194 -0.841389 7.97757
    endloop
  endfacet
  facet normal 0.947501 0.188483 -0.258296
    outer loop
      vertex 0.092473 -0.844379 7.86235
      vertex 0.0815983 -0.789712 7.86235
      vertex 0.0963144 -0.785769 7.91921
    endloop
  endfacet
  facet normal 0.906405 0.180308 -0.381994
    outer loop
      vertex 0.092473 -0.844379 7.86235
      vertex 0.0598402 -0.795542 7.80797
      vertex 0.0815983 -0.789712 7.86235
    endloop
  endfacet
  facet normal 0.65373 0.745433 0.130256
    outer loop
      vertex -0.0124826 -0.582482 8.03643
      vertex -0.0613203 -0.54985 8.09479
      vertex -0.0179157 -0.587915 8.09479
    endloop
  endfacet
  facet normal 0.636973 0.726325 0.258295
    outer loop
      vertex -0.0179157 -0.587915 8.09479
      vertex -0.0613203 -0.54985 8.09479
      vertex -0.0286884 -0.598688 8.15165
    endloop
  endfacet
  facet normal 0.376053 -0.0748159 -0.923573
    outer loop
      vertex -0.15 -0.943328 7.59776
      vertex -0.132672 -0.925978 7.60341
      vertex -0.137752 -0.951512 7.60341
    endloop
  endfacet
  facet normal 0.376043 -0.0748046 -0.923578
    outer loop
      vertex -0.132672 -0.925978 7.60341
      vertex -0.15 -0.943328 7.59776
      vertex -0.15 -0.923697 7.59617
    endloop
  endfacet
  facet normal 0.375723 -0.0753702 -0.923662
    outer loop
      vertex -0.15 -0.94823 7.59816
      vertex -0.15 -0.943328 7.59776
      vertex -0.137752 -0.951512 7.60341
    endloop
  endfacet
  facet normal 0.670274 -0.227545 -0.706368
    outer loop
      vertex -0.0174255 -1.02947 7.71029
      vertex -0.0434036 -0.976792 7.66867
      vertex -0.00319958 -0.987565 7.71029
    endloop
  endfacet
  facet normal 0.694245 -0.138087 -0.706368
    outer loop
      vertex -0.00319958 -0.987565 7.71029
      vertex -0.0434036 -0.976792 7.66867
      vertex -0.0358324 -0.938727 7.66867
    endloop
  endfacet
  facet normal 0.363122 -0.123255 -0.923553
    outer loop
      vertex -0.15 -0.974558 7.60167
      vertex -0.137752 -0.951512 7.60341
      vertex -0.14612 -0.976165 7.60341
    endloop
  endfacet
  facet normal 0.363221 -0.123311 -0.923507
    outer loop
      vertex -0.137752 -0.951512 7.60341
      vertex -0.15 -0.974558 7.60167
      vertex -0.15 -0.952315 7.5987
    endloop
  endfacet
  facet normal 0.474206 -0.16096 -0.865575
    outer loop
      vertex -0.0885115 -0.964706 7.63284
      vertex -0.14612 -0.976165 7.60341
      vertex -0.137752 -0.951512 7.60341
    endloop
  endfacet
  facet normal 0.828868 -0.408739 0.381982
    outer loop
      vertex 0.0428705 -1.05445 8.20603
      vertex 0.0195208 -1.1018 8.20603
      vertex 0.0390291 -1.11306 8.15165
    endloop
  endfacet
  facet normal 0.768404 -0.513467 0.381977
    outer loop
      vertex 0.0195208 -1.1018 8.20603
      vertex -0.00980759 -1.14569 8.20603
      vertex 0.0390291 -1.11306 8.15165
    endloop
  endfacet
  facet normal 0.706335 0.0463017 0.706362
    outer loop
      vertex 0.00543308 -0.855839 8.30371
      vertex -0.0358324 -0.861272 8.34533
      vertex -0.0332937 -0.9 8.34533
    endloop
  endfacet
  facet normal 0.778743 0.154916 0.607914
    outer loop
      vertex 0.0314112 -0.80316 8.25701
      vertex -0.00319958 -0.812434 8.30371
      vertex 0.0409603 -0.851162 8.25701
    endloop
  endfacet
  facet normal 0.706339 -0.0462959 0.706359
    outer loop
      vertex 0.00832748 -0.9 8.30371
      vertex -0.0332937 -0.9 8.34533
      vertex 0.00543308 -0.94416 8.30371
    endloop
  endfacet
  facet normal 0.792286 -0.0519292 0.607936
    outer loop
      vertex 0.00832748 -0.9 8.30371
      vertex 0.00543308 -0.94416 8.30371
      vertex 0.0409603 -0.948837 8.25701
    endloop
  endfacet
  facet normal 0.608237 0.0398533 0.792754
    outer loop
      vertex -0.0332937 -0.9 8.34533
      vertex -0.0821314 -0.867367 8.38116
      vertex -0.0799932 -0.9 8.38116
    endloop
  endfacet
  facet normal 0.499713 0.0327425 0.865572
    outer loop
      vertex -0.0821314 -0.867367 8.38116
      vertex -0.13097 -0.9 8.41059
      vertex -0.0799932 -0.9 8.38116
    endloop
  endfacet
  facet normal 0.375723 0.0753702 0.923662
    outer loop
      vertex -0.137752 -0.848487 8.41059
      vertex -0.15 -0.851769 8.41584
      vertex -0.15 -0.856671 8.41624
    endloop
  endfacet
  facet normal 0.706339 0.0462948 0.706359
    outer loop
      vertex 0.00543308 -0.855839 8.30371
      vertex -0.0332937 -0.9 8.34533
      vertex 0.00832748 -0.9 8.30371
    endloop
  endfacet
  facet normal 0.792286 0.051928 0.607936
    outer loop
      vertex 0.0409603 -0.851162 8.25701
      vertex 0.00543308 -0.855839 8.30371
      vertex 0.00832748 -0.9 8.30371
    endloop
  endfacet
  facet normal -0.160954 0.474209 -0.865575
    outer loop
      vertex 7.92383 -1.65612 3.10341
      vertex 7.90433 -1.60902 3.13284
      vertex 7.94849 -1.64775 3.10341
    endloop
  endfacet
  facet normal -0.118895 0.597831 0.792756
    outer loop
      vertex 7.96737 -1.59213 3.88116
      vertex 7.92321 -1.5534 3.84533
      vertex 7.93529 -1.59851 3.88116
    endloop
  endfacet
  facet normal 0.48143 0.720421 0.499219
    outer loop
      vertex 8.2018 -1.49048 3.70603
      vertex 8.18708 -1.51597 3.75701
      vertex 8.24569 -1.51981 3.70603
    endloop
  endfacet
  facet normal 0.46671 0.532185 -0.706372
    outer loop
      vertex 8.2098 -1.6302 3.16867
      vertex 8.18062 -1.60461 3.16867
      vertex 8.20596 -1.57159 3.21029
    endloop
  endfacet
  facet normal 0.77711 0.383208 -0.499251
    outer loop
      vertex 8.33463 -1.66 3.26806
      vertex 8.34952 -1.6382 3.30797
      vertex 8.36027 -1.66 3.30797
    endloop
  endfacet
  facet normal 0.777205 0.383068 -0.49921
    outer loop
      vertex 8.34952 -1.6382 3.30797
      vertex 8.33463 -1.66 3.26806
      vertex 8.32403 -1.65292 3.25699
    endloop
  endfacet
  facet normal 0.651457 0.571359 0.499152
    outer loop
      vertex 8.28538 -1.55462 3.70603
      vertex 8.26457 -1.57543 3.75701
      vertex 8.32019 -1.59431 3.70603
    endloop
  endfacet
  facet normal -0.180304 0.906423 0.381952
    outer loop
      vertex 7.94438 -1.41753 3.65165
      vertex 7.89554 -1.45016 3.70603
      vertex 7.94732 -1.43986 3.70603
    endloop
  endfacet
  facet normal -0.532174 0.466752 -0.706352
    outer loop
      vertex 7.7902 -1.6302 3.16867
      vertex 7.73159 -1.63404 3.21029
      vertex 7.76077 -1.60077 3.21029
    endloop
  endfacet
  facet normal -0.0398902 0.608232 -0.792756
    outer loop
      vertex 8 -1.58999 3.13284
      vertex 7.96737 -1.59213 3.13284
      vertex 8 -1.54329 3.16867
    endloop
  endfacet
  facet normal -0.123144 0.363085 0.923582
    outer loop
      vertex 7.92724 -1.66 3.91257
      vertex 7.92383 -1.65612 3.91059
      vertex 7.92544 -1.66 3.91233
    endloop
  endfacet
  facet normal 0.694811 0.609382 0.381958
    outer loop
      vertex 8.33806 -1.5806 3.65165
      vertex 8.28538 -1.55462 3.70603
      vertex 8.32019 -1.59431 3.70603
    endloop
  endfacet
  facet normal 0.7455 0.653663 -0.130213
    outer loop
      vertex 8.35015 -1.57132 3.41921
      vertex 8.31752 -1.52248 3.47757
      vertex 8.35624 -1.56664 3.47757
    endloop
  endfacet
  facet normal 0.596908 0.523528 -0.607963
    outer loop
      vertex 8.26841 -1.63404 3.21029
      vertex 8.23923 -1.60077 3.21029
      vertex 8.26457 -1.57543 3.25699
    endloop
  endfacet
  facet normal -0.694845 0.609295 -0.382033
    outer loop
      vertex 7.71462 -1.55462 3.30797
      vertex 7.66194 -1.5806 3.36235
      vertex 7.69869 -1.53869 3.36235
    endloop
  endfacet
  facet normal -0.609377 0.694772 0.382036
    outer loop
      vertex 7.74059 -1.50194 3.65165
      vertex 7.69869 -1.53869 3.65165
      vertex 7.71462 -1.55462 3.70603
    endloop
  endfacet
  facet normal 0.330217 0.376671 0.865491
    outer loop
      vertex 8.15219 -1.64166 3.88116
      vertex 8.13812 -1.66 3.89451
      vertex 8.17311 -1.66 3.88116
    endloop
  endfacet
  facet normal -0.297113 0.875092 -0.382019
    outer loop
      vertex 7.89554 -1.45016 3.30797
      vertex 7.83693 -1.44632 3.36235
      vertex 7.88971 -1.4284 3.36235
    endloop
  endfacet
  facet normal 0.27852 0.820511 -0.499188
    outer loop
      vertex 8.14318 -1.49432 3.25699
      vertex 8.09684 -1.47859 3.25699
      vertex 8.15445 -1.46713 3.30797
    endloop
  endfacet
  facet normal 0.751901 0.659276 0
    outer loop
      vertex 8.35624 -1.56664 3.53643
      vertex 8.31752 -1.52248 3.47757
      vertex 8.31752 -1.52248 3.53643
    endloop
  endfacet
  facet normal 0.751901 0.659276 0
    outer loop
      vertex 8.31752 -1.52248 3.47757
      vertex 8.35624 -1.56664 3.53643
      vertex 8.35624 -1.56664 3.47757
    endloop
  endfacet
  facet normal 0.503436 0.341037 0.79388
    outer loop
      vertex 8.23539 -1.65938 3.84533
      vertex 8.23458 -1.66 3.84611
      vertex 8.23581 -1.66 3.84533
    endloop
  endfacet
  facet normal 0.180304 0.906423 -0.381952
    outer loop
      vertex 8.10446 -1.45016 3.30797
      vertex 8.05268 -1.43986 3.30797
      vertex 8.05562 -1.41753 3.36235
    endloop
  endfacet
  facet normal 0.227594 0.670198 0.706425
    outer loop
      vertex 8.12947 -1.52742 3.80371
      vertex 8.07679 -1.5534 3.84533
      vertex 8.11354 -1.56588 3.84533
    endloop
  endfacet
  facet normal 0.720421 0.48143 -0.499219
    outer loop
      vertex 8.32403 -1.65292 3.25699
      vertex 8.32019 -1.59431 3.30797
      vertex 8.34952 -1.6382 3.30797
    endloop
  endfacet
  facet normal 0.803281 0.536692 -0.258264
    outer loop
      vertex 8.36903 -1.62694 3.36235
      vertex 8.35015 -1.57132 3.41921
      vertex 8.38222 -1.61932 3.41921
    endloop
  endfacet
  facet normal 0.74534 0.653804 0.13042
    outer loop
      vertex 8.31752 -1.52248 3.53643
      vertex 8.31208 -1.52792 3.59479
      vertex 8.35015 -1.57132 3.59479
    endloop
  endfacet
  facet normal 0.313149 0.634775 -0.706398
    outer loop
      vertex 8.14835 -1.58305 3.16867
      vertex 8.12947 -1.52742 3.21029
      vertex 8.16916 -1.547 3.21029
    endloop
  endfacet
  facet normal -0.596874 0.523543 0.607984
    outer loop
      vertex 7.73543 -1.57543 3.75701
      vertex 7.70316 -1.61222 3.75701
      vertex 7.73159 -1.63404 3.80371
    endloop
  endfacet
  facet normal -0.609377 0.694772 -0.382036
    outer loop
      vertex 7.71462 -1.55462 3.30797
      vertex 7.69869 -1.53869 3.36235
      vertex 7.74059 -1.50194 3.36235
    endloop
  endfacet
  facet normal -0.745404 0.653747 -0.130338
    outer loop
      vertex 7.64985 -1.57132 3.41921
      vertex 7.64375 -1.56664 3.47757
      vertex 7.68248 -1.52248 3.47757
    endloop
  endfacet
  facet normal -0.221569 0.44911 0.865568
    outer loop
      vertex 7.90433 -1.60902 3.88116
      vertex 7.875 -1.62349 3.88116
      vertex 7.92383 -1.65612 3.91059
    endloop
  endfacet
  facet normal 0.694845 0.609295 0.382033
    outer loop
      vertex 8.30131 -1.53869 3.65165
      vertex 8.28538 -1.55462 3.70603
      vertex 8.33806 -1.5806 3.65165
    endloop
  endfacet
  facet normal 0.51349 0.768396 0.381964
    outer loop
      vertex 8.2594 -1.50194 3.65165
      vertex 8.2018 -1.49048 3.70603
      vertex 8.24569 -1.51981 3.70603
    endloop
  endfacet
  facet normal 0.0632624 0.964015 0.258212
    outer loop
      vertex 8.05562 -1.41753 3.65165
      vertex 8 -1.39865 3.59479
      vertex 8 -1.41388 3.65165
    endloop
  endfacet
  facet normal -0.532174 0.466752 0.706352
    outer loop
      vertex 7.76077 -1.60077 3.80371
      vertex 7.73159 -1.63404 3.80371
      vertex 7.7902 -1.6302 3.84533
    endloop
  endfacet
  facet normal -0.227594 0.670198 -0.706425
    outer loop
      vertex 7.88646 -1.56588 3.16867
      vertex 7.87053 -1.52742 3.21029
      vertex 7.92321 -1.5534 3.16867
    endloop
  endfacet
  facet normal 0.523528 0.596908 -0.607963
    outer loop
      vertex 8.23923 -1.60077 3.21029
      vertex 8.20596 -1.57159 3.21029
      vertex 8.26457 -1.57543 3.25699
    endloop
  endfacet
  facet normal -0.278533 0.820499 -0.4992
    outer loop
      vertex 7.90316 -1.47859 3.25699
      vertex 7.84555 -1.46713 3.30797
      vertex 7.89554 -1.45016 3.30797
    endloop
  endfacet
  facet normal -0.16951 0.343388 -0.92377
    outer loop
      vertex 7.92409 -1.66 3.10192
      vertex 7.91597 -1.66 3.10341
      vertex 7.92383 -1.65612 3.10341
    endloop
  endfacet
  facet normal 0.896911 0.44221 0
    outer loop
      vertex 8.41083 -1.66 3.53643
      vertex 8.38888 -1.61548 3.47757
      vertex 8.38888 -1.61548 3.53643
    endloop
  endfacet
  facet normal 0.896911 0.44221 0
    outer loop
      vertex 8.38888 -1.61548 3.47757
      vertex 8.41083 -1.66 3.53643
      vertex 8.41083 -1.66 3.47757
    endloop
  endfacet
  facet normal 0.063083 0.963982 0.258377
    outer loop
      vertex 8.05761 -1.40242 3.59479
      vertex 8 -1.39865 3.59479
      vertex 8.05562 -1.41753 3.65165
    endloop
  endfacet
  facet normal -0.063083 0.963982 0.258377
    outer loop
      vertex 8 -1.39865 3.59479
      vertex 7.94239 -1.40242 3.59479
      vertex 7.94438 -1.41753 3.65165
    endloop
  endfacet
  facet normal 0.824344 0.550913 -0.130201
    outer loop
      vertex 8.38888 -1.61548 3.47757
      vertex 8.35015 -1.57132 3.41921
      vertex 8.35624 -1.56664 3.47757
    endloop
  endfacet
  facet normal 0.653663 0.7455 -0.130213
    outer loop
      vertex 8.31752 -1.52248 3.47757
      vertex 8.26868 -1.48985 3.41921
      vertex 8.27336 -1.48376 3.47757
    endloop
  endfacet
  facet normal 0.609295 0.694845 -0.382033
    outer loop
      vertex 8.28538 -1.55462 3.30797
      vertex 8.2594 -1.50194 3.36235
      vertex 8.30131 -1.53869 3.36235
    endloop
  endfacet
  facet normal 0.768385 0.513482 -0.381997
    outer loop
      vertex 8.34952 -1.6382 3.30797
      vertex 8.32019 -1.59431 3.30797
      vertex 8.36903 -1.62694 3.36235
    endloop
  endfacet
  facet normal 0.523496 0.596984 -0.607916
    outer loop
      vertex 8.26457 -1.57543 3.25699
      vertex 8.20596 -1.57159 3.21029
      vertex 8.22777 -1.54316 3.25699
    endloop
  endfacet
  facet normal 0.866474 0.427209 -0.258293
    outer loop
      vertex 8.38533 -1.66 3.36235
      vertex 8.36903 -1.62694 3.36235
      vertex 8.39802 -1.66 3.40492
    endloop
  endfacet
  facet normal -0.0326996 0.499726 -0.865566
    outer loop
      vertex 7.97402 -1.64267 3.10341
      vertex 7.96737 -1.59213 3.13284
      vertex 8 -1.64097 3.10341
    endloop
  endfacet
  facet normal -0.0519127 0.792318 0.607896
    outer loop
      vertex 8 -1.46584 3.75701
      vertex 7.95116 -1.46904 3.75701
      vertex 8 -1.50167 3.80371
    endloop
  endfacet
  facet normal -0.277873 0.416613 0.865575
    outer loop
      vertex 7.89608 -1.66 3.9055
      vertex 7.875 -1.62349 3.88116
      vertex 7.87739 -1.66 3.8995
    endloop
  endfacet
  facet normal 0.169049 0.849838 0.499197
    outer loop
      vertex 8.10446 -1.45016 3.70603
      vertex 8.05268 -1.43986 3.70603
      vertex 8.09684 -1.47859 3.75701
    endloop
  endfacet
  facet normal -0.227488 0.670305 -0.706357
    outer loop
      vertex 7.92321 -1.5534 3.16867
      vertex 7.87053 -1.52742 3.21029
      vertex 7.91243 -1.5132 3.21029
    endloop
  endfacet
  facet normal -0.889274 0.438445 -0.130221
    outer loop
      vertex 7.59601 -1.66 3.43086
      vertex 7.58917 -1.66 3.47757
      vertex 7.61112 -1.61548 3.47757
    endloop
  endfacet
  facet normal -0.828928 0.408697 0.381896
    outer loop
      vertex 7.63097 -1.62694 3.65165
      vertex 7.61467 -1.66 3.65165
      vertex 7.6288 -1.66 3.68232
    endloop
  endfacet
  facet normal -0.866474 0.427209 0.258293
    outer loop
      vertex 7.63097 -1.62694 3.65165
      vertex 7.60198 -1.66 3.60908
      vertex 7.61467 -1.66 3.65165
    endloop
  endfacet
  facet normal 0.550913 0.824344 0.130201
    outer loop
      vertex 8.27336 -1.48376 3.53643
      vertex 8.22452 -1.45112 3.53643
      vertex 8.26868 -1.48985 3.59479
    endloop
  endfacet
  facet normal 0.427339 0.866391 0.258357
    outer loop
      vertex 8.1689 -1.43224 3.59479
      vertex 8.16307 -1.44632 3.65165
      vertex 8.22068 -1.45778 3.59479
    endloop
  endfacet
  facet normal -0.0648204 0.989355 0.13029
    outer loop
      vertex 8 -1.39096 3.53643
      vertex 7.94139 -1.3948 3.53643
      vertex 7.94239 -1.40242 3.59479
    endloop
  endfacet
  facet normal -0.310584 0.914767 0.258338
    outer loop
      vertex 7.88577 -1.41368 3.59479
      vertex 7.83693 -1.44632 3.65165
      vertex 7.88971 -1.4284 3.65165
    endloop
  endfacet
  facet normal -0.513437 0.768414 0.381998
    outer loop
      vertex 7.78694 -1.47097 3.65165
      vertex 7.74059 -1.50194 3.65165
      vertex 7.7982 -1.49048 3.70603
    endloop
  endfacet
  facet normal -0.751817 0.659372 0
    outer loop
      vertex 7.64375 -1.56664 3.47757
      vertex 7.68248 -1.52248 3.53643
      vertex 7.68248 -1.52248 3.47757
    endloop
  endfacet
  facet normal -0.751817 0.659372 0
    outer loop
      vertex 7.68248 -1.52248 3.53643
      vertex 7.64375 -1.56664 3.47757
      vertex 7.64375 -1.56664 3.53643
    endloop
  endfacet
  facet normal -0.550802 0.824399 0.130322
    outer loop
      vertex 7.77548 -1.45112 3.53643
      vertex 7.73132 -1.48985 3.59479
      vertex 7.77932 -1.45778 3.59479
    endloop
  endfacet
  facet normal -0.193438 0.972424 0.130283
    outer loop
      vertex 7.94139 -1.3948 3.53643
      vertex 7.88378 -1.40626 3.53643
      vertex 7.94239 -1.40242 3.59479
    endloop
  endfacet
  facet normal -0.0653777 0.997861 0
    outer loop
      vertex 8 -1.39096 3.47757
      vertex 7.94139 -1.3948 3.53643
      vertex 8 -1.39096 3.53643
    endloop
  endfacet
  facet normal -0.0653777 0.997861 0
    outer loop
      vertex 7.94139 -1.3948 3.53643
      vertex 8 -1.39096 3.47757
      vertex 7.94139 -1.3948 3.47757
    endloop
  endfacet
  facet normal -0.154939 0.778751 -0.607899
    outer loop
      vertex 7.91243 -1.5132 3.21029
      vertex 7.90316 -1.47859 3.25699
      vertex 7.95116 -1.46904 3.25699
    endloop
  endfacet
  facet normal 0.351208 0.712149 -0.607863
    outer loop
      vertex 8.18708 -1.51597 3.25699
      vertex 8.12947 -1.52742 3.21029
      vertex 8.14318 -1.49432 3.25699
    endloop
  endfacet
  facet normal 0.0326996 0.499726 -0.865566
    outer loop
      vertex 8.02598 -1.64267 3.10341
      vertex 8 -1.64097 3.10341
      vertex 8.03263 -1.59213 3.13284
    endloop
  endfacet
  facet normal 0.651457 0.571359 -0.499152
    outer loop
      vertex 8.32019 -1.59431 3.30797
      vertex 8.26457 -1.57543 3.25699
      vertex 8.28538 -1.55462 3.30797
    endloop
  endfacet
  facet normal 0.169049 0.849838 -0.499197
    outer loop
      vertex 8.09684 -1.47859 3.25699
      vertex 8.05268 -1.43986 3.30797
      vertex 8.10446 -1.45016 3.30797
    endloop
  endfacet
  facet normal -0.0566257 0.864649 -0.499174
    outer loop
      vertex 7.95116 -1.46904 3.25699
      vertex 7.94732 -1.43986 3.30797
      vertex 8 -1.43641 3.30797
    endloop
  endfacet
  facet normal 0.550802 0.824399 -0.130322
    outer loop
      vertex 8.26868 -1.48985 3.41921
      vertex 8.22068 -1.45778 3.41921
      vertex 8.22452 -1.45112 3.47757
    endloop
  endfacet
  facet normal 0.318733 0.938854 -0.130236
    outer loop
      vertex 8.1689 -1.43224 3.41921
      vertex 8.11423 -1.41368 3.41921
      vertex 8.11622 -1.40626 3.47757
    endloop
  endfacet
  facet normal -0.269692 0.546652 0.792741
    outer loop
      vertex 7.90433 -1.60902 3.88116
      vertex 7.85165 -1.58305 3.84533
      vertex 7.875 -1.62349 3.88116
    endloop
  endfacet
  facet normal 0.0746182 0.376517 0.9234
    outer loop
      vertex 8.05151 -1.64775 3.91059
      vertex 8.02942 -1.66 3.91737
      vertex 8.04823 -1.66 3.91585
    endloop
  endfacet
  facet normal 0.0748503 0.376167 0.923524
    outer loop
      vertex 8.02942 -1.66 3.91737
      vertex 8.05151 -1.64775 3.91059
      vertex 8.02598 -1.64267 3.91059
    endloop
  endfacet
  facet normal 0.889274 0.438445 0.130221
    outer loop
      vertex 8.41083 -1.66 3.53643
      vertex 8.38888 -1.61548 3.53643
      vertex 8.40399 -1.66 3.58314
    endloop
  endfacet
  facet normal 0.711741 0.351849 0.607969
    outer loop
      vertex 8.32403 -1.65292 3.75701
      vertex 8.31177 -1.66 3.77546
      vertex 8.32753 -1.66 3.75701
    endloop
  endfacet
  facet normal 0.726343 0.636915 0.25839
    outer loop
      vertex 8.35015 -1.57132 3.59479
      vertex 8.30131 -1.53869 3.65165
      vertex 8.33806 -1.5806 3.65165
    endloop
  endfacet
  facet normal 0.310556 0.91477 0.258363
    outer loop
      vertex 8.1689 -1.43224 3.59479
      vertex 8.11423 -1.41368 3.59479
      vertex 8.16307 -1.44632 3.65165
    endloop
  endfacet
  facet normal 0.803182 0.536783 0.258386
    outer loop
      vertex 8.35015 -1.57132 3.59479
      vertex 8.33806 -1.5806 3.65165
      vertex 8.36903 -1.62694 3.65165
    endloop
  endfacet
  facet normal 0.427339 0.866391 -0.258357
    outer loop
      vertex 8.22068 -1.45778 3.41921
      vertex 8.16307 -1.44632 3.36235
      vertex 8.1689 -1.43224 3.41921
    endloop
  endfacet
  facet normal 0.571359 0.651457 -0.499152
    outer loop
      vertex 8.26457 -1.57543 3.25699
      vertex 8.24569 -1.51981 3.30797
      vertex 8.28538 -1.55462 3.30797
    endloop
  endfacet
  facet normal 0.653804 0.74534 -0.13042
    outer loop
      vertex 8.31208 -1.52792 3.41921
      vertex 8.26868 -1.48985 3.41921
      vertex 8.31752 -1.52248 3.47757
    endloop
  endfacet
  facet normal 0.636915 0.726343 -0.25839
    outer loop
      vertex 8.30131 -1.53869 3.36235
      vertex 8.2594 -1.50194 3.36235
      vertex 8.26868 -1.48985 3.41921
    endloop
  endfacet
  facet normal -0.063083 0.963982 -0.258377
    outer loop
      vertex 7.94438 -1.41753 3.36235
      vertex 7.94239 -1.40242 3.41921
      vertex 8 -1.39865 3.41921
    endloop
  endfacet
  facet normal 0.442304 0.896865 -0
    outer loop
      vertex 8.22452 -1.45112 3.47757
      vertex 8.17184 -1.42514 3.53643
      vertex 8.22452 -1.45112 3.53643
    endloop
  endfacet
  facet normal 0.442304 0.896865 0
    outer loop
      vertex 8.17184 -1.42514 3.53643
      vertex 8.22452 -1.45112 3.47757
      vertex 8.17184 -1.42514 3.47757
    endloop
  endfacet
  facet normal 0.694811 0.609382 -0.381958
    outer loop
      vertex 8.32019 -1.59431 3.30797
      vertex 8.28538 -1.55462 3.30797
      vertex 8.33806 -1.5806 3.36235
    endloop
  endfacet
  facet normal 0.82883 0.408793 -0.382006
    outer loop
      vertex 8.3712 -1.66 3.33168
      vertex 8.34952 -1.6382 3.30797
      vertex 8.36903 -1.62694 3.36235
    endloop
  endfacet
  facet normal 0.828834 0.408714 -0.382082
    outer loop
      vertex 8.34952 -1.6382 3.30797
      vertex 8.3712 -1.66 3.33168
      vertex 8.36027 -1.66 3.30797
    endloop
  endfacet
  facet normal 0.889212 0.438539 -0.130331
    outer loop
      vertex 8.40399 -1.66 3.43086
      vertex 8.38222 -1.61932 3.41921
      vertex 8.38888 -1.61548 3.47757
    endloop
  endfacet
  facet normal 0.889211 0.438485 -0.130519
    outer loop
      vertex 8.38222 -1.61932 3.41921
      vertex 8.40399 -1.66 3.43086
      vertex 8.40228 -1.66 3.41921
    endloop
  endfacet
  facet normal 0.466752 0.532174 -0.706352
    outer loop
      vertex 8.2098 -1.6302 3.16867
      vertex 8.20596 -1.57159 3.21029
      vertex 8.23923 -1.60077 3.21029
    endloop
  endfacet
  facet normal 0.651442 0.571406 -0.499118
    outer loop
      vertex 8.29684 -1.61222 3.25699
      vertex 8.26457 -1.57543 3.25699
      vertex 8.32019 -1.59431 3.30797
    endloop
  endfacet
  facet normal 0.587374 0.397899 -0.704747
    outer loop
      vertex 8.23539 -1.65938 3.16867
      vertex 8.26325 -1.66 3.19154
      vertex 8.23581 -1.66 3.16867
    endloop
  endfacet
  facet normal 0.588599 0.393189 -0.706366
    outer loop
      vertex 8.26325 -1.66 3.19154
      vertex 8.23539 -1.65938 3.16867
      vertex 8.26841 -1.63404 3.21029
    endloop
  endfacet
  facet normal 0.503436 0.341037 -0.79388
    outer loop
      vertex 8.23581 -1.66 3.16867
      vertex 8.23458 -1.66 3.16789
      vertex 8.23539 -1.65938 3.16867
    endloop
  endfacet
  facet normal -0.221547 0.448804 -0.865732
    outer loop
      vertex 7.89608 -1.66 3.1085
      vertex 7.92383 -1.65612 3.10341
      vertex 7.91597 -1.66 3.10341
    endloop
  endfacet
  facet normal -0.221561 0.449119 -0.865565
    outer loop
      vertex 7.92383 -1.65612 3.10341
      vertex 7.89608 -1.66 3.1085
      vertex 7.875 -1.62349 3.13284
    endloop
  endfacet
  facet normal -0.441131 0.660172 0.607928
    outer loop
      vertex 7.81292 -1.51597 3.75701
      vertex 7.79404 -1.57159 3.80371
      vertex 7.83084 -1.547 3.80371
    endloop
  endfacet
  facet normal 0.523528 0.596908 0.607963
    outer loop
      vertex 8.26457 -1.57543 3.75701
      vertex 8.20596 -1.57159 3.80371
      vertex 8.23923 -1.60077 3.80371
    endloop
  endfacet
  facet normal -0.651442 0.571406 0.499118
    outer loop
      vertex 7.73543 -1.57543 3.75701
      vertex 7.67981 -1.59431 3.70603
      vertex 7.70316 -1.61222 3.75701
    endloop
  endfacet
  facet normal -0.0976802 0.491157 0.865577
    outer loop
      vertex 7.96737 -1.59213 3.88116
      vertex 7.93529 -1.59851 3.88116
      vertex 7.94849 -1.64775 3.91059
    endloop
  endfacet
  facet normal -0.0398902 0.608232 0.792756
    outer loop
      vertex 8 -1.54329 3.84533
      vertex 7.96737 -1.59213 3.88116
      vertex 8 -1.58999 3.88116
    endloop
  endfacet
  facet normal -0.046326 0.706381 0.706315
    outer loop
      vertex 8 -1.54329 3.84533
      vertex 7.95584 -1.50457 3.80371
      vertex 7.96127 -1.54583 3.84533
    endloop
  endfacet
  facet normal -0.196014 0.577204 0.792726
    outer loop
      vertex 7.92321 -1.5534 3.84533
      vertex 7.88646 -1.56588 3.84533
      vertex 7.90433 -1.60902 3.88116
    endloop
  endfacet
  facet normal -0.441042 0.660185 -0.607978
    outer loop
      vertex 7.79404 -1.57159 3.21029
      vertex 7.77222 -1.54316 3.25699
      vertex 7.81292 -1.51597 3.25699
    endloop
  endfacet
  facet normal -0.536721 0.803262 -0.258263
    outer loop
      vertex 7.78694 -1.47097 3.36235
      vertex 7.74059 -1.50194 3.36235
      vertex 7.77932 -1.45778 3.41921
    endloop
  endfacet
  facet normal -0.513437 0.768414 -0.381998
    outer loop
      vertex 7.7982 -1.49048 3.30797
      vertex 7.74059 -1.50194 3.36235
      vertex 7.78694 -1.47097 3.36235
    endloop
  endfacet
  facet normal -0.193389 0.97244 -0.130232
    outer loop
      vertex 7.88577 -1.41368 3.41921
      vertex 7.88378 -1.40626 3.47757
      vertex 7.94239 -1.40242 3.41921
    endloop
  endfacet
  facet normal -0.720532 0.481358 -0.499128
    outer loop
      vertex 7.70316 -1.61222 3.25699
      vertex 7.67597 -1.65292 3.25699
      vertex 7.67981 -1.59431 3.30797
    endloop
  endfacet
  facet normal -0.571406 0.651442 0.499118
    outer loop
      vertex 7.75431 -1.51981 3.70603
      vertex 7.73543 -1.57543 3.75701
      vertex 7.77222 -1.54316 3.75701
    endloop
  endfacet
  facet normal -0.803182 0.536783 0.258386
    outer loop
      vertex 7.64985 -1.57132 3.59479
      vertex 7.63097 -1.62694 3.65165
      vertex 7.66194 -1.5806 3.65165
    endloop
  endfacet
  facet normal 0.571359 0.651457 0.499152
    outer loop
      vertex 8.28538 -1.55462 3.70603
      vertex 8.24569 -1.51981 3.70603
      vertex 8.26457 -1.57543 3.75701
    endloop
  endfacet
  facet normal 0.609382 0.694811 0.381958
    outer loop
      vertex 8.2594 -1.50194 3.65165
      vertex 8.24569 -1.51981 3.70603
      vertex 8.28538 -1.55462 3.70603
    endloop
  endfacet
  facet normal -0.318733 0.938854 0.130236
    outer loop
      vertex 7.88378 -1.40626 3.53643
      vertex 7.8311 -1.43224 3.59479
      vertex 7.88577 -1.41368 3.59479
    endloop
  endfacet
  facet normal 0.438534 0.889222 0.130274
    outer loop
      vertex 8.17184 -1.42514 3.53643
      vertex 8.1689 -1.43224 3.59479
      vertex 8.22452 -1.45112 3.53643
    endloop
  endfacet
  facet normal 0.123144 0.363085 0.923582
    outer loop
      vertex 8.07617 -1.65612 3.91059
      vertex 8.07276 -1.66 3.91257
      vertex 8.07456 -1.66 3.91233
    endloop
  endfacet
  facet normal -0.310556 0.91477 0.258363
    outer loop
      vertex 7.88577 -1.41368 3.59479
      vertex 7.8311 -1.43224 3.59479
      vertex 7.83693 -1.44632 3.65165
    endloop
  endfacet
  facet normal -0.297113 0.875092 0.382019
    outer loop
      vertex 7.88971 -1.4284 3.65165
      vertex 7.83693 -1.44632 3.65165
      vertex 7.89554 -1.45016 3.70603
    endloop
  endfacet
  facet normal -0.694845 0.609295 0.382033
    outer loop
      vertex 7.69869 -1.53869 3.65165
      vertex 7.66194 -1.5806 3.65165
      vertex 7.71462 -1.55462 3.70603
    endloop
  endfacet
  facet normal -0.427339 0.866391 0.258357
    outer loop
      vertex 7.8311 -1.43224 3.59479
      vertex 7.77932 -1.45778 3.59479
      vertex 7.83693 -1.44632 3.65165
    endloop
  endfacet
  facet normal -0.195101 0.980783 0
    outer loop
      vertex 7.94139 -1.3948 3.47757
      vertex 7.88378 -1.40626 3.53643
      vertex 7.94139 -1.3948 3.53643
    endloop
  endfacet
  facet normal -0.195101 0.980783 0
    outer loop
      vertex 7.88378 -1.40626 3.53643
      vertex 7.94139 -1.3948 3.47757
      vertex 7.88378 -1.40626 3.47757
    endloop
  endfacet
  facet normal -0.513471 0.768368 -0.382044
    outer loop
      vertex 7.75431 -1.51981 3.30797
      vertex 7.74059 -1.50194 3.36235
      vertex 7.7982 -1.49048 3.30797
    endloop
  endfacet
  facet normal 0.193438 0.972424 0.130283
    outer loop
      vertex 8.05861 -1.3948 3.53643
      vertex 8.05761 -1.40242 3.59479
      vertex 8.11622 -1.40626 3.53643
    endloop
  endfacet
  facet normal 0.351276 0.712061 -0.607926
    outer loop
      vertex 8.16916 -1.547 3.21029
      vertex 8.12947 -1.52742 3.21029
      vertex 8.18708 -1.51597 3.25699
    endloop
  endfacet
  facet normal 0.383232 0.777131 -0.4992
    outer loop
      vertex 8.2018 -1.49048 3.30797
      vertex 8.14318 -1.49432 3.25699
      vertex 8.15445 -1.46713 3.30797
    endloop
  endfacet
  facet normal 0.269692 0.546652 -0.792741
    outer loop
      vertex 8.125 -1.62349 3.13284
      vertex 8.09567 -1.60902 3.13284
      vertex 8.14835 -1.58305 3.16867
    endloop
  endfacet
  facet normal -0.118895 0.597831 -0.792756
    outer loop
      vertex 7.93529 -1.59851 3.13284
      vertex 7.92321 -1.5534 3.16867
      vertex 7.96737 -1.59213 3.13284
    endloop
  endfacet
  facet normal -0.169084 0.849846 -0.499172
    outer loop
      vertex 7.95116 -1.46904 3.25699
      vertex 7.90316 -1.47859 3.25699
      vertex 7.94732 -1.43986 3.30797
    endloop
  endfacet
  facet normal 0.118895 0.597831 -0.792756
    outer loop
      vertex 8.06471 -1.59851 3.13284
      vertex 8.03263 -1.59213 3.13284
      vertex 8.07679 -1.5534 3.16867
    endloop
  endfacet
  facet normal -0.532185 0.46671 -0.706372
    outer loop
      vertex 7.76461 -1.65938 3.16867
      vertex 7.73159 -1.63404 3.21029
      vertex 7.7902 -1.6302 3.16867
    endloop
  endfacet
  facet normal -0.338683 0.506814 -0.792738
    outer loop
      vertex 7.875 -1.62349 3.13284
      vertex 7.84781 -1.64166 3.13284
      vertex 7.85165 -1.58305 3.16867
    endloop
  endfacet
  facet normal -0.828834 0.408714 -0.382082
    outer loop
      vertex 7.6288 -1.66 3.33168
      vertex 7.65048 -1.6382 3.30797
      vertex 7.63973 -1.66 3.30797
    endloop
  endfacet
  facet normal -0.82883 0.408793 -0.382006
    outer loop
      vertex 7.65048 -1.6382 3.30797
      vertex 7.6288 -1.66 3.33168
      vertex 7.63097 -1.62694 3.36235
    endloop
  endfacet
  facet normal 0.803281 0.536692 0.258264
    outer loop
      vertex 8.38222 -1.61932 3.59479
      vertex 8.35015 -1.57132 3.59479
      vertex 8.36903 -1.62694 3.65165
    endloop
  endfacet
  facet normal 0.777006 0.383456 0.499222
    outer loop
      vertex 8.33463 -1.66 3.74595
      vertex 8.34952 -1.6382 3.70603
      vertex 8.32403 -1.65292 3.75701
    endloop
  endfacet
  facet normal 0.777159 0.383232 0.499157
    outer loop
      vertex 8.34952 -1.6382 3.70603
      vertex 8.33463 -1.66 3.74595
      vertex 8.36027 -1.66 3.70603
    endloop
  endfacet
  facet normal 0.768375 0.513521 0.381964
    outer loop
      vertex 8.33806 -1.5806 3.65165
      vertex 8.32019 -1.59431 3.70603
      vertex 8.36903 -1.62694 3.65165
    endloop
  endfacet
  facet normal 0.889211 0.438485 0.130519
    outer loop
      vertex 8.40399 -1.66 3.58314
      vertex 8.38222 -1.61932 3.59479
      vertex 8.40228 -1.66 3.59479
    endloop
  endfacet
  facet normal 0.889212 0.438539 0.130331
    outer loop
      vertex 8.38222 -1.61932 3.59479
      vertex 8.40399 -1.66 3.58314
      vertex 8.38888 -1.61548 3.53643
    endloop
  endfacet
  facet normal 0.768385 0.513482 0.381997
    outer loop
      vertex 8.36903 -1.62694 3.65165
      vertex 8.32019 -1.59431 3.70603
      vertex 8.34952 -1.6382 3.70603
    endloop
  endfacet
  facet normal 0.596874 0.523543 0.607984
    outer loop
      vertex 8.29684 -1.61222 3.75701
      vertex 8.26457 -1.57543 3.75701
      vertex 8.26841 -1.63404 3.80371
    endloop
  endfacet
  facet normal 0.555643 0.831421 -0
    outer loop
      vertex 8.27336 -1.48376 3.47757
      vertex 8.22452 -1.45112 3.53643
      vertex 8.27336 -1.48376 3.53643
    endloop
  endfacet
  facet normal 0.555643 0.831421 0
    outer loop
      vertex 8.22452 -1.45112 3.53643
      vertex 8.27336 -1.48376 3.47757
      vertex 8.22452 -1.45112 3.47757
    endloop
  endfacet
  facet normal 0.831421 0.555643 0
    outer loop
      vertex 8.38888 -1.61548 3.53643
      vertex 8.35624 -1.56664 3.47757
      vertex 8.35624 -1.56664 3.53643
    endloop
  endfacet
  facet normal 0.831421 0.555643 0
    outer loop
      vertex 8.35624 -1.56664 3.47757
      vertex 8.38888 -1.61548 3.53643
      vertex 8.38888 -1.61548 3.47757
    endloop
  endfacet
  facet normal 0.195101 0.980783 -0
    outer loop
      vertex 8.11622 -1.40626 3.47757
      vertex 8.05861 -1.3948 3.53643
      vertex 8.11622 -1.40626 3.53643
    endloop
  endfacet
  facet normal 0.195101 0.980783 0
    outer loop
      vertex 8.05861 -1.3948 3.53643
      vertex 8.11622 -1.40626 3.47757
      vertex 8.05861 -1.3948 3.47757
    endloop
  endfacet
  facet normal 0.180304 0.906423 0.381952
    outer loop
      vertex 8.05562 -1.41753 3.65165
      vertex 8.05268 -1.43986 3.70603
      vertex 8.10446 -1.45016 3.70603
    endloop
  endfacet
  facet normal 0.188427 0.947489 0.258381
    outer loop
      vertex 8.05761 -1.40242 3.59479
      vertex 8.05562 -1.41753 3.65165
      vertex 8.11423 -1.41368 3.59479
    endloop
  endfacet
  facet normal 0.536675 0.803255 0.258384
    outer loop
      vertex 8.26868 -1.48985 3.59479
      vertex 8.22068 -1.45778 3.59479
      vertex 8.2594 -1.50194 3.65165
    endloop
  endfacet
  facet normal 0.383246 0.777114 -0.499216
    outer loop
      vertex 8.18708 -1.51597 3.25699
      vertex 8.14318 -1.49432 3.25699
      vertex 8.2018 -1.49048 3.30797
    endloop
  endfacet
  facet normal 0.310556 0.91477 -0.258363
    outer loop
      vertex 8.16307 -1.44632 3.36235
      vertex 8.11423 -1.41368 3.41921
      vertex 8.1689 -1.43224 3.41921
    endloop
  endfacet
  facet normal 0.636915 0.726343 0.25839
    outer loop
      vertex 8.26868 -1.48985 3.59479
      vertex 8.2594 -1.50194 3.65165
      vertex 8.30131 -1.53869 3.65165
    endloop
  endfacet
  facet normal 0.74534 0.653804 -0.13042
    outer loop
      vertex 8.35015 -1.57132 3.41921
      vertex 8.31208 -1.52792 3.41921
      vertex 8.31752 -1.52248 3.47757
    endloop
  endfacet
  facet normal 0.438534 0.889222 -0.130274
    outer loop
      vertex 8.22452 -1.45112 3.47757
      vertex 8.1689 -1.43224 3.41921
      vertex 8.17184 -1.42514 3.47757
    endloop
  endfacet
  facet normal 0.321433 0.946932 -0
    outer loop
      vertex 8.17184 -1.42514 3.47757
      vertex 8.11622 -1.40626 3.53643
      vertex 8.17184 -1.42514 3.53643
    endloop
  endfacet
  facet normal 0.321433 0.946932 0
    outer loop
      vertex 8.11622 -1.40626 3.53643
      vertex 8.17184 -1.42514 3.47757
      vertex 8.11622 -1.40626 3.47757
    endloop
  endfacet
  facet normal 0.726343 0.636915 -0.25839
    outer loop
      vertex 8.33806 -1.5806 3.36235
      vertex 8.30131 -1.53869 3.36235
      vertex 8.35015 -1.57132 3.41921
    endloop
  endfacet
  facet normal 0.694845 0.609295 -0.382033
    outer loop
      vertex 8.33806 -1.5806 3.36235
      vertex 8.28538 -1.55462 3.30797
      vertex 8.30131 -1.53869 3.36235
    endloop
  endfacet
  facet normal 0.768375 0.513521 -0.381964
    outer loop
      vertex 8.36903 -1.62694 3.36235
      vertex 8.32019 -1.59431 3.30797
      vertex 8.33806 -1.5806 3.36235
    endloop
  endfacet
  facet normal 0.803182 0.536783 -0.258386
    outer loop
      vertex 8.36903 -1.62694 3.36235
      vertex 8.33806 -1.5806 3.36235
      vertex 8.35015 -1.57132 3.41921
    endloop
  endfacet
  facet normal 0.660178 0.44109 -0.607951
    outer loop
      vertex 8.31177 -1.66 3.23854
      vertex 8.26841 -1.63404 3.21029
      vertex 8.32403 -1.65292 3.25699
    endloop
  endfacet
  facet normal 0.660188 0.441227 -0.60784
    outer loop
      vertex 8.26841 -1.63404 3.21029
      vertex 8.31177 -1.66 3.23854
      vertex 8.28576 -1.66 3.21029
    endloop
  endfacet
  facet normal 0.596874 0.523543 -0.607984
    outer loop
      vertex 8.26841 -1.63404 3.21029
      vertex 8.26457 -1.57543 3.25699
      vertex 8.29684 -1.61222 3.25699
    endloop
  endfacet
  facet normal 0.711741 0.351849 -0.607969
    outer loop
      vertex 8.32753 -1.66 3.25699
      vertex 8.31177 -1.66 3.23854
      vertex 8.32403 -1.65292 3.25699
    endloop
  endfacet
  facet normal 0.777148 0.384183 -0.498442
    outer loop
      vertex 8.32753 -1.66 3.25699
      vertex 8.32403 -1.65292 3.25699
      vertex 8.33463 -1.66 3.26806
    endloop
  endfacet
  facet normal 0.588444 0.393278 -0.706446
    outer loop
      vertex 8.28576 -1.66 3.21029
      vertex 8.26325 -1.66 3.19154
      vertex 8.26841 -1.63404 3.21029
    endloop
  endfacet
  facet normal -0.269657 0.546696 -0.792722
    outer loop
      vertex 7.90433 -1.60902 3.13284
      vertex 7.85165 -1.58305 3.16867
      vertex 7.88646 -1.56588 3.16867
    endloop
  endfacet
  facet normal -0.0976802 0.491157 -0.865577
    outer loop
      vertex 7.94849 -1.64775 3.10341
      vertex 7.93529 -1.59851 3.13284
      vertex 7.96737 -1.59213 3.13284
    endloop
  endfacet
  facet normal -0.481358 0.720532 0.499128
    outer loop
      vertex 7.81292 -1.51597 3.75701
      vertex 7.75431 -1.51981 3.70603
      vertex 7.77222 -1.54316 3.75701
    endloop
  endfacet
  facet normal -0.441042 0.660185 0.607978
    outer loop
      vertex 7.81292 -1.51597 3.75701
      vertex 7.77222 -1.54316 3.75701
      vertex 7.79404 -1.57159 3.80371
    endloop
  endfacet
  facet normal -0.824407 0.550786 0.130339
    outer loop
      vertex 7.64375 -1.56664 3.53643
      vertex 7.61112 -1.61548 3.53643
      vertex 7.64985 -1.57132 3.59479
    endloop
  endfacet
  facet normal -0.587374 0.397899 0.704747
    outer loop
      vertex 7.76461 -1.65938 3.84533
      vertex 7.73675 -1.66 3.82246
      vertex 7.76419 -1.66 3.84533
    endloop
  endfacet
  facet normal -0.588599 0.393189 0.706366
    outer loop
      vertex 7.73675 -1.66 3.82246
      vertex 7.76461 -1.65938 3.84533
      vertex 7.73159 -1.63404 3.80371
    endloop
  endfacet
  facet normal -0.338615 0.506823 0.792761
    outer loop
      vertex 7.85165 -1.58305 3.84533
      vertex 7.81938 -1.60461 3.84533
      vertex 7.84781 -1.64166 3.88116
    endloop
  endfacet
  facet normal 0.195941 0.577195 0.79275
    outer loop
      vertex 8.07679 -1.5534 3.84533
      vertex 8.06471 -1.59851 3.88116
      vertex 8.09567 -1.60902 3.88116
    endloop
  endfacet
  facet normal 0.171029 0.343205 0.923558
    outer loop
      vertex 8.07617 -1.65612 3.91059
      vertex 8.07456 -1.66 3.91233
      vertex 8.07591 -1.66 3.91208
    endloop
  endfacet
  facet normal -0.313149 0.634775 0.706398
    outer loop
      vertex 7.87053 -1.52742 3.80371
      vertex 7.83084 -1.547 3.80371
      vertex 7.85165 -1.58305 3.84533
    endloop
  endfacet
  facet normal 0.313102 0.634775 0.706419
    outer loop
      vertex 8.12947 -1.52742 3.80371
      vertex 8.11354 -1.56588 3.84533
      vertex 8.14835 -1.58305 3.84533
    endloop
  endfacet
  facet normal -0.0748579 0.376205 0.923507
    outer loop
      vertex 7.94849 -1.64775 3.91059
      vertex 7.97057 -1.66 3.91737
      vertex 7.97402 -1.64267 3.91059
    endloop
  endfacet
  facet normal -0.0746579 0.376507 0.923401
    outer loop
      vertex 7.97057 -1.66 3.91737
      vertex 7.94849 -1.64775 3.91059
      vertex 7.95177 -1.66 3.91585
    endloop
  endfacet
  facet normal 0.0977334 0.491168 0.865565
    outer loop
      vertex 8.03263 -1.59213 3.88116
      vertex 8.02598 -1.64267 3.91059
      vertex 8.05151 -1.64775 3.91059
    endloop
  endfacet
  facet normal -0.160974 0.474191 0.865581
    outer loop
      vertex 7.93529 -1.59851 3.88116
      vertex 7.90433 -1.60902 3.88116
      vertex 7.94849 -1.64775 3.91059
    endloop
  endfacet
  facet normal -0.195941 0.577195 0.79275
    outer loop
      vertex 7.92321 -1.5534 3.84533
      vertex 7.90433 -1.60902 3.88116
      vertex 7.93529 -1.59851 3.88116
    endloop
  endfacet
  facet normal -0.0326996 0.499726 0.865566
    outer loop
      vertex 8 -1.64097 3.91059
      vertex 7.96737 -1.59213 3.88116
      vertex 7.97402 -1.64267 3.91059
    endloop
  endfacet
  facet normal 0.393256 0.588525 0.706391
    outer loop
      vertex 8.16916 -1.547 3.80371
      vertex 8.14835 -1.58305 3.84533
      vertex 8.20596 -1.57159 3.80371
    endloop
  endfacet
  facet normal -0.255174 0.751896 0.607896
    outer loop
      vertex 7.90316 -1.47859 3.75701
      vertex 7.85681 -1.49432 3.75701
      vertex 7.87053 -1.52742 3.80371
    endloop
  endfacet
  facet normal -0.351257 0.712086 0.607908
    outer loop
      vertex 7.85681 -1.49432 3.75701
      vertex 7.81292 -1.51597 3.75701
      vertex 7.87053 -1.52742 3.80371
    endloop
  endfacet
  facet normal -0.221569 0.44911 -0.865568
    outer loop
      vertex 7.92383 -1.65612 3.10341
      vertex 7.875 -1.62349 3.13284
      vertex 7.90433 -1.60902 3.13284
    endloop
  endfacet
  facet normal -0.466752 0.532174 -0.706352
    outer loop
      vertex 7.7902 -1.6302 3.16867
      vertex 7.76077 -1.60077 3.21029
      vertex 7.79404 -1.57159 3.21029
    endloop
  endfacet
  facet normal -0.269692 0.546652 -0.792741
    outer loop
      vertex 7.875 -1.62349 3.13284
      vertex 7.85165 -1.58305 3.16867
      vertex 7.90433 -1.60902 3.13284
    endloop
  endfacet
  facet normal -0.351276 0.712061 -0.607926
    outer loop
      vertex 7.83084 -1.547 3.21029
      vertex 7.81292 -1.51597 3.25699
      vertex 7.87053 -1.52742 3.21029
    endloop
  endfacet
  facet normal -0.338615 0.506823 -0.792761
    outer loop
      vertex 7.84781 -1.64166 3.13284
      vertex 7.81938 -1.60461 3.16867
      vertex 7.85165 -1.58305 3.16867
    endloop
  endfacet
  facet normal -0.571359 0.651457 -0.499152
    outer loop
      vertex 7.73543 -1.57543 3.25699
      vertex 7.71462 -1.55462 3.30797
      vertex 7.75431 -1.51981 3.30797
    endloop
  endfacet
  facet normal -0.609356 0.694781 -0.382054
    outer loop
      vertex 7.75431 -1.51981 3.30797
      vertex 7.71462 -1.55462 3.30797
      vertex 7.74059 -1.50194 3.36235
    endloop
  endfacet
  facet normal -0.169049 0.849838 -0.499197
    outer loop
      vertex 7.90316 -1.47859 3.25699
      vertex 7.89554 -1.45016 3.30797
      vertex 7.94732 -1.43986 3.30797
    endloop
  endfacet
  facet normal -0.46671 0.532185 -0.706372
    outer loop
      vertex 7.81938 -1.60461 3.16867
      vertex 7.7902 -1.6302 3.16867
      vertex 7.79404 -1.57159 3.21029
    endloop
  endfacet
  facet normal -0.523543 0.596874 -0.607984
    outer loop
      vertex 7.79404 -1.57159 3.21029
      vertex 7.73543 -1.57543 3.25699
      vertex 7.77222 -1.54316 3.25699
    endloop
  endfacet
  facet normal -0.596908 0.523528 -0.607963
    outer loop
      vertex 7.76077 -1.60077 3.21029
      vertex 7.73159 -1.63404 3.21029
      vertex 7.73543 -1.57543 3.25699
    endloop
  endfacet
  facet normal -0.8315 0.555525 0
    outer loop
      vertex 7.61112 -1.61548 3.47757
      vertex 7.64375 -1.56664 3.53643
      vertex 7.64375 -1.56664 3.47757
    endloop
  endfacet
  facet normal -0.8315 0.555525 0
    outer loop
      vertex 7.64375 -1.56664 3.53643
      vertex 7.61112 -1.61548 3.47757
      vertex 7.61112 -1.61548 3.53643
    endloop
  endfacet
  facet normal -0.866474 0.427209 -0.258293
    outer loop
      vertex 7.61467 -1.66 3.36235
      vertex 7.60198 -1.66 3.40492
      vertex 7.63097 -1.62694 3.36235
    endloop
  endfacet
  facet normal -0.536688 0.803274 0.258296
    outer loop
      vertex 7.77932 -1.45778 3.59479
      vertex 7.73132 -1.48985 3.59479
      vertex 7.74059 -1.50194 3.65165
    endloop
  endfacet
  facet normal -0.550913 0.824344 0.130201
    outer loop
      vertex 7.77548 -1.45112 3.53643
      vertex 7.72664 -1.48376 3.53643
      vertex 7.73132 -1.48985 3.59479
    endloop
  endfacet
  facet normal -0.659276 0.751901 0
    outer loop
      vertex 7.72664 -1.48376 3.47757
      vertex 7.68248 -1.52248 3.53643
      vertex 7.72664 -1.48376 3.53643
    endloop
  endfacet
  facet normal -0.659276 0.751901 0
    outer loop
      vertex 7.68248 -1.52248 3.53643
      vertex 7.72664 -1.48376 3.47757
      vertex 7.68248 -1.52248 3.47757
    endloop
  endfacet
  facet normal -0.896911 0.44221 0
    outer loop
      vertex 7.58917 -1.66 3.47757
      vertex 7.61112 -1.61548 3.53643
      vertex 7.61112 -1.61548 3.47757
    endloop
  endfacet
  facet normal -0.896911 0.44221 0
    outer loop
      vertex 7.61112 -1.61548 3.53643
      vertex 7.58917 -1.66 3.47757
      vertex 7.58917 -1.66 3.53643
    endloop
  endfacet
  facet normal -0.824399 0.550802 0.130322
    outer loop
      vertex 7.64985 -1.57132 3.59479
      vertex 7.61112 -1.61548 3.53643
      vertex 7.61778 -1.61932 3.59479
    endloop
  endfacet
  facet normal -0.82883 0.408793 0.382006
    outer loop
      vertex 7.6288 -1.66 3.68232
      vertex 7.65048 -1.6382 3.70603
      vertex 7.63097 -1.62694 3.65165
    endloop
  endfacet
  facet normal -0.828834 0.408714 0.382082
    outer loop
      vertex 7.65048 -1.6382 3.70603
      vertex 7.6288 -1.66 3.68232
      vertex 7.63973 -1.66 3.70603
    endloop
  endfacet
  facet normal 0.609295 0.694845 0.382033
    outer loop
      vertex 8.30131 -1.53869 3.65165
      vertex 8.2594 -1.50194 3.65165
      vertex 8.28538 -1.55462 3.70603
    endloop
  endfacet
  facet normal 0.441141 0.660171 0.607922
    outer loop
      vertex 8.22777 -1.54316 3.75701
      vertex 8.18708 -1.51597 3.75701
      vertex 8.20596 -1.57159 3.80371
    endloop
  endfacet
  facet normal 0.63707 0.726263 0.258232
    outer loop
      vertex 8.31208 -1.52792 3.59479
      vertex 8.26868 -1.48985 3.59479
      vertex 8.30131 -1.53869 3.65165
    endloop
  endfacet
  facet normal 0.659276 0.751901 -0
    outer loop
      vertex 8.31752 -1.52248 3.47757
      vertex 8.27336 -1.48376 3.53643
      vertex 8.31752 -1.52248 3.53643
    endloop
  endfacet
  facet normal 0.659276 0.751901 0
    outer loop
      vertex 8.27336 -1.48376 3.53643
      vertex 8.31752 -1.52248 3.47757
      vertex 8.27336 -1.48376 3.47757
    endloop
  endfacet
  facet normal 0.481416 0.720442 0.499201
    outer loop
      vertex 8.24569 -1.51981 3.70603
      vertex 8.18708 -1.51597 3.75701
      vertex 8.22777 -1.54316 3.75701
    endloop
  endfacet
  facet normal 0.408744 0.828866 0.38198
    outer loop
      vertex 8.16307 -1.44632 3.65165
      vertex 8.15445 -1.46713 3.70603
      vertex 8.2018 -1.49048 3.70603
    endloop
  endfacet
  facet normal -0.408715 0.82887 0.382004
    outer loop
      vertex 7.83693 -1.44632 3.65165
      vertex 7.78694 -1.47097 3.65165
      vertex 7.7982 -1.49048 3.70603
    endloop
  endfacet
  facet normal -0.278533 0.820499 0.4992
    outer loop
      vertex 7.89554 -1.45016 3.70603
      vertex 7.84555 -1.46713 3.70603
      vertex 7.90316 -1.47859 3.75701
    endloop
  endfacet
  facet normal -0.442304 0.896865 0
    outer loop
      vertex 7.82816 -1.42514 3.47757
      vertex 7.77548 -1.45112 3.53643
      vertex 7.82816 -1.42514 3.53643
    endloop
  endfacet
  facet normal -0.442304 0.896865 0
    outer loop
      vertex 7.77548 -1.45112 3.53643
      vertex 7.82816 -1.42514 3.47757
      vertex 7.77548 -1.45112 3.47757
    endloop
  endfacet
  facet normal -0.653663 0.7455 0.130213
    outer loop
      vertex 7.72664 -1.48376 3.53643
      vertex 7.68248 -1.52248 3.53643
      vertex 7.73132 -1.48985 3.59479
    endloop
  endfacet
  facet normal -0.310556 0.91477 -0.258363
    outer loop
      vertex 7.83693 -1.44632 3.36235
      vertex 7.8311 -1.43224 3.41921
      vertex 7.88577 -1.41368 3.41921
    endloop
  endfacet
  facet normal -0.555643 0.831421 0
    outer loop
      vertex 7.77548 -1.45112 3.47757
      vertex 7.72664 -1.48376 3.53643
      vertex 7.77548 -1.45112 3.53643
    endloop
  endfacet
  facet normal -0.555643 0.831421 0
    outer loop
      vertex 7.72664 -1.48376 3.53643
      vertex 7.77548 -1.45112 3.47757
      vertex 7.72664 -1.48376 3.47757
    endloop
  endfacet
  facet normal 0.297113 0.875092 -0.382019
    outer loop
      vertex 8.16307 -1.44632 3.36235
      vertex 8.10446 -1.45016 3.30797
      vertex 8.11029 -1.4284 3.36235
    endloop
  endfacet
  facet normal -0.653663 0.7455 -0.130213
    outer loop
      vertex 7.73132 -1.48985 3.41921
      vertex 7.68248 -1.52248 3.47757
      vertex 7.72664 -1.48376 3.47757
    endloop
  endfacet
  facet normal 0.193438 0.972424 -0.130283
    outer loop
      vertex 8.11622 -1.40626 3.47757
      vertex 8.05761 -1.40242 3.41921
      vertex 8.05861 -1.3948 3.47757
    endloop
  endfacet
  facet normal 0.0463859 0.706346 -0.706346
    outer loop
      vertex 8 -1.54329 3.16867
      vertex 8 -1.50167 3.21029
      vertex 8.04416 -1.50457 3.21029
    endloop
  endfacet
  facet normal 0.0398892 0.608232 -0.792756
    outer loop
      vertex 8 -1.58999 3.13284
      vertex 8 -1.54329 3.16867
      vertex 8.03873 -1.54583 3.16867
    endloop
  endfacet
  facet normal 0.330217 0.376671 -0.865491
    outer loop
      vertex 8.17311 -1.66 3.13284
      vertex 8.13812 -1.66 3.11949
      vertex 8.15219 -1.64166 3.13284
    endloop
  endfacet
  facet normal 0.393256 0.588525 -0.706391
    outer loop
      vertex 8.20596 -1.57159 3.21029
      vertex 8.14835 -1.58305 3.16867
      vertex 8.16916 -1.547 3.21029
    endloop
  endfacet
  facet normal 0.313102 0.634775 -0.706419
    outer loop
      vertex 8.14835 -1.58305 3.16867
      vertex 8.11354 -1.56588 3.16867
      vertex 8.12947 -1.52742 3.21029
    endloop
  endfacet
  facet normal 0.48143 0.720421 -0.499219
    outer loop
      vertex 8.24569 -1.51981 3.30797
      vertex 8.18708 -1.51597 3.25699
      vertex 8.2018 -1.49048 3.30797
    endloop
  endfacet
  facet normal 0.571285 0.651481 -0.499206
    outer loop
      vertex 8.26457 -1.57543 3.25699
      vertex 8.22777 -1.54316 3.25699
      vertex 8.24569 -1.51981 3.30797
    endloop
  endfacet
  facet normal 0.408744 0.828866 -0.38198
    outer loop
      vertex 8.2018 -1.49048 3.30797
      vertex 8.15445 -1.46713 3.30797
      vertex 8.16307 -1.44632 3.36235
    endloop
  endfacet
  facet normal 0.171029 0.343205 -0.923558
    outer loop
      vertex 8.07591 -1.66 3.10192
      vertex 8.07456 -1.66 3.10167
      vertex 8.07617 -1.65612 3.10341
    endloop
  endfacet
  facet normal 0.227488 0.670305 -0.706357
    outer loop
      vertex 8.12947 -1.52742 3.21029
      vertex 8.07679 -1.5534 3.16867
      vertex 8.08757 -1.5132 3.21029
    endloop
  endfacet
  facet normal 0.118905 0.597824 -0.79276
    outer loop
      vertex 8.07679 -1.5534 3.16867
      vertex 8.03263 -1.59213 3.13284
      vertex 8.03873 -1.54583 3.16867
    endloop
  endfacet
  facet normal 0.269657 0.546696 -0.792722
    outer loop
      vertex 8.14835 -1.58305 3.16867
      vertex 8.09567 -1.60902 3.13284
      vertex 8.11354 -1.56588 3.16867
    endloop
  endfacet
  facet normal 0.046326 0.706381 -0.706315
    outer loop
      vertex 8.03873 -1.54583 3.16867
      vertex 8 -1.54329 3.16867
      vertex 8.04416 -1.50457 3.21029
    endloop
  endfacet
  facet normal -0.828928 0.408697 -0.381896
    outer loop
      vertex 7.6288 -1.66 3.33168
      vertex 7.61467 -1.66 3.36235
      vertex 7.63097 -1.62694 3.36235
    endloop
  endfacet
  facet normal -0.651442 0.571406 -0.499118
    outer loop
      vertex 7.70316 -1.61222 3.25699
      vertex 7.67981 -1.59431 3.30797
      vertex 7.73543 -1.57543 3.25699
    endloop
  endfacet
  facet normal -0.587374 0.397899 -0.704747
    outer loop
      vertex 7.73675 -1.66 3.19154
      vertex 7.76461 -1.65938 3.16867
      vertex 7.76419 -1.66 3.16867
    endloop
  endfacet
  facet normal -0.588599 0.393189 -0.706366
    outer loop
      vertex 7.76461 -1.65938 3.16867
      vertex 7.73675 -1.66 3.19154
      vertex 7.73159 -1.63404 3.21029
    endloop
  endfacet
  facet normal -0.768385 0.513482 -0.381997
    outer loop
      vertex 7.65048 -1.6382 3.30797
      vertex 7.63097 -1.62694 3.36235
      vertex 7.67981 -1.59431 3.30797
    endloop
  endfacet
  facet normal 0.660188 0.441227 0.60784
    outer loop
      vertex 8.31177 -1.66 3.77546
      vertex 8.26841 -1.63404 3.80371
      vertex 8.28576 -1.66 3.80371
    endloop
  endfacet
  facet normal 0.660178 0.44109 0.607951
    outer loop
      vertex 8.26841 -1.63404 3.80371
      vertex 8.31177 -1.66 3.77546
      vertex 8.32403 -1.65292 3.75701
    endloop
  endfacet
  facet normal 0.776973 0.384097 0.49878
    outer loop
      vertex 8.33463 -1.66 3.74595
      vertex 8.32403 -1.65292 3.75701
      vertex 8.32753 -1.66 3.75701
    endloop
  endfacet
  facet normal 0.866474 0.427209 0.258293
    outer loop
      vertex 8.39802 -1.66 3.60908
      vertex 8.36903 -1.62694 3.65165
      vertex 8.38533 -1.66 3.65165
    endloop
  endfacet
  facet normal 0.828834 0.408714 0.382082
    outer loop
      vertex 8.3712 -1.66 3.68232
      vertex 8.34952 -1.6382 3.70603
      vertex 8.36027 -1.66 3.70603
    endloop
  endfacet
  facet normal 0.82883 0.408793 0.382006
    outer loop
      vertex 8.34952 -1.6382 3.70603
      vertex 8.3712 -1.66 3.68232
      vertex 8.36903 -1.62694 3.65165
    endloop
  endfacet
  facet normal 0.824399 0.550802 0.130322
    outer loop
      vertex 8.38888 -1.61548 3.53643
      vertex 8.35015 -1.57132 3.59479
      vertex 8.38222 -1.61932 3.59479
    endloop
  endfacet
  facet normal 0.866448 0.42726 -0.258297
    outer loop
      vertex 8.39802 -1.66 3.40492
      vertex 8.38222 -1.61932 3.41921
      vertex 8.40228 -1.66 3.41921
    endloop
  endfacet
  facet normal 0.866465 0.427252 -0.258254
    outer loop
      vertex 8.38222 -1.61932 3.41921
      vertex 8.39802 -1.66 3.40492
      vertex 8.36903 -1.62694 3.36235
    endloop
  endfacet
  facet normal 0.866465 0.427252 0.258254
    outer loop
      vertex 8.39802 -1.66 3.60908
      vertex 8.38222 -1.61932 3.59479
      vertex 8.36903 -1.62694 3.65165
    endloop
  endfacet
  facet normal 0.866448 0.42726 0.258297
    outer loop
      vertex 8.38222 -1.61932 3.59479
      vertex 8.39802 -1.66 3.60908
      vertex 8.40228 -1.66 3.59479
    endloop
  endfacet
  facet normal 0.824399 0.550802 -0.130322
    outer loop
      vertex 8.38222 -1.61932 3.41921
      vertex 8.35015 -1.57132 3.41921
      vertex 8.38888 -1.61548 3.47757
    endloop
  endfacet
  facet normal 0.726263 0.63707 -0.258232
    outer loop
      vertex 8.35015 -1.57132 3.41921
      vertex 8.30131 -1.53869 3.36235
      vertex 8.31208 -1.52792 3.41921
    endloop
  endfacet
  facet normal 0.63707 0.726263 -0.258232
    outer loop
      vertex 8.30131 -1.53869 3.36235
      vertex 8.26868 -1.48985 3.41921
      vertex 8.31208 -1.52792 3.41921
    endloop
  endfacet
  facet normal 0.7455 0.653663 0.130213
    outer loop
      vertex 8.35624 -1.56664 3.53643
      vertex 8.31752 -1.52248 3.53643
      vertex 8.35015 -1.57132 3.59479
    endloop
  endfacet
  facet normal 0.824344 0.550913 0.130201
    outer loop
      vertex 8.35624 -1.56664 3.53643
      vertex 8.35015 -1.57132 3.59479
      vertex 8.38888 -1.61548 3.53643
    endloop
  endfacet
  facet normal 0.0647431 0.98935 0.130365
    outer loop
      vertex 8.05761 -1.40242 3.59479
      vertex 8 -1.39096 3.53643
      vertex 8 -1.39865 3.59479
    endloop
  endfacet
  facet normal -0.0647431 0.98935 0.130365
    outer loop
      vertex 8 -1.39096 3.53643
      vertex 7.94239 -1.40242 3.59479
      vertex 8 -1.39865 3.59479
    endloop
  endfacet
  facet normal 0.180221 0.906411 0.382019
    outer loop
      vertex 8.11029 -1.4284 3.65165
      vertex 8.05562 -1.41753 3.65165
      vertex 8.10446 -1.45016 3.70603
    endloop
  endfacet
  facet normal 0.297113 0.875092 0.382019
    outer loop
      vertex 8.11029 -1.4284 3.65165
      vertex 8.10446 -1.45016 3.70603
      vertex 8.16307 -1.44632 3.65165
    endloop
  endfacet
  facet normal 0.408715 0.82887 0.382004
    outer loop
      vertex 8.21306 -1.47097 3.65165
      vertex 8.16307 -1.44632 3.65165
      vertex 8.2018 -1.49048 3.70603
    endloop
  endfacet
  facet normal 0.513514 0.768364 0.381996
    outer loop
      vertex 8.21306 -1.47097 3.65165
      vertex 8.2018 -1.49048 3.70603
      vertex 8.2594 -1.50194 3.65165
    endloop
  endfacet
  facet normal 0.318693 0.938863 0.130276
    outer loop
      vertex 8.17184 -1.42514 3.53643
      vertex 8.11622 -1.40626 3.53643
      vertex 8.1689 -1.43224 3.59479
    endloop
  endfacet
  facet normal 0.310584 0.914767 -0.258338
    outer loop
      vertex 8.16307 -1.44632 3.36235
      vertex 8.11029 -1.4284 3.36235
      vertex 8.11423 -1.41368 3.41921
    endloop
  endfacet
  facet normal 0.180221 0.906411 -0.382019
    outer loop
      vertex 8.10446 -1.45016 3.30797
      vertex 8.05562 -1.41753 3.36235
      vertex 8.11029 -1.4284 3.36235
    endloop
  endfacet
  facet normal 0.438584 0.889189 -0.130332
    outer loop
      vertex 8.22068 -1.45778 3.41921
      vertex 8.1689 -1.43224 3.41921
      vertex 8.22452 -1.45112 3.47757
    endloop
  endfacet
  facet normal 0.550913 0.824344 -0.130201
    outer loop
      vertex 8.26868 -1.48985 3.41921
      vertex 8.22452 -1.45112 3.47757
      vertex 8.27336 -1.48376 3.47757
    endloop
  endfacet
  facet normal 0.653804 0.74534 0.13042
    outer loop
      vertex 8.31752 -1.52248 3.53643
      vertex 8.26868 -1.48985 3.59479
      vertex 8.31208 -1.52792 3.59479
    endloop
  endfacet
  facet normal 0.660185 0.441042 -0.607978
    outer loop
      vertex 8.32403 -1.65292 3.25699
      vertex 8.26841 -1.63404 3.21029
      vertex 8.29684 -1.61222 3.25699
    endloop
  endfacet
  facet normal 0.720532 0.481358 -0.499128
    outer loop
      vertex 8.32403 -1.65292 3.25699
      vertex 8.29684 -1.61222 3.25699
      vertex 8.32019 -1.59431 3.30797
    endloop
  endfacet
  facet normal -0.0977334 0.491168 -0.865565
    outer loop
      vertex 7.97402 -1.64267 3.10341
      vertex 7.94849 -1.64775 3.10341
      vertex 7.96737 -1.59213 3.13284
    endloop
  endfacet
  facet normal -0.768375 0.513521 0.381964
    outer loop
      vertex 7.66194 -1.5806 3.65165
      vertex 7.63097 -1.62694 3.65165
      vertex 7.67981 -1.59431 3.70603
    endloop
  endfacet
  facet normal -0.711741 0.351849 0.607969
    outer loop
      vertex 7.67597 -1.65292 3.75701
      vertex 7.67247 -1.66 3.75701
      vertex 7.68823 -1.66 3.77546
    endloop
  endfacet
  facet normal -0.48143 0.720421 0.499219
    outer loop
      vertex 7.7982 -1.49048 3.70603
      vertex 7.75431 -1.51981 3.70603
      vertex 7.81292 -1.51597 3.75701
    endloop
  endfacet
  facet normal -0.513471 0.768368 0.382044
    outer loop
      vertex 7.7982 -1.49048 3.70603
      vertex 7.74059 -1.50194 3.65165
      vertex 7.75431 -1.51981 3.70603
    endloop
  endfacet
  facet normal -0.660178 0.44109 0.607951
    outer loop
      vertex 7.68823 -1.66 3.77546
      vertex 7.73159 -1.63404 3.80371
      vertex 7.67597 -1.65292 3.75701
    endloop
  endfacet
  facet normal -0.660188 0.441227 0.60784
    outer loop
      vertex 7.73159 -1.63404 3.80371
      vertex 7.68823 -1.66 3.77546
      vertex 7.71424 -1.66 3.80371
    endloop
  endfacet
  facet normal -0.660185 0.441042 0.607978
    outer loop
      vertex 7.70316 -1.61222 3.75701
      vertex 7.67597 -1.65292 3.75701
      vertex 7.73159 -1.63404 3.80371
    endloop
  endfacet
  facet normal -0.776973 0.384097 0.49878
    outer loop
      vertex 7.67597 -1.65292 3.75701
      vertex 7.66537 -1.66 3.74595
      vertex 7.67247 -1.66 3.75701
    endloop
  endfacet
  facet normal -0.393256 0.588525 0.706391
    outer loop
      vertex 7.83084 -1.547 3.80371
      vertex 7.79404 -1.57159 3.80371
      vertex 7.85165 -1.58305 3.84533
    endloop
  endfacet
  facet normal -0.40189 0.458271 0.792762
    outer loop
      vertex 7.81938 -1.60461 3.84533
      vertex 7.7902 -1.6302 3.84533
      vertex 7.84781 -1.64166 3.88116
    endloop
  endfacet
  facet normal -0.278437 0.41651 0.865443
    outer loop
      vertex 7.875 -1.62349 3.88116
      vertex 7.86188 -1.66 3.89451
      vertex 7.87739 -1.66 3.8995
    endloop
  endfacet
  facet normal -0.278321 0.416486 0.865492
    outer loop
      vertex 7.86188 -1.66 3.89451
      vertex 7.875 -1.62349 3.88116
      vertex 7.84781 -1.64166 3.88116
    endloop
  endfacet
  facet normal -0.401653 0.458156 0.792949
    outer loop
      vertex 7.84781 -1.64166 3.88116
      vertex 7.82 -1.66 3.87767
      vertex 7.82689 -1.66 3.88116
    endloop
  endfacet
  facet normal -0.401815 0.458449 0.792698
    outer loop
      vertex 7.82 -1.66 3.87767
      vertex 7.84781 -1.64166 3.88116
      vertex 7.7902 -1.6302 3.84533
    endloop
  endfacet
  facet normal 0.160954 0.474209 0.865575
    outer loop
      vertex 8.09567 -1.60902 3.88116
      vertex 8.05151 -1.64775 3.91059
      vertex 8.07617 -1.65612 3.91059
    endloop
  endfacet
  facet normal 0.40189 0.458271 0.792762
    outer loop
      vertex 8.18062 -1.60461 3.84533
      vertex 8.15219 -1.64166 3.88116
      vertex 8.2098 -1.6302 3.84533
    endloop
  endfacet
  facet normal 0.46671 0.532185 0.706372
    outer loop
      vertex 8.20596 -1.57159 3.80371
      vertex 8.18062 -1.60461 3.84533
      vertex 8.2098 -1.6302 3.84533
    endloop
  endfacet
  facet normal 0.466752 0.532174 0.706352
    outer loop
      vertex 8.23923 -1.60077 3.80371
      vertex 8.20596 -1.57159 3.80371
      vertex 8.2098 -1.6302 3.84533
    endloop
  endfacet
  facet normal -0.227488 0.670305 0.706357
    outer loop
      vertex 7.91243 -1.5132 3.80371
      vertex 7.87053 -1.52742 3.80371
      vertex 7.92321 -1.5534 3.84533
    endloop
  endfacet
  facet normal -0.313102 0.634775 0.706419
    outer loop
      vertex 7.87053 -1.52742 3.80371
      vertex 7.85165 -1.58305 3.84533
      vertex 7.88646 -1.56588 3.84533
    endloop
  endfacet
  facet normal -0.0327715 0.499689 0.865585
    outer loop
      vertex 8 -1.58999 3.88116
      vertex 7.96737 -1.59213 3.88116
      vertex 8 -1.64097 3.91059
    endloop
  endfacet
  facet normal 0.118895 0.597831 0.792756
    outer loop
      vertex 8.07679 -1.5534 3.84533
      vertex 8.03263 -1.59213 3.88116
      vertex 8.06471 -1.59851 3.88116
    endloop
  endfacet
  facet normal -0.338683 0.506814 0.792738
    outer loop
      vertex 7.85165 -1.58305 3.84533
      vertex 7.84781 -1.64166 3.88116
      vertex 7.875 -1.62349 3.88116
    endloop
  endfacet
  facet normal -0.16951 0.343388 0.92377
    outer loop
      vertex 7.92383 -1.65612 3.91059
      vertex 7.91597 -1.66 3.91059
      vertex 7.92409 -1.66 3.91208
    endloop
  endfacet
  facet normal -0.330217 0.376671 0.865491
    outer loop
      vertex 7.84781 -1.64166 3.88116
      vertex 7.82689 -1.66 3.88116
      vertex 7.86188 -1.66 3.89451
    endloop
  endfacet
  facet normal 0.313149 0.634775 0.706398
    outer loop
      vertex 8.16916 -1.547 3.80371
      vertex 8.12947 -1.52742 3.80371
      vertex 8.14835 -1.58305 3.84533
    endloop
  endfacet
  facet normal 0.196014 0.577204 0.792726
    outer loop
      vertex 8.11354 -1.56588 3.84533
      vertex 8.07679 -1.5534 3.84533
      vertex 8.09567 -1.60902 3.88116
    endloop
  endfacet
  facet normal 0.227488 0.670305 0.706357
    outer loop
      vertex 8.08757 -1.5132 3.80371
      vertex 8.07679 -1.5534 3.84533
      vertex 8.12947 -1.52742 3.80371
    endloop
  endfacet
  facet normal 0.255178 0.751897 0.607894
    outer loop
      vertex 8.09684 -1.47859 3.75701
      vertex 8.08757 -1.5132 3.80371
      vertex 8.12947 -1.52742 3.80371
    endloop
  endfacet
  facet normal 0.118905 0.597824 0.79276
    outer loop
      vertex 8.03873 -1.54583 3.84533
      vertex 8.03263 -1.59213 3.88116
      vertex 8.07679 -1.5534 3.84533
    endloop
  endfacet
  facet normal 0.138094 0.694301 0.706312
    outer loop
      vertex 8.04416 -1.50457 3.80371
      vertex 8.03873 -1.54583 3.84533
      vertex 8.07679 -1.5534 3.84533
    endloop
  endfacet
  facet normal -0.0605154 0.922156 0.382055
    outer loop
      vertex 8 -1.41388 3.65165
      vertex 7.94438 -1.41753 3.65165
      vertex 8 -1.43641 3.70603
    endloop
  endfacet
  facet normal -0.180221 0.906411 0.382019
    outer loop
      vertex 7.94438 -1.41753 3.65165
      vertex 7.88971 -1.4284 3.65165
      vertex 7.89554 -1.45016 3.70603
    endloop
  endfacet
  facet normal -0.195941 0.577195 -0.79275
    outer loop
      vertex 7.93529 -1.59851 3.13284
      vertex 7.90433 -1.60902 3.13284
      vertex 7.92321 -1.5534 3.16867
    endloop
  endfacet
  facet normal -0.160974 0.474191 -0.865581
    outer loop
      vertex 7.94849 -1.64775 3.10341
      vertex 7.90433 -1.60902 3.13284
      vertex 7.93529 -1.59851 3.13284
    endloop
  endfacet
  facet normal -0.458407 0.401933 -0.792662
    outer loop
      vertex 7.76542 -1.66 3.16789
      vertex 7.7902 -1.6302 3.16867
      vertex 7.79613 -1.66 3.15013
    endloop
  endfacet
  facet normal -0.457333 0.401068 -0.79372
    outer loop
      vertex 7.7902 -1.6302 3.16867
      vertex 7.76542 -1.66 3.16789
      vertex 7.76461 -1.65938 3.16867
    endloop
  endfacet
  facet normal -0.588444 0.393278 -0.706446
    outer loop
      vertex 7.73675 -1.66 3.19154
      vertex 7.71424 -1.66 3.21029
      vertex 7.73159 -1.63404 3.21029
    endloop
  endfacet
  facet normal -0.48143 0.720421 -0.499219
    outer loop
      vertex 7.81292 -1.51597 3.25699
      vertex 7.75431 -1.51981 3.30797
      vertex 7.7982 -1.49048 3.30797
    endloop
  endfacet
  facet normal -0.278437 0.41651 -0.865443
    outer loop
      vertex 7.86188 -1.66 3.11949
      vertex 7.875 -1.62349 3.13284
      vertex 7.87739 -1.66 3.1145
    endloop
  endfacet
  facet normal -0.278321 0.416486 -0.865492
    outer loop
      vertex 7.875 -1.62349 3.13284
      vertex 7.86188 -1.66 3.11949
      vertex 7.84781 -1.64166 3.13284
    endloop
  endfacet
  facet normal -0.458288 0.401983 -0.792705
    outer loop
      vertex 7.79613 -1.66 3.15013
      vertex 7.7902 -1.6302 3.16867
      vertex 7.82 -1.66 3.13633
    endloop
  endfacet
  facet normal -0.330217 0.376671 -0.865491
    outer loop
      vertex 7.86188 -1.66 3.11949
      vertex 7.82689 -1.66 3.13284
      vertex 7.84781 -1.64166 3.13284
    endloop
  endfacet
  facet normal -0.694811 0.609382 -0.381958
    outer loop
      vertex 7.67981 -1.59431 3.30797
      vertex 7.66194 -1.5806 3.36235
      vertex 7.71462 -1.55462 3.30797
    endloop
  endfacet
  facet normal -0.63702 0.726289 -0.258284
    outer loop
      vertex 7.74059 -1.50194 3.36235
      vertex 7.69869 -1.53869 3.36235
      vertex 7.73132 -1.48985 3.41921
    endloop
  endfacet
  facet normal -0.383246 0.77716 -0.499144
    outer loop
      vertex 7.85681 -1.49432 3.25699
      vertex 7.7982 -1.49048 3.30797
      vertex 7.84555 -1.46713 3.30797
    endloop
  endfacet
  facet normal -0.313102 0.634775 -0.706419
    outer loop
      vertex 7.88646 -1.56588 3.16867
      vertex 7.85165 -1.58305 3.16867
      vertex 7.87053 -1.52742 3.21029
    endloop
  endfacet
  facet normal -0.651457 0.571359 -0.499152
    outer loop
      vertex 7.73543 -1.57543 3.25699
      vertex 7.67981 -1.59431 3.30797
      vertex 7.71462 -1.55462 3.30797
    endloop
  endfacet
  facet normal -0.768375 0.513521 -0.381964
    outer loop
      vertex 7.67981 -1.59431 3.30797
      vertex 7.63097 -1.62694 3.36235
      vertex 7.66194 -1.5806 3.36235
    endloop
  endfacet
  facet normal -0.803281 0.536692 -0.258264
    outer loop
      vertex 7.63097 -1.62694 3.36235
      vertex 7.61778 -1.61932 3.41921
      vertex 7.64985 -1.57132 3.41921
    endloop
  endfacet
  facet normal -0.866465 0.427252 -0.258254
    outer loop
      vertex 7.60198 -1.66 3.40492
      vertex 7.61778 -1.61932 3.41921
      vertex 7.63097 -1.62694 3.36235
    endloop
  endfacet
  facet normal -0.866448 0.42726 -0.258297
    outer loop
      vertex 7.61778 -1.61932 3.41921
      vertex 7.60198 -1.66 3.40492
      vertex 7.59772 -1.66 3.41921
    endloop
  endfacet
  facet normal -0.768385 0.513482 0.381997
    outer loop
      vertex 7.67981 -1.59431 3.70603
      vertex 7.63097 -1.62694 3.65165
      vertex 7.65048 -1.6382 3.70603
    endloop
  endfacet
  facet normal -0.720421 0.48143 0.499219
    outer loop
      vertex 7.67981 -1.59431 3.70603
      vertex 7.65048 -1.6382 3.70603
      vertex 7.67597 -1.65292 3.75701
    endloop
  endfacet
  facet normal -0.653804 0.74534 0.13042
    outer loop
      vertex 7.73132 -1.48985 3.59479
      vertex 7.68248 -1.52248 3.53643
      vertex 7.68792 -1.52792 3.59479
    endloop
  endfacet
  facet normal -0.63702 0.726289 0.258284
    outer loop
      vertex 7.73132 -1.48985 3.59479
      vertex 7.69869 -1.53869 3.65165
      vertex 7.74059 -1.50194 3.65165
    endloop
  endfacet
  facet normal -0.889274 0.438445 0.130221
    outer loop
      vertex 7.61112 -1.61548 3.53643
      vertex 7.58917 -1.66 3.53643
      vertex 7.59601 -1.66 3.58314
    endloop
  endfacet
  facet normal -0.889211 0.438485 -0.130519
    outer loop
      vertex 7.59601 -1.66 3.43086
      vertex 7.61778 -1.61932 3.41921
      vertex 7.59772 -1.66 3.41921
    endloop
  endfacet
  facet normal -0.889212 0.438539 -0.130331
    outer loop
      vertex 7.61778 -1.61932 3.41921
      vertex 7.59601 -1.66 3.43086
      vertex 7.61112 -1.61548 3.47757
    endloop
  endfacet
  facet normal -0.726343 0.636915 0.25839
    outer loop
      vertex 7.69869 -1.53869 3.65165
      vertex 7.64985 -1.57132 3.59479
      vertex 7.66194 -1.5806 3.65165
    endloop
  endfacet
  facet normal -0.889212 0.438539 0.130331
    outer loop
      vertex 7.59601 -1.66 3.58314
      vertex 7.61778 -1.61932 3.59479
      vertex 7.61112 -1.61548 3.53643
    endloop
  endfacet
  facet normal -0.889211 0.438485 0.130519
    outer loop
      vertex 7.61778 -1.61932 3.59479
      vertex 7.59601 -1.66 3.58314
      vertex 7.59772 -1.66 3.59479
    endloop
  endfacet
  facet normal 0.726263 0.63707 0.258232
    outer loop
      vertex 8.31208 -1.52792 3.59479
      vertex 8.30131 -1.53869 3.65165
      vertex 8.35015 -1.57132 3.59479
    endloop
  endfacet
  facet normal 0.653663 0.7455 0.130213
    outer loop
      vertex 8.27336 -1.48376 3.53643
      vertex 8.26868 -1.48985 3.59479
      vertex 8.31752 -1.52248 3.53643
    endloop
  endfacet
  facet normal 0.571285 0.651481 0.499206
    outer loop
      vertex 8.24569 -1.51981 3.70603
      vertex 8.22777 -1.54316 3.75701
      vertex 8.26457 -1.57543 3.75701
    endloop
  endfacet
  facet normal 0.383246 0.777114 0.499216
    outer loop
      vertex 8.2018 -1.49048 3.70603
      vertex 8.14318 -1.49432 3.75701
      vertex 8.18708 -1.51597 3.75701
    endloop
  endfacet
  facet normal 0.297076 0.875121 0.38198
    outer loop
      vertex 8.16307 -1.44632 3.65165
      vertex 8.10446 -1.45016 3.70603
      vertex 8.15445 -1.46713 3.70603
    endloop
  endfacet
  facet normal 0.278533 0.820499 0.4992
    outer loop
      vertex 8.10446 -1.45016 3.70603
      vertex 8.09684 -1.47859 3.75701
      vertex 8.15445 -1.46713 3.70603
    endloop
  endfacet
  facet normal -0.438584 0.889189 0.130332
    outer loop
      vertex 7.8311 -1.43224 3.59479
      vertex 7.77548 -1.45112 3.53643
      vertex 7.77932 -1.45778 3.59479
    endloop
  endfacet
  facet normal -0.193389 0.97244 0.130232
    outer loop
      vertex 7.94239 -1.40242 3.59479
      vertex 7.88378 -1.40626 3.53643
      vertex 7.88577 -1.41368 3.59479
    endloop
  endfacet
  facet normal -0.427252 0.866464 0.258254
    outer loop
      vertex 7.83693 -1.44632 3.65165
      vertex 7.77932 -1.45778 3.59479
      vertex 7.78694 -1.47097 3.65165
    endloop
  endfacet
  facet normal -0.536721 0.803262 0.258263
    outer loop
      vertex 7.77932 -1.45778 3.59479
      vertex 7.74059 -1.50194 3.65165
      vertex 7.78694 -1.47097 3.65165
    endloop
  endfacet
  facet normal -0.427339 0.866391 -0.258357
    outer loop
      vertex 7.83693 -1.44632 3.36235
      vertex 7.77932 -1.45778 3.41921
      vertex 7.8311 -1.43224 3.41921
    endloop
  endfacet
  facet normal -0.536688 0.803274 -0.258296
    outer loop
      vertex 7.74059 -1.50194 3.36235
      vertex 7.73132 -1.48985 3.41921
      vertex 7.77932 -1.45778 3.41921
    endloop
  endfacet
  facet normal -0.438534 0.889222 0.130274
    outer loop
      vertex 7.82816 -1.42514 3.53643
      vertex 7.77548 -1.45112 3.53643
      vertex 7.8311 -1.43224 3.59479
    endloop
  endfacet
  facet normal -0.438584 0.889189 -0.130332
    outer loop
      vertex 7.77932 -1.45778 3.41921
      vertex 7.77548 -1.45112 3.47757
      vertex 7.8311 -1.43224 3.41921
    endloop
  endfacet
  facet normal -0.438534 0.889222 -0.130274
    outer loop
      vertex 7.8311 -1.43224 3.41921
      vertex 7.77548 -1.45112 3.47757
      vertex 7.82816 -1.42514 3.47757
    endloop
  endfacet
  facet normal 0.0653777 0.997861 -0
    outer loop
      vertex 8.05861 -1.3948 3.47757
      vertex 8 -1.39096 3.53643
      vertex 8.05861 -1.3948 3.53643
    endloop
  endfacet
  facet normal 0.0653777 0.997861 0
    outer loop
      vertex 8 -1.39096 3.53643
      vertex 8.05861 -1.3948 3.47757
      vertex 8 -1.39096 3.47757
    endloop
  endfacet
  facet normal 0.0648204 0.989355 -0.13029
    outer loop
      vertex 8.05761 -1.40242 3.41921
      vertex 8 -1.39096 3.47757
      vertex 8.05861 -1.3948 3.47757
    endloop
  endfacet
  facet normal 0.0648204 0.989355 0.13029
    outer loop
      vertex 8.05861 -1.3948 3.53643
      vertex 8 -1.39096 3.53643
      vertex 8.05761 -1.40242 3.59479
    endloop
  endfacet
  facet normal 0.318693 0.938863 -0.130276
    outer loop
      vertex 8.1689 -1.43224 3.41921
      vertex 8.11622 -1.40626 3.47757
      vertex 8.17184 -1.42514 3.47757
    endloop
  endfacet
  facet normal 0.193389 0.97244 -0.130232
    outer loop
      vertex 8.11423 -1.41368 3.41921
      vertex 8.05761 -1.40242 3.41921
      vertex 8.11622 -1.40626 3.47757
    endloop
  endfacet
  facet normal 0.0566525 0.864659 -0.499155
    outer loop
      vertex 8 -1.46584 3.25699
      vertex 8 -1.43641 3.30797
      vertex 8.04884 -1.46904 3.25699
    endloop
  endfacet
  facet normal -0.154811 0.778718 -0.607974
    outer loop
      vertex 7.95584 -1.50457 3.21029
      vertex 7.91243 -1.5132 3.21029
      vertex 7.95116 -1.46904 3.25699
    endloop
  endfacet
  facet normal -0.297076 0.875121 -0.38198
    outer loop
      vertex 7.84555 -1.46713 3.30797
      vertex 7.83693 -1.44632 3.36235
      vertex 7.89554 -1.45016 3.30797
    endloop
  endfacet
  facet normal 0.063083 0.963982 -0.258377
    outer loop
      vertex 8.05562 -1.41753 3.36235
      vertex 8 -1.39865 3.41921
      vertex 8.05761 -1.40242 3.41921
    endloop
  endfacet
  facet normal 0.40189 0.458271 -0.792762
    outer loop
      vertex 8.2098 -1.6302 3.16867
      vertex 8.15219 -1.64166 3.13284
      vertex 8.18062 -1.60461 3.16867
    endloop
  endfacet
  facet normal 0.532174 0.466752 -0.706352
    outer loop
      vertex 8.26841 -1.63404 3.21029
      vertex 8.2098 -1.6302 3.16867
      vertex 8.23923 -1.60077 3.21029
    endloop
  endfacet
  facet normal 0.441131 0.660172 -0.607928
    outer loop
      vertex 8.20596 -1.57159 3.21029
      vertex 8.16916 -1.547 3.21029
      vertex 8.18708 -1.51597 3.25699
    endloop
  endfacet
  facet normal 0.441141 0.660171 -0.607922
    outer loop
      vertex 8.20596 -1.57159 3.21029
      vertex 8.18708 -1.51597 3.25699
      vertex 8.22777 -1.54316 3.25699
    endloop
  endfacet
  facet normal 0.532185 0.46671 -0.706372
    outer loop
      vertex 8.23539 -1.65938 3.16867
      vertex 8.2098 -1.6302 3.16867
      vertex 8.26841 -1.63404 3.21029
    endloop
  endfacet
  facet normal 0.457333 0.401068 -0.79372
    outer loop
      vertex 8.23458 -1.66 3.16789
      vertex 8.2098 -1.6302 3.16867
      vertex 8.23539 -1.65938 3.16867
    endloop
  endfacet
  facet normal 0.458407 0.401933 -0.792662
    outer loop
      vertex 8.2098 -1.6302 3.16867
      vertex 8.23458 -1.66 3.16789
      vertex 8.20387 -1.66 3.15013
    endloop
  endfacet
  facet normal 0.427252 0.866464 -0.258254
    outer loop
      vertex 8.21306 -1.47097 3.36235
      vertex 8.16307 -1.44632 3.36235
      vertex 8.22068 -1.45778 3.41921
    endloop
  endfacet
  facet normal 0.481416 0.720442 -0.499201
    outer loop
      vertex 8.22777 -1.54316 3.25699
      vertex 8.18708 -1.51597 3.25699
      vertex 8.24569 -1.51981 3.30797
    endloop
  endfacet
  facet normal 0.123144 0.363085 -0.923582
    outer loop
      vertex 8.07456 -1.66 3.10167
      vertex 8.07276 -1.66 3.10143
      vertex 8.07617 -1.65612 3.10341
    endloop
  endfacet
  facet normal 0.393231 0.588569 -0.706368
    outer loop
      vertex 8.18062 -1.60461 3.16867
      vertex 8.14835 -1.58305 3.16867
      vertex 8.20596 -1.57159 3.21029
    endloop
  endfacet
  facet normal 0.338615 0.506823 -0.792761
    outer loop
      vertex 8.15219 -1.64166 3.13284
      vertex 8.14835 -1.58305 3.16867
      vertex 8.18062 -1.60461 3.16867
    endloop
  endfacet
  facet normal 0.195941 0.577195 -0.79275
    outer loop
      vertex 8.09567 -1.60902 3.13284
      vertex 8.06471 -1.59851 3.13284
      vertex 8.07679 -1.5534 3.16867
    endloop
  endfacet
  facet normal 0.0398902 0.608232 -0.792756
    outer loop
      vertex 8.03263 -1.59213 3.13284
      vertex 8 -1.58999 3.13284
      vertex 8.03873 -1.54583 3.16867
    endloop
  endfacet
  facet normal -0.196014 0.577204 -0.792726
    outer loop
      vertex 7.90433 -1.60902 3.13284
      vertex 7.88646 -1.56588 3.16867
      vertex 7.92321 -1.5534 3.16867
    endloop
  endfacet
  facet normal -0.523528 0.596908 -0.607963
    outer loop
      vertex 7.76077 -1.60077 3.21029
      vertex 7.73543 -1.57543 3.25699
      vertex 7.79404 -1.57159 3.21029
    endloop
  endfacet
  facet normal -0.277873 0.416613 -0.865575
    outer loop
      vertex 7.87739 -1.66 3.1145
      vertex 7.875 -1.62349 3.13284
      vertex 7.89608 -1.66 3.1085
    endloop
  endfacet
  facet normal 0.720421 0.48143 0.499219
    outer loop
      vertex 8.34952 -1.6382 3.70603
      vertex 8.32019 -1.59431 3.70603
      vertex 8.32403 -1.65292 3.75701
    endloop
  endfacet
  facet normal 0.660185 0.441042 0.607978
    outer loop
      vertex 8.29684 -1.61222 3.75701
      vertex 8.26841 -1.63404 3.80371
      vertex 8.32403 -1.65292 3.75701
    endloop
  endfacet
  facet normal -0.0632624 0.964015 0.258212
    outer loop
      vertex 8 -1.39865 3.59479
      vertex 7.94438 -1.41753 3.65165
      vertex 8 -1.41388 3.65165
    endloop
  endfacet
  facet normal 0.0605154 0.922156 0.382055
    outer loop
      vertex 8.05562 -1.41753 3.65165
      vertex 8 -1.41388 3.65165
      vertex 8 -1.43641 3.70603
    endloop
  endfacet
  facet normal 0.310584 0.914767 0.258338
    outer loop
      vertex 8.11423 -1.41368 3.59479
      vertex 8.11029 -1.4284 3.65165
      vertex 8.16307 -1.44632 3.65165
    endloop
  endfacet
  facet normal 0.188392 0.947505 0.258346
    outer loop
      vertex 8.11423 -1.41368 3.59479
      vertex 8.05562 -1.41753 3.65165
      vertex 8.11029 -1.4284 3.65165
    endloop
  endfacet
  facet normal -0.0605154 0.922156 -0.382055
    outer loop
      vertex 8 -1.43641 3.30797
      vertex 7.94438 -1.41753 3.36235
      vertex 8 -1.41388 3.36235
    endloop
  endfacet
  facet normal -0.0603951 0.922207 -0.38195
    outer loop
      vertex 7.94732 -1.43986 3.30797
      vertex 7.94438 -1.41753 3.36235
      vertex 8 -1.43641 3.30797
    endloop
  endfacet
  facet normal 0.536675 0.803255 -0.258384
    outer loop
      vertex 8.2594 -1.50194 3.36235
      vertex 8.22068 -1.45778 3.41921
      vertex 8.26868 -1.48985 3.41921
    endloop
  endfacet
  facet normal 0.536802 0.803209 -0.258262
    outer loop
      vertex 8.2594 -1.50194 3.36235
      vertex 8.21306 -1.47097 3.36235
      vertex 8.22068 -1.45778 3.41921
    endloop
  endfacet
  facet normal 0.550802 0.824399 0.130322
    outer loop
      vertex 8.22452 -1.45112 3.53643
      vertex 8.22068 -1.45778 3.59479
      vertex 8.26868 -1.48985 3.59479
    endloop
  endfacet
  facet normal 0.438584 0.889189 0.130332
    outer loop
      vertex 8.22452 -1.45112 3.53643
      vertex 8.1689 -1.43224 3.59479
      vertex 8.22068 -1.45778 3.59479
    endloop
  endfacet
  facet normal 0.889274 0.438445 -0.130221
    outer loop
      vertex 8.40399 -1.66 3.43086
      vertex 8.38888 -1.61548 3.47757
      vertex 8.41083 -1.66 3.47757
    endloop
  endfacet
  facet normal -0.0751714 0.375733 -0.923674
    outer loop
      vertex 7.94849 -1.64775 3.10341
      vertex 7.97057 -1.66 3.09663
      vertex 7.95177 -1.66 3.09816
    endloop
  endfacet
  facet normal -0.0748579 0.376205 -0.923507
    outer loop
      vertex 7.97057 -1.66 3.09663
      vertex 7.94849 -1.64775 3.10341
      vertex 7.97402 -1.64267 3.10341
    endloop
  endfacet
  facet normal -0.0251792 0.38254 -0.923596
    outer loop
      vertex 7.97402 -1.64267 3.10341
      vertex 7.99354 -1.66 3.0957
      vertex 7.9763 -1.66 3.09617
    endloop
  endfacet
  facet normal -0.0250402 0.382674 -0.923544
    outer loop
      vertex 7.99354 -1.66 3.0957
      vertex 7.97402 -1.64267 3.10341
      vertex 8 -1.64097 3.10341
    endloop
  endfacet
  facet normal -0.571359 0.651457 0.499152
    outer loop
      vertex 7.75431 -1.51981 3.70603
      vertex 7.71462 -1.55462 3.70603
      vertex 7.73543 -1.57543 3.75701
    endloop
  endfacet
  facet normal -0.609356 0.694781 0.382054
    outer loop
      vertex 7.74059 -1.50194 3.65165
      vertex 7.71462 -1.55462 3.70603
      vertex 7.75431 -1.51981 3.70603
    endloop
  endfacet
  facet normal -0.588444 0.393278 0.706446
    outer loop
      vertex 7.73159 -1.63404 3.80371
      vertex 7.71424 -1.66 3.80371
      vertex 7.73675 -1.66 3.82246
    endloop
  endfacet
  facet normal -0.532185 0.46671 0.706372
    outer loop
      vertex 7.7902 -1.6302 3.84533
      vertex 7.73159 -1.63404 3.80371
      vertex 7.76461 -1.65938 3.84533
    endloop
  endfacet
  facet normal -0.720532 0.481358 0.499128
    outer loop
      vertex 7.67981 -1.59431 3.70603
      vertex 7.67597 -1.65292 3.75701
      vertex 7.70316 -1.61222 3.75701
    endloop
  endfacet
  facet normal -0.777159 0.383232 0.499157
    outer loop
      vertex 7.66537 -1.66 3.74595
      vertex 7.65048 -1.6382 3.70603
      vertex 7.63973 -1.66 3.70603
    endloop
  endfacet
  facet normal -0.777006 0.383456 0.499222
    outer loop
      vertex 7.65048 -1.6382 3.70603
      vertex 7.66537 -1.66 3.74595
      vertex 7.67597 -1.65292 3.75701
    endloop
  endfacet
  facet normal -0.466752 0.532174 0.706352
    outer loop
      vertex 7.79404 -1.57159 3.80371
      vertex 7.76077 -1.60077 3.80371
      vertex 7.7902 -1.6302 3.84533
    endloop
  endfacet
  facet normal -0.596908 0.523528 0.607963
    outer loop
      vertex 7.73543 -1.57543 3.75701
      vertex 7.73159 -1.63404 3.80371
      vertex 7.76077 -1.60077 3.80371
    endloop
  endfacet
  facet normal -0.269657 0.546696 0.792722
    outer loop
      vertex 7.88646 -1.56588 3.84533
      vertex 7.85165 -1.58305 3.84533
      vertex 7.90433 -1.60902 3.88116
    endloop
  endfacet
  facet normal -0.227594 0.670198 0.706425
    outer loop
      vertex 7.92321 -1.5534 3.84533
      vertex 7.87053 -1.52742 3.80371
      vertex 7.88646 -1.56588 3.84533
    endloop
  endfacet
  facet normal -0.458288 0.401983 0.792705
    outer loop
      vertex 7.82 -1.66 3.87767
      vertex 7.7902 -1.6302 3.84533
      vertex 7.79613 -1.66 3.86387
    endloop
  endfacet
  facet normal 0.16951 0.343388 0.92377
    outer loop
      vertex 8.07617 -1.65612 3.91059
      vertex 8.07591 -1.66 3.91208
      vertex 8.08403 -1.66 3.91059
    endloop
  endfacet
  facet normal 0.532185 0.46671 0.706372
    outer loop
      vertex 8.26841 -1.63404 3.80371
      vertex 8.2098 -1.6302 3.84533
      vertex 8.23539 -1.65938 3.84533
    endloop
  endfacet
  facet normal 0.457333 0.401068 0.79372
    outer loop
      vertex 8.2098 -1.6302 3.84533
      vertex 8.23458 -1.66 3.84611
      vertex 8.23539 -1.65938 3.84533
    endloop
  endfacet
  facet normal 0.458407 0.401933 0.792662
    outer loop
      vertex 8.23458 -1.66 3.84611
      vertex 8.2098 -1.6302 3.84533
      vertex 8.20387 -1.66 3.86387
    endloop
  endfacet
  facet normal 0.588599 0.393189 0.706366
    outer loop
      vertex 8.23539 -1.65938 3.84533
      vertex 8.26325 -1.66 3.82246
      vertex 8.26841 -1.63404 3.80371
    endloop
  endfacet
  facet normal 0.587374 0.397899 0.704747
    outer loop
      vertex 8.26325 -1.66 3.82246
      vertex 8.23539 -1.65938 3.84533
      vertex 8.23581 -1.66 3.84533
    endloop
  endfacet
  facet normal -0.297076 0.875121 0.38198
    outer loop
      vertex 7.89554 -1.45016 3.70603
      vertex 7.83693 -1.44632 3.65165
      vertex 7.84555 -1.46713 3.70603
    endloop
  endfacet
  facet normal -0.351276 0.712061 0.607926
    outer loop
      vertex 7.87053 -1.52742 3.80371
      vertex 7.81292 -1.51597 3.75701
      vertex 7.83084 -1.547 3.80371
    endloop
  endfacet
  facet normal -0.118905 0.597824 0.79276
    outer loop
      vertex 7.96127 -1.54583 3.84533
      vertex 7.92321 -1.5534 3.84533
      vertex 7.96737 -1.59213 3.88116
    endloop
  endfacet
  facet normal -0.0398892 0.608232 0.792756
    outer loop
      vertex 8 -1.54329 3.84533
      vertex 7.96127 -1.54583 3.84533
      vertex 7.96737 -1.59213 3.88116
    endloop
  endfacet
  facet normal 0.123217 0.363028 0.923595
    outer loop
      vertex 8.05151 -1.64775 3.91059
      vertex 8.07276 -1.66 3.91257
      vertex 8.07617 -1.65612 3.91059
    endloop
  endfacet
  facet normal 0.123471 0.363437 0.923401
    outer loop
      vertex 8.07276 -1.66 3.91257
      vertex 8.05151 -1.64775 3.91059
      vertex 8.04823 -1.66 3.91585
    endloop
  endfacet
  facet normal -0.0250402 0.382674 0.923544
    outer loop
      vertex 7.97402 -1.64267 3.91059
      vertex 7.99354 -1.66 3.9183
      vertex 8 -1.64097 3.91059
    endloop
  endfacet
  facet normal -0.0251792 0.38254 0.923596
    outer loop
      vertex 7.99354 -1.66 3.9183
      vertex 7.97402 -1.64267 3.91059
      vertex 7.9763 -1.66 3.91783
    endloop
  endfacet
  facet normal -0.123471 0.363437 0.923401
    outer loop
      vertex 7.94849 -1.64775 3.91059
      vertex 7.92724 -1.66 3.91257
      vertex 7.95177 -1.66 3.91585
    endloop
  endfacet
  facet normal -0.123217 0.363028 0.923595
    outer loop
      vertex 7.92724 -1.66 3.91257
      vertex 7.94849 -1.64775 3.91059
      vertex 7.92383 -1.65612 3.91059
    endloop
  endfacet
  facet normal -0.160954 0.474209 0.865575
    outer loop
      vertex 7.94849 -1.64775 3.91059
      vertex 7.90433 -1.60902 3.88116
      vertex 7.92383 -1.65612 3.91059
    endloop
  endfacet
  facet normal 0.0250328 0.382561 0.923591
    outer loop
      vertex 8 -1.64097 3.91059
      vertex 8.01743 -1.66 3.918
      vertex 8.02598 -1.64267 3.91059
    endloop
  endfacet
  facet normal 0.0254307 0.382871 0.923452
    outer loop
      vertex 8.01743 -1.66 3.918
      vertex 8 -1.64097 3.91059
      vertex 8 -1.66 3.91848
    endloop
  endfacet
  facet normal -0.0741464 0.376103 0.923607
    outer loop
      vertex 7.97402 -1.64267 3.91059
      vertex 7.97057 -1.66 3.91737
      vertex 7.9763 -1.66 3.91783
    endloop
  endfacet
  facet normal 0.0742758 0.376084 0.923604
    outer loop
      vertex 8.02598 -1.64267 3.91059
      vertex 8.0237 -1.66 3.91783
      vertex 8.02942 -1.66 3.91737
    endloop
  endfacet
  facet normal 0.0250416 0.382557 0.923592
    outer loop
      vertex 8.02598 -1.64267 3.91059
      vertex 8.01743 -1.66 3.918
      vertex 8.0237 -1.66 3.91783
    endloop
  endfacet
  facet normal 0.269692 0.546652 0.792741
    outer loop
      vertex 8.14835 -1.58305 3.84533
      vertex 8.09567 -1.60902 3.88116
      vertex 8.125 -1.62349 3.88116
    endloop
  endfacet
  facet normal 0.221569 0.44911 0.865568
    outer loop
      vertex 8.09567 -1.60902 3.88116
      vertex 8.07617 -1.65612 3.91059
      vertex 8.125 -1.62349 3.88116
    endloop
  endfacet
  facet normal 0.255232 0.751903 0.607864
    outer loop
      vertex 8.14318 -1.49432 3.75701
      vertex 8.09684 -1.47859 3.75701
      vertex 8.12947 -1.52742 3.80371
    endloop
  endfacet
  facet normal 0.0463859 0.706346 0.706346
    outer loop
      vertex 8.04416 -1.50457 3.80371
      vertex 8 -1.50167 3.80371
      vertex 8 -1.54329 3.84533
    endloop
  endfacet
  facet normal 0.169084 0.849846 0.499172
    outer loop
      vertex 8.05268 -1.43986 3.70603
      vertex 8.04884 -1.46904 3.75701
      vertex 8.09684 -1.47859 3.75701
    endloop
  endfacet
  facet normal 0.154939 0.778751 0.607899
    outer loop
      vertex 8.09684 -1.47859 3.75701
      vertex 8.04884 -1.46904 3.75701
      vertex 8.08757 -1.5132 3.80371
    endloop
  endfacet
  facet normal -0.138094 0.694301 0.706312
    outer loop
      vertex 7.95584 -1.50457 3.80371
      vertex 7.92321 -1.5534 3.84533
      vertex 7.96127 -1.54583 3.84533
    endloop
  endfacet
  facet normal 0.0398902 0.608232 0.792756
    outer loop
      vertex 8.03873 -1.54583 3.84533
      vertex 8 -1.58999 3.88116
      vertex 8.03263 -1.59213 3.88116
    endloop
  endfacet
  facet normal -0.408744 0.828866 0.38198
    outer loop
      vertex 7.83693 -1.44632 3.65165
      vertex 7.7982 -1.49048 3.70603
      vertex 7.84555 -1.46713 3.70603
    endloop
  endfacet
  facet normal -0.278474 0.820552 0.499145
    outer loop
      vertex 7.90316 -1.47859 3.75701
      vertex 7.84555 -1.46713 3.70603
      vertex 7.85681 -1.49432 3.75701
    endloop
  endfacet
  facet normal -0.503436 0.341037 -0.79388
    outer loop
      vertex 7.76542 -1.66 3.16789
      vertex 7.76419 -1.66 3.16867
      vertex 7.76461 -1.65938 3.16867
    endloop
  endfacet
  facet normal -0.401653 0.458156 -0.792949
    outer loop
      vertex 7.82 -1.66 3.13633
      vertex 7.84781 -1.64166 3.13284
      vertex 7.82689 -1.66 3.13284
    endloop
  endfacet
  facet normal -0.401815 0.458449 -0.792698
    outer loop
      vertex 7.84781 -1.64166 3.13284
      vertex 7.82 -1.66 3.13633
      vertex 7.7902 -1.6302 3.16867
    endloop
  endfacet
  facet normal -0.40189 0.458271 -0.792762
    outer loop
      vertex 7.84781 -1.64166 3.13284
      vertex 7.7902 -1.6302 3.16867
      vertex 7.81938 -1.60461 3.16867
    endloop
  endfacet
  facet normal -0.803182 0.536783 -0.258386
    outer loop
      vertex 7.66194 -1.5806 3.36235
      vertex 7.63097 -1.62694 3.36235
      vertex 7.64985 -1.57132 3.41921
    endloop
  endfacet
  facet normal -0.726343 0.636915 -0.25839
    outer loop
      vertex 7.66194 -1.5806 3.36235
      vertex 7.64985 -1.57132 3.41921
      vertex 7.69869 -1.53869 3.36235
    endloop
  endfacet
  facet normal -0.383316 0.777078 -0.499218
    outer loop
      vertex 7.81292 -1.51597 3.25699
      vertex 7.7982 -1.49048 3.30797
      vertex 7.85681 -1.49432 3.25699
    endloop
  endfacet
  facet normal -0.255178 0.751897 -0.607894
    outer loop
      vertex 7.91243 -1.5132 3.21029
      vertex 7.87053 -1.52742 3.21029
      vertex 7.90316 -1.47859 3.25699
    endloop
  endfacet
  facet normal -0.313149 0.634775 -0.706398
    outer loop
      vertex 7.85165 -1.58305 3.16867
      vertex 7.83084 -1.547 3.21029
      vertex 7.87053 -1.52742 3.21029
    endloop
  endfacet
  facet normal -0.393231 0.588569 -0.706368
    outer loop
      vertex 7.81938 -1.60461 3.16867
      vertex 7.79404 -1.57159 3.21029
      vertex 7.85165 -1.58305 3.16867
    endloop
  endfacet
  facet normal -0.408744 0.828866 -0.38198
    outer loop
      vertex 7.84555 -1.46713 3.30797
      vertex 7.7982 -1.49048 3.30797
      vertex 7.83693 -1.44632 3.36235
    endloop
  endfacet
  facet normal -0.278474 0.820552 -0.499145
    outer loop
      vertex 7.85681 -1.49432 3.25699
      vertex 7.84555 -1.46713 3.30797
      vertex 7.90316 -1.47859 3.25699
    endloop
  endfacet
  facet normal -0.824407 0.550786 -0.130339
    outer loop
      vertex 7.64985 -1.57132 3.41921
      vertex 7.61112 -1.61548 3.47757
      vertex 7.64375 -1.56664 3.47757
    endloop
  endfacet
  facet normal -0.824399 0.550802 -0.130322
    outer loop
      vertex 7.61778 -1.61932 3.41921
      vertex 7.61112 -1.61548 3.47757
      vertex 7.64985 -1.57132 3.41921
    endloop
  endfacet
  facet normal -0.74534 0.653804 0.13042
    outer loop
      vertex 7.68248 -1.52248 3.53643
      vertex 7.64985 -1.57132 3.59479
      vertex 7.68792 -1.52792 3.59479
    endloop
  endfacet
  facet normal -0.745404 0.653747 0.130338
    outer loop
      vertex 7.68248 -1.52248 3.53643
      vertex 7.64375 -1.56664 3.53643
      vertex 7.64985 -1.57132 3.59479
    endloop
  endfacet
  facet normal 0.351208 0.712149 0.607863
    outer loop
      vertex 8.14318 -1.49432 3.75701
      vertex 8.12947 -1.52742 3.80371
      vertex 8.18708 -1.51597 3.75701
    endloop
  endfacet
  facet normal 0.523496 0.596984 0.607916
    outer loop
      vertex 8.22777 -1.54316 3.75701
      vertex 8.20596 -1.57159 3.80371
      vertex 8.26457 -1.57543 3.75701
    endloop
  endfacet
  facet normal -0.318733 0.938854 -0.130236
    outer loop
      vertex 7.88577 -1.41368 3.41921
      vertex 7.8311 -1.43224 3.41921
      vertex 7.88378 -1.40626 3.47757
    endloop
  endfacet
  facet normal -0.318693 0.938863 -0.130276
    outer loop
      vertex 7.8311 -1.43224 3.41921
      vertex 7.82816 -1.42514 3.47757
      vertex 7.88378 -1.40626 3.47757
    endloop
  endfacet
  facet normal -0.188392 0.947505 0.258346
    outer loop
      vertex 7.94438 -1.41753 3.65165
      vertex 7.88577 -1.41368 3.59479
      vertex 7.88971 -1.4284 3.65165
    endloop
  endfacet
  facet normal -0.188427 0.947489 0.258381
    outer loop
      vertex 7.94239 -1.40242 3.59479
      vertex 7.88577 -1.41368 3.59479
      vertex 7.94438 -1.41753 3.65165
    endloop
  endfacet
  facet normal -0.726263 0.63707 -0.258232
    outer loop
      vertex 7.69869 -1.53869 3.36235
      vertex 7.64985 -1.57132 3.41921
      vertex 7.68792 -1.52792 3.41921
    endloop
  endfacet
  facet normal -0.74534 0.653804 -0.13042
    outer loop
      vertex 7.68792 -1.52792 3.41921
      vertex 7.64985 -1.57132 3.41921
      vertex 7.68248 -1.52248 3.47757
    endloop
  endfacet
  facet normal -0.318693 0.938863 0.130276
    outer loop
      vertex 7.88378 -1.40626 3.53643
      vertex 7.82816 -1.42514 3.53643
      vertex 7.8311 -1.43224 3.59479
    endloop
  endfacet
  facet normal -0.321433 0.946932 0
    outer loop
      vertex 7.88378 -1.40626 3.47757
      vertex 7.82816 -1.42514 3.53643
      vertex 7.88378 -1.40626 3.53643
    endloop
  endfacet
  facet normal -0.321433 0.946932 0
    outer loop
      vertex 7.82816 -1.42514 3.53643
      vertex 7.88378 -1.40626 3.47757
      vertex 7.82816 -1.42514 3.47757
    endloop
  endfacet
  facet normal -0.550802 0.824399 -0.130322
    outer loop
      vertex 7.77932 -1.45778 3.41921
      vertex 7.73132 -1.48985 3.41921
      vertex 7.77548 -1.45112 3.47757
    endloop
  endfacet
  facet normal -0.550913 0.824344 -0.130201
    outer loop
      vertex 7.73132 -1.48985 3.41921
      vertex 7.72664 -1.48376 3.47757
      vertex 7.77548 -1.45112 3.47757
    endloop
  endfacet
  facet normal 0.188392 0.947505 -0.258346
    outer loop
      vertex 8.11029 -1.4284 3.36235
      vertex 8.05562 -1.41753 3.36235
      vertex 8.11423 -1.41368 3.41921
    endloop
  endfacet
  facet normal 0.188427 0.947489 -0.258381
    outer loop
      vertex 8.11423 -1.41368 3.41921
      vertex 8.05562 -1.41753 3.36235
      vertex 8.05761 -1.40242 3.41921
    endloop
  endfacet
  facet normal -0.0566525 0.864659 -0.499155
    outer loop
      vertex 8 -1.46584 3.25699
      vertex 7.95116 -1.46904 3.25699
      vertex 8 -1.43641 3.30797
    endloop
  endfacet
  facet normal 0.0519127 0.792318 -0.607896
    outer loop
      vertex 8 -1.50167 3.21029
      vertex 8 -1.46584 3.25699
      vertex 8.04884 -1.46904 3.25699
    endloop
  endfacet
  facet normal 0.154939 0.778751 -0.607899
    outer loop
      vertex 8.08757 -1.5132 3.21029
      vertex 8.04884 -1.46904 3.25699
      vertex 8.09684 -1.47859 3.25699
    endloop
  endfacet
  facet normal 0.169084 0.849846 -0.499172
    outer loop
      vertex 8.09684 -1.47859 3.25699
      vertex 8.04884 -1.46904 3.25699
      vertex 8.05268 -1.43986 3.30797
    endloop
  endfacet
  facet normal -0.138094 0.694301 -0.706312
    outer loop
      vertex 7.96127 -1.54583 3.16867
      vertex 7.92321 -1.5534 3.16867
      vertex 7.95584 -1.50457 3.21029
    endloop
  endfacet
  facet normal 0.0520275 0.792253 -0.607971
    outer loop
      vertex 8.04416 -1.50457 3.21029
      vertex 8 -1.50167 3.21029
      vertex 8.04884 -1.46904 3.25699
    endloop
  endfacet
  facet normal -0.310584 0.914767 -0.258338
    outer loop
      vertex 7.88971 -1.4284 3.36235
      vertex 7.83693 -1.44632 3.36235
      vertex 7.88577 -1.41368 3.41921
    endloop
  endfacet
  facet normal -0.180304 0.906423 -0.381952
    outer loop
      vertex 7.94732 -1.43986 3.30797
      vertex 7.89554 -1.45016 3.30797
      vertex 7.94438 -1.41753 3.36235
    endloop
  endfacet
  facet normal 0.401653 0.458156 -0.792949
    outer loop
      vertex 8.15219 -1.64166 3.13284
      vertex 8.18 -1.66 3.13633
      vertex 8.17311 -1.66 3.13284
    endloop
  endfacet
  facet normal 0.401815 0.458449 -0.792698
    outer loop
      vertex 8.18 -1.66 3.13633
      vertex 8.15219 -1.64166 3.13284
      vertex 8.2098 -1.6302 3.16867
    endloop
  endfacet
  facet normal 0.458288 0.401983 -0.792705
    outer loop
      vertex 8.20387 -1.66 3.15013
      vertex 8.18 -1.66 3.13633
      vertex 8.2098 -1.6302 3.16867
    endloop
  endfacet
  facet normal 0.338683 0.506814 -0.792738
    outer loop
      vertex 8.15219 -1.64166 3.13284
      vertex 8.125 -1.62349 3.13284
      vertex 8.14835 -1.58305 3.16867
    endloop
  endfacet
  facet normal 0.278321 0.416486 -0.865492
    outer loop
      vertex 8.13812 -1.66 3.11949
      vertex 8.125 -1.62349 3.13284
      vertex 8.15219 -1.64166 3.13284
    endloop
  endfacet
  facet normal 0.278437 0.41651 -0.865443
    outer loop
      vertex 8.125 -1.62349 3.13284
      vertex 8.13812 -1.66 3.11949
      vertex 8.12261 -1.66 3.1145
    endloop
  endfacet
  facet normal 0.51349 0.768396 -0.381964
    outer loop
      vertex 8.24569 -1.51981 3.30797
      vertex 8.2018 -1.49048 3.30797
      vertex 8.2594 -1.50194 3.36235
    endloop
  endfacet
  facet normal 0.609382 0.694811 -0.381958
    outer loop
      vertex 8.28538 -1.55462 3.30797
      vertex 8.24569 -1.51981 3.30797
      vertex 8.2594 -1.50194 3.36235
    endloop
  endfacet
  facet normal 0.278533 0.820499 -0.4992
    outer loop
      vertex 8.15445 -1.46713 3.30797
      vertex 8.09684 -1.47859 3.25699
      vertex 8.10446 -1.45016 3.30797
    endloop
  endfacet
  facet normal 0.297076 0.875121 -0.38198
    outer loop
      vertex 8.15445 -1.46713 3.30797
      vertex 8.10446 -1.45016 3.30797
      vertex 8.16307 -1.44632 3.36235
    endloop
  endfacet
  facet normal 0.513514 0.768364 -0.381996
    outer loop
      vertex 8.2594 -1.50194 3.36235
      vertex 8.2018 -1.49048 3.30797
      vertex 8.21306 -1.47097 3.36235
    endloop
  endfacet
  facet normal 0.408715 0.82887 -0.382004
    outer loop
      vertex 8.2018 -1.49048 3.30797
      vertex 8.16307 -1.44632 3.36235
      vertex 8.21306 -1.47097 3.36235
    endloop
  endfacet
  facet normal 0.221569 0.44911 -0.865568
    outer loop
      vertex 8.125 -1.62349 3.13284
      vertex 8.07617 -1.65612 3.10341
      vertex 8.09567 -1.60902 3.13284
    endloop
  endfacet
  facet normal 0.16951 0.343388 -0.92377
    outer loop
      vertex 8.08403 -1.66 3.10341
      vertex 8.07591 -1.66 3.10192
      vertex 8.07617 -1.65612 3.10341
    endloop
  endfacet
  facet normal 0.196014 0.577204 -0.792726
    outer loop
      vertex 8.09567 -1.60902 3.13284
      vertex 8.07679 -1.5534 3.16867
      vertex 8.11354 -1.56588 3.16867
    endloop
  endfacet
  facet normal 0.227594 0.670198 -0.706425
    outer loop
      vertex 8.11354 -1.56588 3.16867
      vertex 8.07679 -1.5534 3.16867
      vertex 8.12947 -1.52742 3.21029
    endloop
  endfacet
  facet normal -0.660185 0.441042 -0.607978
    outer loop
      vertex 7.73159 -1.63404 3.21029
      vertex 7.67597 -1.65292 3.25699
      vertex 7.70316 -1.61222 3.25699
    endloop
  endfacet
  facet normal -0.777205 0.383068 -0.49921
    outer loop
      vertex 7.66537 -1.66 3.26806
      vertex 7.65048 -1.6382 3.30797
      vertex 7.67597 -1.65292 3.25699
    endloop
  endfacet
  facet normal -0.77711 0.383208 -0.499251
    outer loop
      vertex 7.65048 -1.6382 3.30797
      vertex 7.66537 -1.66 3.26806
      vertex 7.63973 -1.66 3.30797
    endloop
  endfacet
  facet normal -0.720421 0.48143 -0.499219
    outer loop
      vertex 7.67597 -1.65292 3.25699
      vertex 7.65048 -1.6382 3.30797
      vertex 7.67981 -1.59431 3.30797
    endloop
  endfacet
  facet normal -0.171029 0.343205 0.923558
    outer loop
      vertex 7.92544 -1.66 3.91233
      vertex 7.92383 -1.65612 3.91059
      vertex 7.92409 -1.66 3.91208
    endloop
  endfacet
  facet normal 0.720532 0.481358 0.499128
    outer loop
      vertex 8.32019 -1.59431 3.70603
      vertex 8.29684 -1.61222 3.75701
      vertex 8.32403 -1.65292 3.75701
    endloop
  endfacet
  facet normal 0.651442 0.571406 0.499118
    outer loop
      vertex 8.32019 -1.59431 3.70603
      vertex 8.26457 -1.57543 3.75701
      vertex 8.29684 -1.61222 3.75701
    endloop
  endfacet
  facet normal 0.828928 0.408697 0.381896
    outer loop
      vertex 8.38533 -1.66 3.65165
      vertex 8.36903 -1.62694 3.65165
      vertex 8.3712 -1.66 3.68232
    endloop
  endfacet
  facet normal 0.318733 0.938854 0.130236
    outer loop
      vertex 8.11622 -1.40626 3.53643
      vertex 8.11423 -1.41368 3.59479
      vertex 8.1689 -1.43224 3.59479
    endloop
  endfacet
  facet normal 0.193389 0.97244 0.130232
    outer loop
      vertex 8.11622 -1.40626 3.53643
      vertex 8.05761 -1.40242 3.59479
      vertex 8.11423 -1.41368 3.59479
    endloop
  endfacet
  facet normal 0.0566257 0.864649 -0.499174
    outer loop
      vertex 8.04884 -1.46904 3.25699
      vertex 8 -1.43641 3.30797
      vertex 8.05268 -1.43986 3.30797
    endloop
  endfacet
  facet normal 0.0603951 0.922207 -0.38195
    outer loop
      vertex 8.05268 -1.43986 3.30797
      vertex 8 -1.43641 3.30797
      vertex 8.05562 -1.41753 3.36235
    endloop
  endfacet
  facet normal -0.0647431 0.98935 -0.130365
    outer loop
      vertex 8 -1.39865 3.41921
      vertex 7.94239 -1.40242 3.41921
      vertex 8 -1.39096 3.47757
    endloop
  endfacet
  facet normal 0.0605154 0.922156 -0.382055
    outer loop
      vertex 8 -1.43641 3.30797
      vertex 8 -1.41388 3.36235
      vertex 8.05562 -1.41753 3.36235
    endloop
  endfacet
  facet normal 0.427252 0.866464 0.258254
    outer loop
      vertex 8.22068 -1.45778 3.59479
      vertex 8.16307 -1.44632 3.65165
      vertex 8.21306 -1.47097 3.65165
    endloop
  endfacet
  facet normal 0.536802 0.803209 0.258262
    outer loop
      vertex 8.22068 -1.45778 3.59479
      vertex 8.21306 -1.47097 3.65165
      vertex 8.2594 -1.50194 3.65165
    endloop
  endfacet
  facet normal 0.828928 0.408697 -0.381896
    outer loop
      vertex 8.3712 -1.66 3.33168
      vertex 8.36903 -1.62694 3.36235
      vertex 8.38533 -1.66 3.36235
    endloop
  endfacet
  facet normal -0.0243066 0.382467 -0.923649
    outer loop
      vertex 8 -1.66 3.09553
      vertex 7.99354 -1.66 3.0957
      vertex 8 -1.64097 3.10341
    endloop
  endfacet
  facet normal -0.171029 0.343205 -0.923558
    outer loop
      vertex 7.92409 -1.66 3.10192
      vertex 7.92383 -1.65612 3.10341
      vertex 7.92544 -1.66 3.10167
    endloop
  endfacet
  facet normal -0.12313 0.362887 -0.923662
    outer loop
      vertex 7.92724 -1.66 3.10143
      vertex 7.94849 -1.64775 3.10341
      vertex 7.95177 -1.66 3.09816
    endloop
  endfacet
  facet normal -0.123217 0.363028 -0.923595
    outer loop
      vertex 7.94849 -1.64775 3.10341
      vertex 7.92724 -1.66 3.10143
      vertex 7.92383 -1.65612 3.10341
    endloop
  endfacet
  facet normal -0.651457 0.571359 0.499152
    outer loop
      vertex 7.71462 -1.55462 3.70603
      vertex 7.67981 -1.59431 3.70603
      vertex 7.73543 -1.57543 3.75701
    endloop
  endfacet
  facet normal -0.694811 0.609382 0.381958
    outer loop
      vertex 7.71462 -1.55462 3.70603
      vertex 7.66194 -1.5806 3.65165
      vertex 7.67981 -1.59431 3.70603
    endloop
  endfacet
  facet normal -0.523528 0.596908 0.607963
    outer loop
      vertex 7.79404 -1.57159 3.80371
      vertex 7.73543 -1.57543 3.75701
      vertex 7.76077 -1.60077 3.80371
    endloop
  endfacet
  facet normal -0.523543 0.596874 0.607984
    outer loop
      vertex 7.77222 -1.54316 3.75701
      vertex 7.73543 -1.57543 3.75701
      vertex 7.79404 -1.57159 3.80371
    endloop
  endfacet
  facet normal -0.503436 0.341037 0.79388
    outer loop
      vertex 7.76461 -1.65938 3.84533
      vertex 7.76419 -1.66 3.84533
      vertex 7.76542 -1.66 3.84611
    endloop
  endfacet
  facet normal -0.458407 0.401933 0.792662
    outer loop
      vertex 7.7902 -1.6302 3.84533
      vertex 7.76542 -1.66 3.84611
      vertex 7.79613 -1.66 3.86387
    endloop
  endfacet
  facet normal -0.457333 0.401068 0.79372
    outer loop
      vertex 7.76542 -1.66 3.84611
      vertex 7.7902 -1.6302 3.84533
      vertex 7.76461 -1.65938 3.84533
    endloop
  endfacet
  facet normal -0.393231 0.588569 0.706368
    outer loop
      vertex 7.85165 -1.58305 3.84533
      vertex 7.79404 -1.57159 3.80371
      vertex 7.81938 -1.60461 3.84533
    endloop
  endfacet
  facet normal -0.46671 0.532185 0.706372
    outer loop
      vertex 7.79404 -1.57159 3.80371
      vertex 7.7902 -1.6302 3.84533
      vertex 7.81938 -1.60461 3.84533
    endloop
  endfacet
  facet normal 0.532174 0.466752 0.706352
    outer loop
      vertex 8.23923 -1.60077 3.80371
      vertex 8.2098 -1.6302 3.84533
      vertex 8.26841 -1.63404 3.80371
    endloop
  endfacet
  facet normal 0.596908 0.523528 0.607963
    outer loop
      vertex 8.26457 -1.57543 3.75701
      vertex 8.23923 -1.60077 3.80371
      vertex 8.26841 -1.63404 3.80371
    endloop
  endfacet
  facet normal 0.269657 0.546696 0.792722
    outer loop
      vertex 8.11354 -1.56588 3.84533
      vertex 8.09567 -1.60902 3.88116
      vertex 8.14835 -1.58305 3.84533
    endloop
  endfacet
  facet normal 0.338683 0.506814 0.792738
    outer loop
      vertex 8.14835 -1.58305 3.84533
      vertex 8.125 -1.62349 3.88116
      vertex 8.15219 -1.64166 3.88116
    endloop
  endfacet
  facet normal 0.458288 0.401983 0.792705
    outer loop
      vertex 8.2098 -1.6302 3.84533
      vertex 8.18 -1.66 3.87767
      vertex 8.20387 -1.66 3.86387
    endloop
  endfacet
  facet normal 0.401815 0.458449 0.792698
    outer loop
      vertex 8.15219 -1.64166 3.88116
      vertex 8.18 -1.66 3.87767
      vertex 8.2098 -1.6302 3.84533
    endloop
  endfacet
  facet normal 0.401653 0.458156 0.792949
    outer loop
      vertex 8.18 -1.66 3.87767
      vertex 8.15219 -1.64166 3.88116
      vertex 8.17311 -1.66 3.88116
    endloop
  endfacet
  facet normal -0.154811 0.778718 0.607974
    outer loop
      vertex 7.95116 -1.46904 3.75701
      vertex 7.91243 -1.5132 3.80371
      vertex 7.95584 -1.50457 3.80371
    endloop
  endfacet
  facet normal -0.138025 0.694282 0.706344
    outer loop
      vertex 7.95584 -1.50457 3.80371
      vertex 7.91243 -1.5132 3.80371
      vertex 7.92321 -1.5534 3.84533
    endloop
  endfacet
  facet normal -0.0977334 0.491168 0.865565
    outer loop
      vertex 7.96737 -1.59213 3.88116
      vertex 7.94849 -1.64775 3.91059
      vertex 7.97402 -1.64267 3.91059
    endloop
  endfacet
  facet normal -0.0257307 0.382868 0.923445
    outer loop
      vertex 8 -1.64097 3.91059
      vertex 7.99354 -1.66 3.9183
      vertex 8 -1.66 3.91848
    endloop
  endfacet
  facet normal 0.0520275 0.792253 0.607971
    outer loop
      vertex 8.04884 -1.46904 3.75701
      vertex 8 -1.50167 3.80371
      vertex 8.04416 -1.50457 3.80371
    endloop
  endfacet
  facet normal 0.0603951 0.922207 0.38195
    outer loop
      vertex 8.05562 -1.41753 3.65165
      vertex 8 -1.43641 3.70603
      vertex 8.05268 -1.43986 3.70603
    endloop
  endfacet
  facet normal 0.0326996 0.499726 0.865566
    outer loop
      vertex 8.03263 -1.59213 3.88116
      vertex 8 -1.64097 3.91059
      vertex 8.02598 -1.64267 3.91059
    endloop
  endfacet
  facet normal 0.0327715 0.499689 0.865585
    outer loop
      vertex 8.03263 -1.59213 3.88116
      vertex 8 -1.58999 3.88116
      vertex 8 -1.64097 3.91059
    endloop
  endfacet
  facet normal 0.160974 0.474191 0.865581
    outer loop
      vertex 8.06471 -1.59851 3.88116
      vertex 8.05151 -1.64775 3.91059
      vertex 8.09567 -1.60902 3.88116
    endloop
  endfacet
  facet normal 0.0976802 0.491157 0.865577
    outer loop
      vertex 8.06471 -1.59851 3.88116
      vertex 8.03263 -1.59213 3.88116
      vertex 8.05151 -1.64775 3.91059
    endloop
  endfacet
  facet normal -0.221547 0.448804 0.865732
    outer loop
      vertex 7.92383 -1.65612 3.91059
      vertex 7.89608 -1.66 3.9055
      vertex 7.91597 -1.66 3.91059
    endloop
  endfacet
  facet normal -0.221561 0.449119 0.865565
    outer loop
      vertex 7.89608 -1.66 3.9055
      vertex 7.92383 -1.65612 3.91059
      vertex 7.875 -1.62349 3.88116
    endloop
  endfacet
  facet normal 0.221504 0.449151 0.865563
    outer loop
      vertex 8.125 -1.62349 3.88116
      vertex 8.08403 -1.66 3.91059
      vertex 8.10392 -1.66 3.9055
    endloop
  endfacet
  facet normal 0.221651 0.449014 0.865597
    outer loop
      vertex 8.08403 -1.66 3.91059
      vertex 8.125 -1.62349 3.88116
      vertex 8.07617 -1.65612 3.91059
    endloop
  endfacet
  facet normal 0.351276 0.712061 0.607926
    outer loop
      vertex 8.18708 -1.51597 3.75701
      vertex 8.12947 -1.52742 3.80371
      vertex 8.16916 -1.547 3.80371
    endloop
  endfacet
  facet normal 0.441131 0.660172 0.607928
    outer loop
      vertex 8.18708 -1.51597 3.75701
      vertex 8.16916 -1.547 3.80371
      vertex 8.20596 -1.57159 3.80371
    endloop
  endfacet
  facet normal -0.0566257 0.864649 0.499174
    outer loop
      vertex 8 -1.43641 3.70603
      vertex 7.94732 -1.43986 3.70603
      vertex 7.95116 -1.46904 3.75701
    endloop
  endfacet
  facet normal -0.0603951 0.922207 0.38195
    outer loop
      vertex 8 -1.43641 3.70603
      vertex 7.94438 -1.41753 3.65165
      vertex 7.94732 -1.43986 3.70603
    endloop
  endfacet
  facet normal 0.154811 0.778718 0.607974
    outer loop
      vertex 8.04884 -1.46904 3.75701
      vertex 8.04416 -1.50457 3.80371
      vertex 8.08757 -1.5132 3.80371
    endloop
  endfacet
  facet normal 0.138025 0.694282 0.706344
    outer loop
      vertex 8.08757 -1.5132 3.80371
      vertex 8.04416 -1.50457 3.80371
      vertex 8.07679 -1.5534 3.84533
    endloop
  endfacet
  facet normal 0.0566257 0.864649 0.499174
    outer loop
      vertex 8.05268 -1.43986 3.70603
      vertex 8 -1.43641 3.70603
      vertex 8.04884 -1.46904 3.75701
    endloop
  endfacet
  facet normal 0.0519127 0.792318 0.607896
    outer loop
      vertex 8.04884 -1.46904 3.75701
      vertex 8 -1.46584 3.75701
      vertex 8 -1.50167 3.80371
    endloop
  endfacet
  facet normal 0.046326 0.706381 0.706315
    outer loop
      vertex 8.04416 -1.50457 3.80371
      vertex 8 -1.54329 3.84533
      vertex 8.03873 -1.54583 3.84533
    endloop
  endfacet
  facet normal 0.0398892 0.608232 0.792756
    outer loop
      vertex 8.03873 -1.54583 3.84533
      vertex 8 -1.54329 3.84533
      vertex 8 -1.58999 3.88116
    endloop
  endfacet
  facet normal -0.255174 0.751896 -0.607896
    outer loop
      vertex 7.87053 -1.52742 3.21029
      vertex 7.85681 -1.49432 3.25699
      vertex 7.90316 -1.47859 3.25699
    endloop
  endfacet
  facet normal -0.351257 0.712086 -0.607908
    outer loop
      vertex 7.87053 -1.52742 3.21029
      vertex 7.81292 -1.51597 3.25699
      vertex 7.85681 -1.49432 3.25699
    endloop
  endfacet
  facet normal -0.571406 0.651442 -0.499118
    outer loop
      vertex 7.77222 -1.54316 3.25699
      vertex 7.73543 -1.57543 3.25699
      vertex 7.75431 -1.51981 3.30797
    endloop
  endfacet
  facet normal -0.481358 0.720532 -0.499128
    outer loop
      vertex 7.77222 -1.54316 3.25699
      vertex 7.75431 -1.51981 3.30797
      vertex 7.81292 -1.51597 3.25699
    endloop
  endfacet
  facet normal -0.393256 0.588525 -0.706391
    outer loop
      vertex 7.85165 -1.58305 3.16867
      vertex 7.79404 -1.57159 3.21029
      vertex 7.83084 -1.547 3.21029
    endloop
  endfacet
  facet normal -0.441131 0.660172 -0.607928
    outer loop
      vertex 7.83084 -1.547 3.21029
      vertex 7.79404 -1.57159 3.21029
      vertex 7.81292 -1.51597 3.25699
    endloop
  endfacet
  facet normal -0.866448 0.42726 0.258297
    outer loop
      vertex 7.60198 -1.66 3.60908
      vertex 7.61778 -1.61932 3.59479
      vertex 7.59772 -1.66 3.59479
    endloop
  endfacet
  facet normal -0.866465 0.427252 0.258254
    outer loop
      vertex 7.61778 -1.61932 3.59479
      vertex 7.60198 -1.66 3.60908
      vertex 7.63097 -1.62694 3.65165
    endloop
  endfacet
  facet normal -0.803281 0.536692 0.258264
    outer loop
      vertex 7.64985 -1.57132 3.59479
      vertex 7.61778 -1.61932 3.59479
      vertex 7.63097 -1.62694 3.65165
    endloop
  endfacet
  facet normal -0.726263 0.63707 0.258232
    outer loop
      vertex 7.68792 -1.52792 3.59479
      vertex 7.64985 -1.57132 3.59479
      vertex 7.69869 -1.53869 3.65165
    endloop
  endfacet
  facet normal -0.63707 0.726263 0.258232
    outer loop
      vertex 7.73132 -1.48985 3.59479
      vertex 7.68792 -1.52792 3.59479
      vertex 7.69869 -1.53869 3.65165
    endloop
  endfacet
  facet normal -0.63707 0.726263 -0.258232
    outer loop
      vertex 7.69869 -1.53869 3.36235
      vertex 7.68792 -1.52792 3.41921
      vertex 7.73132 -1.48985 3.41921
    endloop
  endfacet
  facet normal -0.653804 0.74534 -0.13042
    outer loop
      vertex 7.68792 -1.52792 3.41921
      vertex 7.68248 -1.52248 3.47757
      vertex 7.73132 -1.48985 3.41921
    endloop
  endfacet
  facet normal -0.427252 0.866464 -0.258254
    outer loop
      vertex 7.78694 -1.47097 3.36235
      vertex 7.77932 -1.45778 3.41921
      vertex 7.83693 -1.44632 3.36235
    endloop
  endfacet
  facet normal -0.408715 0.82887 -0.382004
    outer loop
      vertex 7.7982 -1.49048 3.30797
      vertex 7.78694 -1.47097 3.36235
      vertex 7.83693 -1.44632 3.36235
    endloop
  endfacet
  facet normal -0.0463859 0.706346 -0.706346
    outer loop
      vertex 8 -1.54329 3.16867
      vertex 7.95584 -1.50457 3.21029
      vertex 8 -1.50167 3.21029
    endloop
  endfacet
  facet normal 0.154811 0.778718 -0.607974
    outer loop
      vertex 8.08757 -1.5132 3.21029
      vertex 8.04416 -1.50457 3.21029
      vertex 8.04884 -1.46904 3.25699
    endloop
  endfacet
  facet normal 0.255232 0.751903 -0.607864
    outer loop
      vertex 8.12947 -1.52742 3.21029
      vertex 8.09684 -1.47859 3.25699
      vertex 8.14318 -1.49432 3.25699
    endloop
  endfacet
  facet normal 0.255178 0.751897 -0.607894
    outer loop
      vertex 8.12947 -1.52742 3.21029
      vertex 8.08757 -1.5132 3.21029
      vertex 8.09684 -1.47859 3.25699
    endloop
  endfacet
  facet normal -0.118905 0.597824 -0.79276
    outer loop
      vertex 7.96737 -1.59213 3.13284
      vertex 7.92321 -1.5534 3.16867
      vertex 7.96127 -1.54583 3.16867
    endloop
  endfacet
  facet normal -0.138025 0.694282 -0.706344
    outer loop
      vertex 7.92321 -1.5534 3.16867
      vertex 7.91243 -1.5132 3.21029
      vertex 7.95584 -1.50457 3.21029
    endloop
  endfacet
  facet normal 0.0327715 0.499689 -0.865585
    outer loop
      vertex 8 -1.64097 3.10341
      vertex 8 -1.58999 3.13284
      vertex 8.03263 -1.59213 3.13284
    endloop
  endfacet
  facet normal -0.0327715 0.499689 -0.865585
    outer loop
      vertex 8 -1.64097 3.10341
      vertex 7.96737 -1.59213 3.13284
      vertex 8 -1.58999 3.13284
    endloop
  endfacet
  facet normal 0.221504 0.449151 -0.865563
    outer loop
      vertex 8.08403 -1.66 3.10341
      vertex 8.125 -1.62349 3.13284
      vertex 8.10392 -1.66 3.1085
    endloop
  endfacet
  facet normal 0.221651 0.449014 -0.865597
    outer loop
      vertex 8.125 -1.62349 3.13284
      vertex 8.08403 -1.66 3.10341
      vertex 8.07617 -1.65612 3.10341
    endloop
  endfacet
  facet normal 0.277873 0.416613 -0.865575
    outer loop
      vertex 8.12261 -1.66 3.1145
      vertex 8.10392 -1.66 3.1085
      vertex 8.125 -1.62349 3.13284
    endloop
  endfacet
  facet normal 0.160954 0.474209 -0.865575
    outer loop
      vertex 8.07617 -1.65612 3.10341
      vertex 8.05151 -1.64775 3.10341
      vertex 8.09567 -1.60902 3.13284
    endloop
  endfacet
  facet normal 0.123217 0.363028 -0.923595
    outer loop
      vertex 8.07276 -1.66 3.10143
      vertex 8.05151 -1.64775 3.10341
      vertex 8.07617 -1.65612 3.10341
    endloop
  endfacet
  facet normal 0.12313 0.362887 -0.923662
    outer loop
      vertex 8.05151 -1.64775 3.10341
      vertex 8.07276 -1.66 3.10143
      vertex 8.04823 -1.66 3.09816
    endloop
  endfacet
  facet normal 0.138094 0.694301 -0.706312
    outer loop
      vertex 8.07679 -1.5534 3.16867
      vertex 8.03873 -1.54583 3.16867
      vertex 8.04416 -1.50457 3.21029
    endloop
  endfacet
  facet normal 0.138025 0.694282 -0.706344
    outer loop
      vertex 8.07679 -1.5534 3.16867
      vertex 8.04416 -1.50457 3.21029
      vertex 8.08757 -1.5132 3.21029
    endloop
  endfacet
  facet normal -0.596874 0.523543 -0.607984
    outer loop
      vertex 7.73159 -1.63404 3.21029
      vertex 7.70316 -1.61222 3.25699
      vertex 7.73543 -1.57543 3.25699
    endloop
  endfacet
  facet normal -0.660188 0.441227 -0.60784
    outer loop
      vertex 7.68823 -1.66 3.23854
      vertex 7.73159 -1.63404 3.21029
      vertex 7.71424 -1.66 3.21029
    endloop
  endfacet
  facet normal -0.660178 0.44109 -0.607951
    outer loop
      vertex 7.73159 -1.63404 3.21029
      vertex 7.68823 -1.66 3.23854
      vertex 7.67597 -1.65292 3.25699
    endloop
  endfacet
  facet normal -0.711741 0.351849 -0.607969
    outer loop
      vertex 7.68823 -1.66 3.23854
      vertex 7.67247 -1.66 3.25699
      vertex 7.67597 -1.65292 3.25699
    endloop
  endfacet
  facet normal -0.777148 0.384183 -0.498442
    outer loop
      vertex 7.67247 -1.66 3.25699
      vertex 7.66537 -1.66 3.26806
      vertex 7.67597 -1.65292 3.25699
    endloop
  endfacet
  facet normal -0.188427 0.947489 -0.258381
    outer loop
      vertex 7.94438 -1.41753 3.36235
      vertex 7.88577 -1.41368 3.41921
      vertex 7.94239 -1.40242 3.41921
    endloop
  endfacet
  facet normal 0.0647431 0.98935 -0.130365
    outer loop
      vertex 8 -1.39865 3.41921
      vertex 8 -1.39096 3.47757
      vertex 8.05761 -1.40242 3.41921
    endloop
  endfacet
  facet normal -0.188392 0.947505 -0.258346
    outer loop
      vertex 7.88971 -1.4284 3.36235
      vertex 7.88577 -1.41368 3.41921
      vertex 7.94438 -1.41753 3.36235
    endloop
  endfacet
  facet normal -0.180221 0.906411 -0.382019
    outer loop
      vertex 7.89554 -1.45016 3.30797
      vertex 7.88971 -1.4284 3.36235
      vertex 7.94438 -1.41753 3.36235
    endloop
  endfacet
  facet normal -0.0741464 0.376103 -0.923607
    outer loop
      vertex 7.9763 -1.66 3.09617
      vertex 7.97057 -1.66 3.09663
      vertex 7.97402 -1.64267 3.10341
    endloop
  endfacet
  facet normal -0.123144 0.363085 -0.923582
    outer loop
      vertex 7.92544 -1.66 3.10167
      vertex 7.92383 -1.65612 3.10341
      vertex 7.92724 -1.66 3.10143
    endloop
  endfacet
  facet normal 0.393231 0.588569 0.706368
    outer loop
      vertex 8.20596 -1.57159 3.80371
      vertex 8.14835 -1.58305 3.84533
      vertex 8.18062 -1.60461 3.84533
    endloop
  endfacet
  facet normal 0.338615 0.506823 0.792761
    outer loop
      vertex 8.18062 -1.60461 3.84533
      vertex 8.14835 -1.58305 3.84533
      vertex 8.15219 -1.64166 3.88116
    endloop
  endfacet
  facet normal 0.277873 0.416613 0.865575
    outer loop
      vertex 8.125 -1.62349 3.88116
      vertex 8.10392 -1.66 3.9055
      vertex 8.12261 -1.66 3.8995
    endloop
  endfacet
  facet normal 0.278321 0.416486 0.865492
    outer loop
      vertex 8.125 -1.62349 3.88116
      vertex 8.13812 -1.66 3.89451
      vertex 8.15219 -1.64166 3.88116
    endloop
  endfacet
  facet normal 0.278437 0.41651 0.865443
    outer loop
      vertex 8.13812 -1.66 3.89451
      vertex 8.125 -1.62349 3.88116
      vertex 8.12261 -1.66 3.8995
    endloop
  endfacet
  facet normal 0.588444 0.393278 0.706446
    outer loop
      vertex 8.26841 -1.63404 3.80371
      vertex 8.26325 -1.66 3.82246
      vertex 8.28576 -1.66 3.80371
    endloop
  endfacet
  facet normal -0.255178 0.751897 0.607894
    outer loop
      vertex 7.90316 -1.47859 3.75701
      vertex 7.87053 -1.52742 3.80371
      vertex 7.91243 -1.5132 3.80371
    endloop
  endfacet
  facet normal -0.154939 0.778751 0.607899
    outer loop
      vertex 7.95116 -1.46904 3.75701
      vertex 7.90316 -1.47859 3.75701
      vertex 7.91243 -1.5132 3.80371
    endloop
  endfacet
  facet normal -0.0463859 0.706346 0.706346
    outer loop
      vertex 8 -1.50167 3.80371
      vertex 7.95584 -1.50457 3.80371
      vertex 8 -1.54329 3.84533
    endloop
  endfacet
  facet normal -0.0520275 0.792253 0.607971
    outer loop
      vertex 8 -1.50167 3.80371
      vertex 7.95116 -1.46904 3.75701
      vertex 7.95584 -1.50457 3.80371
    endloop
  endfacet
  facet normal 0.383232 0.777131 0.4992
    outer loop
      vertex 8.15445 -1.46713 3.70603
      vertex 8.14318 -1.49432 3.75701
      vertex 8.2018 -1.49048 3.70603
    endloop
  endfacet
  facet normal 0.27852 0.820511 0.499188
    outer loop
      vertex 8.15445 -1.46713 3.70603
      vertex 8.09684 -1.47859 3.75701
      vertex 8.14318 -1.49432 3.75701
    endloop
  endfacet
  facet normal -0.169049 0.849838 0.499197
    outer loop
      vertex 7.94732 -1.43986 3.70603
      vertex 7.89554 -1.45016 3.70603
      vertex 7.90316 -1.47859 3.75701
    endloop
  endfacet
  facet normal -0.169084 0.849846 0.499172
    outer loop
      vertex 7.94732 -1.43986 3.70603
      vertex 7.90316 -1.47859 3.75701
      vertex 7.95116 -1.46904 3.75701
    endloop
  endfacet
  facet normal 0.0566525 0.864659 0.499155
    outer loop
      vertex 8.04884 -1.46904 3.75701
      vertex 8 -1.43641 3.70603
      vertex 8 -1.46584 3.75701
    endloop
  endfacet
  facet normal -0.0566525 0.864659 0.499155
    outer loop
      vertex 8 -1.43641 3.70603
      vertex 7.95116 -1.46904 3.75701
      vertex 8 -1.46584 3.75701
    endloop
  endfacet
  facet normal -0.0520275 0.792253 -0.607971
    outer loop
      vertex 7.95584 -1.50457 3.21029
      vertex 7.95116 -1.46904 3.25699
      vertex 8 -1.50167 3.21029
    endloop
  endfacet
  facet normal -0.0519127 0.792318 -0.607896
    outer loop
      vertex 8 -1.50167 3.21029
      vertex 7.95116 -1.46904 3.25699
      vertex 8 -1.46584 3.25699
    endloop
  endfacet
  facet normal -0.046326 0.706381 -0.706315
    outer loop
      vertex 7.96127 -1.54583 3.16867
      vertex 7.95584 -1.50457 3.21029
      vertex 8 -1.54329 3.16867
    endloop
  endfacet
  facet normal -0.0398892 0.608232 -0.792756
    outer loop
      vertex 7.96737 -1.59213 3.13284
      vertex 7.96127 -1.54583 3.16867
      vertex 8 -1.54329 3.16867
    endloop
  endfacet
  facet normal 0.0977334 0.491168 -0.865565
    outer loop
      vertex 8.05151 -1.64775 3.10341
      vertex 8.02598 -1.64267 3.10341
      vertex 8.03263 -1.59213 3.13284
    endloop
  endfacet
  facet normal 0.0751313 0.375743 -0.923673
    outer loop
      vertex 8.02942 -1.66 3.09663
      vertex 8.05151 -1.64775 3.10341
      vertex 8.04823 -1.66 3.09816
    endloop
  endfacet
  facet normal 0.0748503 0.376167 -0.923524
    outer loop
      vertex 8.05151 -1.64775 3.10341
      vertex 8.02942 -1.66 3.09663
      vertex 8.02598 -1.64267 3.10341
    endloop
  endfacet
  facet normal 0.160974 0.474191 -0.865581
    outer loop
      vertex 8.09567 -1.60902 3.13284
      vertex 8.05151 -1.64775 3.10341
      vertex 8.06471 -1.59851 3.13284
    endloop
  endfacet
  facet normal 0.0976802 0.491157 -0.865577
    outer loop
      vertex 8.05151 -1.64775 3.10341
      vertex 8.03263 -1.59213 3.13284
      vertex 8.06471 -1.59851 3.13284
    endloop
  endfacet
  facet normal -0.0632624 0.964015 -0.258212
    outer loop
      vertex 8 -1.41388 3.36235
      vertex 7.94438 -1.41753 3.36235
      vertex 8 -1.39865 3.41921
    endloop
  endfacet
  facet normal 0.0632624 0.964015 -0.258212
    outer loop
      vertex 8 -1.41388 3.36235
      vertex 8 -1.39865 3.41921
      vertex 8.05562 -1.41753 3.36235
    endloop
  endfacet
  facet normal -0.193438 0.972424 -0.130283
    outer loop
      vertex 7.94239 -1.40242 3.41921
      vertex 7.88378 -1.40626 3.47757
      vertex 7.94139 -1.3948 3.47757
    endloop
  endfacet
  facet normal -0.0648204 0.989355 -0.13029
    outer loop
      vertex 7.94239 -1.40242 3.41921
      vertex 7.94139 -1.3948 3.47757
      vertex 8 -1.39096 3.47757
    endloop
  endfacet
  facet normal 0.0249058 0.382462 -0.923636
    outer loop
      vertex 8 -1.64097 3.10341
      vertex 8.01743 -1.66 3.096
      vertex 8 -1.66 3.09553
    endloop
  endfacet
  facet normal 0.0250328 0.382561 -0.923591
    outer loop
      vertex 8.01743 -1.66 3.096
      vertex 8 -1.64097 3.10341
      vertex 8.02598 -1.64267 3.10341
    endloop
  endfacet
  facet normal -0.383246 0.77716 0.499144
    outer loop
      vertex 7.84555 -1.46713 3.70603
      vertex 7.7982 -1.49048 3.70603
      vertex 7.85681 -1.49432 3.75701
    endloop
  endfacet
  facet normal -0.383316 0.777078 0.499218
    outer loop
      vertex 7.85681 -1.49432 3.75701
      vertex 7.7982 -1.49048 3.70603
      vertex 7.81292 -1.51597 3.75701
    endloop
  endfacet
  facet normal 0.0250416 0.382557 -0.923592
    outer loop
      vertex 8.0237 -1.66 3.09617
      vertex 8.01743 -1.66 3.096
      vertex 8.02598 -1.64267 3.10341
    endloop
  endfacet
  facet normal 0.0742758 0.376084 -0.923604
    outer loop
      vertex 8.02942 -1.66 3.09663
      vertex 8.0237 -1.66 3.09617
      vertex 8.02598 -1.64267 3.10341
    endloop
  endfacet
  facet normal 0 -1 0
    outer loop
      vertex 4.79999 -3.46 8.8
      vertex 4.76057 -3.46 11.507
      vertex -2.8 -3.46 11.507
    endloop
  endfacet
  facet normal 0 -1 0
    outer loop
      vertex 4.76057 -3.46 11.507
      vertex 4.79999 -3.46 11.4676
      vertex 4.79756 -3.46 11.5046
    endloop
  endfacet
  facet normal 0 -1 0
    outer loop
      vertex 4.76057 -3.46 11.507
      vertex 4.79999 -3.46 8.8
      vertex 4.79999 -3.46 11.4676
    endloop
  endfacet
  facet normal 0 -1 0
    outer loop
      vertex -2.8 -3.46 11.507
      vertex 4.81026 -3.46 8.64337
      vertex 4.79999 -3.46 8.8
    endloop
  endfacet
  facet normal 0 -1 0
    outer loop
      vertex -2.8 -3.46 11.507
      vertex 4.84088 -3.46 8.48942
      vertex 4.81026 -3.46 8.64337
    endloop
  endfacet
  facet normal 0 -1 0
    outer loop
      vertex -2.8 -3.46 11.507
      vertex 4.89133 -3.46 8.34079
      vertex 4.84088 -3.46 8.48942
    endloop
  endfacet
  facet normal 0 -1 0
    outer loop
      vertex -2.79999 -3.46 1.8
      vertex 4.89133 -3.46 8.34079
      vertex -2.8 -3.46 11.507
    endloop
  endfacet
  facet normal 0 -1 -0
    outer loop
      vertex 4.89133 -3.46 8.34079
      vertex -2.79999 -3.46 1.8
      vertex 4.96075 -3.46 8.19999
    endloop
  endfacet
  facet normal 0 -1 -0
    outer loop
      vertex 4.96075 -3.46 8.19999
      vertex -2.79999 -3.46 1.8
      vertex 5.04796 -3.46 8.06948
    endloop
  endfacet
  facet normal 0 -1 -0
    outer loop
      vertex 5.04796 -3.46 8.06948
      vertex -2.79999 -3.46 1.8
      vertex 5.15146 -3.46 7.95147
    endloop
  endfacet
  facet normal 0 -1 -0
    outer loop
      vertex 5.15146 -3.46 7.95147
      vertex -2.79999 -3.46 1.8
      vertex 5.26947 -3.46 7.84797
    endloop
  endfacet
  facet normal 0 -1 -0
    outer loop
      vertex 5.26947 -3.46 7.84797
      vertex -2.79999 -3.46 1.8
      vertex 5.39998 -3.46 7.76077
    endloop
  endfacet
  facet normal 0 -1 0
    outer loop
      vertex 11.2 -3.46 7.56059
      vertex 11.1606 -3.46 7.6
      vertex 5.99998 -3.46 7.6
    endloop
  endfacet
  facet normal 0 -1 0
    outer loop
      vertex 11.1606 -3.46 7.6
      vertex 11.2 -3.46 7.56059
      vertex 11.1976 -3.46 7.59758
    endloop
  endfacet
  facet normal 0 -1 0
    outer loop
      vertex -2.79999 -3.46 1.8
      vertex -2.8 -3.46 11.507
      vertex -2.8 -3.46 1.8
    endloop
  endfacet
  facet normal 0 -1 -0
    outer loop
      vertex 5.39998 -3.46 7.76077
      vertex -2.79999 -3.46 1.8
      vertex 5.54077 -3.46 7.69134
    endloop
  endfacet
  facet normal 0 -1 -0
    outer loop
      vertex 5.54077 -3.46 7.69134
      vertex -2.79999 -3.46 1.8
      vertex 5.68941 -3.46 7.6409
    endloop
  endfacet
  facet normal 0 -1 0
    outer loop
      vertex -2.76057 -3.46 1.14746e-05
      vertex 5.68941 -3.46 7.6409
      vertex -2.79999 -3.46 1.8
    endloop
  endfacet
  facet normal 0 -1 0
    outer loop
      vertex 11.1606 -3.46 1.14746e-05
      vertex 5.68941 -3.46 7.6409
      vertex -2.76057 -3.46 1.14746e-05
    endloop
  endfacet
  facet normal 0 -1 0
    outer loop
      vertex 5.68941 -3.46 7.6409
      vertex 11.1606 -3.46 1.14746e-05
      vertex 5.84335 -3.46 7.61027
    endloop
  endfacet
  facet normal 0 -1 0
    outer loop
      vertex -2.76057 -3.46 1.14746e-05
      vertex -2.79999 -3.46 1.8
      vertex -2.79999 -3.46 0.0394249
    endloop
  endfacet
  facet normal 0 -1 0
    outer loop
      vertex 5.84335 -3.46 7.61027
      vertex 11.1606 -3.46 1.14746e-05
      vertex 5.99998 -3.46 7.6
    endloop
  endfacet
  facet normal 0 -1 0
    outer loop
      vertex -2.76057 -3.46 1.14746e-05
      vertex -2.79999 -3.46 0.0394249
      vertex -2.79756 -3.46 0.00243762
    endloop
  endfacet
  facet normal -0 -1 0
    outer loop
      vertex 11.2 -3.46 0.0394249
      vertex 5.99998 -3.46 7.6
      vertex 11.1606 -3.46 1.14746e-05
    endloop
  endfacet
  facet normal 0 -1 0
    outer loop
      vertex 5.99998 -3.46 7.6
      vertex 11.2 -3.46 0.0394249
      vertex 11.2 -3.46 7.56059
    endloop
  endfacet
  facet normal 0 -1 0
    outer loop
      vertex 11.2 -3.46 0.0394249
      vertex 11.1606 -3.46 1.14746e-05
      vertex 11.1976 -3.46 0.00243762
    endloop
  endfacet
  facet normal 0 1 0
    outer loop
      vertex 11.2 -1.66 7.56059
      vertex 11.1606 -1.66 7.6
      vertex 11.1976 -1.66 7.59758
    endloop
  endfacet
  facet normal 0 1 0
    outer loop
      vertex 4.79999 -1.66 11.4676
      vertex 4.76057 -1.66 11.507
      vertex 4.79756 -1.66 11.5046
    endloop
  endfacet
  facet normal 0 1 -0
    outer loop
      vertex 4.79999 -1.66 8.8
      vertex 4.76057 -1.66 11.507
      vertex 4.79999 -1.66 11.4676
    endloop
  endfacet
  facet normal 0 1 0
    outer loop
      vertex 4.76057 -1.66 11.507
      vertex 4.79999 -1.66 8.8
      vertex -0.15 -1.66 11.507
    endloop
  endfacet
  facet normal 0 1 0
    outer loop
      vertex -0.15 -1.66 5.73
      vertex 4.79999 -1.66 8.8
      vertex 4.81026 -1.66 8.64337
    endloop
  endfacet
  facet normal 0 1 0
    outer loop
      vertex 3.792 -1.66 5.73
      vertex 4.81026 -1.66 8.64337
      vertex 4.84088 -1.66 8.48942
    endloop
  endfacet
  facet normal 0 1 0
    outer loop
      vertex 3.792 -1.66 5.73
      vertex 4.84088 -1.66 8.48942
      vertex 4.89133 -1.66 8.34079
    endloop
  endfacet
  facet normal 0 1 0
    outer loop
      vertex 3.792 -1.66 5.73
      vertex 4.89133 -1.66 8.34079
      vertex 4.96075 -1.66 8.19999
    endloop
  endfacet
  facet normal 0 1 0
    outer loop
      vertex 3.792 -1.66 5.73
      vertex 4.96075 -1.66 8.19999
      vertex 5.04796 -1.66 8.06948
    endloop
  endfacet
  facet normal 0 1 0
    outer loop
      vertex 3.792 -1.66 5.73
      vertex 5.04796 -1.66 8.06948
      vertex 5.15146 -1.66 7.95147
    endloop
  endfacet
  facet normal 0 1 0
    outer loop
      vertex 3.792 -1.66 5.73
      vertex 5.15146 -1.66 7.95147
      vertex 5.26947 -1.66 7.84797
    endloop
  endfacet
  facet normal 0 1 0
    outer loop
      vertex 8.23458 -1.66 3.84611
      vertex 11.1606 -1.66 7.6
      vertex 11.2 -1.66 7.56059
    endloop
  endfacet
  facet normal 0 1 0
    outer loop
      vertex 11.1606 -1.66 7.6
      vertex 8.07456 -1.66 3.91233
      vertex 5.99998 -1.66 7.6
    endloop
  endfacet
  facet normal 0 1 0
    outer loop
      vertex 3.792 -1.66 5.73
      vertex 5.84335 -1.66 7.61027
      vertex 5.99998 -1.66 7.6
    endloop
  endfacet
  facet normal 0 1 0
    outer loop
      vertex 3.792 -1.66 5.73
      vertex 5.68941 -1.66 7.6409
      vertex 5.84335 -1.66 7.61027
    endloop
  endfacet
  facet normal 0 1 0
    outer loop
      vertex 3.792 -1.66 5.73
      vertex 5.54077 -1.66 7.69134
      vertex 5.68941 -1.66 7.6409
    endloop
  endfacet
  facet normal 0 1 0
    outer loop
      vertex 3.792 -1.66 5.73
      vertex 5.39998 -1.66 7.76077
      vertex 5.54077 -1.66 7.69134
    endloop
  endfacet
  facet normal 0 1 0
    outer loop
      vertex 3.792 -1.66 5.73
      vertex 5.26947 -1.66 7.84797
      vertex 5.39998 -1.66 7.76077
    endloop
  endfacet
  facet normal 0 1 0
    outer loop
      vertex 4.81026 -1.66 8.64337
      vertex 3.792 -1.66 5.73
      vertex -0.15 -1.66 5.73
    endloop
  endfacet
  facet normal 0 1 0
    outer loop
      vertex 4.79999 -1.66 8.8
      vertex -0.15 -1.66 5.73
      vertex -0.15 -1.66 11.507
    endloop
  endfacet
  facet normal 0 1 0
    outer loop
      vertex 5.99998 -1.66 7.6
      vertex 8 -1.66 3.91848
      vertex 7.99354 -1.66 3.9183
    endloop
  endfacet
  facet normal 0 1 0
    outer loop
      vertex 5.99998 -1.66 7.6
      vertex 8.01743 -1.66 3.918
      vertex 8 -1.66 3.91848
    endloop
  endfacet
  facet normal 0 1 0
    outer loop
      vertex 5.99998 -1.66 7.6
      vertex 8.0237 -1.66 3.91783
      vertex 8.01743 -1.66 3.918
    endloop
  endfacet
  facet normal 0 1 0
    outer loop
      vertex 5.99998 -1.66 7.6
      vertex 8.02942 -1.66 3.91737
      vertex 8.0237 -1.66 3.91783
    endloop
  endfacet
  facet normal 0 1 0
    outer loop
      vertex 5.99998 -1.66 7.6
      vertex 8.04823 -1.66 3.91585
      vertex 8.02942 -1.66 3.91737
    endloop
  endfacet
  facet normal 0 1 0
    outer loop
      vertex 5.99998 -1.66 7.6
      vertex 8.07276 -1.66 3.91257
      vertex 8.04823 -1.66 3.91585
    endloop
  endfacet
  facet normal 0 1 0
    outer loop
      vertex 5.99998 -1.66 7.6
      vertex 8.07456 -1.66 3.91233
      vertex 8.07276 -1.66 3.91257
    endloop
  endfacet
  facet normal 0 1 0
    outer loop
      vertex 11.1606 -1.66 7.6
      vertex 8.07591 -1.66 3.91208
      vertex 8.07456 -1.66 3.91233
    endloop
  endfacet
  facet normal 0 1 0
    outer loop
      vertex 11.1606 -1.66 7.6
      vertex 8.08403 -1.66 3.91059
      vertex 8.07591 -1.66 3.91208
    endloop
  endfacet
  facet normal 0 1 0
    outer loop
      vertex 11.1606 -1.66 7.6
      vertex 8.10392 -1.66 3.9055
      vertex 8.08403 -1.66 3.91059
    endloop
  endfacet
  facet normal 0 1 0
    outer loop
      vertex 11.1606 -1.66 7.6
      vertex 8.12261 -1.66 3.8995
      vertex 8.10392 -1.66 3.9055
    endloop
  endfacet
  facet normal 0 1 0
    outer loop
      vertex 11.1606 -1.66 7.6
      vertex 8.13812 -1.66 3.89451
      vertex 8.12261 -1.66 3.8995
    endloop
  endfacet
  facet normal 0 1 0
    outer loop
      vertex 11.1606 -1.66 7.6
      vertex 8.17311 -1.66 3.88116
      vertex 8.13812 -1.66 3.89451
    endloop
  endfacet
  facet normal 0 1 0
    outer loop
      vertex 11.1606 -1.66 7.6
      vertex 8.18 -1.66 3.87767
      vertex 8.17311 -1.66 3.88116
    endloop
  endfacet
  facet normal 0 1 0
    outer loop
      vertex 11.1606 -1.66 7.6
      vertex 8.20387 -1.66 3.86387
      vertex 8.18 -1.66 3.87767
    endloop
  endfacet
  facet normal 0 1 0
    outer loop
      vertex 11.1606 -1.66 7.6
      vertex 8.23458 -1.66 3.84611
      vertex 8.20387 -1.66 3.86387
    endloop
  endfacet
  facet normal 0 1 0
    outer loop
      vertex 11.2 -1.66 7.56059
      vertex 8.23581 -1.66 3.84533
      vertex 8.23458 -1.66 3.84611
    endloop
  endfacet
  facet normal 0 1 0
    outer loop
      vertex 11.2 -1.66 7.56059
      vertex 8.26325 -1.66 3.82246
      vertex 8.23581 -1.66 3.84533
    endloop
  endfacet
  facet normal 0 1 0
    outer loop
      vertex 11.2 -1.66 7.56059
      vertex 8.28576 -1.66 3.80371
      vertex 8.26325 -1.66 3.82246
    endloop
  endfacet
  facet normal 0 1 0
    outer loop
      vertex 11.2 -1.66 7.56059
      vertex 8.31177 -1.66 3.77546
      vertex 8.28576 -1.66 3.80371
    endloop
  endfacet
  facet normal 0 1 0
    outer loop
      vertex 11.2 -1.66 7.56059
      vertex 8.32753 -1.66 3.75701
      vertex 8.31177 -1.66 3.77546
    endloop
  endfacet
  facet normal 0 1 0
    outer loop
      vertex 11.2 -1.66 7.56059
      vertex 8.33463 -1.66 3.74595
      vertex 8.32753 -1.66 3.75701
    endloop
  endfacet
  facet normal 0 1 0
    outer loop
      vertex 11.2 -1.66 7.56059
      vertex 8.36027 -1.66 3.70603
      vertex 8.33463 -1.66 3.74595
    endloop
  endfacet
  facet normal 0 1 0
    outer loop
      vertex 11.2 -1.66 7.56059
      vertex 8.3712 -1.66 3.68232
      vertex 8.36027 -1.66 3.70603
    endloop
  endfacet
  facet normal 0 1 0
    outer loop
      vertex 11.2 -1.66 7.56059
      vertex 8.38533 -1.66 3.65165
      vertex 8.3712 -1.66 3.68232
    endloop
  endfacet
  facet normal 0 1 0
    outer loop
      vertex 11.2 -1.66 7.56059
      vertex 8.39802 -1.66 3.60908
      vertex 8.38533 -1.66 3.65165
    endloop
  endfacet
  facet normal 0 1 0
    outer loop
      vertex 11.2 -1.66 7.56059
      vertex 8.40228 -1.66 3.59479
      vertex 8.39802 -1.66 3.60908
    endloop
  endfacet
  facet normal 0 1 0
    outer loop
      vertex 11.2 -1.66 7.56059
      vertex 8.40399 -1.66 3.58314
      vertex 8.40228 -1.66 3.59479
    endloop
  endfacet
  facet normal 0 1 0
    outer loop
      vertex 11.2 -1.66 7.56059
      vertex 8.41083 -1.66 3.53643
      vertex 8.40399 -1.66 3.58314
    endloop
  endfacet
  facet normal 0 1 -0
    outer loop
      vertex 11.2 -1.66 0.0394249
      vertex 8.41083 -1.66 3.53643
      vertex 11.2 -1.66 7.56059
    endloop
  endfacet
  facet normal 0 1 0
    outer loop
      vertex 8.41083 -1.66 3.53643
      vertex 11.2 -1.66 0.0394249
      vertex 8.41083 -1.66 3.47757
    endloop
  endfacet
  facet normal 0 1 0
    outer loop
      vertex 8.41083 -1.66 3.47757
      vertex 11.2 -1.66 0.0394249
      vertex 8.40399 -1.66 3.43086
    endloop
  endfacet
  facet normal 0 1 0
    outer loop
      vertex 8.40399 -1.66 3.43086
      vertex 11.2 -1.66 0.0394249
      vertex 8.40228 -1.66 3.41921
    endloop
  endfacet
  facet normal 0 1 0
    outer loop
      vertex 8.40228 -1.66 3.41921
      vertex 11.2 -1.66 0.0394249
      vertex 8.39802 -1.66 3.40492
    endloop
  endfacet
  facet normal 0 1 0
    outer loop
      vertex 8.39802 -1.66 3.40492
      vertex 11.2 -1.66 0.0394249
      vertex 8.38533 -1.66 3.36235
    endloop
  endfacet
  facet normal 0 1 0
    outer loop
      vertex 8.38533 -1.66 3.36235
      vertex 11.2 -1.66 0.0394249
      vertex 8.3712 -1.66 3.33168
    endloop
  endfacet
  facet normal 0 1 0
    outer loop
      vertex 8.3712 -1.66 3.33168
      vertex 11.2 -1.66 0.0394249
      vertex 8.36027 -1.66 3.30797
    endloop
  endfacet
  facet normal 0 1 0
    outer loop
      vertex 8.36027 -1.66 3.30797
      vertex 11.2 -1.66 0.0394249
      vertex 8.33463 -1.66 3.26806
    endloop
  endfacet
  facet normal 0 1 0
    outer loop
      vertex 7.39999 -1.66 1.8
      vertex 8.20387 -1.66 3.15013
      vertex 8.23458 -1.66 3.16789
    endloop
  endfacet
  facet normal 0 1 0
    outer loop
      vertex 7.39999 -1.66 1.8
      vertex 8.07276 -1.66 3.10143
      vertex 8.07456 -1.66 3.10167
    endloop
  endfacet
  facet normal 0 1 0
    outer loop
      vertex 7.39999 -1.66 1.8
      vertex 8.01743 -1.66 3.096
      vertex 8.0237 -1.66 3.09617
    endloop
  endfacet
  facet normal 0 1 0
    outer loop
      vertex 8.01743 -1.66 3.096
      vertex 7.39999 -1.66 1.8
      vertex 8 -1.66 3.09553
    endloop
  endfacet
  facet normal 0 1 0
    outer loop
      vertex 8.02942 -1.66 3.09663
      vertex 7.39999 -1.66 1.8
      vertex 8.0237 -1.66 3.09617
    endloop
  endfacet
  facet normal 0 1 0
    outer loop
      vertex 8.04823 -1.66 3.09816
      vertex 7.39999 -1.66 1.8
      vertex 8.02942 -1.66 3.09663
    endloop
  endfacet
  facet normal 0 1 0
    outer loop
      vertex 8.07276 -1.66 3.10143
      vertex 7.39999 -1.66 1.8
      vertex 8.04823 -1.66 3.09816
    endloop
  endfacet
  facet normal 0 1 0
    outer loop
      vertex 8.07591 -1.66 3.10192
      vertex 7.39999 -1.66 1.8
      vertex 8.07456 -1.66 3.10167
    endloop
  endfacet
  facet normal 0 1 0
    outer loop
      vertex 8.08403 -1.66 3.10341
      vertex 7.39999 -1.66 1.8
      vertex 8.07591 -1.66 3.10192
    endloop
  endfacet
  facet normal 0 1 0
    outer loop
      vertex 8.10392 -1.66 3.1085
      vertex 7.39999 -1.66 1.8
      vertex 8.08403 -1.66 3.10341
    endloop
  endfacet
  facet normal 0 1 0
    outer loop
      vertex 8.12261 -1.66 3.1145
      vertex 7.39999 -1.66 1.8
      vertex 8.10392 -1.66 3.1085
    endloop
  endfacet
  facet normal 0 1 0
    outer loop
      vertex 8.13812 -1.66 3.11949
      vertex 7.39999 -1.66 1.8
      vertex 8.12261 -1.66 3.1145
    endloop
  endfacet
  facet normal 0 1 0
    outer loop
      vertex 8.17311 -1.66 3.13284
      vertex 7.39999 -1.66 1.8
      vertex 8.13812 -1.66 3.11949
    endloop
  endfacet
  facet normal 0 1 0
    outer loop
      vertex 8.18 -1.66 3.13633
      vertex 7.39999 -1.66 1.8
      vertex 8.17311 -1.66 3.13284
    endloop
  endfacet
  facet normal 0 1 0
    outer loop
      vertex 8.20387 -1.66 3.15013
      vertex 7.39999 -1.66 1.8
      vertex 8.18 -1.66 3.13633
    endloop
  endfacet
  facet normal 0 1 0
    outer loop
      vertex 8.23581 -1.66 3.16867
      vertex 7.39999 -1.66 1.8
      vertex 8.23458 -1.66 3.16789
    endloop
  endfacet
  facet normal 0 1 0
    outer loop
      vertex 11.1606 -1.66 1.14746e-05
      vertex 8.23581 -1.66 3.16867
      vertex 8.26325 -1.66 3.19154
    endloop
  endfacet
  facet normal 0 1 0
    outer loop
      vertex 11.1606 -1.66 1.14746e-05
      vertex 8.26325 -1.66 3.19154
      vertex 8.28576 -1.66 3.21029
    endloop
  endfacet
  facet normal 0 1 0
    outer loop
      vertex 11.2 -1.66 0.0394249
      vertex 8.28576 -1.66 3.21029
      vertex 8.31177 -1.66 3.23854
    endloop
  endfacet
  facet normal 0 1 0
    outer loop
      vertex 11.2 -1.66 0.0394249
      vertex 8.31177 -1.66 3.23854
      vertex 8.32753 -1.66 3.25699
    endloop
  endfacet
  facet normal 0 1 0
    outer loop
      vertex 8.33463 -1.66 3.26806
      vertex 11.2 -1.66 0.0394249
      vertex 8.32753 -1.66 3.25699
    endloop
  endfacet
  facet normal 0 1 0
    outer loop
      vertex 8.28576 -1.66 3.21029
      vertex 11.2 -1.66 0.0394249
      vertex 11.1606 -1.66 1.14746e-05
    endloop
  endfacet
  facet normal 0 1 0
    outer loop
      vertex 11.1606 -1.66 1.14746e-05
      vertex 11.2 -1.66 0.0394249
      vertex 11.1976 -1.66 0.00243762
    endloop
  endfacet
  facet normal 0 1 0
    outer loop
      vertex 8.23581 -1.66 3.16867
      vertex 11.1606 -1.66 1.14746e-05
      vertex 7.39999 -1.66 1.8
    endloop
  endfacet
  facet normal 0 1 0
    outer loop
      vertex 7.39999 -1.66 1.8
      vertex 11.1606 -1.66 1.14746e-05
      vertex 7.39999 -1.66 1.14746e-05
    endloop
  endfacet
  facet normal 0 1 0
    outer loop
      vertex 5.99998 -1.66 7.6
      vertex 7.99354 -1.66 3.9183
      vertex 7.9763 -1.66 3.91783
    endloop
  endfacet
  facet normal 0 1 0
    outer loop
      vertex 5.99998 -1.66 7.6
      vertex 7.9763 -1.66 3.91783
      vertex 7.97057 -1.66 3.91737
    endloop
  endfacet
  facet normal 0 1 0
    outer loop
      vertex 5.99998 -1.66 7.6
      vertex 7.97057 -1.66 3.91737
      vertex 7.95177 -1.66 3.91585
    endloop
  endfacet
  facet normal 0 1 0
    outer loop
      vertex 5.99998 -1.66 7.6
      vertex 7.95177 -1.66 3.91585
      vertex 7.92724 -1.66 3.91257
    endloop
  endfacet
  facet normal 0 1 0
    outer loop
      vertex 5.99998 -1.66 7.6
      vertex 7.92724 -1.66 3.91257
      vertex 7.92544 -1.66 3.91233
    endloop
  endfacet
  facet normal 0 1 -0
    outer loop
      vertex 7.92409 -1.66 3.91208
      vertex 5.99998 -1.66 7.6
      vertex 7.92544 -1.66 3.91233
    endloop
  endfacet
  facet normal 0 1 -0
    outer loop
      vertex 7.91597 -1.66 3.91059
      vertex 5.99998 -1.66 7.6
      vertex 7.92409 -1.66 3.91208
    endloop
  endfacet
  facet normal 0 1 -0
    outer loop
      vertex 7.89608 -1.66 3.9055
      vertex 5.99998 -1.66 7.6
      vertex 7.91597 -1.66 3.91059
    endloop
  endfacet
  facet normal 0 1 -0
    outer loop
      vertex 7.87739 -1.66 3.8995
      vertex 5.99998 -1.66 7.6
      vertex 7.89608 -1.66 3.9055
    endloop
  endfacet
  facet normal 0 1 -0
    outer loop
      vertex 7.86188 -1.66 3.89451
      vertex 5.99998 -1.66 7.6
      vertex 7.87739 -1.66 3.8995
    endloop
  endfacet
  facet normal 0 1 -0
    outer loop
      vertex 7.82689 -1.66 3.88116
      vertex 5.99998 -1.66 7.6
      vertex 7.86188 -1.66 3.89451
    endloop
  endfacet
  facet normal 0 1 -0
    outer loop
      vertex 7.82 -1.66 3.87767
      vertex 5.99998 -1.66 7.6
      vertex 7.82689 -1.66 3.88116
    endloop
  endfacet
  facet normal 0 1 -0
    outer loop
      vertex 7.79613 -1.66 3.86387
      vertex 5.99998 -1.66 7.6
      vertex 7.82 -1.66 3.87767
    endloop
  endfacet
  facet normal 0 1 -0
    outer loop
      vertex 7.76542 -1.66 3.84611
      vertex 5.99998 -1.66 7.6
      vertex 7.79613 -1.66 3.86387
    endloop
  endfacet
  facet normal 0 1 -0
    outer loop
      vertex 7.76419 -1.66 3.84533
      vertex 5.99998 -1.66 7.6
      vertex 7.76542 -1.66 3.84611
    endloop
  endfacet
  facet normal 0 1 -0
    outer loop
      vertex 7.73675 -1.66 3.82246
      vertex 5.99998 -1.66 7.6
      vertex 7.76419 -1.66 3.84533
    endloop
  endfacet
  facet normal 0 1 -0
    outer loop
      vertex 7.71424 -1.66 3.80371
      vertex 5.99998 -1.66 7.6
      vertex 7.73675 -1.66 3.82246
    endloop
  endfacet
  facet normal 0 1 0
    outer loop
      vertex 5.99998 -1.66 7.6
      vertex 7.71424 -1.66 3.80371
      vertex 3.792 -1.66 5.73
    endloop
  endfacet
  facet normal 0 1 -0
    outer loop
      vertex 7.68823 -1.66 3.77546
      vertex 3.792 -1.66 5.73
      vertex 7.71424 -1.66 3.80371
    endloop
  endfacet
  facet normal 0 1 -0
    outer loop
      vertex 7.67247 -1.66 3.75701
      vertex 3.792 -1.66 5.73
      vertex 7.68823 -1.66 3.77546
    endloop
  endfacet
  facet normal 0 1 -0
    outer loop
      vertex 7.66537 -1.66 3.74595
      vertex 3.792 -1.66 5.73
      vertex 7.67247 -1.66 3.75701
    endloop
  endfacet
  facet normal 0 1 -0
    outer loop
      vertex 7.63973 -1.66 3.70603
      vertex 3.792 -1.66 5.73
      vertex 7.66537 -1.66 3.74595
    endloop
  endfacet
  facet normal 0 1 -0
    outer loop
      vertex 7.6288 -1.66 3.68232
      vertex 3.792 -1.66 5.73
      vertex 7.63973 -1.66 3.70603
    endloop
  endfacet
  facet normal 0 1 -0
    outer loop
      vertex 7.61467 -1.66 3.65165
      vertex 3.792 -1.66 5.73
      vertex 7.6288 -1.66 3.68232
    endloop
  endfacet
  facet normal 0 1 0
    outer loop
      vertex 3.792 -1.66 3.13
      vertex 7.61467 -1.66 3.65165
      vertex 7.60198 -1.66 3.60908
    endloop
  endfacet
  facet normal 0 1 0
    outer loop
      vertex 3.792 -1.66 3.13
      vertex 7.60198 -1.66 3.60908
      vertex 7.59772 -1.66 3.59479
    endloop
  endfacet
  facet normal 0 1 0
    outer loop
      vertex 3.792 -1.66 3.13
      vertex 7.59772 -1.66 3.59479
      vertex 7.59601 -1.66 3.58314
    endloop
  endfacet
  facet normal 0 1 0
    outer loop
      vertex 3.792 -1.66 3.13
      vertex 7.59601 -1.66 3.58314
      vertex 7.58917 -1.66 3.53643
    endloop
  endfacet
  facet normal 0 1 0
    outer loop
      vertex 3.792 -1.66 3.13
      vertex 7.58917 -1.66 3.53643
      vertex 7.58917 -1.66 3.47757
    endloop
  endfacet
  facet normal 0 1 0
    outer loop
      vertex 3.792 -1.66 3.13
      vertex 7.58917 -1.66 3.47757
      vertex 7.59601 -1.66 3.43086
    endloop
  endfacet
  facet normal 0 1 0
    outer loop
      vertex 3.792 -1.66 3.13
      vertex 7.59601 -1.66 3.43086
      vertex 7.59772 -1.66 3.41921
    endloop
  endfacet
  facet normal 0 1 0
    outer loop
      vertex 3.792 -1.66 3.13
      vertex 7.59772 -1.66 3.41921
      vertex 7.60198 -1.66 3.40492
    endloop
  endfacet
  facet normal 0 1 0
    outer loop
      vertex 3.792 -1.66 3.13
      vertex 7.60198 -1.66 3.40492
      vertex 7.61467 -1.66 3.36235
    endloop
  endfacet
  facet normal 0 1 0
    outer loop
      vertex 7.39999 -1.66 1.8
      vertex 7.61467 -1.66 3.36235
      vertex 7.6288 -1.66 3.33168
    endloop
  endfacet
  facet normal 0 1 0
    outer loop
      vertex 7.39999 -1.66 1.8
      vertex 7.6288 -1.66 3.33168
      vertex 7.63973 -1.66 3.30797
    endloop
  endfacet
  facet normal 0 1 0
    outer loop
      vertex 7.39999 -1.66 1.8
      vertex 7.63973 -1.66 3.30797
      vertex 7.66537 -1.66 3.26806
    endloop
  endfacet
  facet normal 0 1 0
    outer loop
      vertex 7.39999 -1.66 1.8
      vertex 7.66537 -1.66 3.26806
      vertex 7.67247 -1.66 3.25699
    endloop
  endfacet
  facet normal 0 1 0
    outer loop
      vertex 7.39999 -1.66 1.8
      vertex 7.67247 -1.66 3.25699
      vertex 7.68823 -1.66 3.23854
    endloop
  endfacet
  facet normal 0 1 0
    outer loop
      vertex 7.39999 -1.66 1.8
      vertex 7.68823 -1.66 3.23854
      vertex 7.71424 -1.66 3.21029
    endloop
  endfacet
  facet normal 0 1 0
    outer loop
      vertex 7.39999 -1.66 1.8
      vertex 7.71424 -1.66 3.21029
      vertex 7.73675 -1.66 3.19154
    endloop
  endfacet
  facet normal 0 1 0
    outer loop
      vertex 7.39999 -1.66 1.8
      vertex 7.73675 -1.66 3.19154
      vertex 7.76419 -1.66 3.16867
    endloop
  endfacet
  facet normal 0 1 0
    outer loop
      vertex 7.61467 -1.66 3.65165
      vertex 3.792 -1.66 3.13
      vertex 3.792 -1.66 5.73
    endloop
  endfacet
  facet normal 0 1 0
    outer loop
      vertex 7.39999 -1.66 1.8
      vertex 7.76419 -1.66 3.16867
      vertex 7.76542 -1.66 3.16789
    endloop
  endfacet
  facet normal 0 1 0
    outer loop
      vertex 7.39999 -1.66 1.8
      vertex 7.76542 -1.66 3.16789
      vertex 7.79613 -1.66 3.15013
    endloop
  endfacet
  facet normal 0 1 0
    outer loop
      vertex 7.39999 -1.66 1.8
      vertex 7.79613 -1.66 3.15013
      vertex 7.82 -1.66 3.13633
    endloop
  endfacet
  facet normal 0 1 0
    outer loop
      vertex 7.39999 -1.66 1.8
      vertex 7.82 -1.66 3.13633
      vertex 7.82689 -1.66 3.13284
    endloop
  endfacet
  facet normal 0 1 0
    outer loop
      vertex 7.39999 -1.66 1.8
      vertex 7.82689 -1.66 3.13284
      vertex 7.86188 -1.66 3.11949
    endloop
  endfacet
  facet normal 0 1 0
    outer loop
      vertex 7.61467 -1.66 3.36235
      vertex 7.39999 -1.66 1.8
      vertex 3.792 -1.66 3.13
    endloop
  endfacet
  facet normal 0 1 0
    outer loop
      vertex 7.39999 -1.66 1.8
      vertex 7.86188 -1.66 3.11949
      vertex 7.87739 -1.66 3.1145
    endloop
  endfacet
  facet normal 0 1 0
    outer loop
      vertex 7.39999 -1.66 1.8
      vertex 7.87739 -1.66 3.1145
      vertex 7.89608 -1.66 3.1085
    endloop
  endfacet
  facet normal 0 1 0
    outer loop
      vertex 7.39999 -1.66 1.8
      vertex 7.89608 -1.66 3.1085
      vertex 7.91597 -1.66 3.10341
    endloop
  endfacet
  facet normal 0 1 0
    outer loop
      vertex 7.39999 -1.66 1.8
      vertex 7.91597 -1.66 3.10341
      vertex 7.92409 -1.66 3.10192
    endloop
  endfacet
  facet normal 0 1 0
    outer loop
      vertex 7.39999 -1.66 1.8
      vertex 7.92409 -1.66 3.10192
      vertex 7.92544 -1.66 3.10167
    endloop
  endfacet
  facet normal 0 1 0
    outer loop
      vertex 7.39999 -1.66 1.8
      vertex 7.92544 -1.66 3.10167
      vertex 7.92724 -1.66 3.10143
    endloop
  endfacet
  facet normal 0 1 0
    outer loop
      vertex 7.39999 -1.66 1.8
      vertex 7.92724 -1.66 3.10143
      vertex 7.95177 -1.66 3.09816
    endloop
  endfacet
  facet normal 0 1 0
    outer loop
      vertex 7.39999 -1.66 1.8
      vertex 7.95177 -1.66 3.09816
      vertex 7.97057 -1.66 3.09663
    endloop
  endfacet
  facet normal 0 1 0
    outer loop
      vertex 7.39999 -1.66 1.8
      vertex 7.97057 -1.66 3.09663
      vertex 7.9763 -1.66 3.09617
    endloop
  endfacet
  facet normal 0 1 0
    outer loop
      vertex 7.39999 -1.66 1.8
      vertex 7.9763 -1.66 3.09617
      vertex 7.99354 -1.66 3.0957
    endloop
  endfacet
  facet normal 0 1 0
    outer loop
      vertex 7.39999 -1.66 1.8
      vertex 7.99354 -1.66 3.0957
      vertex 8 -1.66 3.09553
    endloop
  endfacet
  facet normal 0 1 0
    outer loop
      vertex -0.15 -1.66 1.8
      vertex 3.792 -1.66 3.13
      vertex 7.39999 -1.66 1.8
    endloop
  endfacet
  facet normal 0 1 0
    outer loop
      vertex 3.792 -1.66 3.13
      vertex -0.15 -1.66 1.8
      vertex -0.15 -1.66 3.13
    endloop
  endfacet
  facet normal 0.99785 -0 0.0655345
    outer loop
      vertex 4.79756 -3.46 11.5046
      vertex 4.79999 -1.66 11.4676
      vertex 4.79756 -1.66 11.5046
    endloop
  endfacet
  facet normal 0.99785 0 0.0655345
    outer loop
      vertex 4.79999 -1.66 11.4676
      vertex 4.79756 -3.46 11.5046
      vertex 4.79999 -3.46 11.4676
    endloop
  endfacet
  facet normal 1 -0 0
    outer loop
      vertex 4.79999 -3.46 11.4676
      vertex 4.79999 -1.66 8.8
      vertex 4.79999 -1.66 11.4676
    endloop
  endfacet
  facet normal 1 0 0
    outer loop
      vertex 4.79999 -1.66 8.8
      vertex 4.79999 -3.46 11.4676
      vertex 4.79999 -3.46 8.8
    endloop
  endfacet
  facet normal 0.997857 -0 0.065428
    outer loop
      vertex 4.79999 -3.46 8.8
      vertex 4.81026 -1.66 8.64337
      vertex 4.79999 -1.66 8.8
    endloop
  endfacet
  facet normal 0.997857 0 0.065428
    outer loop
      vertex 4.81026 -1.66 8.64337
      vertex 4.79999 -3.46 8.8
      vertex 4.81026 -3.46 8.64337
    endloop
  endfacet
  facet normal 0.980788 -0 0.195075
    outer loop
      vertex 4.81026 -3.46 8.64337
      vertex 4.84088 -1.66 8.48942
      vertex 4.81026 -1.66 8.64337
    endloop
  endfacet
  facet normal 0.980788 0 0.195075
    outer loop
      vertex 4.84088 -1.66 8.48942
      vertex 4.81026 -3.46 8.64337
      vertex 4.84088 -3.46 8.48942
    endloop
  endfacet
  facet normal 0.946936 -0 0.321422
    outer loop
      vertex 4.84088 -3.46 8.48942
      vertex 4.89133 -1.66 8.34079
      vertex 4.84088 -1.66 8.48942
    endloop
  endfacet
  facet normal 0.946936 0 0.321422
    outer loop
      vertex 4.89133 -1.66 8.34079
      vertex 4.84088 -3.46 8.48942
      vertex 4.89133 -3.46 8.34079
    endloop
  endfacet
  facet normal 0.89691 -0 0.442212
    outer loop
      vertex 4.89133 -3.46 8.34079
      vertex 4.96075 -1.66 8.19999
      vertex 4.89133 -1.66 8.34079
    endloop
  endfacet
  facet normal 0.89691 0 0.442212
    outer loop
      vertex 4.96075 -1.66 8.19999
      vertex 4.89133 -3.46 8.34079
      vertex 4.96075 -3.46 8.19999
    endloop
  endfacet
  facet normal 0.831452 -0 0.555597
    outer loop
      vertex 4.96075 -3.46 8.19999
      vertex 5.04796 -1.66 8.06948
      vertex 4.96075 -1.66 8.19999
    endloop
  endfacet
  facet normal 0.831452 0 0.555597
    outer loop
      vertex 5.04796 -1.66 8.06948
      vertex 4.96075 -3.46 8.19999
      vertex 5.04796 -3.46 8.06948
    endloop
  endfacet
  facet normal 0.751815 -0 0.659375
    outer loop
      vertex 5.04796 -3.46 8.06948
      vertex 5.15146 -1.66 7.95147
      vertex 5.04796 -1.66 8.06948
    endloop
  endfacet
  facet normal 0.751815 0 0.659375
    outer loop
      vertex 5.15146 -1.66 7.95147
      vertex 5.04796 -3.46 8.06948
      vertex 5.15146 -3.46 7.95147
    endloop
  endfacet
  facet normal 0.659375 0 0.751815
    outer loop
      vertex 5.15146 -1.66 7.95147
      vertex 5.26947 -3.46 7.84797
      vertex 5.26947 -1.66 7.84797
    endloop
  endfacet
  facet normal 0.659375 0 0.751815
    outer loop
      vertex 5.26947 -3.46 7.84797
      vertex 5.15146 -1.66 7.95147
      vertex 5.15146 -3.46 7.95147
    endloop
  endfacet
  facet normal 0.555553 0 0.831481
    outer loop
      vertex 5.26947 -1.66 7.84797
      vertex 5.39998 -3.46 7.76077
      vertex 5.39998 -1.66 7.76077
    endloop
  endfacet
  facet normal 0.555553 0 0.831481
    outer loop
      vertex 5.39998 -3.46 7.76077
      vertex 5.26947 -1.66 7.84797
      vertex 5.26947 -3.46 7.84797
    endloop
  endfacet
  facet normal 0.442289 0 0.896873
    outer loop
      vertex 5.39998 -1.66 7.76077
      vertex 5.54077 -3.46 7.69134
      vertex 5.54077 -1.66 7.69134
    endloop
  endfacet
  facet normal 0.442289 0 0.896873
    outer loop
      vertex 5.54077 -3.46 7.69134
      vertex 5.39998 -1.66 7.76077
      vertex 5.39998 -3.46 7.76077
    endloop
  endfacet
  facet normal 0.321345 0 0.946962
    outer loop
      vertex 5.54077 -1.66 7.69134
      vertex 5.68941 -3.46 7.6409
      vertex 5.68941 -1.66 7.6409
    endloop
  endfacet
  facet normal 0.321345 0 0.946962
    outer loop
      vertex 5.68941 -3.46 7.6409
      vertex 5.54077 -1.66 7.69134
      vertex 5.54077 -3.46 7.69134
    endloop
  endfacet
  facet normal 0.195148 0 0.980774
    outer loop
      vertex 5.68941 -1.66 7.6409
      vertex 5.84335 -3.46 7.61027
      vertex 5.84335 -1.66 7.61027
    endloop
  endfacet
  facet normal 0.195148 0 0.980774
    outer loop
      vertex 5.84335 -3.46 7.61027
      vertex 5.68941 -1.66 7.6409
      vertex 5.68941 -3.46 7.6409
    endloop
  endfacet
  facet normal 0.065428 0 0.997857
    outer loop
      vertex 5.84335 -1.66 7.61027
      vertex 5.99998 -3.46 7.6
      vertex 5.99998 -1.66 7.6
    endloop
  endfacet
  facet normal 0.065428 0 0.997857
    outer loop
      vertex 5.99998 -3.46 7.6
      vertex 5.84335 -1.66 7.61027
      vertex 5.84335 -3.46 7.61027
    endloop
  endfacet
  facet normal -0 0 1
    outer loop
      vertex 5.99998 -1.66 7.6
      vertex 11.1606 -3.46 7.6
      vertex 11.1606 -1.66 7.6
    endloop
  endfacet
  facet normal 0 0 1
    outer loop
      vertex 11.1606 -3.46 7.6
      vertex 5.99998 -1.66 7.6
      vertex 5.99998 -3.46 7.6
    endloop
  endfacet
  facet normal 0.065266 0 0.997868
    outer loop
      vertex 11.1606 -1.66 7.6
      vertex 11.1976 -3.46 7.59758
      vertex 11.1976 -1.66 7.59758
    endloop
  endfacet
  facet normal 0.065266 0 0.997868
    outer loop
      vertex 11.1976 -3.46 7.59758
      vertex 11.1606 -1.66 7.6
      vertex 11.1606 -3.46 7.6
    endloop
  endfacet
  facet normal 0.997902 -0 0.0647463
    outer loop
      vertex 11.1976 -3.46 7.59758
      vertex 11.2 -1.66 7.56059
      vertex 11.1976 -1.66 7.59758
    endloop
  endfacet
  facet normal 0.997902 0 0.0647463
    outer loop
      vertex 11.2 -1.66 7.56059
      vertex 11.1976 -3.46 7.59758
      vertex 11.2 -3.46 7.56059
    endloop
  endfacet
  facet normal 1 -0 0
    outer loop
      vertex 11.2 -3.46 7.56059
      vertex 11.2 -1.66 0.0394249
      vertex 11.2 -1.66 7.56059
    endloop
  endfacet
  facet normal 1 0 0
    outer loop
      vertex 11.2 -1.66 0.0394249
      vertex 11.2 -3.46 7.56059
      vertex 11.2 -3.46 0.0394249
    endloop
  endfacet
  facet normal 0.997901 0 -0.064751
    outer loop
      vertex 11.2 -3.46 0.0394249
      vertex 11.1976 -1.66 0.00243762
      vertex 11.2 -1.66 0.0394249
    endloop
  endfacet
  facet normal 0.997901 0 -0.064751
    outer loop
      vertex 11.1976 -1.66 0.00243762
      vertex 11.2 -3.46 0.0394249
      vertex 11.1976 -3.46 0.00243762
    endloop
  endfacet
  facet normal 0.065431 0 -0.997857
    outer loop
      vertex 11.1606 -3.46 1.14746e-05
      vertex 11.1976 -1.66 0.00243762
      vertex 11.1976 -3.46 0.00243762
    endloop
  endfacet
  facet normal 0.065431 0 -0.997857
    outer loop
      vertex 11.1976 -1.66 0.00243762
      vertex 11.1606 -3.46 1.14746e-05
      vertex 11.1606 -1.66 1.14746e-05
    endloop
  endfacet
  facet normal 0 0 -1
    outer loop
      vertex 11.1606 -3.46 1.14746e-05
      vertex 7.39999 -3.42712 1.14746e-05
      vertex 11.1606 -1.66 1.14746e-05
    endloop
  endfacet
  facet normal 0 0 -1
    outer loop
      vertex 11.1606 -3.46 1.14746e-05
      vertex 7.39796 -3.45796 1.14746e-05
      vertex 7.39999 -3.42712 1.14746e-05
    endloop
  endfacet
  facet normal 0 0 -1
    outer loop
      vertex 11.1606 -3.46 1.14746e-05
      vertex 7.36713 -3.45999 1.14746e-05
      vertex 7.39796 -3.45796 1.14746e-05
    endloop
  endfacet
  facet normal 0 0 -1
    outer loop
      vertex -2.76057 -3.46 1.14746e-05
      vertex 7.36713 -3.45999 1.14746e-05
      vertex 11.1606 -3.46 1.14746e-05
    endloop
  endfacet
  facet normal -0 0 -1
    outer loop
      vertex 7.36713 -3.45999 1.14746e-05
      vertex -2.76057 -3.46 1.14746e-05
      vertex -2.76057 -3.45999 1.14746e-05
    endloop
  endfacet
  facet normal -0 0 -1
    outer loop
      vertex 11.1606 -1.66 1.14746e-05
      vertex 7.39999 -3.42712 1.14746e-05
      vertex 7.39999 -1.66 1.14746e-05
    endloop
  endfacet
  facet normal -0.0654139 0 -0.997858
    outer loop
      vertex -2.76057 -3.46 1.14746e-05
      vertex -2.76712 -3.45999 0.000440855
      vertex -2.76057 -3.45999 1.14746e-05
    endloop
  endfacet
  facet normal -0.0654315 -0.0228467 -0.997595
    outer loop
      vertex -2.79756 -3.46 0.00243762
      vertex -2.76712 -3.45999 0.000440855
      vertex -2.76057 -3.46 1.14746e-05
    endloop
  endfacet
  facet normal -0.0654561 0 -0.997855
    outer loop
      vertex -2.76712 -3.45999 0.000440855
      vertex -2.79756 -3.46 0.00243762
      vertex -2.79756 -3.45799 0.00243762
    endloop
  endfacet
  facet normal -0.99782 0 -0.0659908
    outer loop
      vertex -2.79756 -3.46 0.00243762
      vertex -2.79796 -3.45796 0.00848586
      vertex -2.79756 -3.45799 0.00243762
    endloop
  endfacet
  facet normal -0.997854 0 -0.0654721
    outer loop
      vertex -2.79796 -3.45796 0.00848586
      vertex -2.79999 -3.46 0.0394249
      vertex -2.79999 -3.42712 0.0394249
    endloop
  endfacet
  facet normal -0.997848 -0.00129189 -0.0655569
    outer loop
      vertex -2.79999 -3.46 0.0394249
      vertex -2.79796 -3.45796 0.00848586
      vertex -2.79756 -3.46 0.00243762
    endloop
  endfacet
  facet normal -1 0 0
    outer loop
      vertex -2.79999 -3.42712 0.0394249
      vertex -2.79999 6.96713 3.05176e-08
      vertex -2.79999 -3.42712 3.05176e-08
    endloop
  endfacet
  facet normal -1 0 0
    outer loop
      vertex -2.79999 6.96713 3.05176e-08
      vertex -2.79999 -3.42712 0.0394249
      vertex -2.79999 6.96713 1.8
    endloop
  endfacet
  facet normal -1 0 0
    outer loop
      vertex -2.79999 -3.46 1.8
      vertex -2.79999 -3.42712 0.0394249
      vertex -2.79999 -3.46 0.0394249
    endloop
  endfacet
  facet normal -1 0 0
    outer loop
      vertex -2.79999 -3.42712 0.0394249
      vertex -2.79999 -3.46 1.8
      vertex -2.79999 6.96713 1.8
    endloop
  endfacet
  facet normal 0 0 1
    outer loop
      vertex -0.799999 8.15 11.507
      vertex -2.8 8.15 11.507
      vertex -0.799999 -0.0999994 11.507
    endloop
  endfacet
  facet normal 0 0 1
    outer loop
      vertex -0.15 -0.0999994 11.507
      vertex -0.799999 -0.0999994 11.507
      vertex -0.15 -1.66 11.507
    endloop
  endfacet
  facet normal -0 0 1
    outer loop
      vertex -0.15 -1.66 11.507
      vertex 4.76057 -3.46 11.507
      vertex 4.76057 -1.66 11.507
    endloop
  endfacet
  facet normal 0 0 1
    outer loop
      vertex -0.15 -1.66 11.507
      vertex -2.8 -3.46 11.507
      vertex 4.76057 -3.46 11.507
    endloop
  endfacet
  facet normal 0 0 1
    outer loop
      vertex -0.799999 -0.0999994 11.507
      vertex -2.8 -3.46 11.507
      vertex -0.15 -1.66 11.507
    endloop
  endfacet
  facet normal 0 0 1
    outer loop
      vertex -2.8 -3.46 11.507
      vertex -0.799999 -0.0999994 11.507
      vertex -2.8 8.15 11.507
    endloop
  endfacet
  facet normal 0.0647463 0 0.997902
    outer loop
      vertex 4.76057 -1.66 11.507
      vertex 4.79756 -3.46 11.5046
      vertex 4.79756 -1.66 11.5046
    endloop
  endfacet
  facet normal 0.0647463 0 0.997902
    outer loop
      vertex 4.79756 -3.46 11.5046
      vertex 4.76057 -1.66 11.507
      vertex 4.76057 -3.46 11.507
    endloop
  endfacet
  facet normal 0 1 -0
    outer loop
      vertex 7.36713 7 3.05176e-08
      vertex -2.76712 7 1.8
      vertex 7.36713 7 1.8
    endloop
  endfacet
  facet normal 0 1 0
    outer loop
      vertex -2.76712 7 1.8
      vertex 7.36713 7 3.05176e-08
      vertex -2.76712 7 3.05176e-08
    endloop
  endfacet
  facet normal 0.0657027 0.997839 -0
    outer loop
      vertex 7.39796 6.99797 3.05176e-08
      vertex 7.36713 7 1.8
      vertex 7.39796 6.99797 1.8
    endloop
  endfacet
  facet normal 0.0657027 0.997839 0
    outer loop
      vertex 7.36713 7 1.8
      vertex 7.39796 6.99797 3.05176e-08
      vertex 7.36713 7 3.05176e-08
    endloop
  endfacet
  facet normal 0.997841 0.0656815 0
    outer loop
      vertex 7.39999 6.96713 1.8
      vertex 7.39796 6.99797 3.05176e-08
      vertex 7.39796 6.99797 1.8
    endloop
  endfacet
  facet normal 0.997841 0.0656815 0
    outer loop
      vertex 7.39796 6.99797 3.05176e-08
      vertex 7.39999 6.96713 1.8
      vertex 7.39999 6.96713 3.05176e-08
    endloop
  endfacet
  facet normal -0.0747899 -0.997199 0
    outer loop
      vertex -2.79796 -3.45796 3.05176e-08
      vertex -2.79756 -3.45799 0.00243762
      vertex -2.79796 -3.45796 0.00848586
    endloop
  endfacet
  facet normal -0.0656814 -0.99784 -0.00150256
    outer loop
      vertex -2.76712 -3.45999 3.05176e-08
      vertex -2.79756 -3.45799 0.00243762
      vertex -2.79796 -3.45796 3.05176e-08
    endloop
  endfacet
  facet normal -0.0655617 -0.997849 0
    outer loop
      vertex -2.79756 -3.45799 0.00243762
      vertex -2.76712 -3.45999 3.05176e-08
      vertex -2.76712 -3.45999 0.000440855
    endloop
  endfacet
  facet normal 0.0657027 -0.997839 0
    outer loop
      vertex 7.36713 -3.45999 3.05176e-08
      vertex 7.39796 -3.45796 1.14746e-05
      vertex 7.36713 -3.45999 1.14746e-05
    endloop
  endfacet
  facet normal 0.0657027 -0.997839 0
    outer loop
      vertex 7.39796 -3.45796 1.14746e-05
      vertex 7.36713 -3.45999 3.05176e-08
      vertex 7.39796 -3.45796 3.05176e-08
    endloop
  endfacet
  facet normal 0 0 -1
    outer loop
      vertex -2.79999 -3.46 1.8
      vertex -2.8 -3.46 1.8
      vertex -2.79999 6.96713 1.8
    endloop
  endfacet
  facet normal 0 0 -1
    outer loop
      vertex 7.39999 6.96713 1.8
      vertex 7.4 6.65 1.8
      vertex 7.39999 6.65 1.8
    endloop
  endfacet
  facet normal 0 0 -1
    outer loop
      vertex 7.4 6.65 1.8
      vertex 7.39999 6.96713 1.8
      vertex 7.4 8.15 1.8
    endloop
  endfacet
  facet normal 0 0 -1
    outer loop
      vertex 7.39796 6.99797 1.8
      vertex 7.4 8.15 1.8
      vertex 7.39999 6.96713 1.8
    endloop
  endfacet
  facet normal 0 0 -1
    outer loop
      vertex 7.36713 7 1.8
      vertex 7.4 8.15 1.8
      vertex 7.39796 6.99797 1.8
    endloop
  endfacet
  facet normal 0 0 -1
    outer loop
      vertex -2.76712 7 1.8
      vertex 7.4 8.15 1.8
      vertex 7.36713 7 1.8
    endloop
  endfacet
  facet normal 0 0 -1
    outer loop
      vertex -2.8 8.15 1.8
      vertex -2.76712 7 1.8
      vertex -2.79796 6.99797 1.8
    endloop
  endfacet
  facet normal 0 0 -1
    outer loop
      vertex -2.76712 7 1.8
      vertex -2.8 8.15 1.8
      vertex 7.4 8.15 1.8
    endloop
  endfacet
  facet normal 0 0 -1
    outer loop
      vertex -2.79999 6.96713 1.8
      vertex -2.8 8.15 1.8
      vertex -2.79796 6.99797 1.8
    endloop
  endfacet
  facet normal 0 0 -1
    outer loop
      vertex -2.8 8.15 1.8
      vertex -2.79999 6.96713 1.8
      vertex -2.8 -3.46 1.8
    endloop
  endfacet
  facet normal -0 0 1
    outer loop
      vertex -0.15 -0.25 1.8
      vertex 7.39999 -1.66 1.8
      vertex 7.39999 -0.25 1.8
    endloop
  endfacet
  facet normal 0 0 1
    outer loop
      vertex 7.39999 -1.66 1.8
      vertex -0.15 -0.25 1.8
      vertex -0.15 -1.66 1.8
    endloop
  endfacet
  facet normal -0.997841 -0.0656815 -0
    outer loop
      vertex -2.79796 -3.45796 0.00848586
      vertex -2.79999 -3.42712 3.05176e-08
      vertex -2.79796 -3.45796 3.05176e-08
    endloop
  endfacet
  facet normal -0.997841 -0.0656815 0
    outer loop
      vertex -2.79999 -3.42712 3.05176e-08
      vertex -2.79796 -3.45796 0.00848586
      vertex -2.79999 -3.42712 0.0394249
    endloop
  endfacet
  facet normal 0 -1 0
    outer loop
      vertex -2.76712 -3.45999 3.05176e-08
      vertex -2.76057 -3.45999 1.14746e-05
      vertex -2.76712 -3.45999 0.000440855
    endloop
  endfacet
  facet normal 0 -1 0
    outer loop
      vertex 7.36713 -3.45999 3.05176e-08
      vertex -2.76057 -3.45999 1.14746e-05
      vertex -2.76712 -3.45999 3.05176e-08
    endloop
  endfacet
  facet normal 0 -1 0
    outer loop
      vertex -2.76057 -3.45999 1.14746e-05
      vertex 7.36713 -3.45999 3.05176e-08
      vertex 7.36713 -3.45999 1.14746e-05
    endloop
  endfacet
  facet normal -0.997841 0.0656815 0
    outer loop
      vertex -2.79999 6.96713 3.05176e-08
      vertex -2.79796 6.99797 1.8
      vertex -2.79796 6.99797 3.05176e-08
    endloop
  endfacet
  facet normal -0.997841 0.0656815 0
    outer loop
      vertex -2.79796 6.99797 1.8
      vertex -2.79999 6.96713 3.05176e-08
      vertex -2.79999 6.96713 1.8
    endloop
  endfacet
  facet normal -0.0656815 0.997841 0
    outer loop
      vertex -2.76712 7 3.05176e-08
      vertex -2.79796 6.99797 1.8
      vertex -2.76712 7 1.8
    endloop
  endfacet
  facet normal -0.0656815 0.997841 0
    outer loop
      vertex -2.79796 6.99797 1.8
      vertex -2.76712 7 3.05176e-08
      vertex -2.79796 6.99797 3.05176e-08
    endloop
  endfacet
  facet normal 0 0 -1
    outer loop
      vertex 7.36713 -3.45999 3.05176e-08
      vertex 7.39999 -3.42712 3.05176e-08
      vertex 7.39796 -3.45796 3.05176e-08
    endloop
  endfacet
  facet normal 0 0 -1
    outer loop
      vertex -2.79999 -3.42712 3.05176e-08
      vertex 7.39999 -3.42712 3.05176e-08
      vertex 7.36713 -3.45999 3.05176e-08
    endloop
  endfacet
  facet normal 0 0 -1
    outer loop
      vertex 7.39999 -3.42712 3.05176e-08
      vertex -2.79999 -3.42712 3.05176e-08
      vertex 7.39999 6.96713 3.05176e-08
    endloop
  endfacet
  facet normal 0 0 -1
    outer loop
      vertex 7.39999 6.96713 3.05176e-08
      vertex 7.36713 7 3.05176e-08
      vertex 7.39796 6.99797 3.05176e-08
    endloop
  endfacet
  facet normal 0 0 -1
    outer loop
      vertex -2.79999 -3.42712 3.05176e-08
      vertex 7.36713 -3.45999 3.05176e-08
      vertex -2.76712 -3.45999 3.05176e-08
    endloop
  endfacet
  facet normal 0 0 -1
    outer loop
      vertex -2.79999 6.96713 3.05176e-08
      vertex 7.39999 6.96713 3.05176e-08
      vertex -2.79999 -3.42712 3.05176e-08
    endloop
  endfacet
  facet normal 0 0 -1
    outer loop
      vertex -2.79999 -3.42712 3.05176e-08
      vertex -2.76712 -3.45999 3.05176e-08
      vertex -2.79796 -3.45796 3.05176e-08
    endloop
  endfacet
  facet normal 0 0 -1
    outer loop
      vertex 7.39999 6.96713 3.05176e-08
      vertex -2.79999 6.96713 3.05176e-08
      vertex 7.36713 7 3.05176e-08
    endloop
  endfacet
  facet normal -0 0 -1
    outer loop
      vertex 7.36713 7 3.05176e-08
      vertex -2.79999 6.96713 3.05176e-08
      vertex -2.76712 7 3.05176e-08
    endloop
  endfacet
  facet normal 0 0 -1
    outer loop
      vertex -2.76712 7 3.05176e-08
      vertex -2.79999 6.96713 3.05176e-08
      vertex -2.79796 6.99797 3.05176e-08
    endloop
  endfacet
  facet normal 0.997841 -0.0656815 0
    outer loop
      vertex 7.39796 -3.45796 1.14746e-05
      vertex 7.39999 -3.42712 3.05176e-08
      vertex 7.39999 -3.42712 1.14746e-05
    endloop
  endfacet
  facet normal 0.997841 -0.0656815 0
    outer loop
      vertex 7.39999 -3.42712 3.05176e-08
      vertex 7.39796 -3.45796 1.14746e-05
      vertex 7.39796 -3.45796 3.05176e-08
    endloop
  endfacet
  facet normal 1 0 0
    outer loop
      vertex 7.39999 -0.25 1.8
      vertex 7.39999 -1.66 1.8
      vertex 7.39999 -0.25 1.55
    endloop
  endfacet
  facet normal 1 0 0
    outer loop
      vertex 7.39999 6.65 1.55
      vertex 7.39999 6.96713 1.8
      vertex 7.39999 6.65 1.8
    endloop
  endfacet
  facet normal 1 0 0
    outer loop
      vertex 7.39999 6.96713 1.8
      vertex 7.39999 6.65 1.55
      vertex 7.39999 6.96713 3.05176e-08
    endloop
  endfacet
  facet normal 1 -0 0
    outer loop
      vertex 7.39999 -0.25 1.55
      vertex 7.39999 6.96713 3.05176e-08
      vertex 7.39999 6.65 1.55
    endloop
  endfacet
  facet normal 1 0 0
    outer loop
      vertex 7.39999 -1.66 1.14746e-05
      vertex 7.39999 -0.25 1.55
      vertex 7.39999 -1.66 1.8
    endloop
  endfacet
  facet normal 1 0 0
    outer loop
      vertex 7.39999 -0.25 1.55
      vertex 7.39999 -1.66 1.14746e-05
      vertex 7.39999 6.96713 3.05176e-08
    endloop
  endfacet
  facet normal 1 0 0
    outer loop
      vertex 7.39999 -3.42712 3.05176e-08
      vertex 7.39999 -1.66 1.14746e-05
      vertex 7.39999 -3.42712 1.14746e-05
    endloop
  endfacet
  facet normal 1 0 0
    outer loop
      vertex 7.39999 -1.66 1.14746e-05
      vertex 7.39999 -3.42712 3.05176e-08
      vertex 7.39999 6.96713 3.05176e-08
    endloop
  endfacet
  facet normal -1 0 0
    outer loop
      vertex -2.8 5.28203 5.28111
      vertex -2.8 8.15 1.8
      vertex -2.8 5.3 5.007
    endloop
  endfacet
  facet normal -1 0 0
    outer loop
      vertex -2.8 8.15 1.8
      vertex -2.8 5.28203 4.7329
      vertex -2.8 5.3 5.007
    endloop
  endfacet
  facet normal -1 0 0
    outer loop
      vertex -2.8 8.15 1.8
      vertex -2.8 5.22844 4.46348
      vertex -2.8 5.28203 4.7329
    endloop
  endfacet
  facet normal -1 0 0
    outer loop
      vertex -2.8 8.15 1.8
      vertex -2.8 5.14015 4.20337
      vertex -2.8 5.22844 4.46348
    endloop
  endfacet
  facet normal -1 0 0
    outer loop
      vertex -2.8 8.15 1.8
      vertex -2.8 5.01865 3.957
      vertex -2.8 5.14015 4.20337
    endloop
  endfacet
  facet normal -1 0 0
    outer loop
      vertex -2.8 8.15 1.8
      vertex -2.8 4.86604 3.7286
      vertex -2.8 5.01865 3.957
    endloop
  endfacet
  facet normal -1 0 0
    outer loop
      vertex -2.8 8.15 1.8
      vertex -2.8 4.68492 3.52208
      vertex -2.8 4.86604 3.7286
    endloop
  endfacet
  facet normal -1 0 0
    outer loop
      vertex -2.8 8.15 1.8
      vertex -2.8 4.4784 3.34096
      vertex -2.8 4.68492 3.52208
    endloop
  endfacet
  facet normal -1 0 0
    outer loop
      vertex -2.8 8.15 1.8
      vertex -2.8 4.25 3.18835
      vertex -2.8 4.4784 3.34096
    endloop
  endfacet
  facet normal -1 0 0
    outer loop
      vertex -2.8 8.15 1.8
      vertex -2.8 4.00363 3.06685
      vertex -2.8 4.25 3.18835
    endloop
  endfacet
  facet normal -1 0 0
    outer loop
      vertex -2.8 8.15 1.8
      vertex -2.8 3.74352 2.97856
      vertex -2.8 4.00363 3.06685
    endloop
  endfacet
  facet normal -1 0 0
    outer loop
      vertex -2.8 8.15 1.8
      vertex -2.8 3.4741 2.92497
      vertex -2.8 3.74352 2.97856
    endloop
  endfacet
  facet normal -1 0 0
    outer loop
      vertex -2.8 8.15 1.8
      vertex -2.8 3.2 2.907
      vertex -2.8 3.4741 2.92497
    endloop
  endfacet
  facet normal -1 0 0
    outer loop
      vertex -2.8 -3.46 1.8
      vertex -2.8 3.2 2.907
      vertex -2.8 8.15 1.8
    endloop
  endfacet
  facet normal -1 -0 0
    outer loop
      vertex -2.8 3.2 2.907
      vertex -2.8 -3.46 1.8
      vertex -2.8 2.92589 2.92497
    endloop
  endfacet
  facet normal -1 0 0
    outer loop
      vertex -2.8 -1.6 5.73
      vertex -2.8 1.11797 4.7329
      vertex -2.8 -1.6 3.13
    endloop
  endfacet
  facet normal -1 -0 0
    outer loop
      vertex -2.8 1.17156 4.46348
      vertex -2.8 -1.6 3.13
      vertex -2.8 1.11797 4.7329
    endloop
  endfacet
  facet normal -1 -0 0
    outer loop
      vertex -2.8 1.25985 4.20337
      vertex -2.8 -1.6 3.13
      vertex -2.8 1.17156 4.46348
    endloop
  endfacet
  facet normal -1 -0 0
    outer loop
      vertex -2.8 1.38135 3.957
      vertex -2.8 -1.6 3.13
      vertex -2.8 1.25985 4.20337
    endloop
  endfacet
  facet normal -1 -0 0
    outer loop
      vertex -2.8 1.53396 3.7286
      vertex -2.8 -1.6 3.13
      vertex -2.8 1.38135 3.957
    endloop
  endfacet
  facet normal -1 -0 0
    outer loop
      vertex -2.8 1.71508 3.52208
      vertex -2.8 -1.6 3.13
      vertex -2.8 1.53396 3.7286
    endloop
  endfacet
  facet normal -1 -0 0
    outer loop
      vertex -2.8 1.9216 3.34096
      vertex -2.8 -1.6 3.13
      vertex -2.8 1.71508 3.52208
    endloop
  endfacet
  facet normal -1 -0 0
    outer loop
      vertex -2.8 2.15 3.18835
      vertex -2.8 -1.6 3.13
      vertex -2.8 1.9216 3.34096
    endloop
  endfacet
  facet normal -1 0 0
    outer loop
      vertex -2.8 2.39636 3.06685
      vertex -2.8 -1.6 3.13
      vertex -2.8 2.15 3.18835
    endloop
  endfacet
  facet normal -1 0 0
    outer loop
      vertex -2.8 -3.46 1.8
      vertex -2.8 2.39636 3.06685
      vertex -2.8 2.65648 2.97856
    endloop
  endfacet
  facet normal -1 -0 0
    outer loop
      vertex -2.8 2.92589 2.92497
      vertex -2.8 -3.46 1.8
      vertex -2.8 2.65648 2.97856
    endloop
  endfacet
  facet normal -1 -0 0
    outer loop
      vertex -2.8 2.39636 3.06685
      vertex -2.8 -3.46 1.8
      vertex -2.8 -1.6 3.13
    endloop
  endfacet
  facet normal -1 -0 0
    outer loop
      vertex -2.8 -2.51 3.13
      vertex -2.8 -3.46 1.8
      vertex -2.8 -2.51 5.73
    endloop
  endfacet
  facet normal -1 -0 0
    outer loop
      vertex -2.8 -1.6 3.13
      vertex -2.8 -3.46 1.8
      vertex -2.8 -2.51 3.13
    endloop
  endfacet
  facet normal -1 0 0
    outer loop
      vertex -2.8 5.22844 5.55052
      vertex -2.8 8.15 1.8
      vertex -2.8 5.28203 5.28111
    endloop
  endfacet
  facet normal -1 0 0
    outer loop
      vertex -2.8 8.15 1.8
      vertex -2.8 5.22844 5.55052
      vertex -2.8 8.15 11.507
    endloop
  endfacet
  facet normal -1 0 0
    outer loop
      vertex -2.8 5.14015 5.81064
      vertex -2.8 8.15 11.507
      vertex -2.8 5.22844 5.55052
    endloop
  endfacet
  facet normal -1 0 0
    outer loop
      vertex -2.8 5.01865 6.057
      vertex -2.8 8.15 11.507
      vertex -2.8 5.14015 5.81064
    endloop
  endfacet
  facet normal -1 0 0
    outer loop
      vertex -2.8 4.86604 6.2854
      vertex -2.8 8.15 11.507
      vertex -2.8 5.01865 6.057
    endloop
  endfacet
  facet normal -1 0 0
    outer loop
      vertex -2.8 4.68492 6.49192
      vertex -2.8 8.15 11.507
      vertex -2.8 4.86604 6.2854
    endloop
  endfacet
  facet normal -1 0 0
    outer loop
      vertex -2.8 4.4784 6.67304
      vertex -2.8 8.15 11.507
      vertex -2.8 4.68492 6.49192
    endloop
  endfacet
  facet normal -1 0 0
    outer loop
      vertex -2.8 4.25 6.82565
      vertex -2.8 8.15 11.507
      vertex -2.8 4.4784 6.67304
    endloop
  endfacet
  facet normal -1 0 0
    outer loop
      vertex -2.8 4.00363 6.94715
      vertex -2.8 8.15 11.507
      vertex -2.8 4.25 6.82565
    endloop
  endfacet
  facet normal -1 0 0
    outer loop
      vertex -2.8 3.74352 7.03544
      vertex -2.8 8.15 11.507
      vertex -2.8 4.00363 6.94715
    endloop
  endfacet
  facet normal -1 0 0
    outer loop
      vertex -2.8 3.4741 7.08904
      vertex -2.8 8.15 11.507
      vertex -2.8 3.74352 7.03544
    endloop
  endfacet
  facet normal -1 0 0
    outer loop
      vertex -2.8 3.2 7.107
      vertex -2.8 8.15 11.507
      vertex -2.8 3.4741 7.08904
    endloop
  endfacet
  facet normal -1 0 0
    outer loop
      vertex -2.8 2.92589 7.08904
      vertex -2.8 8.15 11.507
      vertex -2.8 3.2 7.107
    endloop
  endfacet
  facet normal -1 0 0
    outer loop
      vertex -2.8 -3.46 11.507
      vertex -2.8 2.92589 7.08904
      vertex -2.8 2.65648 7.03544
    endloop
  endfacet
  facet normal -1 0 0
    outer loop
      vertex -2.8 -3.46 11.507
      vertex -2.8 2.65648 7.03544
      vertex -2.8 2.39636 6.94715
    endloop
  endfacet
  facet normal -1 0 0
    outer loop
      vertex -2.8 -3.46 11.507
      vertex -2.8 2.39636 6.94715
      vertex -2.8 2.15 6.82565
    endloop
  endfacet
  facet normal -1 0 0
    outer loop
      vertex -2.8 -3.46 11.507
      vertex -2.8 2.15 6.82565
      vertex -2.8 1.9216 6.67304
    endloop
  endfacet
  facet normal -1 0 0
    outer loop
      vertex -2.8 1.11797 4.7329
      vertex -2.8 -1.6 5.73
      vertex -2.8 1.1 5.007
    endloop
  endfacet
  facet normal -1 0 0
    outer loop
      vertex -2.8 1.1 5.007
      vertex -2.8 -1.6 5.73
      vertex -2.8 1.11797 5.28111
    endloop
  endfacet
  facet normal -1 0 0
    outer loop
      vertex -2.8 1.11797 5.28111
      vertex -2.8 -1.6 5.73
      vertex -2.8 1.17156 5.55052
    endloop
  endfacet
  facet normal -1 0 0
    outer loop
      vertex -2.8 1.17156 5.55052
      vertex -2.8 -1.6 5.73
      vertex -2.8 1.25985 5.81064
    endloop
  endfacet
  facet normal -1 -0 0
    outer loop
      vertex -2.8 1.25985 5.81064
      vertex -2.8 -1.6 5.73
      vertex -2.8 1.38135 6.057
    endloop
  endfacet
  facet normal -1 -0 0
    outer loop
      vertex -2.8 1.38135 6.057
      vertex -2.8 -1.6 5.73
      vertex -2.8 1.53396 6.2854
    endloop
  endfacet
  facet normal -1 -0 0
    outer loop
      vertex -2.8 1.53396 6.2854
      vertex -2.8 -1.6 5.73
      vertex -2.8 1.71508 6.49192
    endloop
  endfacet
  facet normal -1 0 0
    outer loop
      vertex -2.8 -3.46 11.507
      vertex -2.8 1.71508 6.49192
      vertex -2.8 -1.6 5.73
    endloop
  endfacet
  facet normal -1 0 0
    outer loop
      vertex -2.8 1.71508 6.49192
      vertex -2.8 -3.46 11.507
      vertex -2.8 1.9216 6.67304
    endloop
  endfacet
  facet normal -1 0 0
    outer loop
      vertex -2.8 -3.46 11.507
      vertex -2.8 -1.6 5.73
      vertex -2.8 -2.51 5.73
    endloop
  endfacet
  facet normal -1 0 0
    outer loop
      vertex -2.8 2.92589 7.08904
      vertex -2.8 -3.46 11.507
      vertex -2.8 8.15 11.507
    endloop
  endfacet
  facet normal -1 0 0
    outer loop
      vertex -2.8 -3.46 11.507
      vertex -2.8 -2.51 5.73
      vertex -2.8 -3.46 1.8
    endloop
  endfacet
  facet normal 1 0 0
    outer loop
      vertex -0.15 -0.0999994 11.507
      vertex -0.15 -0.25 9.507
      vertex -0.15 -0.0999994 9.507
    endloop
  endfacet
  facet normal 1 0 0
    outer loop
      vertex -0.15 -0.489169 7.97757
      vertex -0.15 -0.25 9.507
      vertex -0.15 -0.489169 8.03643
    endloop
  endfacet
  facet normal 1 -0 0
    outer loop
      vertex -0.15 -1.66 11.507
      vertex -0.15 -0.25 9.507
      vertex -0.15 -0.0999994 11.507
    endloop
  endfacet
  facet normal 1 0 0
    outer loop
      vertex -0.15 -0.25 9.507
      vertex -0.15 -0.49601 8.08314
      vertex -0.15 -0.489169 8.03643
    endloop
  endfacet
  facet normal 1 0 0
    outer loop
      vertex -0.15 -0.25 9.507
      vertex -0.15 -0.497717 8.09479
      vertex -0.15 -0.49601 8.08314
    endloop
  endfacet
  facet normal 1 0 0
    outer loop
      vertex -0.15 -0.25 9.507
      vertex -0.15 -0.501978 8.10909
      vertex -0.15 -0.497717 8.09479
    endloop
  endfacet
  facet normal 1 0 0
    outer loop
      vertex -0.15 -0.25 9.507
      vertex -0.15 -0.514667 8.15165
      vertex -0.15 -0.501978 8.10909
    endloop
  endfacet
  facet normal 1 0 0
    outer loop
      vertex -0.15 -0.25 9.507
      vertex -0.15 -0.528803 8.18232
      vertex -0.15 -0.514667 8.15165
    endloop
  endfacet
  facet normal 1 0 0
    outer loop
      vertex -0.15 -0.25 9.507
      vertex -0.15 -0.539729 8.20603
      vertex -0.15 -0.528803 8.18232
    endloop
  endfacet
  facet normal 1 0 0
    outer loop
      vertex -0.15 -0.25 9.507
      vertex -0.15 -0.565369 8.24594
      vertex -0.15 -0.539729 8.20603
    endloop
  endfacet
  facet normal 1 0 0
    outer loop
      vertex -0.15 -0.25 9.507
      vertex -0.15 -0.572474 8.25701
      vertex -0.15 -0.565369 8.24594
    endloop
  endfacet
  facet normal 1 0 0
    outer loop
      vertex -0.15 -0.25 9.507
      vertex -0.15 -0.577374 8.26275
      vertex -0.15 -0.572474 8.25701
    endloop
  endfacet
  facet normal 1 0 0
    outer loop
      vertex -0.15 -0.25 9.507
      vertex -0.15 -0.588231 8.27546
      vertex -0.15 -0.577374 8.26275
    endloop
  endfacet
  facet normal 1 0 0
    outer loop
      vertex -0.15 -0.25 9.507
      vertex -0.15 -0.61424 8.30371
      vertex -0.15 -0.588231 8.27546
    endloop
  endfacet
  facet normal 1 0 0
    outer loop
      vertex -0.15 -0.25 9.507
      vertex -0.15 -0.63675 8.32246
      vertex -0.15 -0.61424 8.30371
    endloop
  endfacet
  facet normal 1 0 0
    outer loop
      vertex -0.15 -0.25 9.507
      vertex -0.15 -0.664191 8.34533
      vertex -0.15 -0.63675 8.32246
    endloop
  endfacet
  facet normal 1 0 0
    outer loop
      vertex -0.15 -0.25 9.507
      vertex -0.15 -0.665419 8.34611
      vertex -0.15 -0.664191 8.34533
    endloop
  endfacet
  facet normal 1 0 0
    outer loop
      vertex -0.15 -0.25 9.507
      vertex -0.15 -0.674109 8.35114
      vertex -0.15 -0.665419 8.34611
    endloop
  endfacet
  facet normal 1 0 0
    outer loop
      vertex -0.15 -0.25 9.507
      vertex -0.15 -0.719999 8.37767
      vertex -0.15 -0.674109 8.35114
    endloop
  endfacet
  facet normal 1 0 0
    outer loop
      vertex -0.15 -0.25 9.507
      vertex -0.15 -0.723007 8.37919
      vertex -0.15 -0.719999 8.37767
    endloop
  endfacet
  facet normal 1 0 0
    outer loop
      vertex -0.15 -0.25 9.507
      vertex -0.15 -0.726888 8.38116
      vertex -0.15 -0.723007 8.37919
    endloop
  endfacet
  facet normal 1 0 0
    outer loop
      vertex -0.15 -0.25 9.507
      vertex -0.15 -0.761881 8.39451
      vertex -0.15 -0.726888 8.38116
    endloop
  endfacet
  facet normal 1 0 0
    outer loop
      vertex -0.15 -0.25 9.507
      vertex -0.15 -0.777389 8.3995
      vertex -0.15 -0.761881 8.39451
    endloop
  endfacet
  facet normal 1 0 0
    outer loop
      vertex -0.15 -0.25 9.507
      vertex -0.15 -0.796076 8.4055
      vertex -0.15 -0.777389 8.3995
    endloop
  endfacet
  facet normal 1 0 0
    outer loop
      vertex -0.15 -0.25 9.507
      vertex -0.15 -0.815967 8.41059
      vertex -0.15 -0.796076 8.4055
    endloop
  endfacet
  facet normal 1 0 0
    outer loop
      vertex -0.15 -0.25 9.507
      vertex -0.15 -0.825441 8.41233
      vertex -0.15 -0.815967 8.41059
    endloop
  endfacet
  facet normal 1 0 0
    outer loop
      vertex -0.15 -0.25 9.507
      vertex -0.15 -0.847684 8.4153
      vertex -0.15 -0.825441 8.41233
    endloop
  endfacet
  facet normal 1 0 0
    outer loop
      vertex -0.15 -0.25 9.507
      vertex -0.15 -0.851769 8.41584
      vertex -0.15 -0.847684 8.4153
    endloop
  endfacet
  facet normal 1 0 0
    outer loop
      vertex -0.15 -0.25 9.507
      vertex -0.15 -0.856671 8.41624
      vertex -0.15 -0.851769 8.41584
    endloop
  endfacet
  facet normal 1 0 0
    outer loop
      vertex -0.15 -0.25 9.507
      vertex -0.15 -0.876302 8.41783
      vertex -0.15 -0.856671 8.41624
    endloop
  endfacet
  facet normal 1 0 0
    outer loop
      vertex -0.15 -0.25 9.507
      vertex -0.15 -0.882566 8.418
      vertex -0.15 -0.876302 8.41783
    endloop
  endfacet
  facet normal 1 0 0
    outer loop
      vertex -0.15 -0.25 9.507
      vertex -0.15 -0.9 8.41848
      vertex -0.15 -0.882566 8.418
    endloop
  endfacet
  facet normal 1 0 -0
    outer loop
      vertex -0.15 -1.08 8.37767
      vertex -0.15 -0.25 9.507
      vertex -0.15 -1.66 11.507
    endloop
  endfacet
  facet normal 1 0 0
    outer loop
      vertex -0.15 -0.25 9.507
      vertex -0.15 -0.917433 8.418
      vertex -0.15 -0.9 8.41848
    endloop
  endfacet
  facet normal 1 0 0
    outer loop
      vertex -0.15 -0.25 9.507
      vertex -0.15 -0.923697 8.41783
      vertex -0.15 -0.917433 8.418
    endloop
  endfacet
  facet normal 1 0 0
    outer loop
      vertex -0.15 -0.25 9.507
      vertex -0.15 -0.943328 8.41624
      vertex -0.15 -0.923697 8.41783
    endloop
  endfacet
  facet normal 1 0 0
    outer loop
      vertex -0.15 -0.25 9.507
      vertex -0.15 -0.94823 8.41584
      vertex -0.15 -0.943328 8.41624
    endloop
  endfacet
  facet normal 1 0 0
    outer loop
      vertex -0.15 -0.25 9.507
      vertex -0.15 -0.952315 8.4153
      vertex -0.15 -0.94823 8.41584
    endloop
  endfacet
  facet normal 1 0 0
    outer loop
      vertex -0.15 -0.25 9.507
      vertex -0.15 -0.974558 8.41233
      vertex -0.15 -0.952315 8.4153
    endloop
  endfacet
  facet normal 1 0 0
    outer loop
      vertex -0.15 -0.25 9.507
      vertex -0.15 -0.984032 8.41059
      vertex -0.15 -0.974558 8.41233
    endloop
  endfacet
  facet normal 1 0 0
    outer loop
      vertex -0.15 -0.25 9.507
      vertex -0.15 -0.999014 8.40676
      vertex -0.15 -0.984032 8.41059
    endloop
  endfacet
  facet normal 1 0 0
    outer loop
      vertex -0.15 -0.25 9.507
      vertex -0.15 -1.00392 8.4055
      vertex -0.15 -0.999014 8.40676
    endloop
  endfacet
  facet normal 1 0 0
    outer loop
      vertex -0.15 -0.25 9.507
      vertex -0.15 -1.02261 8.3995
      vertex -0.15 -1.00392 8.4055
    endloop
  endfacet
  facet normal 1 0 0
    outer loop
      vertex -0.15 -0.25 9.507
      vertex -0.15 -1.03812 8.39451
      vertex -0.15 -1.02261 8.3995
    endloop
  endfacet
  facet normal 1 0 0
    outer loop
      vertex -0.15 -0.25 9.507
      vertex -0.15 -1.07311 8.38116
      vertex -0.15 -1.03812 8.39451
    endloop
  endfacet
  facet normal 1 0 0
    outer loop
      vertex -0.15 -0.25 9.507
      vertex -0.15 -1.07699 8.37919
      vertex -0.15 -1.07311 8.38116
    endloop
  endfacet
  facet normal 1 0 0
    outer loop
      vertex -0.15 -0.25 9.507
      vertex -0.15 -1.08 8.37767
      vertex -0.15 -1.07699 8.37919
    endloop
  endfacet
  facet normal 1 0 0
    outer loop
      vertex -0.15 -1.08 8.37767
      vertex -0.15 -1.66 11.507
      vertex -0.15 -1.12589 8.35114
    endloop
  endfacet
  facet normal 1 0 0
    outer loop
      vertex -0.15 -1.12589 8.35114
      vertex -0.15 -1.66 11.507
      vertex -0.15 -1.13458 8.34611
    endloop
  endfacet
  facet normal 1 0 0
    outer loop
      vertex -0.15 -1.13458 8.34611
      vertex -0.15 -1.66 11.507
      vertex -0.15 -1.13518 8.34573
    endloop
  endfacet
  facet normal 1 0 0
    outer loop
      vertex -0.15 -1.13518 8.34573
      vertex -0.15 -1.66 11.507
      vertex -0.15 -1.13581 8.34533
    endloop
  endfacet
  facet normal 1 0 0
    outer loop
      vertex -0.15 -1.13581 8.34533
      vertex -0.15 -1.66 11.507
      vertex -0.15 -1.13852 8.34307
    endloop
  endfacet
  facet normal 1 0 0
    outer loop
      vertex -0.15 -1.13852 8.34307
      vertex -0.15 -1.66 11.507
      vertex -0.15 -1.18576 8.30371
    endloop
  endfacet
  facet normal 1 0 0
    outer loop
      vertex -0.15 -1.18576 8.30371
      vertex -0.15 -1.66 11.507
      vertex -0.15 -1.21177 8.27546
    endloop
  endfacet
  facet normal 1 0 0
    outer loop
      vertex -0.15 -1.21177 8.27546
      vertex -0.15 -1.66 11.507
      vertex -0.15 -1.22752 8.25701
    endloop
  endfacet
  facet normal 1 0 0
    outer loop
      vertex -0.15 -1.22752 8.25701
      vertex -0.15 -1.66 11.507
      vertex -0.15 -1.24809 8.22499
    endloop
  endfacet
  facet normal 1 0 0
    outer loop
      vertex -0.15 -1.24809 8.22499
      vertex -0.15 -1.66 11.507
      vertex -0.15 -1.26027 8.20603
    endloop
  endfacet
  facet normal 1 0 0
    outer loop
      vertex -0.15 -1.26027 8.20603
      vertex -0.15 -1.66 11.507
      vertex -0.15 -1.27438 8.17542
    endloop
  endfacet
  facet normal 1 0 0
    outer loop
      vertex -0.15 -1.66 5.73
      vertex -0.15 -1.31083 7.97757
      vertex -0.15 -1.31083 8.03643
    endloop
  endfacet
  facet normal 1 0 0
    outer loop
      vertex -0.15 -1.27438 8.17542
      vertex -0.15 -1.66 11.507
      vertex -0.15 -1.28533 8.15165
    endloop
  endfacet
  facet normal 1 0 0
    outer loop
      vertex -0.15 -1.66 11.507
      vertex -0.15 -1.29031 8.13494
      vertex -0.15 -1.28533 8.15165
    endloop
  endfacet
  facet normal 1 0 0
    outer loop
      vertex -0.15 -1.66 11.507
      vertex -0.15 -1.30228 8.09479
      vertex -0.15 -1.29031 8.13494
    endloop
  endfacet
  facet normal 1 0 0
    outer loop
      vertex -0.15 -1.66 11.507
      vertex -0.15 -1.3094 8.04618
      vertex -0.15 -1.30228 8.09479
    endloop
  endfacet
  facet normal 1 0 0
    outer loop
      vertex -0.15 -1.66 11.507
      vertex -0.15 -1.31083 8.03643
      vertex -0.15 -1.3094 8.04618
    endloop
  endfacet
  facet normal 1 0 0
    outer loop
      vertex -0.15 -1.66 5.73
      vertex -0.15 -1.31083 8.03643
      vertex -0.15 -1.66 11.507
    endloop
  endfacet
  facet normal 1 0 0
    outer loop
      vertex -0.15 -1.31083 7.97757
      vertex -0.15 -1.66 5.73
      vertex -0.15 -1.6 5.73
    endloop
  endfacet
  facet normal 1 0 0
    outer loop
      vertex -0.15 -0.25 9.507
      vertex -0.15 -0.489169 7.97757
      vertex -0.15 -0.25 1.8
    endloop
  endfacet
  facet normal 1 -0 0
    outer loop
      vertex -0.15 -0.49601 7.93086
      vertex -0.15 -0.25 1.8
      vertex -0.15 -0.489169 7.97757
    endloop
  endfacet
  facet normal 1 -0 0
    outer loop
      vertex -0.15 -0.497717 7.91921
      vertex -0.15 -0.25 1.8
      vertex -0.15 -0.49601 7.93086
    endloop
  endfacet
  facet normal 1 -0 0
    outer loop
      vertex -0.15 -0.501978 7.90492
      vertex -0.15 -0.25 1.8
      vertex -0.15 -0.497717 7.91921
    endloop
  endfacet
  facet normal 1 -0 0
    outer loop
      vertex -0.15 -0.514667 7.86235
      vertex -0.15 -0.25 1.8
      vertex -0.15 -0.501978 7.90492
    endloop
  endfacet
  facet normal 1 -0 0
    outer loop
      vertex -0.15 -0.528803 7.83168
      vertex -0.15 -0.25 1.8
      vertex -0.15 -0.514667 7.86235
    endloop
  endfacet
  facet normal 1 -0 0
    outer loop
      vertex -0.15 -0.539729 7.80797
      vertex -0.15 -0.25 1.8
      vertex -0.15 -0.528803 7.83168
    endloop
  endfacet
  facet normal 1 -0 0
    outer loop
      vertex -0.15 -0.565369 7.76806
      vertex -0.15 -0.25 1.8
      vertex -0.15 -0.539729 7.80797
    endloop
  endfacet
  facet normal 1 -0 0
    outer loop
      vertex -0.15 -0.572474 7.75699
      vertex -0.15 -0.25 1.8
      vertex -0.15 -0.565369 7.76806
    endloop
  endfacet
  facet normal 1 -0 0
    outer loop
      vertex -0.15 -0.577374 7.75125
      vertex -0.15 -0.25 1.8
      vertex -0.15 -0.572474 7.75699
    endloop
  endfacet
  facet normal 1 -0 0
    outer loop
      vertex -0.15 -0.588231 7.73854
      vertex -0.15 -0.25 1.8
      vertex -0.15 -0.577374 7.75125
    endloop
  endfacet
  facet normal 1 -0 0
    outer loop
      vertex -0.15 -0.61424 7.71029
      vertex -0.15 -0.25 1.8
      vertex -0.15 -0.588231 7.73854
    endloop
  endfacet
  facet normal 1 0 0
    outer loop
      vertex -0.15 -1.6 5.73
      vertex -0.15 -0.61424 7.71029
      vertex -0.15 -0.63675 7.69154
    endloop
  endfacet
  facet normal 1 0 0
    outer loop
      vertex -0.15 -1.6 5.73
      vertex -0.15 -0.63675 7.69154
      vertex -0.15 -0.664191 7.66867
    endloop
  endfacet
  facet normal 1 0 0
    outer loop
      vertex -0.15 -1.6 5.73
      vertex -0.15 -0.664191 7.66867
      vertex -0.15 -0.665419 7.66789
    endloop
  endfacet
  facet normal 1 0 0
    outer loop
      vertex -0.15 -1.6 5.73
      vertex -0.15 -0.665419 7.66789
      vertex -0.15 -0.674109 7.66286
    endloop
  endfacet
  facet normal 1 0 0
    outer loop
      vertex -0.15 -1.6 5.73
      vertex -0.15 -0.674109 7.66286
      vertex -0.15 -0.719999 7.63633
    endloop
  endfacet
  facet normal 1 0 0
    outer loop
      vertex -0.15 -1.6 5.73
      vertex -0.15 -0.719999 7.63633
      vertex -0.15 -0.723007 7.63481
    endloop
  endfacet
  facet normal 1 0 0
    outer loop
      vertex -0.15 -1.6 5.73
      vertex -0.15 -0.723007 7.63481
      vertex -0.15 -0.726888 7.63284
    endloop
  endfacet
  facet normal 1 0 0
    outer loop
      vertex -0.15 -1.6 5.73
      vertex -0.15 -0.726888 7.63284
      vertex -0.15 -0.761881 7.61949
    endloop
  endfacet
  facet normal 1 0 0
    outer loop
      vertex -0.15 -1.6 5.73
      vertex -0.15 -0.761881 7.61949
      vertex -0.15 -0.777389 7.6145
    endloop
  endfacet
  facet normal 1 0 0
    outer loop
      vertex -0.15 -1.6 5.73
      vertex -0.15 -0.777389 7.6145
      vertex -0.15 -0.796076 7.6085
    endloop
  endfacet
  facet normal 1 0 0
    outer loop
      vertex -0.15 -1.6 5.73
      vertex -0.15 -0.796076 7.6085
      vertex -0.15 -0.815967 7.60341
    endloop
  endfacet
  facet normal 1 0 0
    outer loop
      vertex -0.15 -1.6 5.73
      vertex -0.15 -0.815967 7.60341
      vertex -0.15 -0.825441 7.60167
    endloop
  endfacet
  facet normal 1 0 0
    outer loop
      vertex -0.15 -1.6 5.73
      vertex -0.15 -0.825441 7.60167
      vertex -0.15 -0.847684 7.5987
    endloop
  endfacet
  facet normal 1 0 0
    outer loop
      vertex -0.15 -1.6 5.73
      vertex -0.15 -0.847684 7.5987
      vertex -0.15 -0.851769 7.59816
    endloop
  endfacet
  facet normal 1 0 0
    outer loop
      vertex -0.15 -1.6 5.73
      vertex -0.15 -0.851769 7.59816
      vertex -0.15 -0.856671 7.59776
    endloop
  endfacet
  facet normal 1 0 0
    outer loop
      vertex -0.15 -1.6 5.73
      vertex -0.15 -0.856671 7.59776
      vertex -0.15 -0.876302 7.59617
    endloop
  endfacet
  facet normal 1 0 0
    outer loop
      vertex -0.15 -1.6 5.73
      vertex -0.15 -0.876302 7.59617
      vertex -0.15 -0.882566 7.596
    endloop
  endfacet
  facet normal 1 0 0
    outer loop
      vertex -0.15 -1.6 5.73
      vertex -0.15 -0.882566 7.596
      vertex -0.15 -0.9 7.59553
    endloop
  endfacet
  facet normal 1 0 0
    outer loop
      vertex -0.15 -1.6 5.73
      vertex -0.15 -0.9 7.59553
      vertex -0.15 -0.917433 7.596
    endloop
  endfacet
  facet normal 1 0 0
    outer loop
      vertex -0.15 -1.6 5.73
      vertex -0.15 -0.917433 7.596
      vertex -0.15 -0.923697 7.59617
    endloop
  endfacet
  facet normal 1 0 0
    outer loop
      vertex -0.15 -1.6 5.73
      vertex -0.15 -0.923697 7.59617
      vertex -0.15 -0.943328 7.59776
    endloop
  endfacet
  facet normal 1 0 0
    outer loop
      vertex -0.15 -1.6 5.73
      vertex -0.15 -0.943328 7.59776
      vertex -0.15 -0.94823 7.59816
    endloop
  endfacet
  facet normal 1 0 0
    outer loop
      vertex -0.15 -1.6 5.73
      vertex -0.15 -0.94823 7.59816
      vertex -0.15 -0.952315 7.5987
    endloop
  endfacet
  facet normal 1 0 0
    outer loop
      vertex -0.15 -1.6 5.73
      vertex -0.15 -0.952315 7.5987
      vertex -0.15 -0.974558 7.60167
    endloop
  endfacet
  facet normal 1 0 0
    outer loop
      vertex -0.15 -1.6 5.73
      vertex -0.15 -0.974558 7.60167
      vertex -0.15 -0.984032 7.60341
    endloop
  endfacet
  facet normal 1 0 0
    outer loop
      vertex -0.15 -1.6 5.73
      vertex -0.15 -0.984032 7.60341
      vertex -0.15 -0.999014 7.60724
    endloop
  endfacet
  facet normal 1 0 0
    outer loop
      vertex -0.15 -1.6 5.73
      vertex -0.15 -0.999014 7.60724
      vertex -0.15 -1.00392 7.6085
    endloop
  endfacet
  facet normal 1 0 0
    outer loop
      vertex -0.15 -1.6 5.73
      vertex -0.15 -1.00392 7.6085
      vertex -0.15 -1.02261 7.6145
    endloop
  endfacet
  facet normal 1 0 0
    outer loop
      vertex -0.15 -1.6 5.73
      vertex -0.15 -1.02261 7.6145
      vertex -0.15 -1.03812 7.61949
    endloop
  endfacet
  facet normal 1 0 0
    outer loop
      vertex -0.15 -1.6 5.73
      vertex -0.15 -1.03812 7.61949
      vertex -0.15 -1.07311 7.63284
    endloop
  endfacet
  facet normal 1 0 0
    outer loop
      vertex -0.15 -1.6 5.73
      vertex -0.15 -1.07311 7.63284
      vertex -0.15 -1.07699 7.63481
    endloop
  endfacet
  facet normal 1 0 0
    outer loop
      vertex -0.15 -1.6 5.73
      vertex -0.15 -1.07699 7.63481
      vertex -0.15 -1.08 7.63633
    endloop
  endfacet
  facet normal 1 0 0
    outer loop
      vertex -0.15 -1.6 5.73
      vertex -0.15 -1.08 7.63633
      vertex -0.15 -1.12589 7.66286
    endloop
  endfacet
  facet normal 1 0 0
    outer loop
      vertex -0.15 -1.6 5.73
      vertex -0.15 -1.12589 7.66286
      vertex -0.15 -1.13458 7.66789
    endloop
  endfacet
  facet normal 1 0 0
    outer loop
      vertex -0.15 -1.6 5.73
      vertex -0.15 -1.13458 7.66789
      vertex -0.15 -1.13518 7.66827
    endloop
  endfacet
  facet normal 1 0 0
    outer loop
      vertex -0.15 -1.6 5.73
      vertex -0.15 -1.13518 7.66827
      vertex -0.15 -1.13581 7.66867
    endloop
  endfacet
  facet normal 1 0 0
    outer loop
      vertex -0.15 -1.6 5.73
      vertex -0.15 -1.13581 7.66867
      vertex -0.15 -1.13852 7.67093
    endloop
  endfacet
  facet normal 1 0 0
    outer loop
      vertex -0.15 -1.6 5.73
      vertex -0.15 -1.13852 7.67093
      vertex -0.15 -1.18576 7.71029
    endloop
  endfacet
  facet normal 1 0 0
    outer loop
      vertex -0.15 -1.6 5.73
      vertex -0.15 -1.18576 7.71029
      vertex -0.15 -1.21177 7.73854
    endloop
  endfacet
  facet normal 1 0 0
    outer loop
      vertex -0.15 -1.6 5.73
      vertex -0.15 -1.21177 7.73854
      vertex -0.15 -1.22752 7.75699
    endloop
  endfacet
  facet normal 1 0 0
    outer loop
      vertex -0.15 -1.6 5.73
      vertex -0.15 -1.22752 7.75699
      vertex -0.15 -1.24809 7.78901
    endloop
  endfacet
  facet normal 1 0 0
    outer loop
      vertex -0.15 -1.6 5.73
      vertex -0.15 -1.24809 7.78901
      vertex -0.15 -1.26027 7.80797
    endloop
  endfacet
  facet normal 1 0 0
    outer loop
      vertex -0.15 -1.6 5.73
      vertex -0.15 -1.26027 7.80797
      vertex -0.15 -1.27438 7.83858
    endloop
  endfacet
  facet normal 1 0 0
    outer loop
      vertex -0.15 -1.6 5.73
      vertex -0.15 -1.27438 7.83858
      vertex -0.15 -1.28533 7.86235
    endloop
  endfacet
  facet normal 1 0 0
    outer loop
      vertex -0.15 -1.6 5.73
      vertex -0.15 -1.28533 7.86235
      vertex -0.15 -1.29031 7.87906
    endloop
  endfacet
  facet normal 1 0 0
    outer loop
      vertex -0.15 -1.6 5.73
      vertex -0.15 -1.29031 7.87906
      vertex -0.15 -1.30228 7.91921
    endloop
  endfacet
  facet normal 1 0 0
    outer loop
      vertex -0.15 -1.6 5.73
      vertex -0.15 -1.3094 7.96782
      vertex -0.15 -1.31083 7.97757
    endloop
  endfacet
  facet normal 1 0 0
    outer loop
      vertex -0.15 -1.6 5.73
      vertex -0.15 -1.30228 7.91921
      vertex -0.15 -1.3094 7.96782
    endloop
  endfacet
  facet normal 1 0 0
    outer loop
      vertex -0.15 -0.61424 7.71029
      vertex -0.15 -1.6 5.73
      vertex -0.15 -0.25 1.8
    endloop
  endfacet
  facet normal 1 -0 0
    outer loop
      vertex -0.15 -1.6 3.13
      vertex -0.15 -0.25 1.8
      vertex -0.15 -1.6 5.73
    endloop
  endfacet
  facet normal 1 0 0
    outer loop
      vertex -0.15 -1.66 1.8
      vertex -0.15 -1.6 3.13
      vertex -0.15 -1.66 3.13
    endloop
  endfacet
  facet normal 1 0 0
    outer loop
      vertex -0.15 -1.6 3.13
      vertex -0.15 -1.66 1.8
      vertex -0.15 -0.25 1.8
    endloop
  endfacet
  facet normal 0 1 -0
    outer loop
      vertex -0.15 -0.0999994 9.507
      vertex -0.799999 -0.0999994 11.507
      vertex -0.15 -0.0999994 11.507
    endloop
  endfacet
  facet normal 0 1 0
    outer loop
      vertex -0.799999 -0.0999994 11.507
      vertex -0.15 -0.0999994 9.507
      vertex -0.799999 -0.0999994 9.507
    endloop
  endfacet
  facet normal 1 0 0
    outer loop
      vertex -0.799999 8.15 11.507
      vertex -0.799999 6.65 9.507
      vertex -0.799999 8.15 8.507
    endloop
  endfacet
  facet normal 1 -0 0
    outer loop
      vertex -0.799999 -0.0999994 11.507
      vertex -0.799999 6.65 9.507
      vertex -0.799999 8.15 11.507
    endloop
  endfacet
  facet normal 1 0 0
    outer loop
      vertex -0.799999 6.65 9.507
      vertex -0.799999 -0.0999994 11.507
      vertex -0.799999 -0.0999994 9.507
    endloop
  endfacet
  facet normal 1 0 0
    outer loop
      vertex -0.799999 8.15 8.507
      vertex -0.799999 6.65 9.507
      vertex -0.799999 6.65 8.507
    endloop
  endfacet
  facet normal 1 0 0
    outer loop
      vertex -0.799999 3.54941 6.311
      vertex -0.799999 6.65 8.507
      vertex -0.799999 6.65 9.507
    endloop
  endfacet
  facet normal 1 0 -0
    outer loop
      vertex -0.799999 4.55 5.007
      vertex -0.799999 6.65 8.507
      vertex -0.799999 4.53845 5.18321
    endloop
  endfacet
  facet normal 1 0 0
    outer loop
      vertex -0.799999 6.65 8.507
      vertex -0.799999 4.55 5.007
      vertex -0.799999 6.65 1.55
    endloop
  endfacet
  facet normal 1 0 0
    outer loop
      vertex -0.799999 6.65 8.507
      vertex -0.799999 4.504 5.35641
      vertex -0.799999 4.53845 5.18321
    endloop
  endfacet
  facet normal 1 0 0
    outer loop
      vertex -0.799999 6.65 8.507
      vertex -0.799999 4.44724 5.52362
      vertex -0.799999 4.504 5.35641
    endloop
  endfacet
  facet normal 1 0 0
    outer loop
      vertex -0.799999 6.65 8.507
      vertex -0.799999 4.36913 5.682
      vertex -0.799999 4.44724 5.52362
    endloop
  endfacet
  facet normal 1 0 0
    outer loop
      vertex -0.799999 6.65 8.507
      vertex -0.799999 4.27103 5.82883
      vertex -0.799999 4.36913 5.682
    endloop
  endfacet
  facet normal 1 0 0
    outer loop
      vertex -0.799999 6.65 8.507
      vertex -0.799999 4.15459 5.96159
      vertex -0.799999 4.27103 5.82883
    endloop
  endfacet
  facet normal 1 0 0
    outer loop
      vertex -0.799999 6.65 8.507
      vertex -0.799999 4.02183 6.07803
      vertex -0.799999 4.15459 5.96159
    endloop
  endfacet
  facet normal 1 0 0
    outer loop
      vertex -0.799999 6.65 8.507
      vertex -0.799999 3.875 6.17614
      vertex -0.799999 4.02183 6.07803
    endloop
  endfacet
  facet normal 1 0 0
    outer loop
      vertex -0.799999 6.65 8.507
      vertex -0.799999 3.71662 6.25424
      vertex -0.799999 3.875 6.17614
    endloop
  endfacet
  facet normal 1 0 0
    outer loop
      vertex -0.799999 6.65 8.507
      vertex -0.799999 3.54941 6.311
      vertex -0.799999 3.71662 6.25424
    endloop
  endfacet
  facet normal 1 0 0
    outer loop
      vertex -0.799999 6.65 9.507
      vertex -0.799999 3.37621 6.34545
      vertex -0.799999 3.54941 6.311
    endloop
  endfacet
  facet normal 1 0 0
    outer loop
      vertex -0.799999 6.65 9.507
      vertex -0.799999 3.2 6.357
      vertex -0.799999 3.37621 6.34545
    endloop
  endfacet
  facet normal 1 -0 0
    outer loop
      vertex -0.799999 -0.0999994 9.507
      vertex -0.799999 3.2 6.357
      vertex -0.799999 6.65 9.507
    endloop
  endfacet
  facet normal 1 0 0
    outer loop
      vertex -0.799999 3.2 6.357
      vertex -0.799999 -0.0999994 9.507
      vertex -0.799999 3.02379 6.34545
    endloop
  endfacet
  facet normal 1 0 0
    outer loop
      vertex -0.799999 3.02379 6.34545
      vertex -0.799999 -0.0999994 9.507
      vertex -0.799999 2.85059 6.311
    endloop
  endfacet
  facet normal 1 0 0
    outer loop
      vertex -0.799999 2.85059 6.311
      vertex -0.799999 -0.0999994 9.507
      vertex -0.799999 2.68338 6.25424
    endloop
  endfacet
  facet normal 1 0 0
    outer loop
      vertex -0.799999 2.68338 6.25424
      vertex -0.799999 -0.0999994 9.507
      vertex -0.799999 2.525 6.17614
    endloop
  endfacet
  facet normal 1 0 0
    outer loop
      vertex -0.799999 1.896 5.35641
      vertex -0.799999 -0.25 9.507
      vertex -0.799999 1.86155 5.18321
    endloop
  endfacet
  facet normal 1 0 0
    outer loop
      vertex -0.799999 1.95276 5.52362
      vertex -0.799999 -0.25 9.507
      vertex -0.799999 1.896 5.35641
    endloop
  endfacet
  facet normal 1 0 0
    outer loop
      vertex -0.799999 2.03087 5.682
      vertex -0.799999 -0.25 9.507
      vertex -0.799999 1.95276 5.52362
    endloop
  endfacet
  facet normal 1 -0 0
    outer loop
      vertex -0.799999 -0.25 9.507
      vertex -0.799999 2.03087 5.682
      vertex -0.799999 -0.0999994 9.507
    endloop
  endfacet
  facet normal 1 0 0
    outer loop
      vertex -0.799999 2.12897 5.82883
      vertex -0.799999 -0.0999994 9.507
      vertex -0.799999 2.03087 5.682
    endloop
  endfacet
  facet normal 1 0 0
    outer loop
      vertex -0.799999 2.24541 5.96159
      vertex -0.799999 -0.0999994 9.507
      vertex -0.799999 2.12897 5.82883
    endloop
  endfacet
  facet normal 1 0 0
    outer loop
      vertex -0.799999 2.37817 6.07803
      vertex -0.799999 -0.0999994 9.507
      vertex -0.799999 2.24541 5.96159
    endloop
  endfacet
  facet normal 1 0 0
    outer loop
      vertex -0.799999 2.525 6.17614
      vertex -0.799999 -0.0999994 9.507
      vertex -0.799999 2.37817 6.07803
    endloop
  endfacet
  facet normal 1 -0 0
    outer loop
      vertex -0.799999 4.53845 4.83079
      vertex -0.799999 6.65 1.55
      vertex -0.799999 4.55 5.007
    endloop
  endfacet
  facet normal 1 -0 0
    outer loop
      vertex -0.799999 4.504 4.65759
      vertex -0.799999 6.65 1.55
      vertex -0.799999 4.53845 4.83079
    endloop
  endfacet
  facet normal 1 -0 0
    outer loop
      vertex -0.799999 4.44724 4.49038
      vertex -0.799999 6.65 1.55
      vertex -0.799999 4.504 4.65759
    endloop
  endfacet
  facet normal 1 -0 0
    outer loop
      vertex -0.799999 4.36913 4.332
      vertex -0.799999 6.65 1.55
      vertex -0.799999 4.44724 4.49038
    endloop
  endfacet
  facet normal 1 -0 0
    outer loop
      vertex -0.799999 4.27103 4.18517
      vertex -0.799999 6.65 1.55
      vertex -0.799999 4.36913 4.332
    endloop
  endfacet
  facet normal 1 -0 0
    outer loop
      vertex -0.799999 4.15459 4.05241
      vertex -0.799999 6.65 1.55
      vertex -0.799999 4.27103 4.18517
    endloop
  endfacet
  facet normal 1 -0 0
    outer loop
      vertex -0.799999 4.02183 3.93597
      vertex -0.799999 6.65 1.55
      vertex -0.799999 4.15459 4.05241
    endloop
  endfacet
  facet normal 1 -0 0
    outer loop
      vertex -0.799999 3.875 3.83787
      vertex -0.799999 6.65 1.55
      vertex -0.799999 4.02183 3.93597
    endloop
  endfacet
  facet normal 1 -0 0
    outer loop
      vertex -0.799999 3.71662 3.75976
      vertex -0.799999 6.65 1.55
      vertex -0.799999 3.875 3.83787
    endloop
  endfacet
  facet normal 1 -0 0
    outer loop
      vertex -0.799999 3.54941 3.703
      vertex -0.799999 6.65 1.55
      vertex -0.799999 3.71662 3.75976
    endloop
  endfacet
  facet normal 1 -0 0
    outer loop
      vertex -0.799999 3.37621 3.66855
      vertex -0.799999 6.65 1.55
      vertex -0.799999 3.54941 3.703
    endloop
  endfacet
  facet normal 1 -0 0
    outer loop
      vertex -0.799999 3.2 3.657
      vertex -0.799999 6.65 1.55
      vertex -0.799999 3.37621 3.66855
    endloop
  endfacet
  facet normal 1 0 0
    outer loop
      vertex -0.799999 -0.25 1.55
      vertex -0.799999 3.2 3.657
      vertex -0.799999 3.02379 3.66855
    endloop
  endfacet
  facet normal 1 0 0
    outer loop
      vertex -0.799999 -0.25 1.55
      vertex -0.799999 3.02379 3.66855
      vertex -0.799999 2.85059 3.703
    endloop
  endfacet
  facet normal 1 0 0
    outer loop
      vertex -0.799999 -0.25 1.55
      vertex -0.799999 2.85059 3.703
      vertex -0.799999 2.68338 3.75976
    endloop
  endfacet
  facet normal 1 0 0
    outer loop
      vertex -0.799999 -0.25 1.55
      vertex -0.799999 2.68338 3.75976
      vertex -0.799999 2.525 3.83787
    endloop
  endfacet
  facet normal 1 0 0
    outer loop
      vertex -0.799999 -0.25 1.55
      vertex -0.799999 1.86155 5.18321
      vertex -0.799999 -0.25 9.507
    endloop
  endfacet
  facet normal 1 0 0
    outer loop
      vertex -0.799999 1.86155 5.18321
      vertex -0.799999 -0.25 1.55
      vertex -0.799999 1.85 5.007
    endloop
  endfacet
  facet normal 1 0 0
    outer loop
      vertex -0.799999 1.85 5.007
      vertex -0.799999 -0.25 1.55
      vertex -0.799999 1.86155 4.83079
    endloop
  endfacet
  facet normal 1 0 0
    outer loop
      vertex -0.799999 1.86155 4.83079
      vertex -0.799999 -0.25 1.55
      vertex -0.799999 1.896 4.65759
    endloop
  endfacet
  facet normal 1 0 0
    outer loop
      vertex -0.799999 3.2 3.657
      vertex -0.799999 -0.25 1.55
      vertex -0.799999 6.65 1.55
    endloop
  endfacet
  facet normal 1 0 0
    outer loop
      vertex -0.799999 2.37817 3.93597
      vertex -0.799999 -0.25 1.55
      vertex -0.799999 2.525 3.83787
    endloop
  endfacet
  facet normal 1 0 0
    outer loop
      vertex -0.799999 2.24541 4.05241
      vertex -0.799999 -0.25 1.55
      vertex -0.799999 2.37817 3.93597
    endloop
  endfacet
  facet normal 1 0 0
    outer loop
      vertex -0.799999 2.12897 4.18517
      vertex -0.799999 -0.25 1.55
      vertex -0.799999 2.24541 4.05241
    endloop
  endfacet
  facet normal 1 0 0
    outer loop
      vertex -0.799999 2.03087 4.332
      vertex -0.799999 -0.25 1.55
      vertex -0.799999 2.12897 4.18517
    endloop
  endfacet
  facet normal 1 0 0
    outer loop
      vertex -0.799999 1.95276 4.49038
      vertex -0.799999 -0.25 1.55
      vertex -0.799999 2.03087 4.332
    endloop
  endfacet
  facet normal 1 0 0
    outer loop
      vertex -0.799999 1.896 4.65759
      vertex -0.799999 -0.25 1.55
      vertex -0.799999 1.95276 4.49038
    endloop
  endfacet
  facet normal 0 1 0
    outer loop
      vertex 7.4 8.15 2.18
      vertex 7.4 8.15 1.8
      vertex 2.492 8.15 2.18
    endloop
  endfacet
  facet normal 0 1 0
    outer loop
      vertex 2.492 8.15 6.68
      vertex 7.4 8.15 8.507
      vertex 7.4 8.15 6.68
    endloop
  endfacet
  facet normal 0 1 -0
    outer loop
      vertex -0.799999 8.15 8.507
      vertex -2.8 8.15 11.507
      vertex -0.799999 8.15 11.507
    endloop
  endfacet
  facet normal 0 1 0
    outer loop
      vertex 7.4 8.15 8.507
      vertex 2.492 8.15 6.68
      vertex -0.799999 8.15 8.507
    endloop
  endfacet
  facet normal 0 1 -0
    outer loop
      vertex 2.19832 8.15 6.66075
      vertex -0.799999 8.15 8.507
      vertex 2.492 8.15 6.68
    endloop
  endfacet
  facet normal 0 1 -0
    outer loop
      vertex 1.90966 8.15 6.60333
      vertex -0.799999 8.15 8.507
      vertex 2.19832 8.15 6.66075
    endloop
  endfacet
  facet normal 0 1 -0
    outer loop
      vertex 1.63096 8.15 6.50873
      vertex -0.799999 8.15 8.507
      vertex 1.90966 8.15 6.60333
    endloop
  endfacet
  facet normal 0 1 -0
    outer loop
      vertex 1.367 8.15 6.37856
      vertex -0.799999 8.15 8.507
      vertex 1.63096 8.15 6.50873
    endloop
  endfacet
  facet normal 0 1 -0
    outer loop
      vertex 1.12229 8.15 6.21505
      vertex -0.799999 8.15 8.507
      vertex 1.367 8.15 6.37856
    endloop
  endfacet
  facet normal 0 1 -0
    outer loop
      vertex 0.90101 8.15 6.02099
      vertex -0.799999 8.15 8.507
      vertex 1.12229 8.15 6.21505
    endloop
  endfacet
  facet normal 0 1 -0
    outer loop
      vertex 0.706955 8.15 5.79971
      vertex -0.799999 8.15 8.507
      vertex 0.90101 8.15 6.02099
    endloop
  endfacet
  facet normal 0 1 -0
    outer loop
      vertex 0.543443 8.15 5.555
      vertex -0.799999 8.15 8.507
      vertex 0.706955 8.15 5.79971
    endloop
  endfacet
  facet normal 0 1 -0
    outer loop
      vertex 0.413271 8.15 5.29104
      vertex -0.799999 8.15 8.507
      vertex 0.543443 8.15 5.555
    endloop
  endfacet
  facet normal 0 1 -0
    outer loop
      vertex 0.318666 8.15 5.01234
      vertex -0.799999 8.15 8.507
      vertex 0.413271 8.15 5.29104
    endloop
  endfacet
  facet normal 0 1 0
    outer loop
      vertex -2.8 8.15 1.8
      vertex -0.799999 8.15 8.507
      vertex 0.318666 8.15 5.01234
    endloop
  endfacet
  facet normal 0 1 0
    outer loop
      vertex -2.8 8.15 1.8
      vertex 0.318666 8.15 5.01234
      vertex 0.261249 8.15 4.72368
    endloop
  endfacet
  facet normal 0 1 0
    outer loop
      vertex -2.8 8.15 1.8
      vertex 0.261249 8.15 4.72368
      vertex 0.242 8.15 4.43
    endloop
  endfacet
  facet normal 0 1 0
    outer loop
      vertex -2.8 8.15 1.8
      vertex 0.242 8.15 4.43
      vertex 0.261249 8.15 4.13632
    endloop
  endfacet
  facet normal 0 1 0
    outer loop
      vertex -2.8 8.15 1.8
      vertex 0.261249 8.15 4.13632
      vertex 0.318666 8.15 3.84766
    endloop
  endfacet
  facet normal 0 1 0
    outer loop
      vertex -2.8 8.15 1.8
      vertex 0.318666 8.15 3.84766
      vertex 0.413271 8.15 3.56896
    endloop
  endfacet
  facet normal 0 1 0
    outer loop
      vertex -2.8 8.15 1.8
      vertex 2.492 8.15 2.18
      vertex 7.4 8.15 1.8
    endloop
  endfacet
  facet normal 0 1 0
    outer loop
      vertex -0.799999 8.15 8.507
      vertex -2.8 8.15 1.8
      vertex -2.8 8.15 11.507
    endloop
  endfacet
  facet normal 0 1 0
    outer loop
      vertex 0.543443 8.15 3.305
      vertex -2.8 8.15 1.8
      vertex 0.413271 8.15 3.56896
    endloop
  endfacet
  facet normal 0 1 0
    outer loop
      vertex 0.706955 8.15 3.06029
      vertex -2.8 8.15 1.8
      vertex 0.543443 8.15 3.305
    endloop
  endfacet
  facet normal 0 1 0
    outer loop
      vertex 0.90101 8.15 2.83901
      vertex -2.8 8.15 1.8
      vertex 0.706955 8.15 3.06029
    endloop
  endfacet
  facet normal 0 1 0
    outer loop
      vertex 1.12229 8.15 2.64496
      vertex -2.8 8.15 1.8
      vertex 0.90101 8.15 2.83901
    endloop
  endfacet
  facet normal 0 1 0
    outer loop
      vertex 1.367 8.15 2.48144
      vertex -2.8 8.15 1.8
      vertex 1.12229 8.15 2.64496
    endloop
  endfacet
  facet normal 0 1 0
    outer loop
      vertex 1.63096 8.15 2.35127
      vertex -2.8 8.15 1.8
      vertex 1.367 8.15 2.48144
    endloop
  endfacet
  facet normal 0 1 0
    outer loop
      vertex 1.90966 8.15 2.25667
      vertex -2.8 8.15 1.8
      vertex 1.63096 8.15 2.35127
    endloop
  endfacet
  facet normal 0 1 0
    outer loop
      vertex 2.19832 8.15 2.19925
      vertex -2.8 8.15 1.8
      vertex 1.90966 8.15 2.25667
    endloop
  endfacet
  facet normal 0 1 0
    outer loop
      vertex 2.492 8.15 2.18
      vertex -2.8 8.15 1.8
      vertex 2.19832 8.15 2.19925
    endloop
  endfacet
  facet normal 1 -0 0
    outer loop
      vertex 7.4 6.65 2.18
      vertex 7.4 8.15 1.8
      vertex 7.4 8.15 2.18
    endloop
  endfacet
  facet normal 1 0 0
    outer loop
      vertex 7.4 8.15 1.8
      vertex 7.4 6.65 2.18
      vertex 7.4 6.65 1.8
    endloop
  endfacet
  facet normal 1 -0 0
    outer loop
      vertex 7.4 6.65 8.507
      vertex 7.4 8.15 6.68
      vertex 7.4 8.15 8.507
    endloop
  endfacet
  facet normal 1 0 0
    outer loop
      vertex 7.4 8.15 6.68
      vertex 7.4 6.65 8.507
      vertex 7.4 6.65 6.68
    endloop
  endfacet
  facet normal 0 -1 0
    outer loop
      vertex -0.799999 6.65 8.507
      vertex 2.492 6.65 6.68
      vertex 7.4 6.65 8.507
    endloop
  endfacet
  facet normal 0 -1 0
    outer loop
      vertex -0.799999 6.65 8.507
      vertex 2.19832 6.65 6.66075
      vertex 2.492 6.65 6.68
    endloop
  endfacet
  facet normal 0 -1 0
    outer loop
      vertex -0.799999 6.65 8.507
      vertex 1.90966 6.65 6.60333
      vertex 2.19832 6.65 6.66075
    endloop
  endfacet
  facet normal 0 -1 0
    outer loop
      vertex -0.799999 6.65 8.507
      vertex 1.63096 6.65 6.50873
      vertex 1.90966 6.65 6.60333
    endloop
  endfacet
  facet normal 0 -1 0
    outer loop
      vertex -0.799999 6.65 8.507
      vertex 1.367 6.65 6.37856
      vertex 1.63096 6.65 6.50873
    endloop
  endfacet
  facet normal 0 -1 0
    outer loop
      vertex -0.799999 6.65 8.507
      vertex 1.12229 6.65 6.21505
      vertex 1.367 6.65 6.37856
    endloop
  endfacet
  facet normal 0 -1 0
    outer loop
      vertex -0.799999 6.65 8.507
      vertex 0.90101 6.65 6.02099
      vertex 1.12229 6.65 6.21505
    endloop
  endfacet
  facet normal 0 -1 0
    outer loop
      vertex -0.799999 6.65 8.507
      vertex 0.706955 6.65 5.79971
      vertex 0.90101 6.65 6.02099
    endloop
  endfacet
  facet normal 0 -1 0
    outer loop
      vertex -0.799999 6.65 8.507
      vertex 0.543443 6.65 5.555
      vertex 0.706955 6.65 5.79971
    endloop
  endfacet
  facet normal 0 -1 0
    outer loop
      vertex -0.799999 6.65 8.507
      vertex 0.413271 6.65 5.29104
      vertex 0.543443 6.65 5.555
    endloop
  endfacet
  facet normal 0 -1 0
    outer loop
      vertex -0.799999 6.65 8.507
      vertex 0.318666 6.65 5.01234
      vertex 0.413271 6.65 5.29104
    endloop
  endfacet
  facet normal 0 -1 0
    outer loop
      vertex -0.799999 6.65 8.507
      vertex 0.261249 6.65 4.72368
      vertex 0.318666 6.65 5.01234
    endloop
  endfacet
  facet normal 0 -1 0
    outer loop
      vertex -0.799999 6.65 8.507
      vertex 0.242 6.65 4.43
      vertex 0.261249 6.65 4.72368
    endloop
  endfacet
  facet normal 0 -1 0
    outer loop
      vertex -0.799999 6.65 1.55
      vertex 0.242 6.65 4.43
      vertex -0.799999 6.65 8.507
    endloop
  endfacet
  facet normal 0 -1 -0
    outer loop
      vertex 0.242 6.65 4.43
      vertex -0.799999 6.65 1.55
      vertex 0.261249 6.65 4.13632
    endloop
  endfacet
  facet normal 0 -1 0
    outer loop
      vertex 2.492 6.65 2.18
      vertex 7.39999 6.65 1.8
      vertex 7.4 6.65 2.18
    endloop
  endfacet
  facet normal 0 -1 0
    outer loop
      vertex -0.799999 6.65 1.55
      vertex 2.492 6.65 2.18
      vertex 2.19832 6.65 2.19925
    endloop
  endfacet
  facet normal 0 -1 -0
    outer loop
      vertex 0.261249 6.65 4.13632
      vertex -0.799999 6.65 1.55
      vertex 0.318666 6.65 3.84766
    endloop
  endfacet
  facet normal 0 -1 0
    outer loop
      vertex -0.799999 6.65 1.55
      vertex 0.413271 6.65 3.56896
      vertex 0.318666 6.65 3.84766
    endloop
  endfacet
  facet normal 0 -1 0
    outer loop
      vertex -0.799999 6.65 1.55
      vertex 0.543443 6.65 3.305
      vertex 0.413271 6.65 3.56896
    endloop
  endfacet
  facet normal 0 -1 0
    outer loop
      vertex -0.799999 6.65 1.55
      vertex 0.706955 6.65 3.06029
      vertex 0.543443 6.65 3.305
    endloop
  endfacet
  facet normal 0 -1 0
    outer loop
      vertex -0.799999 6.65 1.55
      vertex 0.90101 6.65 2.83901
      vertex 0.706955 6.65 3.06029
    endloop
  endfacet
  facet normal 0 -1 0
    outer loop
      vertex -0.799999 6.65 1.55
      vertex 1.12229 6.65 2.64496
      vertex 0.90101 6.65 2.83901
    endloop
  endfacet
  facet normal 0 -1 0
    outer loop
      vertex -0.799999 6.65 1.55
      vertex 1.367 6.65 2.48144
      vertex 1.12229 6.65 2.64496
    endloop
  endfacet
  facet normal 0 -1 0
    outer loop
      vertex -0.799999 6.65 1.55
      vertex 1.63096 6.65 2.35127
      vertex 1.367 6.65 2.48144
    endloop
  endfacet
  facet normal 0 -1 0
    outer loop
      vertex -0.799999 6.65 1.55
      vertex 1.90966 6.65 2.25667
      vertex 1.63096 6.65 2.35127
    endloop
  endfacet
  facet normal 0 -1 0
    outer loop
      vertex -0.799999 6.65 1.55
      vertex 2.19832 6.65 2.19925
      vertex 1.90966 6.65 2.25667
    endloop
  endfacet
  facet normal 0 -1 -0
    outer loop
      vertex 2.492 6.65 2.18
      vertex -0.799999 6.65 1.55
      vertex 7.39999 6.65 1.55
    endloop
  endfacet
  facet normal 0 -1 0
    outer loop
      vertex 2.492 6.65 2.18
      vertex 7.39999 6.65 1.55
      vertex 7.39999 6.65 1.8
    endloop
  endfacet
  facet normal 0 -1 -0
    outer loop
      vertex 7.4 6.65 8.507
      vertex 2.492 6.65 6.68
      vertex 7.4 6.65 6.68
    endloop
  endfacet
  facet normal 0 -1 -0
    outer loop
      vertex 7.4 6.65 2.18
      vertex 7.39999 6.65 1.8
      vertex 7.4 6.65 1.8
    endloop
  endfacet
  facet normal -0 0 1
    outer loop
      vertex -0.799999 8.15 8.507
      vertex 7.4 6.65 8.507
      vertex 7.4 8.15 8.507
    endloop
  endfacet
  facet normal 0 0 1
    outer loop
      vertex 7.4 6.65 8.507
      vertex -0.799999 8.15 8.507
      vertex -0.799999 6.65 8.507
    endloop
  endfacet
  facet normal -0 0 1
    outer loop
      vertex -0.799999 6.65 1.55
      vertex 7.39999 -0.25 1.55
      vertex 7.39999 6.65 1.55
    endloop
  endfacet
  facet normal 0 0 1
    outer loop
      vertex 7.39999 -0.25 1.55
      vertex -0.799999 6.65 1.55
      vertex -0.799999 -0.25 1.55
    endloop
  endfacet
  facet normal 0 1 0
    outer loop
      vertex 7.39999 -0.25 1.8
      vertex 7.39999 -0.25 1.55
      vertex -0.15 -0.25 1.8
    endloop
  endfacet
  facet normal 0 1 -0
    outer loop
      vertex -0.15 -0.25 1.8
      vertex -0.799999 -0.25 9.507
      vertex -0.15 -0.25 9.507
    endloop
  endfacet
  facet normal 0 1 0
    outer loop
      vertex -0.15 -0.25 1.8
      vertex -0.799999 -0.25 1.55
      vertex -0.799999 -0.25 9.507
    endloop
  endfacet
  facet normal 0 1 0
    outer loop
      vertex -0.799999 -0.25 1.55
      vertex -0.15 -0.25 1.8
      vertex 7.39999 -0.25 1.55
    endloop
  endfacet
  facet normal 0 0 -1
    outer loop
      vertex -0.799999 -0.25 9.507
      vertex -0.15 -0.0999994 9.507
      vertex -0.15 -0.25 9.507
    endloop
  endfacet
  facet normal -0 0 -1
    outer loop
      vertex -0.15 -0.0999994 9.507
      vertex -0.799999 -0.25 9.507
      vertex -0.799999 -0.0999994 9.507
    endloop
  endfacet
  facet normal 0.751844 -0 0.659341
    outer loop
      vertex 0.706955 6.65 3.06029
      vertex 0.90101 8.15 2.83901
      vertex 0.706955 8.15 3.06029
    endloop
  endfacet
  facet normal 0.751844 0 0.659341
    outer loop
      vertex 0.90101 8.15 2.83901
      vertex 0.706955 6.65 3.06029
      vertex 0.90101 6.65 2.83901
    endloop
  endfacet
  facet normal 0 0 -1
    outer loop
      vertex 2.492 6.65 6.68
      vertex 7.4 8.15 6.68
      vertex 7.4 6.65 6.68
    endloop
  endfacet
  facet normal -0 0 -1
    outer loop
      vertex 7.4 8.15 6.68
      vertex 2.492 6.65 6.68
      vertex 2.492 8.15 6.68
    endloop
  endfacet
  facet normal 0.321421 0 -0.946936
    outer loop
      vertex 1.63096 6.65 6.50873
      vertex 1.90966 8.15 6.60333
      vertex 1.90966 6.65 6.60333
    endloop
  endfacet
  facet normal 0.321421 0 -0.946936
    outer loop
      vertex 1.90966 8.15 6.60333
      vertex 1.63096 6.65 6.50873
      vertex 1.63096 8.15 6.50873
    endloop
  endfacet
  facet normal 0.946931 0 -0.321437
    outer loop
      vertex 0.413271 6.65 5.29104
      vertex 0.318666 8.15 5.01234
      vertex 0.413271 8.15 5.29104
    endloop
  endfacet
  facet normal 0.946931 0 -0.321437
    outer loop
      vertex 0.318666 8.15 5.01234
      vertex 0.413271 6.65 5.29104
      vertex 0.318666 6.65 5.01234
    endloop
  endfacet
  facet normal 0.831466 0 -0.555575
    outer loop
      vertex 0.706955 6.65 5.79971
      vertex 0.543443 8.15 5.555
      vertex 0.706955 8.15 5.79971
    endloop
  endfacet
  facet normal 0.831466 0 -0.555575
    outer loop
      vertex 0.543443 8.15 5.555
      vertex 0.706955 6.65 5.79971
      vertex 0.543443 6.65 5.555
    endloop
  endfacet
  facet normal 0.751844 0 -0.659341
    outer loop
      vertex 0.90101 6.65 6.02099
      vertex 0.706955 8.15 5.79971
      vertex 0.90101 8.15 6.02099
    endloop
  endfacet
  facet normal 0.751844 0 -0.659341
    outer loop
      vertex 0.706955 8.15 5.79971
      vertex 0.90101 6.65 6.02099
      vertex 0.706955 6.65 5.79971
    endloop
  endfacet
  facet normal -0 0 1
    outer loop
      vertex 2.492 8.15 2.18
      vertex 7.4 6.65 2.18
      vertex 7.4 8.15 2.18
    endloop
  endfacet
  facet normal 0 0 1
    outer loop
      vertex 7.4 6.65 2.18
      vertex 2.492 8.15 2.18
      vertex 2.492 6.65 2.18
    endloop
  endfacet
  facet normal 0.980786 -0 0.195087
    outer loop
      vertex 0.261249 6.65 4.13632
      vertex 0.318666 8.15 3.84766
      vertex 0.261249 8.15 4.13632
    endloop
  endfacet
  facet normal 0.980786 0 0.195087
    outer loop
      vertex 0.318666 8.15 3.84766
      vertex 0.261249 6.65 4.13632
      vertex 0.318666 6.65 3.84766
    endloop
  endfacet
  facet normal 0.831466 -0 0.555575
    outer loop
      vertex 0.543443 6.65 3.305
      vertex 0.706955 8.15 3.06029
      vertex 0.543443 8.15 3.305
    endloop
  endfacet
  facet normal 0.831466 0 0.555575
    outer loop
      vertex 0.706955 8.15 3.06029
      vertex 0.543443 6.65 3.305
      vertex 0.706955 6.65 3.06029
    endloop
  endfacet
  facet normal 0.896871 0 -0.442292
    outer loop
      vertex 0.543443 6.65 5.555
      vertex 0.413271 8.15 5.29104
      vertex 0.543443 8.15 5.555
    endloop
  endfacet
  facet normal 0.896871 0 -0.442292
    outer loop
      vertex 0.413271 8.15 5.29104
      vertex 0.543443 6.65 5.555
      vertex 0.413271 6.65 5.29104
    endloop
  endfacet
  facet normal 0.980786 0 -0.195087
    outer loop
      vertex 0.318666 6.65 5.01234
      vertex 0.261249 8.15 4.72368
      vertex 0.318666 8.15 5.01234
    endloop
  endfacet
  facet normal 0.980786 0 -0.195087
    outer loop
      vertex 0.261249 8.15 4.72368
      vertex 0.318666 6.65 5.01234
      vertex 0.261249 6.65 4.72368
    endloop
  endfacet
  facet normal 0.321421 0 0.946936
    outer loop
      vertex 1.63096 8.15 2.35127
      vertex 1.90966 6.65 2.25667
      vertex 1.90966 8.15 2.25667
    endloop
  endfacet
  facet normal 0.321421 0 0.946936
    outer loop
      vertex 1.90966 6.65 2.25667
      vertex 1.63096 8.15 2.35127
      vertex 1.63096 6.65 2.35127
    endloop
  endfacet
  facet normal 0.195097 0 0.980784
    outer loop
      vertex 1.90966 8.15 2.25667
      vertex 2.19832 6.65 2.19925
      vertex 2.19832 8.15 2.19925
    endloop
  endfacet
  facet normal 0.195097 0 0.980784
    outer loop
      vertex 2.19832 6.65 2.19925
      vertex 1.90966 8.15 2.25667
      vertex 1.90966 6.65 2.25667
    endloop
  endfacet
  facet normal 0.195097 0 -0.980784
    outer loop
      vertex 1.90966 6.65 6.60333
      vertex 2.19832 8.15 6.66075
      vertex 2.19832 6.65 6.66075
    endloop
  endfacet
  facet normal 0.195097 0 -0.980784
    outer loop
      vertex 2.19832 8.15 6.66075
      vertex 1.90966 6.65 6.60333
      vertex 1.90966 8.15 6.60333
    endloop
  endfacet
  facet normal 0.0654072 0 -0.997859
    outer loop
      vertex 2.19832 6.65 6.66075
      vertex 2.492 8.15 6.68
      vertex 2.492 6.65 6.68
    endloop
  endfacet
  facet normal 0.0654072 0 -0.997859
    outer loop
      vertex 2.492 8.15 6.68
      vertex 2.19832 6.65 6.66075
      vertex 2.19832 8.15 6.66075
    endloop
  endfacet
  facet normal 0.55557 0 -0.83147
    outer loop
      vertex 1.12229 6.65 6.21505
      vertex 1.367 8.15 6.37856
      vertex 1.367 6.65 6.37856
    endloop
  endfacet
  facet normal 0.55557 0 -0.83147
    outer loop
      vertex 1.367 8.15 6.37856
      vertex 1.12229 6.65 6.21505
      vertex 1.12229 8.15 6.21505
    endloop
  endfacet
  facet normal 0.442287 0 -0.896874
    outer loop
      vertex 1.367 6.65 6.37856
      vertex 1.63096 8.15 6.50873
      vertex 1.63096 6.65 6.50873
    endloop
  endfacet
  facet normal 0.442287 0 -0.896874
    outer loop
      vertex 1.63096 8.15 6.50873
      vertex 1.367 6.65 6.37856
      vertex 1.367 8.15 6.37856
    endloop
  endfacet
  facet normal 0.896871 -0 0.442292
    outer loop
      vertex 0.413271 6.65 3.56896
      vertex 0.543443 8.15 3.305
      vertex 0.413271 8.15 3.56896
    endloop
  endfacet
  facet normal 0.896871 0 0.442292
    outer loop
      vertex 0.543443 8.15 3.305
      vertex 0.413271 6.65 3.56896
      vertex 0.543443 6.65 3.305
    endloop
  endfacet
  facet normal 0.946931 -0 0.321437
    outer loop
      vertex 0.318666 6.65 3.84766
      vertex 0.413271 8.15 3.56896
      vertex 0.318666 8.15 3.84766
    endloop
  endfacet
  facet normal 0.946931 0 0.321437
    outer loop
      vertex 0.413271 8.15 3.56896
      vertex 0.318666 6.65 3.84766
      vertex 0.413271 6.65 3.56896
    endloop
  endfacet
  facet normal 0.659351 0 -0.751835
    outer loop
      vertex 0.90101 6.65 6.02099
      vertex 1.12229 8.15 6.21505
      vertex 1.12229 6.65 6.21505
    endloop
  endfacet
  facet normal 0.659351 0 -0.751835
    outer loop
      vertex 1.12229 8.15 6.21505
      vertex 0.90101 6.65 6.02099
      vertex 0.90101 8.15 6.02099
    endloop
  endfacet
  facet normal 0.0654072 0 0.997859
    outer loop
      vertex 2.19832 8.15 2.19925
      vertex 2.492 6.65 2.18
      vertex 2.492 8.15 2.18
    endloop
  endfacet
  facet normal 0.0654072 0 0.997859
    outer loop
      vertex 2.492 6.65 2.18
      vertex 2.19832 8.15 2.19925
      vertex 2.19832 6.65 2.19925
    endloop
  endfacet
  facet normal 0.555594 0 0.831454
    outer loop
      vertex 1.12229 8.15 2.64496
      vertex 1.367 6.65 2.48144
      vertex 1.367 8.15 2.48144
    endloop
  endfacet
  facet normal 0.555594 0 0.831454
    outer loop
      vertex 1.367 6.65 2.48144
      vertex 1.12229 8.15 2.64496
      vertex 1.12229 6.65 2.64496
    endloop
  endfacet
  facet normal 0.659332 0 0.751852
    outer loop
      vertex 0.90101 8.15 2.83901
      vertex 1.12229 6.65 2.64496
      vertex 1.12229 8.15 2.64496
    endloop
  endfacet
  facet normal 0.659332 0 0.751852
    outer loop
      vertex 1.12229 6.65 2.64496
      vertex 0.90101 8.15 2.83901
      vertex 0.90101 6.65 2.83901
    endloop
  endfacet
  facet normal 0.442287 0 0.896874
    outer loop
      vertex 1.367 8.15 2.48144
      vertex 1.63096 6.65 2.35127
      vertex 1.63096 8.15 2.35127
    endloop
  endfacet
  facet normal 0.442287 0 0.896874
    outer loop
      vertex 1.63096 6.65 2.35127
      vertex 1.367 8.15 2.48144
      vertex 1.367 6.65 2.48144
    endloop
  endfacet
  facet normal 0.997859 -0 0.0654038
    outer loop
      vertex 0.242 6.65 4.43
      vertex 0.261249 8.15 4.13632
      vertex 0.242 8.15 4.43
    endloop
  endfacet
  facet normal 0.997859 0 0.0654038
    outer loop
      vertex 0.261249 8.15 4.13632
      vertex 0.242 6.65 4.43
      vertex 0.261249 6.65 4.13632
    endloop
  endfacet
  facet normal 0.997859 0 -0.0654038
    outer loop
      vertex 0.261249 6.65 4.72368
      vertex 0.242 8.15 4.43
      vertex 0.261249 8.15 4.72368
    endloop
  endfacet
  facet normal 0.997859 0 -0.0654038
    outer loop
      vertex 0.242 8.15 4.43
      vertex 0.261249 6.65 4.72368
      vertex 0.242 6.65 4.43
    endloop
  endfacet
  facet normal 0 0 1
    outer loop
      vertex -0.15 -1.6 3.13
      vertex -2.8 -1.6 3.13
      vertex -0.15 -1.66 3.13
    endloop
  endfacet
  facet normal -0 0 1
    outer loop
      vertex -0.15 -1.66 3.13
      vertex 3.792 -2.51 3.13
      vertex 3.792 -1.66 3.13
    endloop
  endfacet
  facet normal 0 0 1
    outer loop
      vertex -2.8 -2.51 3.13
      vertex -0.15 -1.66 3.13
      vertex -2.8 -1.6 3.13
    endloop
  endfacet
  facet normal 0 0 1
    outer loop
      vertex -0.15 -1.66 3.13
      vertex -2.8 -2.51 3.13
      vertex 3.792 -2.51 3.13
    endloop
  endfacet
  facet normal -1 0 0
    outer loop
      vertex 3.792 -2.51 3.13
      vertex 3.792 -1.66 5.73
      vertex 3.792 -1.66 3.13
    endloop
  endfacet
  facet normal -1 -0 0
    outer loop
      vertex 3.792 -1.66 5.73
      vertex 3.792 -2.51 3.13
      vertex 3.792 -2.51 5.73
    endloop
  endfacet
  facet normal 0 1 -0
    outer loop
      vertex 3.792 -2.51 3.13
      vertex -2.8 -2.51 5.73
      vertex 3.792 -2.51 5.73
    endloop
  endfacet
  facet normal 0 1 0
    outer loop
      vertex -2.8 -2.51 5.73
      vertex 3.792 -2.51 3.13
      vertex -2.8 -2.51 3.13
    endloop
  endfacet
  facet normal 0 0 -1
    outer loop
      vertex 3.792 -2.51 5.73
      vertex -0.15 -1.66 5.73
      vertex 3.792 -1.66 5.73
    endloop
  endfacet
  facet normal 0 0 -1
    outer loop
      vertex -2.8 -2.51 5.73
      vertex -0.15 -1.66 5.73
      vertex 3.792 -2.51 5.73
    endloop
  endfacet
  facet normal 0 0 -1
    outer loop
      vertex -2.8 -1.6 5.73
      vertex -0.15 -1.66 5.73
      vertex -2.8 -2.51 5.73
    endloop
  endfacet
  facet normal 0 0 -1
    outer loop
      vertex -0.15 -1.66 5.73
      vertex -2.8 -1.6 5.73
      vertex -0.15 -1.6 5.73
    endloop
  endfacet
  facet normal 0 -1 0
    outer loop
      vertex -2.8 -1.6 3.13
      vertex -0.15 -1.6 5.73
      vertex -2.8 -1.6 5.73
    endloop
  endfacet
  facet normal 0 -1 -0
    outer loop
      vertex -0.15 -1.6 5.73
      vertex -2.8 -1.6 3.13
      vertex -0.15 -1.6 3.13
    endloop
  endfacet
  facet normal 0 0.555575 -0.831466
    outer loop
      vertex -2 2.37817 6.07803
      vertex -0.799999 2.525 6.17614
      vertex -0.799999 2.37817 6.07803
    endloop
  endfacet
  facet normal 0 0.555575 -0.831466
    outer loop
      vertex -0.799999 2.525 6.17614
      vertex -2 2.37817 6.07803
      vertex -2 2.525 6.17614
    endloop
  endfacet
  facet normal 0 0.980787 -0.195081
    outer loop
      vertex -0.799999 1.86155 5.18321
      vertex -2 1.896 5.35641
      vertex -0.799999 1.896 5.35641
    endloop
  endfacet
  facet normal 0 0.980787 -0.195081
    outer loop
      vertex -2 1.896 5.35641
      vertex -0.799999 1.86155 5.18321
      vertex -2 1.86155 5.18321
    endloop
  endfacet
  facet normal 0 0.94693 -0.321439
    outer loop
      vertex -0.799999 1.896 5.35641
      vertex -2 1.95276 5.52362
      vertex -0.799999 1.95276 5.52362
    endloop
  endfacet
  facet normal 0 0.94693 -0.321439
    outer loop
      vertex -2 1.95276 5.52362
      vertex -0.799999 1.896 5.35641
      vertex -2 1.896 5.35641
    endloop
  endfacet
  facet normal 0 0.94693 0.321439
    outer loop
      vertex -0.799999 1.95276 4.49038
      vertex -2 1.896 4.65759
      vertex -0.799999 1.896 4.65759
    endloop
  endfacet
  facet normal 0 0.94693 0.321439
    outer loop
      vertex -2 1.896 4.65759
      vertex -0.799999 1.95276 4.49038
      vertex -2 1.95276 4.49038
    endloop
  endfacet
  facet normal -0 0.442314 0.89686
    outer loop
      vertex -2 2.68338 3.75976
      vertex -0.799999 2.525 3.83787
      vertex -0.799999 2.68338 3.75976
    endloop
  endfacet
  facet normal 0 0.442314 0.89686
    outer loop
      vertex -0.799999 2.525 3.83787
      vertex -2 2.68338 3.75976
      vertex -2 2.525 3.83787
    endloop
  endfacet
  facet normal 0 -0.195081 -0.980787
    outer loop
      vertex -2 3.37621 6.34545
      vertex -0.799999 3.54941 6.311
      vertex -0.799999 3.37621 6.34545
    endloop
  endfacet
  facet normal -0 -0.195081 -0.980787
    outer loop
      vertex -0.799999 3.54941 6.311
      vertex -2 3.37621 6.34545
      vertex -2 3.54941 6.311
    endloop
  endfacet
  facet normal 0 0.442269 -0.896883
    outer loop
      vertex -2 2.525 6.17614
      vertex -0.799999 2.68338 6.25424
      vertex -0.799999 2.525 6.17614
    endloop
  endfacet
  facet normal 0 0.442269 -0.896883
    outer loop
      vertex -0.799999 2.68338 6.25424
      vertex -2 2.525 6.17614
      vertex -2 2.68338 6.25424
    endloop
  endfacet
  facet normal 0 0.997859 -0.0654064
    outer loop
      vertex -0.799999 1.85 5.007
      vertex -2 1.86155 5.18321
      vertex -0.799999 1.86155 5.18321
    endloop
  endfacet
  facet normal 0 0.997859 -0.0654064
    outer loop
      vertex -2 1.86155 5.18321
      vertex -0.799999 1.85 5.007
      vertex -2 1.85 5.007
    endloop
  endfacet
  facet normal -0 0.0654064 0.997859
    outer loop
      vertex -2 3.2 3.657
      vertex -0.799999 3.02379 3.66855
      vertex -0.799999 3.2 3.657
    endloop
  endfacet
  facet normal 0 0.0654064 0.997859
    outer loop
      vertex -0.799999 3.02379 3.66855
      vertex -2 3.2 3.657
      vertex -2 3.02379 3.66855
    endloop
  endfacet
  facet normal -0 0.659386 0.751804
    outer loop
      vertex -2 2.37817 3.93597
      vertex -0.799999 2.24541 4.05241
      vertex -0.799999 2.37817 3.93597
    endloop
  endfacet
  facet normal 0 0.659386 0.751804
    outer loop
      vertex -0.799999 2.24541 4.05241
      vertex -2 2.37817 3.93597
      vertex -2 2.24541 4.05241
    endloop
  endfacet
  facet normal 0 0.980787 0.195081
    outer loop
      vertex -0.799999 1.896 4.65759
      vertex -2 1.86155 4.83079
      vertex -0.799999 1.86155 4.83079
    endloop
  endfacet
  facet normal 0 0.980787 0.195081
    outer loop
      vertex -2 1.86155 4.83079
      vertex -0.799999 1.896 4.65759
      vertex -2 1.896 4.65759
    endloop
  endfacet
  facet normal 0 0.751804 0.659386
    outer loop
      vertex -0.799999 2.24541 4.05241
      vertex -2 2.12897 4.18517
      vertex -0.799999 2.12897 4.18517
    endloop
  endfacet
  facet normal 0 0.751804 0.659386
    outer loop
      vertex -2 2.12897 4.18517
      vertex -0.799999 2.24541 4.05241
      vertex -2 2.24541 4.05241
    endloop
  endfacet
  facet normal 0 -0.0654064 -0.997859
    outer loop
      vertex -2 3.2 6.357
      vertex -0.799999 3.37621 6.34545
      vertex -0.799999 3.2 6.357
    endloop
  endfacet
  facet normal -0 -0.0654064 -0.997859
    outer loop
      vertex -0.799999 3.37621 6.34545
      vertex -2 3.2 6.357
      vertex -2 3.37621 6.34545
    endloop
  endfacet
  facet normal 0 -0.321439 -0.94693
    outer loop
      vertex -2 3.54941 6.311
      vertex -0.799999 3.71662 6.25424
      vertex -0.799999 3.54941 6.311
    endloop
  endfacet
  facet normal -0 -0.321439 -0.94693
    outer loop
      vertex -0.799999 3.71662 6.25424
      vertex -2 3.54941 6.311
      vertex -2 3.71662 6.25424
    endloop
  endfacet
  facet normal 0 -0.831492 -0.555536
    outer loop
      vertex -2 4.36913 5.682
      vertex -0.799999 4.27103 5.82883
      vertex -2 4.27103 5.82883
    endloop
  endfacet
  facet normal 0 -0.831492 -0.555536
    outer loop
      vertex -0.799999 4.27103 5.82883
      vertex -2 4.36913 5.682
      vertex -0.799999 4.36913 5.682
    endloop
  endfacet
  facet normal 0 0.195081 -0.980787
    outer loop
      vertex -2 2.85059 6.311
      vertex -0.799999 3.02379 6.34545
      vertex -0.799999 2.85059 6.311
    endloop
  endfacet
  facet normal 0 0.195081 -0.980787
    outer loop
      vertex -0.799999 3.02379 6.34545
      vertex -2 2.85059 6.311
      vertex -2 3.02379 6.34545
    endloop
  endfacet
  facet normal 0 0.321439 -0.94693
    outer loop
      vertex -2 2.68338 6.25424
      vertex -0.799999 2.85059 6.311
      vertex -0.799999 2.68338 6.25424
    endloop
  endfacet
  facet normal 0 0.321439 -0.94693
    outer loop
      vertex -0.799999 2.85059 6.311
      vertex -2 2.68338 6.25424
      vertex -2 2.85059 6.311
    endloop
  endfacet
  facet normal 0 0.659386 -0.751804
    outer loop
      vertex -2 2.24541 5.96159
      vertex -0.799999 2.37817 6.07803
      vertex -0.799999 2.24541 5.96159
    endloop
  endfacet
  facet normal 0 0.659386 -0.751804
    outer loop
      vertex -0.799999 2.37817 6.07803
      vertex -2 2.24541 5.96159
      vertex -2 2.37817 6.07803
    endloop
  endfacet
  facet normal 0 0.751804 -0.659386
    outer loop
      vertex -0.799999 2.12897 5.82883
      vertex -2 2.24541 5.96159
      vertex -0.799999 2.24541 5.96159
    endloop
  endfacet
  facet normal 0 0.751804 -0.659386
    outer loop
      vertex -2 2.24541 5.96159
      vertex -0.799999 2.12897 5.82883
      vertex -2 2.12897 5.82883
    endloop
  endfacet
  facet normal 0 0.831492 -0.555536
    outer loop
      vertex -0.799999 2.03087 5.682
      vertex -2 2.12897 5.82883
      vertex -0.799999 2.12897 5.82883
    endloop
  endfacet
  facet normal 0 0.831492 -0.555536
    outer loop
      vertex -2 2.12897 5.82883
      vertex -0.799999 2.03087 5.682
      vertex -2 2.03087 5.682
    endloop
  endfacet
  facet normal -0 0.321439 0.94693
    outer loop
      vertex -2 2.85059 3.703
      vertex -0.799999 2.68338 3.75976
      vertex -0.799999 2.85059 3.703
    endloop
  endfacet
  facet normal 0 0.321439 0.94693
    outer loop
      vertex -0.799999 2.68338 3.75976
      vertex -2 2.85059 3.703
      vertex -2 2.68338 3.75976
    endloop
  endfacet
  facet normal -0 0.195081 0.980787
    outer loop
      vertex -2 3.02379 3.66855
      vertex -0.799999 2.85059 3.703
      vertex -0.799999 3.02379 3.66855
    endloop
  endfacet
  facet normal 0 0.195081 0.980787
    outer loop
      vertex -0.799999 2.85059 3.703
      vertex -2 3.02379 3.66855
      vertex -2 2.85059 3.703
    endloop
  endfacet
  facet normal -0 0.555536 0.831492
    outer loop
      vertex -2 2.525 3.83787
      vertex -0.799999 2.37817 3.93597
      vertex -0.799999 2.525 3.83787
    endloop
  endfacet
  facet normal 0 0.555536 0.831492
    outer loop
      vertex -0.799999 2.37817 3.93597
      vertex -2 2.525 3.83787
      vertex -2 2.37817 3.93597
    endloop
  endfacet
  facet normal 0 0.997859 0.0654064
    outer loop
      vertex -0.799999 1.86155 4.83079
      vertex -2 1.85 5.007
      vertex -0.799999 1.85 5.007
    endloop
  endfacet
  facet normal 0 0.997859 0.0654064
    outer loop
      vertex -2 1.85 5.007
      vertex -0.799999 1.86155 4.83079
      vertex -2 1.86155 4.83079
    endloop
  endfacet
  facet normal 0 0.831492 0.555536
    outer loop
      vertex -0.799999 2.12897 4.18517
      vertex -2 2.03087 4.332
      vertex -0.799999 2.03087 4.332
    endloop
  endfacet
  facet normal 0 0.831492 0.555536
    outer loop
      vertex -2 2.03087 4.332
      vertex -0.799999 2.12897 4.18517
      vertex -2 2.12897 4.18517
    endloop
  endfacet
  facet normal 0 0.89686 0.442314
    outer loop
      vertex -0.799999 2.03087 4.332
      vertex -2 1.95276 4.49038
      vertex -0.799999 1.95276 4.49038
    endloop
  endfacet
  facet normal 0 0.89686 0.442314
    outer loop
      vertex -2 1.95276 4.49038
      vertex -0.799999 2.03087 4.332
      vertex -2 2.03087 4.332
    endloop
  endfacet
  facet normal 0 0.0654064 -0.997859
    outer loop
      vertex -2 3.02379 6.34545
      vertex -0.799999 3.2 6.357
      vertex -0.799999 3.02379 6.34545
    endloop
  endfacet
  facet normal 0 0.0654064 -0.997859
    outer loop
      vertex -0.799999 3.2 6.357
      vertex -2 3.02379 6.34545
      vertex -2 3.2 6.357
    endloop
  endfacet
  facet normal 0 -0.555575 -0.831466
    outer loop
      vertex -2 3.875 6.17614
      vertex -0.799999 4.02183 6.07803
      vertex -0.799999 3.875 6.17614
    endloop
  endfacet
  facet normal -0 -0.555575 -0.831466
    outer loop
      vertex -0.799999 4.02183 6.07803
      vertex -2 3.875 6.17614
      vertex -2 4.02183 6.07803
    endloop
  endfacet
  facet normal 0 -0.0654064 0.997859
    outer loop
      vertex -2 3.37621 3.66855
      vertex -0.799999 3.2 3.657
      vertex -0.799999 3.37621 3.66855
    endloop
  endfacet
  facet normal 0 -0.0654064 0.997859
    outer loop
      vertex -0.799999 3.2 3.657
      vertex -2 3.37621 3.66855
      vertex -2 3.2 3.657
    endloop
  endfacet
  facet normal 0 -0.980787 -0.195081
    outer loop
      vertex -2 4.53845 5.18321
      vertex -0.799999 4.504 5.35641
      vertex -2 4.504 5.35641
    endloop
  endfacet
  facet normal 0 -0.980787 -0.195081
    outer loop
      vertex -0.799999 4.504 5.35641
      vertex -2 4.53845 5.18321
      vertex -0.799999 4.53845 5.18321
    endloop
  endfacet
  facet normal 0 -0.751804 -0.659386
    outer loop
      vertex -2 4.27103 5.82883
      vertex -0.799999 4.15459 5.96159
      vertex -2 4.15459 5.96159
    endloop
  endfacet
  facet normal 0 -0.751804 -0.659386
    outer loop
      vertex -0.799999 4.15459 5.96159
      vertex -2 4.27103 5.82883
      vertex -0.799999 4.27103 5.82883
    endloop
  endfacet
  facet normal 0 0.89686 -0.442314
    outer loop
      vertex -0.799999 1.95276 5.52362
      vertex -2 2.03087 5.682
      vertex -0.799999 2.03087 5.682
    endloop
  endfacet
  facet normal 0 0.89686 -0.442314
    outer loop
      vertex -2 2.03087 5.682
      vertex -0.799999 1.95276 5.52362
      vertex -2 1.95276 5.52362
    endloop
  endfacet
  facet normal 0 -0.442269 -0.896883
    outer loop
      vertex -2 3.71662 6.25424
      vertex -0.799999 3.875 6.17614
      vertex -0.799999 3.71662 6.25424
    endloop
  endfacet
  facet normal -0 -0.442269 -0.896883
    outer loop
      vertex -0.799999 3.875 6.17614
      vertex -2 3.71662 6.25424
      vertex -2 3.875 6.17614
    endloop
  endfacet
  facet normal 0 -0.442314 0.89686
    outer loop
      vertex -2 3.875 3.83787
      vertex -0.799999 3.71662 3.75976
      vertex -0.799999 3.875 3.83787
    endloop
  endfacet
  facet normal 0 -0.442314 0.89686
    outer loop
      vertex -0.799999 3.71662 3.75976
      vertex -2 3.875 3.83787
      vertex -2 3.71662 3.75976
    endloop
  endfacet
  facet normal 0 -0.555536 0.831492
    outer loop
      vertex -2 4.02183 3.93597
      vertex -0.799999 3.875 3.83787
      vertex -0.799999 4.02183 3.93597
    endloop
  endfacet
  facet normal 0 -0.555536 0.831492
    outer loop
      vertex -0.799999 3.875 3.83787
      vertex -2 4.02183 3.93597
      vertex -2 3.875 3.83787
    endloop
  endfacet
  facet normal 0 -0.321439 0.94693
    outer loop
      vertex -2 3.71662 3.75976
      vertex -0.799999 3.54941 3.703
      vertex -0.799999 3.71662 3.75976
    endloop
  endfacet
  facet normal 0 -0.321439 0.94693
    outer loop
      vertex -0.799999 3.54941 3.703
      vertex -2 3.71662 3.75976
      vertex -2 3.54941 3.703
    endloop
  endfacet
  facet normal 0 -0.659386 0.751804
    outer loop
      vertex -2 4.15459 4.05241
      vertex -0.799999 4.02183 3.93597
      vertex -0.799999 4.15459 4.05241
    endloop
  endfacet
  facet normal 0 -0.659386 0.751804
    outer loop
      vertex -0.799999 4.02183 3.93597
      vertex -2 4.15459 4.05241
      vertex -2 4.02183 3.93597
    endloop
  endfacet
  facet normal 0 -0.89686 -0.442314
    outer loop
      vertex -2 4.44724 5.52362
      vertex -0.799999 4.36913 5.682
      vertex -2 4.36913 5.682
    endloop
  endfacet
  facet normal 0 -0.89686 -0.442314
    outer loop
      vertex -0.799999 4.36913 5.682
      vertex -2 4.44724 5.52362
      vertex -0.799999 4.44724 5.52362
    endloop
  endfacet
  facet normal 0 -0.94693 -0.321439
    outer loop
      vertex -2 4.504 5.35641
      vertex -0.799999 4.44724 5.52362
      vertex -2 4.44724 5.52362
    endloop
  endfacet
  facet normal 0 -0.94693 -0.321439
    outer loop
      vertex -0.799999 4.44724 5.52362
      vertex -2 4.504 5.35641
      vertex -0.799999 4.504 5.35641
    endloop
  endfacet
  facet normal 0 -0.659386 -0.751804
    outer loop
      vertex -2 4.02183 6.07803
      vertex -0.799999 4.15459 5.96159
      vertex -0.799999 4.02183 6.07803
    endloop
  endfacet
  facet normal -0 -0.659386 -0.751804
    outer loop
      vertex -0.799999 4.15459 5.96159
      vertex -2 4.02183 6.07803
      vertex -2 4.15459 5.96159
    endloop
  endfacet
  facet normal 0 -0.94693 0.321439
    outer loop
      vertex -2 4.44724 4.49038
      vertex -0.799999 4.504 4.65759
      vertex -2 4.504 4.65759
    endloop
  endfacet
  facet normal 0 -0.94693 0.321439
    outer loop
      vertex -0.799999 4.504 4.65759
      vertex -2 4.44724 4.49038
      vertex -0.799999 4.44724 4.49038
    endloop
  endfacet
  facet normal 0 -0.997859 -0.0654064
    outer loop
      vertex -2 4.55 5.007
      vertex -0.799999 4.53845 5.18321
      vertex -2 4.53845 5.18321
    endloop
  endfacet
  facet normal 0 -0.997859 -0.0654064
    outer loop
      vertex -0.799999 4.53845 5.18321
      vertex -2 4.55 5.007
      vertex -0.799999 4.55 5.007
    endloop
  endfacet
  facet normal 0 -0.997859 0.0654064
    outer loop
      vertex -2 4.53845 4.83079
      vertex -0.799999 4.55 5.007
      vertex -2 4.55 5.007
    endloop
  endfacet
  facet normal 0 -0.997859 0.0654064
    outer loop
      vertex -0.799999 4.55 5.007
      vertex -2 4.53845 4.83079
      vertex -0.799999 4.53845 4.83079
    endloop
  endfacet
  facet normal 0 -0.195081 0.980787
    outer loop
      vertex -2 3.54941 3.703
      vertex -0.799999 3.37621 3.66855
      vertex -0.799999 3.54941 3.703
    endloop
  endfacet
  facet normal 0 -0.195081 0.980787
    outer loop
      vertex -0.799999 3.37621 3.66855
      vertex -2 3.54941 3.703
      vertex -2 3.37621 3.66855
    endloop
  endfacet
  facet normal 0 -0.751804 0.659386
    outer loop
      vertex -2 4.15459 4.05241
      vertex -0.799999 4.27103 4.18517
      vertex -2 4.27103 4.18517
    endloop
  endfacet
  facet normal 0 -0.751804 0.659386
    outer loop
      vertex -0.799999 4.27103 4.18517
      vertex -2 4.15459 4.05241
      vertex -0.799999 4.15459 4.05241
    endloop
  endfacet
  facet normal 0 -0.980787 0.195081
    outer loop
      vertex -2 4.504 4.65759
      vertex -0.799999 4.53845 4.83079
      vertex -2 4.53845 4.83079
    endloop
  endfacet
  facet normal 0 -0.980787 0.195081
    outer loop
      vertex -0.799999 4.53845 4.83079
      vertex -2 4.504 4.65759
      vertex -0.799999 4.504 4.65759
    endloop
  endfacet
  facet normal 0 -0.89686 0.442314
    outer loop
      vertex -2 4.36913 4.332
      vertex -0.799999 4.44724 4.49038
      vertex -2 4.44724 4.49038
    endloop
  endfacet
  facet normal 0 -0.89686 0.442314
    outer loop
      vertex -0.799999 4.44724 4.49038
      vertex -2 4.36913 4.332
      vertex -0.799999 4.36913 4.332
    endloop
  endfacet
  facet normal 0 -0.831492 0.555536
    outer loop
      vertex -2 4.27103 4.18517
      vertex -0.799999 4.36913 4.332
      vertex -2 4.36913 4.332
    endloop
  endfacet
  facet normal 0 -0.831492 0.555536
    outer loop
      vertex -0.799999 4.36913 4.332
      vertex -2 4.27103 4.18517
      vertex -0.799999 4.27103 4.18517
    endloop
  endfacet
  facet normal 0 0.555565 -0.831473
    outer loop
      vertex -2.8 1.9216 6.67304
      vertex -2 2.15 6.82565
      vertex -2 1.9216 6.67304
    endloop
  endfacet
  facet normal 0 0.555565 -0.831473
    outer loop
      vertex -2 2.15 6.82565
      vertex -2.8 1.9216 6.67304
      vertex -2.8 2.15 6.82565
    endloop
  endfacet
  facet normal 0 0.94694 -0.321411
    outer loop
      vertex -2 1.17156 5.55052
      vertex -2.8 1.25985 5.81064
      vertex -2 1.25985 5.81064
    endloop
  endfacet
  facet normal 0 0.94694 -0.321411
    outer loop
      vertex -2.8 1.25985 5.81064
      vertex -2 1.17156 5.55052
      vertex -2.8 1.17156 5.55052
    endloop
  endfacet
  facet normal 0 0.946936 0.321422
    outer loop
      vertex -2 1.25985 4.20337
      vertex -2.8 1.17156 4.46348
      vertex -2 1.17156 4.46348
    endloop
  endfacet
  facet normal 0 0.946936 0.321422
    outer loop
      vertex -2.8 1.17156 4.46348
      vertex -2 1.25985 4.20337
      vertex -2.8 1.25985 4.20337
    endloop
  endfacet
  facet normal -0 0.442314 0.89686
    outer loop
      vertex -2.8 2.39636 3.06685
      vertex -2 2.15 3.18835
      vertex -2 2.39636 3.06685
    endloop
  endfacet
  facet normal 0 0.442314 0.89686
    outer loop
      vertex -2 2.15 3.18835
      vertex -2.8 2.39636 3.06685
      vertex -2.8 2.15 3.18835
    endloop
  endfacet
  facet normal 0 0.442314 -0.89686
    outer loop
      vertex -2.8 2.15 6.82565
      vertex -2 2.39636 6.94715
      vertex -2 2.15 6.82565
    endloop
  endfacet
  facet normal 0 0.442314 -0.89686
    outer loop
      vertex -2 2.39636 6.94715
      vertex -2.8 2.15 6.82565
      vertex -2.8 2.39636 6.94715
    endloop
  endfacet
  facet normal 0 0.980785 -0.195094
    outer loop
      vertex -2 1.11797 5.28111
      vertex -2.8 1.17156 5.55052
      vertex -2 1.17156 5.55052
    endloop
  endfacet
  facet normal 0 0.980785 -0.195094
    outer loop
      vertex -2.8 1.17156 5.55052
      vertex -2 1.11797 5.28111
      vertex -2.8 1.11797 5.28111
    endloop
  endfacet
  facet normal 0 0.831473 -0.555565
    outer loop
      vertex -2 1.38135 6.057
      vertex -2.8 1.53396 6.2854
      vertex -2 1.53396 6.2854
    endloop
  endfacet
  facet normal 0 0.831473 -0.555565
    outer loop
      vertex -2.8 1.53396 6.2854
      vertex -2 1.38135 6.057
      vertex -2.8 1.38135 6.057
    endloop
  endfacet
  facet normal -0 0.0654172 0.997858
    outer loop
      vertex -2.8 3.2 2.907
      vertex -2 2.92589 2.92497
      vertex -2 3.2 2.907
    endloop
  endfacet
  facet normal 0 0.0654172 0.997858
    outer loop
      vertex -2 2.92589 2.92497
      vertex -2.8 3.2 2.907
      vertex -2.8 2.92589 2.92497
    endloop
  endfacet
  facet normal -0 0.65936 0.751827
    outer loop
      vertex -2.8 1.9216 3.34096
      vertex -2 1.71508 3.52208
      vertex -2 1.9216 3.34096
    endloop
  endfacet
  facet normal 0 0.65936 0.751827
    outer loop
      vertex -2 1.71508 3.52208
      vertex -2.8 1.9216 3.34096
      vertex -2.8 1.71508 3.52208
    endloop
  endfacet
  facet normal 0 0.896867 0.4423
    outer loop
      vertex -2 1.38135 3.957
      vertex -2.8 1.25985 4.20337
      vertex -2 1.25985 4.20337
    endloop
  endfacet
  facet normal 0 0.896867 0.4423
    outer loop
      vertex -2.8 1.25985 4.20337
      vertex -2 1.38135 3.957
      vertex -2.8 1.38135 3.957
    endloop
  endfacet
  facet normal 0 0.980786 0.195087
    outer loop
      vertex -2 1.17156 4.46348
      vertex -2.8 1.11797 4.7329
      vertex -2 1.11797 4.7329
    endloop
  endfacet
  facet normal 0 0.980786 0.195087
    outer loop
      vertex -2.8 1.11797 4.7329
      vertex -2 1.17156 4.46348
      vertex -2.8 1.17156 4.46348
    endloop
  endfacet
  facet normal 0 -0.751827 0.65936
    outer loop
      vertex -2.8 4.68492 3.52208
      vertex -2 4.86604 3.7286
      vertex -2.8 4.86604 3.7286
    endloop
  endfacet
  facet normal 0 -0.751827 0.65936
    outer loop
      vertex -2 4.86604 3.7286
      vertex -2.8 4.68492 3.52208
      vertex -2 4.68492 3.52208
    endloop
  endfacet
  facet normal 0 0.195129 -0.980778
    outer loop
      vertex -2.8 2.65648 7.03544
      vertex -2 2.92589 7.08904
      vertex -2 2.65648 7.03544
    endloop
  endfacet
  facet normal 0 0.195129 -0.980778
    outer loop
      vertex -2 2.92589 7.08904
      vertex -2.8 2.65648 7.03544
      vertex -2.8 2.92589 7.08904
    endloop
  endfacet
  facet normal 0 0.321411 -0.94694
    outer loop
      vertex -2.8 2.39636 6.94715
      vertex -2 2.65648 7.03544
      vertex -2 2.39636 6.94715
    endloop
  endfacet
  facet normal 0 0.321411 -0.94694
    outer loop
      vertex -2 2.65648 7.03544
      vertex -2.8 2.39636 6.94715
      vertex -2.8 2.65648 7.03544
    endloop
  endfacet
  facet normal 0 0.65936 -0.751827
    outer loop
      vertex -2.8 1.71508 6.49192
      vertex -2 1.9216 6.67304
      vertex -2 1.71508 6.49192
    endloop
  endfacet
  facet normal 0 0.65936 -0.751827
    outer loop
      vertex -2 1.9216 6.67304
      vertex -2.8 1.71508 6.49192
      vertex -2.8 1.9216 6.67304
    endloop
  endfacet
  facet normal 0 0.751827 -0.65936
    outer loop
      vertex -2 1.53396 6.2854
      vertex -2.8 1.71508 6.49192
      vertex -2 1.71508 6.49192
    endloop
  endfacet
  facet normal 0 0.751827 -0.65936
    outer loop
      vertex -2.8 1.71508 6.49192
      vertex -2 1.53396 6.2854
      vertex -2.8 1.53396 6.2854
    endloop
  endfacet
  facet normal 0 0.997858 -0.0654172
    outer loop
      vertex -2 1.1 5.007
      vertex -2.8 1.11797 5.28111
      vertex -2 1.11797 5.28111
    endloop
  endfacet
  facet normal 0 0.997858 -0.0654172
    outer loop
      vertex -2.8 1.11797 5.28111
      vertex -2 1.1 5.007
      vertex -2.8 1.1 5.007
    endloop
  endfacet
  facet normal 0 0.89686 -0.442314
    outer loop
      vertex -2 1.25985 5.81064
      vertex -2.8 1.38135 6.057
      vertex -2 1.38135 6.057
    endloop
  endfacet
  facet normal 0 0.89686 -0.442314
    outer loop
      vertex -2.8 1.38135 6.057
      vertex -2 1.25985 5.81064
      vertex -2.8 1.25985 5.81064
    endloop
  endfacet
  facet normal -0 0.321411 0.94694
    outer loop
      vertex -2.8 2.65648 2.97856
      vertex -2 2.39636 3.06685
      vertex -2 2.65648 2.97856
    endloop
  endfacet
  facet normal 0 0.321411 0.94694
    outer loop
      vertex -2 2.39636 3.06685
      vertex -2.8 2.65648 2.97856
      vertex -2.8 2.39636 3.06685
    endloop
  endfacet
  facet normal -0 0.195094 0.980785
    outer loop
      vertex -2.8 2.92589 2.92497
      vertex -2 2.65648 2.97856
      vertex -2 2.92589 2.92497
    endloop
  endfacet
  facet normal 0 0.195094 0.980785
    outer loop
      vertex -2 2.65648 2.97856
      vertex -2.8 2.92589 2.92497
      vertex -2.8 2.65648 2.97856
    endloop
  endfacet
  facet normal -0 0.555565 0.831473
    outer loop
      vertex -2.8 2.15 3.18835
      vertex -2 1.9216 3.34096
      vertex -2 2.15 3.18835
    endloop
  endfacet
  facet normal 0 0.555565 0.831473
    outer loop
      vertex -2 1.9216 3.34096
      vertex -2.8 2.15 3.18835
      vertex -2.8 1.9216 3.34096
    endloop
  endfacet
  facet normal 0 0.997858 0.0654196
    outer loop
      vertex -2 1.11797 4.7329
      vertex -2.8 1.1 5.007
      vertex -2 1.1 5.007
    endloop
  endfacet
  facet normal 0 0.997858 0.0654196
    outer loop
      vertex -2.8 1.1 5.007
      vertex -2 1.11797 4.7329
      vertex -2.8 1.11797 4.7329
    endloop
  endfacet
  facet normal 0 0.831473 0.555565
    outer loop
      vertex -2 1.53396 3.7286
      vertex -2.8 1.38135 3.957
      vertex -2 1.38135 3.957
    endloop
  endfacet
  facet normal 0 0.831473 0.555565
    outer loop
      vertex -2.8 1.38135 3.957
      vertex -2 1.53396 3.7286
      vertex -2.8 1.53396 3.7286
    endloop
  endfacet
  facet normal 0 0.751827 0.65936
    outer loop
      vertex -2 1.71508 3.52208
      vertex -2.8 1.53396 3.7286
      vertex -2 1.53396 3.7286
    endloop
  endfacet
  facet normal 0 0.751827 0.65936
    outer loop
      vertex -2.8 1.53396 3.7286
      vertex -2 1.71508 3.52208
      vertex -2.8 1.71508 3.52208
    endloop
  endfacet
  facet normal 0 0.065381 -0.99786
    outer loop
      vertex -2.8 2.92589 7.08904
      vertex -2 3.2 7.107
      vertex -2 2.92589 7.08904
    endloop
  endfacet
  facet normal 0 0.065381 -0.99786
    outer loop
      vertex -2 3.2 7.107
      vertex -2.8 2.92589 7.08904
      vertex -2.8 3.2 7.107
    endloop
  endfacet
  facet normal 0 -0.0653833 -0.99786
    outer loop
      vertex -2.8 3.2 7.107
      vertex -2 3.4741 7.08904
      vertex -2 3.2 7.107
    endloop
  endfacet
  facet normal -0 -0.0653833 -0.99786
    outer loop
      vertex -2 3.4741 7.08904
      vertex -2.8 3.2 7.107
      vertex -2.8 3.4741 7.08904
    endloop
  endfacet
  facet normal 0 -0.195122 -0.980779
    outer loop
      vertex -2.8 3.4741 7.08904
      vertex -2 3.74352 7.03544
      vertex -2 3.4741 7.08904
    endloop
  endfacet
  facet normal -0 -0.195122 -0.980779
    outer loop
      vertex -2 3.74352 7.03544
      vertex -2.8 3.4741 7.08904
      vertex -2.8 3.74352 7.03544
    endloop
  endfacet
  facet normal 0 -0.555565 -0.831473
    outer loop
      vertex -2.8 4.25 6.82565
      vertex -2 4.4784 6.67304
      vertex -2 4.25 6.82565
    endloop
  endfacet
  facet normal -0 -0.555565 -0.831473
    outer loop
      vertex -2 4.4784 6.67304
      vertex -2.8 4.25 6.82565
      vertex -2.8 4.4784 6.67304
    endloop
  endfacet
  facet normal 0 -0.0654196 0.997858
    outer loop
      vertex -2.8 3.4741 2.92497
      vertex -2 3.2 2.907
      vertex -2 3.4741 2.92497
    endloop
  endfacet
  facet normal 0 -0.0654196 0.997858
    outer loop
      vertex -2 3.2 2.907
      vertex -2.8 3.4741 2.92497
      vertex -2.8 3.2 2.907
    endloop
  endfacet
  facet normal 0 -0.980785 -0.195094
    outer loop
      vertex -2.8 5.28203 5.28111
      vertex -2 5.22844 5.55052
      vertex -2.8 5.22844 5.55052
    endloop
  endfacet
  facet normal 0 -0.980785 -0.195094
    outer loop
      vertex -2 5.22844 5.55052
      vertex -2.8 5.28203 5.28111
      vertex -2 5.28203 5.28111
    endloop
  endfacet
  facet normal 0 -0.89686 -0.442314
    outer loop
      vertex -2.8 5.14015 5.81064
      vertex -2 5.01865 6.057
      vertex -2.8 5.01865 6.057
    endloop
  endfacet
  facet normal 0 -0.89686 -0.442314
    outer loop
      vertex -2 5.01865 6.057
      vertex -2.8 5.14015 5.81064
      vertex -2 5.14015 5.81064
    endloop
  endfacet
  facet normal 0 -0.4423 -0.896867
    outer loop
      vertex -2.8 4.00363 6.94715
      vertex -2 4.25 6.82565
      vertex -2 4.00363 6.94715
    endloop
  endfacet
  facet normal -0 -0.4423 -0.896867
    outer loop
      vertex -2 4.25 6.82565
      vertex -2.8 4.00363 6.94715
      vertex -2.8 4.25 6.82565
    endloop
  endfacet
  facet normal 0 -0.321422 -0.946936
    outer loop
      vertex -2.8 3.74352 7.03544
      vertex -2 4.00363 6.94715
      vertex -2 3.74352 7.03544
    endloop
  endfacet
  facet normal -0 -0.321422 -0.946936
    outer loop
      vertex -2 4.00363 6.94715
      vertex -2.8 3.74352 7.03544
      vertex -2.8 4.00363 6.94715
    endloop
  endfacet
  facet normal 0 -0.65936 -0.751827
    outer loop
      vertex -2.8 4.4784 6.67304
      vertex -2 4.68492 6.49192
      vertex -2 4.4784 6.67304
    endloop
  endfacet
  facet normal -0 -0.65936 -0.751827
    outer loop
      vertex -2 4.68492 6.49192
      vertex -2.8 4.4784 6.67304
      vertex -2.8 4.68492 6.49192
    endloop
  endfacet
  facet normal 0 -0.946936 0.321422
    outer loop
      vertex -2.8 5.14015 4.20337
      vertex -2 5.22844 4.46348
      vertex -2.8 5.22844 4.46348
    endloop
  endfacet
  facet normal 0 -0.946936 0.321422
    outer loop
      vertex -2 5.22844 4.46348
      vertex -2.8 5.14015 4.20337
      vertex -2 5.14015 4.20337
    endloop
  endfacet
  facet normal 0 -0.321422 0.946936
    outer loop
      vertex -2.8 4.00363 3.06685
      vertex -2 3.74352 2.97856
      vertex -2 4.00363 3.06685
    endloop
  endfacet
  facet normal 0 -0.321422 0.946936
    outer loop
      vertex -2 3.74352 2.97856
      vertex -2.8 4.00363 3.06685
      vertex -2.8 3.74352 2.97856
    endloop
  endfacet
  facet normal 0 -0.4423 0.896867
    outer loop
      vertex -2.8 4.25 3.18835
      vertex -2 4.00363 3.06685
      vertex -2 4.25 3.18835
    endloop
  endfacet
  facet normal 0 -0.4423 0.896867
    outer loop
      vertex -2 4.00363 3.06685
      vertex -2.8 4.25 3.18835
      vertex -2.8 4.00363 3.06685
    endloop
  endfacet
  facet normal 0 -0.65936 0.751827
    outer loop
      vertex -2.8 4.68492 3.52208
      vertex -2 4.4784 3.34096
      vertex -2 4.68492 3.52208
    endloop
  endfacet
  facet normal 0 -0.65936 0.751827
    outer loop
      vertex -2 4.4784 3.34096
      vertex -2.8 4.68492 3.52208
      vertex -2.8 4.4784 3.34096
    endloop
  endfacet
  facet normal 0 -0.94694 -0.321411
    outer loop
      vertex -2.8 5.22844 5.55052
      vertex -2 5.14015 5.81064
      vertex -2.8 5.14015 5.81064
    endloop
  endfacet
  facet normal 0 -0.94694 -0.321411
    outer loop
      vertex -2 5.14015 5.81064
      vertex -2.8 5.22844 5.55052
      vertex -2 5.22844 5.55052
    endloop
  endfacet
  facet normal 0 -0.751827 -0.65936
    outer loop
      vertex -2.8 4.86604 6.2854
      vertex -2 4.68492 6.49192
      vertex -2.8 4.68492 6.49192
    endloop
  endfacet
  facet normal 0 -0.751827 -0.65936
    outer loop
      vertex -2 4.68492 6.49192
      vertex -2.8 4.86604 6.2854
      vertex -2 4.86604 6.2854
    endloop
  endfacet
  facet normal 0 -0.831473 -0.555565
    outer loop
      vertex -2.8 5.01865 6.057
      vertex -2 4.86604 6.2854
      vertex -2.8 4.86604 6.2854
    endloop
  endfacet
  facet normal 0 -0.831473 -0.555565
    outer loop
      vertex -2 4.86604 6.2854
      vertex -2.8 5.01865 6.057
      vertex -2 5.01865 6.057
    endloop
  endfacet
  facet normal 0 -0.831473 0.555565
    outer loop
      vertex -2.8 4.86604 3.7286
      vertex -2 5.01865 3.957
      vertex -2.8 5.01865 3.957
    endloop
  endfacet
  facet normal 0 -0.831473 0.555565
    outer loop
      vertex -2 5.01865 3.957
      vertex -2.8 4.86604 3.7286
      vertex -2 4.86604 3.7286
    endloop
  endfacet
  facet normal 0 -0.997858 -0.0654172
    outer loop
      vertex -2.8 5.3 5.007
      vertex -2 5.28203 5.28111
      vertex -2.8 5.28203 5.28111
    endloop
  endfacet
  facet normal 0 -0.997858 -0.0654172
    outer loop
      vertex -2 5.28203 5.28111
      vertex -2.8 5.3 5.007
      vertex -2 5.3 5.007
    endloop
  endfacet
  facet normal 0 -0.997858 0.0654196
    outer loop
      vertex -2.8 5.28203 4.7329
      vertex -2 5.3 5.007
      vertex -2.8 5.3 5.007
    endloop
  endfacet
  facet normal 0 -0.997858 0.0654196
    outer loop
      vertex -2 5.3 5.007
      vertex -2.8 5.28203 4.7329
      vertex -2 5.28203 4.7329
    endloop
  endfacet
  facet normal 0 -0.896867 0.4423
    outer loop
      vertex -2.8 5.01865 3.957
      vertex -2 5.14015 4.20337
      vertex -2.8 5.14015 4.20337
    endloop
  endfacet
  facet normal 0 -0.896867 0.4423
    outer loop
      vertex -2 5.14015 4.20337
      vertex -2.8 5.01865 3.957
      vertex -2 5.01865 3.957
    endloop
  endfacet
  facet normal -1 0 0
    outer loop
      vertex -2 4.55 5.007
      vertex -2 5.3 5.007
      vertex -2 5.28203 4.7329
    endloop
  endfacet
  facet normal -1 0 0
    outer loop
      vertex -2 4.53845 4.83079
      vertex -2 5.28203 4.7329
      vertex -2 5.22844 4.46348
    endloop
  endfacet
  facet normal -1 0 0
    outer loop
      vertex -2 5.3 5.007
      vertex -2 4.55 5.007
      vertex -2 5.28203 5.28111
    endloop
  endfacet
  facet normal -1 0 0
    outer loop
      vertex -2 4.504 4.65759
      vertex -2 5.22844 4.46348
      vertex -2 5.14015 4.20337
    endloop
  endfacet
  facet normal -1 0 0
    outer loop
      vertex -2 4.53845 5.18321
      vertex -2 5.28203 5.28111
      vertex -2 4.55 5.007
    endloop
  endfacet
  facet normal -1 0 0
    outer loop
      vertex -2 4.44724 4.49038
      vertex -2 5.14015 4.20337
      vertex -2 5.01865 3.957
    endloop
  endfacet
  facet normal -1 -0 0
    outer loop
      vertex -2 5.28203 5.28111
      vertex -2 4.53845 5.18321
      vertex -2 5.22844 5.55052
    endloop
  endfacet
  facet normal -1 0 0
    outer loop
      vertex -2 4.36913 4.332
      vertex -2 5.01865 3.957
      vertex -2 4.86604 3.7286
    endloop
  endfacet
  facet normal -1 0 0
    outer loop
      vertex -2 4.504 5.35641
      vertex -2 5.22844 5.55052
      vertex -2 4.53845 5.18321
    endloop
  endfacet
  facet normal -1 0 0
    outer loop
      vertex -2 4.27103 4.18517
      vertex -2 4.86604 3.7286
      vertex -2 4.68492 3.52208
    endloop
  endfacet
  facet normal -1 -0 0
    outer loop
      vertex -2 5.22844 5.55052
      vertex -2 4.504 5.35641
      vertex -2 5.14015 5.81064
    endloop
  endfacet
  facet normal -1 0 0
    outer loop
      vertex -2 4.44724 5.52362
      vertex -2 5.14015 5.81064
      vertex -2 4.504 5.35641
    endloop
  endfacet
  facet normal -1 0 0
    outer loop
      vertex -2 5.28203 4.7329
      vertex -2 4.53845 4.83079
      vertex -2 4.55 5.007
    endloop
  endfacet
  facet normal -1 0 0
    outer loop
      vertex -2 5.22844 4.46348
      vertex -2 4.504 4.65759
      vertex -2 4.53845 4.83079
    endloop
  endfacet
  facet normal -1 0 0
    outer loop
      vertex -2 4.15459 4.05241
      vertex -2 4.68492 3.52208
      vertex -2 4.4784 3.34096
    endloop
  endfacet
  facet normal -1 0 0
    outer loop
      vertex -2 5.14015 4.20337
      vertex -2 4.44724 4.49038
      vertex -2 4.504 4.65759
    endloop
  endfacet
  facet normal -1 0 0
    outer loop
      vertex -2 5.01865 3.957
      vertex -2 4.36913 4.332
      vertex -2 4.44724 4.49038
    endloop
  endfacet
  facet normal -1 0 0
    outer loop
      vertex -2 4.86604 3.7286
      vertex -2 4.27103 4.18517
      vertex -2 4.36913 4.332
    endloop
  endfacet
  facet normal -1 0 0
    outer loop
      vertex -2 4.02183 3.93597
      vertex -2 4.4784 3.34096
      vertex -2 4.25 3.18835
    endloop
  endfacet
  facet normal -1 0 0
    outer loop
      vertex -2 4.68492 3.52208
      vertex -2 4.15459 4.05241
      vertex -2 4.27103 4.18517
    endloop
  endfacet
  facet normal -1 0 0
    outer loop
      vertex -2 4.4784 3.34096
      vertex -2 4.02183 3.93597
      vertex -2 4.15459 4.05241
    endloop
  endfacet
  facet normal -1 0 0
    outer loop
      vertex -2 3.875 3.83787
      vertex -2 4.25 3.18835
      vertex -2 4.00363 3.06685
    endloop
  endfacet
  facet normal -1 0 0
    outer loop
      vertex -2 4.25 3.18835
      vertex -2 3.875 3.83787
      vertex -2 4.02183 3.93597
    endloop
  endfacet
  facet normal -1 0 0
    outer loop
      vertex -2 3.71662 3.75976
      vertex -2 4.00363 3.06685
      vertex -2 3.74352 2.97856
    endloop
  endfacet
  facet normal -1 0 0
    outer loop
      vertex -2 4.00363 3.06685
      vertex -2 3.71662 3.75976
      vertex -2 3.875 3.83787
    endloop
  endfacet
  facet normal -1 0 0
    outer loop
      vertex -2 3.74352 2.97856
      vertex -2 3.54941 3.703
      vertex -2 3.71662 3.75976
    endloop
  endfacet
  facet normal -1 0 0
    outer loop
      vertex -2 3.4741 2.92497
      vertex -2 3.54941 3.703
      vertex -2 3.74352 2.97856
    endloop
  endfacet
  facet normal -1 0 0
    outer loop
      vertex -2 3.4741 2.92497
      vertex -2 3.37621 3.66855
      vertex -2 3.54941 3.703
    endloop
  endfacet
  facet normal -1 0 0
    outer loop
      vertex -2 3.2 2.907
      vertex -2 3.37621 3.66855
      vertex -2 3.4741 2.92497
    endloop
  endfacet
  facet normal -1 0 0
    outer loop
      vertex -2 3.2 2.907
      vertex -2 3.2 3.657
      vertex -2 3.37621 3.66855
    endloop
  endfacet
  facet normal -1 0 0
    outer loop
      vertex -2 3.2 2.907
      vertex -2 3.02379 3.66855
      vertex -2 3.2 3.657
    endloop
  endfacet
  facet normal -1 0 0
    outer loop
      vertex -2 2.92589 2.92497
      vertex -2 3.02379 3.66855
      vertex -2 3.2 2.907
    endloop
  endfacet
  facet normal -1 0 0
    outer loop
      vertex -2 2.92589 2.92497
      vertex -2 2.85059 3.703
      vertex -2 3.02379 3.66855
    endloop
  endfacet
  facet normal -1 0 0
    outer loop
      vertex -2 2.65648 2.97856
      vertex -2 2.85059 3.703
      vertex -2 2.92589 2.92497
    endloop
  endfacet
  facet normal -1 -0 0
    outer loop
      vertex -2 2.85059 3.703
      vertex -2 2.65648 2.97856
      vertex -2 2.68338 3.75976
    endloop
  endfacet
  facet normal -1 0 0
    outer loop
      vertex -2 2.39636 3.06685
      vertex -2 2.68338 3.75976
      vertex -2 2.65648 2.97856
    endloop
  endfacet
  facet normal -1 -0 0
    outer loop
      vertex -2 2.68338 3.75976
      vertex -2 2.39636 3.06685
      vertex -2 2.525 3.83787
    endloop
  endfacet
  facet normal -1 0 0
    outer loop
      vertex -2 2.15 3.18835
      vertex -2 2.525 3.83787
      vertex -2 2.39636 3.06685
    endloop
  endfacet
  facet normal -1 -0 0
    outer loop
      vertex -2 2.525 3.83787
      vertex -2 2.15 3.18835
      vertex -2 2.37817 3.93597
    endloop
  endfacet
  facet normal -1 0 0
    outer loop
      vertex -2 1.9216 3.34096
      vertex -2 2.37817 3.93597
      vertex -2 2.15 3.18835
    endloop
  endfacet
  facet normal -1 -0 0
    outer loop
      vertex -2 2.37817 3.93597
      vertex -2 1.9216 3.34096
      vertex -2 2.24541 4.05241
    endloop
  endfacet
  facet normal -1 0 0
    outer loop
      vertex -2 1.71508 3.52208
      vertex -2 2.24541 4.05241
      vertex -2 1.9216 3.34096
    endloop
  endfacet
  facet normal -1 -0 0
    outer loop
      vertex -2 2.24541 4.05241
      vertex -2 1.71508 3.52208
      vertex -2 2.12897 4.18517
    endloop
  endfacet
  facet normal -1 0 0
    outer loop
      vertex -2 1.53396 3.7286
      vertex -2 2.12897 4.18517
      vertex -2 1.71508 3.52208
    endloop
  endfacet
  facet normal -1 -0 0
    outer loop
      vertex -2 2.12897 4.18517
      vertex -2 1.53396 3.7286
      vertex -2 2.03087 4.332
    endloop
  endfacet
  facet normal -1 0 0
    outer loop
      vertex -2 1.38135 3.957
      vertex -2 2.03087 4.332
      vertex -2 1.53396 3.7286
    endloop
  endfacet
  facet normal -1 -0 0
    outer loop
      vertex -2 2.03087 4.332
      vertex -2 1.38135 3.957
      vertex -2 1.95276 4.49038
    endloop
  endfacet
  facet normal -1 0 0
    outer loop
      vertex -2 1.25985 4.20337
      vertex -2 1.95276 4.49038
      vertex -2 1.38135 3.957
    endloop
  endfacet
  facet normal -1 -0 0
    outer loop
      vertex -2 5.14015 5.81064
      vertex -2 4.44724 5.52362
      vertex -2 5.01865 6.057
    endloop
  endfacet
  facet normal -1 0 0
    outer loop
      vertex -2 4.36913 5.682
      vertex -2 5.01865 6.057
      vertex -2 4.44724 5.52362
    endloop
  endfacet
  facet normal -1 -0 0
    outer loop
      vertex -2 5.01865 6.057
      vertex -2 4.36913 5.682
      vertex -2 4.86604 6.2854
    endloop
  endfacet
  facet normal -1 0 0
    outer loop
      vertex -2 4.27103 5.82883
      vertex -2 4.86604 6.2854
      vertex -2 4.36913 5.682
    endloop
  endfacet
  facet normal -1 -0 0
    outer loop
      vertex -2 4.86604 6.2854
      vertex -2 4.27103 5.82883
      vertex -2 4.68492 6.49192
    endloop
  endfacet
  facet normal -1 0 0
    outer loop
      vertex -2 4.15459 5.96159
      vertex -2 4.68492 6.49192
      vertex -2 4.27103 5.82883
    endloop
  endfacet
  facet normal -1 -0 0
    outer loop
      vertex -2 4.68492 6.49192
      vertex -2 4.15459 5.96159
      vertex -2 4.4784 6.67304
    endloop
  endfacet
  facet normal -1 0 0
    outer loop
      vertex -2 4.02183 6.07803
      vertex -2 4.4784 6.67304
      vertex -2 4.15459 5.96159
    endloop
  endfacet
  facet normal -1 -0 0
    outer loop
      vertex -2 4.4784 6.67304
      vertex -2 4.02183 6.07803
      vertex -2 4.25 6.82565
    endloop
  endfacet
  facet normal -1 0 0
    outer loop
      vertex -2 3.875 6.17614
      vertex -2 4.25 6.82565
      vertex -2 4.02183 6.07803
    endloop
  endfacet
  facet normal -1 -0 0
    outer loop
      vertex -2 4.25 6.82565
      vertex -2 3.875 6.17614
      vertex -2 4.00363 6.94715
    endloop
  endfacet
  facet normal -1 0 0
    outer loop
      vertex -2 3.71662 6.25424
      vertex -2 4.00363 6.94715
      vertex -2 3.875 6.17614
    endloop
  endfacet
  facet normal -1 -0 0
    outer loop
      vertex -2 4.00363 6.94715
      vertex -2 3.71662 6.25424
      vertex -2 3.74352 7.03544
    endloop
  endfacet
  facet normal -1 0 0
    outer loop
      vertex -2 3.54941 6.311
      vertex -2 3.74352 7.03544
      vertex -2 3.71662 6.25424
    endloop
  endfacet
  facet normal -1 0 0
    outer loop
      vertex -2 3.54941 6.311
      vertex -2 3.4741 7.08904
      vertex -2 3.74352 7.03544
    endloop
  endfacet
  facet normal -1 0 0
    outer loop
      vertex -2 3.37621 6.34545
      vertex -2 3.4741 7.08904
      vertex -2 3.54941 6.311
    endloop
  endfacet
  facet normal -1 0 0
    outer loop
      vertex -2 3.2 6.357
      vertex -2 3.4741 7.08904
      vertex -2 3.37621 6.34545
    endloop
  endfacet
  facet normal -1 0 0
    outer loop
      vertex -2 3.2 6.357
      vertex -2 3.2 7.107
      vertex -2 3.4741 7.08904
    endloop
  endfacet
  facet normal -1 0 0
    outer loop
      vertex -2 3.02379 6.34545
      vertex -2 3.2 7.107
      vertex -2 3.2 6.357
    endloop
  endfacet
  facet normal -1 0 0
    outer loop
      vertex -2 3.02379 6.34545
      vertex -2 2.92589 7.08904
      vertex -2 3.2 7.107
    endloop
  endfacet
  facet normal -1 0 0
    outer loop
      vertex -2 2.85059 6.311
      vertex -2 2.92589 7.08904
      vertex -2 3.02379 6.34545
    endloop
  endfacet
  facet normal -1 0 0
    outer loop
      vertex -2 2.65648 7.03544
      vertex -2 2.85059 6.311
      vertex -2 2.68338 6.25424
    endloop
  endfacet
  facet normal -1 0 0
    outer loop
      vertex -2 2.85059 6.311
      vertex -2 2.65648 7.03544
      vertex -2 2.92589 7.08904
    endloop
  endfacet
  facet normal -1 0 0
    outer loop
      vertex -2 2.39636 6.94715
      vertex -2 2.68338 6.25424
      vertex -2 2.525 6.17614
    endloop
  endfacet
  facet normal -1 0 0
    outer loop
      vertex -2 2.68338 6.25424
      vertex -2 2.39636 6.94715
      vertex -2 2.65648 7.03544
    endloop
  endfacet
  facet normal -1 0 0
    outer loop
      vertex -2 2.15 6.82565
      vertex -2 2.525 6.17614
      vertex -2 2.37817 6.07803
    endloop
  endfacet
  facet normal -1 0 0
    outer loop
      vertex -2 1.9216 6.67304
      vertex -2 2.37817 6.07803
      vertex -2 2.24541 5.96159
    endloop
  endfacet
  facet normal -1 0 0
    outer loop
      vertex -2 2.525 6.17614
      vertex -2 2.15 6.82565
      vertex -2 2.39636 6.94715
    endloop
  endfacet
  facet normal -1 0 0
    outer loop
      vertex -2 1.71508 6.49192
      vertex -2 2.24541 5.96159
      vertex -2 2.12897 5.82883
    endloop
  endfacet
  facet normal -1 0 0
    outer loop
      vertex -2 1.53396 6.2854
      vertex -2 2.12897 5.82883
      vertex -2 2.03087 5.682
    endloop
  endfacet
  facet normal -1 0 0
    outer loop
      vertex -2 1.38135 6.057
      vertex -2 2.03087 5.682
      vertex -2 1.95276 5.52362
    endloop
  endfacet
  facet normal -1 0 0
    outer loop
      vertex -2 2.37817 6.07803
      vertex -2 1.9216 6.67304
      vertex -2 2.15 6.82565
    endloop
  endfacet
  facet normal -1 0 0
    outer loop
      vertex -2 1.25985 5.81064
      vertex -2 1.95276 5.52362
      vertex -2 1.896 5.35641
    endloop
  endfacet
  facet normal -1 0 0
    outer loop
      vertex -2 1.17156 5.55052
      vertex -2 1.896 5.35641
      vertex -2 1.86155 5.18321
    endloop
  endfacet
  facet normal -1 0 0
    outer loop
      vertex -2 1.11797 5.28111
      vertex -2 1.86155 5.18321
      vertex -2 1.85 5.007
    endloop
  endfacet
  facet normal -1 -0 0
    outer loop
      vertex -2 1.95276 4.49038
      vertex -2 1.25985 4.20337
      vertex -2 1.896 4.65759
    endloop
  endfacet
  facet normal -1 0 0
    outer loop
      vertex -2 2.24541 5.96159
      vertex -2 1.71508 6.49192
      vertex -2 1.9216 6.67304
    endloop
  endfacet
  facet normal -1 0 0
    outer loop
      vertex -2 1.17156 4.46348
      vertex -2 1.896 4.65759
      vertex -2 1.25985 4.20337
    endloop
  endfacet
  facet normal -1 0 0
    outer loop
      vertex -2 2.12897 5.82883
      vertex -2 1.53396 6.2854
      vertex -2 1.71508 6.49192
    endloop
  endfacet
  facet normal -1 -0 0
    outer loop
      vertex -2 1.896 4.65759
      vertex -2 1.17156 4.46348
      vertex -2 1.86155 4.83079
    endloop
  endfacet
  facet normal -1 0 0
    outer loop
      vertex -2 2.03087 5.682
      vertex -2 1.38135 6.057
      vertex -2 1.53396 6.2854
    endloop
  endfacet
  facet normal -1 0 0
    outer loop
      vertex -2 1.11797 4.7329
      vertex -2 1.86155 4.83079
      vertex -2 1.17156 4.46348
    endloop
  endfacet
  facet normal -1 0 0
    outer loop
      vertex -2 1.95276 5.52362
      vertex -2 1.25985 5.81064
      vertex -2 1.38135 6.057
    endloop
  endfacet
  facet normal -1 -0 0
    outer loop
      vertex -2 1.86155 4.83079
      vertex -2 1.11797 4.7329
      vertex -2 1.85 5.007
    endloop
  endfacet
  facet normal -1 0 0
    outer loop
      vertex -2 1.896 5.35641
      vertex -2 1.17156 5.55052
      vertex -2 1.25985 5.81064
    endloop
  endfacet
  facet normal -1 0 0
    outer loop
      vertex -2 1.1 5.007
      vertex -2 1.85 5.007
      vertex -2 1.11797 4.7329
    endloop
  endfacet
  facet normal -1 0 0
    outer loop
      vertex -2 1.86155 5.18321
      vertex -2 1.11797 5.28111
      vertex -2 1.17156 5.55052
    endloop
  endfacet
  facet normal -1 0 0
    outer loop
      vertex -2 1.85 5.007
      vertex -2 1.1 5.007
      vertex -2 1.11797 5.28111
    endloop
  endfacet
  facet normal 0 -0.980786 0.195087
    outer loop
      vertex -2.8 5.22844 4.46348
      vertex -2 5.28203 4.7329
      vertex -2.8 5.28203 4.7329
    endloop
  endfacet
  facet normal 0 -0.980786 0.195087
    outer loop
      vertex -2 5.28203 4.7329
      vertex -2.8 5.22844 4.46348
      vertex -2 5.22844 4.46348
    endloop
  endfacet
  facet normal 0 -0.195087 0.980786
    outer loop
      vertex -2.8 3.74352 2.97856
      vertex -2 3.4741 2.92497
      vertex -2 3.74352 2.97856
    endloop
  endfacet
  facet normal 0 -0.195087 0.980786
    outer loop
      vertex -2 3.4741 2.92497
      vertex -2.8 3.74352 2.97856
      vertex -2.8 3.4741 2.92497
    endloop
  endfacet
  facet normal 0 -0.555565 0.831473
    outer loop
      vertex -2.8 4.4784 3.34096
      vertex -2 4.25 3.18835
      vertex -2 4.4784 3.34096
    endloop
  endfacet
  facet normal 0 -0.555565 0.831473
    outer loop
      vertex -2 4.25 3.18835
      vertex -2.8 4.4784 3.34096
      vertex -2.8 4.25 3.18835
    endloop
  endfacet
endsolid OpenSCAD_Model
