solid OpenSCAD_Model
  facet normal -0.130274 0.438534 0.889222
    outer loop
      vertex 8.77757 1.07184 2.88486
      vertex 8.77757 1.12452 2.85888
      vertex 8.71921 1.0689 2.87776
    endloop
  endfacet
  facet normal 0.607969 0.0520276 0.792255
    outer loop
      vertex 9.10371 0.9 2.80833
      vertex 9.10371 0.94416 2.80543
      vertex 9.05701 0.948837 2.84096
    endloop
  endfacet
  facet normal 0.706316 0.393385 0.588528
    outer loop
      vertex 9.14533 1.04835 2.72696
      vertex 9.14533 1.08062 2.70539
      vertex 9.10371 1.06916 2.763
    endloop
  endfacet
  facet normal -0.607907 -0.255191 0.751882
    outer loop
      vertex 8.55699 0.80316 2.83141
      vertex 8.51029 0.812434 2.7968
      vertex 8.55699 0.756814 2.81568
    endloop
  endfacet
  facet normal -0.258262 0.536802 0.803209
    outer loop
      vertex 8.71921 1.12068 2.85222
      vertex 8.66235 1.1594 2.80806
      vertex 8.66235 1.11306 2.83903
    endloop
  endfacet
  facet normal 0.381998 0.768414 0.513437
    outer loop
      vertex 8.95165 1.23806 2.72941
      vertex 9.00603 1.24952 2.6718
      vertex 8.95165 1.26903 2.68306
    endloop
  endfacet
  facet normal 0.258375 -0.0630842 0.963983
    outer loop
      vertex 8.89479 0.842391 2.90758
      vertex 8.95165 0.844379 2.89247
      vertex 8.89479 0.9 2.91135
    endloop
  endfacet
  facet normal -0.130397 0.19354 0.972388
    outer loop
      vertex 8.77757 1.01622 2.90374
      vertex 8.71921 1.01423 2.89631
      vertex 8.71921 0.957607 2.90758
    endloop
  endfacet
  facet normal -0.792789 -0.269505 0.546674
    outer loop
      vertex 8.46867 0.786455 2.74412
      vertex 8.43284 0.774996 2.68651
      vertex 8.46867 0.751647 2.72696
    endloop
  endfacet
  facet normal -0.706365 -0.393285 0.588536
    outer loop
      vertex 8.51029 0.730836 2.763
      vertex 8.46867 0.719377 2.70539
      vertex 8.51029 0.694038 2.73841
    endloop
  endfacet
  facet normal -0.499197 0.169071 0.849833
    outer loop
      vertex 8.60797 1.00446 2.85984
      vertex 8.55699 0.99684 2.83141
      vertex 8.55699 0.948837 2.84096
    endloop
  endfacet
  facet normal 0.499186 -0.481388 0.720471
    outer loop
      vertex 9.00603 0.654307 2.79019
      vertex 9.05701 0.672225 2.76684
      vertex 9.05701 0.712919 2.79403
    endloop
  endfacet
  facet normal -0 0.442304 0.896865
    outer loop
      vertex 8.77757 1.12452 2.85888
      vertex 8.83643 1.07184 2.88486
      vertex 8.83643 1.12452 2.85888
    endloop
  endfacet
  facet normal 0 0.442304 0.896865
    outer loop
      vertex 8.83643 1.07184 2.88486
      vertex 8.77757 1.12452 2.85888
      vertex 8.77757 1.07184 2.88486
    endloop
  endfacet
  facet normal 0.706365 -0.466727 0.532178
    outer loop
      vertex 9.10371 0.660766 2.70923
      vertex 9.14533 0.719377 2.70539
      vertex 9.10371 0.694038 2.73841
    endloop
  endfacet
  facet normal -0.382024 -0.40875 0.828843
    outer loop
      vertex 8.60797 0.745551 2.84287
      vertex 8.60797 0.698203 2.81952
      vertex 8.66235 0.68694 2.83903
    endloop
  endfacet
  facet normal -0.865567 -0.0327007 0.499724
    outer loop
      vertex 8.40341 0.9 2.66903
      vertex 8.40341 0.874021 2.66733
      vertex 8.43284 0.867367 2.71787
    endloop
  endfacet
  facet normal -0.381864 0.82894 0.408703
    outer loop
      vertex 8.63858 1.27438 2.65
      vertex 8.66235 1.26903 2.68306
      vertex 8.66235 1.28533 2.65
    endloop
  endfacet
  facet normal -0.382006 0.828833 0.408788
    outer loop
      vertex 8.66235 1.26903 2.68306
      vertex 8.63858 1.27438 2.65
      vertex 8.60797 1.24952 2.6718
    endloop
  endfacet
  facet normal -0.130213 0.7455 0.653663
    outer loop
      vertex 8.77757 1.25624 2.74336
      vertex 8.71921 1.25015 2.73868
      vertex 8.77757 1.21752 2.78752
    endloop
  endfacet
  facet normal -0.499152 0.571359 0.651457
    outer loop
      vertex 8.60797 1.18538 2.75538
      vertex 8.55699 1.16457 2.73457
      vertex 8.60797 1.14569 2.79019
    endloop
  endfacet
  facet normal 0.499227 0.777122 0.383214
    outer loop
      vertex 9.00603 1.24952 2.6718
      vertex 9.02499 1.24809 2.65
      vertex 9.00603 1.26027 2.65
    endloop
  endfacet
  facet normal 0.381964 0.513521 0.768375
    outer loop
      vertex 8.95165 1.11306 2.83903
      vertex 9.00603 1.14569 2.79019
      vertex 8.95165 1.1594 2.80806
    endloop
  endfacet
  facet normal -0.704537 0.587547 0.398016
    outer loop
      vertex 8.47093 1.13852 2.65
      vertex 8.46867 1.13581 2.65
      vertex 8.46867 1.13539 2.65062
    endloop
  endfacet
  facet normal -0.382023 -0.828851 0.408735
    outer loop
      vertex 8.63168 0.528803 2.65
      vertex 8.66235 0.514667 2.65
      vertex 8.66235 0.53097 2.68306
    endloop
  endfacet
  facet normal 0.792785 -0.338706 0.506725
    outer loop
      vertex 9.14533 0.719377 2.70539
      vertex 9.18116 0.774996 2.68651
      vertex 9.14533 0.751647 2.72696
    endloop
  endfacet
  facet normal 0.258262 -0.636963 0.726346
    outer loop
      vertex 8.89479 0.587915 2.78208
      vertex 8.95165 0.598688 2.77131
      vertex 8.95165 0.640595 2.80806
    endloop
  endfacet
  facet normal 0.499176 0.0566267 0.864648
    outer loop
      vertex 9.00603 0.9 2.87359
      vertex 9.05701 0.948837 2.84096
      vertex 9.00603 0.952679 2.87014
    endloop
  endfacet
  facet normal 0.381957 -0.180307 0.90642
    outer loop
      vertex 8.95165 0.844379 2.89247
      vertex 9.00603 0.795542 2.85984
      vertex 9.00603 0.847321 2.87014
    endloop
  endfacet
  facet normal 0.258203 -0.31059 0.914803
    outer loop
      vertex 8.89479 0.785769 2.89631
      vertex 8.95165 0.736931 2.86368
      vertex 8.95165 0.789712 2.8816
    endloop
  endfacet
  facet normal 0.381977 -0.828892 0.408695
    outer loop
      vertex 8.98232 0.528803 2.65
      vertex 9.00603 0.550478 2.6718
      vertex 8.95165 0.53097 2.68306
    endloop
  endfacet
  facet normal 0.381968 -0.828891 0.408704
    outer loop
      vertex 9.00603 0.550478 2.6718
      vertex 8.98232 0.528803 2.65
      vertex 9.00603 0.539729 2.65
    endloop
  endfacet
  facet normal -0.130332 0.438584 0.889189
    outer loop
      vertex 8.77757 1.12452 2.85888
      vertex 8.71921 1.12068 2.85222
      vertex 8.71921 1.0689 2.87776
    endloop
  endfacet
  facet normal -0.382019 -0.297108 0.875093
    outer loop
      vertex 8.66235 0.789712 2.8816
      vertex 8.60797 0.795542 2.85984
      vertex 8.66235 0.736931 2.86368
    endloop
  endfacet
  facet normal -0.499161 -0.571347 0.651461
    outer loop
      vertex 8.60797 0.654307 2.79019
      vertex 8.55699 0.635427 2.73457
      vertex 8.60797 0.614616 2.75538
    endloop
  endfacet
  facet normal -0.923683 -0.0753719 0.375671
    outer loop
      vertex 8.39776 0.856671 2.65
      vertex 8.39816 0.851769 2.65
      vertex 8.40341 0.848487 2.66225
    endloop
  endfacet
  facet normal -0.706346 -0.0463849 0.706346
    outer loop
      vertex 8.51029 0.9 2.80833
      vertex 8.46867 0.9 2.76671
      vertex 8.51029 0.855839 2.80543
    endloop
  endfacet
  facet normal -0.381957 -0.180307 0.90642
    outer loop
      vertex 8.60797 0.847321 2.87014
      vertex 8.60797 0.795542 2.85984
      vertex 8.66235 0.844379 2.89247
    endloop
  endfacet
  facet normal 0.499258 0.777163 0.383093
    outer loop
      vertex 9.02499 1.24809 2.65
      vertex 9.05701 1.22403 2.65708
      vertex 9.05701 1.22752 2.65
    endloop
  endfacet
  facet normal 0.499214 0.777137 0.383202
    outer loop
      vertex 9.05701 1.22403 2.65708
      vertex 9.02499 1.24809 2.65
      vertex 9.00603 1.24952 2.6718
    endloop
  endfacet
  facet normal -0.130127 -0.193283 0.972476
    outer loop
      vertex 8.71921 0.842391 2.90758
      vertex 8.77757 0.78378 2.90374
      vertex 8.77757 0.841389 2.91519
    endloop
  endfacet
  facet normal -0.793826 0.459487 0.398386
    outer loop
      vertex 8.46789 1.13458 2.65
      vertex 8.46286 1.12589 2.65
      vertex 8.46867 1.13539 2.65062
    endloop
  endfacet
  facet normal -0.258384 0.536675 0.803255
    outer loop
      vertex 8.71921 1.16868 2.82015
      vertex 8.66235 1.1594 2.80806
      vertex 8.71921 1.12068 2.85222
    endloop
  endfacet
  facet normal 0.258263 0.803262 0.536721
    outer loop
      vertex 8.95165 1.23806 2.72941
      vertex 8.95165 1.26903 2.68306
      vertex 8.89479 1.28222 2.69068
    endloop
  endfacet
  facet normal -0.25823 0.636943 0.726375
    outer loop
      vertex 8.71921 1.21208 2.78208
      vertex 8.66235 1.20131 2.77131
      vertex 8.66235 1.1594 2.80806
    endloop
  endfacet
  facet normal 0.607978 0.660185 0.441042
    outer loop
      vertex 9.10371 1.16841 2.67596
      vertex 9.05701 1.22403 2.65708
      vertex 9.05701 1.19684 2.69778
    endloop
  endfacet
  facet normal 0.130249 0.889243 0.438501
    outer loop
      vertex 8.89479 1.28222 2.69068
      vertex 8.89479 1.30228 2.65
      vertex 8.84618 1.3094 2.65
    endloop
  endfacet
  facet normal -0.499111 -0.651491 0.571356
    outer loop
      vertex 8.60797 0.614616 2.75538
      vertex 8.55699 0.603157 2.69778
      vertex 8.60797 0.579808 2.71569
    endloop
  endfacet
  facet normal -0.792715 -0.458286 0.401966
    outer loop
      vertex 8.46286 0.674109 2.65
      vertex 8.46867 0.690197 2.6798
      vertex 8.43633 0.719999 2.65
    endloop
  endfacet
  facet normal -0.792616 -0.458414 0.402016
    outer loop
      vertex 8.46867 0.690197 2.6798
      vertex 8.46286 0.674109 2.65
      vertex 8.46867 0.664607 2.65062
    endloop
  endfacet
  facet normal 0.382054 -0.768418 0.513389
    outer loop
      vertex 8.95165 0.561937 2.72941
      vertex 8.95165 0.53097 2.68306
      vertex 9.00603 0.579808 2.71569
    endloop
  endfacet
  facet normal 0.130339 -0.550918 0.824318
    outer loop
      vertex 8.83643 0.675481 2.85888
      vertex 8.83643 0.626643 2.82624
      vertex 8.89479 0.679323 2.85222
    endloop
  endfacet
  facet normal 0.792764 -0.118915 0.597817
    outer loop
      vertex 9.14533 0.823207 2.7566
      vertex 9.18116 0.835293 2.71149
      vertex 9.18116 0.867367 2.71787
    endloop
  endfacet
  facet normal 0.499175 -0.169054 0.84985
    outer loop
      vertex 9.00603 0.795542 2.85984
      vertex 9.05701 0.851162 2.84096
      vertex 9.00603 0.847321 2.87014
    endloop
  endfacet
  facet normal 0.865585 0.160939 0.474195
    outer loop
      vertex 9.18116 0.964706 2.71149
      vertex 9.21059 0.976165 2.65388
      vertex 9.18116 0.995673 2.70098
    endloop
  endfacet
  facet normal -0.923636 0.0249016 0.382462
    outer loop
      vertex 8.40341 0.9 2.66903
      vertex 8.396 0.917433 2.65
      vertex 8.39553 0.9 2.65
    endloop
  endfacet
  facet normal -0.923589 0.0250351 0.382566
    outer loop
      vertex 8.396 0.917433 2.65
      vertex 8.40341 0.9 2.66903
      vertex 8.40341 0.925978 2.66733
    endloop
  endfacet
  facet normal -0.607906 -0.351132 0.712149
    outer loop
      vertex 8.51029 0.770527 2.78257
      vertex 8.51029 0.730836 2.763
      vertex 8.55699 0.712919 2.79403
    endloop
  endfacet
  facet normal -0.130365 -0.0647442 0.98935
    outer loop
      vertex 8.71921 0.9 2.91135
      vertex 8.71921 0.842391 2.90758
      vertex 8.77757 0.9 2.91904
    endloop
  endfacet
  facet normal -0.130276 -0.318698 0.938861
    outer loop
      vertex 8.77757 0.78378 2.90374
      vertex 8.71921 0.731101 2.87776
      vertex 8.77757 0.728161 2.88486
    endloop
  endfacet
  facet normal -0.382022 -0.513427 0.768408
    outer loop
      vertex 8.60797 0.698203 2.81952
      vertex 8.60797 0.654307 2.79019
      vertex 8.66235 0.68694 2.83903
    endloop
  endfacet
  facet normal -0.706338 -0.22761 0.670284
    outer loop
      vertex 8.46867 0.823207 2.7566
      vertex 8.46867 0.786455 2.74412
      vertex 8.51029 0.770527 2.78257
    endloop
  endfacet
  facet normal -0.258311 -0.86646 0.427227
    outer loop
      vertex 8.70492 0.501978 2.65
      vertex 8.71921 0.517776 2.69068
      vertex 8.66235 0.53097 2.68306
    endloop
  endfacet
  facet normal -0.258356 -0.866442 0.427236
    outer loop
      vertex 8.71921 0.517776 2.69068
      vertex 8.70492 0.501978 2.65
      vertex 8.71921 0.497717 2.65
    endloop
  endfacet
  facet normal -0.499198 -0.720431 0.481436
    outer loop
      vertex 8.60797 0.579808 2.71569
      vertex 8.55699 0.575966 2.65708
      vertex 8.60797 0.550478 2.6718
    endloop
  endfacet
  facet normal -0.792759 -0.338668 0.50679
    outer loop
      vertex 8.43284 0.774996 2.68651
      vertex 8.43284 0.747806 2.66834
      vertex 8.46867 0.719377 2.70539
    endloop
  endfacet
  facet normal -0.865491 0.330217 0.376671
    outer loop
      vertex 8.43284 1.07311 2.65
      vertex 8.41949 1.03812 2.65
      vertex 8.43284 1.05219 2.66834
    endloop
  endfacet
  facet normal -0.13042 0.74534 0.653804
    outer loop
      vertex 8.77757 1.21752 2.78752
      vertex 8.71921 1.25015 2.73868
      vertex 8.71921 1.21208 2.78208
    endloop
  endfacet
  facet normal -0.792791 0.338645 0.506757
    outer loop
      vertex 8.46867 1.04835 2.72696
      vertex 8.43284 1.05219 2.66834
      vertex 8.43284 1.025 2.68651
    endloop
  endfacet
  facet normal -0.499155 0.056656 0.864659
    outer loop
      vertex 8.60797 0.9 2.87359
      vertex 8.55699 0.948837 2.84096
      vertex 8.55699 0.9 2.84416
    endloop
  endfacet
  facet normal 0.258296 0.803274 0.536688
    outer loop
      vertex 8.95165 1.23806 2.72941
      vertex 8.89479 1.28222 2.69068
      vertex 8.89479 1.25015 2.73868
    endloop
  endfacet
  facet normal -0.607921 0.441134 0.660176
    outer loop
      vertex 8.55699 1.12777 2.76684
      vertex 8.51029 1.10596 2.73841
      vertex 8.51029 1.06916 2.763
    endloop
  endfacet
  facet normal -0.792764 0.118911 0.597818
    outer loop
      vertex 8.46867 0.976792 2.7566
      vertex 8.43284 0.964706 2.71149
      vertex 8.43284 0.932631 2.71787
    endloop
  endfacet
  facet normal -0.607921 0.351134 0.712136
    outer loop
      vertex 8.55699 1.08708 2.79403
      vertex 8.51029 1.06916 2.763
      vertex 8.51029 1.02947 2.78257
    endloop
  endfacet
  facet normal 0.258212 -0.0632612 0.964015
    outer loop
      vertex 8.89479 0.9 2.91135
      vertex 8.95165 0.844379 2.89247
      vertex 8.95165 0.9 2.89612
    endloop
  endfacet
  facet normal 0.25819 0.188397 0.947547
    outer loop
      vertex 8.95165 0.955619 2.89247
      vertex 8.95165 1.01029 2.8816
      vertex 8.89479 1.01423 2.89631
    endloop
  endfacet
  facet normal 0.792765 0.338721 0.506746
    outer loop
      vertex 9.14533 1.04835 2.72696
      vertex 9.18116 1.05219 2.66834
      vertex 9.14533 1.08062 2.70539
    endloop
  endfacet
  facet normal 0.38198 0.297076 0.875121
    outer loop
      vertex 9.00603 1.00446 2.85984
      vertex 9.00603 1.05445 2.84287
      vertex 8.95165 1.06307 2.86368
    endloop
  endfacet
  facet normal -0.499152 0.651457 0.571359
    outer loop
      vertex 8.60797 1.18538 2.75538
      vertex 8.60797 1.22019 2.71569
      vertex 8.55699 1.16457 2.73457
    endloop
  endfacet
  facet normal 0 0.896911 0.44221
    outer loop
      vertex 8.83643 1.31083 2.65
      vertex 8.77757 1.28888 2.69452
      vertex 8.83643 1.28888 2.69452
    endloop
  endfacet
  facet normal 0 0.896911 0.44221
    outer loop
      vertex 8.77757 1.28888 2.69452
      vertex 8.83643 1.31083 2.65
      vertex 8.77757 1.31083 2.65
    endloop
  endfacet
  facet normal -0.923594 -0.0250656 0.382553
    outer loop
      vertex 8.396 0.882566 2.65
      vertex 8.39617 0.876302 2.65
      vertex 8.40341 0.874021 2.66733
    endloop
  endfacet
  facet normal 0.499193 -0.383246 0.777128
    outer loop
      vertex 9.00603 0.698203 2.81952
      vertex 9.05701 0.712919 2.79403
      vertex 9.00603 0.745551 2.84287
    endloop
  endfacet
  facet normal 0.499161 -0.571347 0.651461
    outer loop
      vertex 9.00603 0.614616 2.75538
      vertex 9.05701 0.635427 2.73457
      vertex 9.00603 0.654307 2.79019
    endloop
  endfacet
  facet normal 0.130274 0.438534 0.889222
    outer loop
      vertex 8.89479 1.0689 2.87776
      vertex 8.83643 1.12452 2.85888
      vertex 8.83643 1.07184 2.88486
    endloop
  endfacet
  facet normal 0.706344 0.227631 0.67027
    outer loop
      vertex 9.14533 0.976792 2.7566
      vertex 9.14533 1.01354 2.74412
      vertex 9.10371 1.02947 2.78257
    endloop
  endfacet
  facet normal 0.607967 -0.154829 0.77872
    outer loop
      vertex 9.05701 0.851162 2.84096
      vertex 9.10371 0.812434 2.7968
      vertex 9.10371 0.855839 2.80543
    endloop
  endfacet
  facet normal 0.706369 0.393268 0.588543
    outer loop
      vertex 9.10371 1.06916 2.763
      vertex 9.14533 1.08062 2.70539
      vertex 9.10371 1.10596 2.73841
    endloop
  endfacet
  facet normal 0.792703 0.401941 0.458329
    outer loop
      vertex 9.14533 1.08062 2.70539
      vertex 9.17767 1.08 2.65
      vertex 9.14533 1.1098 2.6798
    endloop
  endfacet
  facet normal 0.793218 0.400562 0.458645
    outer loop
      vertex 9.17767 1.08 2.65
      vertex 9.14533 1.08062 2.70539
      vertex 9.17919 1.07699 2.65
    endloop
  endfacet
  facet normal 0.923375 0.0734632 0.376804
    outer loop
      vertex 9.21059 0.951512 2.66225
      vertex 9.21624 0.943328 2.65
      vertex 9.21585 0.94823 2.65
    endloop
  endfacet
  facet normal 0.607955 -0.523514 0.596928
    outer loop
      vertex 9.05701 0.635427 2.73457
      vertex 9.10371 0.660766 2.70923
      vertex 9.10371 0.694038 2.73841
    endloop
  endfacet
  facet normal 0 -0.442304 0.896865
    outer loop
      vertex 8.77757 0.728161 2.88486
      vertex 8.83643 0.675481 2.85888
      vertex 8.83643 0.728161 2.88486
    endloop
  endfacet
  facet normal 0 -0.442304 0.896865
    outer loop
      vertex 8.83643 0.675481 2.85888
      vertex 8.77757 0.728161 2.88486
      vertex 8.77757 0.675481 2.85888
    endloop
  endfacet
  facet normal -0.130181 -0.550796 0.824425
    outer loop
      vertex 8.71921 0.679323 2.85222
      vertex 8.71921 0.631321 2.82015
      vertex 8.77757 0.626643 2.82624
    endloop
  endfacet
  facet normal 0.258372 -0.188582 0.94746
    outer loop
      vertex 8.89479 0.785769 2.89631
      vertex 8.95165 0.844379 2.89247
      vertex 8.89479 0.842391 2.90758
    endloop
  endfacet
  facet normal 0.706349 0.588524 0.393332
    outer loop
      vertex 9.10371 1.16841 2.67596
      vertex 9.14307 1.13852 2.65
      vertex 9.10371 1.18576 2.65
    endloop
  endfacet
  facet normal 0.706395 0.588077 0.393917
    outer loop
      vertex 9.14307 1.13852 2.65
      vertex 9.10371 1.16841 2.67596
      vertex 9.14533 1.13539 2.65062
    endloop
  endfacet
  facet normal -0.499141 0.383336 0.777118
    outer loop
      vertex 8.60797 1.05445 2.84287
      vertex 8.55699 1.08708 2.79403
      vertex 8.55699 1.04319 2.81568
    endloop
  endfacet
  facet normal -0.258375 -0.0630842 0.963983
    outer loop
      vertex 8.71921 0.9 2.91135
      vertex 8.66235 0.844379 2.89247
      vertex 8.71921 0.842391 2.90758
    endloop
  endfacet
  facet normal -0.499192 -0.481393 0.720464
    outer loop
      vertex 8.55699 0.712919 2.79403
      vertex 8.60797 0.654307 2.79019
      vertex 8.60797 0.698203 2.81952
    endloop
  endfacet
  facet normal -0.130127 -0.0649888 0.989365
    outer loop
      vertex 8.77757 0.9 2.91904
      vertex 8.71921 0.842391 2.90758
      vertex 8.77757 0.841389 2.91519
    endloop
  endfacet
  facet normal -0.258375 0.0630863 0.963983
    outer loop
      vertex 8.71921 0.957607 2.90758
      vertex 8.66235 0.955619 2.89247
      vertex 8.71921 0.9 2.91135
    endloop
  endfacet
  facet normal 0.130365 0.0647464 0.98935
    outer loop
      vertex 8.89479 0.9 2.91135
      vertex 8.89479 0.957607 2.90758
      vertex 8.83643 0.9 2.91904
    endloop
  endfacet
  facet normal 0.130133 0.193283 0.972475
    outer loop
      vertex 8.89479 0.957607 2.90758
      vertex 8.83643 1.01622 2.90374
      vertex 8.83643 0.958611 2.91519
    endloop
  endfacet
  facet normal -0.25833 -0.536667 0.803277
    outer loop
      vertex 8.71921 0.679323 2.85222
      vertex 8.66235 0.640595 2.80806
      vertex 8.71921 0.631321 2.82015
    endloop
  endfacet
  facet normal -0.60797 -0.660183 0.441057
    outer loop
      vertex 8.51029 0.631586 2.67596
      vertex 8.55699 0.575966 2.65708
      vertex 8.55699 0.603157 2.69778
    endloop
  endfacet
  facet normal -0.381973 -0.768393 0.513487
    outer loop
      vertex 8.60797 0.579808 2.71569
      vertex 8.60797 0.550478 2.6718
      vertex 8.66235 0.53097 2.68306
    endloop
  endfacet
  facet normal 0 -0.896879 0.442275
    outer loop
      vertex 8.77757 0.489169 2.65
      vertex 8.83643 0.511123 2.69452
      vertex 8.77757 0.511123 2.69452
    endloop
  endfacet
  facet normal 0 -0.896879 0.442275
    outer loop
      vertex 8.83643 0.511123 2.69452
      vertex 8.77757 0.489169 2.65
      vertex 8.83643 0.489169 2.65
    endloop
  endfacet
  facet normal 0 -0.831484 0.555549
    outer loop
      vertex 8.77757 0.511123 2.69452
      vertex 8.83643 0.543755 2.74336
      vertex 8.77757 0.543755 2.74336
    endloop
  endfacet
  facet normal 0 -0.831484 0.555549
    outer loop
      vertex 8.83643 0.543755 2.74336
      vertex 8.77757 0.511123 2.69452
      vertex 8.83643 0.511123 2.69452
    endloop
  endfacet
  facet normal -0.382063 0.828841 0.408718
    outer loop
      vertex 8.63858 1.27438 2.65
      vertex 8.60797 1.26027 2.65
      vertex 8.60797 1.24952 2.6718
    endloop
  endfacet
  facet normal -0.258263 0.803262 0.536721
    outer loop
      vertex 8.71921 1.28222 2.69068
      vertex 8.66235 1.26903 2.68306
      vertex 8.66235 1.23806 2.72941
    endloop
  endfacet
  facet normal -0.258315 0.866443 0.427258
    outer loop
      vertex 8.71921 1.30228 2.65
      vertex 8.67906 1.29031 2.65
      vertex 8.71921 1.28222 2.69068
    endloop
  endfacet
  facet normal -0.608004 0.351224 0.71202
    outer loop
      vertex 8.55699 1.08708 2.79403
      vertex 8.51029 1.02947 2.78257
      vertex 8.55699 1.04319 2.81568
    endloop
  endfacet
  facet normal -0.706344 0.227631 0.67027
    outer loop
      vertex 8.51029 1.02947 2.78257
      vertex 8.46867 1.01354 2.74412
      vertex 8.46867 0.976792 2.7566
    endloop
  endfacet
  facet normal -0.706351 0.5322 0.466724
    outer loop
      vertex 8.51029 1.13923 2.70923
      vertex 8.46867 1.13539 2.65062
      vertex 8.46867 1.1098 2.6798
    endloop
  endfacet
  facet normal -0.607967 0.154829 0.77872
    outer loop
      vertex 8.55699 0.948837 2.84096
      vertex 8.51029 0.987565 2.7968
      vertex 8.51029 0.94416 2.80543
    endloop
  endfacet
  facet normal -0.382005 0.40874 0.828857
    outer loop
      vertex 8.66235 1.11306 2.83903
      vertex 8.60797 1.1018 2.81952
      vertex 8.60797 1.05445 2.84287
    endloop
  endfacet
  facet normal -0.499206 0.571285 0.651481
    outer loop
      vertex 8.60797 1.14569 2.79019
      vertex 8.55699 1.16457 2.73457
      vertex 8.55699 1.12777 2.76684
    endloop
  endfacet
  facet normal -0.607951 0.660178 0.44109
    outer loop
      vertex 8.53854 1.21177 2.65
      vertex 8.51029 1.16841 2.67596
      vertex 8.55699 1.22403 2.65708
    endloop
  endfacet
  facet normal -0.60784 0.660188 0.441227
    outer loop
      vertex 8.51029 1.16841 2.67596
      vertex 8.53854 1.21177 2.65
      vertex 8.51029 1.18576 2.65
    endloop
  endfacet
  facet normal -0.792798 0.269681 0.546574
    outer loop
      vertex 8.46867 1.04835 2.72696
      vertex 8.43284 1.025 2.68651
      vertex 8.43284 0.995673 2.70098
    endloop
  endfacet
  facet normal -0.706316 0.393385 0.588528
    outer loop
      vertex 8.51029 1.06916 2.763
      vertex 8.46867 1.08062 2.70539
      vertex 8.46867 1.04835 2.72696
    endloop
  endfacet
  facet normal -0.706317 0.313056 0.634911
    outer loop
      vertex 8.51029 1.06916 2.763
      vertex 8.46867 1.04835 2.72696
      vertex 8.51029 1.02947 2.78257
    endloop
  endfacet
  facet normal -0.130201 0.824344 0.550913
    outer loop
      vertex 8.77757 1.25624 2.74336
      vertex 8.77757 1.28888 2.69452
      vertex 8.71921 1.25015 2.73868
    endloop
  endfacet
  facet normal -0 0.555643 0.831421
    outer loop
      vertex 8.77757 1.17336 2.82624
      vertex 8.83643 1.12452 2.85888
      vertex 8.83643 1.17336 2.82624
    endloop
  endfacet
  facet normal 0 0.555643 0.831421
    outer loop
      vertex 8.83643 1.12452 2.85888
      vertex 8.77757 1.17336 2.82624
      vertex 8.77757 1.12452 2.85888
    endloop
  endfacet
  facet normal -0 0.194941 0.980815
    outer loop
      vertex 8.77757 1.01622 2.90374
      vertex 8.83643 0.958611 2.91519
      vertex 8.83643 1.01622 2.90374
    endloop
  endfacet
  facet normal 0 0.194941 0.980815
    outer loop
      vertex 8.83643 0.958611 2.91519
      vertex 8.77757 1.01622 2.90374
      vertex 8.77757 0.958611 2.91519
    endloop
  endfacet
  facet normal -0 0.321433 0.946932
    outer loop
      vertex 8.77757 1.07184 2.88486
      vertex 8.83643 1.01622 2.90374
      vertex 8.83643 1.07184 2.88486
    endloop
  endfacet
  facet normal 0 0.321433 0.946932
    outer loop
      vertex 8.83643 1.01622 2.90374
      vertex 8.77757 1.07184 2.88486
      vertex 8.77757 1.01622 2.90374
    endloop
  endfacet
  facet normal -0.130365 0.0647464 0.98935
    outer loop
      vertex 8.77757 0.9 2.91904
      vertex 8.71921 0.957607 2.90758
      vertex 8.71921 0.9 2.91135
    endloop
  endfacet
  facet normal -0.130129 0.0649887 0.989365
    outer loop
      vertex 8.77757 0.958611 2.91519
      vertex 8.71921 0.957607 2.90758
      vertex 8.77757 0.9 2.91904
    endloop
  endfacet
  facet normal -0.130419 0.653645 0.745479
    outer loop
      vertex 8.77757 1.21752 2.78752
      vertex 8.71921 1.21208 2.78208
      vertex 8.77757 1.17336 2.82624
    endloop
  endfacet
  facet normal -0.130211 0.653822 0.74536
    outer loop
      vertex 8.77757 1.17336 2.82624
      vertex 8.71921 1.21208 2.78208
      vertex 8.71921 1.16868 2.82015
    endloop
  endfacet
  facet normal 0.499128 0.720532 0.481358
    outer loop
      vertex 9.05701 1.19684 2.69778
      vertex 9.05701 1.22403 2.65708
      vertex 9.00603 1.22019 2.71569
    endloop
  endfacet
  facet normal 0.704537 0.587547 0.398016
    outer loop
      vertex 9.14533 1.13539 2.65062
      vertex 9.14533 1.13581 2.65
      vertex 9.14307 1.13852 2.65
    endloop
  endfacet
  facet normal 0.499164 -0.777169 0.383201
    outer loop
      vertex 9.04595 0.565369 2.65
      vertex 9.00603 0.550478 2.6718
      vertex 9.00603 0.539729 2.65
    endloop
  endfacet
  facet normal 0.499195 -0.777098 0.383307
    outer loop
      vertex 9.00603 0.550478 2.6718
      vertex 9.04595 0.565369 2.65
      vertex 9.05701 0.575966 2.65708
    endloop
  endfacet
  facet normal 0.130235 -0.889241 0.438508
    outer loop
      vertex 8.83643 0.511123 2.69452
      vertex 8.83643 0.489169 2.65
      vertex 8.88314 0.49601 2.65
    endloop
  endfacet
  facet normal -0.79314 -0.400789 0.458582
    outer loop
      vertex 8.43633 0.719999 2.65
      vertex 8.46867 0.719377 2.70539
      vertex 8.43481 0.723007 2.65
    endloop
  endfacet
  facet normal -0.792713 -0.401933 0.45832
    outer loop
      vertex 8.46867 0.719377 2.70539
      vertex 8.43633 0.719999 2.65
      vertex 8.46867 0.690197 2.6798
    endloop
  endfacet
  facet normal 0.607956 -0.59689 0.523557
    outer loop
      vertex 9.05701 0.635427 2.73457
      vertex 9.05701 0.603157 2.69778
      vertex 9.10371 0.660766 2.70923
    endloop
  endfacet
  facet normal 0.382024 -0.40875 0.828843
    outer loop
      vertex 8.95165 0.68694 2.83903
      vertex 9.00603 0.698203 2.81952
      vertex 9.00603 0.745551 2.84287
    endloop
  endfacet
  facet normal 0.381979 -0.609335 0.694841
    outer loop
      vertex 8.95165 0.640595 2.80806
      vertex 8.95165 0.598688 2.77131
      vertex 9.00603 0.654307 2.79019
    endloop
  endfacet
  facet normal 0.607937 -0.523502 0.596958
    outer loop
      vertex 9.05701 0.672225 2.76684
      vertex 9.05701 0.635427 2.73457
      vertex 9.10371 0.694038 2.73841
    endloop
  endfacet
  facet normal 0.706471 -0.588465 0.393201
    outer loop
      vertex 9.10371 0.631586 2.67596
      vertex 9.10371 0.61424 2.65
      vertex 9.12246 0.63675 2.65
    endloop
  endfacet
  facet normal 0.608077 -0.71186 0.351422
    outer loop
      vertex 9.05701 0.575966 2.65708
      vertex 9.06275 0.577374 2.65
      vertex 9.07546 0.588231 2.65
    endloop
  endfacet
  facet normal 0.499212 -0.777099 0.383281
    outer loop
      vertex 9.05701 0.575966 2.65708
      vertex 9.04595 0.565369 2.65
      vertex 9.05701 0.572474 2.65
    endloop
  endfacet
  facet normal 0.38196 0.609315 0.694868
    outer loop
      vertex 9.00603 1.14569 2.79019
      vertex 8.95165 1.20131 2.77131
      vertex 8.95165 1.1594 2.80806
    endloop
  endfacet
  facet normal 0.258212 0.0632635 0.964015
    outer loop
      vertex 8.95165 0.9 2.89612
      vertex 8.95165 0.955619 2.89247
      vertex 8.89479 0.9 2.91135
    endloop
  endfacet
  facet normal 0.499178 0.169048 0.84985
    outer loop
      vertex 9.00603 0.952679 2.87014
      vertex 9.05701 0.948837 2.84096
      vertex 9.00603 1.00446 2.85984
    endloop
  endfacet
  facet normal 0.607916 0.523496 0.596984
    outer loop
      vertex 9.10371 1.10596 2.73841
      vertex 9.05701 1.16457 2.73457
      vertex 9.05701 1.12777 2.76684
    endloop
  endfacet
  facet normal 0.607963 0.523528 0.596908
    outer loop
      vertex 9.10371 1.10596 2.73841
      vertex 9.10371 1.13923 2.70923
      vertex 9.05701 1.16457 2.73457
    endloop
  endfacet
  facet normal 0.923553 0.16962 0.343918
    outer loop
      vertex 9.21059 0.976165 2.65388
      vertex 9.21233 0.974558 2.65
      vertex 9.21059 0.984032 2.65
    endloop
  endfacet
  facet normal 0.706316 -0.0463283 0.706379
    outer loop
      vertex 9.10371 0.855839 2.80543
      vertex 9.14533 0.861272 2.76417
      vertex 9.14533 0.9 2.76671
    endloop
  endfacet
  facet normal 0.499155 -0.0566548 0.864659
    outer loop
      vertex 9.00603 0.9 2.87359
      vertex 9.05701 0.851162 2.84096
      vertex 9.05701 0.9 2.84416
    endloop
  endfacet
  facet normal 0.499159 -0.383296 0.777126
    outer loop
      vertex 9.00603 0.745551 2.84287
      vertex 9.05701 0.712919 2.79403
      vertex 9.05701 0.756814 2.81568
    endloop
  endfacet
  facet normal 0.499193 -0.169075 0.849836
    outer loop
      vertex 9.00603 0.795542 2.85984
      vertex 9.05701 0.80316 2.83141
      vertex 9.05701 0.851162 2.84096
    endloop
  endfacet
  facet normal 0.130342 -0.653643 0.745494
    outer loop
      vertex 8.83643 0.582482 2.78752
      vertex 8.89479 0.587915 2.78208
      vertex 8.83643 0.626643 2.82624
    endloop
  endfacet
  facet normal -0.499175 -0.0566267 0.864649
    outer loop
      vertex 8.60797 0.9 2.87359
      vertex 8.55699 0.851162 2.84096
      vertex 8.60797 0.847321 2.87014
    endloop
  endfacet
  facet normal 0.130347 -0.438597 0.889181
    outer loop
      vertex 8.83643 0.675481 2.85888
      vertex 8.89479 0.679323 2.85222
      vertex 8.89479 0.731101 2.87776
    endloop
  endfacet
  facet normal -0.499193 -0.383246 0.777128
    outer loop
      vertex 8.60797 0.745551 2.84287
      vertex 8.55699 0.712919 2.79403
      vertex 8.60797 0.698203 2.81952
    endloop
  endfacet
  facet normal -0.258262 -0.636963 0.726346
    outer loop
      vertex 8.66235 0.640595 2.80806
      vertex 8.66235 0.598688 2.77131
      vertex 8.71921 0.587915 2.78208
    endloop
  endfacet
  facet normal 0.258357 -0.427352 0.866384
    outer loop
      vertex 8.89479 0.731101 2.87776
      vertex 8.89479 0.679323 2.85222
      vertex 8.95165 0.736931 2.86368
    endloop
  endfacet
  facet normal 0.25836 -0.310417 0.914818
    outer loop
      vertex 8.89479 0.731101 2.87776
      vertex 8.95165 0.736931 2.86368
      vertex 8.89479 0.785769 2.89631
    endloop
  endfacet
  facet normal 0.923555 0.123318 0.363096
    outer loop
      vertex 9.21059 0.976165 2.65388
      vertex 9.2153 0.952315 2.65
      vertex 9.21233 0.974558 2.65
    endloop
  endfacet
  facet normal 0.923528 0.123301 0.36317
    outer loop
      vertex 9.2153 0.952315 2.65
      vertex 9.21059 0.976165 2.65388
      vertex 9.21059 0.951512 2.66225
    endloop
  endfacet
  facet normal 0.608002 0.255285 0.751773
    outer loop
      vertex 9.10371 0.987565 2.7968
      vertex 9.10371 1.02947 2.78257
      vertex 9.05701 1.04319 2.81568
    endloop
  endfacet
  facet normal 0.793826 0.459487 0.398386
    outer loop
      vertex 9.14533 1.13539 2.65062
      vertex 9.15114 1.12589 2.65
      vertex 9.14611 1.13458 2.65
    endloop
  endfacet
  facet normal -0.499175 -0.169054 0.84985
    outer loop
      vertex 8.60797 0.847321 2.87014
      vertex 8.55699 0.851162 2.84096
      vertex 8.60797 0.795542 2.85984
    endloop
  endfacet
  facet normal -0.706334 -0.227605 0.67029
    outer loop
      vertex 8.51029 0.812434 2.7968
      vertex 8.46867 0.823207 2.7566
      vertex 8.51029 0.770527 2.78257
    endloop
  endfacet
  facet normal -0.792754 -0.0398914 0.608234
    outer loop
      vertex 8.46867 0.9 2.76671
      vertex 8.43284 0.867367 2.71787
      vertex 8.46867 0.861272 2.76417
    endloop
  endfacet
  facet normal -0.865572 -0.160997 0.4742
    outer loop
      vertex 8.40341 0.848487 2.66225
      vertex 8.40341 0.823834 2.65388
      vertex 8.43284 0.835293 2.71149
    endloop
  endfacet
  facet normal -0.923693 -0.122104 0.363155
    outer loop
      vertex 8.39816 0.851769 2.65
      vertex 8.3987 0.847684 2.65
      vertex 8.40341 0.848487 2.66225
    endloop
  endfacet
  facet normal -0.381952 -0.0603962 0.922207
    outer loop
      vertex 8.60797 0.9 2.87359
      vertex 8.60797 0.847321 2.87014
      vertex 8.66235 0.844379 2.89247
    endloop
  endfacet
  facet normal -0.607969 0.0520276 0.792255
    outer loop
      vertex 8.55699 0.948837 2.84096
      vertex 8.51029 0.94416 2.80543
      vertex 8.51029 0.9 2.80833
    endloop
  endfacet
  facet normal -0 0.0655461 0.99785
    outer loop
      vertex 8.77757 0.958611 2.91519
      vertex 8.83643 0.9 2.91904
      vertex 8.83643 0.958611 2.91519
    endloop
  endfacet
  facet normal 0 0.0655461 0.99785
    outer loop
      vertex 8.83643 0.9 2.91904
      vertex 8.77757 0.958611 2.91519
      vertex 8.77757 0.9 2.91904
    endloop
  endfacet
  facet normal 0.130397 0.19354 0.972388
    outer loop
      vertex 8.89479 0.957607 2.90758
      vertex 8.89479 1.01423 2.89631
      vertex 8.83643 1.01622 2.90374
    endloop
  endfacet
  facet normal 0.382055 0.0605165 0.922156
    outer loop
      vertex 8.95165 0.9 2.89612
      vertex 9.00603 0.9 2.87359
      vertex 8.95165 0.955619 2.89247
    endloop
  endfacet
  facet normal 0.130365 -0.0647442 0.98935
    outer loop
      vertex 8.83643 0.9 2.91904
      vertex 8.89479 0.842391 2.90758
      vertex 8.89479 0.9 2.91135
    endloop
  endfacet
  facet normal 0.381952 0.180301 0.906424
    outer loop
      vertex 9.00603 0.952679 2.87014
      vertex 9.00603 1.00446 2.85984
      vertex 8.95165 0.955619 2.89247
    endloop
  endfacet
  facet normal 0.499219 0.48143 0.720421
    outer loop
      vertex 9.05701 1.08708 2.79403
      vertex 9.00603 1.14569 2.79019
      vertex 9.00603 1.1018 2.81952
    endloop
  endfacet
  facet normal -0.499118 -0.720529 0.481373
    outer loop
      vertex 8.55699 0.603157 2.69778
      vertex 8.55699 0.575966 2.65708
      vertex 8.60797 0.579808 2.71569
    endloop
  endfacet
  facet normal -0.382064 -0.694755 0.609378
    outer loop
      vertex 8.66235 0.598688 2.77131
      vertex 8.60797 0.579808 2.71569
      vertex 8.66235 0.561937 2.72941
    endloop
  endfacet
  facet normal -0.382054 -0.768418 0.513389
    outer loop
      vertex 8.60797 0.579808 2.71569
      vertex 8.66235 0.53097 2.68306
      vertex 8.66235 0.561937 2.72941
    endloop
  endfacet
  facet normal -0.607977 -0.5969 0.523521
    outer loop
      vertex 8.51029 0.660766 2.70923
      vertex 8.51029 0.631586 2.67596
      vertex 8.55699 0.603157 2.69778
    endloop
  endfacet
  facet normal -0.865522 -0.330201 0.376616
    outer loop
      vertex 8.41949 0.761881 2.65
      vertex 8.43284 0.726888 2.65
      vertex 8.43284 0.747806 2.66834
    endloop
  endfacet
  facet normal -0.706471 -0.588465 0.393201
    outer loop
      vertex 8.49154 0.63675 2.65
      vertex 8.51029 0.61424 2.65
      vertex 8.51029 0.631586 2.67596
    endloop
  endfacet
  facet normal -0.130235 -0.889241 0.438508
    outer loop
      vertex 8.73086 0.49601 2.65
      vertex 8.77757 0.489169 2.65
      vertex 8.77757 0.511123 2.69452
    endloop
  endfacet
  facet normal -0.130295 -0.889246 0.43848
    outer loop
      vertex 8.73086 0.49601 2.65
      vertex 8.71921 0.517776 2.69068
      vertex 8.71921 0.497717 2.65
    endloop
  endfacet
  facet normal -0.130226 -0.889246 0.4385
    outer loop
      vertex 8.71921 0.517776 2.69068
      vertex 8.73086 0.49601 2.65
      vertex 8.77757 0.511123 2.69452
    endloop
  endfacet
  facet normal 0.258322 -0.866436 0.427269
    outer loop
      vertex 8.95165 0.53097 2.68306
      vertex 8.90909 0.501978 2.65
      vertex 8.95165 0.514667 2.65
    endloop
  endfacet
  facet normal -0.130322 0.824399 0.550802
    outer loop
      vertex 8.77757 1.28888 2.69452
      vertex 8.71921 1.28222 2.69068
      vertex 8.71921 1.25015 2.73868
    endloop
  endfacet
  facet normal -0.258296 0.803274 0.536688
    outer loop
      vertex 8.71921 1.25015 2.73868
      vertex 8.71921 1.28222 2.69068
      vertex 8.66235 1.23806 2.72941
    endloop
  endfacet
  facet normal 0 0.831421 0.555643
    outer loop
      vertex 8.83643 1.28888 2.69452
      vertex 8.77757 1.25624 2.74336
      vertex 8.83643 1.25624 2.74336
    endloop
  endfacet
  facet normal 0 0.831421 0.555643
    outer loop
      vertex 8.77757 1.25624 2.74336
      vertex 8.83643 1.28888 2.69452
      vertex 8.77757 1.28888 2.69452
    endloop
  endfacet
  facet normal 0 0.751901 0.659276
    outer loop
      vertex 8.83643 1.25624 2.74336
      vertex 8.77757 1.21752 2.78752
      vertex 8.83643 1.21752 2.78752
    endloop
  endfacet
  facet normal 0 0.751901 0.659276
    outer loop
      vertex 8.77757 1.21752 2.78752
      vertex 8.83643 1.25624 2.74336
      vertex 8.77757 1.25624 2.74336
    endloop
  endfacet
  facet normal -0.381998 0.768414 0.513437
    outer loop
      vertex 8.66235 1.26903 2.68306
      vertex 8.60797 1.24952 2.6718
      vertex 8.66235 1.23806 2.72941
    endloop
  endfacet
  facet normal -0.258253 0.866487 0.427206
    outer loop
      vertex 8.67906 1.29031 2.65
      vertex 8.66235 1.26903 2.68306
      vertex 8.71921 1.28222 2.69068
    endloop
  endfacet
  facet normal -0.258235 0.866488 0.427216
    outer loop
      vertex 8.66235 1.26903 2.68306
      vertex 8.67906 1.29031 2.65
      vertex 8.66235 1.28533 2.65
    endloop
  endfacet
  facet normal -0.607967 -0.154829 0.77872
    outer loop
      vertex 8.51029 0.855839 2.80543
      vertex 8.51029 0.812434 2.7968
      vertex 8.55699 0.851162 2.84096
    endloop
  endfacet
  facet normal -0.607969 -0.0520264 0.792255
    outer loop
      vertex 8.51029 0.9 2.80833
      vertex 8.51029 0.855839 2.80543
      vertex 8.55699 0.851162 2.84096
    endloop
  endfacet
  facet normal -0.38198 0.297076 0.875121
    outer loop
      vertex 8.66235 1.06307 2.86368
      vertex 8.60797 1.05445 2.84287
      vertex 8.60797 1.00446 2.85984
    endloop
  endfacet
  facet normal -0.258372 0.188579 0.947461
    outer loop
      vertex 8.71921 1.01423 2.89631
      vertex 8.66235 0.955619 2.89247
      vertex 8.71921 0.957607 2.90758
    endloop
  endfacet
  facet normal -0.499201 0.481416 0.720442
    outer loop
      vertex 8.60797 1.14569 2.79019
      vertex 8.55699 1.12777 2.76684
      vertex 8.55699 1.08708 2.79403
    endloop
  endfacet
  facet normal -0.607978 0.660185 0.441042
    outer loop
      vertex 8.55699 1.19684 2.69778
      vertex 8.55699 1.22403 2.65708
      vertex 8.51029 1.16841 2.67596
    endloop
  endfacet
  facet normal -0.607927 0.441139 0.660167
    outer loop
      vertex 8.55699 1.12777 2.76684
      vertex 8.51029 1.06916 2.763
      vertex 8.55699 1.08708 2.79403
    endloop
  endfacet
  facet normal -0.706369 0.393268 0.588543
    outer loop
      vertex 8.51029 1.10596 2.73841
      vertex 8.46867 1.08062 2.70539
      vertex 8.51029 1.06916 2.763
    endloop
  endfacet
  facet normal -0.258387 0.637043 0.726232
    outer loop
      vertex 8.71921 1.16868 2.82015
      vertex 8.71921 1.21208 2.78208
      vertex 8.66235 1.1594 2.80806
    endloop
  endfacet
  facet normal -0.499219 0.48143 0.720421
    outer loop
      vertex 8.60797 1.1018 2.81952
      vertex 8.60797 1.14569 2.79019
      vertex 8.55699 1.08708 2.79403
    endloop
  endfacet
  facet normal -0.499118 0.651442 0.571406
    outer loop
      vertex 8.60797 1.22019 2.71569
      vertex 8.55699 1.19684 2.69778
      vertex 8.55699 1.16457 2.73457
    endloop
  endfacet
  facet normal -0.381964 0.513521 0.768375
    outer loop
      vertex 8.66235 1.1594 2.80806
      vertex 8.60797 1.14569 2.79019
      vertex 8.66235 1.11306 2.83903
    endloop
  endfacet
  facet normal -0.607941 0.71216 0.35105
    outer loop
      vertex 8.55699 1.22752 2.65
      vertex 8.53854 1.21177 2.65
      vertex 8.55699 1.22403 2.65708
    endloop
  endfacet
  facet normal -0.79276 0.196009 0.577159
    outer loop
      vertex 8.46867 1.01354 2.74412
      vertex 8.43284 0.964706 2.71149
      vertex 8.46867 0.976792 2.7566
    endloop
  endfacet
  facet normal -0.792756 -0.0398865 0.608232
    outer loop
      vertex 8.43284 0.9 2.72001
      vertex 8.43284 0.867367 2.71787
      vertex 8.46867 0.9 2.76671
    endloop
  endfacet
  facet normal -0.792251 0.402251 0.458838
    outer loop
      vertex 8.43284 1.05219 2.66834
      vertex 8.43481 1.07699 2.65
      vertex 8.43284 1.07311 2.65
    endloop
  endfacet
  facet normal -0.792763 0.401879 0.45828
    outer loop
      vertex 8.43481 1.07699 2.65
      vertex 8.43284 1.05219 2.66834
      vertex 8.46867 1.08062 2.70539
    endloop
  endfacet
  facet normal 0.258284 0.726289 0.63702
    outer loop
      vertex 8.95165 1.20131 2.77131
      vertex 8.95165 1.23806 2.72941
      vertex 8.89479 1.25015 2.73868
    endloop
  endfacet
  facet normal 0.382035 0.694787 0.609361
    outer loop
      vertex 9.00603 1.18538 2.75538
      vertex 9.00603 1.22019 2.71569
      vertex 8.95165 1.20131 2.77131
    endloop
  endfacet
  facet normal 0.1302 0.550811 0.824412
    outer loop
      vertex 8.89479 1.12068 2.85222
      vertex 8.89479 1.16868 2.82015
      vertex 8.83643 1.17336 2.82624
    endloop
  endfacet
  facet normal 0.382019 0.180218 0.906412
    outer loop
      vertex 8.95165 0.955619 2.89247
      vertex 9.00603 1.00446 2.85984
      vertex 8.95165 1.01029 2.8816
    endloop
  endfacet
  facet normal -0.258357 0.427339 0.866391
    outer loop
      vertex 8.71921 1.0689 2.87776
      vertex 8.71921 1.12068 2.85222
      vertex 8.66235 1.06307 2.86368
    endloop
  endfacet
  facet normal -0.130133 0.193283 0.972475
    outer loop
      vertex 8.77757 0.958611 2.91519
      vertex 8.77757 1.01622 2.90374
      vertex 8.71921 0.957607 2.90758
    endloop
  endfacet
  facet normal -0.25836 0.310407 0.914821
    outer loop
      vertex 8.71921 1.0689 2.87776
      vertex 8.66235 1.06307 2.86368
      vertex 8.71921 1.01423 2.89631
    endloop
  endfacet
  facet normal -0.1302 0.550811 0.824412
    outer loop
      vertex 8.77757 1.17336 2.82624
      vertex 8.71921 1.16868 2.82015
      vertex 8.71921 1.12068 2.85222
    endloop
  endfacet
  facet normal -0.130321 0.550904 0.824331
    outer loop
      vertex 8.77757 1.12452 2.85888
      vertex 8.77757 1.17336 2.82624
      vertex 8.71921 1.12068 2.85222
    endloop
  endfacet
  facet normal 0.382063 0.828841 0.408718
    outer loop
      vertex 9.00603 1.24952 2.6718
      vertex 9.00603 1.26027 2.65
      vertex 8.97542 1.27438 2.65
    endloop
  endfacet
  facet normal 0.382006 0.828833 0.408788
    outer loop
      vertex 8.97542 1.27438 2.65
      vertex 8.95165 1.26903 2.68306
      vertex 9.00603 1.24952 2.6718
    endloop
  endfacet
  facet normal 0.381864 0.82894 0.408703
    outer loop
      vertex 8.95165 1.26903 2.68306
      vertex 8.97542 1.27438 2.65
      vertex 8.95165 1.28533 2.65
    endloop
  endfacet
  facet normal 0.499198 -0.720431 0.481436
    outer loop
      vertex 9.00603 0.550478 2.6718
      vertex 9.05701 0.575966 2.65708
      vertex 9.00603 0.579808 2.71569
    endloop
  endfacet
  facet normal -0.706321 -0.393383 0.588524
    outer loop
      vertex 8.46867 0.751647 2.72696
      vertex 8.46867 0.719377 2.70539
      vertex 8.51029 0.730836 2.763
    endloop
  endfacet
  facet normal -0.706334 -0.138072 0.694283
    outer loop
      vertex 8.46867 0.861272 2.76417
      vertex 8.46867 0.823207 2.7566
      vertex 8.51029 0.812434 2.7968
    endloop
  endfacet
  facet normal 0 -0.555658 0.831411
    outer loop
      vertex 8.77757 0.675481 2.85888
      vertex 8.83643 0.626643 2.82624
      vertex 8.83643 0.675481 2.85888
    endloop
  endfacet
  facet normal 0 -0.555658 0.831411
    outer loop
      vertex 8.83643 0.626643 2.82624
      vertex 8.77757 0.675481 2.85888
      vertex 8.77757 0.626643 2.82624
    endloop
  endfacet
  facet normal 0 -0.659267 0.751909
    outer loop
      vertex 8.77757 0.626643 2.82624
      vertex 8.83643 0.582482 2.78752
      vertex 8.83643 0.626643 2.82624
    endloop
  endfacet
  facet normal 0 -0.659267 0.751909
    outer loop
      vertex 8.83643 0.582482 2.78752
      vertex 8.77757 0.626643 2.82624
      vertex 8.77757 0.582482 2.78752
    endloop
  endfacet
  facet normal 0.382064 -0.694755 0.609378
    outer loop
      vertex 8.95165 0.561937 2.72941
      vertex 9.00603 0.579808 2.71569
      vertex 8.95165 0.598688 2.77131
    endloop
  endfacet
  facet normal 0.381973 -0.768393 0.513487
    outer loop
      vertex 8.95165 0.53097 2.68306
      vertex 9.00603 0.550478 2.6718
      vertex 9.00603 0.579808 2.71569
    endloop
  endfacet
  facet normal 0.706357 -0.46672 0.532196
    outer loop
      vertex 9.10371 0.660766 2.70923
      vertex 9.14533 0.690197 2.6798
      vertex 9.14533 0.719377 2.70539
    endloop
  endfacet
  facet normal 0.792343 -0.402194 0.458729
    outer loop
      vertex 9.18116 0.747806 2.66834
      vertex 9.17919 0.723007 2.65
      vertex 9.18116 0.726888 2.65
    endloop
  endfacet
  facet normal 0.792758 -0.401892 0.458276
    outer loop
      vertex 9.17919 0.723007 2.65
      vertex 9.18116 0.747806 2.66834
      vertex 9.14533 0.719377 2.70539
    endloop
  endfacet
  facet normal 0.706358 -0.532195 0.46672
    outer loop
      vertex 9.10371 0.660766 2.70923
      vertex 9.14533 0.664607 2.65062
      vertex 9.14533 0.690197 2.6798
    endloop
  endfacet
  facet normal 0.706377 -0.532156 0.466736
    outer loop
      vertex 9.10371 0.631586 2.67596
      vertex 9.14533 0.664607 2.65062
      vertex 9.10371 0.660766 2.70923
    endloop
  endfacet
  facet normal 0.382053 0.694767 0.609372
    outer loop
      vertex 8.95165 1.20131 2.77131
      vertex 9.00603 1.22019 2.71569
      vertex 8.95165 1.23806 2.72941
    endloop
  endfacet
  facet normal 0.499152 0.571359 0.651457
    outer loop
      vertex 9.00603 1.14569 2.79019
      vertex 9.05701 1.16457 2.73457
      vertex 9.00603 1.18538 2.75538
    endloop
  endfacet
  facet normal 0.382035 0.609361 0.694787
    outer loop
      vertex 9.00603 1.14569 2.79019
      vertex 9.00603 1.18538 2.75538
      vertex 8.95165 1.20131 2.77131
    endloop
  endfacet
  facet normal 0.130213 0.7455 0.653663
    outer loop
      vertex 8.83643 1.21752 2.78752
      vertex 8.89479 1.25015 2.73868
      vertex 8.83643 1.25624 2.74336
    endloop
  endfacet
  facet normal 0.258262 0.536802 0.803209
    outer loop
      vertex 8.95165 1.11306 2.83903
      vertex 8.95165 1.1594 2.80806
      vertex 8.89479 1.12068 2.85222
    endloop
  endfacet
  facet normal 0.607911 0.255171 0.751885
    outer loop
      vertex 9.05701 0.99684 2.83141
      vertex 9.10371 0.987565 2.7968
      vertex 9.05701 1.04319 2.81568
    endloop
  endfacet
  facet normal 0.706346 -0.0463849 0.706346
    outer loop
      vertex 9.10371 0.855839 2.80543
      vertex 9.14533 0.9 2.76671
      vertex 9.10371 0.9 2.80833
    endloop
  endfacet
  facet normal 0.865572 -0.160997 0.4742
    outer loop
      vertex 9.18116 0.835293 2.71149
      vertex 9.21059 0.823834 2.65388
      vertex 9.21059 0.848487 2.66225
    endloop
  endfacet
  facet normal 0.923386 0.124324 0.363182
    outer loop
      vertex 9.21059 0.951512 2.66225
      vertex 9.21585 0.94823 2.65
      vertex 9.2153 0.952315 2.65
    endloop
  endfacet
  facet normal 0.792716 0.195915 0.577251
    outer loop
      vertex 9.18116 0.964706 2.71149
      vertex 9.18116 0.995673 2.70098
      vertex 9.14533 1.01354 2.74412
    endloop
  endfacet
  facet normal 0.923527 -0.123314 0.36317
    outer loop
      vertex 9.21059 0.848487 2.66225
      vertex 9.21233 0.825441 2.65
      vertex 9.2153 0.847684 2.65
    endloop
  endfacet
  facet normal 0.923554 -0.123281 0.363111
    outer loop
      vertex 9.21233 0.825441 2.65
      vertex 9.21059 0.848487 2.66225
      vertex 9.21059 0.823834 2.65388
    endloop
  endfacet
  facet normal 0.792756 0.039889 0.608232
    outer loop
      vertex 9.18116 0.9 2.72001
      vertex 9.18116 0.932631 2.71787
      vertex 9.14533 0.9 2.76671
    endloop
  endfacet
  facet normal 0.923553 -0.16962 0.343918
    outer loop
      vertex 9.21059 0.823834 2.65388
      vertex 9.21059 0.815967 2.65
      vertex 9.21233 0.825441 2.65
    endloop
  endfacet
  facet normal 0.865522 -0.330201 0.376616
    outer loop
      vertex 9.18116 0.747806 2.66834
      vertex 9.18116 0.726888 2.65
      vertex 9.19451 0.761881 2.65
    endloop
  endfacet
  facet normal 0.49916 -0.278536 0.820523
    outer loop
      vertex 9.00603 0.745551 2.84287
      vertex 9.05701 0.756814 2.81568
      vertex 9.00603 0.795542 2.85984
    endloop
  endfacet
  facet normal 0.607969 -0.0520264 0.792255
    outer loop
      vertex 9.05701 0.851162 2.84096
      vertex 9.10371 0.855839 2.80543
      vertex 9.10371 0.9 2.80833
    endloop
  endfacet
  facet normal 0.706318 -0.138045 0.694304
    outer loop
      vertex 9.10371 0.812434 2.7968
      vertex 9.14533 0.861272 2.76417
      vertex 9.10371 0.855839 2.80543
    endloop
  endfacet
  facet normal 0.607907 -0.154932 0.778746
    outer loop
      vertex 9.05701 0.80316 2.83141
      vertex 9.10371 0.812434 2.7968
      vertex 9.05701 0.851162 2.84096
    endloop
  endfacet
  facet normal 0.706346 0.0463859 0.706346
    outer loop
      vertex 9.10371 0.9 2.80833
      vertex 9.14533 0.9 2.76671
      vertex 9.10371 0.94416 2.80543
    endloop
  endfacet
  facet normal 0.792791 0.338645 0.506757
    outer loop
      vertex 9.18116 1.025 2.68651
      vertex 9.18116 1.05219 2.66834
      vertex 9.14533 1.04835 2.72696
    endloop
  endfacet
  facet normal 0.499193 -0.278487 0.820519
    outer loop
      vertex 9.00603 0.795542 2.85984
      vertex 9.05701 0.756814 2.81568
      vertex 9.05701 0.80316 2.83141
    endloop
  endfacet
  facet normal 0.607911 -0.441116 0.660198
    outer loop
      vertex 9.05701 0.672225 2.76684
      vertex 9.10371 0.730836 2.763
      vertex 9.05701 0.712919 2.79403
    endloop
  endfacet
  facet normal 0.499192 -0.481393 0.720464
    outer loop
      vertex 9.00603 0.698203 2.81952
      vertex 9.00603 0.654307 2.79019
      vertex 9.05701 0.712919 2.79403
    endloop
  endfacet
  facet normal 0.25833 -0.536667 0.803277
    outer loop
      vertex 8.89479 0.631321 2.82015
      vertex 8.95165 0.640595 2.80806
      vertex 8.89479 0.679323 2.85222
    endloop
  endfacet
  facet normal -0.130394 -0.193543 0.972388
    outer loop
      vertex 8.71921 0.842391 2.90758
      vertex 8.71921 0.785769 2.89631
      vertex 8.77757 0.78378 2.90374
    endloop
  endfacet
  facet normal -0.38198 -0.29707 0.875123
    outer loop
      vertex 8.60797 0.795542 2.85984
      vertex 8.60797 0.745551 2.84287
      vertex 8.66235 0.736931 2.86368
    endloop
  endfacet
  facet normal -0.381981 -0.408712 0.828882
    outer loop
      vertex 8.60797 0.745551 2.84287
      vertex 8.66235 0.68694 2.83903
      vertex 8.66235 0.736931 2.86368
    endloop
  endfacet
  facet normal 0.130274 -0.438534 0.889222
    outer loop
      vertex 8.83643 0.728161 2.88486
      vertex 8.83643 0.675481 2.85888
      vertex 8.89479 0.731101 2.87776
    endloop
  endfacet
  facet normal 0.13039 -0.318583 0.938884
    outer loop
      vertex 8.83643 0.78378 2.90374
      vertex 8.89479 0.731101 2.87776
      vertex 8.89479 0.785769 2.89631
    endloop
  endfacet
  facet normal 0.865492 0.278321 0.416486
    outer loop
      vertex 9.18116 1.025 2.68651
      vertex 9.19451 1.03812 2.65
      vertex 9.18116 1.05219 2.66834
    endloop
  endfacet
  facet normal 0.865443 0.278437 0.41651
    outer loop
      vertex 9.19451 1.03812 2.65
      vertex 9.18116 1.025 2.68651
      vertex 9.1995 1.02261 2.65
    endloop
  endfacet
  facet normal -0.381952 0.180301 0.906424
    outer loop
      vertex 8.66235 0.955619 2.89247
      vertex 8.60797 1.00446 2.85984
      vertex 8.60797 0.952679 2.87014
    endloop
  endfacet
  facet normal -0.865568 0.0976979 0.491169
    outer loop
      vertex 8.43284 0.964706 2.71149
      vertex 8.40341 0.925978 2.66733
      vertex 8.43284 0.932631 2.71787
    endloop
  endfacet
  facet normal -0.607972 -0.351203 0.712058
    outer loop
      vertex 8.55699 0.756814 2.81568
      vertex 8.51029 0.770527 2.78257
      vertex 8.55699 0.712919 2.79403
    endloop
  endfacet
  facet normal -0.792754 -0.118892 0.597834
    outer loop
      vertex 8.46867 0.861272 2.76417
      vertex 8.43284 0.867367 2.71787
      vertex 8.46867 0.823207 2.7566
    endloop
  endfacet
  facet normal -0.607907 -0.154932 0.778746
    outer loop
      vertex 8.55699 0.851162 2.84096
      vertex 8.51029 0.812434 2.7968
      vertex 8.55699 0.80316 2.83141
    endloop
  endfacet
  facet normal -0.499193 -0.169075 0.849836
    outer loop
      vertex 8.55699 0.851162 2.84096
      vertex 8.55699 0.80316 2.83141
      vertex 8.60797 0.795542 2.85984
    endloop
  endfacet
  facet normal -0.923593 -0.0748058 0.376006
    outer loop
      vertex 8.39776 0.856671 2.65
      vertex 8.40341 0.874021 2.66733
      vertex 8.39617 0.876302 2.65
    endloop
  endfacet
  facet normal -0.923592 -0.0748067 0.376007
    outer loop
      vertex 8.40341 0.874021 2.66733
      vertex 8.39776 0.856671 2.65
      vertex 8.40341 0.848487 2.66225
    endloop
  endfacet
  facet normal -0.865587 -0.221499 0.449107
    outer loop
      vertex 8.4085 0.796076 2.65
      vertex 8.40341 0.823834 2.65388
      vertex 8.40341 0.815967 2.65
    endloop
  endfacet
  facet normal -0.865563 -0.221501 0.449153
    outer loop
      vertex 8.40341 0.823834 2.65388
      vertex 8.4085 0.796076 2.65
      vertex 8.43284 0.774996 2.68651
    endloop
  endfacet
  facet normal -0.792755 0.118891 0.597833
    outer loop
      vertex 8.46867 0.976792 2.7566
      vertex 8.43284 0.932631 2.71787
      vertex 8.46867 0.938727 2.76417
    endloop
  endfacet
  facet normal -0.792718 0.269533 0.546763
    outer loop
      vertex 8.46867 1.04835 2.72696
      vertex 8.43284 0.995673 2.70098
      vertex 8.46867 1.01354 2.74412
    endloop
  endfacet
  facet normal -0.130342 -0.653643 0.745494
    outer loop
      vertex 8.77757 0.626643 2.82624
      vertex 8.71921 0.587915 2.78208
      vertex 8.77757 0.582482 2.78752
    endloop
  endfacet
  facet normal 0 -0.194941 0.980815
    outer loop
      vertex 8.77757 0.841389 2.91519
      vertex 8.83643 0.78378 2.90374
      vertex 8.83643 0.841389 2.91519
    endloop
  endfacet
  facet normal 0 -0.194941 0.980815
    outer loop
      vertex 8.83643 0.78378 2.90374
      vertex 8.77757 0.841389 2.91519
      vertex 8.77757 0.78378 2.90374
    endloop
  endfacet
  facet normal -0.258212 -0.0632612 0.964015
    outer loop
      vertex 8.66235 0.9 2.89612
      vertex 8.66235 0.844379 2.89247
      vertex 8.71921 0.9 2.91135
    endloop
  endfacet
  facet normal -0.258212 0.0632635 0.964015
    outer loop
      vertex 8.71921 0.9 2.91135
      vertex 8.66235 0.955619 2.89247
      vertex 8.66235 0.9 2.89612
    endloop
  endfacet
  facet normal 0 -0.0655461 0.99785
    outer loop
      vertex 8.77757 0.9 2.91904
      vertex 8.83643 0.841389 2.91519
      vertex 8.83643 0.9 2.91904
    endloop
  endfacet
  facet normal 0 -0.0655461 0.99785
    outer loop
      vertex 8.83643 0.841389 2.91519
      vertex 8.77757 0.9 2.91904
      vertex 8.77757 0.841389 2.91519
    endloop
  endfacet
  facet normal 0.130129 0.0649887 0.989365
    outer loop
      vertex 8.83643 0.9 2.91904
      vertex 8.89479 0.957607 2.90758
      vertex 8.83643 0.958611 2.91519
    endloop
  endfacet
  facet normal 0.382019 -0.180231 0.906409
    outer loop
      vertex 8.95165 0.789712 2.8816
      vertex 9.00603 0.795542 2.85984
      vertex 8.95165 0.844379 2.89247
    endloop
  endfacet
  facet normal 0.2582 -0.188409 0.947541
    outer loop
      vertex 8.89479 0.785769 2.89631
      vertex 8.95165 0.789712 2.8816
      vertex 8.95165 0.844379 2.89247
    endloop
  endfacet
  facet normal 0.382055 -0.0605144 0.922156
    outer loop
      vertex 8.95165 0.844379 2.89247
      vertex 9.00603 0.9 2.87359
      vertex 8.95165 0.9 2.89612
    endloop
  endfacet
  facet normal 0.38195 0.0603963 0.922207
    outer loop
      vertex 9.00603 0.9 2.87359
      vertex 9.00603 0.952679 2.87014
      vertex 8.95165 0.955619 2.89247
    endloop
  endfacet
  facet normal -0.382013 -0.694811 0.609347
    outer loop
      vertex 8.60797 0.614616 2.75538
      vertex 8.60797 0.579808 2.71569
      vertex 8.66235 0.598688 2.77131
    endloop
  endfacet
  facet normal -0.382016 -0.609357 0.6948
    outer loop
      vertex 8.60797 0.654307 2.79019
      vertex 8.60797 0.614616 2.75538
      vertex 8.66235 0.598688 2.77131
    endloop
  endfacet
  facet normal -0.258256 -0.803288 0.536686
    outer loop
      vertex 8.66235 0.561937 2.72941
      vertex 8.66235 0.53097 2.68306
      vertex 8.71921 0.54985 2.73868
    endloop
  endfacet
  facet normal -0.258248 -0.726288 0.637036
    outer loop
      vertex 8.66235 0.598688 2.77131
      vertex 8.66235 0.561937 2.72941
      vertex 8.71921 0.54985 2.73868
    endloop
  endfacet
  facet normal -0.499163 -0.651422 0.571389
    outer loop
      vertex 8.55699 0.635427 2.73457
      vertex 8.55699 0.603157 2.69778
      vertex 8.60797 0.614616 2.75538
    endloop
  endfacet
  facet normal -0.607955 -0.523514 0.596928
    outer loop
      vertex 8.51029 0.694038 2.73841
      vertex 8.51029 0.660766 2.70923
      vertex 8.55699 0.635427 2.73457
    endloop
  endfacet
  facet normal -0.706357 -0.46672 0.532196
    outer loop
      vertex 8.46867 0.719377 2.70539
      vertex 8.46867 0.690197 2.6798
      vertex 8.51029 0.660766 2.70923
    endloop
  endfacet
  facet normal -0.792343 -0.402194 0.458729
    outer loop
      vertex 8.43481 0.723007 2.65
      vertex 8.43284 0.747806 2.66834
      vertex 8.43284 0.726888 2.65
    endloop
  endfacet
  facet normal -0.792758 -0.401892 0.458276
    outer loop
      vertex 8.43284 0.747806 2.66834
      vertex 8.43481 0.723007 2.65
      vertex 8.46867 0.719377 2.70539
    endloop
  endfacet
  facet normal -0.258266 -0.866449 0.427275
    outer loop
      vertex 8.66235 0.514667 2.65
      vertex 8.70492 0.501978 2.65
      vertex 8.66235 0.53097 2.68306
    endloop
  endfacet
  facet normal 0.130332 -0.745391 0.653763
    outer loop
      vertex 8.83643 0.582482 2.78752
      vertex 8.89479 0.54985 2.73868
      vertex 8.89479 0.587915 2.78208
    endloop
  endfacet
  facet normal 0.382023 -0.828851 0.408735
    outer loop
      vertex 8.95165 0.53097 2.68306
      vertex 8.95165 0.514667 2.65
      vertex 8.98232 0.528803 2.65
    endloop
  endfacet
  facet normal -0.86556 0.278332 0.416338
    outer loop
      vertex 8.41451 1.02261 2.65
      vertex 8.4085 1.00392 2.65
      vertex 8.43284 1.025 2.68651
    endloop
  endfacet
  facet normal -0.499227 0.777122 0.383214
    outer loop
      vertex 8.60797 1.26027 2.65
      vertex 8.58901 1.24809 2.65
      vertex 8.60797 1.24952 2.6718
    endloop
  endfacet
  facet normal -0.706318 0.138045 0.694304
    outer loop
      vertex 8.51029 0.987565 2.7968
      vertex 8.46867 0.938727 2.76417
      vertex 8.51029 0.94416 2.80543
    endloop
  endfacet
  facet normal -0.499148 0.278543 0.820528
    outer loop
      vertex 8.60797 1.05445 2.84287
      vertex 8.55699 1.04319 2.81568
      vertex 8.60797 1.00446 2.85984
    endloop
  endfacet
  facet normal -0.258254 0.427252 0.866464
    outer loop
      vertex 8.71921 1.12068 2.85222
      vertex 8.66235 1.11306 2.83903
      vertex 8.66235 1.06307 2.86368
    endloop
  endfacet
  facet normal -0.381981 0.408719 0.828878
    outer loop
      vertex 8.66235 1.06307 2.86368
      vertex 8.66235 1.11306 2.83903
      vertex 8.60797 1.05445 2.84287
    endloop
  endfacet
  facet normal -0.381997 0.513482 0.768385
    outer loop
      vertex 8.66235 1.11306 2.83903
      vertex 8.60797 1.14569 2.79019
      vertex 8.60797 1.1018 2.81952
    endloop
  endfacet
  facet normal -0.499215 0.383228 0.777123
    outer loop
      vertex 8.60797 1.1018 2.81952
      vertex 8.55699 1.08708 2.79403
      vertex 8.60797 1.05445 2.84287
    endloop
  endfacet
  facet normal -0.792765 0.338721 0.506746
    outer loop
      vertex 8.46867 1.08062 2.70539
      vertex 8.43284 1.05219 2.66834
      vertex 8.46867 1.04835 2.72696
    endloop
  endfacet
  facet normal -0.70637 0.46674 0.53216
    outer loop
      vertex 8.51029 1.13923 2.70923
      vertex 8.46867 1.08062 2.70539
      vertex 8.51029 1.10596 2.73841
    endloop
  endfacet
  facet normal -0.258232 0.726263 0.63707
    outer loop
      vertex 8.71921 1.21208 2.78208
      vertex 8.71921 1.25015 2.73868
      vertex 8.66235 1.20131 2.77131
    endloop
  endfacet
  facet normal -0.258284 0.726289 0.63702
    outer loop
      vertex 8.71921 1.25015 2.73868
      vertex 8.66235 1.23806 2.72941
      vertex 8.66235 1.20131 2.77131
    endloop
  endfacet
  facet normal -0.792703 0.401941 0.458329
    outer loop
      vertex 8.43633 1.08 2.65
      vertex 8.46867 1.08062 2.70539
      vertex 8.46867 1.1098 2.6798
    endloop
  endfacet
  facet normal -0.793218 0.400562 0.458645
    outer loop
      vertex 8.46867 1.08062 2.70539
      vertex 8.43633 1.08 2.65
      vertex 8.43481 1.07699 2.65
    endloop
  endfacet
  facet normal -0.793909 0.502809 0.341893
    outer loop
      vertex 8.46827 1.13518 2.65
      vertex 8.46789 1.13458 2.65
      vertex 8.46867 1.13539 2.65062
    endloop
  endfacet
  facet normal -0.706349 0.588524 0.393332
    outer loop
      vertex 8.47093 1.13852 2.65
      vertex 8.51029 1.16841 2.67596
      vertex 8.51029 1.18576 2.65
    endloop
  endfacet
  facet normal -0.706395 0.588077 0.393917
    outer loop
      vertex 8.51029 1.16841 2.67596
      vertex 8.47093 1.13852 2.65
      vertex 8.46867 1.13539 2.65062
    endloop
  endfacet
  facet normal -0.70637 0.53216 0.46674
    outer loop
      vertex 8.51029 1.16841 2.67596
      vertex 8.46867 1.13539 2.65062
      vertex 8.51029 1.13923 2.70923
    endloop
  endfacet
  facet normal -0.607984 0.596874 0.523543
    outer loop
      vertex 8.55699 1.19684 2.69778
      vertex 8.51029 1.16841 2.67596
      vertex 8.55699 1.16457 2.73457
    endloop
  endfacet
  facet normal -0.607963 0.596908 0.523528
    outer loop
      vertex 8.55699 1.16457 2.73457
      vertex 8.51029 1.16841 2.67596
      vertex 8.51029 1.13923 2.70923
    endloop
  endfacet
  facet normal 0.130322 0.824399 0.550802
    outer loop
      vertex 8.89479 1.25015 2.73868
      vertex 8.89479 1.28222 2.69068
      vertex 8.83643 1.28888 2.69452
    endloop
  endfacet
  facet normal 0.13033 0.88927 0.438422
    outer loop
      vertex 8.84618 1.3094 2.65
      vertex 8.83643 1.28888 2.69452
      vertex 8.89479 1.28222 2.69068
    endloop
  endfacet
  facet normal 0.130423 0.88925 0.438433
    outer loop
      vertex 8.83643 1.28888 2.69452
      vertex 8.84618 1.3094 2.65
      vertex 8.83643 1.31083 2.65
    endloop
  endfacet
  facet normal -0 0.659276 0.751901
    outer loop
      vertex 8.77757 1.21752 2.78752
      vertex 8.83643 1.17336 2.82624
      vertex 8.83643 1.21752 2.78752
    endloop
  endfacet
  facet normal 0 0.659276 0.751901
    outer loop
      vertex 8.83643 1.17336 2.82624
      vertex 8.77757 1.21752 2.78752
      vertex 8.77757 1.17336 2.82624
    endloop
  endfacet
  facet normal 0.258315 0.866443 0.427258
    outer loop
      vertex 8.89479 1.28222 2.69068
      vertex 8.93494 1.29031 2.65
      vertex 8.89479 1.30228 2.65
    endloop
  endfacet
  facet normal 0.258235 0.866488 0.427216
    outer loop
      vertex 8.93494 1.29031 2.65
      vertex 8.95165 1.26903 2.68306
      vertex 8.95165 1.28533 2.65
    endloop
  endfacet
  facet normal 0.258253 0.866487 0.427206
    outer loop
      vertex 8.95165 1.26903 2.68306
      vertex 8.93494 1.29031 2.65
      vertex 8.89479 1.28222 2.69068
    endloop
  endfacet
  facet normal 0.130321 0.550904 0.824331
    outer loop
      vertex 8.89479 1.12068 2.85222
      vertex 8.83643 1.17336 2.82624
      vertex 8.83643 1.12452 2.85888
    endloop
  endfacet
  facet normal 0.258357 0.427339 0.866391
    outer loop
      vertex 8.95165 1.06307 2.86368
      vertex 8.89479 1.12068 2.85222
      vertex 8.89479 1.0689 2.87776
    endloop
  endfacet
  facet normal 0.130276 0.318693 0.938863
    outer loop
      vertex 8.83643 1.01622 2.90374
      vertex 8.89479 1.0689 2.87776
      vertex 8.83643 1.07184 2.88486
    endloop
  endfacet
  facet normal 0.130396 0.318572 0.938887
    outer loop
      vertex 8.89479 1.01423 2.89631
      vertex 8.89479 1.0689 2.87776
      vertex 8.83643 1.01622 2.90374
    endloop
  endfacet
  facet normal 0.607941 0.71216 0.35105
    outer loop
      vertex 9.05701 1.22403 2.65708
      vertex 9.07546 1.21177 2.65
      vertex 9.05701 1.22752 2.65
    endloop
  endfacet
  facet normal 0.60784 0.660188 0.441227
    outer loop
      vertex 9.07546 1.21177 2.65
      vertex 9.10371 1.16841 2.67596
      vertex 9.10371 1.18576 2.65
    endloop
  endfacet
  facet normal 0.607951 0.660178 0.44109
    outer loop
      vertex 9.10371 1.16841 2.67596
      vertex 9.07546 1.21177 2.65
      vertex 9.05701 1.22403 2.65708
    endloop
  endfacet
  facet normal 0.382044 0.768368 0.513471
    outer loop
      vertex 9.00603 1.22019 2.71569
      vertex 9.00603 1.24952 2.6718
      vertex 8.95165 1.23806 2.72941
    endloop
  endfacet
  facet normal 0.499219 0.720421 0.48143
    outer loop
      vertex 9.00603 1.22019 2.71569
      vertex 9.05701 1.22403 2.65708
      vertex 9.00603 1.24952 2.6718
    endloop
  endfacet
  facet normal -0.923636 -0.0249001 0.382462
    outer loop
      vertex 8.396 0.882566 2.65
      vertex 8.40341 0.9 2.66903
      vertex 8.39553 0.9 2.65
    endloop
  endfacet
  facet normal -0.923589 -0.0250342 0.382566
    outer loop
      vertex 8.40341 0.9 2.66903
      vertex 8.396 0.882566 2.65
      vertex 8.40341 0.874021 2.66733
    endloop
  endfacet
  facet normal -0.794294 -0.459758 0.397138
    outer loop
      vertex 8.46286 0.674109 2.65
      vertex 8.46789 0.665419 2.65
      vertex 8.46867 0.664607 2.65062
    endloop
  endfacet
  facet normal 0 -0.751842 0.659343
    outer loop
      vertex 8.77757 0.543755 2.74336
      vertex 8.83643 0.582482 2.78752
      vertex 8.77757 0.582482 2.78752
    endloop
  endfacet
  facet normal 0 -0.751842 0.659343
    outer loop
      vertex 8.83643 0.582482 2.78752
      vertex 8.77757 0.543755 2.74336
      vertex 8.83643 0.543755 2.74336
    endloop
  endfacet
  facet normal 0.258267 -0.726298 0.637016
    outer loop
      vertex 8.89479 0.587915 2.78208
      vertex 8.89479 0.54985 2.73868
      vertex 8.95165 0.598688 2.77131
    endloop
  endfacet
  facet normal 0.499111 -0.651491 0.571356
    outer loop
      vertex 9.00603 0.579808 2.71569
      vertex 9.05701 0.603157 2.69778
      vertex 9.00603 0.614616 2.75538
    endloop
  endfacet
  facet normal -0.258233 -0.427248 0.866473
    outer loop
      vertex 8.66235 0.736931 2.86368
      vertex 8.66235 0.68694 2.83903
      vertex 8.71921 0.679323 2.85222
    endloop
  endfacet
  facet normal -0.381979 -0.609335 0.694841
    outer loop
      vertex 8.60797 0.654307 2.79019
      vertex 8.66235 0.598688 2.77131
      vertex 8.66235 0.640595 2.80806
    endloop
  endfacet
  facet normal 0.706365 -0.393285 0.588536
    outer loop
      vertex 9.10371 0.694038 2.73841
      vertex 9.14533 0.719377 2.70539
      vertex 9.10371 0.730836 2.763
    endloop
  endfacet
  facet normal 0.60794 -0.441143 0.660153
    outer loop
      vertex 9.05701 0.672225 2.76684
      vertex 9.10371 0.694038 2.73841
      vertex 9.10371 0.730836 2.763
    endloop
  endfacet
  facet normal 0.499118 -0.720529 0.481373
    outer loop
      vertex 9.00603 0.579808 2.71569
      vertex 9.05701 0.575966 2.65708
      vertex 9.05701 0.603157 2.69778
    endloop
  endfacet
  facet normal 0.705819 -0.588247 0.394695
    outer loop
      vertex 9.14533 0.664607 2.65062
      vertex 9.12246 0.63675 2.65
      vertex 9.14533 0.664191 2.65
    endloop
  endfacet
  facet normal 0.706369 -0.588663 0.393088
    outer loop
      vertex 9.12246 0.63675 2.65
      vertex 9.14533 0.664607 2.65062
      vertex 9.10371 0.631586 2.67596
    endloop
  endfacet
  facet normal 0.607977 -0.5969 0.523521
    outer loop
      vertex 9.05701 0.603157 2.69778
      vertex 9.10371 0.631586 2.67596
      vertex 9.10371 0.660766 2.70923
    endloop
  endfacet
  facet normal 0.794294 -0.459758 0.397138
    outer loop
      vertex 9.14533 0.664607 2.65062
      vertex 9.14611 0.665419 2.65
      vertex 9.15114 0.674109 2.65
    endloop
  endfacet
  facet normal 0.607963 0.596908 0.523528
    outer loop
      vertex 9.10371 1.13923 2.70923
      vertex 9.10371 1.16841 2.67596
      vertex 9.05701 1.16457 2.73457
    endloop
  endfacet
  facet normal 0.607984 0.596874 0.523543
    outer loop
      vertex 9.05701 1.16457 2.73457
      vertex 9.10371 1.16841 2.67596
      vertex 9.05701 1.19684 2.69778
    endloop
  endfacet
  facet normal 0.258232 0.726263 0.63707
    outer loop
      vertex 8.95165 1.20131 2.77131
      vertex 8.89479 1.25015 2.73868
      vertex 8.89479 1.21208 2.78208
    endloop
  endfacet
  facet normal 0.258384 0.536675 0.803255
    outer loop
      vertex 8.89479 1.12068 2.85222
      vertex 8.95165 1.1594 2.80806
      vertex 8.89479 1.16868 2.82015
    endloop
  endfacet
  facet normal 0.865568 0.0976979 0.491169
    outer loop
      vertex 9.18116 0.932631 2.71787
      vertex 9.21059 0.925978 2.66733
      vertex 9.18116 0.964706 2.71149
    endloop
  endfacet
  facet normal 0.607909 0.154928 0.778745
    outer loop
      vertex 9.05701 0.948837 2.84096
      vertex 9.10371 0.987565 2.7968
      vertex 9.05701 0.99684 2.83141
    endloop
  endfacet
  facet normal 0.706316 0.0463295 0.706379
    outer loop
      vertex 9.14533 0.9 2.76671
      vertex 9.14533 0.938727 2.76417
      vertex 9.10371 0.94416 2.80543
    endloop
  endfacet
  facet normal 0.865585 0.0327705 0.499689
    outer loop
      vertex 9.18116 0.9 2.72001
      vertex 9.21059 0.9 2.66903
      vertex 9.18116 0.932631 2.71787
    endloop
  endfacet
  facet normal 0.792723 -0.269702 0.546672
    outer loop
      vertex 9.14533 0.786455 2.74412
      vertex 9.18116 0.774996 2.68651
      vertex 9.18116 0.804326 2.70098
    endloop
  endfacet
  facet normal 0.382019 -0.297108 0.875093
    outer loop
      vertex 8.95165 0.736931 2.86368
      vertex 9.00603 0.795542 2.85984
      vertex 8.95165 0.789712 2.8816
    endloop
  endfacet
  facet normal 0.499155 0.056656 0.864659
    outer loop
      vertex 9.05701 0.9 2.84416
      vertex 9.05701 0.948837 2.84096
      vertex 9.00603 0.9 2.87359
    endloop
  endfacet
  facet normal 0.607906 -0.351132 0.712149
    outer loop
      vertex 9.05701 0.712919 2.79403
      vertex 9.10371 0.730836 2.763
      vertex 9.10371 0.770527 2.78257
    endloop
  endfacet
  facet normal 0.792754 -0.118892 0.597834
    outer loop
      vertex 9.14533 0.823207 2.7566
      vertex 9.18116 0.867367 2.71787
      vertex 9.14533 0.861272 2.76417
    endloop
  endfacet
  facet normal 0.499163 -0.651422 0.571389
    outer loop
      vertex 9.00603 0.614616 2.75538
      vertex 9.05701 0.603157 2.69778
      vertex 9.05701 0.635427 2.73457
    endloop
  endfacet
  facet normal 0.499188 -0.571309 0.651473
    outer loop
      vertex 9.00603 0.654307 2.79019
      vertex 9.05701 0.635427 2.73457
      vertex 9.05701 0.672225 2.76684
    endloop
  endfacet
  facet normal -0.130339 -0.550918 0.824318
    outer loop
      vertex 8.71921 0.679323 2.85222
      vertex 8.77757 0.626643 2.82624
      vertex 8.77757 0.675481 2.85888
    endloop
  endfacet
  facet normal -0.258372 -0.188582 0.94746
    outer loop
      vertex 8.71921 0.842391 2.90758
      vertex 8.66235 0.844379 2.89247
      vertex 8.71921 0.785769 2.89631
    endloop
  endfacet
  facet normal -0.258357 -0.427352 0.866384
    outer loop
      vertex 8.66235 0.736931 2.86368
      vertex 8.71921 0.679323 2.85222
      vertex 8.71921 0.731101 2.87776
    endloop
  endfacet
  facet normal -0.258203 -0.31059 0.914803
    outer loop
      vertex 8.66235 0.789712 2.8816
      vertex 8.66235 0.736931 2.86368
      vertex 8.71921 0.785769 2.89631
    endloop
  endfacet
  facet normal 0.130394 -0.193543 0.972388
    outer loop
      vertex 8.83643 0.78378 2.90374
      vertex 8.89479 0.785769 2.89631
      vertex 8.89479 0.842391 2.90758
    endloop
  endfacet
  facet normal 0.130276 -0.318698 0.938861
    outer loop
      vertex 8.83643 0.728161 2.88486
      vertex 8.89479 0.731101 2.87776
      vertex 8.83643 0.78378 2.90374
    endloop
  endfacet
  facet normal 0 -0.321438 0.946931
    outer loop
      vertex 8.77757 0.78378 2.90374
      vertex 8.83643 0.728161 2.88486
      vertex 8.83643 0.78378 2.90374
    endloop
  endfacet
  facet normal 0 -0.321438 0.946931
    outer loop
      vertex 8.83643 0.728161 2.88486
      vertex 8.77757 0.78378 2.90374
      vertex 8.77757 0.728161 2.88486
    endloop
  endfacet
  facet normal 0.865575 0.277873 0.416613
    outer loop
      vertex 9.18116 1.025 2.68651
      vertex 9.2055 1.00392 2.65
      vertex 9.1995 1.02261 2.65
    endloop
  endfacet
  facet normal 0.70637 0.46674 0.53216
    outer loop
      vertex 9.10371 1.10596 2.73841
      vertex 9.14533 1.08062 2.70539
      vertex 9.10371 1.13923 2.70923
    endloop
  endfacet
  facet normal 0.865491 0.330217 0.376671
    outer loop
      vertex 9.18116 1.05219 2.66834
      vertex 9.19451 1.03812 2.65
      vertex 9.18116 1.07311 2.65
    endloop
  endfacet
  facet normal 0.792557 0.458471 0.402066
    outer loop
      vertex 9.14533 1.1098 2.6798
      vertex 9.15114 1.12589 2.65
      vertex 9.14533 1.13539 2.65062
    endloop
  endfacet
  facet normal 0.792706 0.45828 0.401992
    outer loop
      vertex 9.15114 1.12589 2.65
      vertex 9.14533 1.1098 2.6798
      vertex 9.17767 1.08 2.65
    endloop
  endfacet
  facet normal 0.706351 0.466724 0.5322
    outer loop
      vertex 9.14533 1.08062 2.70539
      vertex 9.14533 1.1098 2.6798
      vertex 9.10371 1.13923 2.70923
    endloop
  endfacet
  facet normal -0.706316 0.0463295 0.706379
    outer loop
      vertex 8.51029 0.94416 2.80543
      vertex 8.46867 0.938727 2.76417
      vertex 8.46867 0.9 2.76671
    endloop
  endfacet
  facet normal -0.706346 0.0463859 0.706346
    outer loop
      vertex 8.51029 0.94416 2.80543
      vertex 8.46867 0.9 2.76671
      vertex 8.51029 0.9 2.80833
    endloop
  endfacet
  facet normal -0.792761 -0.19599 0.577164
    outer loop
      vertex 8.46867 0.823207 2.7566
      vertex 8.43284 0.835293 2.71149
      vertex 8.46867 0.786455 2.74412
    endloop
  endfacet
  facet normal -0.792764 -0.118915 0.597817
    outer loop
      vertex 8.43284 0.867367 2.71787
      vertex 8.43284 0.835293 2.71149
      vertex 8.46867 0.823207 2.7566
    endloop
  endfacet
  facet normal -0.607978 -0.25528 0.751794
    outer loop
      vertex 8.51029 0.812434 2.7968
      vertex 8.51029 0.770527 2.78257
      vertex 8.55699 0.756814 2.81568
    endloop
  endfacet
  facet normal -0.792785 -0.338706 0.506725
    outer loop
      vertex 8.46867 0.751647 2.72696
      vertex 8.43284 0.774996 2.68651
      vertex 8.46867 0.719377 2.70539
    endloop
  endfacet
  facet normal -0.499155 -0.0566548 0.864659
    outer loop
      vertex 8.55699 0.9 2.84416
      vertex 8.55699 0.851162 2.84096
      vertex 8.60797 0.9 2.87359
    endloop
  endfacet
  facet normal -0.499178 0.169048 0.84985
    outer loop
      vertex 8.60797 1.00446 2.85984
      vertex 8.55699 0.948837 2.84096
      vertex 8.60797 0.952679 2.87014
    endloop
  endfacet
  facet normal -0.865572 0.160997 0.4742
    outer loop
      vertex 8.43284 0.964706 2.71149
      vertex 8.40341 0.976165 2.65388
      vertex 8.40341 0.951512 2.66225
    endloop
  endfacet
  facet normal -0.792723 -0.269702 0.546672
    outer loop
      vertex 8.43284 0.804326 2.70098
      vertex 8.43284 0.774996 2.68651
      vertex 8.46867 0.786455 2.74412
    endloop
  endfacet
  facet normal -0.865583 -0.221557 0.449086
    outer loop
      vertex 8.43284 0.804326 2.70098
      vertex 8.40341 0.823834 2.65388
      vertex 8.43284 0.774996 2.68651
    endloop
  endfacet
  facet normal -0.923527 -0.123314 0.36317
    outer loop
      vertex 8.40167 0.825441 2.65
      vertex 8.40341 0.848487 2.66225
      vertex 8.3987 0.847684 2.65
    endloop
  endfacet
  facet normal -0.923554 -0.123281 0.363111
    outer loop
      vertex 8.40341 0.848487 2.66225
      vertex 8.40167 0.825441 2.65
      vertex 8.40341 0.823834 2.65388
    endloop
  endfacet
  facet normal -0.923553 -0.16962 0.343918
    outer loop
      vertex 8.40167 0.825441 2.65
      vertex 8.40341 0.815967 2.65
      vertex 8.40341 0.823834 2.65388
    endloop
  endfacet
  facet normal -0.865567 0.032702 0.499724
    outer loop
      vertex 8.43284 0.932631 2.71787
      vertex 8.40341 0.925978 2.66733
      vertex 8.40341 0.9 2.66903
    endloop
  endfacet
  facet normal -0.792756 0.039889 0.608232
    outer loop
      vertex 8.46867 0.9 2.76671
      vertex 8.43284 0.932631 2.71787
      vertex 8.43284 0.9 2.72001
    endloop
  endfacet
  facet normal -0.792755 0.0398924 0.608234
    outer loop
      vertex 8.46867 0.938727 2.76417
      vertex 8.43284 0.932631 2.71787
      vertex 8.46867 0.9 2.76671
    endloop
  endfacet
  facet normal 0.130127 -0.193283 0.972476
    outer loop
      vertex 8.83643 0.841389 2.91519
      vertex 8.83643 0.78378 2.90374
      vertex 8.89479 0.842391 2.90758
    endloop
  endfacet
  facet normal 0.130127 -0.0649888 0.989365
    outer loop
      vertex 8.83643 0.841389 2.91519
      vertex 8.89479 0.842391 2.90758
      vertex 8.83643 0.9 2.91904
    endloop
  endfacet
  facet normal 0.258375 0.0630863 0.963983
    outer loop
      vertex 8.89479 0.9 2.91135
      vertex 8.95165 0.955619 2.89247
      vertex 8.89479 0.957607 2.90758
    endloop
  endfacet
  facet normal 0.258372 0.188579 0.947461
    outer loop
      vertex 8.89479 0.957607 2.90758
      vertex 8.95165 0.955619 2.89247
      vertex 8.89479 1.01423 2.89631
    endloop
  endfacet
  facet normal 0.38198 -0.29707 0.875123
    outer loop
      vertex 8.95165 0.736931 2.86368
      vertex 9.00603 0.745551 2.84287
      vertex 9.00603 0.795542 2.85984
    endloop
  endfacet
  facet normal 0.706334 -0.227605 0.67029
    outer loop
      vertex 9.10371 0.770527 2.78257
      vertex 9.14533 0.823207 2.7566
      vertex 9.10371 0.812434 2.7968
    endloop
  endfacet
  facet normal -0.499182 -0.777297 0.382919
    outer loop
      vertex 8.56806 0.565369 2.65
      vertex 8.60797 0.550478 2.6718
      vertex 8.55699 0.575966 2.65708
    endloop
  endfacet
  facet normal -0.499258 -0.777121 0.383178
    outer loop
      vertex 8.60797 0.550478 2.6718
      vertex 8.56806 0.565369 2.65
      vertex 8.60797 0.539729 2.65
    endloop
  endfacet
  facet normal -0.381968 -0.828891 0.408704
    outer loop
      vertex 8.63168 0.528803 2.65
      vertex 8.60797 0.550478 2.6718
      vertex 8.60797 0.539729 2.65
    endloop
  endfacet
  facet normal -0.381977 -0.828892 0.408695
    outer loop
      vertex 8.60797 0.550478 2.6718
      vertex 8.63168 0.528803 2.65
      vertex 8.66235 0.53097 2.68306
    endloop
  endfacet
  facet normal -0.130224 -0.824404 0.550818
    outer loop
      vertex 8.77757 0.543755 2.74336
      vertex 8.71921 0.517776 2.69068
      vertex 8.77757 0.511123 2.69452
    endloop
  endfacet
  facet normal -0.130275 -0.745435 0.653724
    outer loop
      vertex 8.77757 0.582482 2.78752
      vertex 8.71921 0.54985 2.73868
      vertex 8.77757 0.543755 2.74336
    endloop
  endfacet
  facet normal -0.498874 -0.777274 0.383367
    outer loop
      vertex 8.55699 0.572474 2.65
      vertex 8.56806 0.565369 2.65
      vertex 8.55699 0.575966 2.65708
    endloop
  endfacet
  facet normal -0.79428 -0.50451 0.33851
    outer loop
      vertex 8.46789 0.665419 2.65
      vertex 8.46867 0.664191 2.65
      vertex 8.46867 0.664607 2.65062
    endloop
  endfacet
  facet normal -0.705819 -0.588247 0.394695
    outer loop
      vertex 8.49154 0.63675 2.65
      vertex 8.46867 0.664607 2.65062
      vertex 8.46867 0.664191 2.65
    endloop
  endfacet
  facet normal -0.706369 -0.588663 0.393088
    outer loop
      vertex 8.46867 0.664607 2.65062
      vertex 8.49154 0.63675 2.65
      vertex 8.51029 0.631586 2.67596
    endloop
  endfacet
  facet normal -0.608077 -0.71186 0.351422
    outer loop
      vertex 8.53854 0.588231 2.65
      vertex 8.55125 0.577374 2.65
      vertex 8.55699 0.575966 2.65708
    endloop
  endfacet
  facet normal -0.607853 -0.660227 0.441152
    outer loop
      vertex 8.53854 0.588231 2.65
      vertex 8.51029 0.631586 2.67596
      vertex 8.51029 0.61424 2.65
    endloop
  endfacet
  facet normal -0.60807 -0.660207 0.440883
    outer loop
      vertex 8.51029 0.631586 2.67596
      vertex 8.53854 0.588231 2.65
      vertex 8.55699 0.575966 2.65708
    endloop
  endfacet
  facet normal -0.607898 -0.712109 0.351227
    outer loop
      vertex 8.55125 0.577374 2.65
      vertex 8.55699 0.572474 2.65
      vertex 8.55699 0.575966 2.65708
    endloop
  endfacet
  facet normal 0.130224 -0.824404 0.550818
    outer loop
      vertex 8.83643 0.511123 2.69452
      vertex 8.89479 0.517776 2.69068
      vertex 8.83643 0.543755 2.74336
    endloop
  endfacet
  facet normal 0.130226 -0.889246 0.4385
    outer loop
      vertex 8.88314 0.49601 2.65
      vertex 8.89479 0.517776 2.69068
      vertex 8.83643 0.511123 2.69452
    endloop
  endfacet
  facet normal 0.130295 -0.889246 0.43848
    outer loop
      vertex 8.89479 0.517776 2.69068
      vertex 8.88314 0.49601 2.65
      vertex 8.89479 0.497717 2.65
    endloop
  endfacet
  facet normal 0.130275 -0.745435 0.653724
    outer loop
      vertex 8.83643 0.543755 2.74336
      vertex 8.89479 0.54985 2.73868
      vertex 8.83643 0.582482 2.78752
    endloop
  endfacet
  facet normal 0.13027 -0.824373 0.550853
    outer loop
      vertex 8.83643 0.543755 2.74336
      vertex 8.89479 0.517776 2.69068
      vertex 8.89479 0.54985 2.73868
    endloop
  endfacet
  facet normal -0.130423 0.88925 0.438433
    outer loop
      vertex 8.76782 1.3094 2.65
      vertex 8.77757 1.28888 2.69452
      vertex 8.77757 1.31083 2.65
    endloop
  endfacet
  facet normal -0.13033 0.88927 0.438422
    outer loop
      vertex 8.77757 1.28888 2.69452
      vertex 8.76782 1.3094 2.65
      vertex 8.71921 1.28222 2.69068
    endloop
  endfacet
  facet normal -0.382044 0.768368 0.513471
    outer loop
      vertex 8.66235 1.23806 2.72941
      vertex 8.60797 1.24952 2.6718
      vertex 8.60797 1.22019 2.71569
    endloop
  endfacet
  facet normal -0.499219 0.720421 0.48143
    outer loop
      vertex 8.60797 1.24952 2.6718
      vertex 8.55699 1.22403 2.65708
      vertex 8.60797 1.22019 2.71569
    endloop
  endfacet
  facet normal -0.499202 0.278464 0.820521
    outer loop
      vertex 8.60797 1.00446 2.85984
      vertex 8.55699 1.04319 2.81568
      vertex 8.55699 0.99684 2.83141
    endloop
  endfacet
  facet normal -0.607911 0.255171 0.751885
    outer loop
      vertex 8.55699 1.04319 2.81568
      vertex 8.51029 0.987565 2.7968
      vertex 8.55699 0.99684 2.83141
    endloop
  endfacet
  facet normal -0.382019 0.297113 0.875092
    outer loop
      vertex 8.66235 1.06307 2.86368
      vertex 8.60797 1.00446 2.85984
      vertex 8.66235 1.01029 2.8816
    endloop
  endfacet
  facet normal -0.382019 0.180218 0.906412
    outer loop
      vertex 8.66235 1.01029 2.8816
      vertex 8.60797 1.00446 2.85984
      vertex 8.66235 0.955619 2.89247
    endloop
  endfacet
  facet normal -0.38196 0.609315 0.694868
    outer loop
      vertex 8.66235 1.1594 2.80806
      vertex 8.66235 1.20131 2.77131
      vertex 8.60797 1.14569 2.79019
    endloop
  endfacet
  facet normal -0.382035 0.609361 0.694787
    outer loop
      vertex 8.66235 1.20131 2.77131
      vertex 8.60797 1.18538 2.75538
      vertex 8.60797 1.14569 2.79019
    endloop
  endfacet
  facet normal -0.792557 0.458471 0.402066
    outer loop
      vertex 8.46286 1.12589 2.65
      vertex 8.46867 1.1098 2.6798
      vertex 8.46867 1.13539 2.65062
    endloop
  endfacet
  facet normal -0.792706 0.45828 0.401992
    outer loop
      vertex 8.46867 1.1098 2.6798
      vertex 8.46286 1.12589 2.65
      vertex 8.43633 1.08 2.65
    endloop
  endfacet
  facet normal -0.706351 0.466724 0.5322
    outer loop
      vertex 8.51029 1.13923 2.70923
      vertex 8.46867 1.1098 2.6798
      vertex 8.46867 1.08062 2.70539
    endloop
  endfacet
  facet normal -0.706348 0.312987 0.634911
    outer loop
      vertex 8.51029 1.02947 2.78257
      vertex 8.46867 1.04835 2.72696
      vertex 8.46867 1.01354 2.74412
    endloop
  endfacet
  facet normal -0.607916 0.523496 0.596984
    outer loop
      vertex 8.55699 1.12777 2.76684
      vertex 8.55699 1.16457 2.73457
      vertex 8.51029 1.10596 2.73841
    endloop
  endfacet
  facet normal -0.607963 0.523528 0.596908
    outer loop
      vertex 8.55699 1.16457 2.73457
      vertex 8.51029 1.13923 2.70923
      vertex 8.51029 1.10596 2.73841
    endloop
  endfacet
  facet normal -0.865589 0.222308 0.448704
    outer loop
      vertex 8.40724 0.999014 2.65
      vertex 8.43284 1.025 2.68651
      vertex 8.4085 1.00392 2.65
    endloop
  endfacet
  facet normal -0.865532 0.221615 0.449157
    outer loop
      vertex 8.43284 1.025 2.68651
      vertex 8.40724 0.999014 2.65
      vertex 8.43284 0.995673 2.70098
    endloop
  endfacet
  facet normal -0.793522 0.503823 0.3413
    outer loop
      vertex 8.46867 1.13581 2.65
      vertex 8.46827 1.13518 2.65
      vertex 8.46867 1.13539 2.65062
    endloop
  endfacet
  facet normal 0.130201 0.824344 0.550913
    outer loop
      vertex 8.89479 1.25015 2.73868
      vertex 8.83643 1.28888 2.69452
      vertex 8.83643 1.25624 2.74336
    endloop
  endfacet
  facet normal 0.130332 0.438584 0.889189
    outer loop
      vertex 8.89479 1.0689 2.87776
      vertex 8.89479 1.12068 2.85222
      vertex 8.83643 1.12452 2.85888
    endloop
  endfacet
  facet normal 0.25836 0.310407 0.914821
    outer loop
      vertex 8.89479 1.01423 2.89631
      vertex 8.95165 1.06307 2.86368
      vertex 8.89479 1.0689 2.87776
    endloop
  endfacet
  facet normal 0.381981 0.408719 0.828878
    outer loop
      vertex 9.00603 1.05445 2.84287
      vertex 8.95165 1.11306 2.83903
      vertex 8.95165 1.06307 2.86368
    endloop
  endfacet
  facet normal 0.25823 0.636943 0.726375
    outer loop
      vertex 8.95165 1.1594 2.80806
      vertex 8.95165 1.20131 2.77131
      vertex 8.89479 1.21208 2.78208
    endloop
  endfacet
  facet normal 0.499152 0.651457 0.571359
    outer loop
      vertex 9.05701 1.16457 2.73457
      vertex 9.00603 1.22019 2.71569
      vertex 9.00603 1.18538 2.75538
    endloop
  endfacet
  facet normal 0.499118 0.651442 0.571406
    outer loop
      vertex 9.05701 1.16457 2.73457
      vertex 9.05701 1.19684 2.69778
      vertex 9.00603 1.22019 2.71569
    endloop
  endfacet
  facet normal -0.865651 -0.277982 0.416384
    outer loop
      vertex 8.41949 0.761881 2.65
      vertex 8.43284 0.774996 2.68651
      vertex 8.41451 0.777389 2.65
    endloop
  endfacet
  facet normal -0.865519 -0.278296 0.416448
    outer loop
      vertex 8.43284 0.774996 2.68651
      vertex 8.41949 0.761881 2.65
      vertex 8.43284 0.747806 2.66834
    endloop
  endfacet
  facet normal -0.865559 -0.278376 0.416312
    outer loop
      vertex 8.4085 0.796076 2.65
      vertex 8.41451 0.777389 2.65
      vertex 8.43284 0.774996 2.68651
    endloop
  endfacet
  facet normal 0.13019 -0.653773 0.745407
    outer loop
      vertex 8.83643 0.626643 2.82624
      vertex 8.89479 0.587915 2.78208
      vertex 8.89479 0.631321 2.82015
    endloop
  endfacet
  facet normal 0.130181 -0.550796 0.824425
    outer loop
      vertex 8.83643 0.626643 2.82624
      vertex 8.89479 0.631321 2.82015
      vertex 8.89479 0.679323 2.85222
    endloop
  endfacet
  facet normal 0.607898 -0.712109 0.351227
    outer loop
      vertex 9.05701 0.575966 2.65708
      vertex 9.05701 0.572474 2.65
      vertex 9.06275 0.577374 2.65
    endloop
  endfacet
  facet normal 0.60797 -0.660183 0.441057
    outer loop
      vertex 9.05701 0.603157 2.69778
      vertex 9.05701 0.575966 2.65708
      vertex 9.10371 0.631586 2.67596
    endloop
  endfacet
  facet normal 0.60807 -0.660207 0.440883
    outer loop
      vertex 9.07546 0.588231 2.65
      vertex 9.10371 0.631586 2.67596
      vertex 9.05701 0.575966 2.65708
    endloop
  endfacet
  facet normal 0.607853 -0.660227 0.441152
    outer loop
      vertex 9.10371 0.631586 2.67596
      vertex 9.07546 0.588231 2.65
      vertex 9.10371 0.61424 2.65
    endloop
  endfacet
  facet normal 0.792715 -0.458286 0.401966
    outer loop
      vertex 9.14533 0.690197 2.6798
      vertex 9.15114 0.674109 2.65
      vertex 9.17767 0.719999 2.65
    endloop
  endfacet
  facet normal 0.792616 -0.458414 0.402016
    outer loop
      vertex 9.15114 0.674109 2.65
      vertex 9.14533 0.690197 2.6798
      vertex 9.14533 0.664607 2.65062
    endloop
  endfacet
  facet normal 0.79314 -0.400789 0.458582
    outer loop
      vertex 9.14533 0.719377 2.70539
      vertex 9.17767 0.719999 2.65
      vertex 9.17919 0.723007 2.65
    endloop
  endfacet
  facet normal 0.792713 -0.401933 0.45832
    outer loop
      vertex 9.17767 0.719999 2.65
      vertex 9.14533 0.719377 2.70539
      vertex 9.14533 0.690197 2.6798
    endloop
  endfacet
  facet normal 0.923594 -0.0250656 0.382553
    outer loop
      vertex 9.21059 0.874021 2.66733
      vertex 9.21783 0.876302 2.65
      vertex 9.218 0.882566 2.65
    endloop
  endfacet
  facet normal 0.499206 0.571285 0.651481
    outer loop
      vertex 9.05701 1.12777 2.76684
      vertex 9.05701 1.16457 2.73457
      vertex 9.00603 1.14569 2.79019
    endloop
  endfacet
  facet normal 0.499201 0.481416 0.720442
    outer loop
      vertex 9.05701 1.08708 2.79403
      vertex 9.05701 1.12777 2.76684
      vertex 9.00603 1.14569 2.79019
    endloop
  endfacet
  facet normal 0.706351 0.5322 0.466724
    outer loop
      vertex 9.14533 1.1098 2.6798
      vertex 9.14533 1.13539 2.65062
      vertex 9.10371 1.13923 2.70923
    endloop
  endfacet
  facet normal 0.70637 0.53216 0.46674
    outer loop
      vertex 9.10371 1.13923 2.70923
      vertex 9.14533 1.13539 2.65062
      vertex 9.10371 1.16841 2.67596
    endloop
  endfacet
  facet normal 0.13042 0.74534 0.653804
    outer loop
      vertex 8.89479 1.21208 2.78208
      vertex 8.89479 1.25015 2.73868
      vertex 8.83643 1.21752 2.78752
    endloop
  endfacet
  facet normal 0.130419 0.653645 0.745479
    outer loop
      vertex 8.83643 1.17336 2.82624
      vertex 8.89479 1.21208 2.78208
      vertex 8.83643 1.21752 2.78752
    endloop
  endfacet
  facet normal 0.706318 0.138045 0.694304
    outer loop
      vertex 9.10371 0.94416 2.80543
      vertex 9.14533 0.938727 2.76417
      vertex 9.10371 0.987565 2.7968
    endloop
  endfacet
  facet normal 0.607967 0.154829 0.77872
    outer loop
      vertex 9.10371 0.94416 2.80543
      vertex 9.10371 0.987565 2.7968
      vertex 9.05701 0.948837 2.84096
    endloop
  endfacet
  facet normal 0.79276 0.196009 0.577159
    outer loop
      vertex 9.14533 0.976792 2.7566
      vertex 9.18116 0.964706 2.71149
      vertex 9.14533 1.01354 2.74412
    endloop
  endfacet
  facet normal 0.792798 0.269681 0.546574
    outer loop
      vertex 9.18116 0.995673 2.70098
      vertex 9.18116 1.025 2.68651
      vertex 9.14533 1.04835 2.72696
    endloop
  endfacet
  facet normal 0.499202 0.278464 0.820521
    outer loop
      vertex 9.05701 0.99684 2.83141
      vertex 9.05701 1.04319 2.81568
      vertex 9.00603 1.00446 2.85984
    endloop
  endfacet
  facet normal 0.499197 0.169071 0.849833
    outer loop
      vertex 9.05701 0.948837 2.84096
      vertex 9.05701 0.99684 2.83141
      vertex 9.00603 1.00446 2.85984
    endloop
  endfacet
  facet normal 0.923452 -0.0254249 0.382871
    outer loop
      vertex 9.21059 0.9 2.66903
      vertex 9.218 0.882566 2.65
      vertex 9.21848 0.9 2.65
    endloop
  endfacet
  facet normal 0.923589 -0.0250342 0.382566
    outer loop
      vertex 9.218 0.882566 2.65
      vertex 9.21059 0.9 2.66903
      vertex 9.21059 0.874021 2.66733
    endloop
  endfacet
  facet normal 0.865569 -0.0977005 0.491167
    outer loop
      vertex 9.18116 0.835293 2.71149
      vertex 9.21059 0.874021 2.66733
      vertex 9.18116 0.867367 2.71787
    endloop
  endfacet
  facet normal 0.792756 -0.0398865 0.608232
    outer loop
      vertex 9.14533 0.9 2.76671
      vertex 9.18116 0.867367 2.71787
      vertex 9.18116 0.9 2.72001
    endloop
  endfacet
  facet normal 0.865567 0.032702 0.499724
    outer loop
      vertex 9.21059 0.9 2.66903
      vertex 9.21059 0.925978 2.66733
      vertex 9.18116 0.932631 2.71787
    endloop
  endfacet
  facet normal 0.923386 -0.124324 0.363182
    outer loop
      vertex 9.21059 0.848487 2.66225
      vertex 9.2153 0.847684 2.65
      vertex 9.21585 0.851769 2.65
    endloop
  endfacet
  facet normal 0.865587 -0.221499 0.449107
    outer loop
      vertex 9.21059 0.823834 2.65388
      vertex 9.2055 0.796076 2.65
      vertex 9.21059 0.815967 2.65
    endloop
  endfacet
  facet normal 0.865563 -0.221501 0.449153
    outer loop
      vertex 9.2055 0.796076 2.65
      vertex 9.21059 0.823834 2.65388
      vertex 9.18116 0.774996 2.68651
    endloop
  endfacet
  facet normal 0.792759 -0.338668 0.50679
    outer loop
      vertex 9.14533 0.719377 2.70539
      vertex 9.18116 0.747806 2.66834
      vertex 9.18116 0.774996 2.68651
    endloop
  endfacet
  facet normal 0.607896 -0.0519148 0.792318
    outer loop
      vertex 9.05701 0.851162 2.84096
      vertex 9.10371 0.9 2.80833
      vertex 9.05701 0.9 2.84416
    endloop
  endfacet
  facet normal 0.607896 0.0519159 0.792318
    outer loop
      vertex 9.05701 0.9 2.84416
      vertex 9.10371 0.9 2.80833
      vertex 9.05701 0.948837 2.84096
    endloop
  endfacet
  facet normal 0.792789 -0.269505 0.546674
    outer loop
      vertex 9.14533 0.751647 2.72696
      vertex 9.18116 0.774996 2.68651
      vertex 9.14533 0.786455 2.74412
    endloop
  endfacet
  facet normal 0.792724 -0.195912 0.577241
    outer loop
      vertex 9.14533 0.786455 2.74412
      vertex 9.18116 0.804326 2.70098
      vertex 9.18116 0.835293 2.71149
    endloop
  endfacet
  facet normal 0.706338 -0.22761 0.670284
    outer loop
      vertex 9.10371 0.770527 2.78257
      vertex 9.14533 0.786455 2.74412
      vertex 9.14533 0.823207 2.7566
    endloop
  endfacet
  facet normal 0.607907 -0.255191 0.751882
    outer loop
      vertex 9.05701 0.756814 2.81568
      vertex 9.10371 0.812434 2.7968
      vertex 9.05701 0.80316 2.83141
    endloop
  endfacet
  facet normal 0.382022 -0.513427 0.768408
    outer loop
      vertex 8.95165 0.68694 2.83903
      vertex 9.00603 0.654307 2.79019
      vertex 9.00603 0.698203 2.81952
    endloop
  endfacet
  facet normal 0.258326 -0.637004 0.726288
    outer loop
      vertex 8.89479 0.631321 2.82015
      vertex 8.89479 0.587915 2.78208
      vertex 8.95165 0.640595 2.80806
    endloop
  endfacet
  facet normal 0.382016 -0.609357 0.6948
    outer loop
      vertex 8.95165 0.598688 2.77131
      vertex 9.00603 0.614616 2.75538
      vertex 9.00603 0.654307 2.79019
    endloop
  endfacet
  facet normal 0.382013 -0.694811 0.609347
    outer loop
      vertex 8.95165 0.598688 2.77131
      vertex 9.00603 0.579808 2.71569
      vertex 9.00603 0.614616 2.75538
    endloop
  endfacet
  facet normal -0.258326 -0.637004 0.726288
    outer loop
      vertex 8.66235 0.640595 2.80806
      vertex 8.71921 0.587915 2.78208
      vertex 8.71921 0.631321 2.82015
    endloop
  endfacet
  facet normal -0.13019 -0.653773 0.745407
    outer loop
      vertex 8.71921 0.631321 2.82015
      vertex 8.71921 0.587915 2.78208
      vertex 8.77757 0.626643 2.82624
    endloop
  endfacet
  facet normal -0.130347 -0.438597 0.889181
    outer loop
      vertex 8.71921 0.731101 2.87776
      vertex 8.71921 0.679323 2.85222
      vertex 8.77757 0.675481 2.85888
    endloop
  endfacet
  facet normal -0.130274 -0.438534 0.889222
    outer loop
      vertex 8.71921 0.731101 2.87776
      vertex 8.77757 0.675481 2.85888
      vertex 8.77757 0.728161 2.88486
    endloop
  endfacet
  facet normal 0.865572 0.160997 0.4742
    outer loop
      vertex 9.21059 0.951512 2.66225
      vertex 9.21059 0.976165 2.65388
      vertex 9.18116 0.964706 2.71149
    endloop
  endfacet
  facet normal 0.792755 0.0398924 0.608234
    outer loop
      vertex 9.14533 0.9 2.76671
      vertex 9.18116 0.932631 2.71787
      vertex 9.14533 0.938727 2.76417
    endloop
  endfacet
  facet normal 0.792763 0.401879 0.45828
    outer loop
      vertex 9.18116 1.05219 2.66834
      vertex 9.17919 1.07699 2.65
      vertex 9.14533 1.08062 2.70539
    endloop
  endfacet
  facet normal 0.792251 0.402251 0.458838
    outer loop
      vertex 9.17919 1.07699 2.65
      vertex 9.18116 1.05219 2.66834
      vertex 9.18116 1.07311 2.65
    endloop
  endfacet
  facet normal 0.608004 0.351224 0.71202
    outer loop
      vertex 9.05701 1.04319 2.81568
      vertex 9.10371 1.02947 2.78257
      vertex 9.05701 1.08708 2.79403
    endloop
  endfacet
  facet normal -0.706316 -0.0463283 0.706379
    outer loop
      vertex 8.46867 0.9 2.76671
      vertex 8.46867 0.861272 2.76417
      vertex 8.51029 0.855839 2.80543
    endloop
  endfacet
  facet normal -0.706318 -0.138045 0.694304
    outer loop
      vertex 8.51029 0.855839 2.80543
      vertex 8.46867 0.861272 2.76417
      vertex 8.51029 0.812434 2.7968
    endloop
  endfacet
  facet normal -0.865585 -0.160939 0.474195
    outer loop
      vertex 8.43284 0.835293 2.71149
      vertex 8.40341 0.823834 2.65388
      vertex 8.43284 0.804326 2.70098
    endloop
  endfacet
  facet normal -0.792724 -0.195912 0.577241
    outer loop
      vertex 8.43284 0.835293 2.71149
      vertex 8.43284 0.804326 2.70098
      vertex 8.46867 0.786455 2.74412
    endloop
  endfacet
  facet normal -0.70632 -0.313049 0.634911
    outer loop
      vertex 8.51029 0.770527 2.78257
      vertex 8.46867 0.751647 2.72696
      vertex 8.51029 0.730836 2.763
    endloop
  endfacet
  facet normal -0.70634 -0.313005 0.634911
    outer loop
      vertex 8.46867 0.786455 2.74412
      vertex 8.46867 0.751647 2.72696
      vertex 8.51029 0.770527 2.78257
    endloop
  endfacet
  facet normal -0.706365 -0.466727 0.532178
    outer loop
      vertex 8.51029 0.694038 2.73841
      vertex 8.46867 0.719377 2.70539
      vertex 8.51029 0.660766 2.70923
    endloop
  endfacet
  facet normal -0.607956 -0.59689 0.523557
    outer loop
      vertex 8.51029 0.660766 2.70923
      vertex 8.55699 0.603157 2.69778
      vertex 8.55699 0.635427 2.73457
    endloop
  endfacet
  facet normal -0.499193 -0.278487 0.820519
    outer loop
      vertex 8.55699 0.80316 2.83141
      vertex 8.55699 0.756814 2.81568
      vertex 8.60797 0.795542 2.85984
    endloop
  endfacet
  facet normal -0.60794 -0.441143 0.660153
    outer loop
      vertex 8.51029 0.730836 2.763
      vertex 8.51029 0.694038 2.73841
      vertex 8.55699 0.672225 2.76684
    endloop
  endfacet
  facet normal -0.382055 -0.0605144 0.922156
    outer loop
      vertex 8.66235 0.9 2.89612
      vertex 8.60797 0.9 2.87359
      vertex 8.66235 0.844379 2.89247
    endloop
  endfacet
  facet normal -0.382055 0.0605165 0.922156
    outer loop
      vertex 8.66235 0.955619 2.89247
      vertex 8.60797 0.9 2.87359
      vertex 8.66235 0.9 2.89612
    endloop
  endfacet
  facet normal -0.607909 0.154928 0.778745
    outer loop
      vertex 8.55699 0.99684 2.83141
      vertex 8.51029 0.987565 2.7968
      vertex 8.55699 0.948837 2.84096
    endloop
  endfacet
  facet normal -0.608002 0.255285 0.751773
    outer loop
      vertex 8.55699 1.04319 2.81568
      vertex 8.51029 1.02947 2.78257
      vertex 8.51029 0.987565 2.7968
    endloop
  endfacet
  facet normal -0.923683 0.0753719 0.375671
    outer loop
      vertex 8.39816 0.94823 2.65
      vertex 8.39776 0.943328 2.65
      vertex 8.40341 0.951512 2.66225
    endloop
  endfacet
  facet normal -0.923592 0.0748067 0.376007
    outer loop
      vertex 8.39776 0.943328 2.65
      vertex 8.40341 0.925978 2.66733
      vertex 8.40341 0.951512 2.66225
    endloop
  endfacet
  facet normal -0.923593 0.0748058 0.376006
    outer loop
      vertex 8.40341 0.925978 2.66733
      vertex 8.39776 0.943328 2.65
      vertex 8.39617 0.923697 2.65
    endloop
  endfacet
  facet normal -0.865585 0.160939 0.474195
    outer loop
      vertex 8.43284 0.995673 2.70098
      vertex 8.40341 0.976165 2.65388
      vertex 8.43284 0.964706 2.71149
    endloop
  endfacet
  facet normal -0.792716 0.195915 0.577251
    outer loop
      vertex 8.46867 1.01354 2.74412
      vertex 8.43284 0.995673 2.70098
      vertex 8.43284 0.964706 2.71149
    endloop
  endfacet
  facet normal -0.865492 0.278321 0.416486
    outer loop
      vertex 8.41949 1.03812 2.65
      vertex 8.43284 1.025 2.68651
      vertex 8.43284 1.05219 2.66834
    endloop
  endfacet
  facet normal -0.86565 0.277946 0.416409
    outer loop
      vertex 8.43284 1.025 2.68651
      vertex 8.41949 1.03812 2.65
      vertex 8.41451 1.02261 2.65
    endloop
  endfacet
  facet normal -0.865585 0.0327705 0.499689
    outer loop
      vertex 8.43284 0.932631 2.71787
      vertex 8.40341 0.9 2.66903
      vertex 8.43284 0.9 2.72001
    endloop
  endfacet
  facet normal -0.865585 -0.0327685 0.499689
    outer loop
      vertex 8.43284 0.9 2.72001
      vertex 8.40341 0.9 2.66903
      vertex 8.43284 0.867367 2.71787
    endloop
  endfacet
  facet normal 0.499175 -0.0566267 0.864649
    outer loop
      vertex 9.00603 0.847321 2.87014
      vertex 9.05701 0.851162 2.84096
      vertex 9.00603 0.9 2.87359
    endloop
  endfacet
  facet normal 0.381952 -0.0603962 0.922207
    outer loop
      vertex 8.95165 0.844379 2.89247
      vertex 9.00603 0.847321 2.87014
      vertex 9.00603 0.9 2.87359
    endloop
  endfacet
  facet normal -0.13027 -0.824373 0.550853
    outer loop
      vertex 8.71921 0.54985 2.73868
      vertex 8.71921 0.517776 2.69068
      vertex 8.77757 0.543755 2.74336
    endloop
  endfacet
  facet normal -0.258316 -0.803239 0.536731
    outer loop
      vertex 8.71921 0.54985 2.73868
      vertex 8.66235 0.53097 2.68306
      vertex 8.71921 0.517776 2.69068
    endloop
  endfacet
  facet normal 0.258316 -0.803239 0.536731
    outer loop
      vertex 8.89479 0.517776 2.69068
      vertex 8.95165 0.53097 2.68306
      vertex 8.89479 0.54985 2.73868
    endloop
  endfacet
  facet normal 0.258187 -0.866482 0.427256
    outer loop
      vertex 8.90909 0.501978 2.65
      vertex 8.89479 0.517776 2.69068
      vertex 8.89479 0.497717 2.65
    endloop
  endfacet
  facet normal 0.258312 -0.866433 0.42728
    outer loop
      vertex 8.89479 0.517776 2.69068
      vertex 8.90909 0.501978 2.65
      vertex 8.95165 0.53097 2.68306
    endloop
  endfacet
  facet normal 0.258256 -0.803288 0.536686
    outer loop
      vertex 8.89479 0.54985 2.73868
      vertex 8.95165 0.53097 2.68306
      vertex 8.95165 0.561937 2.72941
    endloop
  endfacet
  facet normal 0.258248 -0.726288 0.637036
    outer loop
      vertex 8.89479 0.54985 2.73868
      vertex 8.95165 0.561937 2.72941
      vertex 8.95165 0.598688 2.77131
    endloop
  endfacet
  facet normal -0.923594 0.0250656 0.382553
    outer loop
      vertex 8.39617 0.923697 2.65
      vertex 8.396 0.917433 2.65
      vertex 8.40341 0.925978 2.66733
    endloop
  endfacet
  facet normal -0.865573 0.0977158 0.491157
    outer loop
      vertex 8.43284 0.964706 2.71149
      vertex 8.40341 0.951512 2.66225
      vertex 8.40341 0.925978 2.66733
    endloop
  endfacet
  facet normal -0.130249 0.889243 0.438501
    outer loop
      vertex 8.76782 1.3094 2.65
      vertex 8.71921 1.30228 2.65
      vertex 8.71921 1.28222 2.69068
    endloop
  endfacet
  facet normal -0.499128 0.720532 0.481358
    outer loop
      vertex 8.60797 1.22019 2.71569
      vertex 8.55699 1.22403 2.65708
      vertex 8.55699 1.19684 2.69778
    endloop
  endfacet
  facet normal -0.499214 0.777137 0.383202
    outer loop
      vertex 8.58901 1.24809 2.65
      vertex 8.55699 1.22403 2.65708
      vertex 8.60797 1.24952 2.6718
    endloop
  endfacet
  facet normal -0.499258 0.777163 0.383093
    outer loop
      vertex 8.55699 1.22403 2.65708
      vertex 8.58901 1.24809 2.65
      vertex 8.55699 1.22752 2.65
    endloop
  endfacet
  facet normal -0.382035 0.694787 0.609361
    outer loop
      vertex 8.66235 1.20131 2.77131
      vertex 8.60797 1.22019 2.71569
      vertex 8.60797 1.18538 2.75538
    endloop
  endfacet
  facet normal -0.382053 0.694767 0.609372
    outer loop
      vertex 8.66235 1.23806 2.72941
      vertex 8.60797 1.22019 2.71569
      vertex 8.66235 1.20131 2.77131
    endloop
  endfacet
  facet normal -0.258187 0.310597 0.914805
    outer loop
      vertex 8.71921 1.01423 2.89631
      vertex 8.66235 1.06307 2.86368
      vertex 8.66235 1.01029 2.8816
    endloop
  endfacet
  facet normal -0.25819 0.188397 0.947547
    outer loop
      vertex 8.71921 1.01423 2.89631
      vertex 8.66235 1.01029 2.8816
      vertex 8.66235 0.955619 2.89247
    endloop
  endfacet
  facet normal 0.382019 0.297113 0.875092
    outer loop
      vertex 8.95165 1.01029 2.8816
      vertex 9.00603 1.00446 2.85984
      vertex 8.95165 1.06307 2.86368
    endloop
  endfacet
  facet normal 0.258187 0.310597 0.914805
    outer loop
      vertex 8.95165 1.01029 2.8816
      vertex 8.95165 1.06307 2.86368
      vertex 8.89479 1.01423 2.89631
    endloop
  endfacet
  facet normal 0.499148 0.278543 0.820528
    outer loop
      vertex 9.00603 1.00446 2.85984
      vertex 9.05701 1.04319 2.81568
      vertex 9.00603 1.05445 2.84287
    endloop
  endfacet
  facet normal 0.499141 0.383336 0.777118
    outer loop
      vertex 9.05701 1.04319 2.81568
      vertex 9.05701 1.08708 2.79403
      vertex 9.00603 1.05445 2.84287
    endloop
  endfacet
  facet normal 0.258387 0.637043 0.726232
    outer loop
      vertex 8.95165 1.1594 2.80806
      vertex 8.89479 1.21208 2.78208
      vertex 8.89479 1.16868 2.82015
    endloop
  endfacet
  facet normal 0.130211 0.653822 0.74536
    outer loop
      vertex 8.89479 1.16868 2.82015
      vertex 8.89479 1.21208 2.78208
      vertex 8.83643 1.17336 2.82624
    endloop
  endfacet
  facet normal 0.706334 0.227614 0.670287
    outer loop
      vertex 9.10371 0.987565 2.7968
      vertex 9.14533 0.976792 2.7566
      vertex 9.10371 1.02947 2.78257
    endloop
  endfacet
  facet normal 0.792718 0.269533 0.546763
    outer loop
      vertex 9.14533 1.01354 2.74412
      vertex 9.18116 0.995673 2.70098
      vertex 9.14533 1.04835 2.72696
    endloop
  endfacet
  facet normal 0.706348 0.312987 0.634911
    outer loop
      vertex 9.14533 1.01354 2.74412
      vertex 9.14533 1.04835 2.72696
      vertex 9.10371 1.02947 2.78257
    endloop
  endfacet
  facet normal 0.706334 0.138072 0.694283
    outer loop
      vertex 9.14533 0.938727 2.76417
      vertex 9.14533 0.976792 2.7566
      vertex 9.10371 0.987565 2.7968
    endloop
  endfacet
  facet normal 0.865608 0.221284 0.449173
    outer loop
      vertex 9.18116 0.995673 2.70098
      vertex 9.21059 0.984032 2.65
      vertex 9.20676 0.999014 2.65
    endloop
  endfacet
  facet normal 0.865585 0.221501 0.449111
    outer loop
      vertex 9.21059 0.984032 2.65
      vertex 9.18116 0.995673 2.70098
      vertex 9.21059 0.976165 2.65388
    endloop
  endfacet
  facet normal 0.865589 0.222308 0.448704
    outer loop
      vertex 9.18116 1.025 2.68651
      vertex 9.20676 0.999014 2.65
      vertex 9.2055 1.00392 2.65
    endloop
  endfacet
  facet normal 0.865532 0.221615 0.449157
    outer loop
      vertex 9.20676 0.999014 2.65
      vertex 9.18116 1.025 2.68651
      vertex 9.18116 0.995673 2.70098
    endloop
  endfacet
  facet normal 0.923593 -0.0748058 0.376006
    outer loop
      vertex 9.21059 0.874021 2.66733
      vertex 9.21624 0.856671 2.65
      vertex 9.21783 0.876302 2.65
    endloop
  endfacet
  facet normal 0.923592 -0.0748067 0.376007
    outer loop
      vertex 9.21624 0.856671 2.65
      vertex 9.21059 0.874021 2.66733
      vertex 9.21059 0.848487 2.66225
    endloop
  endfacet
  facet normal 0.865573 -0.0977158 0.491157
    outer loop
      vertex 9.18116 0.835293 2.71149
      vertex 9.21059 0.848487 2.66225
      vertex 9.21059 0.874021 2.66733
    endloop
  endfacet
  facet normal 0.923375 -0.0734632 0.376804
    outer loop
      vertex 9.21059 0.848487 2.66225
      vertex 9.21585 0.851769 2.65
      vertex 9.21624 0.856671 2.65
    endloop
  endfacet
  facet normal 0.923589 0.0250351 0.382566
    outer loop
      vertex 9.21059 0.9 2.66903
      vertex 9.218 0.917433 2.65
      vertex 9.21059 0.925978 2.66733
    endloop
  endfacet
  facet normal 0.923452 0.0254263 0.382871
    outer loop
      vertex 9.218 0.917433 2.65
      vertex 9.21059 0.9 2.66903
      vertex 9.21848 0.9 2.65
    endloop
  endfacet
  facet normal 0.923594 0.0250656 0.382553
    outer loop
      vertex 9.21059 0.925978 2.66733
      vertex 9.218 0.917433 2.65
      vertex 9.21783 0.923697 2.65
    endloop
  endfacet
  facet normal 0.792754 -0.0398914 0.608234
    outer loop
      vertex 9.14533 0.861272 2.76417
      vertex 9.18116 0.867367 2.71787
      vertex 9.14533 0.9 2.76671
    endloop
  endfacet
  facet normal 0.706334 -0.138072 0.694283
    outer loop
      vertex 9.10371 0.812434 2.7968
      vertex 9.14533 0.823207 2.7566
      vertex 9.14533 0.861272 2.76417
    endloop
  endfacet
  facet normal 0.865574 -0.277917 0.416586
    outer loop
      vertex 9.18116 0.774996 2.68651
      vertex 9.1995 0.777389 2.65
      vertex 9.2055 0.796076 2.65
    endloop
  endfacet
  facet normal 0.865444 -0.278473 0.416485
    outer loop
      vertex 9.18116 0.774996 2.68651
      vertex 9.19451 0.761881 2.65
      vertex 9.1995 0.777389 2.65
    endloop
  endfacet
  facet normal 0.865519 -0.278296 0.416448
    outer loop
      vertex 9.19451 0.761881 2.65
      vertex 9.18116 0.774996 2.68651
      vertex 9.18116 0.747806 2.66834
    endloop
  endfacet
  facet normal 0.70634 -0.313005 0.634911
    outer loop
      vertex 9.10371 0.770527 2.78257
      vertex 9.14533 0.751647 2.72696
      vertex 9.14533 0.786455 2.74412
    endloop
  endfacet
  facet normal 0.792761 -0.19599 0.577164
    outer loop
      vertex 9.14533 0.786455 2.74412
      vertex 9.18116 0.835293 2.71149
      vertex 9.14533 0.823207 2.7566
    endloop
  endfacet
  facet normal 0.607978 -0.25528 0.751794
    outer loop
      vertex 9.05701 0.756814 2.81568
      vertex 9.10371 0.770527 2.78257
      vertex 9.10371 0.812434 2.7968
    endloop
  endfacet
  facet normal 0.607972 -0.351203 0.712058
    outer loop
      vertex 9.05701 0.712919 2.79403
      vertex 9.10371 0.770527 2.78257
      vertex 9.05701 0.756814 2.81568
    endloop
  endfacet
  facet normal 0.70632 -0.313049 0.634911
    outer loop
      vertex 9.10371 0.730836 2.763
      vertex 9.14533 0.751647 2.72696
      vertex 9.10371 0.770527 2.78257
    endloop
  endfacet
  facet normal 0.706321 -0.393383 0.588524
    outer loop
      vertex 9.10371 0.730836 2.763
      vertex 9.14533 0.719377 2.70539
      vertex 9.14533 0.751647 2.72696
    endloop
  endfacet
  facet normal 0.865583 -0.221557 0.449086
    outer loop
      vertex 9.18116 0.774996 2.68651
      vertex 9.21059 0.823834 2.65388
      vertex 9.18116 0.804326 2.70098
    endloop
  endfacet
  facet normal 0.865585 -0.160939 0.474195
    outer loop
      vertex 9.18116 0.804326 2.70098
      vertex 9.21059 0.823834 2.65388
      vertex 9.18116 0.835293 2.71149
    endloop
  endfacet
  facet normal 0.381981 -0.408712 0.828882
    outer loop
      vertex 8.95165 0.736931 2.86368
      vertex 8.95165 0.68694 2.83903
      vertex 9.00603 0.745551 2.84287
    endloop
  endfacet
  facet normal 0.258233 -0.427248 0.866473
    outer loop
      vertex 8.89479 0.679323 2.85222
      vertex 8.95165 0.68694 2.83903
      vertex 8.95165 0.736931 2.86368
    endloop
  endfacet
  facet normal -0.258267 -0.726298 0.637016
    outer loop
      vertex 8.66235 0.598688 2.77131
      vertex 8.71921 0.54985 2.73868
      vertex 8.71921 0.587915 2.78208
    endloop
  endfacet
  facet normal -0.130332 -0.745391 0.653763
    outer loop
      vertex 8.71921 0.587915 2.78208
      vertex 8.71921 0.54985 2.73868
      vertex 8.77757 0.582482 2.78752
    endloop
  endfacet
  facet normal -0.258236 -0.536765 0.803242
    outer loop
      vertex 8.66235 0.68694 2.83903
      vertex 8.66235 0.640595 2.80806
      vertex 8.71921 0.679323 2.85222
    endloop
  endfacet
  facet normal -0.381979 -0.513479 0.768395
    outer loop
      vertex 8.66235 0.68694 2.83903
      vertex 8.60797 0.654307 2.79019
      vertex 8.66235 0.640595 2.80806
    endloop
  endfacet
  facet normal -0.25836 -0.310417 0.914818
    outer loop
      vertex 8.71921 0.785769 2.89631
      vertex 8.66235 0.736931 2.86368
      vertex 8.71921 0.731101 2.87776
    endloop
  endfacet
  facet normal -0.13039 -0.318583 0.938884
    outer loop
      vertex 8.71921 0.785769 2.89631
      vertex 8.71921 0.731101 2.87776
      vertex 8.77757 0.78378 2.90374
    endloop
  endfacet
  facet normal 0.793522 0.503823 0.3413
    outer loop
      vertex 9.14533 1.13539 2.65062
      vertex 9.14573 1.13518 2.65
      vertex 9.14533 1.13581 2.65
    endloop
  endfacet
  facet normal 0.793909 0.502809 0.341893
    outer loop
      vertex 9.14533 1.13539 2.65062
      vertex 9.14611 1.13458 2.65
      vertex 9.14573 1.13518 2.65
    endloop
  endfacet
  facet normal -0.607896 -0.0519148 0.792318
    outer loop
      vertex 8.55699 0.9 2.84416
      vertex 8.51029 0.9 2.80833
      vertex 8.55699 0.851162 2.84096
    endloop
  endfacet
  facet normal -0.607896 0.0519159 0.792318
    outer loop
      vertex 8.55699 0.948837 2.84096
      vertex 8.51029 0.9 2.80833
      vertex 8.55699 0.9 2.84416
    endloop
  endfacet
  facet normal -0.706358 -0.532195 0.46672
    outer loop
      vertex 8.46867 0.690197 2.6798
      vertex 8.46867 0.664607 2.65062
      vertex 8.51029 0.660766 2.70923
    endloop
  endfacet
  facet normal -0.706377 -0.532156 0.466736
    outer loop
      vertex 8.51029 0.660766 2.70923
      vertex 8.46867 0.664607 2.65062
      vertex 8.51029 0.631586 2.67596
    endloop
  endfacet
  facet normal -0.607937 -0.523502 0.596958
    outer loop
      vertex 8.51029 0.694038 2.73841
      vertex 8.55699 0.635427 2.73457
      vertex 8.55699 0.672225 2.76684
    endloop
  endfacet
  facet normal -0.499188 -0.571309 0.651473
    outer loop
      vertex 8.55699 0.672225 2.76684
      vertex 8.55699 0.635427 2.73457
      vertex 8.60797 0.654307 2.79019
    endloop
  endfacet
  facet normal -0.499159 -0.383296 0.777126
    outer loop
      vertex 8.55699 0.756814 2.81568
      vertex 8.55699 0.712919 2.79403
      vertex 8.60797 0.745551 2.84287
    endloop
  endfacet
  facet normal -0.49916 -0.278536 0.820523
    outer loop
      vertex 8.60797 0.795542 2.85984
      vertex 8.55699 0.756814 2.81568
      vertex 8.60797 0.745551 2.84287
    endloop
  endfacet
  facet normal -0.499176 0.0566267 0.864648
    outer loop
      vertex 8.60797 0.952679 2.87014
      vertex 8.55699 0.948837 2.84096
      vertex 8.60797 0.9 2.87359
    endloop
  endfacet
  facet normal -0.38195 0.0603963 0.922207
    outer loop
      vertex 8.66235 0.955619 2.89247
      vertex 8.60797 0.952679 2.87014
      vertex 8.60797 0.9 2.87359
    endloop
  endfacet
  facet normal -0.706334 0.227614 0.670287
    outer loop
      vertex 8.51029 1.02947 2.78257
      vertex 8.46867 0.976792 2.7566
      vertex 8.51029 0.987565 2.7968
    endloop
  endfacet
  facet normal -0.706334 0.138072 0.694283
    outer loop
      vertex 8.51029 0.987565 2.7968
      vertex 8.46867 0.976792 2.7566
      vertex 8.46867 0.938727 2.76417
    endloop
  endfacet
  facet normal -0.923555 0.123318 0.363096
    outer loop
      vertex 8.3987 0.952315 2.65
      vertex 8.40341 0.976165 2.65388
      vertex 8.40167 0.974558 2.65
    endloop
  endfacet
  facet normal -0.923528 0.123301 0.36317
    outer loop
      vertex 8.40341 0.976165 2.65388
      vertex 8.3987 0.952315 2.65
      vertex 8.40341 0.951512 2.66225
    endloop
  endfacet
  facet normal -0.923693 0.122104 0.363155
    outer loop
      vertex 8.3987 0.952315 2.65
      vertex 8.39816 0.94823 2.65
      vertex 8.40341 0.951512 2.66225
    endloop
  endfacet
  facet normal -0.923553 0.16962 0.343918
    outer loop
      vertex 8.40341 0.984032 2.65
      vertex 8.40167 0.974558 2.65
      vertex 8.40341 0.976165 2.65388
    endloop
  endfacet
  facet normal -0.865608 0.221284 0.449173
    outer loop
      vertex 8.40341 0.984032 2.65
      vertex 8.43284 0.995673 2.70098
      vertex 8.40724 0.999014 2.65
    endloop
  endfacet
  facet normal -0.865585 0.221501 0.449111
    outer loop
      vertex 8.43284 0.995673 2.70098
      vertex 8.40341 0.984032 2.65
      vertex 8.40341 0.976165 2.65388
    endloop
  endfacet
  facet normal -0.865573 -0.0977158 0.491157
    outer loop
      vertex 8.40341 0.874021 2.66733
      vertex 8.40341 0.848487 2.66225
      vertex 8.43284 0.835293 2.71149
    endloop
  endfacet
  facet normal -0.865569 -0.0977005 0.491167
    outer loop
      vertex 8.43284 0.867367 2.71787
      vertex 8.40341 0.874021 2.66733
      vertex 8.43284 0.835293 2.71149
    endloop
  endfacet
  facet normal -0.130396 0.318572 0.938887
    outer loop
      vertex 8.77757 1.01622 2.90374
      vertex 8.71921 1.0689 2.87776
      vertex 8.71921 1.01423 2.89631
    endloop
  endfacet
  facet normal -0.130276 0.318693 0.938863
    outer loop
      vertex 8.77757 1.07184 2.88486
      vertex 8.71921 1.0689 2.87776
      vertex 8.77757 1.01622 2.90374
    endloop
  endfacet
  facet normal 0.258254 0.427252 0.866464
    outer loop
      vertex 8.95165 1.06307 2.86368
      vertex 8.95165 1.11306 2.83903
      vertex 8.89479 1.12068 2.85222
    endloop
  endfacet
  facet normal 0.499215 0.383228 0.777123
    outer loop
      vertex 9.00603 1.05445 2.84287
      vertex 9.05701 1.08708 2.79403
      vertex 9.00603 1.1018 2.81952
    endloop
  endfacet
  facet normal 0.607921 0.441134 0.660176
    outer loop
      vertex 9.10371 1.06916 2.763
      vertex 9.10371 1.10596 2.73841
      vertex 9.05701 1.12777 2.76684
    endloop
  endfacet
  facet normal 0.607927 0.441139 0.660167
    outer loop
      vertex 9.05701 1.08708 2.79403
      vertex 9.10371 1.06916 2.763
      vertex 9.05701 1.12777 2.76684
    endloop
  endfacet
  facet normal 0.865573 0.0977158 0.491157
    outer loop
      vertex 9.21059 0.925978 2.66733
      vertex 9.21059 0.951512 2.66225
      vertex 9.18116 0.964706 2.71149
    endloop
  endfacet
  facet normal 0.923592 0.0748067 0.376007
    outer loop
      vertex 9.21059 0.925978 2.66733
      vertex 9.21624 0.943328 2.65
      vertex 9.21059 0.951512 2.66225
    endloop
  endfacet
  facet normal 0.923593 0.0748058 0.376006
    outer loop
      vertex 9.21624 0.943328 2.65
      vertex 9.21059 0.925978 2.66733
      vertex 9.21783 0.923697 2.65
    endloop
  endfacet
  facet normal 0.792764 0.118911 0.597818
    outer loop
      vertex 9.18116 0.932631 2.71787
      vertex 9.18116 0.964706 2.71149
      vertex 9.14533 0.976792 2.7566
    endloop
  endfacet
  facet normal 0.792755 0.118891 0.597833
    outer loop
      vertex 9.14533 0.938727 2.76417
      vertex 9.18116 0.932631 2.71787
      vertex 9.14533 0.976792 2.7566
    endloop
  endfacet
  facet normal 0.865585 -0.0327685 0.499689
    outer loop
      vertex 9.18116 0.867367 2.71787
      vertex 9.21059 0.9 2.66903
      vertex 9.18116 0.9 2.72001
    endloop
  endfacet
  facet normal 0.865567 -0.0327007 0.499724
    outer loop
      vertex 9.18116 0.867367 2.71787
      vertex 9.21059 0.874021 2.66733
      vertex 9.21059 0.9 2.66903
    endloop
  endfacet
  facet normal 0.381979 -0.513479 0.768395
    outer loop
      vertex 8.95165 0.640595 2.80806
      vertex 9.00603 0.654307 2.79019
      vertex 8.95165 0.68694 2.83903
    endloop
  endfacet
  facet normal 0.258236 -0.536765 0.803242
    outer loop
      vertex 8.89479 0.679323 2.85222
      vertex 8.95165 0.640595 2.80806
      vertex 8.95165 0.68694 2.83903
    endloop
  endfacet
  facet normal -0.2582 -0.188409 0.947541
    outer loop
      vertex 8.66235 0.844379 2.89247
      vertex 8.66235 0.789712 2.8816
      vertex 8.71921 0.785769 2.89631
    endloop
  endfacet
  facet normal -0.382019 -0.180231 0.906409
    outer loop
      vertex 8.66235 0.844379 2.89247
      vertex 8.60797 0.795542 2.85984
      vertex 8.66235 0.789712 2.8816
    endloop
  endfacet
  facet normal -0.607911 -0.441116 0.660198
    outer loop
      vertex 8.55699 0.712919 2.79403
      vertex 8.51029 0.730836 2.763
      vertex 8.55699 0.672225 2.76684
    endloop
  endfacet
  facet normal -0.499186 -0.481388 0.720471
    outer loop
      vertex 8.55699 0.712919 2.79403
      vertex 8.55699 0.672225 2.76684
      vertex 8.60797 0.654307 2.79019
    endloop
  endfacet
  facet normal 0.382005 0.40874 0.828857
    outer loop
      vertex 9.00603 1.05445 2.84287
      vertex 9.00603 1.1018 2.81952
      vertex 8.95165 1.11306 2.83903
    endloop
  endfacet
  facet normal 0.381997 0.513482 0.768385
    outer loop
      vertex 9.00603 1.1018 2.81952
      vertex 9.00603 1.14569 2.79019
      vertex 8.95165 1.11306 2.83903
    endloop
  endfacet
  facet normal 0.706317 0.313056 0.634911
    outer loop
      vertex 9.10371 1.02947 2.78257
      vertex 9.14533 1.04835 2.72696
      vertex 9.10371 1.06916 2.763
    endloop
  endfacet
  facet normal 0.607921 0.351134 0.712136
    outer loop
      vertex 9.10371 1.02947 2.78257
      vertex 9.10371 1.06916 2.763
      vertex 9.05701 1.08708 2.79403
    endloop
  endfacet
  facet normal 0.79428 -0.50451 0.33851
    outer loop
      vertex 9.14533 0.664607 2.65062
      vertex 9.14533 0.664191 2.65
      vertex 9.14611 0.665419 2.65
    endloop
  endfacet
  facet normal 0.130347 0.551602 -0.82386
    outer loop
      vertex 4.39479 2.44868 10.4499
      vertex 4.33643 2.40452 10.4111
      vertex 4.33643 2.45336 10.4438
    endloop
  endfacet
  facet normal -0.498145 -0.170051 -0.850255
    outer loop
      vertex 4.05699 2.13116 10.429
      vertex 4.10797 2.12732 10.3999
      vertex 4.05699 2.08316 10.4386
    endloop
  endfacet
  facet normal 0.38164 -0.059701 -0.922381
    outer loop
      vertex 4.45165 2.12438 10.3775
      vertex 4.45165 2.18 10.3739
      vertex 4.50603 2.18 10.3964
    endloop
  endfacet
  facet normal -0.607828 -0.712173 -0.35122
    outer loop
      vertex 4.01029 1.887 10.6308
      vertex 4.05699 1.85597 10.6129
      vertex 4.05699 1.83432 10.6568
    endloop
  endfacet
  facet normal 0.258043 0.310299 0.914947
    outer loop
      vertex 4.45165 2.29029 11.2116
      vertex 4.45165 2.34307 11.1937
      vertex 4.39479 2.29423 11.2263
    endloop
  endfacet
  facet normal 0.258409 0.427931 0.866083
    outer loop
      vertex 4.45165 2.34307 11.1937
      vertex 4.45165 2.39306 11.169
      vertex 4.39479 2.40068 11.1822
    endloop
  endfacet
  facet normal 0.991419 -0.00679938 0.130548
    outer loop
      vertex 4.74835 2.18 10.8878
      vertex 4.75604 2.17616 10.8292
      vertex 4.75604 2.18 10.8294
    endloop
  endfacet
  facet normal 0 0.946897 -0.321536
    outer loop
      vertex 4.33643 2.59486 10.6282
      vertex 4.27757 2.61374 10.6838
      vertex 4.33643 2.61374 10.6838
    endloop
  endfacet
  facet normal 0 0.946897 -0.321536
    outer loop
      vertex 4.27757 2.61374 10.6838
      vertex 4.33643 2.59486 10.6282
      vertex 4.27757 2.59486 10.6282
    endloop
  endfacet
  facet normal -0.792514 -0.196336 0.577385
    outer loop
      vertex 3.96867 2.10321 11.0866
      vertex 3.93284 2.08433 11.031
      vertex 3.96867 2.06645 11.0741
    endloop
  endfacet
  facet normal -0.607839 0.155728 0.77864
    outer loop
      vertex 4.05699 2.27684 11.1614
      vertex 4.01029 2.26756 11.1268
      vertex 4.05699 2.22884 11.171
    endloop
  endfacet
  facet normal -0.129928 0.317822 -0.939206
    outer loop
      vertex 4.21921 2.3489 10.3922
      vertex 4.27757 2.29622 10.3663
      vertex 4.21921 2.29423 10.3737
    endloop
  endfacet
  facet normal -0.130873 0.551117 0.824101
    outer loop
      vertex 4.27757 2.40452 11.1889
      vertex 4.21921 2.44868 11.1501
      vertex 4.21921 2.40068 11.1822
    endloop
  endfacet
  facet normal -0.607916 0.712174 -0.351064
    outer loop
      vertex 4.05699 2.52568 10.6568
      vertex 4.01029 2.473 10.6308
      vertex 4.01029 2.49257 10.6705
    endloop
  endfacet
  facet normal 0.792745 -0.119362 -0.597753
    outer loop
      vertex 4.64533 2.10321 10.5134
      vertex 4.64533 2.14127 10.5058
      vertex 4.68116 2.14737 10.5521
    endloop
  endfacet
  facet normal 0.965805 0.194745 0.171156
    outer loop
      vertex 4.73312 2.28228 10.9023
      vertex 4.74835 2.24208 10.8621
      vertex 4.73312 2.29476 10.8881
    endloop
  endfacet
  facet normal 0.258043 0.310299 -0.914947
    outer loop
      vertex 4.45165 2.29029 10.3884
      vertex 4.39479 2.29423 10.3737
      vertex 4.45165 2.34307 10.4063
    endloop
  endfacet
  facet normal -0.12886 0.065269 0.989512
    outer loop
      vertex 4.27757 2.18 11.249
      vertex 4.21921 2.23761 11.2376
      vertex 4.21921 2.18 11.2414
    endloop
  endfacet
  facet normal 0.607659 -0.351993 0.711935
    outer loop
      vertex 4.55701 1.99292 11.124
      vertex 4.60371 2.01084 11.093
      vertex 4.55701 2.03681 11.1457
    endloop
  endfacet
  facet normal 0.706488 0.670133 -0.227589
    outer loop
      vertex 4.64533 2.46659 10.7232
      vertex 4.60371 2.49257 10.6705
      vertex 4.60371 2.5068 10.7124
    endloop
  endfacet
  facet normal 0.382502 -0.828844 -0.408302
    outer loop
      vertex 4.45165 1.78632 10.6369
      vertex 4.50603 1.83048 10.5982
      vertex 4.50603 1.80713 10.6456
    endloop
  endfacet
  facet normal -0.381881 -0.768478 0.513428
    outer loop
      vertex 4.10797 1.85981 11.0457
      vertex 4.10797 1.83048 11.0018
      vertex 4.16235 1.84194 11.0594
    endloop
  endfacet
  facet normal -0.607894 0.792315 -0.0519845
    outer loop
      vertex 4.05699 2.55416 10.8
      vertex 4.01029 2.51543 10.7558
      vertex 4.01029 2.51833 10.8
    endloop
  endfacet
  facet normal -0.499291 0.383939 0.776724
    outer loop
      vertex 4.10797 2.33445 11.1729
      vertex 4.05699 2.36708 11.124
      vertex 4.05699 2.32318 11.1457
    endloop
  endfacet
  facet normal -0.498155 0.0566901 -0.865233
    outer loop
      vertex 4.05699 2.22884 10.429
      vertex 4.10797 2.23268 10.3999
      vertex 4.05699 2.18 10.4258
    endloop
  endfacet
  facet normal -0.258597 -0.726226 -0.636964
    outer loop
      vertex 4.16235 1.84194 10.5406
      vertex 4.16235 1.87869 10.4987
      vertex 4.21921 1.82985 10.5313
    endloop
  endfacet
  facet normal 0.381836 -0.29684 -0.875264
    outer loop
      vertex 4.45165 2.01693 10.4063
      vertex 4.45165 2.06971 10.3884
      vertex 4.50603 2.02555 10.4271
    endloop
  endfacet
  facet normal 0.608454 -0.523483 -0.596447
    outer loop
      vertex 4.55701 1.91543 10.5354
      vertex 4.60371 1.97404 10.5316
      vertex 4.60371 1.94077 10.5608
    endloop
  endfacet
  facet normal -0.130347 -0.551602 0.82386
    outer loop
      vertex 4.27757 1.95548 11.1889
      vertex 4.21921 1.91132 11.1501
      vertex 4.27757 1.90664 11.1562
    endloop
  endfacet
  facet normal -0.381886 -0.513144 0.768665
    outer loop
      vertex 4.10797 1.9782 11.1495
      vertex 4.10797 1.93431 11.1202
      vertex 4.16235 1.96694 11.169
    endloop
  endfacet
  facet normal -0.129951 0.0641509 -0.989443
    outer loop
      vertex 4.27757 2.23861 10.3548
      vertex 4.27757 2.18 10.351
      vertex 4.21921 2.23761 10.3624
    endloop
  endfacet
  facet normal 0.792726 0.577171 -0.196112
    outer loop
      vertex 4.68116 2.42149 10.7353
      vertex 4.64533 2.45412 10.6865
      vertex 4.64533 2.46659 10.7232
    endloop
  endfacet
  facet normal 0.706762 0.311923 0.634974
    outer loop
      vertex 4.64533 2.29354 11.0741
      vertex 4.64533 2.32835 11.057
      vertex 4.60371 2.30947 11.1126
    endloop
  endfacet
  facet normal 0.12998 0.745383 0.653842
    outer loop
      vertex 4.39479 2.49208 11.1121
      vertex 4.39479 2.53015 11.0687
      vertex 4.33643 2.49752 11.1175
    endloop
  endfacet
  facet normal 0.259333 0.06238 0.963771
    outer loop
      vertex 4.45165 2.18 11.2261
      vertex 4.45165 2.23562 11.2225
      vertex 4.39479 2.18 11.2414
    endloop
  endfacet
  facet normal 0.706758 0.227813 0.669772
    outer loop
      vertex 4.64533 2.25679 11.0866
      vertex 4.64533 2.29354 11.0741
      vertex 4.60371 2.30947 11.1126
    endloop
  endfacet
  facet normal -0.706762 0.311923 0.634974
    outer loop
      vertex 4.01029 2.30947 11.1126
      vertex 3.96867 2.32835 11.057
      vertex 3.96867 2.29354 11.0741
    endloop
  endfacet
  facet normal -0.792643 0.458512 0.40185
    outer loop
      vertex 3.96867 2.41539 10.9806
      vertex 3.93284 2.37834 10.9522
      vertex 3.93284 2.35678 10.9768
    endloop
  endfacet
  facet normal -0.706683 0.531438 0.467089
    outer loop
      vertex 4.01029 2.44841 11.006
      vertex 3.96867 2.41539 10.9806
      vertex 4.01029 2.41923 11.0392
    endloop
  endfacet
  facet normal -0.381886 0.513144 0.768665
    outer loop
      vertex 4.16235 2.39306 11.169
      vertex 4.10797 2.42569 11.1202
      vertex 4.10797 2.3818 11.1495
    endloop
  endfacet
  facet normal -0.866084 0.415682 0.277682
    outer loop
      vertex 3.93 2.39086 10.9246
      vertex 3.93284 2.37834 10.9522
      vertex 3.93284 2.39651 10.925
    endloop
  endfacet
  facet normal -0.865596 0.416487 0.277997
    outer loop
      vertex 3.93284 2.37834 10.9522
      vertex 3.93 2.39086 10.9246
      vertex 3.93 2.37444 10.9492
    endloop
  endfacet
  facet normal 0.499538 0.820429 0.278133
    outer loop
      vertex 4.55701 2.52568 10.9432
      vertex 4.55701 2.54141 10.8968
      vertex 4.50603 2.56984 10.9045
    endloop
  endfacet
  facet normal 0.258546 -0.7262 0.637015
    outer loop
      vertex 4.39479 1.86792 11.1121
      vertex 4.39479 1.82985 11.0687
      vertex 4.45165 1.87869 11.1013
    endloop
  endfacet
  facet normal -0.258136 -0.914854 -0.310496
    outer loop
      vertex 4.16235 1.7684 10.6897
      vertex 4.16235 1.78632 10.6369
      vertex 4.21921 1.75368 10.6858
    endloop
  endfacet
  facet normal -0.607659 -0.351993 -0.711935
    outer loop
      vertex 4.01029 2.01084 10.507
      vertex 4.05699 2.03681 10.4543
      vertex 4.05699 1.99292 10.476
    endloop
  endfacet
  facet normal -0.865429 0.449235 -0.221857
    outer loop
      vertex 3.93 2.39336 10.6797
      vertex 3.93284 2.41098 10.7043
      vertex 3.93284 2.39651 10.675
    endloop
  endfacet
  facet normal -0.866117 0.448283 -0.221097
    outer loop
      vertex 3.93284 2.41098 10.7043
      vertex 3.93 2.39336 10.6797
      vertex 3.93 2.40643 10.7062
    endloop
  endfacet
  facet normal -0.258568 0.802927 0.537076
    outer loop
      vertex 4.21921 2.53015 11.0687
      vertex 4.16235 2.54903 11.0131
      vertex 4.16235 2.51806 11.0594
    endloop
  endfacet
  facet normal -0.12991 0.194058 -0.97235
    outer loop
      vertex 4.27757 2.29622 10.3663
      vertex 4.21921 2.23761 10.3624
      vertex 4.21921 2.29423 10.3737
    endloop
  endfacet
  facet normal -0.382596 -0.295894 -0.875252
    outer loop
      vertex 4.10797 2.07554 10.4102
      vertex 4.16235 2.06971 10.3884
      vertex 4.10797 2.02555 10.4271
    endloop
  endfacet
  facet normal 0.607846 -0.597024 -0.523532
    outer loop
      vertex 4.55701 1.88316 10.5722
      vertex 4.55701 1.91543 10.5354
      vertex 4.60371 1.91159 10.594
    endloop
  endfacet
  facet normal -0.130266 -0.97242 -0.193471
    outer loop
      vertex 4.21921 1.75368 10.6858
      vertex 4.27757 1.74626 10.6838
      vertex 4.27757 1.7348 10.7414
    endloop
  endfacet
  facet normal -0.381705 -0.609352 -0.694976
    outer loop
      vertex 4.10797 1.89462 10.5146
      vertex 4.10797 1.93431 10.4798
      vertex 4.16235 1.87869 10.4987
    endloop
  endfacet
  facet normal 0.792591 -0.577289 -0.19631
    outer loop
      vertex 4.64533 1.8934 10.7232
      vertex 4.64533 1.90588 10.6865
      vertex 4.68116 1.94902 10.7043
    endloop
  endfacet
  facet normal 0.258391 -0.963966 -0.0632819
    outer loop
      vertex 4.45165 1.75388 10.8
      vertex 4.39479 1.74242 10.7424
      vertex 4.45165 1.75753 10.7444
    endloop
  endfacet
  facet normal 0.608413 -0.596102 0.523924
    outer loop
      vertex 4.55701 1.91543 11.0646
      vertex 4.60371 1.91159 11.006
      vertex 4.60371 1.94077 11.0392
    endloop
  endfacet
  facet normal 0.792495 0.196392 0.577392
    outer loop
      vertex 4.64533 2.25679 11.0866
      vertex 4.68116 2.27567 11.031
      vertex 4.64533 2.29354 11.0741
    endloop
  endfacet
  facet normal 0.381932 0.906466 0.180133
    outer loop
      vertex 4.50603 2.56984 10.9045
      vertex 4.45165 2.60247 10.8556
      vertex 4.45165 2.5916 10.9103
    endloop
  endfacet
  facet normal 0.258414 0.947507 0.188289
    outer loop
      vertex 4.45165 2.5916 10.9103
      vertex 4.45165 2.60247 10.8556
      vertex 4.39479 2.61758 10.8576
    endloop
  endfacet
  facet normal 0.607768 -0.523008 0.597561
    outer loop
      vertex 4.55701 1.95222 11.0968
      vertex 4.55701 1.91543 11.0646
      vertex 4.60371 1.97404 11.0684
    endloop
  endfacet
  facet normal 0.498145 0.170051 0.850255
    outer loop
      vertex 4.55701 2.22884 11.171
      vertex 4.55701 2.27684 11.1614
      vertex 4.50603 2.23268 11.2001
    endloop
  endfacet
  facet normal 0.498868 -0.277564 -0.82103
    outer loop
      vertex 4.50603 2.02555 10.4271
      vertex 4.50603 2.07554 10.4102
      vertex 4.55701 2.08316 10.4386
    endloop
  endfacet
  facet normal 0.923516 -0.0751373 -0.376129
    outer loop
      vertex 4.71059 2.12849 10.6078
      vertex 4.71059 2.15402 10.6027
      vertex 4.73312 2.16112 10.6566
    endloop
  endfacet
  facet normal 0.865526 0.491255 -0.0976388
    outer loop
      vertex 4.71059 2.37733 10.774
      vertex 4.68116 2.42149 10.7353
      vertex 4.68116 2.42787 10.7674
    endloop
  endfacet
  facet normal -0.258647 0.309631 -0.915003
    outer loop
      vertex 4.21921 2.3489 10.3922
      vertex 4.21921 2.29423 10.3737
      vertex 4.16235 2.34307 10.4063
    endloop
  endfacet
  facet normal 0.382055 0.922155 -0.0605371
    outer loop
      vertex 4.50603 2.58359 10.8
      vertex 4.45165 2.60247 10.7444
      vertex 4.45165 2.60612 10.8
    endloop
  endfacet
  facet normal 0.258647 -0.309631 0.915003
    outer loop
      vertex 4.39479 2.0111 11.2078
      vertex 4.45165 2.01693 11.1937
      vertex 4.39479 2.06577 11.2263
    endloop
  endfacet
  facet normal -0.793038 -0.338853 0.506231
    outer loop
      vertex 3.93284 2.055 11.0165
      vertex 3.93284 2.02781 10.9983
      vertex 3.96867 2.03165 11.057
    endloop
  endfacet
  facet normal -0.381843 -0.906502 -0.18014
    outer loop
      vertex 4.10797 1.77986 10.7473
      vertex 4.16235 1.7684 10.6897
      vertex 4.16235 1.75753 10.7444
    endloop
  endfacet
  facet normal -0.499224 -0.864622 0.0566024
    outer loop
      vertex 4.05699 1.80904 10.8488
      vertex 4.10797 1.77641 10.8
      vertex 4.10797 1.77986 10.8527
    endloop
  endfacet
  facet normal 0.12991 -0.653168 0.745986
    outer loop
      vertex 4.33643 1.86248 11.1175
      vertex 4.39479 1.86792 11.1121
      vertex 4.39479 1.91132 11.1501
    endloop
  endfacet
  facet normal -0.792649 -0.402076 0.458304
    outer loop
      vertex 3.96867 1.99938 11.0354
      vertex 3.93284 2.00322 10.9768
      vertex 3.96867 1.9702 11.0098
    endloop
  endfacet
  facet normal -0.257181 -0.536122 0.804009
    outer loop
      vertex 4.16235 1.96694 11.169
      vertex 4.16235 1.9206 11.1381
      vertex 4.21921 1.91132 11.1501
    endloop
  endfacet
  facet normal -0.130428 0.745038 0.654146
    outer loop
      vertex 4.27757 2.53624 11.0734
      vertex 4.21921 2.53015 11.0687
      vertex 4.27757 2.49752 11.1175
    endloop
  endfacet
  facet normal -0.792859 0.546812 0.269019
    outer loop
      vertex 3.96867 2.43695 10.9484
      vertex 3.96867 2.45412 10.9135
      vertex 3.93284 2.39651 10.925
    endloop
  endfacet
  facet normal -0.706313 0.1376 0.694398
    outer loop
      vertex 4.01029 2.26756 11.1268
      vertex 3.96867 2.25679 11.0866
      vertex 4.01029 2.22416 11.1354
    endloop
  endfacet
  facet normal -0.792736 0.0392653 0.608299
    outer loop
      vertex 3.96867 2.21873 11.0942
      vertex 3.93284 2.21263 11.0479
      vertex 3.96867 2.18 11.0967
    endloop
  endfacet
  facet normal -0.258043 0.310299 0.914947
    outer loop
      vertex 4.21921 2.29423 11.2263
      vertex 4.16235 2.34307 11.1937
      vertex 4.16235 2.29029 11.2116
    endloop
  endfacet
  facet normal 0.792859 0.546812 0.269019
    outer loop
      vertex 4.68116 2.39651 10.925
      vertex 4.64533 2.45412 10.9135
      vertex 4.64533 2.43695 10.9484
    endloop
  endfacet
  facet normal 0 0.896932 0.442169
    outer loop
      vertex 4.33643 2.59486 10.9718
      vertex 4.27757 2.56888 11.0245
      vertex 4.33643 2.56888 11.0245
    endloop
  endfacet
  facet normal 0 0.896932 0.442169
    outer loop
      vertex 4.27757 2.56888 11.0245
      vertex 4.33643 2.59486 10.9718
      vertex 4.27757 2.59486 10.9718
    endloop
  endfacet
  facet normal -0.49935 -0.383853 0.776728
    outer loop
      vertex 4.10797 2.02555 11.1729
      vertex 4.05699 1.99292 11.124
      vertex 4.10797 1.9782 11.1495
    endloop
  endfacet
  facet normal -0.3826 0.180653 -0.906081
    outer loop
      vertex 4.16235 2.29029 10.3884
      vertex 4.16235 2.23562 10.3775
      vertex 4.10797 2.28446 10.4102
    endloop
  endfacet
  facet normal -0.259333 -0.06238 -0.963771
    outer loop
      vertex 4.16235 2.18 10.3739
      vertex 4.21921 2.18 10.3586
      vertex 4.16235 2.12438 10.3775
    endloop
  endfacet
  facet normal -0.793038 0.338853 -0.506231
    outer loop
      vertex 3.93284 2.33219 10.6017
      vertex 3.96867 2.32835 10.543
      vertex 3.93284 2.305 10.5835
    endloop
  endfacet
  facet normal -0.499291 0.383939 -0.776724
    outer loop
      vertex 4.05699 2.36708 10.476
      vertex 4.10797 2.33445 10.4271
      vertex 4.05699 2.32318 10.4543
    endloop
  endfacet
  facet normal -0.38164 -0.059701 -0.922381
    outer loop
      vertex 4.10797 2.18 10.3964
      vertex 4.16235 2.18 10.3739
      vertex 4.16235 2.12438 10.3775
    endloop
  endfacet
  facet normal -0.258227 -0.0635855 -0.96399
    outer loop
      vertex 4.16235 2.12438 10.3775
      vertex 4.21921 2.18 10.3586
      vertex 4.21921 2.12239 10.3624
    endloop
  endfacet
  facet normal 0.130341 -0.653461 -0.745654
    outer loop
      vertex 4.33643 1.86248 10.4825
      vertex 4.33643 1.90664 10.4438
      vertex 4.39479 1.91132 10.4499
    endloop
  endfacet
  facet normal 0.258214 0.189079 -0.947404
    outer loop
      vertex 4.45165 2.23562 10.3775
      vertex 4.39479 2.23761 10.3624
      vertex 4.39479 2.29423 10.3737
    endloop
  endfacet
  facet normal 0.130062 -0.938854 -0.318805
    outer loop
      vertex 4.33643 1.74626 10.6838
      vertex 4.33643 1.76514 10.6282
      vertex 4.39479 1.77224 10.6311
    endloop
  endfacet
  facet normal 0.381881 -0.768478 -0.513428
    outer loop
      vertex 4.50603 1.83048 10.5982
      vertex 4.45165 1.84194 10.5406
      vertex 4.50603 1.85981 10.5543
    endloop
  endfacet
  facet normal 0.381705 -0.609352 -0.694976
    outer loop
      vertex 4.45165 1.87869 10.4987
      vertex 4.50603 1.93431 10.4798
      vertex 4.50603 1.89462 10.5146
    endloop
  endfacet
  facet normal -0.130266 -0.97242 0.193471
    outer loop
      vertex 4.21921 1.75368 10.9142
      vertex 4.27757 1.7348 10.8586
      vertex 4.27757 1.74626 10.9162
    endloop
  endfacet
  facet normal -0.499103 -0.777172 -0.383275
    outer loop
      vertex 4.05699 1.85597 10.6129
      vertex 4.10797 1.83048 10.5982
      vertex 4.05699 1.83432 10.6568
    endloop
  endfacet
  facet normal -0.792552 -0.268932 -0.5473
    outer loop
      vertex 3.93284 2.08433 10.569
      vertex 3.96867 2.06645 10.5259
      vertex 3.96867 2.03165 10.543
    endloop
  endfacet
  facet normal -0.381881 -0.87518 0.297031
    outer loop
      vertex 4.16235 1.78632 10.9631
      vertex 4.10797 1.79016 10.9045
      vertex 4.16235 1.7684 10.9103
    endloop
  endfacet
  facet normal -0.38231 -0.768051 0.513748
    outer loop
      vertex 4.16235 1.84194 11.0594
      vertex 4.10797 1.83048 11.0018
      vertex 4.16235 1.81097 11.0131
    endloop
  endfacet
  facet normal -0.867738 -0.218297 0.446517
    outer loop
      vertex 3.93 2.08621 11.0264
      vertex 3.93 2.08396 11.0253
      vertex 3.93284 2.08433 11.031
    endloop
  endfacet
  facet normal -0.86772 -0.097545 0.487389
    outer loop
      vertex 3.93284 2.11529 11.0415
      vertex 3.93 2.14555 11.0425
      vertex 3.93 2.11657 11.0367
    endloop
  endfacet
  facet normal -0.866925 -0.0975173 0.488805
    outer loop
      vertex 3.93 2.14555 11.0425
      vertex 3.93284 2.11529 11.0415
      vertex 3.93284 2.14737 11.0479
    endloop
  endfacet
  facet normal 0.792696 0.195796 0.577319
    outer loop
      vertex 4.68116 2.24471 11.0415
      vertex 4.68116 2.27567 11.031
      vertex 4.64533 2.25679 11.0866
    endloop
  endfacet
  facet normal 0.706729 -0.227767 0.669818
    outer loop
      vertex 4.60371 2.05053 11.1126
      vertex 4.64533 2.06645 11.0741
      vertex 4.64533 2.10321 11.0866
    endloop
  endfacet
  facet normal 0.498178 -0.0574808 -0.865168
    outer loop
      vertex 4.50603 2.12732 10.3999
      vertex 4.50603 2.18 10.3964
      vertex 4.55701 2.13116 10.429
    endloop
  endfacet
  facet normal 0.86584 0.0980102 -0.490627
    outer loop
      vertex 4.71059 2.20598 10.6027
      vertex 4.68116 2.24471 10.5585
      vertex 4.71059 2.23151 10.6078
    endloop
  endfacet
  facet normal 0.607862 0.660214 0.441159
    outer loop
      vertex 4.60371 2.44841 11.006
      vertex 4.60371 2.473 10.9692
      vertex 4.55701 2.47684 11.0278
    endloop
  endfacet
  facet normal 0.865582 0.491117 0.0978382
    outer loop
      vertex 4.71059 2.37225 10.8515
      vertex 4.71059 2.37733 10.826
      vertex 4.68116 2.42149 10.8647
    endloop
  endfacet
  facet normal 0.258214 -0.189079 0.947404
    outer loop
      vertex 4.39479 2.06577 11.2263
      vertex 4.45165 2.12438 11.2225
      vertex 4.39479 2.12239 11.2376
    endloop
  endfacet
  facet normal 0.499394 -0.849739 -0.168964
    outer loop
      vertex 4.50603 1.77986 10.7473
      vertex 4.50603 1.79016 10.6955
      vertex 4.55701 1.81859 10.7032
    endloop
  endfacet
  facet normal 0.706176 0.046397 0.706515
    outer loop
      vertex 4.60371 2.18 11.1383
      vertex 4.64533 2.18 11.0967
      vertex 4.60371 2.22416 11.1354
    endloop
  endfacet
  facet normal 0.498821 -0.169091 0.85005
    outer loop
      vertex 4.50603 2.07554 11.1898
      vertex 4.55701 2.08316 11.1614
      vertex 4.50603 2.12732 11.2001
    endloop
  endfacet
  facet normal 0.499053 0.571303 0.651581
    outer loop
      vertex 4.50603 2.42569 11.1202
      vertex 4.55701 2.44457 11.0646
      vertex 4.50603 2.46538 11.0854
    endloop
  endfacet
  facet normal 0.382322 0.768327 0.513326
    outer loop
      vertex 4.50603 2.50019 11.0457
      vertex 4.50603 2.52952 11.0018
      vertex 4.45165 2.54903 11.0131
    endloop
  endfacet
  facet normal -0.382496 0.82872 0.408559
    outer loop
      vertex 4.16235 2.57368 10.9631
      vertex 4.10797 2.55287 10.9544
      vertex 4.16235 2.54903 11.0131
    endloop
  endfacet
  facet normal 0.499057 0.720566 0.48138
    outer loop
      vertex 4.55701 2.47684 11.0278
      vertex 4.55701 2.50403 10.9871
      vertex 4.50603 2.50019 11.0457
    endloop
  endfacet
  facet normal 0.258043 -0.310299 0.914947
    outer loop
      vertex 4.39479 2.06577 11.2263
      vertex 4.45165 2.01693 11.1937
      vertex 4.45165 2.06971 11.2116
    endloop
  endfacet
  facet normal 0.130035 -0.889291 0.438465
    outer loop
      vertex 4.33643 1.79112 11.0245
      vertex 4.39479 1.77224 10.9689
      vertex 4.39479 1.79778 11.0207
    endloop
  endfacet
  facet normal 0.382596 -0.295894 0.875252
    outer loop
      vertex 4.45165 2.06971 11.2116
      vertex 4.50603 2.02555 11.1729
      vertex 4.50603 2.07554 11.1898
    endloop
  endfacet
  facet normal 0.258043 -0.188908 0.947485
    outer loop
      vertex 4.39479 2.06577 11.2263
      vertex 4.45165 2.06971 11.2116
      vertex 4.45165 2.12438 11.2225
    endloop
  endfacet
  facet normal 0 0.0646995 -0.997905
    outer loop
      vertex 4.27757 2.18 10.351
      vertex 4.33643 2.23861 10.3548
      vertex 4.33643 2.18 10.351
    endloop
  endfacet
  facet normal 0 0.0646995 -0.997905
    outer loop
      vertex 4.33643 2.23861 10.3548
      vertex 4.27757 2.18 10.351
      vertex 4.27757 2.23861 10.3548
    endloop
  endfacet
  facet normal 0.865425 0.278703 -0.41637
    outer loop
      vertex 4.71059 2.30116 10.6421
      vertex 4.68116 2.305 10.5835
      vertex 4.68116 2.33219 10.6017
    endloop
  endfacet
  facet normal 0.38184 0.906482 -0.180246
    outer loop
      vertex 4.50603 2.58014 10.7473
      vertex 4.50603 2.56984 10.6955
      vertex 4.45165 2.60247 10.7444
    endloop
  endfacet
  facet normal -0.258626 0.428114 -0.865928
    outer loop
      vertex 4.21921 2.40068 10.4178
      vertex 4.21921 2.3489 10.3922
      vertex 4.16235 2.34307 10.4063
    endloop
  endfacet
  facet normal -0.382575 0.296742 -0.874974
    outer loop
      vertex 4.16235 2.34307 10.4063
      vertex 4.16235 2.29029 10.3884
      vertex 4.10797 2.28446 10.4102
    endloop
  endfacet
  facet normal 0.965788 0.0507012 -0.254328
    outer loop
      vertex 4.74835 2.20272 10.7152
      vertex 4.73312 2.19888 10.6566
      vertex 4.73312 2.21744 10.6603
    endloop
  endfacet
  facet normal 0.923461 0.253298 -0.2882
    outer loop
      vertex 4.73312 2.26806 10.6852
      vertex 4.71059 2.30116 10.6421
      vertex 4.71059 2.32073 10.6593
    endloop
  endfacet
  facet normal 0.706168 0.467054 -0.532154
    outer loop
      vertex 4.64533 2.3898 10.5902
      vertex 4.60371 2.38596 10.5316
      vertex 4.60371 2.41923 10.5608
    endloop
  endfacet
  facet normal 0.608384 0.596714 -0.52326
    outer loop
      vertex 4.60371 2.41923 10.5608
      vertex 4.55701 2.44457 10.5354
      vertex 4.55701 2.47684 10.5722
    endloop
  endfacet
  facet normal 0.965887 0.170973 -0.194499
    outer loop
      vertex 4.74835 2.23344 10.7304
      vertex 4.73312 2.26806 10.6852
      vertex 4.73312 2.28228 10.6977
    endloop
  endfacet
  facet normal 0.923569 0.343717 0.169941
    outer loop
      vertex 4.71059 2.35236 10.8995
      vertex 4.73312 2.30527 10.8723
      vertex 4.71059 2.36388 10.8762
    endloop
  endfacet
  facet normal 0.793048 0.268585 -0.546752
    outer loop
      vertex 4.68116 2.305 10.5835
      vertex 4.64533 2.29354 10.5259
      vertex 4.64533 2.32835 10.543
    endloop
  endfacet
  facet normal 0.607916 0.712174 -0.351064
    outer loop
      vertex 4.60371 2.49257 10.6705
      vertex 4.60371 2.473 10.6308
      vertex 4.55701 2.52568 10.6568
    endloop
  endfacet
  facet normal -0.381745 0.694953 -0.609353
    outer loop
      vertex 4.10797 2.50019 10.5543
      vertex 4.16235 2.48131 10.4987
      vertex 4.10797 2.46538 10.5146
    endloop
  endfacet
  facet normal 0 0.980809 -0.19497
    outer loop
      vertex 4.33643 2.61374 10.6838
      vertex 4.27757 2.62519 10.7414
      vertex 4.33643 2.62519 10.7414
    endloop
  endfacet
  facet normal 0 0.980809 -0.19497
    outer loop
      vertex 4.27757 2.62519 10.7414
      vertex 4.33643 2.61374 10.6838
      vertex 4.27757 2.61374 10.6838
    endloop
  endfacet
  facet normal -0.130271 -0.438806 0.889089
    outer loop
      vertex 4.21921 2.0111 11.2078
      vertex 4.27757 1.95548 11.1889
      vertex 4.27757 2.00816 11.2149
    endloop
  endfacet
  facet normal 0.130265 -0.317482 0.939274
    outer loop
      vertex 4.33643 2.00816 11.2149
      vertex 4.39479 2.0111 11.2078
      vertex 4.33643 2.06378 11.2337
    endloop
  endfacet
  facet normal 0.130938 -0.439377 0.888709
    outer loop
      vertex 4.33643 1.95548 11.1889
      vertex 4.39479 1.95932 11.1822
      vertex 4.39479 2.0111 11.2078
    endloop
  endfacet
  facet normal -0.79265 -0.458517 0.401831
    outer loop
      vertex 3.96867 1.9702 11.0098
      vertex 3.93284 2.00322 10.9768
      vertex 3.96867 1.94461 10.9806
    endloop
  endfacet
  facet normal -0.381862 -0.694826 -0.609424
    outer loop
      vertex 4.10797 1.85981 10.5543
      vertex 4.16235 1.87869 10.4987
      vertex 4.16235 1.84194 10.5406
    endloop
  endfacet
  facet normal -0.607895 -0.792316 0.0519551
    outer loop
      vertex 4.01029 1.84167 10.8
      vertex 4.05699 1.80584 10.8
      vertex 4.05699 1.80904 10.8488
    endloop
  endfacet
  facet normal -0.129951 -0.82444 0.550829
    outer loop
      vertex 4.21921 1.82985 11.0687
      vertex 4.21921 1.79778 11.0207
      vertex 4.27757 1.79112 11.0245
    endloop
  endfacet
  facet normal 0.706321 -0.588213 0.393847
    outer loop
      vertex 4.60371 1.887 10.9692
      vertex 4.64533 1.92305 10.9484
      vertex 4.64533 1.94461 10.9806
    endloop
  endfacet
  facet normal -0.792779 0.0391457 0.60825
    outer loop
      vertex 3.96867 2.18 11.0967
      vertex 3.93284 2.21263 11.0479
      vertex 3.93284 2.18 11.05
    endloop
  endfacet
  facet normal -0.864733 -0.0323021 0.501192
    outer loop
      vertex 3.93 2.15052 11.0432
      vertex 3.93284 2.18 11.05
      vertex 3.93 2.18 11.0451
    endloop
  endfacet
  facet normal -0.864856 -0.0322423 0.500984
    outer loop
      vertex 3.93284 2.18 11.05
      vertex 3.93 2.15052 11.0432
      vertex 3.93284 2.14737 11.0479
    endloop
  endfacet
  facet normal -0.381892 0.768194 0.513844
    outer loop
      vertex 4.16235 2.51806 11.0594
      vertex 4.16235 2.54903 11.0131
      vertex 4.10797 2.50019 11.0457
    endloop
  endfacet
  facet normal 0.130363 0.989333 -0.0649989
    outer loop
      vertex 4.39479 2.62135 10.8
      vertex 4.33643 2.62519 10.7414
      vertex 4.33643 2.62904 10.8
    endloop
  endfacet
  facet normal 0.499397 0.849719 0.169059
    outer loop
      vertex 4.55701 2.54141 10.8968
      vertex 4.55701 2.55096 10.8488
      vertex 4.50603 2.56984 10.9045
    endloop
  endfacet
  facet normal -0.793038 0.338853 0.506231
    outer loop
      vertex 3.96867 2.32835 11.057
      vertex 3.93284 2.33219 10.9983
      vertex 3.93284 2.305 11.0165
    endloop
  endfacet
  facet normal -0.792654 0.506962 0.338658
    outer loop
      vertex 3.96867 2.41539 10.9806
      vertex 3.93284 2.39651 10.925
      vertex 3.93284 2.37834 10.9522
    endloop
  endfacet
  facet normal -0.381833 0.409412 0.828604
    outer loop
      vertex 4.16235 2.34307 11.1937
      vertex 4.16235 2.39306 11.169
      vertex 4.10797 2.33445 11.1729
    endloop
  endfacet
  facet normal -0.499712 0.570391 0.651876
    outer loop
      vertex 4.10797 2.42569 11.1202
      vertex 4.05699 2.44457 11.0646
      vertex 4.05699 2.40777 11.0968
    endloop
  endfacet
  facet normal -0.129951 0.0641509 0.989443
    outer loop
      vertex 4.27757 2.23861 11.2452
      vertex 4.21921 2.23761 11.2376
      vertex 4.27757 2.18 11.249
    endloop
  endfacet
  facet normal -0.258409 -0.427931 0.866083
    outer loop
      vertex 4.16235 2.01693 11.1937
      vertex 4.16235 1.96694 11.169
      vertex 4.21921 1.95932 11.1822
    endloop
  endfacet
  facet normal 0.499324 0.849779 -0.168971
    outer loop
      vertex 4.55701 2.55096 10.7512
      vertex 4.50603 2.56984 10.6955
      vertex 4.50603 2.58014 10.7473
    endloop
  endfacet
  facet normal 0.607912 0.792303 -0.0519543
    outer loop
      vertex 4.60371 2.51543 10.7558
      vertex 4.55701 2.55096 10.7512
      vertex 4.55701 2.55416 10.8
    endloop
  endfacet
  facet normal -0.130265 -0.317482 -0.939274
    outer loop
      vertex 4.21921 2.0111 10.3922
      vertex 4.27757 2.06378 10.3663
      vertex 4.27757 2.00816 10.3851
    endloop
  endfacet
  facet normal -0.499232 -0.384024 -0.776719
    outer loop
      vertex 4.05699 2.03681 10.4543
      vertex 4.10797 2.02555 10.4271
      vertex 4.05699 1.99292 10.476
    endloop
  endfacet
  facet normal -0.498821 -0.169091 -0.85005
    outer loop
      vertex 4.05699 2.08316 10.4386
      vertex 4.10797 2.12732 10.3999
      vertex 4.10797 2.07554 10.4102
    endloop
  endfacet
  facet normal -0.258576 -0.636347 -0.726775
    outer loop
      vertex 4.16235 1.87869 10.4987
      vertex 4.21921 1.91132 10.4499
      vertex 4.21921 1.86792 10.4879
    endloop
  endfacet
  facet normal -0.130122 0.989381 -0.0647564
    outer loop
      vertex 4.21921 2.62135 10.8
      vertex 4.27757 2.62519 10.7414
      vertex 4.21921 2.61758 10.7424
    endloop
  endfacet
  facet normal -0.381705 0.609352 -0.694976
    outer loop
      vertex 4.16235 2.48131 10.4987
      vertex 4.10797 2.42569 10.4798
      vertex 4.10797 2.46538 10.5146
    endloop
  endfacet
  facet normal -0.865335 0.491591 0.0976402
    outer loop
      vertex 3.93 2.41723 10.861
      vertex 3.93284 2.42787 10.8326
      vertex 3.93 2.42299 10.832
    endloop
  endfacet
  facet normal -0.865165 0.491867 0.0977605
    outer loop
      vertex 3.93284 2.42787 10.8326
      vertex 3.93 2.41723 10.861
      vertex 3.93284 2.42149 10.8647
    endloop
  endfacet
  facet normal 0.130873 0.551117 -0.824101
    outer loop
      vertex 4.39479 2.40068 10.4178
      vertex 4.33643 2.40452 10.4111
      vertex 4.39479 2.44868 10.4499
    endloop
  endfacet
  facet normal -0.607811 0.660291 -0.441114
    outer loop
      vertex 4.05699 2.50403 10.6129
      vertex 4.05699 2.47684 10.5722
      vertex 4.01029 2.473 10.6308
    endloop
  endfacet
  facet normal -0.863677 0.223381 -0.451845
    outer loop
      vertex 3.93284 2.27567 10.569
      vertex 3.93 2.30029 10.5866
      vertex 3.93284 2.305 10.5835
    endloop
  endfacet
  facet normal -0.867718 0.218916 -0.446252
    outer loop
      vertex 3.93 2.30029 10.5866
      vertex 3.93284 2.27567 10.569
      vertex 3.93 2.27379 10.5736
    endloop
  endfacet
  facet normal -0.499736 0.481367 -0.720104
    outer loop
      vertex 4.10797 2.42569 10.4798
      vertex 4.05699 2.36708 10.476
      vertex 4.05699 2.40777 10.5032
    endloop
  endfacet
  facet normal -0.12995 0.194096 -0.972337
    outer loop
      vertex 4.27757 2.29622 10.3663
      vertex 4.27757 2.23861 10.3548
      vertex 4.21921 2.23761 10.3624
    endloop
  endfacet
  facet normal -0.12886 0.065269 -0.989512
    outer loop
      vertex 4.21921 2.23761 10.3624
      vertex 4.27757 2.18 10.351
      vertex 4.21921 2.18 10.3586
    endloop
  endfacet
  facet normal 0 -0.0646995 -0.997905
    outer loop
      vertex 4.27757 2.12139 10.3548
      vertex 4.33643 2.18 10.351
      vertex 4.33643 2.12139 10.3548
    endloop
  endfacet
  facet normal -0 -0.0646995 -0.997905
    outer loop
      vertex 4.33643 2.18 10.351
      vertex 4.27757 2.12139 10.3548
      vertex 4.27757 2.18 10.351
    endloop
  endfacet
  facet normal 0.257181 -0.536122 -0.804009
    outer loop
      vertex 4.39479 1.91132 10.4499
      vertex 4.45165 1.96694 10.431
      vertex 4.45165 1.9206 10.4619
    endloop
  endfacet
  facet normal 0.792705 -0.119267 -0.597824
    outer loop
      vertex 4.68116 2.11529 10.5585
      vertex 4.64533 2.10321 10.5134
      vertex 4.68116 2.14737 10.5521
    endloop
  endfacet
  facet normal -0.130271 -0.438806 -0.889089
    outer loop
      vertex 4.21921 2.0111 10.3922
      vertex 4.27757 2.00816 10.3851
      vertex 4.27757 1.95548 10.4111
    endloop
  endfacet
  facet normal 0.258409 -0.427931 -0.866083
    outer loop
      vertex 4.39479 1.95932 10.4178
      vertex 4.45165 2.01693 10.4063
      vertex 4.45165 1.96694 10.431
    endloop
  endfacet
  facet normal -0.382259 -0.828808 -0.408602
    outer loop
      vertex 4.10797 1.83048 10.5982
      vertex 4.16235 1.81097 10.5869
      vertex 4.16235 1.78632 10.6369
    endloop
  endfacet
  facet normal -0.130938 -0.439377 -0.888709
    outer loop
      vertex 4.21921 1.95932 10.4178
      vertex 4.21921 2.0111 10.3922
      vertex 4.27757 1.95548 10.4111
    endloop
  endfacet
  facet normal 0.706347 -0.706347 0.0463597
    outer loop
      vertex 4.64533 1.88583 10.8387
      vertex 4.60371 1.84167 10.8
      vertex 4.64533 1.88329 10.8
    endloop
  endfacet
  facet normal 0.607653 -0.752072 -0.255238
    outer loop
      vertex 4.55701 1.81859 10.7032
      vertex 4.60371 1.86742 10.6705
      vertex 4.60371 1.8532 10.7124
    endloop
  endfacet
  facet normal -0.12998 -0.889323 -0.438418
    outer loop
      vertex 4.21921 1.77224 10.6311
      vertex 4.27757 1.79112 10.5755
      vertex 4.27757 1.76514 10.6282
    endloop
  endfacet
  facet normal 0.12991 -0.653168 -0.745986
    outer loop
      vertex 4.33643 1.86248 10.4825
      vertex 4.39479 1.91132 10.4499
      vertex 4.39479 1.86792 10.4879
    endloop
  endfacet
  facet normal 0.499037 -0.651554 -0.571349
    outer loop
      vertex 4.50603 1.85981 10.5543
      vertex 4.55701 1.91543 10.5354
      vertex 4.55701 1.88316 10.5722
    endloop
  endfacet
  facet normal 0.258576 -0.636347 -0.726775
    outer loop
      vertex 4.39479 1.86792 10.4879
      vertex 4.39479 1.91132 10.4499
      vertex 4.45165 1.87869 10.4987
    endloop
  endfacet
  facet normal 0.25856 -0.803216 0.536648
    outer loop
      vertex 4.39479 1.82985 11.0687
      vertex 4.39479 1.79778 11.0207
      vertex 4.45165 1.84194 11.0594
    endloop
  endfacet
  facet normal 0.381916 -0.922212 0.0605409
    outer loop
      vertex 4.45165 1.75753 10.8556
      vertex 4.45165 1.75388 10.8
      vertex 4.50603 1.77986 10.8527
    endloop
  endfacet
  facet normal -0.793096 -0.269936 -0.546016
    outer loop
      vertex 3.93284 2.08433 10.569
      vertex 3.96867 2.03165 10.543
      vertex 3.93284 2.055 10.5835
    endloop
  endfacet
  facet normal -0.381893 -0.409464 -0.828552
    outer loop
      vertex 4.10797 1.9782 10.4505
      vertex 4.10797 2.02555 10.4271
      vertex 4.16235 1.96694 10.431
    endloop
  endfacet
  facet normal -0.792745 -0.119362 -0.597753
    outer loop
      vertex 3.93284 2.14737 10.5521
      vertex 3.96867 2.14127 10.5058
      vertex 3.96867 2.10321 10.5134
    endloop
  endfacet
  facet normal -0.706722 -0.312013 -0.634974
    outer loop
      vertex 3.96867 2.06645 10.5259
      vertex 4.01029 2.05053 10.4874
      vertex 3.96867 2.03165 10.543
    endloop
  endfacet
  facet normal -0.499224 -0.864622 -0.0566024
    outer loop
      vertex 4.05699 1.80904 10.7512
      vertex 4.10797 1.77986 10.7473
      vertex 4.10797 1.77641 10.8
    endloop
  endfacet
  facet normal -0.258149 -0.866506 -0.427231
    outer loop
      vertex 4.16235 1.78632 10.6369
      vertex 4.21921 1.79778 10.5793
      vertex 4.21921 1.77224 10.6311
    endloop
  endfacet
  facet normal -0.499394 -0.849739 -0.168964
    outer loop
      vertex 4.05699 1.81859 10.7032
      vertex 4.10797 1.79016 10.6955
      vertex 4.10797 1.77986 10.7473
    endloop
  endfacet
  facet normal -0.381881 -0.87518 -0.297031
    outer loop
      vertex 4.10797 1.79016 10.6955
      vertex 4.16235 1.78632 10.6369
      vertex 4.16235 1.7684 10.6897
    endloop
  endfacet
  facet normal -0.130035 -0.889291 -0.438465
    outer loop
      vertex 4.21921 1.79778 10.5793
      vertex 4.27757 1.79112 10.5755
      vertex 4.21921 1.77224 10.6311
    endloop
  endfacet
  facet normal -0.25856 -0.803216 -0.536648
    outer loop
      vertex 4.16235 1.84194 10.5406
      vertex 4.21921 1.82985 10.5313
      vertex 4.21921 1.79778 10.5793
    endloop
  endfacet
  facet normal 0 -0.99786 -0.0653888
    outer loop
      vertex 4.27757 1.7348 10.7414
      vertex 4.33643 1.73096 10.8
      vertex 4.27757 1.73096 10.8
    endloop
  endfacet
  facet normal 0 -0.99786 -0.0653888
    outer loop
      vertex 4.33643 1.73096 10.8
      vertex 4.27757 1.7348 10.7414
      vertex 4.33643 1.7348 10.7414
    endloop
  endfacet
  facet normal -0.13029 -0.989354 -0.0648314
    outer loop
      vertex 4.21921 1.74242 10.7424
      vertex 4.27757 1.7348 10.7414
      vertex 4.27757 1.73096 10.8
    endloop
  endfacet
  facet normal -0.257307 -0.637595 0.726131
    outer loop
      vertex 4.16235 1.9206 11.1381
      vertex 4.16235 1.87869 11.1013
      vertex 4.21921 1.91132 11.1501
    endloop
  endfacet
  facet normal -0.258043 0.188908 0.947485
    outer loop
      vertex 4.21921 2.29423 11.2263
      vertex 4.16235 2.29029 11.2116
      vertex 4.16235 2.23562 11.2225
    endloop
  endfacet
  facet normal -0.706176 -0.046397 0.706515
    outer loop
      vertex 4.01029 2.18 11.1383
      vertex 3.96867 2.18 11.0967
      vertex 4.01029 2.13584 11.1354
    endloop
  endfacet
  facet normal -0.706412 -0.670253 0.22747
    outer loop
      vertex 4.01029 1.86742 10.9295
      vertex 3.96867 1.8934 10.8768
      vertex 4.01029 1.8532 10.8876
    endloop
  endfacet
  facet normal 0.607846 -0.597024 0.523532
    outer loop
      vertex 4.55701 1.88316 11.0278
      vertex 4.60371 1.91159 11.006
      vertex 4.55701 1.91543 11.0646
    endloop
  endfacet
  facet normal 0.382259 -0.828808 0.408602
    outer loop
      vertex 4.45165 1.81097 11.0131
      vertex 4.45165 1.78632 10.9631
      vertex 4.50603 1.83048 11.0018
    endloop
  endfacet
  facet normal 0.792643 -0.458512 0.40185
    outer loop
      vertex 4.64533 1.94461 10.9806
      vertex 4.68116 1.98166 10.9522
      vertex 4.68116 2.00322 10.9768
    endloop
  endfacet
  facet normal 0.607859 -0.660261 0.441093
    outer loop
      vertex 4.55701 1.88316 11.0278
      vertex 4.55701 1.85597 10.9871
      vertex 4.60371 1.91159 11.006
    endloop
  endfacet
  facet normal 0.792643 -0.458512 -0.40185
    outer loop
      vertex 4.68116 1.98166 10.6478
      vertex 4.64533 1.94461 10.6194
      vertex 4.68116 2.00322 10.6232
    endloop
  endfacet
  facet normal 0.991396 -0.085808 0.0988508
    outer loop
      vertex 4.74835 2.11792 10.8621
      vertex 4.75604 2.15919 10.8208
      vertex 4.74835 2.12656 10.8696
    endloop
  endfacet
  facet normal 0.607916 0.712174 0.351064
    outer loop
      vertex 4.60371 2.473 10.9692
      vertex 4.60371 2.49257 10.9295
      vertex 4.55701 2.52568 10.9432
    endloop
  endfacet
  facet normal 0.923574 0.31907 -0.212615
    outer loop
      vertex 4.73312 2.30527 10.7277
      vertex 4.71059 2.3379 10.6788
      vertex 4.71059 2.35236 10.7005
    endloop
  endfacet
  facet normal 0.498868 0.277564 0.82103
    outer loop
      vertex 4.50603 2.28446 11.1898
      vertex 4.55701 2.27684 11.1614
      vertex 4.50603 2.33445 11.1729
    endloop
  endfacet
  facet normal 0.3826 0.180653 0.906081
    outer loop
      vertex 4.45165 2.23562 11.2225
      vertex 4.50603 2.28446 11.1898
      vertex 4.45165 2.29029 11.2116
    endloop
  endfacet
  facet normal 0.381815 0.295998 0.875558
    outer loop
      vertex 4.50603 2.28446 11.1898
      vertex 4.50603 2.33445 11.1729
      vertex 4.45165 2.34307 11.1937
    endloop
  endfacet
  facet normal 0.129955 0.824683 0.550463
    outer loop
      vertex 4.33643 2.53624 11.0734
      vertex 4.39479 2.56222 11.0207
      vertex 4.33643 2.56888 11.0245
    endloop
  endfacet
  facet normal 0.793048 0.268585 0.546752
    outer loop
      vertex 4.64533 2.29354 11.0741
      vertex 4.68116 2.305 11.0165
      vertex 4.64533 2.32835 11.057
    endloop
  endfacet
  facet normal 0.706032 0.393566 0.588749
    outer loop
      vertex 4.60371 2.34916 11.093
      vertex 4.64533 2.32835 11.057
      vertex 4.60371 2.38596 11.0684
    endloop
  endfacet
  facet normal 0.706367 -0.227198 0.670393
    outer loop
      vertex 4.60371 2.05053 11.1126
      vertex 4.64533 2.10321 11.0866
      vertex 4.60371 2.09243 11.1268
    endloop
  endfacet
  facet normal 0.608454 -0.523483 0.596447
    outer loop
      vertex 4.55701 1.91543 11.0646
      vertex 4.60371 1.94077 11.0392
      vertex 4.60371 1.97404 11.0684
    endloop
  endfacet
  facet normal 0.706239 0.466901 0.532194
    outer loop
      vertex 4.64533 2.36062 11.0354
      vertex 4.64533 2.3898 11.0098
      vertex 4.60371 2.38596 11.0684
    endloop
  endfacet
  facet normal 0.706427 0.694181 0.138107
    outer loop
      vertex 4.64533 2.46659 10.8768
      vertex 4.64533 2.47417 10.8387
      vertex 4.60371 2.51543 10.8442
    endloop
  endfacet
  facet normal 0.499736 0.481367 0.720104
    outer loop
      vertex 4.55701 2.36708 11.124
      vertex 4.55701 2.40777 11.0968
      vertex 4.50603 2.42569 11.1202
    endloop
  endfacet
  facet normal 0.25841 0.53594 0.803737
    outer loop
      vertex 4.45165 2.39306 11.169
      vertex 4.45165 2.4394 11.1381
      vertex 4.39479 2.40068 11.1822
    endloop
  endfacet
  facet normal -0.381893 0.409464 0.828552
    outer loop
      vertex 4.16235 2.39306 11.169
      vertex 4.10797 2.3818 11.1495
      vertex 4.10797 2.33445 11.1729
    endloop
  endfacet
  facet normal 0.130265 0.317482 0.939274
    outer loop
      vertex 4.33643 2.29622 11.2337
      vertex 4.39479 2.3489 11.2078
      vertex 4.33643 2.35184 11.2149
    endloop
  endfacet
  facet normal -0.706025 -0.313571 0.634982
    outer loop
      vertex 4.01029 2.05053 11.1126
      vertex 3.96867 2.03165 11.057
      vertex 4.01029 2.01084 11.093
    endloop
  endfacet
  facet normal 0.382059 -0.922164 0.0603694
    outer loop
      vertex 4.50603 1.77986 10.8527
      vertex 4.45165 1.75388 10.8
      vertex 4.50603 1.77641 10.8
    endloop
  endfacet
  facet normal 0.130271 -0.438806 0.889089
    outer loop
      vertex 4.33643 2.00816 11.2149
      vertex 4.33643 1.95548 11.1889
      vertex 4.39479 2.0111 11.2078
    endloop
  endfacet
  facet normal 0.706239 -0.466901 0.532194
    outer loop
      vertex 4.60371 1.97404 11.0684
      vertex 4.64533 1.9702 11.0098
      vertex 4.64533 1.99938 11.0354
    endloop
  endfacet
  facet normal 0.607715 -0.441266 0.660277
    outer loop
      vertex 4.55701 1.95222 11.0968
      vertex 4.60371 1.97404 11.0684
      vertex 4.55701 1.99292 11.124
    endloop
  endfacet
  facet normal 0.607803 -0.254879 0.752072
    outer loop
      vertex 4.55701 2.08316 11.1614
      vertex 4.60371 2.05053 11.1126
      vertex 4.60371 2.09243 11.1268
    endloop
  endfacet
  facet normal 0.381893 -0.409464 0.828552
    outer loop
      vertex 4.45165 1.96694 11.169
      vertex 4.50603 1.9782 11.1495
      vertex 4.50603 2.02555 11.1729
    endloop
  endfacet
  facet normal 0.258626 -0.428114 0.865928
    outer loop
      vertex 4.39479 2.0111 11.2078
      vertex 4.39479 1.95932 11.1822
      vertex 4.45165 2.01693 11.1937
    endloop
  endfacet
  facet normal 0.258626 -0.428114 -0.865928
    outer loop
      vertex 4.39479 1.95932 10.4178
      vertex 4.39479 2.0111 10.3922
      vertex 4.45165 2.01693 10.4063
    endloop
  endfacet
  facet normal 0.129928 0.317822 -0.939206
    outer loop
      vertex 4.39479 2.29423 10.3737
      vertex 4.33643 2.29622 10.3663
      vertex 4.39479 2.3489 10.3922
    endloop
  endfacet
  facet normal 0.607817 0.596445 -0.524225
    outer loop
      vertex 4.60371 2.44841 10.594
      vertex 4.60371 2.41923 10.5608
      vertex 4.55701 2.47684 10.5722
    endloop
  endfacet
  facet normal 0.258626 0.428114 -0.865928
    outer loop
      vertex 4.45165 2.34307 10.4063
      vertex 4.39479 2.3489 10.3922
      vertex 4.39479 2.40068 10.4178
    endloop
  endfacet
  facet normal 0.86557 0.474273 0.160794
    outer loop
      vertex 4.71059 2.36388 10.8762
      vertex 4.68116 2.42149 10.8647
      vertex 4.68116 2.41098 10.8957
    endloop
  endfacet
  facet normal 0.792996 0.401778 0.457965
    outer loop
      vertex 4.64533 2.36062 11.0354
      vertex 4.68116 2.33219 10.9983
      vertex 4.64533 2.3898 11.0098
    endloop
  endfacet
  facet normal 0.792574 0.57749 -0.195788
    outer loop
      vertex 4.68116 2.41098 10.7043
      vertex 4.64533 2.45412 10.6865
      vertex 4.68116 2.42149 10.7353
    endloop
  endfacet
  facet normal 0.865386 0.221402 -0.449542
    outer loop
      vertex 4.71059 2.25616 10.6161
      vertex 4.68116 2.305 10.5835
      vertex 4.71059 2.27951 10.6276
    endloop
  endfacet
  facet normal 0.130938 -0.439377 -0.888709
    outer loop
      vertex 4.33643 1.95548 10.4111
      vertex 4.39479 2.0111 10.3922
      vertex 4.39479 1.95932 10.4178
    endloop
  endfacet
  facet normal 0.258227 -0.0635855 -0.96399
    outer loop
      vertex 4.39479 2.12239 10.3624
      vertex 4.39479 2.18 10.3586
      vertex 4.45165 2.12438 10.3775
    endloop
  endfacet
  facet normal 0.706347 0.706347 -0.046344
    outer loop
      vertex 4.64533 2.47671 10.8
      vertex 4.60371 2.51543 10.7558
      vertex 4.60371 2.51833 10.8
    endloop
  endfacet
  facet normal 0.792616 0.401333 0.459013
    outer loop
      vertex 4.68116 2.33219 10.9983
      vertex 4.68116 2.35678 10.9768
      vertex 4.64533 2.3898 11.0098
    endloop
  endfacet
  facet normal 0.792478 0.270293 0.546737
    outer loop
      vertex 4.68116 2.27567 11.031
      vertex 4.68116 2.305 11.0165
      vertex 4.64533 2.29354 11.0741
    endloop
  endfacet
  facet normal 0.92353 0.343684 0.170215
    outer loop
      vertex 4.73312 2.30527 10.8723
      vertex 4.73312 2.31364 10.8554
      vertex 4.71059 2.36388 10.8762
    endloop
  endfacet
  facet normal 0.258546 0.7262 -0.637015
    outer loop
      vertex 4.45165 2.48131 10.4987
      vertex 4.39479 2.49208 10.4879
      vertex 4.39479 2.53015 10.5313
    endloop
  endfacet
  facet normal 0.381705 0.609352 -0.694976
    outer loop
      vertex 4.50603 2.46538 10.5146
      vertex 4.50603 2.42569 10.4798
      vertex 4.45165 2.48131 10.4987
    endloop
  endfacet
  facet normal 0.607659 0.441365 -0.660263
    outer loop
      vertex 4.60371 2.38596 10.5316
      vertex 4.55701 2.36708 10.476
      vertex 4.55701 2.40777 10.5032
    endloop
  endfacet
  facet normal 0.923544 0.363205 -0.123078
    outer loop
      vertex 4.73312 2.31364 10.7446
      vertex 4.71059 2.36388 10.7238
      vertex 4.71059 2.37225 10.7485
    endloop
  endfacet
  facet normal 0.499057 0.720566 -0.48138
    outer loop
      vertex 4.55701 2.47684 10.5722
      vertex 4.50603 2.50019 10.5543
      vertex 4.55701 2.50403 10.6129
    endloop
  endfacet
  facet normal 0 0.896932 -0.442169
    outer loop
      vertex 4.33643 2.56888 10.5755
      vertex 4.27757 2.59486 10.6282
      vertex 4.33643 2.59486 10.6282
    endloop
  endfacet
  facet normal 0 0.896932 -0.442169
    outer loop
      vertex 4.27757 2.59486 10.6282
      vertex 4.33643 2.56888 10.5755
      vertex 4.27757 2.56888 10.5755
    endloop
  endfacet
  facet normal -0.12998 0.889323 -0.438418
    outer loop
      vertex 4.27757 2.59486 10.6282
      vertex 4.27757 2.56888 10.5755
      vertex 4.21921 2.58776 10.6311
    endloop
  endfacet
  facet normal -0.257989 0.914967 -0.310286
    outer loop
      vertex 4.21921 2.60631 10.6858
      vertex 4.21921 2.58776 10.6311
      vertex 4.16235 2.5916 10.6897
    endloop
  endfacet
  facet normal -0 0.0646995 0.997905
    outer loop
      vertex 4.27757 2.23861 11.2452
      vertex 4.33643 2.18 11.249
      vertex 4.33643 2.23861 11.2452
    endloop
  endfacet
  facet normal 0 0.0646995 0.997905
    outer loop
      vertex 4.33643 2.18 11.249
      vertex 4.27757 2.23861 11.2452
      vertex 4.27757 2.18 11.249
    endloop
  endfacet
  facet normal 0.258214 0.189079 0.947404
    outer loop
      vertex 4.39479 2.23761 11.2376
      vertex 4.45165 2.23562 11.2225
      vertex 4.39479 2.29423 11.2263
    endloop
  endfacet
  facet normal -0.258113 -0.866532 0.4272
    outer loop
      vertex 4.16235 1.81097 11.0131
      vertex 4.16235 1.78632 10.9631
      vertex 4.21921 1.79778 11.0207
    endloop
  endfacet
  facet normal -0.381862 -0.694826 0.609424
    outer loop
      vertex 4.16235 1.87869 11.1013
      vertex 4.10797 1.85981 11.0457
      vertex 4.16235 1.84194 11.0594
    endloop
  endfacet
  facet normal 0 -0.751457 0.659782
    outer loop
      vertex 4.27757 1.82376 11.0734
      vertex 4.33643 1.86248 11.1175
      vertex 4.27757 1.86248 11.1175
    endloop
  endfacet
  facet normal 0 -0.751457 0.659782
    outer loop
      vertex 4.33643 1.86248 11.1175
      vertex 4.27757 1.82376 11.0734
      vertex 4.33643 1.82376 11.0734
    endloop
  endfacet
  facet normal -0.258647 -0.309631 0.915003
    outer loop
      vertex 4.21921 2.06577 11.2263
      vertex 4.16235 2.01693 11.1937
      vertex 4.21921 2.0111 11.2078
    endloop
  endfacet
  facet normal 0 -0.946897 0.321536
    outer loop
      vertex 4.27757 1.74626 10.9162
      vertex 4.33643 1.76514 10.9718
      vertex 4.27757 1.76514 10.9718
    endloop
  endfacet
  facet normal 0 -0.946897 0.321536
    outer loop
      vertex 4.33643 1.76514 10.9718
      vertex 4.27757 1.74626 10.9162
      vertex 4.33643 1.74626 10.9162
    endloop
  endfacet
  facet normal -0.258224 -0.947517 -0.188499
    outer loop
      vertex 4.16235 1.7684 10.6897
      vertex 4.21921 1.75368 10.6858
      vertex 4.21921 1.74242 10.7424
    endloop
  endfacet
  facet normal -0.258546 -0.7262 0.637015
    outer loop
      vertex 4.16235 1.87869 11.1013
      vertex 4.21921 1.82985 11.0687
      vertex 4.21921 1.86792 11.1121
    endloop
  endfacet
  facet normal -0.12998 -0.745383 0.653842
    outer loop
      vertex 4.21921 1.86792 11.1121
      vertex 4.21921 1.82985 11.0687
      vertex 4.27757 1.86248 11.1175
    endloop
  endfacet
  facet normal -0.608724 0.154215 0.77825
    outer loop
      vertex 4.05699 2.22884 11.171
      vertex 4.01029 2.26756 11.1268
      vertex 4.01029 2.22416 11.1354
    endloop
  endfacet
  facet normal -0.79304 0.338847 0.506232
    outer loop
      vertex 3.96867 2.36062 11.0354
      vertex 3.93284 2.33219 10.9983
      vertex 3.96867 2.32835 11.057
    endloop
  endfacet
  facet normal -0.864733 0.0323021 0.501192
    outer loop
      vertex 3.93284 2.18 11.05
      vertex 3.93 2.20948 11.0432
      vertex 3.93 2.18 11.0451
    endloop
  endfacet
  facet normal -0.864856 0.0322423 0.500984
    outer loop
      vertex 3.93 2.20948 11.0432
      vertex 3.93284 2.18 11.05
      vertex 3.93284 2.21263 11.0479
    endloop
  endfacet
  facet normal -0.866476 -0.099434 0.489215
    outer loop
      vertex 3.93 2.14801 11.043
      vertex 3.93 2.14555 11.0425
      vertex 3.93284 2.14737 11.0479
    endloop
  endfacet
  facet normal -0.867821 -0.159747 0.470497
    outer loop
      vertex 3.93284 2.08433 11.031
      vertex 3.93 2.11419 11.0359
      vertex 3.93 2.08621 11.0264
    endloop
  endfacet
  facet normal -0.867379 -0.159834 0.471281
    outer loop
      vertex 3.93 2.11419 11.0359
      vertex 3.93284 2.08433 11.031
      vertex 3.93284 2.11529 11.0415
    endloop
  endfacet
  facet normal -0.499092 0.777347 -0.382934
    outer loop
      vertex 4.10797 2.55287 10.6456
      vertex 4.10797 2.52952 10.5982
      vertex 4.05699 2.50403 10.6129
    endloop
  endfacet
  facet normal -0.381932 0.906466 -0.180133
    outer loop
      vertex 4.16235 2.60247 10.7444
      vertex 4.16235 2.5916 10.6897
      vertex 4.10797 2.56984 10.6955
    endloop
  endfacet
  facet normal -0.70654 0.67005 0.227671
    outer loop
      vertex 4.01029 2.49257 10.9295
      vertex 3.96867 2.46659 10.8768
      vertex 3.96867 2.45412 10.9135
    endloop
  endfacet
  facet normal -0.499066 0.651541 0.571338
    outer loop
      vertex 4.10797 2.46538 11.0854
      vertex 4.05699 2.47684 11.0278
      vertex 4.05699 2.44457 11.0646
    endloop
  endfacet
  facet normal -0.706629 0.634907 0.31236
    outer loop
      vertex 4.01029 2.49257 10.9295
      vertex 3.96867 2.45412 10.9135
      vertex 3.96867 2.43695 10.9484
    endloop
  endfacet
  facet normal 0.258212 0.964013 0.063285
    outer loop
      vertex 4.45165 2.60247 10.8556
      vertex 4.45165 2.60612 10.8
      vertex 4.39479 2.62135 10.8
    endloop
  endfacet
  facet normal 0.130122 0.989381 0.0647564
    outer loop
      vertex 4.39479 2.61758 10.8576
      vertex 4.39479 2.62135 10.8
      vertex 4.33643 2.62519 10.8586
    endloop
  endfacet
  facet normal -0.706032 0.393566 0.588749
    outer loop
      vertex 4.01029 2.38596 11.0684
      vertex 3.96867 2.32835 11.057
      vertex 4.01029 2.34916 11.093
    endloop
  endfacet
  facet normal -0.381815 0.295998 0.875558
    outer loop
      vertex 4.16235 2.34307 11.1937
      vertex 4.10797 2.33445 11.1729
      vertex 4.10797 2.28446 11.1898
    endloop
  endfacet
  facet normal -0.382575 0.296742 0.874974
    outer loop
      vertex 4.16235 2.34307 11.1937
      vertex 4.10797 2.28446 11.1898
      vertex 4.16235 2.29029 11.2116
    endloop
  endfacet
  facet normal -0.3826 0.180653 0.906081
    outer loop
      vertex 4.16235 2.29029 11.2116
      vertex 4.10797 2.28446 11.1898
      vertex 4.16235 2.23562 11.2225
    endloop
  endfacet
  facet normal -0.257204 0.537197 0.803285
    outer loop
      vertex 4.21921 2.44868 11.1501
      vertex 4.16235 2.4394 11.1381
      vertex 4.21921 2.40068 11.1822
    endloop
  endfacet
  facet normal -0.607849 0.351591 0.711971
    outer loop
      vertex 4.05699 2.32318 11.1457
      vertex 4.01029 2.34916 11.093
      vertex 4.01029 2.30947 11.1126
    endloop
  endfacet
  facet normal -0.498804 0.777326 0.383351
    outer loop
      vertex 4.10797 2.55287 10.9544
      vertex 4.05699 2.52568 10.9432
      vertex 4.05699 2.50403 10.9871
    endloop
  endfacet
  facet normal -0.499053 0.571303 0.651581
    outer loop
      vertex 4.10797 2.46538 11.0854
      vertex 4.05699 2.44457 11.0646
      vertex 4.10797 2.42569 11.1202
    endloop
  endfacet
  facet normal 0.129928 -0.317822 0.939206
    outer loop
      vertex 4.33643 2.06378 11.2337
      vertex 4.39479 2.0111 11.2078
      vertex 4.39479 2.06577 11.2263
    endloop
  endfacet
  facet normal 0 -0.0646995 0.997905
    outer loop
      vertex 4.27757 2.18 11.249
      vertex 4.33643 2.12139 11.2452
      vertex 4.33643 2.18 11.249
    endloop
  endfacet
  facet normal 0 -0.0646995 0.997905
    outer loop
      vertex 4.33643 2.12139 11.2452
      vertex 4.27757 2.18 11.249
      vertex 4.27757 2.12139 11.2452
    endloop
  endfacet
  facet normal 0.498804 0.777326 -0.383351
    outer loop
      vertex 4.55701 2.52568 10.6568
      vertex 4.55701 2.50403 10.6129
      vertex 4.50603 2.55287 10.6456
    endloop
  endfacet
  facet normal 0.382055 0.922155 0.0605371
    outer loop
      vertex 4.45165 2.60247 10.8556
      vertex 4.50603 2.58359 10.8
      vertex 4.45165 2.60612 10.8
    endloop
  endfacet
  facet normal -0.607839 0.155728 -0.77864
    outer loop
      vertex 4.05699 2.27684 10.4386
      vertex 4.05699 2.22884 10.429
      vertex 4.01029 2.26756 10.4732
    endloop
  endfacet
  facet normal -0.258043 -0.188908 -0.947485
    outer loop
      vertex 4.16235 2.12438 10.3775
      vertex 4.21921 2.06577 10.3737
      vertex 4.16235 2.06971 10.3884
    endloop
  endfacet
  facet normal 0.12998 0.889323 -0.438418
    outer loop
      vertex 4.39479 2.58776 10.6311
      vertex 4.33643 2.56888 10.5755
      vertex 4.33643 2.59486 10.6282
    endloop
  endfacet
  facet normal -0.382055 0.922155 0.0605371
    outer loop
      vertex 4.16235 2.60612 10.8
      vertex 4.10797 2.58359 10.8
      vertex 4.16235 2.60247 10.8556
    endloop
  endfacet
  facet normal -0.498821 0.169091 -0.85005
    outer loop
      vertex 4.10797 2.28446 10.4102
      vertex 4.10797 2.23268 10.3999
      vertex 4.05699 2.27684 10.4386
    endloop
  endfacet
  facet normal -0.381892 0.768194 -0.513844
    outer loop
      vertex 4.16235 2.54903 10.5869
      vertex 4.16235 2.51806 10.5406
      vertex 4.10797 2.50019 10.5543
    endloop
  endfacet
  facet normal -0.257204 0.537197 -0.803285
    outer loop
      vertex 4.21921 2.44868 10.4499
      vertex 4.21921 2.40068 10.4178
      vertex 4.16235 2.4394 10.4619
    endloop
  endfacet
  facet normal -0.381893 0.409464 -0.828552
    outer loop
      vertex 4.16235 2.39306 10.431
      vertex 4.10797 2.33445 10.4271
      vertex 4.10797 2.3818 10.4505
    endloop
  endfacet
  facet normal -0.382948 0.180224 -0.906019
    outer loop
      vertex 4.10797 2.28446 10.4102
      vertex 4.16235 2.23562 10.3775
      vertex 4.10797 2.23268 10.3999
    endloop
  endfacet
  facet normal -0.706032 0.393566 -0.588749
    outer loop
      vertex 4.01029 2.38596 10.5316
      vertex 4.01029 2.34916 10.507
      vertex 3.96867 2.32835 10.543
    endloop
  endfacet
  facet normal -0.49935 0.383853 -0.776728
    outer loop
      vertex 4.10797 2.3818 10.4505
      vertex 4.10797 2.33445 10.4271
      vertex 4.05699 2.36708 10.476
    endloop
  endfacet
  facet normal -0.258214 0.189079 -0.947404
    outer loop
      vertex 4.21921 2.29423 10.3737
      vertex 4.21921 2.23761 10.3624
      vertex 4.16235 2.23562 10.3775
    endloop
  endfacet
  facet normal -0.258227 0.0635855 -0.96399
    outer loop
      vertex 4.21921 2.23761 10.3624
      vertex 4.21921 2.18 10.3586
      vertex 4.16235 2.23562 10.3775
    endloop
  endfacet
  facet normal 0.259333 0.06238 -0.963771
    outer loop
      vertex 4.45165 2.18 10.3739
      vertex 4.39479 2.18 10.3586
      vertex 4.45165 2.23562 10.3775
    endloop
  endfacet
  facet normal 0.706354 -0.70634 0.0463436
    outer loop
      vertex 4.60371 1.84457 10.8442
      vertex 4.60371 1.84167 10.8
      vertex 4.64533 1.88583 10.8387
    endloop
  endfacet
  facet normal 0.706429 -0.694192 0.138039
    outer loop
      vertex 4.60371 1.84457 10.8442
      vertex 4.64533 1.88583 10.8387
      vertex 4.60371 1.8532 10.8876
    endloop
  endfacet
  facet normal -0.130873 -0.551117 -0.824101
    outer loop
      vertex 4.21921 1.95932 10.4178
      vertex 4.27757 1.95548 10.4111
      vertex 4.21921 1.91132 10.4499
    endloop
  endfacet
  facet normal -0.258626 -0.428114 -0.865928
    outer loop
      vertex 4.16235 2.01693 10.4063
      vertex 4.21921 2.0111 10.3922
      vertex 4.21921 1.95932 10.4178
    endloop
  endfacet
  facet normal -0.12995 -0.194096 -0.972337
    outer loop
      vertex 4.21921 2.12239 10.3624
      vertex 4.27757 2.12139 10.3548
      vertex 4.27757 2.06378 10.3663
    endloop
  endfacet
  facet normal -0.129928 -0.317822 -0.939206
    outer loop
      vertex 4.21921 2.06577 10.3737
      vertex 4.27757 2.06378 10.3663
      vertex 4.21921 2.0111 10.3922
    endloop
  endfacet
  facet normal -0.258546 -0.7262 -0.637015
    outer loop
      vertex 4.16235 1.87869 10.4987
      vertex 4.21921 1.86792 10.4879
      vertex 4.21921 1.82985 10.5313
    endloop
  endfacet
  facet normal -0.608413 -0.596102 -0.523924
    outer loop
      vertex 4.01029 1.94077 10.5608
      vertex 4.05699 1.91543 10.5354
      vertex 4.01029 1.91159 10.594
    endloop
  endfacet
  facet normal 0 -0.751457 -0.659782
    outer loop
      vertex 4.27757 1.86248 10.4825
      vertex 4.33643 1.82376 10.5266
      vertex 4.27757 1.82376 10.5266
    endloop
  endfacet
  facet normal 0 -0.751457 -0.659782
    outer loop
      vertex 4.33643 1.82376 10.5266
      vertex 4.27757 1.86248 10.4825
      vertex 4.33643 1.86248 10.4825
    endloop
  endfacet
  facet normal 0.792758 -0.608228 0.0399266
    outer loop
      vertex 4.64533 1.88583 10.8387
      vertex 4.68116 1.92999 10.8
      vertex 4.68116 1.93213 10.8326
    endloop
  endfacet
  facet normal 0.608413 -0.596102 -0.523924
    outer loop
      vertex 4.60371 1.91159 10.594
      vertex 4.55701 1.91543 10.5354
      vertex 4.60371 1.94077 10.5608
    endloop
  endfacet
  facet normal 0.258136 -0.914854 -0.310496
    outer loop
      vertex 4.39479 1.75368 10.6858
      vertex 4.45165 1.78632 10.6369
      vertex 4.45165 1.7684 10.6897
    endloop
  endfacet
  facet normal 0.498914 -0.820502 -0.279036
    outer loop
      vertex 4.50603 1.79016 10.6955
      vertex 4.50603 1.80713 10.6456
      vertex 4.55701 1.83432 10.6568
    endloop
  endfacet
  facet normal 0.258597 -0.726226 -0.636964
    outer loop
      vertex 4.39479 1.82985 10.5313
      vertex 4.45165 1.87869 10.4987
      vertex 4.45165 1.84194 10.5406
    endloop
  endfacet
  facet normal 0.499053 -0.571303 -0.651581
    outer loop
      vertex 4.50603 1.89462 10.5146
      vertex 4.50603 1.93431 10.4798
      vertex 4.55701 1.91543 10.5354
    endloop
  endfacet
  facet normal 0 -0.896932 -0.442169
    outer loop
      vertex 4.27757 1.79112 10.5755
      vertex 4.33643 1.76514 10.6282
      vertex 4.27757 1.76514 10.6282
    endloop
  endfacet
  facet normal 0 -0.896932 -0.442169
    outer loop
      vertex 4.33643 1.76514 10.6282
      vertex 4.27757 1.79112 10.5755
      vertex 4.33643 1.79112 10.5755
    endloop
  endfacet
  facet normal -0.130291 -0.938901 -0.318574
    outer loop
      vertex 4.21921 1.75368 10.6858
      vertex 4.21921 1.77224 10.6311
      vertex 4.27757 1.74626 10.6838
    endloop
  endfacet
  facet normal 0.258214 -0.189079 -0.947404
    outer loop
      vertex 4.39479 2.06577 10.3737
      vertex 4.39479 2.12239 10.3624
      vertex 4.45165 2.12438 10.3775
    endloop
  endfacet
  facet normal 0.257307 -0.637595 -0.726131
    outer loop
      vertex 4.45165 1.87869 10.4987
      vertex 4.39479 1.91132 10.4499
      vertex 4.45165 1.9206 10.4619
    endloop
  endfacet
  facet normal 0.382596 -0.295894 -0.875252
    outer loop
      vertex 4.50603 2.02555 10.4271
      vertex 4.45165 2.06971 10.3884
      vertex 4.50603 2.07554 10.4102
    endloop
  endfacet
  facet normal 0.792736 -0.0392653 -0.608299
    outer loop
      vertex 4.64533 2.14127 10.5058
      vertex 4.64533 2.18 10.5033
      vertex 4.68116 2.14737 10.5521
    endloop
  endfacet
  facet normal 0.607803 -0.254879 -0.752072
    outer loop
      vertex 4.60371 2.05053 10.4874
      vertex 4.55701 2.08316 10.4386
      vertex 4.60371 2.09243 10.4732
    endloop
  endfacet
  facet normal 0.79304 -0.338847 -0.506232
    outer loop
      vertex 4.64533 1.99938 10.5646
      vertex 4.64533 2.03165 10.543
      vertex 4.68116 2.02781 10.6017
    endloop
  endfacet
  facet normal 0.130365 -0.989349 -0.0647543
    outer loop
      vertex 4.33643 1.73096 10.8
      vertex 4.39479 1.74242 10.7424
      vertex 4.39479 1.73865 10.8
    endloop
  endfacet
  facet normal 0.499321 -0.849761 0.169067
    outer loop
      vertex 4.50603 1.77986 10.8527
      vertex 4.55701 1.80904 10.8488
      vertex 4.55701 1.81859 10.8968
    endloop
  endfacet
  facet normal -0.608725 -0.154181 -0.778256
    outer loop
      vertex 4.01029 2.13584 10.4646
      vertex 4.05699 2.13116 10.429
      vertex 4.01029 2.09243 10.4732
    endloop
  endfacet
  facet normal -0.792696 -0.195796 -0.577319
    outer loop
      vertex 3.93284 2.11529 10.5585
      vertex 3.96867 2.10321 10.5134
      vertex 3.93284 2.08433 10.569
    endloop
  endfacet
  facet normal -0.923638 -0.37588 -0.0748812
    outer loop
      vertex 3.90341 1.98267 10.774
      vertex 3.89776 2 10.7567
      vertex 3.90341 1.98775 10.7485
    endloop
  endfacet
  facet normal -0.923619 -0.375919 -0.0749262
    outer loop
      vertex 3.89776 2 10.7567
      vertex 3.90341 1.98267 10.774
      vertex 3.89617 2 10.7763
    endloop
  endfacet
  facet normal -0.923722 -0.375568 -0.0754059
    outer loop
      vertex 3.89816 2 10.7518
      vertex 3.90341 1.98775 10.7485
      vertex 3.89776 2 10.7567
    endloop
  endfacet
  facet normal -0.607653 -0.752072 0.255238
    outer loop
      vertex 4.01029 1.86742 10.9295
      vertex 4.01029 1.8532 10.8876
      vertex 4.05699 1.81859 10.8968
    endloop
  endfacet
  facet normal -0.499103 -0.777172 0.383275
    outer loop
      vertex 4.05699 1.85597 10.9871
      vertex 4.05699 1.83432 10.9432
      vertex 4.10797 1.83048 11.0018
    endloop
  endfacet
  facet normal -0.792705 -0.119267 -0.597824
    outer loop
      vertex 3.93284 2.14737 10.5521
      vertex 3.96867 2.10321 10.5134
      vertex 3.93284 2.11529 10.5585
    endloop
  endfacet
  facet normal -0.867821 0.159747 -0.470497
    outer loop
      vertex 3.93284 2.27567 10.569
      vertex 3.93 2.24581 10.5641
      vertex 3.93 2.27379 10.5736
    endloop
  endfacet
  facet normal -0.867379 0.159834 -0.471281
    outer loop
      vertex 3.93 2.24581 10.5641
      vertex 3.93284 2.27567 10.569
      vertex 3.93284 2.24471 10.5585
    endloop
  endfacet
  facet normal -0.706176 0.046397 -0.706515
    outer loop
      vertex 4.01029 2.22416 10.4646
      vertex 4.01029 2.18 10.4617
      vertex 3.96867 2.18 10.5033
    endloop
  endfacet
  facet normal -0.25856 -0.803216 0.536648
    outer loop
      vertex 4.16235 1.84194 11.0594
      vertex 4.21921 1.79778 11.0207
      vertex 4.21921 1.82985 11.0687
    endloop
  endfacet
  facet normal -0.258207 -0.914861 0.310417
    outer loop
      vertex 4.16235 1.78632 10.9631
      vertex 4.21921 1.75368 10.9142
      vertex 4.21921 1.77224 10.9689
    endloop
  endfacet
  facet normal -0.381916 -0.922212 -0.0605409
    outer loop
      vertex 4.10797 1.77986 10.7473
      vertex 4.16235 1.75753 10.7444
      vertex 4.16235 1.75388 10.8
    endloop
  endfacet
  facet normal -0.382059 -0.922164 -0.0603694
    outer loop
      vertex 4.10797 1.77641 10.8
      vertex 4.10797 1.77986 10.7473
      vertex 4.16235 1.75388 10.8
    endloop
  endfacet
  facet normal -0.258079 -0.803035 -0.537149
    outer loop
      vertex 4.16235 1.81097 10.5869
      vertex 4.16235 1.84194 10.5406
      vertex 4.21921 1.79778 10.5793
    endloop
  endfacet
  facet normal -0.12998 -0.745383 -0.653842
    outer loop
      vertex 4.21921 1.86792 10.4879
      vertex 4.27757 1.86248 10.4825
      vertex 4.21921 1.82985 10.5313
    endloop
  endfacet
  facet normal -0.130428 -0.745038 -0.654146
    outer loop
      vertex 4.21921 1.82985 10.5313
      vertex 4.27757 1.86248 10.4825
      vertex 4.27757 1.82376 10.5266
    endloop
  endfacet
  facet normal -0.258207 -0.914861 -0.310417
    outer loop
      vertex 4.16235 1.78632 10.6369
      vertex 4.21921 1.77224 10.6311
      vertex 4.21921 1.75368 10.6858
    endloop
  endfacet
  facet normal -0.258215 -0.964025 0.0630968
    outer loop
      vertex 4.16235 1.75388 10.8
      vertex 4.21921 1.73865 10.8
      vertex 4.21921 1.74242 10.8576
    endloop
  endfacet
  facet normal -0.258215 -0.964025 -0.0630968
    outer loop
      vertex 4.16235 1.75388 10.8
      vertex 4.21921 1.74242 10.7424
      vertex 4.21921 1.73865 10.8
    endloop
  endfacet
  facet normal -0.499336 -0.481051 0.720592
    outer loop
      vertex 4.05699 1.99292 11.124
      vertex 4.10797 1.93431 11.1202
      vertex 4.10797 1.9782 11.1495
    endloop
  endfacet
  facet normal -0.706168 -0.467054 0.532154
    outer loop
      vertex 4.01029 1.97404 11.0684
      vertex 3.96867 1.9702 11.0098
      vertex 4.01029 1.94077 11.0392
    endloop
  endfacet
  facet normal -0.608413 -0.596102 0.523924
    outer loop
      vertex 4.01029 1.94077 11.0392
      vertex 4.01029 1.91159 11.006
      vertex 4.05699 1.91543 11.0646
    endloop
  endfacet
  facet normal -0.499057 -0.720566 0.48138
    outer loop
      vertex 4.05699 1.88316 11.0278
      vertex 4.05699 1.85597 10.9871
      vertex 4.10797 1.85981 11.0457
    endloop
  endfacet
  facet normal -0.79304 -0.338847 0.506232
    outer loop
      vertex 3.96867 2.03165 11.057
      vertex 3.93284 2.02781 10.9983
      vertex 3.96867 1.99938 11.0354
    endloop
  endfacet
  facet normal -0.863128 -0.222408 0.453371
    outer loop
      vertex 3.93284 2.055 11.0165
      vertex 3.93 2.08396 11.0253
      vertex 3.93 2.05746 11.0123
    endloop
  endfacet
  facet normal -0.867193 -0.220689 0.4464
    outer loop
      vertex 3.93 2.08396 11.0253
      vertex 3.93284 2.055 11.0165
      vertex 3.93284 2.08433 11.031
    endloop
  endfacet
  facet normal -0.608454 -0.523483 0.596447
    outer loop
      vertex 4.01029 1.97404 11.0684
      vertex 4.01029 1.94077 11.0392
      vertex 4.05699 1.91543 11.0646
    endloop
  endfacet
  facet normal -0.706246 -0.393802 0.588333
    outer loop
      vertex 3.96867 2.03165 11.057
      vertex 3.96867 1.99938 11.0354
      vertex 4.01029 1.97404 11.0684
    endloop
  endfacet
  facet normal 0.258079 -0.803035 0.537149
    outer loop
      vertex 4.39479 1.79778 11.0207
      vertex 4.45165 1.81097 11.0131
      vertex 4.45165 1.84194 11.0594
    endloop
  endfacet
  facet normal 0.381862 -0.694826 0.609424
    outer loop
      vertex 4.45165 1.84194 11.0594
      vertex 4.50603 1.85981 11.0457
      vertex 4.45165 1.87869 11.1013
    endloop
  endfacet
  facet normal 0.607819 -0.752036 0.254947
    outer loop
      vertex 4.55701 1.83432 10.9432
      vertex 4.55701 1.81859 10.8968
      vertex 4.60371 1.86742 10.9295
    endloop
  endfacet
  facet normal 0.865562 -0.449029 0.221756
    outer loop
      vertex 4.68116 1.94902 10.8957
      vertex 4.71059 1.99612 10.8762
      vertex 4.68116 1.96349 10.925
    endloop
  endfacet
  facet normal 0.706683 -0.531438 0.467089
    outer loop
      vertex 4.60371 1.91159 11.006
      vertex 4.64533 1.94461 10.9806
      vertex 4.60371 1.94077 11.0392
    endloop
  endfacet
  facet normal 0.865575 -0.491171 0.0976222
    outer loop
      vertex 4.68116 1.93851 10.8647
      vertex 4.68116 1.93213 10.8326
      vertex 4.71059 1.98775 10.8515
    endloop
  endfacet
  facet normal 0.991392 -0.108692 0.0729956
    outer loop
      vertex 4.74835 2.10397 10.8439
      vertex 4.75604 2.15665 10.8179
      vertex 4.74835 2.11035 10.8534
    endloop
  endfacet
  facet normal 0.865584 -0.499689 0.0328017
    outer loop
      vertex 4.68116 1.93213 10.8326
      vertex 4.68116 1.92999 10.8
      vertex 4.71059 1.98097 10.8
    endloop
  endfacet
  facet normal 0.865586 -0.474245 0.160785
    outer loop
      vertex 4.68116 1.93851 10.8647
      vertex 4.71059 1.98775 10.8515
      vertex 4.68116 1.94902 10.8957
    endloop
  endfacet
  facet normal 0.923528 0.319334 -0.212418
    outer loop
      vertex 4.73312 2.29476 10.7119
      vertex 4.71059 2.3379 10.6788
      vertex 4.73312 2.30527 10.7277
    endloop
  endfacet
  facet normal 0.258113 0.866515 0.427235
    outer loop
      vertex 4.45165 2.54903 11.0131
      vertex 4.39479 2.58776 10.9689
      vertex 4.39479 2.56222 11.0207
    endloop
  endfacet
  facet normal 0.706175 0.532491 0.466659
    outer loop
      vertex 4.64533 2.3898 11.0098
      vertex 4.64533 2.41539 10.9806
      vertex 4.60371 2.41923 11.0392
    endloop
  endfacet
  facet normal 0.79272 0.597869 0.118946
    outer loop
      vertex 4.68116 2.42149 10.8647
      vertex 4.64533 2.47417 10.8387
      vertex 4.64533 2.46659 10.8768
    endloop
  endfacet
  facet normal 0.79265 0.458517 0.401831
    outer loop
      vertex 4.64533 2.3898 11.0098
      vertex 4.68116 2.35678 10.9768
      vertex 4.64533 2.41539 10.9806
    endloop
  endfacet
  facet normal 0.499227 0.864615 -0.056696
    outer loop
      vertex 4.55701 2.55096 10.7512
      vertex 4.50603 2.58014 10.7473
      vertex 4.55701 2.55416 10.8
    endloop
  endfacet
  facet normal 0.258387 0.963979 0.0630938
    outer loop
      vertex 4.45165 2.60247 10.8556
      vertex 4.39479 2.62135 10.8
      vertex 4.39479 2.61758 10.8576
    endloop
  endfacet
  facet normal 0.607839 0.254815 0.752064
    outer loop
      vertex 4.60371 2.26756 11.1268
      vertex 4.60371 2.30947 11.1126
      vertex 4.55701 2.27684 11.1614
    endloop
  endfacet
  facet normal 0.607839 0.155728 0.77864
    outer loop
      vertex 4.55701 2.22884 11.171
      vertex 4.60371 2.26756 11.1268
      vertex 4.55701 2.27684 11.1614
    endloop
  endfacet
  facet normal 0.382575 0.296742 0.874974
    outer loop
      vertex 4.45165 2.29029 11.2116
      vertex 4.50603 2.28446 11.1898
      vertex 4.45165 2.34307 11.1937
    endloop
  endfacet
  facet normal 0.129951 0.0641509 0.989443
    outer loop
      vertex 4.33643 2.18 11.249
      vertex 4.39479 2.23761 11.2376
      vertex 4.33643 2.23861 11.2452
    endloop
  endfacet
  facet normal 0.382304 0.51264 0.768794
    outer loop
      vertex 4.45165 2.39306 11.169
      vertex 4.50603 2.42569 11.1202
      vertex 4.45165 2.4394 11.1381
    endloop
  endfacet
  facet normal 0.49908 0.720538 0.481398
    outer loop
      vertex 4.50603 2.50019 11.0457
      vertex 4.55701 2.50403 10.9871
      vertex 4.50603 2.52952 11.0018
    endloop
  endfacet
  facet normal 0.130271 0.438806 0.889089
    outer loop
      vertex 4.39479 2.3489 11.2078
      vertex 4.33643 2.40452 11.1889
      vertex 4.33643 2.35184 11.2149
    endloop
  endfacet
  facet normal -0.258409 0.427931 0.866083
    outer loop
      vertex 4.21921 2.40068 11.1822
      vertex 4.16235 2.39306 11.169
      vertex 4.16235 2.34307 11.1937
    endloop
  endfacet
  facet normal 0.607849 0.351591 0.711971
    outer loop
      vertex 4.60371 2.30947 11.1126
      vertex 4.60371 2.34916 11.093
      vertex 4.55701 2.32318 11.1457
    endloop
  endfacet
  facet normal 0.607657 0.35193 0.711968
    outer loop
      vertex 4.55701 2.32318 11.1457
      vertex 4.60371 2.34916 11.093
      vertex 4.55701 2.36708 11.124
    endloop
  endfacet
  facet normal 0.706168 -0.467054 0.532154
    outer loop
      vertex 4.60371 1.94077 11.0392
      vertex 4.64533 1.9702 11.0098
      vertex 4.60371 1.97404 11.0684
    endloop
  endfacet
  facet normal 0.923466 0.253314 0.288171
    outer loop
      vertex 4.73312 2.26806 10.9148
      vertex 4.73312 2.28228 10.9023
      vertex 4.71059 2.32073 10.9407
    endloop
  endfacet
  facet normal 0.498178 -0.0574808 0.865168
    outer loop
      vertex 4.50603 2.12732 11.2001
      vertex 4.55701 2.13116 11.171
      vertex 4.50603 2.18 11.2036
    endloop
  endfacet
  facet normal 0.498145 -0.170051 0.850255
    outer loop
      vertex 4.50603 2.12732 11.2001
      vertex 4.55701 2.08316 11.1614
      vertex 4.55701 2.13116 11.171
    endloop
  endfacet
  facet normal 0.706683 0.531438 0.467089
    outer loop
      vertex 4.60371 2.41923 11.0392
      vertex 4.64533 2.41539 10.9806
      vertex 4.60371 2.44841 11.006
    endloop
  endfacet
  facet normal 0.607817 0.596445 0.524225
    outer loop
      vertex 4.60371 2.41923 11.0392
      vertex 4.60371 2.44841 11.006
      vertex 4.55701 2.47684 11.0278
    endloop
  endfacet
  facet normal 0.793038 0.338853 0.506231
    outer loop
      vertex 4.68116 2.305 11.0165
      vertex 4.68116 2.33219 10.9983
      vertex 4.64533 2.32835 11.057
    endloop
  endfacet
  facet normal 0.607655 0.441371 0.660262
    outer loop
      vertex 4.60371 2.34916 11.093
      vertex 4.60371 2.38596 11.0684
      vertex 4.55701 2.36708 11.124
    endloop
  endfacet
  facet normal 0.792758 0.608228 0.0399266
    outer loop
      vertex 4.68116 2.42787 10.8326
      vertex 4.68116 2.43001 10.8
      vertex 4.64533 2.47417 10.8387
    endloop
  endfacet
  facet normal 0.79304 0.338847 0.506232
    outer loop
      vertex 4.64533 2.32835 11.057
      vertex 4.68116 2.33219 10.9983
      vertex 4.64533 2.36062 11.0354
    endloop
  endfacet
  facet normal 0.130035 0.889291 0.438465
    outer loop
      vertex 4.39479 2.56222 11.0207
      vertex 4.39479 2.58776 10.9689
      vertex 4.33643 2.56888 11.0245
    endloop
  endfacet
  facet normal 0.381745 0.694953 0.609353
    outer loop
      vertex 4.50603 2.46538 11.0854
      vertex 4.50603 2.50019 11.0457
      vertex 4.45165 2.48131 11.1013
    endloop
  endfacet
  facet normal -0.257989 0.914967 0.310286
    outer loop
      vertex 4.21921 2.60631 10.9142
      vertex 4.16235 2.5916 10.9103
      vertex 4.21921 2.58776 10.9689
    endloop
  endfacet
  facet normal -0.381862 0.694826 0.609424
    outer loop
      vertex 4.16235 2.51806 11.0594
      vertex 4.10797 2.50019 11.0457
      vertex 4.16235 2.48131 11.1013
    endloop
  endfacet
  facet normal -0.12991 -0.194058 0.97235
    outer loop
      vertex 4.21921 2.12239 11.2376
      vertex 4.21921 2.06577 11.2263
      vertex 4.27757 2.06378 11.2337
    endloop
  endfacet
  facet normal -0.130265 -0.317482 0.939274
    outer loop
      vertex 4.27757 2.06378 11.2337
      vertex 4.21921 2.0111 11.2078
      vertex 4.27757 2.00816 11.2149
    endloop
  endfacet
  facet normal 0.499053 -0.571303 0.651581
    outer loop
      vertex 4.50603 1.89462 11.0854
      vertex 4.55701 1.91543 11.0646
      vertex 4.50603 1.93431 11.1202
    endloop
  endfacet
  facet normal 0.257307 -0.637595 0.726131
    outer loop
      vertex 4.39479 1.91132 11.1501
      vertex 4.45165 1.87869 11.1013
      vertex 4.45165 1.9206 11.1381
    endloop
  endfacet
  facet normal 0.258597 -0.726226 0.636964
    outer loop
      vertex 4.39479 1.82985 11.0687
      vertex 4.45165 1.84194 11.0594
      vertex 4.45165 1.87869 11.1013
    endloop
  endfacet
  facet normal 0.923696 0.169275 0.343703
    outer loop
      vertex 4.71059 2.25616 10.9839
      vertex 4.73312 2.23535 10.9336
      vertex 4.71059 2.27951 10.9724
    endloop
  endfacet
  facet normal 0.607655 -0.441371 0.660262
    outer loop
      vertex 4.55701 1.99292 11.124
      vertex 4.60371 1.97404 11.0684
      vertex 4.60371 2.01084 11.093
    endloop
  endfacet
  facet normal 0.607805 -0.778838 0.15487
    outer loop
      vertex 4.55701 1.80904 10.8488
      vertex 4.60371 1.84457 10.8442
      vertex 4.60371 1.8532 10.8876
    endloop
  endfacet
  facet normal 0.86584 0.0980102 0.490627
    outer loop
      vertex 4.71059 2.20598 10.9973
      vertex 4.71059 2.23151 10.9922
      vertex 4.68116 2.24471 11.0415
    endloop
  endfacet
  facet normal 0.499662 -0.481309 0.720194
    outer loop
      vertex 4.50603 1.93431 11.1202
      vertex 4.55701 1.95222 11.0968
      vertex 4.55701 1.99292 11.124
    endloop
  endfacet
  facet normal 0.382273 -0.609698 0.69436
    outer loop
      vertex 4.45165 1.9206 11.1381
      vertex 4.45165 1.87869 11.1013
      vertex 4.50603 1.93431 11.1202
    endloop
  endfacet
  facet normal 0.382983 0.0612383 0.921723
    outer loop
      vertex 4.50603 2.18 11.2036
      vertex 4.50603 2.23268 11.2001
      vertex 4.45165 2.23562 11.2225
    endloop
  endfacet
  facet normal 0.498155 0.0566901 0.865233
    outer loop
      vertex 4.55701 2.18 11.1742
      vertex 4.55701 2.22884 11.171
      vertex 4.50603 2.23268 11.2001
    endloop
  endfacet
  facet normal 0 -0.320211 0.947346
    outer loop
      vertex 4.27757 2.06378 11.2337
      vertex 4.33643 2.00816 11.2149
      vertex 4.33643 2.06378 11.2337
    endloop
  endfacet
  facet normal 0 -0.320211 0.947346
    outer loop
      vertex 4.33643 2.00816 11.2149
      vertex 4.27757 2.06378 11.2337
      vertex 4.27757 2.00816 11.2149
    endloop
  endfacet
  facet normal 0 -0.442578 0.89673
    outer loop
      vertex 4.27757 2.00816 11.2149
      vertex 4.33643 1.95548 11.1889
      vertex 4.33643 2.00816 11.2149
    endloop
  endfacet
  facet normal 0 -0.442578 0.89673
    outer loop
      vertex 4.33643 1.95548 11.1889
      vertex 4.27757 2.00816 11.2149
      vertex 4.27757 1.95548 11.1889
    endloop
  endfacet
  facet normal 0.706762 0.311923 -0.634974
    outer loop
      vertex 4.64533 2.29354 10.5259
      vertex 4.60371 2.30947 10.4874
      vertex 4.64533 2.32835 10.543
    endloop
  endfacet
  facet normal 0.705792 0.138722 -0.694704
    outer loop
      vertex 4.64533 2.21873 10.5058
      vertex 4.60371 2.22416 10.4646
      vertex 4.64533 2.25679 10.5134
    endloop
  endfacet
  facet normal 0.258647 0.309631 -0.915003
    outer loop
      vertex 4.45165 2.34307 10.4063
      vertex 4.39479 2.29423 10.3737
      vertex 4.39479 2.3489 10.3922
    endloop
  endfacet
  facet normal -0.258546 0.7262 -0.637015
    outer loop
      vertex 4.21921 2.53015 10.5313
      vertex 4.21921 2.49208 10.4879
      vertex 4.16235 2.48131 10.4987
    endloop
  endfacet
  facet normal 0.25815 0.866523 -0.427196
    outer loop
      vertex 4.45165 2.57368 10.6369
      vertex 4.45165 2.54903 10.5869
      vertex 4.39479 2.58776 10.6311
    endloop
  endfacet
  facet normal -0.258088 0.803321 -0.536719
    outer loop
      vertex 4.21921 2.56222 10.5793
      vertex 4.21921 2.53015 10.5313
      vertex 4.16235 2.54903 10.5869
    endloop
  endfacet
  facet normal 0.923528 0.287848 -0.253454
    outer loop
      vertex 4.73312 2.29476 10.7119
      vertex 4.71059 2.32073 10.6593
      vertex 4.71059 2.3379 10.6788
    endloop
  endfacet
  facet normal 0.991384 0.117162 -0.0585811
    outer loop
      vertex 4.75604 2.20549 10.7853
      vertex 4.74835 2.26111 10.7664
      vertex 4.75604 2.20719 10.7887
    endloop
  endfacet
  facet normal 0.965822 0.232279 0.11504
    outer loop
      vertex 4.73312 2.30527 10.8723
      vertex 4.74835 2.26111 10.8336
      vertex 4.73312 2.31364 10.8554
    endloop
  endfacet
  facet normal 0.96582 0.245526 -0.0831183
    outer loop
      vertex 4.74835 2.26111 10.7664
      vertex 4.73312 2.31364 10.7446
      vertex 4.74835 2.2648 10.7773
    endloop
  endfacet
  facet normal 0.923504 0.0243315 -0.382816
    outer loop
      vertex 4.73312 2.18 10.6554
      vertex 4.71059 2.20598 10.6027
      vertex 4.73312 2.19888 10.6566
    endloop
  endfacet
  facet normal 0.865392 0.278844 -0.416344
    outer loop
      vertex 4.71059 2.27951 10.6276
      vertex 4.68116 2.305 10.5835
      vertex 4.71059 2.30116 10.6421
    endloop
  endfacet
  facet normal 0.607849 0.351591 -0.711971
    outer loop
      vertex 4.60371 2.30947 10.4874
      vertex 4.55701 2.32318 10.4543
      vertex 4.60371 2.34916 10.507
    endloop
  endfacet
  facet normal 0.258043 0.188908 -0.947485
    outer loop
      vertex 4.45165 2.23562 10.3775
      vertex 4.39479 2.29423 10.3737
      vertex 4.45165 2.29029 10.3884
    endloop
  endfacet
  facet normal 0.865836 -0.0978869 -0.490658
    outer loop
      vertex 4.68116 2.11529 10.5585
      vertex 4.68116 2.14737 10.5521
      vertex 4.71059 2.12849 10.6078
    endloop
  endfacet
  facet normal 0.706176 -0.046397 -0.706515
    outer loop
      vertex 4.60371 2.13584 10.4646
      vertex 4.60371 2.18 10.4617
      vertex 4.64533 2.18 10.5033
    endloop
  endfacet
  facet normal 0.706328 -0.137566 -0.694389
    outer loop
      vertex 4.60371 2.09243 10.4732
      vertex 4.60371 2.13584 10.4646
      vertex 4.64533 2.10321 10.5134
    endloop
  endfacet
  facet normal 0.498145 -0.170051 -0.850255
    outer loop
      vertex 4.55701 2.08316 10.4386
      vertex 4.50603 2.12732 10.3999
      vertex 4.55701 2.13116 10.429
    endloop
  endfacet
  facet normal 0.991395 0.13062 0.00859341
    outer loop
      vertex 4.75604 2.20918 10.8038
      vertex 4.75604 2.20943 10.8
      vertex 4.74835 2.26704 10.8115
    endloop
  endfacet
  facet normal 0.130938 0.439377 -0.888709
    outer loop
      vertex 4.39479 2.40068 10.4178
      vertex 4.39479 2.3489 10.3922
      vertex 4.33643 2.40452 10.4111
    endloop
  endfacet
  facet normal 0.25841 0.53594 -0.803737
    outer loop
      vertex 4.45165 2.39306 10.431
      vertex 4.39479 2.40068 10.4178
      vertex 4.45165 2.4394 10.4619
    endloop
  endfacet
  facet normal 0.498914 0.820502 -0.279036
    outer loop
      vertex 4.55701 2.52568 10.6568
      vertex 4.50603 2.55287 10.6456
      vertex 4.50603 2.56984 10.6955
    endloop
  endfacet
  facet normal 0.499038 0.651578 -0.57132
    outer loop
      vertex 4.55701 2.47684 10.5722
      vertex 4.50603 2.46538 10.5146
      vertex 4.50603 2.50019 10.5543
    endloop
  endfacet
  facet normal 0.499066 0.651541 -0.571338
    outer loop
      vertex 4.55701 2.44457 10.5354
      vertex 4.50603 2.46538 10.5146
      vertex 4.55701 2.47684 10.5722
    endloop
  endfacet
  facet normal 0.79265 0.458517 -0.401831
    outer loop
      vertex 4.68116 2.35678 10.6232
      vertex 4.64533 2.3898 10.5902
      vertex 4.64533 2.41539 10.6194
    endloop
  endfacet
  facet normal 0.607647 0.752021 -0.2554
    outer loop
      vertex 4.60371 2.5068 10.7124
      vertex 4.60371 2.49257 10.6705
      vertex 4.55701 2.54141 10.7032
    endloop
  endfacet
  facet normal 0.706427 0.694181 -0.138107
    outer loop
      vertex 4.64533 2.47417 10.7613
      vertex 4.64533 2.46659 10.7232
      vertex 4.60371 2.51543 10.7558
    endloop
  endfacet
  facet normal 0.923569 0.343717 -0.169941
    outer loop
      vertex 4.73312 2.30527 10.7277
      vertex 4.71059 2.35236 10.7005
      vertex 4.71059 2.36388 10.7238
    endloop
  endfacet
  facet normal 0.706321 0.588213 -0.393847
    outer loop
      vertex 4.64533 2.43695 10.6516
      vertex 4.64533 2.41539 10.6194
      vertex 4.60371 2.473 10.6308
    endloop
  endfacet
  facet normal 0.991396 0.085808 -0.0988508
    outer loop
      vertex 4.75604 2.20081 10.7792
      vertex 4.74835 2.23344 10.7304
      vertex 4.74835 2.24208 10.7379
    endloop
  endfacet
  facet normal 0.865821 -0.0326707 -0.499286
    outer loop
      vertex 4.71059 2.15402 10.6027
      vertex 4.68116 2.14737 10.5521
      vertex 4.71059 2.18 10.601
    endloop
  endfacet
  facet normal -0.130428 0.972431 0.193304
    outer loop
      vertex 4.27757 2.61374 10.9162
      vertex 4.27757 2.62519 10.8586
      vertex 4.21921 2.60631 10.9142
    endloop
  endfacet
  facet normal 0 0.997849 -0.0655583
    outer loop
      vertex 4.33643 2.62519 10.7414
      vertex 4.27757 2.62904 10.8
      vertex 4.33643 2.62904 10.8
    endloop
  endfacet
  facet normal 0 0.997849 -0.0655583
    outer loop
      vertex 4.27757 2.62904 10.8
      vertex 4.33643 2.62519 10.7414
      vertex 4.27757 2.62519 10.7414
    endloop
  endfacet
  facet normal 0 0.980809 0.19497
    outer loop
      vertex 4.33643 2.62519 10.8586
      vertex 4.27757 2.61374 10.9162
      vertex 4.33643 2.61374 10.9162
    endloop
  endfacet
  facet normal 0 0.980809 0.19497
    outer loop
      vertex 4.27757 2.61374 10.9162
      vertex 4.33643 2.62519 10.8586
      vertex 4.27757 2.62519 10.8586
    endloop
  endfacet
  facet normal -0.258387 0.963979 0.0630938
    outer loop
      vertex 4.21921 2.61758 10.8576
      vertex 4.21921 2.62135 10.8
      vertex 4.16235 2.60247 10.8556
    endloop
  endfacet
  facet normal 0 0.946897 0.321536
    outer loop
      vertex 4.33643 2.61374 10.9162
      vertex 4.27757 2.59486 10.9718
      vertex 4.33643 2.59486 10.9718
    endloop
  endfacet
  facet normal 0 0.946897 0.321536
    outer loop
      vertex 4.27757 2.59486 10.9718
      vertex 4.33643 2.61374 10.9162
      vertex 4.27757 2.61374 10.9162
    endloop
  endfacet
  facet normal 0.130363 0.989333 0.0649989
    outer loop
      vertex 4.33643 2.62519 10.8586
      vertex 4.39479 2.62135 10.8
      vertex 4.33643 2.62904 10.8
    endloop
  endfacet
  facet normal 0.258227 -0.0635855 0.96399
    outer loop
      vertex 4.39479 2.12239 11.2376
      vertex 4.45165 2.12438 11.2225
      vertex 4.39479 2.18 11.2414
    endloop
  endfacet
  facet normal 0.258043 0.188908 0.947485
    outer loop
      vertex 4.45165 2.23562 11.2225
      vertex 4.45165 2.29029 11.2116
      vertex 4.39479 2.29423 11.2263
    endloop
  endfacet
  facet normal 0.12886 -0.065269 0.989512
    outer loop
      vertex 4.33643 2.18 11.249
      vertex 4.39479 2.12239 11.2376
      vertex 4.39479 2.18 11.2414
    endloop
  endfacet
  facet normal 0.129951 -0.0641509 0.989443
    outer loop
      vertex 4.33643 2.12139 11.2452
      vertex 4.39479 2.12239 11.2376
      vertex 4.33643 2.18 11.249
    endloop
  endfacet
  facet normal 0.129928 0.317822 0.939206
    outer loop
      vertex 4.39479 2.29423 11.2263
      vertex 4.39479 2.3489 11.2078
      vertex 4.33643 2.29622 11.2337
    endloop
  endfacet
  facet normal -0.607768 -0.523008 0.597561
    outer loop
      vertex 4.01029 1.97404 11.0684
      vertex 4.05699 1.91543 11.0646
      vertex 4.05699 1.95222 11.0968
    endloop
  endfacet
  facet normal -0.258079 -0.803035 0.537149
    outer loop
      vertex 4.16235 1.84194 11.0594
      vertex 4.16235 1.81097 11.0131
      vertex 4.21921 1.79778 11.0207
    endloop
  endfacet
  facet normal -0.258597 -0.726226 0.636964
    outer loop
      vertex 4.16235 1.87869 11.1013
      vertex 4.16235 1.84194 11.0594
      vertex 4.21921 1.82985 11.0687
    endloop
  endfacet
  facet normal -0.130341 -0.653461 0.745654
    outer loop
      vertex 4.21921 1.91132 11.1501
      vertex 4.27757 1.86248 11.1175
      vertex 4.27757 1.90664 11.1562
    endloop
  endfacet
  facet normal 0.258576 -0.636347 0.726775
    outer loop
      vertex 4.39479 1.86792 11.1121
      vertex 4.45165 1.87869 11.1013
      vertex 4.39479 1.91132 11.1501
    endloop
  endfacet
  facet normal -0.130062 -0.938854 0.318805
    outer loop
      vertex 4.21921 1.77224 10.9689
      vertex 4.27757 1.74626 10.9162
      vertex 4.27757 1.76514 10.9718
    endloop
  endfacet
  facet normal -0.499538 -0.820429 0.278133
    outer loop
      vertex 4.05699 1.83432 10.9432
      vertex 4.05699 1.81859 10.8968
      vertex 4.10797 1.79016 10.9045
    endloop
  endfacet
  facet normal -0.130291 -0.938901 0.318574
    outer loop
      vertex 4.21921 1.77224 10.9689
      vertex 4.21921 1.75368 10.9142
      vertex 4.27757 1.74626 10.9162
    endloop
  endfacet
  facet normal -0.12991 -0.653168 0.745986
    outer loop
      vertex 4.21921 1.91132 11.1501
      vertex 4.21921 1.86792 11.1121
      vertex 4.27757 1.86248 11.1175
    endloop
  endfacet
  facet normal -0.258576 -0.636347 0.726775
    outer loop
      vertex 4.21921 1.91132 11.1501
      vertex 4.16235 1.87869 11.1013
      vertex 4.21921 1.86792 11.1121
    endloop
  endfacet
  facet normal -0.49935 0.383853 0.776728
    outer loop
      vertex 4.10797 2.3818 11.1495
      vertex 4.05699 2.36708 11.124
      vertex 4.10797 2.33445 11.1729
    endloop
  endfacet
  facet normal -0.499295 0.278024 0.820614
    outer loop
      vertex 4.10797 2.33445 11.1729
      vertex 4.05699 2.32318 11.1457
      vertex 4.05699 2.27684 11.1614
    endloop
  endfacet
  facet normal -0.70578 0.0456339 0.70696
    outer loop
      vertex 4.01029 2.22416 11.1354
      vertex 3.96867 2.21873 11.0942
      vertex 3.96867 2.18 11.0967
    endloop
  endfacet
  facet normal -0.129951 -0.0641509 0.989443
    outer loop
      vertex 4.27757 2.18 11.249
      vertex 4.21921 2.12239 11.2376
      vertex 4.27757 2.12139 11.2452
    endloop
  endfacet
  facet normal -0.867319 0.0973832 0.488133
    outer loop
      vertex 3.93 2.24097 11.0372
      vertex 3.93284 2.21263 11.0479
      vertex 3.93284 2.24471 11.0415
    endloop
  endfacet
  facet normal -0.866521 0.0979545 0.489434
    outer loop
      vertex 3.93284 2.21263 11.0479
      vertex 3.93 2.24097 11.0372
      vertex 3.93 2.21199 11.043
    endloop
  endfacet
  facet normal -0.793096 -0.269936 0.546016
    outer loop
      vertex 3.93284 2.08433 11.031
      vertex 3.93284 2.055 11.0165
      vertex 3.96867 2.03165 11.057
    endloop
  endfacet
  facet normal -0.792779 -0.0391457 0.60825
    outer loop
      vertex 3.93284 2.18 11.05
      vertex 3.93284 2.14737 11.0479
      vertex 3.96867 2.18 11.0967
    endloop
  endfacet
  facet normal -0.863326 0.280853 -0.419273
    outer loop
      vertex 3.93 2.30463 10.5891
      vertex 3.93284 2.305 10.5835
      vertex 3.93 2.30254 10.5877
    endloop
  endfacet
  facet normal -0.863326 0.280853 0.419273
    outer loop
      vertex 3.93284 2.305 11.0165
      vertex 3.93 2.30463 11.0109
      vertex 3.93 2.30254 11.0123
    endloop
  endfacet
  facet normal -0.792996 0.401778 0.457965
    outer loop
      vertex 3.96867 2.3898 11.0098
      vertex 3.93284 2.33219 10.9983
      vertex 3.96867 2.36062 11.0354
    endloop
  endfacet
  facet normal -0.607701 0.522962 -0.597671
    outer loop
      vertex 4.05699 2.44457 10.5354
      vertex 4.05699 2.40777 10.5032
      vertex 4.01029 2.38596 10.5316
    endloop
  endfacet
  facet normal -0.607802 0.778823 -0.154953
    outer loop
      vertex 4.05699 2.55096 10.7512
      vertex 4.05699 2.54141 10.7032
      vertex 4.01029 2.51543 10.7558
    endloop
  endfacet
  facet normal -0.607912 0.792303 0.0519543
    outer loop
      vertex 4.05699 2.55096 10.8488
      vertex 4.05699 2.55416 10.8
      vertex 4.01029 2.51543 10.8442
    endloop
  endfacet
  facet normal -0.499538 0.820429 0.278133
    outer loop
      vertex 4.10797 2.56984 10.9045
      vertex 4.05699 2.54141 10.8968
      vertex 4.05699 2.52568 10.9432
    endloop
  endfacet
  facet normal -0.792762 0.597837 -0.118822
    outer loop
      vertex 3.96867 2.47417 10.7613
      vertex 3.93284 2.42149 10.7353
      vertex 3.93284 2.42787 10.7674
    endloop
  endfacet
  facet normal -0.792896 0.506337 0.339026
    outer loop
      vertex 3.96867 2.43695 10.9484
      vertex 3.93284 2.39651 10.925
      vertex 3.96867 2.41539 10.9806
    endloop
  endfacet
  facet normal -0.382322 0.768327 -0.513326
    outer loop
      vertex 4.16235 2.54903 10.5869
      vertex 4.10797 2.50019 10.5543
      vertex 4.10797 2.52952 10.5982
    endloop
  endfacet
  facet normal -0.706025 0.313571 0.634982
    outer loop
      vertex 4.01029 2.34916 11.093
      vertex 3.96867 2.32835 11.057
      vertex 4.01029 2.30947 11.1126
    endloop
  endfacet
  facet normal 0.499538 0.820429 -0.278133
    outer loop
      vertex 4.55701 2.54141 10.7032
      vertex 4.55701 2.52568 10.6568
      vertex 4.50603 2.56984 10.6955
    endloop
  endfacet
  facet normal 0 0.831736 -0.555171
    outer loop
      vertex 4.33643 2.53624 10.5266
      vertex 4.27757 2.56888 10.5755
      vertex 4.33643 2.56888 10.5755
    endloop
  endfacet
  facet normal 0 0.831736 -0.555171
    outer loop
      vertex 4.27757 2.56888 10.5755
      vertex 4.33643 2.53624 10.5266
      vertex 4.27757 2.53624 10.5266
    endloop
  endfacet
  facet normal 0.130062 0.938854 0.318805
    outer loop
      vertex 4.39479 2.58776 10.9689
      vertex 4.33643 2.61374 10.9162
      vertex 4.33643 2.59486 10.9718
    endloop
  endfacet
  facet normal -0.129955 0.824683 0.550463
    outer loop
      vertex 4.27757 2.56888 11.0245
      vertex 4.21921 2.56222 11.0207
      vertex 4.27757 2.53624 11.0734
    endloop
  endfacet
  facet normal -0.381836 -0.29684 0.875264
    outer loop
      vertex 4.16235 2.06971 11.2116
      vertex 4.10797 2.02555 11.1729
      vertex 4.16235 2.01693 11.1937
    endloop
  endfacet
  facet normal -0.607818 -0.155731 0.778656
    outer loop
      vertex 4.05699 2.13116 11.171
      vertex 4.01029 2.09243 11.1268
      vertex 4.05699 2.08316 11.1614
    endloop
  endfacet
  facet normal -0.607849 0.254799 0.752062
    outer loop
      vertex 4.05699 2.32318 11.1457
      vertex 4.01029 2.30947 11.1126
      vertex 4.05699 2.27684 11.1614
    endloop
  endfacet
  facet normal -0.498868 0.277564 0.82103
    outer loop
      vertex 4.10797 2.33445 11.1729
      vertex 4.05699 2.27684 11.1614
      vertex 4.10797 2.28446 11.1898
    endloop
  endfacet
  facet normal -0.499336 0.481051 0.720592
    outer loop
      vertex 4.10797 2.3818 11.1495
      vertex 4.10797 2.42569 11.1202
      vertex 4.05699 2.36708 11.124
    endloop
  endfacet
  facet normal -0.499736 0.481367 0.720104
    outer loop
      vertex 4.10797 2.42569 11.1202
      vertex 4.05699 2.40777 11.0968
      vertex 4.05699 2.36708 11.124
    endloop
  endfacet
  facet normal -0.607701 0.522962 0.597671
    outer loop
      vertex 4.05699 2.40777 11.0968
      vertex 4.05699 2.44457 11.0646
      vertex 4.01029 2.38596 11.0684
    endloop
  endfacet
  facet normal -0.608384 0.596714 0.52326
    outer loop
      vertex 4.05699 2.44457 11.0646
      vertex 4.05699 2.47684 11.0278
      vertex 4.01029 2.41923 11.0392
    endloop
  endfacet
  facet normal -0.382252 0.828936 0.408347
    outer loop
      vertex 4.16235 2.54903 11.0131
      vertex 4.10797 2.55287 10.9544
      vertex 4.10797 2.52952 11.0018
    endloop
  endfacet
  facet normal -0.499057 0.720566 0.48138
    outer loop
      vertex 4.10797 2.50019 11.0457
      vertex 4.05699 2.50403 10.9871
      vertex 4.05699 2.47684 11.0278
    endloop
  endfacet
  facet normal -0.259333 -0.06238 0.963771
    outer loop
      vertex 4.16235 2.18 11.2261
      vertex 4.16235 2.12438 11.2225
      vertex 4.21921 2.18 11.2414
    endloop
  endfacet
  facet normal -0.258214 -0.189079 0.947404
    outer loop
      vertex 4.21921 2.12239 11.2376
      vertex 4.16235 2.12438 11.2225
      vertex 4.21921 2.06577 11.2263
    endloop
  endfacet
  facet normal 0.607749 0.778879 -0.154879
    outer loop
      vertex 4.60371 2.5068 10.7124
      vertex 4.55701 2.54141 10.7032
      vertex 4.60371 2.51543 10.7558
    endloop
  endfacet
  facet normal 0.706462 0.69416 -0.138032
    outer loop
      vertex 4.64533 2.46659 10.7232
      vertex 4.60371 2.5068 10.7124
      vertex 4.60371 2.51543 10.7558
    endloop
  endfacet
  facet normal 0.499156 0.864661 0.056605
    outer loop
      vertex 4.50603 2.58014 10.8527
      vertex 4.55701 2.55416 10.8
      vertex 4.50603 2.58359 10.8
    endloop
  endfacet
  facet normal 0.382365 0.874807 -0.297505
    outer loop
      vertex 4.50603 2.55287 10.6456
      vertex 4.45165 2.57368 10.6369
      vertex 4.50603 2.56984 10.6955
    endloop
  endfacet
  facet normal -0.3826 -0.180653 -0.906081
    outer loop
      vertex 4.10797 2.07554 10.4102
      vertex 4.16235 2.12438 10.3775
      vertex 4.16235 2.06971 10.3884
    endloop
  endfacet
  facet normal -0.258647 -0.309631 -0.915003
    outer loop
      vertex 4.16235 2.01693 10.4063
      vertex 4.21921 2.06577 10.3737
      vertex 4.21921 2.0111 10.3922
    endloop
  endfacet
  facet normal -0.79272 0.597869 0.118946
    outer loop
      vertex 3.96867 2.46659 10.8768
      vertex 3.96867 2.47417 10.8387
      vertex 3.93284 2.42149 10.8647
    endloop
  endfacet
  facet normal -0.706246 0.393802 -0.588333
    outer loop
      vertex 3.96867 2.36062 10.5646
      vertex 4.01029 2.38596 10.5316
      vertex 3.96867 2.32835 10.543
    endloop
  endfacet
  facet normal -0.381912 0.922225 0.0603733
    outer loop
      vertex 4.16235 2.60247 10.8556
      vertex 4.10797 2.58359 10.8
      vertex 4.10797 2.58014 10.8527
    endloop
  endfacet
  facet normal -0.258212 0.964013 -0.063285
    outer loop
      vertex 4.21921 2.62135 10.8
      vertex 4.16235 2.60247 10.7444
      vertex 4.16235 2.60612 10.8
    endloop
  endfacet
  facet normal -0.381862 0.694826 -0.609424
    outer loop
      vertex 4.16235 2.51806 10.5406
      vertex 4.16235 2.48131 10.4987
      vertex 4.10797 2.50019 10.5543
    endloop
  endfacet
  facet normal -0.130035 0.889291 -0.438465
    outer loop
      vertex 4.21921 2.58776 10.6311
      vertex 4.27757 2.56888 10.5755
      vertex 4.21921 2.56222 10.5793
    endloop
  endfacet
  facet normal -0.865862 0.499209 -0.0327701
    outer loop
      vertex 3.93284 2.42787 10.7674
      vertex 3.93 2.42492 10.7975
      vertex 3.93284 2.43001 10.8
    endloop
  endfacet
  facet normal -0.865573 0.499715 -0.0326932
    outer loop
      vertex 3.93 2.42492 10.7975
      vertex 3.93284 2.42787 10.7674
      vertex 3.93 2.42299 10.768
    endloop
  endfacet
  facet normal -0.792726 0.577171 0.196112
    outer loop
      vertex 3.96867 2.46659 10.8768
      vertex 3.93284 2.42149 10.8647
      vertex 3.96867 2.45412 10.9135
    endloop
  endfacet
  facet normal 0 0.751457 -0.659782
    outer loop
      vertex 4.33643 2.49752 10.4825
      vertex 4.27757 2.53624 10.5266
      vertex 4.33643 2.53624 10.5266
    endloop
  endfacet
  facet normal 0 0.751457 -0.659782
    outer loop
      vertex 4.27757 2.53624 10.5266
      vertex 4.33643 2.49752 10.4825
      vertex 4.27757 2.49752 10.4825
    endloop
  endfacet
  facet normal -0.382273 0.609698 -0.69436
    outer loop
      vertex 4.16235 2.48131 10.4987
      vertex 4.16235 2.4394 10.4619
      vertex 4.10797 2.42569 10.4798
    endloop
  endfacet
  facet normal -0.706176 -0.046397 -0.706515
    outer loop
      vertex 3.96867 2.18 10.5033
      vertex 4.01029 2.18 10.4617
      vertex 4.01029 2.13584 10.4646
    endloop
  endfacet
  facet normal -0.706175 0.532491 -0.466659
    outer loop
      vertex 3.96867 2.41539 10.6194
      vertex 4.01029 2.41923 10.5608
      vertex 3.96867 2.3898 10.5902
    endloop
  endfacet
  facet normal -0.607655 0.441371 -0.660262
    outer loop
      vertex 4.01029 2.38596 10.5316
      vertex 4.05699 2.36708 10.476
      vertex 4.01029 2.34916 10.507
    endloop
  endfacet
  facet normal -0.499336 0.481051 -0.720592
    outer loop
      vertex 4.10797 2.42569 10.4798
      vertex 4.10797 2.3818 10.4505
      vertex 4.05699 2.36708 10.476
    endloop
  endfacet
  facet normal -0.49875 0.0574589 -0.864839
    outer loop
      vertex 4.10797 2.23268 10.3999
      vertex 4.10797 2.18 10.3964
      vertex 4.05699 2.18 10.4258
    endloop
  endfacet
  facet normal -0.381886 0.513144 -0.768665
    outer loop
      vertex 4.10797 2.42569 10.4798
      vertex 4.16235 2.39306 10.431
      vertex 4.10797 2.3818 10.4505
    endloop
  endfacet
  facet normal -0.381815 0.295998 -0.875558
    outer loop
      vertex 4.10797 2.33445 10.4271
      vertex 4.16235 2.34307 10.4063
      vertex 4.10797 2.28446 10.4102
    endloop
  endfacet
  facet normal -0.38164 0.059701 -0.922381
    outer loop
      vertex 4.16235 2.23562 10.3775
      vertex 4.16235 2.18 10.3739
      vertex 4.10797 2.18 10.3964
    endloop
  endfacet
  facet normal -0.259333 0.06238 -0.963771
    outer loop
      vertex 4.16235 2.23562 10.3775
      vertex 4.21921 2.18 10.3586
      vertex 4.16235 2.18 10.3739
    endloop
  endfacet
  facet normal -0.382983 0.0612383 -0.921723
    outer loop
      vertex 4.10797 2.23268 10.3999
      vertex 4.16235 2.23562 10.3775
      vertex 4.10797 2.18 10.3964
    endloop
  endfacet
  facet normal -0.498773 -0.0566669 -0.864878
    outer loop
      vertex 4.05699 2.18 10.4258
      vertex 4.10797 2.18 10.3964
      vertex 4.05699 2.13116 10.429
    endloop
  endfacet
  facet normal 0.258043 -0.310299 -0.914947
    outer loop
      vertex 4.45165 2.01693 10.4063
      vertex 4.39479 2.06577 10.3737
      vertex 4.45165 2.06971 10.3884
    endloop
  endfacet
  facet normal 0.129951 -0.0641509 -0.989443
    outer loop
      vertex 4.33643 2.12139 10.3548
      vertex 4.33643 2.18 10.351
      vertex 4.39479 2.12239 10.3624
    endloop
  endfacet
  facet normal 0.706168 -0.467054 -0.532154
    outer loop
      vertex 4.60371 1.94077 10.5608
      vertex 4.60371 1.97404 10.5316
      vertex 4.64533 1.9702 10.5902
    endloop
  endfacet
  facet normal 0.792654 -0.506962 -0.338658
    outer loop
      vertex 4.68116 1.96349 10.675
      vertex 4.64533 1.94461 10.6194
      vertex 4.68116 1.98166 10.6478
    endloop
  endfacet
  facet normal 0.793028 -0.400979 -0.458608
    outer loop
      vertex 4.68116 2.00322 10.6232
      vertex 4.64533 1.99938 10.5646
      vertex 4.68116 2.02781 10.6017
    endloop
  endfacet
  facet normal 0.923483 -0.253288 -0.288141
    outer loop
      vertex 4.73312 2.07772 10.6977
      vertex 4.71059 2.03926 10.6593
      vertex 4.73312 2.09194 10.6852
    endloop
  endfacet
  facet normal 0 -0.442578 -0.89673
    outer loop
      vertex 4.27757 1.95548 10.4111
      vertex 4.33643 2.00816 10.3851
      vertex 4.33643 1.95548 10.4111
    endloop
  endfacet
  facet normal -0 -0.442578 -0.89673
    outer loop
      vertex 4.33643 2.00816 10.3851
      vertex 4.27757 1.95548 10.4111
      vertex 4.27757 2.00816 10.3851
    endloop
  endfacet
  facet normal -0.258214 -0.189079 -0.947404
    outer loop
      vertex 4.16235 2.12438 10.3775
      vertex 4.21921 2.12239 10.3624
      vertex 4.21921 2.06577 10.3737
    endloop
  endfacet
  facet normal -0.12991 -0.194058 -0.97235
    outer loop
      vertex 4.21921 2.06577 10.3737
      vertex 4.21921 2.12239 10.3624
      vertex 4.27757 2.06378 10.3663
    endloop
  endfacet
  facet normal 0 -0.659083 -0.75207
    outer loop
      vertex 4.27757 1.86248 10.4825
      vertex 4.33643 1.90664 10.4438
      vertex 4.33643 1.86248 10.4825
    endloop
  endfacet
  facet normal -0 -0.659083 -0.75207
    outer loop
      vertex 4.33643 1.90664 10.4438
      vertex 4.27757 1.86248 10.4825
      vertex 4.27757 1.90664 10.4438
    endloop
  endfacet
  facet normal -0.381833 -0.409412 -0.828604
    outer loop
      vertex 4.10797 2.02555 10.4271
      vertex 4.16235 2.01693 10.4063
      vertex 4.16235 1.96694 10.431
    endloop
  endfacet
  facet normal -0.12991 -0.653168 -0.745986
    outer loop
      vertex 4.21921 1.86792 10.4879
      vertex 4.21921 1.91132 10.4499
      vertex 4.27757 1.86248 10.4825
    endloop
  endfacet
  facet normal -0.258409 -0.427931 -0.866083
    outer loop
      vertex 4.16235 1.96694 10.431
      vertex 4.16235 2.01693 10.4063
      vertex 4.21921 1.95932 10.4178
    endloop
  endfacet
  facet normal -0.607752 -0.778861 -0.154961
    outer loop
      vertex 4.01029 1.8532 10.7124
      vertex 4.05699 1.81859 10.7032
      vertex 4.05699 1.80904 10.7512
    endloop
  endfacet
  facet normal -0.792755 -0.608232 0.0399201
    outer loop
      vertex 3.93284 1.92999 10.8
      vertex 3.96867 1.88329 10.8
      vertex 3.96867 1.88583 10.8387
    endloop
  endfacet
  facet normal -0.130341 -0.653461 -0.745654
    outer loop
      vertex 4.21921 1.91132 10.4499
      vertex 4.27757 1.90664 10.4438
      vertex 4.27757 1.86248 10.4825
    endloop
  endfacet
  facet normal -0.130347 -0.551602 -0.82386
    outer loop
      vertex 4.21921 1.91132 10.4499
      vertex 4.27757 1.95548 10.4111
      vertex 4.27757 1.90664 10.4438
    endloop
  endfacet
  facet normal 0.130428 -0.745038 -0.654146
    outer loop
      vertex 4.33643 1.82376 10.5266
      vertex 4.33643 1.86248 10.4825
      vertex 4.39479 1.82985 10.5313
    endloop
  endfacet
  facet normal 0.258224 -0.947517 -0.188499
    outer loop
      vertex 4.39479 1.74242 10.7424
      vertex 4.39479 1.75368 10.6858
      vertex 4.45165 1.7684 10.6897
    endloop
  endfacet
  facet normal 0.607913 -0.7923 0.0519835
    outer loop
      vertex 4.55701 1.80904 10.8488
      vertex 4.60371 1.84167 10.8
      vertex 4.60371 1.84457 10.8442
    endloop
  endfacet
  facet normal 0.258207 -0.914861 -0.310417
    outer loop
      vertex 4.39479 1.75368 10.6858
      vertex 4.39479 1.77224 10.6311
      vertex 4.45165 1.78632 10.6369
    endloop
  endfacet
  facet normal 0.706653 -0.588307 -0.393111
    outer loop
      vertex 4.60371 1.887 10.6308
      vertex 4.60371 1.91159 10.594
      vertex 4.64533 1.94461 10.6194
    endloop
  endfacet
  facet normal 0.12998 -0.889323 -0.438418
    outer loop
      vertex 4.33643 1.76514 10.6282
      vertex 4.33643 1.79112 10.5755
      vertex 4.39479 1.77224 10.6311
    endloop
  endfacet
  facet normal 0.382365 -0.874807 -0.297505
    outer loop
      vertex 4.50603 1.79016 10.6955
      vertex 4.45165 1.78632 10.6369
      vertex 4.50603 1.80713 10.6456
    endloop
  endfacet
  facet normal 0.13029 -0.989354 -0.0648314
    outer loop
      vertex 4.33643 1.73096 10.8
      vertex 4.33643 1.7348 10.7414
      vertex 4.39479 1.74242 10.7424
    endloop
  endfacet
  facet normal 0.130283 -0.972421 -0.193453
    outer loop
      vertex 4.33643 1.7348 10.7414
      vertex 4.39479 1.75368 10.6858
      vertex 4.39479 1.74242 10.7424
    endloop
  endfacet
  facet normal 0.499336 -0.481051 -0.720592
    outer loop
      vertex 4.50603 1.93431 10.4798
      vertex 4.50603 1.9782 10.4505
      vertex 4.55701 1.99292 10.476
    endloop
  endfacet
  facet normal 0.381862 -0.694826 -0.609424
    outer loop
      vertex 4.45165 1.84194 10.5406
      vertex 4.45165 1.87869 10.4987
      vertex 4.50603 1.85981 10.5543
    endloop
  endfacet
  facet normal 0.130347 -0.551602 -0.82386
    outer loop
      vertex 4.33643 1.90664 10.4438
      vertex 4.33643 1.95548 10.4111
      vertex 4.39479 1.91132 10.4499
    endloop
  endfacet
  facet normal 0 -0.556348 -0.830949
    outer loop
      vertex 4.27757 1.90664 10.4438
      vertex 4.33643 1.95548 10.4111
      vertex 4.33643 1.90664 10.4438
    endloop
  endfacet
  facet normal -0 -0.556348 -0.830949
    outer loop
      vertex 4.33643 1.95548 10.4111
      vertex 4.27757 1.90664 10.4438
      vertex 4.27757 1.95548 10.4111
    endloop
  endfacet
  facet normal 0.607715 -0.441266 -0.660277
    outer loop
      vertex 4.55701 1.95222 10.5032
      vertex 4.55701 1.99292 10.476
      vertex 4.60371 1.97404 10.5316
    endloop
  endfacet
  facet normal 0.706683 -0.531438 -0.467089
    outer loop
      vertex 4.60371 1.91159 10.594
      vertex 4.60371 1.94077 10.5608
      vertex 4.64533 1.94461 10.6194
    endloop
  endfacet
  facet normal 0.381833 -0.409412 -0.828604
    outer loop
      vertex 4.45165 1.96694 10.431
      vertex 4.45165 2.01693 10.4063
      vertex 4.50603 2.02555 10.4271
    endloop
  endfacet
  facet normal 0.12991 -0.194058 -0.97235
    outer loop
      vertex 4.33643 2.06378 10.3663
      vertex 4.39479 2.12239 10.3624
      vertex 4.39479 2.06577 10.3737
    endloop
  endfacet
  facet normal 0.258414 -0.947507 0.188289
    outer loop
      vertex 4.39479 1.74242 10.8576
      vertex 4.45165 1.75753 10.8556
      vertex 4.45165 1.7684 10.9103
    endloop
  endfacet
  facet normal 0.130365 -0.989349 0.0647543
    outer loop
      vertex 4.39479 1.74242 10.8576
      vertex 4.33643 1.73096 10.8
      vertex 4.39479 1.73865 10.8
    endloop
  endfacet
  facet normal -0.607818 -0.155731 -0.778656
    outer loop
      vertex 4.01029 2.09243 10.4732
      vertex 4.05699 2.13116 10.429
      vertex 4.05699 2.08316 10.4386
    endloop
  endfacet
  facet normal -0.607897 -0.351575 -0.711939
    outer loop
      vertex 4.01029 2.05053 10.4874
      vertex 4.05699 2.03681 10.4543
      vertex 4.01029 2.01084 10.507
    endloop
  endfacet
  facet normal -0.867193 -0.220689 -0.4464
    outer loop
      vertex 3.93284 2.055 10.5835
      vertex 3.93 2.08396 10.5747
      vertex 3.93284 2.08433 10.569
    endloop
  endfacet
  facet normal -0.863128 -0.222408 -0.453371
    outer loop
      vertex 3.93 2.08396 10.5747
      vertex 3.93284 2.055 10.5835
      vertex 3.93 2.05746 10.5877
    endloop
  endfacet
  facet normal -0.706367 -0.227198 -0.670393
    outer loop
      vertex 3.96867 2.10321 10.5134
      vertex 4.01029 2.09243 10.4732
      vertex 4.01029 2.05053 10.4874
    endloop
  endfacet
  facet normal -0.499053 -0.571303 -0.651581
    outer loop
      vertex 4.05699 1.91543 10.5354
      vertex 4.10797 1.93431 10.4798
      vertex 4.10797 1.89462 10.5146
    endloop
  endfacet
  facet normal -0.38231 -0.768051 -0.513748
    outer loop
      vertex 4.10797 1.83048 10.5982
      vertex 4.16235 1.84194 10.5406
      vertex 4.16235 1.81097 10.5869
    endloop
  endfacet
  facet normal -0.607805 -0.778838 0.15487
    outer loop
      vertex 4.01029 1.8532 10.8876
      vertex 4.01029 1.84457 10.8442
      vertex 4.05699 1.80904 10.8488
    endloop
  endfacet
  facet normal -0.706354 -0.70634 -0.0463436
    outer loop
      vertex 3.96867 1.88583 10.7613
      vertex 4.01029 1.84457 10.7558
      vertex 4.01029 1.84167 10.8
    endloop
  endfacet
  facet normal -0.864856 0.0322423 -0.500984
    outer loop
      vertex 3.93284 2.18 10.55
      vertex 3.93 2.20948 10.5568
      vertex 3.93284 2.21263 10.5521
    endloop
  endfacet
  facet normal -0.864733 0.0323021 -0.501192
    outer loop
      vertex 3.93 2.20948 10.5568
      vertex 3.93284 2.18 10.55
      vertex 3.93 2.18 10.5549
    endloop
  endfacet
  facet normal -0.608724 0.154215 -0.77825
    outer loop
      vertex 4.01029 2.26756 10.4732
      vertex 4.05699 2.22884 10.429
      vertex 4.01029 2.22416 10.4646
    endloop
  endfacet
  facet normal -0.607895 -0.792316 -0.0519551
    outer loop
      vertex 4.01029 1.84167 10.8
      vertex 4.05699 1.80904 10.7512
      vertex 4.05699 1.80584 10.8
    endloop
  endfacet
  facet normal -0.381934 -0.906444 -0.180239
    outer loop
      vertex 4.10797 1.79016 10.6955
      vertex 4.16235 1.7684 10.6897
      vertex 4.10797 1.77986 10.7473
    endloop
  endfacet
  facet normal -0.130283 -0.972421 -0.193453
    outer loop
      vertex 4.21921 1.74242 10.7424
      vertex 4.21921 1.75368 10.6858
      vertex 4.27757 1.7348 10.7414
    endloop
  endfacet
  facet normal -0.130365 -0.989349 -0.0647543
    outer loop
      vertex 4.21921 1.73865 10.8
      vertex 4.21921 1.74242 10.7424
      vertex 4.27757 1.73096 10.8
    endloop
  endfacet
  facet normal -0.258391 -0.963966 -0.0632819
    outer loop
      vertex 4.16235 1.75753 10.7444
      vertex 4.21921 1.74242 10.7424
      vertex 4.16235 1.75388 10.8
    endloop
  endfacet
  facet normal -0.258414 -0.947507 -0.188289
    outer loop
      vertex 4.16235 1.75753 10.7444
      vertex 4.16235 1.7684 10.6897
      vertex 4.21921 1.74242 10.7424
    endloop
  endfacet
  facet normal 0 -0.99786 0.0653888
    outer loop
      vertex 4.27757 1.73096 10.8
      vertex 4.33643 1.7348 10.8586
      vertex 4.27757 1.7348 10.8586
    endloop
  endfacet
  facet normal 0 -0.99786 0.0653888
    outer loop
      vertex 4.33643 1.7348 10.8586
      vertex 4.27757 1.73096 10.8
      vertex 4.33643 1.73096 10.8
    endloop
  endfacet
  facet normal -0.129951 -0.82444 -0.550829
    outer loop
      vertex 4.21921 1.79778 10.5793
      vertex 4.21921 1.82985 10.5313
      vertex 4.27757 1.79112 10.5755
    endloop
  endfacet
  facet normal -0.130382 -0.824636 -0.550432
    outer loop
      vertex 4.21921 1.82985 10.5313
      vertex 4.27757 1.82376 10.5266
      vertex 4.27757 1.79112 10.5755
    endloop
  endfacet
  facet normal -0.499037 -0.651554 0.571349
    outer loop
      vertex 4.05699 1.91543 11.0646
      vertex 4.05699 1.88316 11.0278
      vertex 4.10797 1.85981 11.0457
    endloop
  endfacet
  facet normal -0.607715 -0.441266 0.660277
    outer loop
      vertex 4.05699 1.99292 11.124
      vertex 4.01029 1.97404 11.0684
      vertex 4.05699 1.95222 11.0968
    endloop
  endfacet
  facet normal -0.382273 -0.609698 0.69436
    outer loop
      vertex 4.10797 1.93431 11.1202
      vertex 4.16235 1.87869 11.1013
      vertex 4.16235 1.9206 11.1381
    endloop
  endfacet
  facet normal -0.258389 -0.537021 0.803022
    outer loop
      vertex 4.16235 1.96694 11.169
      vertex 4.21921 1.91132 11.1501
      vertex 4.21921 1.95932 11.1822
    endloop
  endfacet
  facet normal -0.793028 -0.400979 0.458608
    outer loop
      vertex 3.93284 2.02781 10.9983
      vertex 3.93284 2.00322 10.9768
      vertex 3.96867 1.99938 11.0354
    endloop
  endfacet
  facet normal -0.608644 0.0518752 0.791746
    outer loop
      vertex 4.05699 2.22884 11.171
      vertex 4.01029 2.18 11.1383
      vertex 4.05699 2.18 11.1742
    endloop
  endfacet
  facet normal -0.706239 -0.466901 0.532194
    outer loop
      vertex 3.96867 1.99938 11.0354
      vertex 3.96867 1.9702 11.0098
      vertex 4.01029 1.97404 11.0684
    endloop
  endfacet
  facet normal 0.706706 -0.634838 0.312326
    outer loop
      vertex 4.60371 1.86742 10.9295
      vertex 4.64533 1.90588 10.9135
      vertex 4.64533 1.92305 10.9484
    endloop
  endfacet
  facet normal 0.258113 -0.866532 0.4272
    outer loop
      vertex 4.39479 1.79778 11.0207
      vertex 4.45165 1.78632 10.9631
      vertex 4.45165 1.81097 11.0131
    endloop
  endfacet
  facet normal 0.706313 0.1376 0.694398
    outer loop
      vertex 4.60371 2.22416 11.1354
      vertex 4.64533 2.25679 11.0866
      vertex 4.60371 2.26756 11.1268
    endloop
  endfacet
  facet normal 0.923552 -0.168483 0.344477
    outer loop
      vertex 4.71059 2.08048 10.9724
      vertex 4.73312 2.10768 10.9253
      vertex 4.73312 2.12465 10.9336
    endloop
  endfacet
  facet normal 0.792755 -0.608232 0.0399201
    outer loop
      vertex 4.64533 1.88583 10.8387
      vertex 4.64533 1.88329 10.8
      vertex 4.68116 1.92999 10.8
    endloop
  endfacet
  facet normal 0.706347 -0.706347 -0.0463597
    outer loop
      vertex 4.60371 1.84167 10.8
      vertex 4.64533 1.88583 10.7613
      vertex 4.64533 1.88329 10.8
    endloop
  endfacet
  facet normal 0.706626 -0.669913 0.227807
    outer loop
      vertex 4.60371 1.86742 10.9295
      vertex 4.64533 1.8934 10.8768
      vertex 4.64533 1.90588 10.9135
    endloop
  endfacet
  facet normal 0.706412 -0.670253 -0.22747
    outer loop
      vertex 4.60371 1.8532 10.7124
      vertex 4.60371 1.86742 10.6705
      vertex 4.64533 1.8934 10.7232
    endloop
  endfacet
  facet normal 0.706239 -0.466901 -0.532194
    outer loop
      vertex 4.64533 1.9702 10.5902
      vertex 4.60371 1.97404 10.5316
      vertex 4.64533 1.99938 10.5646
    endloop
  endfacet
  facet normal 0.792798 -0.577213 -0.195694
    outer loop
      vertex 4.64533 1.8934 10.7232
      vertex 4.68116 1.94902 10.7043
      vertex 4.68116 1.93851 10.7353
    endloop
  endfacet
  facet normal 0.865476 -0.376738 0.330182
    outer loop
      vertex 4.68116 1.98166 10.9522
      vertex 4.71059 2.0221 10.9212
      vertex 4.68116 2.00322 10.9768
    endloop
  endfacet
  facet normal 0.99138 -0.0251234 0.128586
    outer loop
      vertex 4.74835 2.15728 10.8848
      vertex 4.75604 2.17616 10.8292
      vertex 4.74835 2.16854 10.887
    endloop
  endfacet
  facet normal 0.865805 -0.0980222 -0.490687
    outer loop
      vertex 4.71059 2.12849 10.6078
      vertex 4.68116 2.14737 10.5521
      vertex 4.71059 2.15402 10.6027
    endloop
  endfacet
  facet normal 0.965805 -0.194745 0.171156
    outer loop
      vertex 4.73312 2.06524 10.8881
      vertex 4.74835 2.11792 10.8621
      vertex 4.73312 2.07772 10.9023
    endloop
  endfacet
  facet normal 0.865568 -0.4743 0.160724
    outer loop
      vertex 4.68116 1.94902 10.8957
      vertex 4.71059 1.98775 10.8515
      vertex 4.71059 1.99612 10.8762
    endloop
  endfacet
  facet normal 0.865476 -0.376738 -0.330182
    outer loop
      vertex 4.68116 1.98166 10.6478
      vertex 4.68116 2.00322 10.6232
      vertex 4.71059 2.0221 10.6788
    endloop
  endfacet
  facet normal 0.991393 -0.098768 -0.0859395
    outer loop
      vertex 4.74835 2.11035 10.7466
      vertex 4.74835 2.11792 10.7379
      vertex 4.75604 2.15665 10.7821
    endloop
  endfacet
  facet normal 0.923558 0.382636 0.0251042
    outer loop
      vertex 4.73312 2.32341 10.8189
      vertex 4.73312 2.32465 10.8
      vertex 4.71059 2.37903 10.8
    endloop
  endfacet
  facet normal 0.865821 -0.0326707 0.499286
    outer loop
      vertex 4.68116 2.14737 11.0479
      vertex 4.71059 2.15402 10.9973
      vertex 4.71059 2.18 10.999
    endloop
  endfacet
  facet normal 0.499038 0.651578 0.57132
    outer loop
      vertex 4.50603 2.46538 11.0854
      vertex 4.55701 2.47684 11.0278
      vertex 4.50603 2.50019 11.0457
    endloop
  endfacet
  facet normal 0.258088 0.803321 0.536719
    outer loop
      vertex 4.39479 2.53015 11.0687
      vertex 4.45165 2.54903 11.0131
      vertex 4.39479 2.56222 11.0207
    endloop
  endfacet
  facet normal 0.498804 0.777326 0.383351
    outer loop
      vertex 4.55701 2.50403 10.9871
      vertex 4.55701 2.52568 10.9432
      vertex 4.50603 2.55287 10.9544
    endloop
  endfacet
  facet normal 0.498914 0.820502 0.279036
    outer loop
      vertex 4.55701 2.52568 10.9432
      vertex 4.50603 2.56984 10.9045
      vertex 4.50603 2.55287 10.9544
    endloop
  endfacet
  facet normal 0.792762 0.597837 0.118822
    outer loop
      vertex 4.68116 2.42149 10.8647
      vertex 4.68116 2.42787 10.8326
      vertex 4.64533 2.47417 10.8387
    endloop
  endfacet
  facet normal 0.70654 0.67005 0.227671
    outer loop
      vertex 4.64533 2.45412 10.9135
      vertex 4.64533 2.46659 10.8768
      vertex 4.60371 2.49257 10.9295
    endloop
  endfacet
  facet normal 0.499324 0.849779 0.168971
    outer loop
      vertex 4.50603 2.56984 10.9045
      vertex 4.55701 2.55096 10.8488
      vertex 4.50603 2.58014 10.8527
    endloop
  endfacet
  facet normal 0.499227 0.864615 0.056696
    outer loop
      vertex 4.55701 2.55096 10.8488
      vertex 4.55701 2.55416 10.8
      vertex 4.50603 2.58014 10.8527
    endloop
  endfacet
  facet normal 0.607802 0.778823 -0.154953
    outer loop
      vertex 4.60371 2.51543 10.7558
      vertex 4.55701 2.54141 10.7032
      vertex 4.55701 2.55096 10.7512
    endloop
  endfacet
  facet normal 0.499397 0.849719 -0.169059
    outer loop
      vertex 4.55701 2.54141 10.7032
      vertex 4.50603 2.56984 10.6955
      vertex 4.55701 2.55096 10.7512
    endloop
  endfacet
  facet normal 0.965783 -0.0836159 0.245502
    outer loop
      vertex 4.73312 2.12465 10.9336
      vertex 4.74835 2.15728 10.8848
      vertex 4.73312 2.14256 10.9397
    endloop
  endfacet
  facet normal 0.706341 0.227157 0.670434
    outer loop
      vertex 4.60371 2.26756 11.1268
      vertex 4.64533 2.25679 11.0866
      vertex 4.60371 2.30947 11.1126
    endloop
  endfacet
  facet normal 0.258626 0.428114 0.865928
    outer loop
      vertex 4.45165 2.34307 11.1937
      vertex 4.39479 2.40068 11.1822
      vertex 4.39479 2.3489 11.2078
    endloop
  endfacet
  facet normal 0.258647 0.309631 0.915003
    outer loop
      vertex 4.39479 2.29423 11.2263
      vertex 4.45165 2.34307 11.1937
      vertex 4.39479 2.3489 11.2078
    endloop
  endfacet
  facet normal 0.258598 0.637368 0.725872
    outer loop
      vertex 4.45165 2.4394 11.1381
      vertex 4.45165 2.48131 11.1013
      vertex 4.39479 2.49208 11.1121
    endloop
  endfacet
  facet normal 0.258568 0.802927 0.537076
    outer loop
      vertex 4.45165 2.51806 11.0594
      vertex 4.45165 2.54903 11.0131
      vertex 4.39479 2.53015 11.0687
    endloop
  endfacet
  facet normal 0.381833 0.409412 0.828604
    outer loop
      vertex 4.50603 2.33445 11.1729
      vertex 4.45165 2.39306 11.169
      vertex 4.45165 2.34307 11.1937
    endloop
  endfacet
  facet normal 0.257327 0.636566 0.727026
    outer loop
      vertex 4.45165 2.4394 11.1381
      vertex 4.39479 2.49208 11.1121
      vertex 4.39479 2.44868 11.1501
    endloop
  endfacet
  facet normal -0 0.659083 0.75207
    outer loop
      vertex 4.27757 2.49752 11.1175
      vertex 4.33643 2.45336 11.1562
      vertex 4.33643 2.49752 11.1175
    endloop
  endfacet
  facet normal 0 0.659083 0.75207
    outer loop
      vertex 4.33643 2.45336 11.1562
      vertex 4.27757 2.49752 11.1175
      vertex 4.27757 2.45336 11.1562
    endloop
  endfacet
  facet normal -0.258546 0.7262 0.637015
    outer loop
      vertex 4.21921 2.49208 11.1121
      vertex 4.21921 2.53015 11.0687
      vertex 4.16235 2.48131 11.1013
    endloop
  endfacet
  facet normal -0.258647 0.309631 0.915003
    outer loop
      vertex 4.21921 2.3489 11.2078
      vertex 4.16235 2.34307 11.1937
      vertex 4.21921 2.29423 11.2263
    endloop
  endfacet
  facet normal 0.706168 0.467054 0.532154
    outer loop
      vertex 4.60371 2.38596 11.0684
      vertex 4.64533 2.3898 11.0098
      vertex 4.60371 2.41923 11.0392
    endloop
  endfacet
  facet normal 0.499291 0.383939 0.776724
    outer loop
      vertex 4.55701 2.32318 11.1457
      vertex 4.55701 2.36708 11.124
      vertex 4.50603 2.33445 11.1729
    endloop
  endfacet
  facet normal 0.499295 0.278024 0.820614
    outer loop
      vertex 4.55701 2.27684 11.1614
      vertex 4.55701 2.32318 11.1457
      vertex 4.50603 2.33445 11.1729
    endloop
  endfacet
  facet normal 0.607849 0.254799 0.752062
    outer loop
      vertex 4.55701 2.27684 11.1614
      vertex 4.60371 2.30947 11.1126
      vertex 4.55701 2.32318 11.1457
    endloop
  endfacet
  facet normal 0.706353 0.63491 0.312977
    outer loop
      vertex 4.64533 2.43695 10.9484
      vertex 4.60371 2.49257 10.9295
      vertex 4.60371 2.473 10.9692
    endloop
  endfacet
  facet normal 0.607912 0.792303 0.0519543
    outer loop
      vertex 4.60371 2.51543 10.8442
      vertex 4.55701 2.55416 10.8
      vertex 4.55701 2.55096 10.8488
    endloop
  endfacet
  facet normal 0.865734 0.329443 0.376791
    outer loop
      vertex 4.68116 2.33219 10.9983
      vertex 4.71059 2.32073 10.9407
      vertex 4.68116 2.35678 10.9768
    endloop
  endfacet
  facet normal 0.865425 0.278703 0.41637
    outer loop
      vertex 4.68116 2.305 11.0165
      vertex 4.71059 2.30116 10.9579
      vertex 4.68116 2.33219 10.9983
    endloop
  endfacet
  facet normal 0.991396 0.085808 0.0988508
    outer loop
      vertex 4.74835 2.23344 10.8696
      vertex 4.75604 2.20081 10.8208
      vertex 4.74835 2.24208 10.8621
    endloop
  endfacet
  facet normal 0.12998 0.889323 0.438418
    outer loop
      vertex 4.33643 2.56888 11.0245
      vertex 4.39479 2.58776 10.9689
      vertex 4.33643 2.59486 10.9718
    endloop
  endfacet
  facet normal 0 0.831736 0.555171
    outer loop
      vertex 4.33643 2.56888 11.0245
      vertex 4.27757 2.53624 11.0734
      vertex 4.33643 2.53624 11.0734
    endloop
  endfacet
  facet normal 0 0.831736 0.555171
    outer loop
      vertex 4.27757 2.53624 11.0734
      vertex 4.33643 2.56888 11.0245
      vertex 4.27757 2.56888 11.0245
    endloop
  endfacet
  facet normal 0.381881 0.87518 0.297031
    outer loop
      vertex 4.45165 2.57368 10.9631
      vertex 4.50603 2.56984 10.9045
      vertex 4.45165 2.5916 10.9103
    endloop
  endfacet
  facet normal 0.130451 0.938933 0.318413
    outer loop
      vertex 4.39479 2.58776 10.9689
      vertex 4.39479 2.60631 10.9142
      vertex 4.33643 2.61374 10.9162
    endloop
  endfacet
  facet normal 0.130347 0.551602 0.82386
    outer loop
      vertex 4.33643 2.40452 11.1889
      vertex 4.39479 2.44868 11.1501
      vertex 4.33643 2.45336 11.1562
    endloop
  endfacet
  facet normal 0 0.751457 0.659782
    outer loop
      vertex 4.33643 2.53624 11.0734
      vertex 4.27757 2.49752 11.1175
      vertex 4.33643 2.49752 11.1175
    endloop
  endfacet
  facet normal 0 0.751457 0.659782
    outer loop
      vertex 4.27757 2.49752 11.1175
      vertex 4.33643 2.53624 11.0734
      vertex 4.27757 2.53624 11.0734
    endloop
  endfacet
  facet normal -0.130385 0.824392 0.550797
    outer loop
      vertex 4.27757 2.53624 11.0734
      vertex 4.21921 2.56222 11.0207
      vertex 4.21921 2.53015 11.0687
    endloop
  endfacet
  facet normal 0.12991 -0.194058 0.97235
    outer loop
      vertex 4.33643 2.06378 11.2337
      vertex 4.39479 2.06577 11.2263
      vertex 4.39479 2.12239 11.2376
    endloop
  endfacet
  facet normal 0.12995 -0.194096 0.972337
    outer loop
      vertex 4.33643 2.12139 11.2452
      vertex 4.33643 2.06378 11.2337
      vertex 4.39479 2.12239 11.2376
    endloop
  endfacet
  facet normal 0.258389 -0.537021 0.803022
    outer loop
      vertex 4.39479 1.95932 11.1822
      vertex 4.39479 1.91132 11.1501
      vertex 4.45165 1.96694 11.169
    endloop
  endfacet
  facet normal 0.49935 -0.383853 0.776728
    outer loop
      vertex 4.50603 1.9782 11.1495
      vertex 4.55701 1.99292 11.124
      vertex 4.50603 2.02555 11.1729
    endloop
  endfacet
  facet normal 0.130428 -0.745038 0.654146
    outer loop
      vertex 4.33643 1.82376 11.0734
      vertex 4.39479 1.82985 11.0687
      vertex 4.33643 1.86248 11.1175
    endloop
  endfacet
  facet normal 0.12998 -0.745383 0.653842
    outer loop
      vertex 4.33643 1.86248 11.1175
      vertex 4.39479 1.82985 11.0687
      vertex 4.39479 1.86792 11.1121
    endloop
  endfacet
  facet normal 0 -0.831736 0.555171
    outer loop
      vertex 4.27757 1.79112 11.0245
      vertex 4.33643 1.82376 11.0734
      vertex 4.27757 1.82376 11.0734
    endloop
  endfacet
  facet normal 0 -0.831736 0.555171
    outer loop
      vertex 4.33643 1.82376 11.0734
      vertex 4.27757 1.79112 11.0245
      vertex 4.33643 1.79112 11.0245
    endloop
  endfacet
  facet normal 0.705792 0.138722 0.694704
    outer loop
      vertex 4.64533 2.21873 11.0942
      vertex 4.64533 2.25679 11.0866
      vertex 4.60371 2.22416 11.1354
    endloop
  endfacet
  facet normal 0.865392 0.278844 0.416344
    outer loop
      vertex 4.71059 2.27951 10.9724
      vertex 4.71059 2.30116 10.9579
      vertex 4.68116 2.305 11.0165
    endloop
  endfacet
  facet normal 0.965775 -0.0835116 0.245569
    outer loop
      vertex 4.73312 2.12465 10.9336
      vertex 4.74835 2.1464 10.8811
      vertex 4.74835 2.15728 10.8848
    endloop
  endfacet
  facet normal 0.865687 0.0321502 0.499552
    outer loop
      vertex 4.68116 2.18 11.05
      vertex 4.71059 2.18 10.999
      vertex 4.68116 2.21263 11.0479
    endloop
  endfacet
  facet normal 0.607882 -0.254741 0.752055
    outer loop
      vertex 4.55701 2.03681 11.1457
      vertex 4.60371 2.05053 11.1126
      vertex 4.55701 2.08316 11.1614
    endloop
  endfacet
  facet normal 0.607897 -0.351575 0.711939
    outer loop
      vertex 4.55701 2.03681 11.1457
      vertex 4.60371 2.01084 11.093
      vertex 4.60371 2.05053 11.1126
    endloop
  endfacet
  facet normal 0.381705 -0.609352 0.694976
    outer loop
      vertex 4.45165 1.87869 11.1013
      vertex 4.50603 1.89462 11.0854
      vertex 4.50603 1.93431 11.1202
    endloop
  endfacet
  facet normal 0.499624 -0.570512 0.651837
    outer loop
      vertex 4.50603 1.93431 11.1202
      vertex 4.55701 1.91543 11.0646
      vertex 4.55701 1.95222 11.0968
    endloop
  endfacet
  facet normal 0.498821 0.169091 0.85005
    outer loop
      vertex 4.50603 2.23268 11.2001
      vertex 4.55701 2.27684 11.1614
      vertex 4.50603 2.28446 11.1898
    endloop
  endfacet
  facet normal 0.382948 0.180224 0.906019
    outer loop
      vertex 4.50603 2.23268 11.2001
      vertex 4.50603 2.28446 11.1898
      vertex 4.45165 2.23562 11.2225
    endloop
  endfacet
  facet normal 0.12886 -0.065269 -0.989512
    outer loop
      vertex 4.39479 2.12239 10.3624
      vertex 4.33643 2.18 10.351
      vertex 4.39479 2.18 10.3586
    endloop
  endfacet
  facet normal 0.258227 0.0635855 -0.96399
    outer loop
      vertex 4.45165 2.23562 10.3775
      vertex 4.39479 2.18 10.3586
      vertex 4.39479 2.23761 10.3624
    endloop
  endfacet
  facet normal 0.498868 0.277564 -0.82103
    outer loop
      vertex 4.55701 2.27684 10.4386
      vertex 4.50603 2.28446 10.4102
      vertex 4.50603 2.33445 10.4271
    endloop
  endfacet
  facet normal 0.706367 -0.227198 -0.670393
    outer loop
      vertex 4.60371 2.05053 10.4874
      vertex 4.60371 2.09243 10.4732
      vertex 4.64533 2.10321 10.5134
    endloop
  endfacet
  facet normal 0.130341 0.653461 -0.745654
    outer loop
      vertex 4.39479 2.44868 10.4499
      vertex 4.33643 2.45336 10.4438
      vertex 4.33643 2.49752 10.4825
    endloop
  endfacet
  facet normal 0 0.195756 -0.980653
    outer loop
      vertex 4.27757 2.23861 10.3548
      vertex 4.33643 2.29622 10.3663
      vertex 4.33643 2.23861 10.3548
    endloop
  endfacet
  facet normal 0 0.195756 -0.980653
    outer loop
      vertex 4.33643 2.29622 10.3663
      vertex 4.27757 2.23861 10.3548
      vertex 4.27757 2.29622 10.3663
    endloop
  endfacet
  facet normal -0.130265 0.317482 -0.939274
    outer loop
      vertex 4.27757 2.35184 10.3851
      vertex 4.27757 2.29622 10.3663
      vertex 4.21921 2.3489 10.3922
    endloop
  endfacet
  facet normal -0.130938 0.439377 -0.888709
    outer loop
      vertex 4.27757 2.40452 10.4111
      vertex 4.21921 2.3489 10.3922
      vertex 4.21921 2.40068 10.4178
    endloop
  endfacet
  facet normal -0.12998 0.745383 -0.653842
    outer loop
      vertex 4.21921 2.53015 10.5313
      vertex 4.27757 2.49752 10.4825
      vertex 4.21921 2.49208 10.4879
    endloop
  endfacet
  facet normal -0.130873 0.551117 -0.824101
    outer loop
      vertex 4.21921 2.44868 10.4499
      vertex 4.27757 2.40452 10.4111
      vertex 4.21921 2.40068 10.4178
    endloop
  endfacet
  facet normal 0.382496 0.82872 -0.408559
    outer loop
      vertex 4.50603 2.55287 10.6456
      vertex 4.45165 2.54903 10.5869
      vertex 4.45165 2.57368 10.6369
    endloop
  endfacet
  facet normal 0.382322 0.768327 -0.513326
    outer loop
      vertex 4.50603 2.52952 10.5982
      vertex 4.50603 2.50019 10.5543
      vertex 4.45165 2.54903 10.5869
    endloop
  endfacet
  facet normal 0.499053 0.571303 -0.651581
    outer loop
      vertex 4.55701 2.44457 10.5354
      vertex 4.50603 2.42569 10.4798
      vertex 4.50603 2.46538 10.5146
    endloop
  endfacet
  facet normal -0.130347 0.551602 -0.82386
    outer loop
      vertex 4.27757 2.45336 10.4438
      vertex 4.27757 2.40452 10.4111
      vertex 4.21921 2.44868 10.4499
    endloop
  endfacet
  facet normal -0.130428 0.745038 -0.654146
    outer loop
      vertex 4.27757 2.53624 10.5266
      vertex 4.27757 2.49752 10.4825
      vertex 4.21921 2.53015 10.5313
    endloop
  endfacet
  facet normal 0.923541 0.168495 -0.344501
    outer loop
      vertex 4.73312 2.23535 10.6664
      vertex 4.71059 2.27951 10.6276
      vertex 4.73312 2.25232 10.6747
    endloop
  endfacet
  facet normal 0.991394 0.128369 -0.0256738
    outer loop
      vertex 4.75604 2.20843 10.7924
      vertex 4.74835 2.2648 10.7773
      vertex 4.74835 2.26704 10.7885
    endloop
  endfacet
  facet normal 0.96575 0.0164587 -0.25895
    outer loop
      vertex 4.74835 2.18 10.7122
      vertex 4.73312 2.18 10.6554
      vertex 4.73312 2.19888 10.6566
    endloop
  endfacet
  facet normal 0.92357 0.382612 -0.0250169
    outer loop
      vertex 4.73312 2.32341 10.7811
      vertex 4.71059 2.37733 10.774
      vertex 4.71059 2.37903 10.8
    endloop
  endfacet
  facet normal 0.865555 0.499738 -0.0328049
    outer loop
      vertex 4.71059 2.37733 10.774
      vertex 4.68116 2.42787 10.7674
      vertex 4.68116 2.43001 10.8
    endloop
  endfacet
  facet normal 0.865821 0.0326707 -0.499286
    outer loop
      vertex 4.71059 2.18 10.601
      vertex 4.68116 2.21263 10.5521
      vertex 4.71059 2.20598 10.6027
    endloop
  endfacet
  facet normal 0.865739 -0.330312 -0.376018
    outer loop
      vertex 4.71059 2.03926 10.6593
      vertex 4.68116 2.00322 10.6232
      vertex 4.71059 2.05884 10.6421
    endloop
  endfacet
  facet normal 0.923482 0.123688 -0.363157
    outer loop
      vertex 4.73312 2.21744 10.6603
      vertex 4.71059 2.23151 10.6078
      vertex 4.73312 2.23535 10.6664
    endloop
  endfacet
  facet normal 0.923677 0.122274 -0.363139
    outer loop
      vertex 4.73312 2.23535 10.6664
      vertex 4.71059 2.23151 10.6078
      vertex 4.71059 2.25616 10.6161
    endloop
  endfacet
  facet normal 0.498821 0.169091 -0.85005
    outer loop
      vertex 4.55701 2.27684 10.4386
      vertex 4.50603 2.23268 10.3999
      vertex 4.50603 2.28446 10.4102
    endloop
  endfacet
  facet normal 0.3826 0.180653 -0.906081
    outer loop
      vertex 4.50603 2.28446 10.4102
      vertex 4.45165 2.23562 10.3775
      vertex 4.45165 2.29029 10.3884
    endloop
  endfacet
  facet normal 0.792736 0.0392653 -0.608299
    outer loop
      vertex 4.68116 2.21263 10.5521
      vertex 4.64533 2.18 10.5033
      vertex 4.64533 2.21873 10.5058
    endloop
  endfacet
  facet normal 0.706341 0.227157 -0.670434
    outer loop
      vertex 4.64533 2.25679 10.5134
      vertex 4.60371 2.26756 10.4732
      vertex 4.60371 2.30947 10.4874
    endloop
  endfacet
  facet normal 0.706246 -0.393802 -0.588333
    outer loop
      vertex 4.64533 1.99938 10.5646
      vertex 4.60371 1.97404 10.5316
      vertex 4.64533 2.03165 10.543
    endloop
  endfacet
  facet normal 0.792889 -0.54637 -0.269829
    outer loop
      vertex 4.68116 1.94902 10.7043
      vertex 4.64533 1.92305 10.6516
      vertex 4.68116 1.96349 10.675
    endloop
  endfacet
  facet normal 0.259333 -0.06238 -0.963771
    outer loop
      vertex 4.45165 2.12438 10.3775
      vertex 4.39479 2.18 10.3586
      vertex 4.45165 2.18 10.3739
    endloop
  endfacet
  facet normal 0.38164 0.059701 -0.922381
    outer loop
      vertex 4.50603 2.18 10.3964
      vertex 4.45165 2.18 10.3739
      vertex 4.45165 2.23562 10.3775
    endloop
  endfacet
  facet normal 0.607659 -0.351993 -0.711935
    outer loop
      vertex 4.55701 1.99292 10.476
      vertex 4.55701 2.03681 10.4543
      vertex 4.60371 2.01084 10.507
    endloop
  endfacet
  facet normal 0.865389 -0.222075 -0.449205
    outer loop
      vertex 4.68116 2.055 10.5835
      vertex 4.68116 2.08433 10.569
      vertex 4.71059 2.08048 10.6276
    endloop
  endfacet
  facet normal 0.865587 0.499691 0.0326721
    outer loop
      vertex 4.71059 2.37733 10.826
      vertex 4.71059 2.37903 10.8
      vertex 4.68116 2.43001 10.8
    endloop
  endfacet
  facet normal 0.965805 0.258712 0.0169737
    outer loop
      vertex 4.74835 2.26704 10.8115
      vertex 4.73312 2.32465 10.8
      vertex 4.73312 2.32341 10.8189
    endloop
  endfacet
  facet normal 0.965851 0.113838 0.232751
    outer loop
      vertex 4.73312 2.23535 10.9336
      vertex 4.74835 2.2239 10.876
      vertex 4.73312 2.25232 10.9253
    endloop
  endfacet
  facet normal 0.499336 0.481051 -0.720592
    outer loop
      vertex 4.55701 2.36708 10.476
      vertex 4.50603 2.3818 10.4505
      vertex 4.50603 2.42569 10.4798
    endloop
  endfacet
  facet normal 0.258409 0.427931 -0.866083
    outer loop
      vertex 4.45165 2.39306 10.431
      vertex 4.45165 2.34307 10.4063
      vertex 4.39479 2.40068 10.4178
    endloop
  endfacet
  facet normal 0.607921 0.751962 -0.254922
    outer loop
      vertex 4.60371 2.49257 10.6705
      vertex 4.55701 2.52568 10.6568
      vertex 4.55701 2.54141 10.7032
    endloop
  endfacet
  facet normal 0.607828 0.712173 -0.35122
    outer loop
      vertex 4.60371 2.473 10.6308
      vertex 4.55701 2.50403 10.6129
      vertex 4.55701 2.52568 10.6568
    endloop
  endfacet
  facet normal 0.706353 0.63491 -0.312977
    outer loop
      vertex 4.64533 2.43695 10.6516
      vertex 4.60371 2.473 10.6308
      vertex 4.60371 2.49257 10.6705
    endloop
  endfacet
  facet normal 0.792643 0.458512 -0.40185
    outer loop
      vertex 4.68116 2.35678 10.6232
      vertex 4.64533 2.41539 10.6194
      vertex 4.68116 2.37834 10.6478
    endloop
  endfacet
  facet normal 0.706239 0.466901 -0.532194
    outer loop
      vertex 4.64533 2.36062 10.5646
      vertex 4.60371 2.38596 10.5316
      vertex 4.64533 2.3898 10.5902
    endloop
  endfacet
  facet normal 0.792996 0.401778 -0.457965
    outer loop
      vertex 4.68116 2.33219 10.6017
      vertex 4.64533 2.36062 10.5646
      vertex 4.64533 2.3898 10.5902
    endloop
  endfacet
  facet normal 0.792757 0.608229 -0.0399199
    outer loop
      vertex 4.68116 2.42787 10.7674
      vertex 4.64533 2.47417 10.7613
      vertex 4.64533 2.47671 10.8
    endloop
  endfacet
  facet normal 0.792762 0.597837 -0.118822
    outer loop
      vertex 4.68116 2.42787 10.7674
      vertex 4.68116 2.42149 10.7353
      vertex 4.64533 2.47417 10.7613
    endloop
  endfacet
  facet normal 0.706629 0.634907 -0.31236
    outer loop
      vertex 4.64533 2.45412 10.6865
      vertex 4.64533 2.43695 10.6516
      vertex 4.60371 2.49257 10.6705
    endloop
  endfacet
  facet normal 0.70654 0.67005 -0.227671
    outer loop
      vertex 4.64533 2.45412 10.6865
      vertex 4.60371 2.49257 10.6705
      vertex 4.64533 2.46659 10.7232
    endloop
  endfacet
  facet normal 0.792616 0.401333 -0.459013
    outer loop
      vertex 4.68116 2.33219 10.6017
      vertex 4.64533 2.3898 10.5902
      vertex 4.68116 2.35678 10.6232
    endloop
  endfacet
  facet normal 0.706653 0.588307 -0.393111
    outer loop
      vertex 4.64533 2.41539 10.6194
      vertex 4.60371 2.44841 10.594
      vertex 4.60371 2.473 10.6308
    endloop
  endfacet
  facet normal 0.793038 0.338853 -0.506231
    outer loop
      vertex 4.68116 2.305 10.5835
      vertex 4.64533 2.32835 10.543
      vertex 4.68116 2.33219 10.6017
    endloop
  endfacet
  facet normal 0.498145 0.170051 -0.850255
    outer loop
      vertex 4.55701 2.22884 10.429
      vertex 4.50603 2.23268 10.3999
      vertex 4.55701 2.27684 10.4386
    endloop
  endfacet
  facet normal 0.865412 0.330781 -0.37636
    outer loop
      vertex 4.71059 2.30116 10.6421
      vertex 4.68116 2.33219 10.6017
      vertex 4.71059 2.32073 10.6593
    endloop
  endfacet
  facet normal 0.865734 0.329443 -0.376791
    outer loop
      vertex 4.71059 2.32073 10.6593
      vertex 4.68116 2.33219 10.6017
      vertex 4.68116 2.35678 10.6232
    endloop
  endfacet
  facet normal -0.130363 0.989333 -0.0649989
    outer loop
      vertex 4.27757 2.62904 10.8
      vertex 4.27757 2.62519 10.7414
      vertex 4.21921 2.62135 10.8
    endloop
  endfacet
  facet normal -0.258208 0.914836 0.31049
    outer loop
      vertex 4.21921 2.58776 10.9689
      vertex 4.16235 2.5916 10.9103
      vertex 4.16235 2.57368 10.9631
    endloop
  endfacet
  facet normal 0 0.997849 0.0655583
    outer loop
      vertex 4.33643 2.62904 10.8
      vertex 4.27757 2.62519 10.8586
      vertex 4.33643 2.62519 10.8586
    endloop
  endfacet
  facet normal 0 0.997849 0.0655583
    outer loop
      vertex 4.27757 2.62519 10.8586
      vertex 4.33643 2.62904 10.8
      vertex 4.27757 2.62904 10.8
    endloop
  endfacet
  facet normal 0.382983 -0.0612383 0.921723
    outer loop
      vertex 4.45165 2.12438 11.2225
      vertex 4.50603 2.12732 11.2001
      vertex 4.50603 2.18 11.2036
    endloop
  endfacet
  facet normal 0.259333 -0.06238 0.963771
    outer loop
      vertex 4.39479 2.18 11.2414
      vertex 4.45165 2.12438 11.2225
      vertex 4.45165 2.18 11.2261
    endloop
  endfacet
  facet normal -0 0.442578 0.89673
    outer loop
      vertex 4.27757 2.40452 11.1889
      vertex 4.33643 2.35184 11.2149
      vertex 4.33643 2.40452 11.1889
    endloop
  endfacet
  facet normal 0 0.442578 0.89673
    outer loop
      vertex 4.33643 2.35184 11.2149
      vertex 4.27757 2.40452 11.1889
      vertex 4.27757 2.35184 11.2149
    endloop
  endfacet
  facet normal -0 0.320211 0.947346
    outer loop
      vertex 4.27757 2.35184 11.2149
      vertex 4.33643 2.29622 11.2337
      vertex 4.33643 2.35184 11.2149
    endloop
  endfacet
  facet normal 0 0.320211 0.947346
    outer loop
      vertex 4.33643 2.29622 11.2337
      vertex 4.27757 2.35184 11.2149
      vertex 4.27757 2.29622 11.2337
    endloop
  endfacet
  facet normal 0.12991 0.194058 0.97235
    outer loop
      vertex 4.39479 2.23761 11.2376
      vertex 4.39479 2.29423 11.2263
      vertex 4.33643 2.29622 11.2337
    endloop
  endfacet
  facet normal -0.49908 -0.720538 0.481398
    outer loop
      vertex 4.10797 1.85981 11.0457
      vertex 4.05699 1.85597 10.9871
      vertex 4.10797 1.83048 11.0018
    endloop
  endfacet
  facet normal -0.258149 -0.866506 0.427231
    outer loop
      vertex 4.21921 1.79778 11.0207
      vertex 4.16235 1.78632 10.9631
      vertex 4.21921 1.77224 10.9689
    endloop
  endfacet
  facet normal 0.130347 -0.551602 0.82386
    outer loop
      vertex 4.33643 1.90664 11.1562
      vertex 4.39479 1.91132 11.1501
      vertex 4.33643 1.95548 11.1889
    endloop
  endfacet
  facet normal 0.130873 -0.551117 0.824101
    outer loop
      vertex 4.33643 1.95548 11.1889
      vertex 4.39479 1.91132 11.1501
      vertex 4.39479 1.95932 11.1822
    endloop
  endfacet
  facet normal -0.382304 -0.51264 0.768794
    outer loop
      vertex 4.16235 1.96694 11.169
      vertex 4.10797 1.93431 11.1202
      vertex 4.16235 1.9206 11.1381
    endloop
  endfacet
  facet normal -0.130873 -0.551117 0.824101
    outer loop
      vertex 4.21921 1.95932 11.1822
      vertex 4.21921 1.91132 11.1501
      vertex 4.27757 1.95548 11.1889
    endloop
  endfacet
  facet normal 0.130341 -0.653461 0.745654
    outer loop
      vertex 4.33643 1.90664 11.1562
      vertex 4.33643 1.86248 11.1175
      vertex 4.39479 1.91132 11.1501
    endloop
  endfacet
  facet normal 0.258224 -0.947517 0.188499
    outer loop
      vertex 4.39479 1.75368 10.9142
      vertex 4.39479 1.74242 10.8576
      vertex 4.45165 1.7684 10.9103
    endloop
  endfacet
  facet normal 0 -0.980777 0.195134
    outer loop
      vertex 4.27757 1.7348 10.8586
      vertex 4.33643 1.74626 10.9162
      vertex 4.27757 1.74626 10.9162
    endloop
  endfacet
  facet normal 0 -0.980777 0.195134
    outer loop
      vertex 4.33643 1.74626 10.9162
      vertex 4.27757 1.7348 10.8586
      vertex 4.33643 1.7348 10.8586
    endloop
  endfacet
  facet normal -0.12998 -0.889323 0.438418
    outer loop
      vertex 4.27757 1.79112 11.0245
      vertex 4.21921 1.77224 10.9689
      vertex 4.27757 1.76514 10.9718
    endloop
  endfacet
  facet normal 0.258136 -0.914854 0.310496
    outer loop
      vertex 4.39479 1.75368 10.9142
      vertex 4.45165 1.7684 10.9103
      vertex 4.45165 1.78632 10.9631
    endloop
  endfacet
  facet normal -0.130283 -0.972421 0.193453
    outer loop
      vertex 4.21921 1.75368 10.9142
      vertex 4.21921 1.74242 10.8576
      vertex 4.27757 1.7348 10.8586
    endloop
  endfacet
  facet normal -0.381843 -0.906502 0.18014
    outer loop
      vertex 4.16235 1.7684 10.9103
      vertex 4.10797 1.77986 10.8527
      vertex 4.16235 1.75753 10.8556
    endloop
  endfacet
  facet normal -0.499394 -0.849739 0.168964
    outer loop
      vertex 4.05699 1.81859 10.8968
      vertex 4.10797 1.77986 10.8527
      vertex 4.10797 1.79016 10.9045
    endloop
  endfacet
  facet normal -0.130035 -0.889291 0.438465
    outer loop
      vertex 4.21921 1.79778 11.0207
      vertex 4.21921 1.77224 10.9689
      vertex 4.27757 1.79112 11.0245
    endloop
  endfacet
  facet normal -0.706341 0.227157 0.670434
    outer loop
      vertex 4.01029 2.30947 11.1126
      vertex 3.96867 2.25679 11.0866
      vertex 4.01029 2.26756 11.1268
    endloop
  endfacet
  facet normal -0.706758 0.227813 0.669772
    outer loop
      vertex 4.01029 2.30947 11.1126
      vertex 3.96867 2.29354 11.0741
      vertex 3.96867 2.25679 11.0866
    endloop
  endfacet
  facet normal -0.792552 -0.268932 0.5473
    outer loop
      vertex 3.96867 2.06645 11.0741
      vertex 3.93284 2.08433 11.031
      vertex 3.96867 2.03165 11.057
    endloop
  endfacet
  facet normal -0.608644 -0.0518752 0.791746
    outer loop
      vertex 4.05699 2.18 11.1742
      vertex 4.01029 2.18 11.1383
      vertex 4.05699 2.13116 11.171
    endloop
  endfacet
  facet normal -0.866741 -0.0396161 0.497182
    outer loop
      vertex 3.93 2.15052 11.0432
      vertex 3.93 2.14801 11.043
      vertex 3.93284 2.14737 11.0479
    endloop
  endfacet
  facet normal -0.706032 -0.393566 0.588749
    outer loop
      vertex 4.01029 2.01084 11.093
      vertex 3.96867 2.03165 11.057
      vertex 4.01029 1.97404 11.0684
    endloop
  endfacet
  facet normal -0.607655 -0.441371 0.660262
    outer loop
      vertex 4.01029 2.01084 11.093
      vertex 4.01029 1.97404 11.0684
      vertex 4.05699 1.99292 11.124
    endloop
  endfacet
  facet normal -0.863105 0.221812 0.453705
    outer loop
      vertex 3.93284 2.305 11.0165
      vertex 3.93 2.30254 11.0123
      vertex 3.93 2.30029 11.0134
    endloop
  endfacet
  facet normal -0.792705 0.119267 0.597824
    outer loop
      vertex 3.96867 2.25679 11.0866
      vertex 3.93284 2.24471 11.0415
      vertex 3.93284 2.21263 11.0479
    endloop
  endfacet
  facet normal -0.865633 0.376337 0.330227
    outer loop
      vertex 3.93 2.35496 10.9714
      vertex 3.93284 2.37834 10.9522
      vertex 3.93 2.37444 10.9492
    endloop
  endfacet
  facet normal -0.866416 0.375514 0.329109
    outer loop
      vertex 3.93284 2.37834 10.9522
      vertex 3.93 2.35496 10.9714
      vertex 3.93284 2.35678 10.9768
    endloop
  endfacet
  facet normal -0.866117 0.448283 0.221097
    outer loop
      vertex 3.93 2.39336 10.9203
      vertex 3.93284 2.41098 10.8957
      vertex 3.93 2.40643 10.8938
    endloop
  endfacet
  facet normal -0.865429 0.449235 0.221857
    outer loop
      vertex 3.93284 2.41098 10.8957
      vertex 3.93 2.39336 10.9203
      vertex 3.93284 2.39651 10.925
    endloop
  endfacet
  facet normal -0.792517 0.546804 0.270043
    outer loop
      vertex 3.96867 2.45412 10.9135
      vertex 3.93284 2.41098 10.8957
      vertex 3.93284 2.39651 10.925
    endloop
  endfacet
  facet normal -0.38184 0.906482 0.180246
    outer loop
      vertex 4.16235 2.60247 10.8556
      vertex 4.10797 2.58014 10.8527
      vertex 4.10797 2.56984 10.9045
    endloop
  endfacet
  facet normal -0.607802 0.778823 0.154953
    outer loop
      vertex 4.05699 2.55096 10.8488
      vertex 4.01029 2.51543 10.8442
      vertex 4.05699 2.54141 10.8968
    endloop
  endfacet
  facet normal -0.607916 0.712174 0.351064
    outer loop
      vertex 4.05699 2.52568 10.9432
      vertex 4.01029 2.49257 10.9295
      vertex 4.01029 2.473 10.9692
    endloop
  endfacet
  facet normal -0.499227 0.864615 0.056696
    outer loop
      vertex 4.10797 2.58014 10.8527
      vertex 4.05699 2.55416 10.8
      vertex 4.05699 2.55096 10.8488
    endloop
  endfacet
  facet normal -0.382322 0.768327 0.513326
    outer loop
      vertex 4.16235 2.54903 11.0131
      vertex 4.10797 2.52952 11.0018
      vertex 4.10797 2.50019 11.0457
    endloop
  endfacet
  facet normal -0.499038 0.651578 0.57132
    outer loop
      vertex 4.10797 2.50019 11.0457
      vertex 4.05699 2.47684 11.0278
      vertex 4.10797 2.46538 11.0854
    endloop
  endfacet
  facet normal 0.258212 0.964013 -0.063285
    outer loop
      vertex 4.45165 2.60612 10.8
      vertex 4.45165 2.60247 10.7444
      vertex 4.39479 2.62135 10.8
    endloop
  endfacet
  facet normal 0.130428 0.745038 -0.654146
    outer loop
      vertex 4.39479 2.53015 10.5313
      vertex 4.33643 2.49752 10.4825
      vertex 4.33643 2.53624 10.5266
    endloop
  endfacet
  facet normal -0.498773 -0.0566669 0.864878
    outer loop
      vertex 4.05699 2.18 11.1742
      vertex 4.05699 2.13116 11.171
      vertex 4.10797 2.18 11.2036
    endloop
  endfacet
  facet normal -0.498868 -0.277564 0.82103
    outer loop
      vertex 4.10797 2.07554 11.1898
      vertex 4.05699 2.08316 11.1614
      vertex 4.10797 2.02555 11.1729
    endloop
  endfacet
  facet normal -0.258227 0.0635855 0.96399
    outer loop
      vertex 4.21921 2.23761 11.2376
      vertex 4.16235 2.23562 11.2225
      vertex 4.21921 2.18 11.2414
    endloop
  endfacet
  facet normal -0.498821 0.169091 0.85005
    outer loop
      vertex 4.10797 2.28446 11.1898
      vertex 4.05699 2.27684 11.1614
      vertex 4.10797 2.23268 11.2001
    endloop
  endfacet
  facet normal -0.607657 0.35193 0.711968
    outer loop
      vertex 4.05699 2.36708 11.124
      vertex 4.01029 2.34916 11.093
      vertex 4.05699 2.32318 11.1457
    endloop
  endfacet
  facet normal -0.706246 0.393802 0.588333
    outer loop
      vertex 4.01029 2.38596 11.0684
      vertex 3.96867 2.36062 11.0354
      vertex 3.96867 2.32835 11.057
    endloop
  endfacet
  facet normal -0.706168 0.467054 0.532154
    outer loop
      vertex 4.01029 2.41923 11.0392
      vertex 3.96867 2.3898 11.0098
      vertex 4.01029 2.38596 11.0684
    endloop
  endfacet
  facet normal -0.608454 0.523483 0.596447
    outer loop
      vertex 4.05699 2.44457 11.0646
      vertex 4.01029 2.41923 11.0392
      vertex 4.01029 2.38596 11.0684
    endloop
  endfacet
  facet normal -0.607817 0.596445 0.524225
    outer loop
      vertex 4.05699 2.47684 11.0278
      vertex 4.01029 2.44841 11.006
      vertex 4.01029 2.41923 11.0392
    endloop
  endfacet
  facet normal -0.607862 0.660214 0.441159
    outer loop
      vertex 4.05699 2.47684 11.0278
      vertex 4.01029 2.473 10.9692
      vertex 4.01029 2.44841 11.006
    endloop
  endfacet
  facet normal -0.258088 0.803321 0.536719
    outer loop
      vertex 4.21921 2.56222 11.0207
      vertex 4.16235 2.54903 11.0131
      vertex 4.21921 2.53015 11.0687
    endloop
  endfacet
  facet normal -0.129928 -0.317822 0.939206
    outer loop
      vertex 4.21921 2.06577 11.2263
      vertex 4.21921 2.0111 11.2078
      vertex 4.27757 2.06378 11.2337
    endloop
  endfacet
  facet normal -0.258227 -0.0635855 0.96399
    outer loop
      vertex 4.21921 2.18 11.2414
      vertex 4.16235 2.12438 11.2225
      vertex 4.21921 2.12239 11.2376
    endloop
  endfacet
  facet normal -0.12886 -0.065269 0.989512
    outer loop
      vertex 4.21921 2.18 11.2414
      vertex 4.21921 2.12239 11.2376
      vertex 4.27757 2.18 11.249
    endloop
  endfacet
  facet normal -0.498178 -0.0574808 -0.865168
    outer loop
      vertex 4.05699 2.13116 10.429
      vertex 4.10797 2.18 10.3964
      vertex 4.10797 2.12732 10.3999
    endloop
  endfacet
  facet normal -0.498868 -0.277564 -0.82103
    outer loop
      vertex 4.05699 2.08316 10.4386
      vertex 4.10797 2.07554 10.4102
      vertex 4.10797 2.02555 10.4271
    endloop
  endfacet
  facet normal -0.382983 -0.0612383 -0.921723
    outer loop
      vertex 4.10797 2.18 10.3964
      vertex 4.16235 2.12438 10.3775
      vertex 4.10797 2.12732 10.3999
    endloop
  endfacet
  facet normal -0.382948 -0.180224 -0.906019
    outer loop
      vertex 4.10797 2.12732 10.3999
      vertex 4.16235 2.12438 10.3775
      vertex 4.10797 2.07554 10.4102
    endloop
  endfacet
  facet normal -0.706629 0.634907 -0.31236
    outer loop
      vertex 4.01029 2.49257 10.6705
      vertex 3.96867 2.43695 10.6516
      vertex 3.96867 2.45412 10.6865
    endloop
  endfacet
  facet normal -0.863105 0.221812 -0.453705
    outer loop
      vertex 3.93 2.30254 10.5877
      vertex 3.93284 2.305 10.5835
      vertex 3.93 2.30029 10.5866
    endloop
  endfacet
  facet normal -0.258387 0.963979 -0.0630938
    outer loop
      vertex 4.21921 2.62135 10.8
      vertex 4.21921 2.61758 10.7424
      vertex 4.16235 2.60247 10.7444
    endloop
  endfacet
  facet normal -0.25815 0.866523 -0.427196
    outer loop
      vertex 4.21921 2.58776 10.6311
      vertex 4.16235 2.54903 10.5869
      vertex 4.16235 2.57368 10.6369
    endloop
  endfacet
  facet normal -0.130385 0.824392 -0.550797
    outer loop
      vertex 4.21921 2.56222 10.5793
      vertex 4.27757 2.53624 10.5266
      vertex 4.21921 2.53015 10.5313
    endloop
  endfacet
  facet normal -0.258113 0.866515 -0.427235
    outer loop
      vertex 4.21921 2.58776 10.6311
      vertex 4.21921 2.56222 10.5793
      vertex 4.16235 2.54903 10.5869
    endloop
  endfacet
  facet normal -0.498914 0.820502 -0.279036
    outer loop
      vertex 4.10797 2.56984 10.6955
      vertex 4.10797 2.55287 10.6456
      vertex 4.05699 2.52568 10.6568
    endloop
  endfacet
  facet normal -0.498804 0.777326 -0.383351
    outer loop
      vertex 4.10797 2.55287 10.6456
      vertex 4.05699 2.50403 10.6129
      vertex 4.05699 2.52568 10.6568
    endloop
  endfacet
  facet normal -0.706168 0.467054 -0.532154
    outer loop
      vertex 4.01029 2.41923 10.5608
      vertex 4.01029 2.38596 10.5316
      vertex 3.96867 2.3898 10.5902
    endloop
  endfacet
  facet normal -0.607912 0.792303 -0.0519543
    outer loop
      vertex 4.05699 2.55416 10.8
      vertex 4.05699 2.55096 10.7512
      vertex 4.01029 2.51543 10.7558
    endloop
  endfacet
  facet normal -0.607817 0.596445 -0.524225
    outer loop
      vertex 4.05699 2.47684 10.5722
      vertex 4.01029 2.41923 10.5608
      vertex 4.01029 2.44841 10.594
    endloop
  endfacet
  facet normal -0.608454 0.523483 -0.596447
    outer loop
      vertex 4.05699 2.44457 10.5354
      vertex 4.01029 2.38596 10.5316
      vertex 4.01029 2.41923 10.5608
    endloop
  endfacet
  facet normal -0.792996 0.401778 -0.457965
    outer loop
      vertex 3.96867 2.3898 10.5902
      vertex 3.96867 2.36062 10.5646
      vertex 3.93284 2.33219 10.6017
    endloop
  endfacet
  facet normal -0.79304 0.338847 -0.506232
    outer loop
      vertex 3.96867 2.36062 10.5646
      vertex 3.96867 2.32835 10.543
      vertex 3.93284 2.33219 10.6017
    endloop
  endfacet
  facet normal -0.607657 0.35193 -0.711968
    outer loop
      vertex 4.05699 2.36708 10.476
      vertex 4.05699 2.32318 10.4543
      vertex 4.01029 2.34916 10.507
    endloop
  endfacet
  facet normal -0.607659 0.441365 -0.660263
    outer loop
      vertex 4.05699 2.40777 10.5032
      vertex 4.05699 2.36708 10.476
      vertex 4.01029 2.38596 10.5316
    endloop
  endfacet
  facet normal -0.498145 0.170051 -0.850255
    outer loop
      vertex 4.05699 2.27684 10.4386
      vertex 4.10797 2.23268 10.3999
      vertex 4.05699 2.22884 10.429
    endloop
  endfacet
  facet normal -0.792779 -0.0391457 -0.60825
    outer loop
      vertex 3.93284 2.18 10.55
      vertex 3.96867 2.18 10.5033
      vertex 3.93284 2.14737 10.5521
    endloop
  endfacet
  facet normal -0.792736 -0.0392653 -0.608299
    outer loop
      vertex 3.93284 2.14737 10.5521
      vertex 3.96867 2.18 10.5033
      vertex 3.96867 2.14127 10.5058
    endloop
  endfacet
  facet normal -0.608719 -0.0519899 -0.791681
    outer loop
      vertex 4.01029 2.18 10.4617
      vertex 4.05699 2.13116 10.429
      vertex 4.01029 2.13584 10.4646
    endloop
  endfacet
  facet normal -0.607839 0.254815 -0.752064
    outer loop
      vertex 4.01029 2.30947 10.4874
      vertex 4.05699 2.27684 10.4386
      vertex 4.01029 2.26756 10.4732
    endloop
  endfacet
  facet normal -0.607849 0.254799 -0.752062
    outer loop
      vertex 4.05699 2.32318 10.4543
      vertex 4.05699 2.27684 10.4386
      vertex 4.01029 2.30947 10.4874
    endloop
  endfacet
  facet normal 0.130265 -0.317482 -0.939274
    outer loop
      vertex 4.33643 2.00816 10.3851
      vertex 4.33643 2.06378 10.3663
      vertex 4.39479 2.0111 10.3922
    endloop
  endfacet
  facet normal 0 -0.195756 -0.980653
    outer loop
      vertex 4.27757 2.06378 10.3663
      vertex 4.33643 2.12139 10.3548
      vertex 4.33643 2.06378 10.3663
    endloop
  endfacet
  facet normal -0 -0.195756 -0.980653
    outer loop
      vertex 4.33643 2.12139 10.3548
      vertex 4.27757 2.06378 10.3663
      vertex 4.27757 2.12139 10.3548
    endloop
  endfacet
  facet normal 0.382983 -0.0612383 -0.921723
    outer loop
      vertex 4.50603 2.12732 10.3999
      vertex 4.45165 2.12438 10.3775
      vertex 4.50603 2.18 10.3964
    endloop
  endfacet
  facet normal 0.382948 -0.180224 -0.906019
    outer loop
      vertex 4.50603 2.07554 10.4102
      vertex 4.45165 2.12438 10.3775
      vertex 4.50603 2.12732 10.3999
    endloop
  endfacet
  facet normal 0.607655 -0.441371 -0.660262
    outer loop
      vertex 4.60371 1.97404 10.5316
      vertex 4.55701 1.99292 10.476
      vertex 4.60371 2.01084 10.507
    endloop
  endfacet
  facet normal 0.706032 -0.393566 -0.588749
    outer loop
      vertex 4.60371 1.97404 10.5316
      vertex 4.60371 2.01084 10.507
      vertex 4.64533 2.03165 10.543
    endloop
  endfacet
  facet normal 0.706626 -0.669913 -0.227807
    outer loop
      vertex 4.64533 1.8934 10.7232
      vertex 4.60371 1.86742 10.6705
      vertex 4.64533 1.90588 10.6865
    endloop
  endfacet
  facet normal 0.607815 -0.712173 -0.351243
    outer loop
      vertex 4.55701 1.83432 10.6568
      vertex 4.60371 1.887 10.6308
      vertex 4.60371 1.86742 10.6705
    endloop
  endfacet
  facet normal -0.12886 -0.065269 -0.989512
    outer loop
      vertex 4.21921 2.18 10.3586
      vertex 4.27757 2.18 10.351
      vertex 4.21921 2.12239 10.3624
    endloop
  endfacet
  facet normal -0.129951 -0.0641509 -0.989443
    outer loop
      vertex 4.21921 2.12239 10.3624
      vertex 4.27757 2.18 10.351
      vertex 4.27757 2.12139 10.3548
    endloop
  endfacet
  facet normal -0.258043 -0.310299 -0.914947
    outer loop
      vertex 4.16235 2.06971 10.3884
      vertex 4.21921 2.06577 10.3737
      vertex 4.16235 2.01693 10.4063
    endloop
  endfacet
  facet normal -0.381836 -0.29684 -0.875264
    outer loop
      vertex 4.10797 2.02555 10.4271
      vertex 4.16235 2.06971 10.3884
      vertex 4.16235 2.01693 10.4063
    endloop
  endfacet
  facet normal -0.381881 -0.768478 -0.513428
    outer loop
      vertex 4.10797 1.85981 10.5543
      vertex 4.16235 1.84194 10.5406
      vertex 4.10797 1.83048 10.5982
    endloop
  endfacet
  facet normal -0.257307 -0.637595 -0.726131
    outer loop
      vertex 4.16235 1.9206 10.4619
      vertex 4.21921 1.91132 10.4499
      vertex 4.16235 1.87869 10.4987
    endloop
  endfacet
  facet normal -0.257181 -0.536122 -0.804009
    outer loop
      vertex 4.16235 1.9206 10.4619
      vertex 4.16235 1.96694 10.431
      vertex 4.21921 1.91132 10.4499
    endloop
  endfacet
  facet normal -0.258389 -0.537021 -0.803022
    outer loop
      vertex 4.16235 1.96694 10.431
      vertex 4.21921 1.95932 10.4178
      vertex 4.21921 1.91132 10.4499
    endloop
  endfacet
  facet normal 0.258546 -0.7262 -0.637015
    outer loop
      vertex 4.39479 1.82985 10.5313
      vertex 4.39479 1.86792 10.4879
      vertex 4.45165 1.87869 10.4987
    endloop
  endfacet
  facet normal 0.12998 -0.745383 -0.653842
    outer loop
      vertex 4.39479 1.82985 10.5313
      vertex 4.33643 1.86248 10.4825
      vertex 4.39479 1.86792 10.4879
    endloop
  endfacet
  facet normal 0.130382 -0.824636 -0.550432
    outer loop
      vertex 4.33643 1.79112 10.5755
      vertex 4.33643 1.82376 10.5266
      vertex 4.39479 1.82985 10.5313
    endloop
  endfacet
  facet normal 0 -0.831736 -0.555171
    outer loop
      vertex 4.27757 1.82376 10.5266
      vertex 4.33643 1.79112 10.5755
      vertex 4.27757 1.79112 10.5755
    endloop
  endfacet
  facet normal 0 -0.831736 -0.555171
    outer loop
      vertex 4.33643 1.79112 10.5755
      vertex 4.27757 1.82376 10.5266
      vertex 4.33643 1.82376 10.5266
    endloop
  endfacet
  facet normal 0.607752 -0.778861 0.154961
    outer loop
      vertex 4.55701 1.81859 10.8968
      vertex 4.55701 1.80904 10.8488
      vertex 4.60371 1.8532 10.8876
    endloop
  endfacet
  facet normal 0.382059 -0.922164 -0.0603694
    outer loop
      vertex 4.45165 1.75388 10.8
      vertex 4.50603 1.77986 10.7473
      vertex 4.50603 1.77641 10.8
    endloop
  endfacet
  facet normal 0.381881 -0.87518 -0.297031
    outer loop
      vertex 4.45165 1.7684 10.6897
      vertex 4.45165 1.78632 10.6369
      vertex 4.50603 1.79016 10.6955
    endloop
  endfacet
  facet normal 0.381934 -0.906444 -0.180239
    outer loop
      vertex 4.50603 1.77986 10.7473
      vertex 4.45165 1.7684 10.6897
      vertex 4.50603 1.79016 10.6955
    endloop
  endfacet
  facet normal 0.382259 -0.828808 -0.408602
    outer loop
      vertex 4.45165 1.78632 10.6369
      vertex 4.45165 1.81097 10.5869
      vertex 4.50603 1.83048 10.5982
    endloop
  endfacet
  facet normal 0.499057 -0.720566 -0.48138
    outer loop
      vertex 4.55701 1.85597 10.6129
      vertex 4.50603 1.85981 10.5543
      vertex 4.55701 1.88316 10.5722
    endloop
  endfacet
  facet normal 0.258079 -0.803035 -0.537149
    outer loop
      vertex 4.39479 1.79778 10.5793
      vertex 4.45165 1.84194 10.5406
      vertex 4.45165 1.81097 10.5869
    endloop
  endfacet
  facet normal 0.130035 -0.889291 -0.438465
    outer loop
      vertex 4.39479 1.77224 10.6311
      vertex 4.33643 1.79112 10.5755
      vertex 4.39479 1.79778 10.5793
    endloop
  endfacet
  facet normal 0.258113 -0.866532 -0.4272
    outer loop
      vertex 4.45165 1.78632 10.6369
      vertex 4.39479 1.79778 10.5793
      vertex 4.45165 1.81097 10.5869
    endloop
  endfacet
  facet normal 0.258149 -0.866506 -0.427231
    outer loop
      vertex 4.39479 1.77224 10.6311
      vertex 4.39479 1.79778 10.5793
      vertex 4.45165 1.78632 10.6369
    endloop
  endfacet
  facet normal 0.381916 -0.922212 -0.0605409
    outer loop
      vertex 4.45165 1.75388 10.8
      vertex 4.45165 1.75753 10.7444
      vertex 4.50603 1.77986 10.7473
    endloop
  endfacet
  facet normal 0.258391 -0.963966 0.0632819
    outer loop
      vertex 4.39479 1.74242 10.8576
      vertex 4.45165 1.75388 10.8
      vertex 4.45165 1.75753 10.8556
    endloop
  endfacet
  facet normal 0.381893 -0.409464 -0.828552
    outer loop
      vertex 4.45165 1.96694 10.431
      vertex 4.50603 2.02555 10.4271
      vertex 4.50603 1.9782 10.4505
    endloop
  endfacet
  facet normal 0.499662 -0.481309 -0.720194
    outer loop
      vertex 4.50603 1.93431 10.4798
      vertex 4.55701 1.99292 10.476
      vertex 4.55701 1.95222 10.5032
    endloop
  endfacet
  facet normal 0.130271 -0.438806 -0.889089
    outer loop
      vertex 4.33643 1.95548 10.4111
      vertex 4.33643 2.00816 10.3851
      vertex 4.39479 2.0111 10.3922
    endloop
  endfacet
  facet normal 0 -0.320211 -0.947346
    outer loop
      vertex 4.27757 2.00816 10.3851
      vertex 4.33643 2.06378 10.3663
      vertex 4.33643 2.00816 10.3851
    endloop
  endfacet
  facet normal -0 -0.320211 -0.947346
    outer loop
      vertex 4.33643 2.06378 10.3663
      vertex 4.27757 2.00816 10.3851
      vertex 4.27757 2.06378 10.3663
    endloop
  endfacet
  facet normal 0.499065 -0.651566 -0.57131
    outer loop
      vertex 4.50603 1.85981 10.5543
      vertex 4.50603 1.89462 10.5146
      vertex 4.55701 1.91543 10.5354
    endloop
  endfacet
  facet normal 0.381745 -0.694953 -0.609353
    outer loop
      vertex 4.50603 1.85981 10.5543
      vertex 4.45165 1.87869 10.4987
      vertex 4.50603 1.89462 10.5146
    endloop
  endfacet
  facet normal 0.706025 -0.313571 -0.634982
    outer loop
      vertex 4.60371 2.01084 10.507
      vertex 4.60371 2.05053 10.4874
      vertex 4.64533 2.03165 10.543
    endloop
  endfacet
  facet normal 0.792649 -0.402076 -0.458304
    outer loop
      vertex 4.64533 1.9702 10.5902
      vertex 4.64533 1.99938 10.5646
      vertex 4.68116 2.00322 10.6232
    endloop
  endfacet
  facet normal -0.607846 -0.597024 -0.523532
    outer loop
      vertex 4.01029 1.91159 10.594
      vertex 4.05699 1.91543 10.5354
      vertex 4.05699 1.88316 10.5722
    endloop
  endfacet
  facet normal -0.49935 -0.383853 -0.776728
    outer loop
      vertex 4.05699 1.99292 10.476
      vertex 4.10797 2.02555 10.4271
      vertex 4.10797 1.9782 10.4505
    endloop
  endfacet
  facet normal -0.867711 -0.158374 -0.471163
    outer loop
      vertex 3.93 2.11657 10.5633
      vertex 3.93284 2.11529 10.5585
      vertex 3.93 2.11419 10.5641
    endloop
  endfacet
  facet normal -0.866925 -0.0975173 -0.488805
    outer loop
      vertex 3.93284 2.11529 10.5585
      vertex 3.93 2.14555 10.5575
      vertex 3.93284 2.14737 10.5521
    endloop
  endfacet
  facet normal -0.86772 -0.097545 -0.487389
    outer loop
      vertex 3.93 2.14555 10.5575
      vertex 3.93284 2.11529 10.5585
      vertex 3.93 2.11657 10.5633
    endloop
  endfacet
  facet normal -0.865586 -0.474245 -0.160785
    outer loop
      vertex 3.90341 1.98775 10.7485
      vertex 3.93284 1.94902 10.7043
      vertex 3.93284 1.93851 10.7353
    endloop
  endfacet
  facet normal -0.706729 -0.227767 -0.669818
    outer loop
      vertex 3.96867 2.10321 10.5134
      vertex 4.01029 2.05053 10.4874
      vertex 3.96867 2.06645 10.5259
    endloop
  endfacet
  facet normal -0.792514 -0.196336 -0.577385
    outer loop
      vertex 3.93284 2.08433 10.569
      vertex 3.96867 2.10321 10.5134
      vertex 3.96867 2.06645 10.5259
    endloop
  endfacet
  facet normal -0.792649 -0.402076 -0.458304
    outer loop
      vertex 3.93284 2.00322 10.6232
      vertex 3.96867 1.99938 10.5646
      vertex 3.96867 1.9702 10.5902
    endloop
  endfacet
  facet normal -0.381886 -0.513144 -0.768665
    outer loop
      vertex 4.10797 1.9782 10.4505
      vertex 4.16235 1.96694 10.431
      vertex 4.10797 1.93431 10.4798
    endloop
  endfacet
  facet normal -0.499336 -0.481051 -0.720592
    outer loop
      vertex 4.05699 1.99292 10.476
      vertex 4.10797 1.9782 10.4505
      vertex 4.10797 1.93431 10.4798
    endloop
  endfacet
  facet normal -0.607913 -0.7923 -0.0519835
    outer loop
      vertex 4.01029 1.84457 10.7558
      vertex 4.05699 1.80904 10.7512
      vertex 4.01029 1.84167 10.8
    endloop
  endfacet
  facet normal -0.792643 -0.458512 -0.40185
    outer loop
      vertex 3.93284 2.00322 10.6232
      vertex 3.96867 1.94461 10.6194
      vertex 3.93284 1.98166 10.6478
    endloop
  endfacet
  facet normal -0.863369 -0.280669 -0.419307
    outer loop
      vertex 3.93284 2.02781 10.6017
      vertex 3.93 2.05537 10.5891
      vertex 3.93284 2.055 10.5835
    endloop
  endfacet
  facet normal -0.865389 -0.279365 -0.416001
    outer loop
      vertex 3.93 2.05537 10.5891
      vertex 3.93284 2.02781 10.6017
      vertex 3.93 2.0308 10.6056
    endloop
  endfacet
  facet normal -0.706412 -0.670253 -0.22747
    outer loop
      vertex 3.96867 1.8934 10.7232
      vertex 4.01029 1.86742 10.6705
      vertex 4.01029 1.8532 10.7124
    endloop
  endfacet
  facet normal -0.706683 -0.531438 0.467089
    outer loop
      vertex 4.01029 1.94077 11.0392
      vertex 3.96867 1.94461 10.9806
      vertex 4.01029 1.91159 11.006
    endloop
  endfacet
  facet normal -0.607828 -0.712173 0.35122
    outer loop
      vertex 4.01029 1.887 10.9692
      vertex 4.05699 1.83432 10.9432
      vertex 4.05699 1.85597 10.9871
    endloop
  endfacet
  facet normal -0.706653 -0.588307 0.393111
    outer loop
      vertex 3.96867 1.94461 10.9806
      vertex 4.01029 1.887 10.9692
      vertex 4.01029 1.91159 11.006
    endloop
  endfacet
  facet normal -0.499153 -0.864657 -0.0566988
    outer loop
      vertex 4.05699 1.80584 10.8
      vertex 4.05699 1.80904 10.7512
      vertex 4.10797 1.77641 10.8
    endloop
  endfacet
  facet normal -0.607913 -0.7923 0.0519835
    outer loop
      vertex 4.01029 1.84457 10.8442
      vertex 4.01029 1.84167 10.8
      vertex 4.05699 1.80904 10.8488
    endloop
  endfacet
  facet normal -0.866476 -0.099434 -0.489215
    outer loop
      vertex 3.93 2.14801 10.557
      vertex 3.93284 2.14737 10.5521
      vertex 3.93 2.14555 10.5575
    endloop
  endfacet
  facet normal -0.70578 0.0456339 -0.70696
    outer loop
      vertex 3.96867 2.21873 10.5058
      vertex 4.01029 2.22416 10.4646
      vertex 3.96867 2.18 10.5033
    endloop
  endfacet
  facet normal -0.792696 0.195796 -0.577319
    outer loop
      vertex 3.93284 2.27567 10.569
      vertex 3.96867 2.25679 10.5134
      vertex 3.93284 2.24471 10.5585
    endloop
  endfacet
  facet normal -0.70578 -0.0456339 -0.70696
    outer loop
      vertex 3.96867 2.18 10.5033
      vertex 4.01029 2.13584 10.4646
      vertex 3.96867 2.14127 10.5058
    endloop
  endfacet
  facet normal -0.865562 0.32358 -0.382229
    outer loop
      vertex 3.93 2.33109 10.6072
      vertex 3.93284 2.33219 10.6017
      vertex 3.93 2.3292 10.6056
    endloop
  endfacet
  facet normal 0 -0.980777 -0.195134
    outer loop
      vertex 4.27757 1.74626 10.6838
      vertex 4.33643 1.7348 10.7414
      vertex 4.27757 1.7348 10.7414
    endloop
  endfacet
  facet normal 0 -0.980777 -0.195134
    outer loop
      vertex 4.33643 1.7348 10.7414
      vertex 4.27757 1.74626 10.6838
      vertex 4.33643 1.74626 10.6838
    endloop
  endfacet
  facet normal -0.607846 -0.597024 0.523532
    outer loop
      vertex 4.05699 1.91543 11.0646
      vertex 4.01029 1.91159 11.006
      vertex 4.05699 1.88316 11.0278
    endloop
  endfacet
  facet normal -0.607859 -0.660261 0.441093
    outer loop
      vertex 4.01029 1.91159 11.006
      vertex 4.05699 1.85597 10.9871
      vertex 4.05699 1.88316 11.0278
    endloop
  endfacet
  facet normal -0.381705 -0.609352 0.694976
    outer loop
      vertex 4.10797 1.93431 11.1202
      vertex 4.10797 1.89462 11.0854
      vertex 4.16235 1.87869 11.1013
    endloop
  endfacet
  facet normal -0.499053 -0.571303 0.651581
    outer loop
      vertex 4.10797 1.93431 11.1202
      vertex 4.05699 1.91543 11.0646
      vertex 4.10797 1.89462 11.0854
    endloop
  endfacet
  facet normal -0.607808 -0.660248 0.441182
    outer loop
      vertex 4.01029 1.91159 11.006
      vertex 4.01029 1.887 10.9692
      vertex 4.05699 1.85597 10.9871
    endloop
  endfacet
  facet normal -0.706175 -0.532491 0.466659
    outer loop
      vertex 3.96867 1.9702 11.0098
      vertex 3.96867 1.94461 10.9806
      vertex 4.01029 1.94077 11.0392
    endloop
  endfacet
  facet normal 0.258207 -0.914861 0.310417
    outer loop
      vertex 4.39479 1.77224 10.9689
      vertex 4.39479 1.75368 10.9142
      vertex 4.45165 1.78632 10.9631
    endloop
  endfacet
  facet normal 0.258149 -0.866506 0.427231
    outer loop
      vertex 4.39479 1.77224 10.9689
      vertex 4.45165 1.78632 10.9631
      vertex 4.39479 1.79778 11.0207
    endloop
  endfacet
  facet normal 0.381881 -0.87518 0.297031
    outer loop
      vertex 4.45165 1.7684 10.9103
      vertex 4.50603 1.79016 10.9045
      vertex 4.45165 1.78632 10.9631
    endloop
  endfacet
  facet normal 0.499224 -0.864622 0.0566024
    outer loop
      vertex 4.50603 1.77986 10.8527
      vertex 4.50603 1.77641 10.8
      vertex 4.55701 1.80904 10.8488
    endloop
  endfacet
  facet normal 0.792896 -0.506337 0.339026
    outer loop
      vertex 4.64533 1.92305 10.9484
      vertex 4.68116 1.96349 10.925
      vertex 4.64533 1.94461 10.9806
    endloop
  endfacet
  facet normal 0.706653 -0.588307 0.393111
    outer loop
      vertex 4.60371 1.91159 11.006
      vertex 4.60371 1.887 10.9692
      vertex 4.64533 1.94461 10.9806
    endloop
  endfacet
  facet normal 0.793096 -0.269936 0.546016
    outer loop
      vertex 4.64533 2.03165 11.057
      vertex 4.68116 2.055 11.0165
      vertex 4.68116 2.08433 11.031
    endloop
  endfacet
  facet normal 0.792654 -0.506962 0.338658
    outer loop
      vertex 4.64533 1.94461 10.9806
      vertex 4.68116 1.96349 10.925
      vertex 4.68116 1.98166 10.9522
    endloop
  endfacet
  facet normal 0.923535 -0.363345 0.12273
    outer loop
      vertex 4.71059 1.99612 10.8762
      vertex 4.73312 2.04028 10.8374
      vertex 4.73312 2.04636 10.8554
    endloop
  endfacet
  facet normal 0.86552 -0.491222 -0.0978592
    outer loop
      vertex 4.68116 1.93213 10.7674
      vertex 4.71059 1.98775 10.7485
      vertex 4.71059 1.98267 10.774
    endloop
  endfacet
  facet normal 0.792762 -0.597837 0.118822
    outer loop
      vertex 4.64533 1.88583 10.8387
      vertex 4.68116 1.93213 10.8326
      vertex 4.68116 1.93851 10.8647
    endloop
  endfacet
  facet normal 0.499538 -0.820429 -0.278133
    outer loop
      vertex 4.50603 1.79016 10.6955
      vertex 4.55701 1.83432 10.6568
      vertex 4.55701 1.81859 10.7032
    endloop
  endfacet
  facet normal 0.706429 -0.694192 -0.138039
    outer loop
      vertex 4.60371 1.84457 10.7558
      vertex 4.60371 1.8532 10.7124
      vertex 4.64533 1.88583 10.7613
    endloop
  endfacet
  facet normal 0.607819 -0.752036 -0.254947
    outer loop
      vertex 4.55701 1.81859 10.7032
      vertex 4.55701 1.83432 10.6568
      vertex 4.60371 1.86742 10.6705
    endloop
  endfacet
  facet normal 0.499153 -0.864657 -0.0566988
    outer loop
      vertex 4.50603 1.77641 10.8
      vertex 4.55701 1.80904 10.7512
      vertex 4.55701 1.80584 10.8
    endloop
  endfacet
  facet normal 0.792777 -0.597826 -0.118781
    outer loop
      vertex 4.64533 1.88583 10.7613
      vertex 4.64533 1.8934 10.7232
      vertex 4.68116 1.93851 10.7353
    endloop
  endfacet
  facet normal 0.923591 -0.363099 -0.123042
    outer loop
      vertex 4.71059 1.98775 10.7485
      vertex 4.71059 1.99612 10.7238
      vertex 4.73312 2.04028 10.7626
    endloop
  endfacet
  facet normal 0.965822 -0.232279 -0.11504
    outer loop
      vertex 4.73312 2.04636 10.7446
      vertex 4.73312 2.05473 10.7277
      vertex 4.74835 2.09889 10.7664
    endloop
  endfacet
  facet normal 0.923531 -0.287917 0.253367
    outer loop
      vertex 4.71059 2.0221 10.9212
      vertex 4.73312 2.06524 10.8881
      vertex 4.71059 2.03926 10.9407
    endloop
  endfacet
  facet normal 0.965913 -0.169694 0.195488
    outer loop
      vertex 4.73312 2.09194 10.9148
      vertex 4.74835 2.11792 10.8621
      vertex 4.74835 2.12656 10.8696
    endloop
  endfacet
  facet normal 0.99139 -0.124026 0.0419868
    outer loop
      vertex 4.74835 2.0952 10.8227
      vertex 4.75604 2.15281 10.8113
      vertex 4.74835 2.09889 10.8336
    endloop
  endfacet
  facet normal 0.965856 -0.215714 0.143491
    outer loop
      vertex 4.73312 2.05473 10.8723
      vertex 4.74835 2.11035 10.8534
      vertex 4.73312 2.06524 10.8881
    endloop
  endfacet
  facet normal 0.923588 -0.343733 0.169801
    outer loop
      vertex 4.71059 1.99612 10.8762
      vertex 4.73312 2.05473 10.8723
      vertex 4.71059 2.00763 10.8995
    endloop
  endfacet
  facet normal 0.792889 -0.54637 0.269829
    outer loop
      vertex 4.64533 1.92305 10.9484
      vertex 4.68116 1.94902 10.8957
      vertex 4.68116 1.96349 10.925
    endloop
  endfacet
  facet normal 0.792546 -0.547177 0.269198
    outer loop
      vertex 4.64533 1.90588 10.9135
      vertex 4.68116 1.94902 10.8957
      vertex 4.64533 1.92305 10.9484
    endloop
  endfacet
  facet normal 0.991393 -0.130634 0.00859436
    outer loop
      vertex 4.75604 2.15082 10.8038
      vertex 4.74835 2.09221 10.8
      vertex 4.75604 2.15057 10.8
    endloop
  endfacet
  facet normal 0.991382 0.0729846 -0.108793
    outer loop
      vertex 4.75604 2.19472 10.7745
      vertex 4.74835 2.2239 10.724
      vertex 4.74835 2.23344 10.7304
    endloop
  endfacet
  facet normal 0.923577 0.212773 -0.318957
    outer loop
      vertex 4.73312 2.25232 10.6747
      vertex 4.71059 2.27951 10.6276
      vertex 4.73312 2.26806 10.6852
    endloop
  endfacet
  facet normal 0.965805 0.258712 -0.0169737
    outer loop
      vertex 4.74835 2.26704 10.7885
      vertex 4.73312 2.32341 10.7811
      vertex 4.73312 2.32465 10.8
    endloop
  endfacet
  facet normal 0.991394 0.130634 0.00851963
    outer loop
      vertex 4.74835 2.26704 10.8115
      vertex 4.75604 2.20943 10.8
      vertex 4.74835 2.26779 10.8
    endloop
  endfacet
  facet normal 0.607828 0.712173 0.35122
    outer loop
      vertex 4.60371 2.473 10.9692
      vertex 4.55701 2.52568 10.9432
      vertex 4.55701 2.50403 10.9871
    endloop
  endfacet
  facet normal 0.607811 0.660291 0.441114
    outer loop
      vertex 4.55701 2.47684 11.0278
      vertex 4.60371 2.473 10.9692
      vertex 4.55701 2.50403 10.9871
    endloop
  endfacet
  facet normal 0.607802 0.778823 0.154953
    outer loop
      vertex 4.55701 2.54141 10.8968
      vertex 4.60371 2.51543 10.8442
      vertex 4.55701 2.55096 10.8488
    endloop
  endfacet
  facet normal 0.706488 0.670133 0.227589
    outer loop
      vertex 4.60371 2.49257 10.9295
      vertex 4.64533 2.46659 10.8768
      vertex 4.60371 2.5068 10.8876
    endloop
  endfacet
  facet normal 0.381912 0.922225 0.0603733
    outer loop
      vertex 4.50603 2.58014 10.8527
      vertex 4.50603 2.58359 10.8
      vertex 4.45165 2.60247 10.8556
    endloop
  endfacet
  facet normal 0.38184 0.906482 0.180246
    outer loop
      vertex 4.50603 2.56984 10.9045
      vertex 4.50603 2.58014 10.8527
      vertex 4.45165 2.60247 10.8556
    endloop
  endfacet
  facet normal 0.608724 0.154215 0.77825
    outer loop
      vertex 4.60371 2.22416 11.1354
      vertex 4.60371 2.26756 11.1268
      vertex 4.55701 2.22884 11.171
    endloop
  endfacet
  facet normal 0.608719 0.0519899 0.791681
    outer loop
      vertex 4.60371 2.18 11.1383
      vertex 4.60371 2.22416 11.1354
      vertex 4.55701 2.22884 11.171
    endloop
  endfacet
  facet normal 0.381893 0.409464 0.828552
    outer loop
      vertex 4.50603 2.33445 11.1729
      vertex 4.50603 2.3818 11.1495
      vertex 4.45165 2.39306 11.169
    endloop
  endfacet
  facet normal 0.49935 0.383853 0.776728
    outer loop
      vertex 4.50603 2.33445 11.1729
      vertex 4.55701 2.36708 11.124
      vertex 4.50603 2.3818 11.1495
    endloop
  endfacet
  facet normal 0.499092 0.777347 0.382934
    outer loop
      vertex 4.55701 2.50403 10.9871
      vertex 4.50603 2.55287 10.9544
      vertex 4.50603 2.52952 11.0018
    endloop
  endfacet
  facet normal 0.382252 0.828936 0.408347
    outer loop
      vertex 4.50603 2.52952 11.0018
      vertex 4.50603 2.55287 10.9544
      vertex 4.45165 2.54903 11.0131
    endloop
  endfacet
  facet normal 0.499712 0.570391 0.651876
    outer loop
      vertex 4.55701 2.40777 11.0968
      vertex 4.55701 2.44457 11.0646
      vertex 4.50603 2.42569 11.1202
    endloop
  endfacet
  facet normal 0.499066 0.651541 0.571338
    outer loop
      vertex 4.55701 2.44457 11.0646
      vertex 4.55701 2.47684 11.0278
      vertex 4.50603 2.46538 11.0854
    endloop
  endfacet
  facet normal 0.130938 0.439377 0.888709
    outer loop
      vertex 4.39479 2.3489 11.2078
      vertex 4.39479 2.40068 11.1822
      vertex 4.33643 2.40452 11.1889
    endloop
  endfacet
  facet normal 0.12991 0.653168 0.745986
    outer loop
      vertex 4.39479 2.44868 11.1501
      vertex 4.39479 2.49208 11.1121
      vertex 4.33643 2.49752 11.1175
    endloop
  endfacet
  facet normal -0.25841 0.53594 0.803737
    outer loop
      vertex 4.21921 2.40068 11.1822
      vertex 4.16235 2.4394 11.1381
      vertex 4.16235 2.39306 11.169
    endloop
  endfacet
  facet normal -0.382304 0.51264 0.768794
    outer loop
      vertex 4.16235 2.4394 11.1381
      vertex 4.10797 2.42569 11.1202
      vertex 4.16235 2.39306 11.169
    endloop
  endfacet
  facet normal 0.706246 0.393802 0.588333
    outer loop
      vertex 4.64533 2.32835 11.057
      vertex 4.64533 2.36062 11.0354
      vertex 4.60371 2.38596 11.0684
    endloop
  endfacet
  facet normal 0.706025 0.313571 0.634982
    outer loop
      vertex 4.60371 2.30947 11.1126
      vertex 4.64533 2.32835 11.057
      vertex 4.60371 2.34916 11.093
    endloop
  endfacet
  facet normal 0.607701 0.522962 0.597671
    outer loop
      vertex 4.60371 2.38596 11.0684
      vertex 4.55701 2.44457 11.0646
      vertex 4.55701 2.40777 11.0968
    endloop
  endfacet
  facet normal 0.607659 0.441365 0.660263
    outer loop
      vertex 4.55701 2.36708 11.124
      vertex 4.60371 2.38596 11.0684
      vertex 4.55701 2.40777 11.0968
    endloop
  endfacet
  facet normal 0.706321 0.588213 0.393847
    outer loop
      vertex 4.64533 2.41539 10.9806
      vertex 4.64533 2.43695 10.9484
      vertex 4.60371 2.473 10.9692
    endloop
  endfacet
  facet normal 0.706653 0.588307 0.393111
    outer loop
      vertex 4.64533 2.41539 10.9806
      vertex 4.60371 2.473 10.9692
      vertex 4.60371 2.44841 11.006
    endloop
  endfacet
  facet normal 0.923461 0.253298 0.2882
    outer loop
      vertex 4.71059 2.30116 10.9579
      vertex 4.73312 2.26806 10.9148
      vertex 4.71059 2.32073 10.9407
    endloop
  endfacet
  facet normal 0.865412 0.330781 0.37636
    outer loop
      vertex 4.71059 2.30116 10.9579
      vertex 4.71059 2.32073 10.9407
      vertex 4.68116 2.33219 10.9983
    endloop
  endfacet
  facet normal 0.923477 0.288176 0.25327
    outer loop
      vertex 4.73312 2.28228 10.9023
      vertex 4.73312 2.29476 10.8881
      vertex 4.71059 2.32073 10.9407
    endloop
  endfacet
  facet normal 0.923544 0.363205 0.123078
    outer loop
      vertex 4.73312 2.31364 10.8554
      vertex 4.71059 2.37225 10.8515
      vertex 4.71059 2.36388 10.8762
    endloop
  endfacet
  facet normal 0.258208 0.914836 0.31049
    outer loop
      vertex 4.45165 2.57368 10.9631
      vertex 4.45165 2.5916 10.9103
      vertex 4.39479 2.58776 10.9689
    endloop
  endfacet
  facet normal 0.25815 0.866523 0.427196
    outer loop
      vertex 4.45165 2.54903 11.0131
      vertex 4.45165 2.57368 10.9631
      vertex 4.39479 2.58776 10.9689
    endloop
  endfacet
  facet normal -0.258113 0.866515 0.427235
    outer loop
      vertex 4.21921 2.56222 11.0207
      vertex 4.21921 2.58776 10.9689
      vertex 4.16235 2.54903 11.0131
    endloop
  endfacet
  facet normal -0.130035 0.889291 0.438465
    outer loop
      vertex 4.27757 2.56888 11.0245
      vertex 4.21921 2.58776 10.9689
      vertex 4.21921 2.56222 11.0207
    endloop
  endfacet
  facet normal -0.382273 0.609698 0.69436
    outer loop
      vertex 4.16235 2.4394 11.1381
      vertex 4.16235 2.48131 11.1013
      vertex 4.10797 2.42569 11.1202
    endloop
  endfacet
  facet normal -0.257327 0.636566 0.727026
    outer loop
      vertex 4.21921 2.44868 11.1501
      vertex 4.21921 2.49208 11.1121
      vertex 4.16235 2.4394 11.1381
    endloop
  endfacet
  facet normal 0 -0.195756 0.980653
    outer loop
      vertex 4.27757 2.12139 11.2452
      vertex 4.33643 2.06378 11.2337
      vertex 4.33643 2.12139 11.2452
    endloop
  endfacet
  facet normal 0 -0.195756 0.980653
    outer loop
      vertex 4.33643 2.06378 11.2337
      vertex 4.27757 2.12139 11.2452
      vertex 4.27757 2.06378 11.2337
    endloop
  endfacet
  facet normal -0.12995 -0.194096 0.972337
    outer loop
      vertex 4.21921 2.12239 11.2376
      vertex 4.27757 2.06378 11.2337
      vertex 4.27757 2.12139 11.2452
    endloop
  endfacet
  facet normal 0.130382 -0.824636 0.550432
    outer loop
      vertex 4.33643 1.82376 11.0734
      vertex 4.33643 1.79112 11.0245
      vertex 4.39479 1.82985 11.0687
    endloop
  endfacet
  facet normal 0.129951 -0.82444 0.550829
    outer loop
      vertex 4.33643 1.79112 11.0245
      vertex 4.39479 1.79778 11.0207
      vertex 4.39479 1.82985 11.0687
    endloop
  endfacet
  facet normal -0.130428 -0.745038 0.654146
    outer loop
      vertex 4.27757 1.86248 11.1175
      vertex 4.21921 1.82985 11.0687
      vertex 4.27757 1.82376 11.0734
    endloop
  endfacet
  facet normal -0.130382 -0.824636 0.550432
    outer loop
      vertex 4.21921 1.82985 11.0687
      vertex 4.27757 1.79112 11.0245
      vertex 4.27757 1.82376 11.0734
    endloop
  endfacet
  facet normal 0.923482 0.123688 0.363157
    outer loop
      vertex 4.73312 2.21744 10.9397
      vertex 4.73312 2.23535 10.9336
      vertex 4.71059 2.23151 10.9922
    endloop
  endfacet
  facet normal 0.792705 0.119267 0.597824
    outer loop
      vertex 4.68116 2.21263 11.0479
      vertex 4.68116 2.24471 11.0415
      vertex 4.64533 2.25679 11.0866
    endloop
  endfacet
  facet normal 0.965806 -0.171174 0.194727
    outer loop
      vertex 4.73312 2.07772 10.9023
      vertex 4.74835 2.11792 10.8621
      vertex 4.73312 2.09194 10.9148
    endloop
  endfacet
  facet normal 0.923494 -0.074999 0.376211
    outer loop
      vertex 4.71059 2.12849 10.9922
      vertex 4.73312 2.14256 10.9397
      vertex 4.73312 2.16112 10.9434
    endloop
  endfacet
  facet normal 0.499232 -0.384024 0.776719
    outer loop
      vertex 4.50603 2.02555 11.1729
      vertex 4.55701 1.99292 11.124
      vertex 4.55701 2.03681 11.1457
    endloop
  endfacet
  facet normal 0.499252 -0.277978 0.820656
    outer loop
      vertex 4.50603 2.02555 11.1729
      vertex 4.55701 2.03681 11.1457
      vertex 4.55701 2.08316 11.1614
    endloop
  endfacet
  facet normal 0.79304 -0.338847 0.506232
    outer loop
      vertex 4.64533 1.99938 11.0354
      vertex 4.68116 2.02781 10.9983
      vertex 4.64533 2.03165 11.057
    endloop
  endfacet
  facet normal 0.608719 -0.0519899 0.791681
    outer loop
      vertex 4.55701 2.13116 11.171
      vertex 4.60371 2.13584 11.1354
      vertex 4.60371 2.18 11.1383
    endloop
  endfacet
  facet normal 0.382304 -0.51264 0.768794
    outer loop
      vertex 4.45165 1.9206 11.1381
      vertex 4.50603 1.93431 11.1202
      vertex 4.45165 1.96694 11.169
    endloop
  endfacet
  facet normal 0.257181 -0.536122 0.804009
    outer loop
      vertex 4.39479 1.91132 11.1501
      vertex 4.45165 1.9206 11.1381
      vertex 4.45165 1.96694 11.169
    endloop
  endfacet
  facet normal 0.381745 -0.694953 0.609353
    outer loop
      vertex 4.45165 1.87869 11.1013
      vertex 4.50603 1.85981 11.0457
      vertex 4.50603 1.89462 11.0854
    endloop
  endfacet
  facet normal 0.499065 -0.651566 0.57131
    outer loop
      vertex 4.50603 1.89462 11.0854
      vertex 4.50603 1.85981 11.0457
      vertex 4.55701 1.91543 11.0646
    endloop
  endfacet
  facet normal 0.12886 0.065269 -0.989512
    outer loop
      vertex 4.39479 2.18 10.3586
      vertex 4.33643 2.18 10.351
      vertex 4.39479 2.23761 10.3624
    endloop
  endfacet
  facet normal 0.129951 0.0641509 -0.989443
    outer loop
      vertex 4.39479 2.23761 10.3624
      vertex 4.33643 2.18 10.351
      vertex 4.33643 2.23861 10.3548
    endloop
  endfacet
  facet normal 0.12991 0.194058 -0.97235
    outer loop
      vertex 4.39479 2.29423 10.3737
      vertex 4.39479 2.23761 10.3624
      vertex 4.33643 2.29622 10.3663
    endloop
  endfacet
  facet normal 0.12995 0.194096 -0.972337
    outer loop
      vertex 4.39479 2.23761 10.3624
      vertex 4.33643 2.23861 10.3548
      vertex 4.33643 2.29622 10.3663
    endloop
  endfacet
  facet normal -0.258409 0.427931 -0.866083
    outer loop
      vertex 4.21921 2.40068 10.4178
      vertex 4.16235 2.34307 10.4063
      vertex 4.16235 2.39306 10.431
    endloop
  endfacet
  facet normal -0.381833 0.409412 -0.828604
    outer loop
      vertex 4.16235 2.39306 10.431
      vertex 4.16235 2.34307 10.4063
      vertex 4.10797 2.33445 10.4271
    endloop
  endfacet
  facet normal 0 0.556348 -0.830949
    outer loop
      vertex 4.27757 2.40452 10.4111
      vertex 4.33643 2.45336 10.4438
      vertex 4.33643 2.40452 10.4111
    endloop
  endfacet
  facet normal 0 0.556348 -0.830949
    outer loop
      vertex 4.33643 2.45336 10.4438
      vertex 4.27757 2.40452 10.4111
      vertex 4.27757 2.45336 10.4438
    endloop
  endfacet
  facet normal -0.130271 0.438806 -0.889089
    outer loop
      vertex 4.27757 2.40452 10.4111
      vertex 4.27757 2.35184 10.3851
      vertex 4.21921 2.3489 10.3922
    endloop
  endfacet
  facet normal -0.257327 0.636566 -0.727026
    outer loop
      vertex 4.21921 2.49208 10.4879
      vertex 4.21921 2.44868 10.4499
      vertex 4.16235 2.4394 10.4619
    endloop
  endfacet
  facet normal -0.258598 0.637368 -0.725872
    outer loop
      vertex 4.21921 2.49208 10.4879
      vertex 4.16235 2.4394 10.4619
      vertex 4.16235 2.48131 10.4987
    endloop
  endfacet
  facet normal 0.130062 0.938854 -0.318805
    outer loop
      vertex 4.39479 2.58776 10.6311
      vertex 4.33643 2.59486 10.6282
      vertex 4.33643 2.61374 10.6838
    endloop
  endfacet
  facet normal 0.381932 0.906466 -0.180133
    outer loop
      vertex 4.50603 2.56984 10.6955
      vertex 4.45165 2.5916 10.6897
      vertex 4.45165 2.60247 10.7444
    endloop
  endfacet
  facet normal 0.607811 0.660291 -0.441114
    outer loop
      vertex 4.60371 2.473 10.6308
      vertex 4.55701 2.47684 10.5722
      vertex 4.55701 2.50403 10.6129
    endloop
  endfacet
  facet normal 0.607862 0.660214 -0.441159
    outer loop
      vertex 4.60371 2.44841 10.594
      vertex 4.55701 2.47684 10.5722
      vertex 4.60371 2.473 10.6308
    endloop
  endfacet
  facet normal 0 0.659083 -0.75207
    outer loop
      vertex 4.27757 2.45336 10.4438
      vertex 4.33643 2.49752 10.4825
      vertex 4.33643 2.45336 10.4438
    endloop
  endfacet
  facet normal 0 0.659083 -0.75207
    outer loop
      vertex 4.33643 2.49752 10.4825
      vertex 4.27757 2.45336 10.4438
      vertex 4.27757 2.49752 10.4825
    endloop
  endfacet
  facet normal 0.965891 0.195351 -0.169978
    outer loop
      vertex 4.74835 2.24208 10.7379
      vertex 4.73312 2.29476 10.7119
      vertex 4.74835 2.24965 10.7466
    endloop
  endfacet
  facet normal 0.965805 0.194745 -0.171156
    outer loop
      vertex 4.74835 2.24208 10.7379
      vertex 4.73312 2.28228 10.6977
      vertex 4.73312 2.29476 10.7119
    endloop
  endfacet
  facet normal 0.865582 0.491117 -0.0978382
    outer loop
      vertex 4.71059 2.37225 10.7485
      vertex 4.68116 2.42149 10.7353
      vertex 4.71059 2.37733 10.774
    endloop
  endfacet
  facet normal 0.92357 0.376041 -0.0749133
    outer loop
      vertex 4.73312 2.32341 10.7811
      vertex 4.71059 2.37225 10.7485
      vertex 4.71059 2.37733 10.774
    endloop
  endfacet
  facet normal 0.792755 0.608231 -0.0399268
    outer loop
      vertex 4.68116 2.43001 10.8
      vertex 4.68116 2.42787 10.7674
      vertex 4.64533 2.47671 10.8
    endloop
  endfacet
  facet normal 0.865587 0.499691 -0.0326721
    outer loop
      vertex 4.71059 2.37903 10.8
      vertex 4.71059 2.37733 10.774
      vertex 4.68116 2.43001 10.8
    endloop
  endfacet
  facet normal 0.923504 -0.0243315 -0.382816
    outer loop
      vertex 4.73312 2.16112 10.6566
      vertex 4.71059 2.15402 10.6027
      vertex 4.73312 2.18 10.6554
    endloop
  endfacet
  facet normal 0.965851 -0.113838 -0.232751
    outer loop
      vertex 4.73312 2.10768 10.6747
      vertex 4.73312 2.12465 10.6664
      vertex 4.74835 2.1361 10.724
    endloop
  endfacet
  facet normal 0.923482 -0.123688 -0.363157
    outer loop
      vertex 4.73312 2.12465 10.6664
      vertex 4.71059 2.12849 10.6078
      vertex 4.73312 2.14256 10.6603
    endloop
  endfacet
  facet normal 0.865857 0.159648 -0.474135
    outer loop
      vertex 4.71059 2.23151 10.6078
      vertex 4.68116 2.24471 10.5585
      vertex 4.71059 2.25616 10.6161
    endloop
  endfacet
  facet normal 0.923696 0.169275 -0.343703
    outer loop
      vertex 4.73312 2.23535 10.6664
      vertex 4.71059 2.25616 10.6161
      vertex 4.71059 2.27951 10.6276
    endloop
  endfacet
  facet normal 0.991379 0.0410237 -0.124438
    outer loop
      vertex 4.75604 2.18762 10.7716
      vertex 4.74835 2.2136 10.7189
      vertex 4.75604 2.19126 10.7728
    endloop
  endfacet
  facet normal 0.965783 0.0836159 -0.245502
    outer loop
      vertex 4.74835 2.20272 10.7152
      vertex 4.73312 2.21744 10.6603
      vertex 4.73312 2.23535 10.6664
    endloop
  endfacet
  facet normal 0.607839 0.254815 -0.752064
    outer loop
      vertex 4.60371 2.26756 10.4732
      vertex 4.55701 2.27684 10.4386
      vertex 4.60371 2.30947 10.4874
    endloop
  endfacet
  facet normal 0.499291 0.383939 -0.776724
    outer loop
      vertex 4.55701 2.32318 10.4543
      vertex 4.50603 2.33445 10.4271
      vertex 4.55701 2.36708 10.476
    endloop
  endfacet
  facet normal 0.382983 0.0612383 -0.921723
    outer loop
      vertex 4.50603 2.18 10.3964
      vertex 4.45165 2.23562 10.3775
      vertex 4.50603 2.23268 10.3999
    endloop
  endfacet
  facet normal 0.792745 0.119362 -0.597753
    outer loop
      vertex 4.68116 2.21263 10.5521
      vertex 4.64533 2.21873 10.5058
      vertex 4.64533 2.25679 10.5134
    endloop
  endfacet
  facet normal 0.382304 0.51264 -0.768794
    outer loop
      vertex 4.50603 2.42569 10.4798
      vertex 4.45165 2.39306 10.431
      vertex 4.45165 2.4394 10.4619
    endloop
  endfacet
  facet normal 0.49935 0.383853 -0.776728
    outer loop
      vertex 4.55701 2.36708 10.476
      vertex 4.50603 2.33445 10.4271
      vertex 4.50603 2.3818 10.4505
    endloop
  endfacet
  facet normal 0.792495 0.196392 -0.577392
    outer loop
      vertex 4.68116 2.27567 10.569
      vertex 4.64533 2.25679 10.5134
      vertex 4.64533 2.29354 10.5259
    endloop
  endfacet
  facet normal 0.865808 0.0978965 -0.490706
    outer loop
      vertex 4.71059 2.20598 10.6027
      vertex 4.68116 2.21263 10.5521
      vertex 4.68116 2.24471 10.5585
    endloop
  endfacet
  facet normal 0.865448 -0.329769 -0.377164
    outer loop
      vertex 4.68116 2.00322 10.6232
      vertex 4.68116 2.02781 10.6017
      vertex 4.71059 2.05884 10.6421
    endloop
  endfacet
  facet normal 0.706722 -0.312013 -0.634974
    outer loop
      vertex 4.64533 2.03165 10.543
      vertex 4.60371 2.05053 10.4874
      vertex 4.64533 2.06645 10.5259
    endloop
  endfacet
  facet normal 0.923464 -0.253221 -0.28826
    outer loop
      vertex 4.71059 2.03926 10.6593
      vertex 4.71059 2.05884 10.6421
      vertex 4.73312 2.09194 10.6852
    endloop
  endfacet
  facet normal 0.382948 0.180224 -0.906019
    outer loop
      vertex 4.50603 2.23268 10.3999
      vertex 4.45165 2.23562 10.3775
      vertex 4.50603 2.28446 10.4102
    endloop
  endfacet
  facet normal 0.49875 0.0574589 -0.864839
    outer loop
      vertex 4.55701 2.18 10.4258
      vertex 4.50603 2.18 10.3964
      vertex 4.50603 2.23268 10.3999
    endloop
  endfacet
  facet normal 0.498821 -0.169091 -0.85005
    outer loop
      vertex 4.50603 2.07554 10.4102
      vertex 4.50603 2.12732 10.3999
      vertex 4.55701 2.08316 10.4386
    endloop
  endfacet
  facet normal 0.607818 -0.155731 -0.778656
    outer loop
      vertex 4.55701 2.08316 10.4386
      vertex 4.55701 2.13116 10.429
      vertex 4.60371 2.09243 10.4732
    endloop
  endfacet
  facet normal 0.705792 -0.138722 -0.694704
    outer loop
      vertex 4.64533 2.10321 10.5134
      vertex 4.60371 2.13584 10.4646
      vertex 4.64533 2.14127 10.5058
    endloop
  endfacet
  facet normal 0.70578 -0.0456339 -0.70696
    outer loop
      vertex 4.64533 2.14127 10.5058
      vertex 4.60371 2.13584 10.4646
      vertex 4.64533 2.18 10.5033
    endloop
  endfacet
  facet normal 0.607882 -0.254741 -0.752055
    outer loop
      vertex 4.55701 2.03681 10.4543
      vertex 4.55701 2.08316 10.4386
      vertex 4.60371 2.05053 10.4874
    endloop
  endfacet
  facet normal 0.607897 -0.351575 -0.711939
    outer loop
      vertex 4.60371 2.01084 10.507
      vertex 4.55701 2.03681 10.4543
      vertex 4.60371 2.05053 10.4874
    endloop
  endfacet
  facet normal 0.965806 0.254256 0.0507138
    outer loop
      vertex 4.74835 2.2648 10.8227
      vertex 4.73312 2.32341 10.8189
      vertex 4.73312 2.31972 10.8374
    endloop
  endfacet
  facet normal 0.865526 0.491255 0.0976388
    outer loop
      vertex 4.68116 2.42149 10.8647
      vertex 4.71059 2.37733 10.826
      vertex 4.68116 2.42787 10.8326
    endloop
  endfacet
  facet normal 0.865555 0.499738 0.0328049
    outer loop
      vertex 4.71059 2.37733 10.826
      vertex 4.68116 2.43001 10.8
      vertex 4.68116 2.42787 10.8326
    endloop
  endfacet
  facet normal 0.965793 0.232565 0.114702
    outer loop
      vertex 4.74835 2.25603 10.8439
      vertex 4.74835 2.26111 10.8336
      vertex 4.73312 2.30527 10.8723
    endloop
  endfacet
  facet normal 0.965907 0.144229 0.214991
    outer loop
      vertex 4.74835 2.2239 10.876
      vertex 4.74835 2.23344 10.8696
      vertex 4.73312 2.26806 10.9148
    endloop
  endfacet
  facet normal 0.923609 -0.02503 0.382517
    outer loop
      vertex 4.71059 2.15402 10.9973
      vertex 4.73312 2.18 10.9446
      vertex 4.71059 2.18 10.999
    endloop
  endfacet
  facet normal 0.865805 -0.0980222 0.490687
    outer loop
      vertex 4.68116 2.14737 11.0479
      vertex 4.71059 2.12849 10.9922
      vertex 4.71059 2.15402 10.9973
    endloop
  endfacet
  facet normal 0.12998 0.745383 -0.653842
    outer loop
      vertex 4.39479 2.49208 10.4879
      vertex 4.33643 2.49752 10.4825
      vertex 4.39479 2.53015 10.5313
    endloop
  endfacet
  facet normal 0.381833 0.409412 -0.828604
    outer loop
      vertex 4.50603 2.33445 10.4271
      vertex 4.45165 2.34307 10.4063
      vertex 4.45165 2.39306 10.431
    endloop
  endfacet
  facet normal 0.381745 0.694953 -0.609353
    outer loop
      vertex 4.50603 2.46538 10.5146
      vertex 4.45165 2.48131 10.4987
      vertex 4.50603 2.50019 10.5543
    endloop
  endfacet
  facet normal 0.12991 0.653168 -0.745986
    outer loop
      vertex 4.39479 2.49208 10.4879
      vertex 4.39479 2.44868 10.4499
      vertex 4.33643 2.49752 10.4825
    endloop
  endfacet
  facet normal 0.608454 0.523483 -0.596447
    outer loop
      vertex 4.60371 2.41923 10.5608
      vertex 4.60371 2.38596 10.5316
      vertex 4.55701 2.44457 10.5354
    endloop
  endfacet
  facet normal 0.499736 0.481367 -0.720104
    outer loop
      vertex 4.55701 2.40777 10.5032
      vertex 4.55701 2.36708 10.476
      vertex 4.50603 2.42569 10.4798
    endloop
  endfacet
  facet normal 0.607749 0.778879 0.154879
    outer loop
      vertex 4.60371 2.5068 10.8876
      vertex 4.60371 2.51543 10.8442
      vertex 4.55701 2.54141 10.8968
    endloop
  endfacet
  facet normal 0.706462 0.69416 0.138032
    outer loop
      vertex 4.64533 2.46659 10.8768
      vertex 4.60371 2.51543 10.8442
      vertex 4.60371 2.5068 10.8876
    endloop
  endfacet
  facet normal 0.792896 0.506337 -0.339026
    outer loop
      vertex 4.68116 2.39651 10.675
      vertex 4.64533 2.41539 10.6194
      vertex 4.64533 2.43695 10.6516
    endloop
  endfacet
  facet normal 0.79272 0.597869 -0.118946
    outer loop
      vertex 4.68116 2.42149 10.7353
      vertex 4.64533 2.46659 10.7232
      vertex 4.64533 2.47417 10.7613
    endloop
  endfacet
  facet normal 0.706175 0.532491 -0.466659
    outer loop
      vertex 4.64533 2.3898 10.5902
      vertex 4.60371 2.41923 10.5608
      vertex 4.64533 2.41539 10.6194
    endloop
  endfacet
  facet normal 0.706683 0.531438 -0.467089
    outer loop
      vertex 4.64533 2.41539 10.6194
      vertex 4.60371 2.41923 10.5608
      vertex 4.60371 2.44841 10.594
    endloop
  endfacet
  facet normal 0.706032 0.393566 -0.588749
    outer loop
      vertex 4.64533 2.32835 10.543
      vertex 4.60371 2.34916 10.507
      vertex 4.60371 2.38596 10.5316
    endloop
  endfacet
  facet normal 0.706025 0.313571 -0.634982
    outer loop
      vertex 4.64533 2.32835 10.543
      vertex 4.60371 2.30947 10.4874
      vertex 4.60371 2.34916 10.507
    endloop
  endfacet
  facet normal 0.865575 0.221933 -0.448916
    outer loop
      vertex 4.71059 2.25616 10.6161
      vertex 4.68116 2.27567 10.569
      vertex 4.68116 2.305 10.5835
    endloop
  endfacet
  facet normal 0.865585 0.160834 -0.474231
    outer loop
      vertex 4.71059 2.25616 10.6161
      vertex 4.68116 2.24471 10.5585
      vertex 4.68116 2.27567 10.569
    endloop
  endfacet
  facet normal 0.923473 0.213497 -0.318773
    outer loop
      vertex 4.73312 2.26806 10.6852
      vertex 4.71059 2.27951 10.6276
      vertex 4.71059 2.30116 10.6421
    endloop
  endfacet
  facet normal 0.865764 0.375601 -0.330721
    outer loop
      vertex 4.71059 2.32073 10.6593
      vertex 4.68116 2.35678 10.6232
      vertex 4.71059 2.3379 10.6788
    endloop
  endfacet
  facet normal 0.923477 0.288176 -0.25327
    outer loop
      vertex 4.73312 2.28228 10.6977
      vertex 4.71059 2.32073 10.6593
      vertex 4.73312 2.29476 10.7119
    endloop
  endfacet
  facet normal 0.923466 0.253314 -0.288171
    outer loop
      vertex 4.73312 2.26806 10.6852
      vertex 4.71059 2.32073 10.6593
      vertex 4.73312 2.28228 10.6977
    endloop
  endfacet
  facet normal -0.258414 0.947507 -0.188289
    outer loop
      vertex 4.21921 2.61758 10.7424
      vertex 4.16235 2.5916 10.6897
      vertex 4.16235 2.60247 10.7444
    endloop
  endfacet
  facet normal -0.130062 0.938854 -0.318805
    outer loop
      vertex 4.27757 2.61374 10.6838
      vertex 4.27757 2.59486 10.6282
      vertex 4.21921 2.58776 10.6311
    endloop
  endfacet
  facet normal -0.130117 0.972409 -0.193623
    outer loop
      vertex 4.27757 2.62519 10.7414
      vertex 4.21921 2.60631 10.6858
      vertex 4.21921 2.61758 10.7424
    endloop
  endfacet
  facet normal -0.258071 0.947525 -0.188668
    outer loop
      vertex 4.21921 2.61758 10.7424
      vertex 4.21921 2.60631 10.6858
      vertex 4.16235 2.5916 10.6897
    endloop
  endfacet
  facet normal -0.130122 0.989381 0.0647564
    outer loop
      vertex 4.27757 2.62519 10.8586
      vertex 4.21921 2.62135 10.8
      vertex 4.21921 2.61758 10.8576
    endloop
  endfacet
  facet normal 0.257989 0.914967 0.310286
    outer loop
      vertex 4.39479 2.58776 10.9689
      vertex 4.45165 2.5916 10.9103
      vertex 4.39479 2.60631 10.9142
    endloop
  endfacet
  facet normal 0.258071 0.947525 0.188668
    outer loop
      vertex 4.45165 2.5916 10.9103
      vertex 4.39479 2.61758 10.8576
      vertex 4.39479 2.60631 10.9142
    endloop
  endfacet
  facet normal -0.130363 0.989333 0.0649989
    outer loop
      vertex 4.27757 2.62904 10.8
      vertex 4.21921 2.62135 10.8
      vertex 4.27757 2.62519 10.8586
    endloop
  endfacet
  facet normal -0.130117 0.972409 0.193623
    outer loop
      vertex 4.27757 2.62519 10.8586
      vertex 4.21921 2.61758 10.8576
      vertex 4.21921 2.60631 10.9142
    endloop
  endfacet
  facet normal 0.38164 -0.059701 0.922381
    outer loop
      vertex 4.45165 2.12438 11.2225
      vertex 4.50603 2.18 11.2036
      vertex 4.45165 2.18 11.2261
    endloop
  endfacet
  facet normal 0.38164 0.059701 0.922381
    outer loop
      vertex 4.45165 2.18 11.2261
      vertex 4.50603 2.18 11.2036
      vertex 4.45165 2.23562 11.2225
    endloop
  endfacet
  facet normal 0.381836 -0.29684 0.875264
    outer loop
      vertex 4.45165 2.01693 11.1937
      vertex 4.50603 2.02555 11.1729
      vertex 4.45165 2.06971 11.2116
    endloop
  endfacet
  facet normal 0.498868 -0.277564 0.82103
    outer loop
      vertex 4.50603 2.02555 11.1729
      vertex 4.55701 2.08316 11.1614
      vertex 4.50603 2.07554 11.1898
    endloop
  endfacet
  facet normal 0.12886 0.065269 0.989512
    outer loop
      vertex 4.39479 2.18 11.2414
      vertex 4.39479 2.23761 11.2376
      vertex 4.33643 2.18 11.249
    endloop
  endfacet
  facet normal 0.258227 0.0635855 0.96399
    outer loop
      vertex 4.39479 2.18 11.2414
      vertex 4.45165 2.23562 11.2225
      vertex 4.39479 2.23761 11.2376
    endloop
  endfacet
  facet normal -0.129928 0.317822 0.939206
    outer loop
      vertex 4.27757 2.29622 11.2337
      vertex 4.21921 2.3489 11.2078
      vertex 4.21921 2.29423 11.2263
    endloop
  endfacet
  facet normal -0.12995 0.194096 0.972337
    outer loop
      vertex 4.27757 2.23861 11.2452
      vertex 4.27757 2.29622 11.2337
      vertex 4.21921 2.23761 11.2376
    endloop
  endfacet
  facet normal 0.130341 0.653461 0.745654
    outer loop
      vertex 4.39479 2.44868 11.1501
      vertex 4.33643 2.49752 11.1175
      vertex 4.33643 2.45336 11.1562
    endloop
  endfacet
  facet normal -0.706626 -0.669913 0.227807
    outer loop
      vertex 3.96867 1.90588 10.9135
      vertex 3.96867 1.8934 10.8768
      vertex 4.01029 1.86742 10.9295
    endloop
  endfacet
  facet normal -0.607819 -0.752036 0.254947
    outer loop
      vertex 4.01029 1.86742 10.9295
      vertex 4.05699 1.81859 10.8968
      vertex 4.05699 1.83432 10.9432
    endloop
  endfacet
  facet normal -0.381833 -0.409412 0.828604
    outer loop
      vertex 4.10797 2.02555 11.1729
      vertex 4.16235 1.96694 11.169
      vertex 4.16235 2.01693 11.1937
    endloop
  endfacet
  facet normal -0.381893 -0.409464 0.828552
    outer loop
      vertex 4.10797 2.02555 11.1729
      vertex 4.10797 1.9782 11.1495
      vertex 4.16235 1.96694 11.169
    endloop
  endfacet
  facet normal 0 -0.556348 0.830949
    outer loop
      vertex 4.27757 1.95548 11.1889
      vertex 4.33643 1.90664 11.1562
      vertex 4.33643 1.95548 11.1889
    endloop
  endfacet
  facet normal 0 -0.556348 0.830949
    outer loop
      vertex 4.33643 1.90664 11.1562
      vertex 4.27757 1.95548 11.1889
      vertex 4.27757 1.90664 11.1562
    endloop
  endfacet
  facet normal 0 -0.659083 0.75207
    outer loop
      vertex 4.27757 1.90664 11.1562
      vertex 4.33643 1.86248 11.1175
      vertex 4.33643 1.90664 11.1562
    endloop
  endfacet
  facet normal 0 -0.659083 0.75207
    outer loop
      vertex 4.33643 1.86248 11.1175
      vertex 4.27757 1.90664 11.1562
      vertex 4.27757 1.86248 11.1175
    endloop
  endfacet
  facet normal 0.130291 -0.938901 0.318574
    outer loop
      vertex 4.33643 1.74626 10.9162
      vertex 4.39479 1.75368 10.9142
      vertex 4.39479 1.77224 10.9689
    endloop
  endfacet
  facet normal 0.13029 -0.989354 0.0648314
    outer loop
      vertex 4.33643 1.7348 10.8586
      vertex 4.33643 1.73096 10.8
      vertex 4.39479 1.74242 10.8576
    endloop
  endfacet
  facet normal 0.130062 -0.938854 0.318805
    outer loop
      vertex 4.33643 1.76514 10.9718
      vertex 4.33643 1.74626 10.9162
      vertex 4.39479 1.77224 10.9689
    endloop
  endfacet
  facet normal -0.382259 -0.828808 0.408602
    outer loop
      vertex 4.10797 1.83048 11.0018
      vertex 4.16235 1.78632 10.9631
      vertex 4.16235 1.81097 11.0131
    endloop
  endfacet
  facet normal -0.381934 -0.906444 0.180239
    outer loop
      vertex 4.10797 1.79016 10.9045
      vertex 4.10797 1.77986 10.8527
      vertex 4.16235 1.7684 10.9103
    endloop
  endfacet
  facet normal -0.130365 -0.989349 0.0647543
    outer loop
      vertex 4.21921 1.73865 10.8
      vertex 4.27757 1.73096 10.8
      vertex 4.21921 1.74242 10.8576
    endloop
  endfacet
  facet normal -0.13029 -0.989354 0.0648314
    outer loop
      vertex 4.21921 1.74242 10.8576
      vertex 4.27757 1.73096 10.8
      vertex 4.27757 1.7348 10.8586
    endloop
  endfacet
  facet normal -0.607839 0.254815 0.752064
    outer loop
      vertex 4.05699 2.27684 11.1614
      vertex 4.01029 2.30947 11.1126
      vertex 4.01029 2.26756 11.1268
    endloop
  endfacet
  facet normal -0.608719 0.0519899 0.791681
    outer loop
      vertex 4.05699 2.22884 11.171
      vertex 4.01029 2.22416 11.1354
      vertex 4.01029 2.18 11.1383
    endloop
  endfacet
  facet normal -0.792745 0.119362 0.597753
    outer loop
      vertex 3.96867 2.25679 11.0866
      vertex 3.93284 2.21263 11.0479
      vertex 3.96867 2.21873 11.0942
    endloop
  endfacet
  facet normal -0.705792 0.138722 0.694704
    outer loop
      vertex 4.01029 2.22416 11.1354
      vertex 3.96867 2.25679 11.0866
      vertex 3.96867 2.21873 11.0942
    endloop
  endfacet
  facet normal -0.792705 -0.119267 0.597824
    outer loop
      vertex 3.93284 2.14737 11.0479
      vertex 3.93284 2.11529 11.0415
      vertex 3.96867 2.10321 11.0866
    endloop
  endfacet
  facet normal -0.792696 -0.195796 0.577319
    outer loop
      vertex 3.93284 2.11529 11.0415
      vertex 3.93284 2.08433 11.031
      vertex 3.96867 2.10321 11.0866
    endloop
  endfacet
  facet normal -0.867711 -0.158374 0.471163
    outer loop
      vertex 3.93 2.11657 11.0367
      vertex 3.93 2.11419 11.0359
      vertex 3.93284 2.11529 11.0415
    endloop
  endfacet
  facet normal -0.607659 -0.351993 0.711935
    outer loop
      vertex 4.05699 2.03681 11.1457
      vertex 4.01029 2.01084 11.093
      vertex 4.05699 1.99292 11.124
    endloop
  endfacet
  facet normal -0.706722 -0.312013 0.634974
    outer loop
      vertex 3.96867 2.06645 11.0741
      vertex 3.96867 2.03165 11.057
      vertex 4.01029 2.05053 11.1126
    endloop
  endfacet
  facet normal -0.866741 0.0396161 0.497182
    outer loop
      vertex 3.93284 2.21263 11.0479
      vertex 3.93 2.21199 11.043
      vertex 3.93 2.20948 11.0432
    endloop
  endfacet
  facet normal -0.867759 0.0989892 0.487027
    outer loop
      vertex 3.93284 2.24471 11.0415
      vertex 3.93 2.24343 11.0367
      vertex 3.93 2.24097 11.0372
    endloop
  endfacet
  facet normal -0.607921 0.751962 0.254922
    outer loop
      vertex 4.05699 2.52568 10.9432
      vertex 4.05699 2.54141 10.8968
      vertex 4.01029 2.49257 10.9295
    endloop
  endfacet
  facet normal -0.793048 0.268585 0.546752
    outer loop
      vertex 3.96867 2.32835 11.057
      vertex 3.93284 2.305 11.0165
      vertex 3.96867 2.29354 11.0741
    endloop
  endfacet
  facet normal -0.866221 0.376278 0.328748
    outer loop
      vertex 3.93284 2.35678 10.9768
      vertex 3.93 2.35496 10.9714
      vertex 3.93 2.3533 10.9733
    endloop
  endfacet
  facet normal -0.865905 0.473943 0.159956
    outer loop
      vertex 3.93284 2.42149 10.8647
      vertex 3.93 2.41674 10.8634
      vertex 3.93 2.41593 10.8658
    endloop
  endfacet
  facet normal -0.381932 0.906466 0.180133
    outer loop
      vertex 4.16235 2.5916 10.9103
      vertex 4.16235 2.60247 10.8556
      vertex 4.10797 2.56984 10.9045
    endloop
  endfacet
  facet normal -0.38184 0.906482 -0.180246
    outer loop
      vertex 4.16235 2.60247 10.7444
      vertex 4.10797 2.56984 10.6955
      vertex 4.10797 2.58014 10.7473
    endloop
  endfacet
  facet normal -0.25815 0.866523 0.427196
    outer loop
      vertex 4.21921 2.58776 10.9689
      vertex 4.16235 2.57368 10.9631
      vertex 4.16235 2.54903 11.0131
    endloop
  endfacet
  facet normal -0.498914 0.820502 0.279036
    outer loop
      vertex 4.10797 2.55287 10.9544
      vertex 4.10797 2.56984 10.9045
      vertex 4.05699 2.52568 10.9432
    endloop
  endfacet
  facet normal -0.792755 0.608232 0.0399201
    outer loop
      vertex 3.96867 2.47671 10.8
      vertex 3.93284 2.43001 10.8
      vertex 3.96867 2.47417 10.8387
    endloop
  endfacet
  facet normal -0.499397 0.849719 0.169059
    outer loop
      vertex 4.10797 2.56984 10.9045
      vertex 4.05699 2.55096 10.8488
      vertex 4.05699 2.54141 10.8968
    endloop
  endfacet
  facet normal -0.499324 0.849779 0.168971
    outer loop
      vertex 4.10797 2.58014 10.8527
      vertex 4.05699 2.55096 10.8488
      vertex 4.10797 2.56984 10.9045
    endloop
  endfacet
  facet normal -0.706488 0.670133 0.227589
    outer loop
      vertex 4.01029 2.5068 10.8876
      vertex 3.96867 2.46659 10.8768
      vertex 4.01029 2.49257 10.9295
    endloop
  endfacet
  facet normal -0.607647 0.752021 0.2554
    outer loop
      vertex 4.05699 2.54141 10.8968
      vertex 4.01029 2.5068 10.8876
      vertex 4.01029 2.49257 10.9295
    endloop
  endfacet
  facet normal -0.706175 0.532491 0.466659
    outer loop
      vertex 4.01029 2.41923 11.0392
      vertex 3.96867 2.41539 10.9806
      vertex 3.96867 2.3898 11.0098
    endloop
  endfacet
  facet normal -0.706353 0.63491 0.312977
    outer loop
      vertex 4.01029 2.473 10.9692
      vertex 4.01029 2.49257 10.9295
      vertex 3.96867 2.43695 10.9484
    endloop
  endfacet
  facet normal 0.257989 0.914967 -0.310286
    outer loop
      vertex 4.45165 2.5916 10.6897
      vertex 4.39479 2.58776 10.6311
      vertex 4.39479 2.60631 10.6858
    endloop
  endfacet
  facet normal 0.258071 0.947525 -0.188668
    outer loop
      vertex 4.45165 2.5916 10.6897
      vertex 4.39479 2.60631 10.6858
      vertex 4.39479 2.61758 10.7424
    endloop
  endfacet
  facet normal -0.38164 -0.059701 0.922381
    outer loop
      vertex 4.16235 2.18 11.2261
      vertex 4.10797 2.18 11.2036
      vertex 4.16235 2.12438 11.2225
    endloop
  endfacet
  facet normal -0.49875 0.0574589 0.864839
    outer loop
      vertex 4.10797 2.23268 11.2001
      vertex 4.05699 2.18 11.1742
      vertex 4.10797 2.18 11.2036
    endloop
  endfacet
  facet normal -0.706176 0.046397 0.706515
    outer loop
      vertex 4.01029 2.22416 11.1354
      vertex 3.96867 2.18 11.0967
      vertex 4.01029 2.18 11.1383
    endloop
  endfacet
  facet normal -0.608719 -0.0519899 0.791681
    outer loop
      vertex 4.01029 2.18 11.1383
      vertex 4.01029 2.13584 11.1354
      vertex 4.05699 2.13116 11.171
    endloop
  endfacet
  facet normal -0.607655 0.441371 0.660262
    outer loop
      vertex 4.05699 2.36708 11.124
      vertex 4.01029 2.38596 11.0684
      vertex 4.01029 2.34916 11.093
    endloop
  endfacet
  facet normal -0.607659 0.441365 0.660263
    outer loop
      vertex 4.05699 2.40777 11.0968
      vertex 4.01029 2.38596 11.0684
      vertex 4.05699 2.36708 11.124
    endloop
  endfacet
  facet normal -0.607811 0.660291 0.441114
    outer loop
      vertex 4.05699 2.50403 10.9871
      vertex 4.01029 2.473 10.9692
      vertex 4.05699 2.47684 11.0278
    endloop
  endfacet
  facet normal -0.607828 0.712173 0.35122
    outer loop
      vertex 4.05699 2.50403 10.9871
      vertex 4.05699 2.52568 10.9432
      vertex 4.01029 2.473 10.9692
    endloop
  endfacet
  facet normal -0.258626 -0.428114 0.865928
    outer loop
      vertex 4.16235 2.01693 11.1937
      vertex 4.21921 1.95932 11.1822
      vertex 4.21921 2.0111 11.2078
    endloop
  endfacet
  facet normal -0.130938 -0.439377 0.888709
    outer loop
      vertex 4.21921 2.0111 11.2078
      vertex 4.21921 1.95932 11.1822
      vertex 4.27757 1.95548 11.1889
    endloop
  endfacet
  facet normal -0.382948 0.180224 0.906019
    outer loop
      vertex 4.16235 2.23562 11.2225
      vertex 4.10797 2.28446 11.1898
      vertex 4.10797 2.23268 11.2001
    endloop
  endfacet
  facet normal -0.259333 0.06238 0.963771
    outer loop
      vertex 4.21921 2.18 11.2414
      vertex 4.16235 2.23562 11.2225
      vertex 4.16235 2.18 11.2261
    endloop
  endfacet
  facet normal -0.706025 -0.313571 -0.634982
    outer loop
      vertex 3.96867 2.03165 10.543
      vertex 4.01029 2.05053 10.4874
      vertex 4.01029 2.01084 10.507
    endloop
  endfacet
  facet normal -0.499252 -0.277978 -0.820656
    outer loop
      vertex 4.05699 2.08316 10.4386
      vertex 4.10797 2.02555 10.4271
      vertex 4.05699 2.03681 10.4543
    endloop
  endfacet
  facet normal -0.499324 0.849779 -0.168971
    outer loop
      vertex 4.10797 2.58014 10.7473
      vertex 4.10797 2.56984 10.6955
      vertex 4.05699 2.55096 10.7512
    endloop
  endfacet
  facet normal -0.382055 0.922155 -0.0605371
    outer loop
      vertex 4.16235 2.60612 10.8
      vertex 4.16235 2.60247 10.7444
      vertex 4.10797 2.58359 10.8
    endloop
  endfacet
  facet normal -0.258568 0.802927 -0.537076
    outer loop
      vertex 4.16235 2.54903 10.5869
      vertex 4.21921 2.53015 10.5313
      vertex 4.16235 2.51806 10.5406
    endloop
  endfacet
  facet normal -0.258597 0.726226 -0.636964
    outer loop
      vertex 4.21921 2.53015 10.5313
      vertex 4.16235 2.48131 10.4987
      vertex 4.16235 2.51806 10.5406
    endloop
  endfacet
  facet normal -0.49908 0.720538 -0.481398
    outer loop
      vertex 4.10797 2.52952 10.5982
      vertex 4.10797 2.50019 10.5543
      vertex 4.05699 2.50403 10.6129
    endloop
  endfacet
  facet normal -0.608384 0.596714 -0.52326
    outer loop
      vertex 4.05699 2.47684 10.5722
      vertex 4.05699 2.44457 10.5354
      vertex 4.01029 2.41923 10.5608
    endloop
  endfacet
  facet normal -0.499053 0.571303 -0.651581
    outer loop
      vertex 4.10797 2.46538 10.5146
      vertex 4.10797 2.42569 10.4798
      vertex 4.05699 2.44457 10.5354
    endloop
  endfacet
  facet normal -0.499712 0.570391 -0.651876
    outer loop
      vertex 4.05699 2.44457 10.5354
      vertex 4.10797 2.42569 10.4798
      vertex 4.05699 2.40777 10.5032
    endloop
  endfacet
  facet normal -0.792643 0.458512 -0.40185
    outer loop
      vertex 3.93284 2.37834 10.6478
      vertex 3.96867 2.41539 10.6194
      vertex 3.93284 2.35678 10.6232
    endloop
  endfacet
  facet normal -0.792755 0.608231 -0.0399268
    outer loop
      vertex 3.96867 2.47671 10.8
      vertex 3.93284 2.42787 10.7674
      vertex 3.93284 2.43001 10.8
    endloop
  endfacet
  facet normal -0.706239 0.466901 -0.532194
    outer loop
      vertex 3.96867 2.3898 10.5902
      vertex 4.01029 2.38596 10.5316
      vertex 3.96867 2.36062 10.5646
    endloop
  endfacet
  facet normal -0.706321 0.588213 -0.393847
    outer loop
      vertex 4.01029 2.473 10.6308
      vertex 3.96867 2.41539 10.6194
      vertex 3.96867 2.43695 10.6516
    endloop
  endfacet
  facet normal -0.863369 0.280669 -0.419307
    outer loop
      vertex 3.93 2.30463 10.5891
      vertex 3.93284 2.33219 10.6017
      vertex 3.93284 2.305 10.5835
    endloop
  endfacet
  facet normal -0.865389 0.279365 -0.416001
    outer loop
      vertex 3.93284 2.33219 10.6017
      vertex 3.93 2.30463 10.5891
      vertex 3.93 2.3292 10.6056
    endloop
  endfacet
  facet normal -0.607849 0.351591 -0.711971
    outer loop
      vertex 4.01029 2.34916 10.507
      vertex 4.05699 2.32318 10.4543
      vertex 4.01029 2.30947 10.4874
    endloop
  endfacet
  facet normal -0.706025 0.313571 -0.634982
    outer loop
      vertex 4.01029 2.34916 10.507
      vertex 4.01029 2.30947 10.4874
      vertex 3.96867 2.32835 10.543
    endloop
  endfacet
  facet normal -0.608719 0.0519899 -0.791681
    outer loop
      vertex 4.01029 2.22416 10.4646
      vertex 4.05699 2.22884 10.429
      vertex 4.01029 2.18 10.4617
    endloop
  endfacet
  facet normal -0.793048 0.268585 -0.546752
    outer loop
      vertex 3.96867 2.32835 10.543
      vertex 3.96867 2.29354 10.5259
      vertex 3.93284 2.305 10.5835
    endloop
  endfacet
  facet normal -0.608644 -0.0518752 -0.791746
    outer loop
      vertex 4.01029 2.18 10.4617
      vertex 4.05699 2.18 10.4258
      vertex 4.05699 2.13116 10.429
    endloop
  endfacet
  facet normal -0.608644 0.0518752 -0.791746
    outer loop
      vertex 4.05699 2.22884 10.429
      vertex 4.05699 2.18 10.4258
      vertex 4.01029 2.18 10.4617
    endloop
  endfacet
  facet normal -0.706328 -0.137566 -0.694389
    outer loop
      vertex 3.96867 2.10321 10.5134
      vertex 4.01029 2.13584 10.4646
      vertex 4.01029 2.09243 10.4732
    endloop
  endfacet
  facet normal -0.705792 -0.138722 -0.694704
    outer loop
      vertex 3.96867 2.14127 10.5058
      vertex 4.01029 2.13584 10.4646
      vertex 3.96867 2.10321 10.5134
    endloop
  endfacet
  facet normal 0.12995 -0.194096 -0.972337
    outer loop
      vertex 4.33643 2.06378 10.3663
      vertex 4.33643 2.12139 10.3548
      vertex 4.39479 2.12239 10.3624
    endloop
  endfacet
  facet normal 0.258043 -0.188908 -0.947485
    outer loop
      vertex 4.45165 2.06971 10.3884
      vertex 4.39479 2.06577 10.3737
      vertex 4.45165 2.12438 10.3775
    endloop
  endfacet
  facet normal 0.3826 -0.180653 -0.906081
    outer loop
      vertex 4.45165 2.06971 10.3884
      vertex 4.45165 2.12438 10.3775
      vertex 4.50603 2.07554 10.4102
    endloop
  endfacet
  facet normal 0.793096 -0.269936 -0.546016
    outer loop
      vertex 4.68116 2.055 10.5835
      vertex 4.64533 2.03165 10.543
      vertex 4.68116 2.08433 10.569
    endloop
  endfacet
  facet normal 0.793038 -0.338853 -0.506231
    outer loop
      vertex 4.68116 2.02781 10.6017
      vertex 4.64533 2.03165 10.543
      vertex 4.68116 2.055 10.5835
    endloop
  endfacet
  facet normal 0.706706 -0.634838 -0.312326
    outer loop
      vertex 4.60371 1.86742 10.6705
      vertex 4.64533 1.92305 10.6516
      vertex 4.64533 1.90588 10.6865
    endloop
  endfacet
  facet normal 0.607859 -0.660261 -0.441093
    outer loop
      vertex 4.55701 1.85597 10.6129
      vertex 4.55701 1.88316 10.5722
      vertex 4.60371 1.91159 10.594
    endloop
  endfacet
  facet normal 0.79265 -0.458517 -0.401831
    outer loop
      vertex 4.64533 1.94461 10.6194
      vertex 4.64533 1.9702 10.5902
      vertex 4.68116 2.00322 10.6232
    endloop
  endfacet
  facet normal 0.706175 -0.532491 -0.466659
    outer loop
      vertex 4.64533 1.94461 10.6194
      vertex 4.60371 1.94077 10.5608
      vertex 4.64533 1.9702 10.5902
    endloop
  endfacet
  facet normal 0.865471 -0.416793 -0.277926
    outer loop
      vertex 4.71059 2.00763 10.7005
      vertex 4.68116 1.98166 10.6478
      vertex 4.71059 2.0221 10.6788
    endloop
  endfacet
  facet normal 0.865586 -0.474245 -0.160785
    outer loop
      vertex 4.68116 1.93851 10.7353
      vertex 4.68116 1.94902 10.7043
      vertex 4.71059 1.98775 10.7485
    endloop
  endfacet
  facet normal 0.38231 -0.768051 -0.513748
    outer loop
      vertex 4.45165 1.81097 10.5869
      vertex 4.45165 1.84194 10.5406
      vertex 4.50603 1.83048 10.5982
    endloop
  endfacet
  facet normal 0.49908 -0.720538 -0.481398
    outer loop
      vertex 4.50603 1.83048 10.5982
      vertex 4.50603 1.85981 10.5543
      vertex 4.55701 1.85597 10.6129
    endloop
  endfacet
  facet normal 0.499103 -0.777172 -0.383275
    outer loop
      vertex 4.55701 1.83432 10.6568
      vertex 4.50603 1.83048 10.5982
      vertex 4.55701 1.85597 10.6129
    endloop
  endfacet
  facet normal 0.498815 -0.77749 -0.383004
    outer loop
      vertex 4.50603 1.80713 10.6456
      vertex 4.50603 1.83048 10.5982
      vertex 4.55701 1.83432 10.6568
    endloop
  endfacet
  facet normal 0.129951 -0.82444 -0.550829
    outer loop
      vertex 4.33643 1.79112 10.5755
      vertex 4.39479 1.82985 10.5313
      vertex 4.39479 1.79778 10.5793
    endloop
  endfacet
  facet normal 0.25856 -0.803216 -0.536648
    outer loop
      vertex 4.39479 1.79778 10.5793
      vertex 4.39479 1.82985 10.5313
      vertex 4.45165 1.84194 10.5406
    endloop
  endfacet
  facet normal 0.258414 -0.947507 -0.188289
    outer loop
      vertex 4.39479 1.74242 10.7424
      vertex 4.45165 1.7684 10.6897
      vertex 4.45165 1.75753 10.7444
    endloop
  endfacet
  facet normal 0.381843 -0.906502 -0.18014
    outer loop
      vertex 4.45165 1.75753 10.7444
      vertex 4.45165 1.7684 10.6897
      vertex 4.50603 1.77986 10.7473
    endloop
  endfacet
  facet normal 0.49935 -0.383853 -0.776728
    outer loop
      vertex 4.50603 1.9782 10.4505
      vertex 4.50603 2.02555 10.4271
      vertex 4.55701 1.99292 10.476
    endloop
  endfacet
  facet normal 0.382273 -0.609698 -0.69436
    outer loop
      vertex 4.45165 1.87869 10.4987
      vertex 4.45165 1.9206 10.4619
      vertex 4.50603 1.93431 10.4798
    endloop
  endfacet
  facet normal 0.258389 -0.537021 -0.803022
    outer loop
      vertex 4.39479 1.91132 10.4499
      vertex 4.39479 1.95932 10.4178
      vertex 4.45165 1.96694 10.431
    endloop
  endfacet
  facet normal 0.130873 -0.551117 -0.824101
    outer loop
      vertex 4.39479 1.91132 10.4499
      vertex 4.33643 1.95548 10.4111
      vertex 4.39479 1.95932 10.4178
    endloop
  endfacet
  facet normal 0.382304 -0.51264 -0.768794
    outer loop
      vertex 4.45165 1.9206 10.4619
      vertex 4.45165 1.96694 10.431
      vertex 4.50603 1.93431 10.4798
    endloop
  endfacet
  facet normal 0.381886 -0.513144 -0.768665
    outer loop
      vertex 4.50603 1.93431 10.4798
      vertex 4.45165 1.96694 10.431
      vertex 4.50603 1.9782 10.4505
    endloop
  endfacet
  facet normal -0.382304 -0.51264 -0.768794
    outer loop
      vertex 4.10797 1.93431 10.4798
      vertex 4.16235 1.96694 10.431
      vertex 4.16235 1.9206 10.4619
    endloop
  endfacet
  facet normal -0.382273 -0.609698 -0.69436
    outer loop
      vertex 4.10797 1.93431 10.4798
      vertex 4.16235 1.9206 10.4619
      vertex 4.16235 1.87869 10.4987
    endloop
  endfacet
  facet normal -0.79304 -0.338847 -0.506232
    outer loop
      vertex 3.93284 2.02781 10.6017
      vertex 3.96867 2.03165 10.543
      vertex 3.96867 1.99938 10.5646
    endloop
  endfacet
  facet normal -0.793038 -0.338853 -0.506231
    outer loop
      vertex 3.93284 2.055 10.5835
      vertex 3.96867 2.03165 10.543
      vertex 3.93284 2.02781 10.6017
    endloop
  endfacet
  facet normal -0.499321 -0.849761 -0.169067
    outer loop
      vertex 4.05699 1.80904 10.7512
      vertex 4.05699 1.81859 10.7032
      vertex 4.10797 1.77986 10.7473
    endloop
  endfacet
  facet normal -0.381745 -0.694953 -0.609353
    outer loop
      vertex 4.10797 1.89462 10.5146
      vertex 4.16235 1.87869 10.4987
      vertex 4.10797 1.85981 10.5543
    endloop
  endfacet
  facet normal -0.499037 -0.651554 -0.571349
    outer loop
      vertex 4.05699 1.88316 10.5722
      vertex 4.05699 1.91543 10.5354
      vertex 4.10797 1.85981 10.5543
    endloop
  endfacet
  facet normal -0.706246 -0.393802 -0.588333
    outer loop
      vertex 3.96867 2.03165 10.543
      vertex 4.01029 1.97404 10.5316
      vertex 3.96867 1.99938 10.5646
    endloop
  endfacet
  facet normal -0.607815 -0.712173 -0.351243
    outer loop
      vertex 4.01029 1.86742 10.6705
      vertex 4.01029 1.887 10.6308
      vertex 4.05699 1.83432 10.6568
    endloop
  endfacet
  facet normal -0.607819 -0.752036 -0.254947
    outer loop
      vertex 4.01029 1.86742 10.6705
      vertex 4.05699 1.83432 10.6568
      vertex 4.05699 1.81859 10.7032
    endloop
  endfacet
  facet normal -0.923653 -0.382469 -0.0241571
    outer loop
      vertex 3.89553 2 10.8
      vertex 3.8957 2 10.7935
      vertex 3.90341 1.98097 10.8
    endloop
  endfacet
  facet normal -0.607805 -0.778838 -0.15487
    outer loop
      vertex 4.01029 1.84457 10.7558
      vertex 4.01029 1.8532 10.7124
      vertex 4.05699 1.80904 10.7512
    endloop
  endfacet
  facet normal -0.79265 -0.458517 -0.401831
    outer loop
      vertex 3.93284 2.00322 10.6232
      vertex 3.96867 1.9702 10.5902
      vertex 3.96867 1.94461 10.6194
    endloop
  endfacet
  facet normal -0.706358 -0.634842 -0.313104
    outer loop
      vertex 3.96867 1.92305 10.6516
      vertex 4.01029 1.887 10.6308
      vertex 4.01029 1.86742 10.6705
    endloop
  endfacet
  facet normal -0.706321 -0.588213 -0.393847
    outer loop
      vertex 3.96867 1.92305 10.6516
      vertex 3.96867 1.94461 10.6194
      vertex 4.01029 1.887 10.6308
    endloop
  endfacet
  facet normal -0.865376 -0.329583 -0.377491
    outer loop
      vertex 3.93284 2.02781 10.6017
      vertex 3.93 2.00858 10.625
      vertex 3.93 2.0308 10.6056
    endloop
  endfacet
  facet normal -0.864434 -0.330919 -0.37848
    outer loop
      vertex 3.93 2.00858 10.625
      vertex 3.93284 2.02781 10.6017
      vertex 3.93284 2.00322 10.6232
    endloop
  endfacet
  facet normal -0.793028 -0.400979 -0.458608
    outer loop
      vertex 3.93284 2.02781 10.6017
      vertex 3.96867 1.99938 10.5646
      vertex 3.93284 2.00322 10.6232
    endloop
  endfacet
  facet normal -0.706175 -0.532491 -0.466659
    outer loop
      vertex 3.96867 1.9702 10.5902
      vertex 4.01029 1.94077 10.5608
      vertex 3.96867 1.94461 10.6194
    endloop
  endfacet
  facet normal -0.706429 -0.694192 0.138039
    outer loop
      vertex 4.01029 1.8532 10.8876
      vertex 3.96867 1.88583 10.8387
      vertex 4.01029 1.84457 10.8442
    endloop
  endfacet
  facet normal -0.499153 -0.864657 0.0566988
    outer loop
      vertex 4.05699 1.80584 10.8
      vertex 4.10797 1.77641 10.8
      vertex 4.05699 1.80904 10.8488
    endloop
  endfacet
  facet normal -0.923738 -0.36281 0.12279
    outer loop
      vertex 3.90341 1.98775 10.8515
      vertex 3.90143 2 10.8728
      vertex 3.89816 2 10.8482
    endloop
  endfacet
  facet normal -0.923476 -0.36336 0.123131
    outer loop
      vertex 3.90143 2 10.8728
      vertex 3.90341 1.98775 10.8515
      vertex 3.90341 1.99612 10.8762
    endloop
  endfacet
  facet normal -0.607815 -0.712173 0.351243
    outer loop
      vertex 4.01029 1.887 10.9692
      vertex 4.01029 1.86742 10.9295
      vertex 4.05699 1.83432 10.9432
    endloop
  endfacet
  facet normal -0.499321 -0.849761 0.169067
    outer loop
      vertex 4.05699 1.81859 10.8968
      vertex 4.05699 1.80904 10.8488
      vertex 4.10797 1.77986 10.8527
    endloop
  endfacet
  facet normal -0.607752 -0.778861 0.154961
    outer loop
      vertex 4.01029 1.8532 10.8876
      vertex 4.05699 1.80904 10.8488
      vertex 4.05699 1.81859 10.8968
    endloop
  endfacet
  facet normal -0.866741 0.0396161 -0.497182
    outer loop
      vertex 3.93 2.21199 10.557
      vertex 3.93284 2.21263 10.5521
      vertex 3.93 2.20948 10.5568
    endloop
  endfacet
  facet normal -0.706341 0.227157 -0.670434
    outer loop
      vertex 4.01029 2.30947 10.4874
      vertex 4.01029 2.26756 10.4732
      vertex 3.96867 2.25679 10.5134
    endloop
  endfacet
  facet normal -0.706313 0.1376 -0.694398
    outer loop
      vertex 4.01029 2.26756 10.4732
      vertex 4.01029 2.22416 10.4646
      vertex 3.96867 2.25679 10.5134
    endloop
  endfacet
  facet normal -0.867711 0.158374 -0.471163
    outer loop
      vertex 3.93 2.24581 10.5641
      vertex 3.93284 2.24471 10.5585
      vertex 3.93 2.24343 10.5633
    endloop
  endfacet
  facet normal -0.867759 0.0989892 -0.487027
    outer loop
      vertex 3.93 2.24343 10.5633
      vertex 3.93284 2.24471 10.5585
      vertex 3.93 2.24097 10.5628
    endloop
  endfacet
  facet normal -0.792495 0.196392 -0.577392
    outer loop
      vertex 3.96867 2.29354 10.5259
      vertex 3.96867 2.25679 10.5134
      vertex 3.93284 2.27567 10.569
    endloop
  endfacet
  facet normal -0.792478 0.270293 -0.546737
    outer loop
      vertex 3.93284 2.305 10.5835
      vertex 3.96867 2.29354 10.5259
      vertex 3.93284 2.27567 10.569
    endloop
  endfacet
  facet normal 0 -0.946897 -0.321536
    outer loop
      vertex 4.27757 1.76514 10.6282
      vertex 4.33643 1.74626 10.6838
      vertex 4.27757 1.74626 10.6838
    endloop
  endfacet
  facet normal 0 -0.946897 -0.321536
    outer loop
      vertex 4.33643 1.74626 10.6838
      vertex 4.27757 1.76514 10.6282
      vertex 4.33643 1.76514 10.6282
    endloop
  endfacet
  facet normal -0.130062 -0.938854 -0.318805
    outer loop
      vertex 4.21921 1.77224 10.6311
      vertex 4.27757 1.76514 10.6282
      vertex 4.27757 1.74626 10.6838
    endloop
  endfacet
  facet normal 0.130291 -0.938901 -0.318574
    outer loop
      vertex 4.33643 1.74626 10.6838
      vertex 4.39479 1.77224 10.6311
      vertex 4.39479 1.75368 10.6858
    endloop
  endfacet
  facet normal 0.130266 -0.97242 -0.193471
    outer loop
      vertex 4.33643 1.7348 10.7414
      vertex 4.33643 1.74626 10.6838
      vertex 4.39479 1.75368 10.6858
    endloop
  endfacet
  facet normal -0.499624 -0.570512 0.651837
    outer loop
      vertex 4.05699 1.95222 11.0968
      vertex 4.05699 1.91543 11.0646
      vertex 4.10797 1.93431 11.1202
    endloop
  endfacet
  facet normal -0.499662 -0.481309 0.720194
    outer loop
      vertex 4.05699 1.99292 11.124
      vertex 4.05699 1.95222 11.0968
      vertex 4.10797 1.93431 11.1202
    endloop
  endfacet
  facet normal -0.499065 -0.651566 0.57131
    outer loop
      vertex 4.05699 1.91543 11.0646
      vertex 4.10797 1.85981 11.0457
      vertex 4.10797 1.89462 11.0854
    endloop
  endfacet
  facet normal -0.381745 -0.694953 0.609353
    outer loop
      vertex 4.10797 1.89462 11.0854
      vertex 4.10797 1.85981 11.0457
      vertex 4.16235 1.87869 11.1013
    endloop
  endfacet
  facet normal -0.863326 -0.280853 0.419273
    outer loop
      vertex 3.93 2.05746 11.0123
      vertex 3.93 2.05537 11.0109
      vertex 3.93284 2.055 11.0165
    endloop
  endfacet
  facet normal -0.792643 -0.458512 0.40185
    outer loop
      vertex 3.93284 2.00322 10.9768
      vertex 3.93284 1.98166 10.9522
      vertex 3.96867 1.94461 10.9806
    endloop
  endfacet
  facet normal -0.706375 -0.694267 0.137942
    outer loop
      vertex 3.96867 1.8934 10.8768
      vertex 3.96867 1.88583 10.8387
      vertex 4.01029 1.8532 10.8876
    endloop
  endfacet
  facet normal 0.12998 -0.889323 0.438418
    outer loop
      vertex 4.33643 1.76514 10.9718
      vertex 4.39479 1.77224 10.9689
      vertex 4.33643 1.79112 11.0245
    endloop
  endfacet
  facet normal 0 -0.896932 0.442169
    outer loop
      vertex 4.27757 1.76514 10.9718
      vertex 4.33643 1.79112 11.0245
      vertex 4.27757 1.79112 11.0245
    endloop
  endfacet
  facet normal 0 -0.896932 0.442169
    outer loop
      vertex 4.33643 1.79112 11.0245
      vertex 4.27757 1.76514 10.9718
      vertex 4.33643 1.76514 10.9718
    endloop
  endfacet
  facet normal 0.381934 -0.906444 0.180239
    outer loop
      vertex 4.45165 1.7684 10.9103
      vertex 4.50603 1.77986 10.8527
      vertex 4.50603 1.79016 10.9045
    endloop
  endfacet
  facet normal 0.381843 -0.906502 0.18014
    outer loop
      vertex 4.45165 1.75753 10.8556
      vertex 4.50603 1.77986 10.8527
      vertex 4.45165 1.7684 10.9103
    endloop
  endfacet
  facet normal 0.38231 -0.768051 0.513748
    outer loop
      vertex 4.45165 1.81097 11.0131
      vertex 4.50603 1.83048 11.0018
      vertex 4.45165 1.84194 11.0594
    endloop
  endfacet
  facet normal 0.381881 -0.768478 0.513428
    outer loop
      vertex 4.45165 1.84194 11.0594
      vertex 4.50603 1.83048 11.0018
      vertex 4.50603 1.85981 11.0457
    endloop
  endfacet
  facet normal 0.706025 -0.313571 0.634982
    outer loop
      vertex 4.60371 2.01084 11.093
      vertex 4.64533 2.03165 11.057
      vertex 4.60371 2.05053 11.1126
    endloop
  endfacet
  facet normal 0.706175 -0.532491 0.466659
    outer loop
      vertex 4.60371 1.94077 11.0392
      vertex 4.64533 1.94461 10.9806
      vertex 4.64533 1.9702 11.0098
    endloop
  endfacet
  facet normal 0.865578 -0.221256 0.449245
    outer loop
      vertex 4.68116 2.08433 11.031
      vertex 4.71059 2.08048 10.9724
      vertex 4.71059 2.10383 10.9839
    endloop
  endfacet
  facet normal 0.793028 -0.400979 0.458608
    outer loop
      vertex 4.64533 1.99938 11.0354
      vertex 4.68116 2.00322 10.9768
      vertex 4.68116 2.02781 10.9983
    endloop
  endfacet
  facet normal 0.865836 -0.0978869 0.490658
    outer loop
      vertex 4.68116 2.11529 11.0415
      vertex 4.71059 2.12849 10.9922
      vertex 4.68116 2.14737 11.0479
    endloop
  endfacet
  facet normal 0.792514 -0.196336 0.577385
    outer loop
      vertex 4.64533 2.06645 11.0741
      vertex 4.68116 2.08433 11.031
      vertex 4.64533 2.10321 11.0866
    endloop
  endfacet
  facet normal 0.865425 -0.278703 -0.41637
    outer loop
      vertex 4.68116 2.02781 10.6017
      vertex 4.68116 2.055 10.5835
      vertex 4.71059 2.05884 10.6421
    endloop
  endfacet
  facet normal 0.923552 -0.168483 -0.344477
    outer loop
      vertex 4.73312 2.10768 10.6747
      vertex 4.71059 2.08048 10.6276
      vertex 4.73312 2.12465 10.6664
    endloop
  endfacet
  facet normal 0.865551 -0.499753 0.0326762
    outer loop
      vertex 4.68116 1.93213 10.8326
      vertex 4.71059 1.98097 10.8
      vertex 4.71059 1.98267 10.826
    endloop
  endfacet
  facet normal 0.923572 -0.382601 0.0251019
    outer loop
      vertex 4.71059 1.98267 10.826
      vertex 4.73312 2.03535 10.8
      vertex 4.73312 2.03659 10.8189
    endloop
  endfacet
  facet normal 0.792755 -0.608232 -0.0399201
    outer loop
      vertex 4.64533 1.88329 10.8
      vertex 4.64533 1.88583 10.7613
      vertex 4.68116 1.92999 10.8
    endloop
  endfacet
  facet normal 0.865584 -0.499689 -0.0328017
    outer loop
      vertex 4.68116 1.92999 10.8
      vertex 4.68116 1.93213 10.7674
      vertex 4.71059 1.98097 10.8
    endloop
  endfacet
  facet normal 0.607895 -0.792316 -0.0519551
    outer loop
      vertex 4.55701 1.80584 10.8
      vertex 4.55701 1.80904 10.7512
      vertex 4.60371 1.84167 10.8
    endloop
  endfacet
  facet normal 0.499224 -0.864622 -0.0566024
    outer loop
      vertex 4.50603 1.77641 10.8
      vertex 4.50603 1.77986 10.7473
      vertex 4.55701 1.80904 10.7512
    endloop
  endfacet
  facet normal 0.706358 -0.634842 -0.313104
    outer loop
      vertex 4.60371 1.86742 10.6705
      vertex 4.60371 1.887 10.6308
      vertex 4.64533 1.92305 10.6516
    endloop
  endfacet
  facet normal 0.792546 -0.547177 -0.269198
    outer loop
      vertex 4.64533 1.90588 10.6865
      vertex 4.64533 1.92305 10.6516
      vertex 4.68116 1.94902 10.7043
    endloop
  endfacet
  facet normal 0.965788 -0.0507012 0.254328
    outer loop
      vertex 4.73312 2.14256 10.9397
      vertex 4.74835 2.15728 10.8848
      vertex 4.73312 2.16112 10.9434
    endloop
  endfacet
  facet normal 0.991381 -0.00912359 0.130695
    outer loop
      vertex 4.74835 2.16854 10.887
      vertex 4.75604 2.17616 10.8292
      vertex 4.74835 2.18 10.8878
    endloop
  endfacet
  facet normal 0.99139 -0.117436 0.0579201
    outer loop
      vertex 4.74835 2.09889 10.8336
      vertex 4.75604 2.15281 10.8113
      vertex 4.74835 2.10397 10.8439
    endloop
  endfacet
  facet normal 0.965907 -0.144229 0.214991
    outer loop
      vertex 4.73312 2.09194 10.9148
      vertex 4.74835 2.12656 10.8696
      vertex 4.74835 2.1361 10.876
    endloop
  endfacet
  facet normal 0.965891 -0.195351 0.169978
    outer loop
      vertex 4.73312 2.06524 10.8881
      vertex 4.74835 2.11035 10.8534
      vertex 4.74835 2.11792 10.8621
    endloop
  endfacet
  facet normal 0.965822 -0.232279 0.11504
    outer loop
      vertex 4.73312 2.04636 10.8554
      vertex 4.74835 2.09889 10.8336
      vertex 4.73312 2.05473 10.8723
    endloop
  endfacet
  facet normal 0.792591 -0.577289 0.19631
    outer loop
      vertex 4.64533 1.90588 10.9135
      vertex 4.64533 1.8934 10.8768
      vertex 4.68116 1.94902 10.8957
    endloop
  endfacet
  facet normal 0.706375 -0.694267 0.137942
    outer loop
      vertex 4.60371 1.8532 10.8876
      vertex 4.64533 1.88583 10.8387
      vertex 4.64533 1.8934 10.8768
    endloop
  endfacet
  facet normal 0.86552 -0.491222 0.0978592
    outer loop
      vertex 4.68116 1.93213 10.8326
      vertex 4.71059 1.98267 10.826
      vertex 4.71059 1.98775 10.8515
    endloop
  endfacet
  facet normal 0.92357 -0.376041 0.0749133
    outer loop
      vertex 4.71059 1.98267 10.826
      vertex 4.73312 2.03659 10.8189
      vertex 4.71059 1.98775 10.8515
    endloop
  endfacet
  facet normal 0.923583 -0.375993 -0.0749953
    outer loop
      vertex 4.73312 2.03659 10.7811
      vertex 4.71059 1.98775 10.7485
      vertex 4.73312 2.04028 10.7626
    endloop
  endfacet
  facet normal 0.865728 -0.375743 -0.330654
    outer loop
      vertex 4.71059 2.0221 10.6788
      vertex 4.68116 2.00322 10.6232
      vertex 4.71059 2.03926 10.6593
    endloop
  endfacet
  facet normal 0.965856 0.215714 -0.143491
    outer loop
      vertex 4.74835 2.24965 10.7466
      vertex 4.73312 2.29476 10.7119
      vertex 4.73312 2.30527 10.7277
    endloop
  endfacet
  facet normal 0.965793 0.232565 -0.114702
    outer loop
      vertex 4.74835 2.25603 10.7561
      vertex 4.73312 2.30527 10.7277
      vertex 4.74835 2.26111 10.7664
    endloop
  endfacet
  facet normal 0.965797 0.254263 -0.0508525
    outer loop
      vertex 4.74835 2.26704 10.7885
      vertex 4.74835 2.2648 10.7773
      vertex 4.73312 2.32341 10.7811
    endloop
  endfacet
  facet normal 0.991394 0.130634 -0.00851963
    outer loop
      vertex 4.75604 2.20943 10.8
      vertex 4.74835 2.26704 10.7885
      vertex 4.74835 2.26779 10.8
    endloop
  endfacet
  facet normal 0.923558 0.382636 -0.0251042
    outer loop
      vertex 4.73312 2.32465 10.8
      vertex 4.73312 2.32341 10.7811
      vertex 4.71059 2.37903 10.8
    endloop
  endfacet
  facet normal 0.991394 0.128369 0.0256738
    outer loop
      vertex 4.74835 2.2648 10.8227
      vertex 4.75604 2.20843 10.8076
      vertex 4.74835 2.26704 10.8115
    endloop
  endfacet
  facet normal 0.965822 0.232279 -0.11504
    outer loop
      vertex 4.74835 2.26111 10.7664
      vertex 4.73312 2.30527 10.7277
      vertex 4.73312 2.31364 10.7446
    endloop
  endfacet
  facet normal 0.607647 0.752021 0.2554
    outer loop
      vertex 4.60371 2.49257 10.9295
      vertex 4.60371 2.5068 10.8876
      vertex 4.55701 2.54141 10.8968
    endloop
  endfacet
  facet normal 0.607921 0.751962 0.254922
    outer loop
      vertex 4.60371 2.49257 10.9295
      vertex 4.55701 2.54141 10.8968
      vertex 4.55701 2.52568 10.9432
    endloop
  endfacet
  facet normal 0.499156 0.864661 -0.056605
    outer loop
      vertex 4.55701 2.55416 10.8
      vertex 4.50603 2.58014 10.7473
      vertex 4.50603 2.58359 10.8
    endloop
  endfacet
  facet normal 0.381912 0.922225 -0.0603733
    outer loop
      vertex 4.50603 2.58014 10.7473
      vertex 4.45165 2.60247 10.7444
      vertex 4.50603 2.58359 10.8
    endloop
  endfacet
  facet normal 0.706176 -0.046397 0.706515
    outer loop
      vertex 4.60371 2.13584 11.1354
      vertex 4.64533 2.18 11.0967
      vertex 4.60371 2.18 11.1383
    endloop
  endfacet
  facet normal 0.706328 -0.137566 0.694389
    outer loop
      vertex 4.60371 2.09243 11.1268
      vertex 4.64533 2.10321 11.0866
      vertex 4.60371 2.13584 11.1354
    endloop
  endfacet
  facet normal 0.49875 0.0574589 0.864839
    outer loop
      vertex 4.50603 2.18 11.2036
      vertex 4.55701 2.18 11.1742
      vertex 4.50603 2.23268 11.2001
    endloop
  endfacet
  facet normal 0.498773 -0.0566669 0.864878
    outer loop
      vertex 4.50603 2.18 11.2036
      vertex 4.55701 2.13116 11.171
      vertex 4.55701 2.18 11.1742
    endloop
  endfacet
  facet normal 0.499336 0.481051 0.720592
    outer loop
      vertex 4.55701 2.36708 11.124
      vertex 4.50603 2.42569 11.1202
      vertex 4.50603 2.3818 11.1495
    endloop
  endfacet
  facet normal 0.381886 0.513144 0.768665
    outer loop
      vertex 4.50603 2.3818 11.1495
      vertex 4.50603 2.42569 11.1202
      vertex 4.45165 2.39306 11.169
    endloop
  endfacet
  facet normal 0.258597 0.726226 0.636964
    outer loop
      vertex 4.45165 2.48131 11.1013
      vertex 4.45165 2.51806 11.0594
      vertex 4.39479 2.53015 11.0687
    endloop
  endfacet
  facet normal 0.258546 0.7262 0.637015
    outer loop
      vertex 4.45165 2.48131 11.1013
      vertex 4.39479 2.53015 11.0687
      vertex 4.39479 2.49208 11.1121
    endloop
  endfacet
  facet normal 0.608454 0.523483 0.596447
    outer loop
      vertex 4.60371 2.38596 11.0684
      vertex 4.60371 2.41923 11.0392
      vertex 4.55701 2.44457 11.0646
    endloop
  endfacet
  facet normal 0.608384 0.596714 0.52326
    outer loop
      vertex 4.60371 2.41923 11.0392
      vertex 4.55701 2.47684 11.0278
      vertex 4.55701 2.44457 11.0646
    endloop
  endfacet
  facet normal 0.130428 0.745038 0.654146
    outer loop
      vertex 4.33643 2.49752 11.1175
      vertex 4.39479 2.53015 11.0687
      vertex 4.33643 2.53624 11.0734
    endloop
  endfacet
  facet normal 0.130385 0.824392 0.550797
    outer loop
      vertex 4.39479 2.53015 11.0687
      vertex 4.39479 2.56222 11.0207
      vertex 4.33643 2.53624 11.0734
    endloop
  endfacet
  facet normal -0.12998 0.745383 0.653842
    outer loop
      vertex 4.27757 2.49752 11.1175
      vertex 4.21921 2.53015 11.0687
      vertex 4.21921 2.49208 11.1121
    endloop
  endfacet
  facet normal -0 0.556348 0.830949
    outer loop
      vertex 4.27757 2.45336 11.1562
      vertex 4.33643 2.40452 11.1889
      vertex 4.33643 2.45336 11.1562
    endloop
  endfacet
  facet normal 0 0.556348 0.830949
    outer loop
      vertex 4.33643 2.40452 11.1889
      vertex 4.27757 2.45336 11.1562
      vertex 4.27757 2.40452 11.1889
    endloop
  endfacet
  facet normal -0.258626 0.428114 0.865928
    outer loop
      vertex 4.21921 2.3489 11.2078
      vertex 4.21921 2.40068 11.1822
      vertex 4.16235 2.34307 11.1937
    endloop
  endfacet
  facet normal -0.130938 0.439377 0.888709
    outer loop
      vertex 4.27757 2.40452 11.1889
      vertex 4.21921 2.40068 11.1822
      vertex 4.21921 2.3489 11.2078
    endloop
  endfacet
  facet normal -0.258598 0.637368 0.725872
    outer loop
      vertex 4.21921 2.49208 11.1121
      vertex 4.16235 2.48131 11.1013
      vertex 4.16235 2.4394 11.1381
    endloop
  endfacet
  facet normal -0.258597 0.726226 0.636964
    outer loop
      vertex 4.21921 2.53015 11.0687
      vertex 4.16235 2.51806 11.0594
      vertex 4.16235 2.48131 11.1013
    endloop
  endfacet
  facet normal 0.865764 0.375601 0.330721
    outer loop
      vertex 4.71059 2.32073 10.9407
      vertex 4.71059 2.3379 10.9212
      vertex 4.68116 2.35678 10.9768
    endloop
  endfacet
  facet normal 0.865619 0.44884 0.221916
    outer loop
      vertex 4.71059 2.35236 10.8995
      vertex 4.71059 2.36388 10.8762
      vertex 4.68116 2.39651 10.925
    endloop
  endfacet
  facet normal 0.865386 0.221402 0.449542
    outer loop
      vertex 4.71059 2.25616 10.9839
      vertex 4.71059 2.27951 10.9724
      vertex 4.68116 2.305 11.0165
    endloop
  endfacet
  facet normal 0.865575 0.221933 0.448916
    outer loop
      vertex 4.68116 2.27567 11.031
      vertex 4.71059 2.25616 10.9839
      vertex 4.68116 2.305 11.0165
    endloop
  endfacet
  facet normal 0.792654 0.506962 0.338658
    outer loop
      vertex 4.68116 2.37834 10.9522
      vertex 4.68116 2.39651 10.925
      vertex 4.64533 2.41539 10.9806
    endloop
  endfacet
  facet normal 0.865588 0.474266 0.160713
    outer loop
      vertex 4.71059 2.36388 10.8762
      vertex 4.71059 2.37225 10.8515
      vertex 4.68116 2.42149 10.8647
    endloop
  endfacet
  facet normal 0.792896 0.506337 0.339026
    outer loop
      vertex 4.64533 2.41539 10.9806
      vertex 4.68116 2.39651 10.925
      vertex 4.64533 2.43695 10.9484
    endloop
  endfacet
  facet normal 0.706629 0.634907 0.31236
    outer loop
      vertex 4.64533 2.43695 10.9484
      vertex 4.64533 2.45412 10.9135
      vertex 4.60371 2.49257 10.9295
    endloop
  endfacet
  facet normal 0.923528 0.287848 0.253454
    outer loop
      vertex 4.71059 2.32073 10.9407
      vertex 4.73312 2.29476 10.8881
      vertex 4.71059 2.3379 10.9212
    endloop
  endfacet
  facet normal 0.792643 0.458512 0.40185
    outer loop
      vertex 4.68116 2.35678 10.9768
      vertex 4.68116 2.37834 10.9522
      vertex 4.64533 2.41539 10.9806
    endloop
  endfacet
  facet normal 0.130117 0.972409 0.193623
    outer loop
      vertex 4.39479 2.60631 10.9142
      vertex 4.39479 2.61758 10.8576
      vertex 4.33643 2.62519 10.8586
    endloop
  endfacet
  facet normal 0.130428 0.972431 0.193304
    outer loop
      vertex 4.39479 2.60631 10.9142
      vertex 4.33643 2.62519 10.8586
      vertex 4.33643 2.61374 10.9162
    endloop
  endfacet
  facet normal 0.382496 0.82872 0.408559
    outer loop
      vertex 4.45165 2.54903 11.0131
      vertex 4.50603 2.55287 10.9544
      vertex 4.45165 2.57368 10.9631
    endloop
  endfacet
  facet normal 0.382365 0.874807 0.297505
    outer loop
      vertex 4.50603 2.55287 10.9544
      vertex 4.50603 2.56984 10.9045
      vertex 4.45165 2.57368 10.9631
    endloop
  endfacet
  facet normal -0.12998 0.889323 0.438418
    outer loop
      vertex 4.27757 2.59486 10.9718
      vertex 4.21921 2.58776 10.9689
      vertex 4.27757 2.56888 11.0245
    endloop
  endfacet
  facet normal -0.12991 0.653168 0.745986
    outer loop
      vertex 4.27757 2.49752 11.1175
      vertex 4.21921 2.49208 11.1121
      vertex 4.21921 2.44868 11.1501
    endloop
  endfacet
  facet normal 0.865808 0.0978965 0.490706
    outer loop
      vertex 4.68116 2.21263 11.0479
      vertex 4.71059 2.20598 10.9973
      vertex 4.68116 2.24471 11.0415
    endloop
  endfacet
  facet normal 0.865585 0.160834 0.474231
    outer loop
      vertex 4.68116 2.24471 11.0415
      vertex 4.71059 2.25616 10.9839
      vertex 4.68116 2.27567 11.031
    endloop
  endfacet
  facet normal 0.865687 -0.0321502 0.499552
    outer loop
      vertex 4.68116 2.14737 11.0479
      vertex 4.71059 2.18 10.999
      vertex 4.68116 2.18 11.05
    endloop
  endfacet
  facet normal 0.70578 0.0456339 0.70696
    outer loop
      vertex 4.64533 2.18 11.0967
      vertex 4.64533 2.21873 11.0942
      vertex 4.60371 2.22416 11.1354
    endloop
  endfacet
  facet normal 0.96575 -0.0164587 0.25895
    outer loop
      vertex 4.73312 2.16112 10.9434
      vertex 4.74835 2.18 10.8878
      vertex 4.73312 2.18 10.9446
    endloop
  endfacet
  facet normal 0.923504 0.0243315 0.382816
    outer loop
      vertex 4.73312 2.18 10.9446
      vertex 4.73312 2.19888 10.9434
      vertex 4.71059 2.20598 10.9973
    endloop
  endfacet
  facet normal 0.793038 -0.338853 0.506231
    outer loop
      vertex 4.64533 2.03165 11.057
      vertex 4.68116 2.02781 10.9983
      vertex 4.68116 2.055 11.0165
    endloop
  endfacet
  facet normal 0.865739 -0.330312 0.376018
    outer loop
      vertex 4.68116 2.00322 10.9768
      vertex 4.71059 2.03926 10.9407
      vertex 4.71059 2.05884 10.9579
    endloop
  endfacet
  facet normal 0.991385 -0.058121 0.117382
    outer loop
      vertex 4.74835 2.1361 10.876
      vertex 4.75604 2.16528 10.8255
      vertex 4.74835 2.1464 10.8811
    endloop
  endfacet
  facet normal 0.923591 -0.212755 0.318929
    outer loop
      vertex 4.71059 2.08048 10.9724
      vertex 4.73312 2.09194 10.9148
      vertex 4.73312 2.10768 10.9253
    endloop
  endfacet
  facet normal 0.382948 -0.180224 0.906019
    outer loop
      vertex 4.45165 2.12438 11.2225
      vertex 4.50603 2.07554 11.1898
      vertex 4.50603 2.12732 11.2001
    endloop
  endfacet
  facet normal 0.3826 -0.180653 0.906081
    outer loop
      vertex 4.45165 2.06971 11.2116
      vertex 4.50603 2.07554 11.1898
      vertex 4.45165 2.12438 11.2225
    endloop
  endfacet
  facet normal 0.706722 -0.312013 0.634974
    outer loop
      vertex 4.60371 2.05053 11.1126
      vertex 4.64533 2.03165 11.057
      vertex 4.64533 2.06645 11.0741
    endloop
  endfacet
  facet normal 0.792552 -0.268932 0.5473
    outer loop
      vertex 4.64533 2.03165 11.057
      vertex 4.68116 2.08433 11.031
      vertex 4.64533 2.06645 11.0741
    endloop
  endfacet
  facet normal 0.381833 -0.409412 0.828604
    outer loop
      vertex 4.45165 2.01693 11.1937
      vertex 4.45165 1.96694 11.169
      vertex 4.50603 2.02555 11.1729
    endloop
  endfacet
  facet normal 0.258409 -0.427931 0.866083
    outer loop
      vertex 4.39479 1.95932 11.1822
      vertex 4.45165 1.96694 11.169
      vertex 4.45165 2.01693 11.1937
    endloop
  endfacet
  facet normal -0.258043 0.310299 -0.914947
    outer loop
      vertex 4.16235 2.34307 10.4063
      vertex 4.21921 2.29423 10.3737
      vertex 4.16235 2.29029 10.3884
    endloop
  endfacet
  facet normal -0.258043 0.188908 -0.947485
    outer loop
      vertex 4.16235 2.29029 10.3884
      vertex 4.21921 2.29423 10.3737
      vertex 4.16235 2.23562 10.3775
    endloop
  endfacet
  facet normal -0.498868 0.277564 -0.82103
    outer loop
      vertex 4.10797 2.33445 10.4271
      vertex 4.10797 2.28446 10.4102
      vertex 4.05699 2.27684 10.4386
    endloop
  endfacet
  facet normal -0.499295 0.278024 -0.820614
    outer loop
      vertex 4.05699 2.32318 10.4543
      vertex 4.10797 2.33445 10.4271
      vertex 4.05699 2.27684 10.4386
    endloop
  endfacet
  facet normal -0.382304 0.51264 -0.768794
    outer loop
      vertex 4.16235 2.4394 10.4619
      vertex 4.16235 2.39306 10.431
      vertex 4.10797 2.42569 10.4798
    endloop
  endfacet
  facet normal -0.25841 0.53594 -0.803737
    outer loop
      vertex 4.16235 2.4394 10.4619
      vertex 4.21921 2.40068 10.4178
      vertex 4.16235 2.39306 10.431
    endloop
  endfacet
  facet normal 0.130265 0.317482 -0.939274
    outer loop
      vertex 4.39479 2.3489 10.3922
      vertex 4.33643 2.29622 10.3663
      vertex 4.33643 2.35184 10.3851
    endloop
  endfacet
  facet normal 0 0.320211 -0.947346
    outer loop
      vertex 4.27757 2.29622 10.3663
      vertex 4.33643 2.35184 10.3851
      vertex 4.33643 2.29622 10.3663
    endloop
  endfacet
  facet normal 0 0.320211 -0.947346
    outer loop
      vertex 4.33643 2.35184 10.3851
      vertex 4.27757 2.29622 10.3663
      vertex 4.27757 2.35184 10.3851
    endloop
  endfacet
  facet normal -0.129955 0.824683 -0.550463
    outer loop
      vertex 4.27757 2.56888 10.5755
      vertex 4.27757 2.53624 10.5266
      vertex 4.21921 2.56222 10.5793
    endloop
  endfacet
  facet normal 0.49908 0.720538 -0.481398
    outer loop
      vertex 4.55701 2.50403 10.6129
      vertex 4.50603 2.50019 10.5543
      vertex 4.50603 2.52952 10.5982
    endloop
  endfacet
  facet normal 0.130035 0.889291 -0.438465
    outer loop
      vertex 4.39479 2.56222 10.5793
      vertex 4.33643 2.56888 10.5755
      vertex 4.39479 2.58776 10.6311
    endloop
  endfacet
  facet normal 0.258113 0.866515 -0.427235
    outer loop
      vertex 4.45165 2.54903 10.5869
      vertex 4.39479 2.56222 10.5793
      vertex 4.39479 2.58776 10.6311
    endloop
  endfacet
  facet normal 0.129955 0.824683 -0.550463
    outer loop
      vertex 4.39479 2.56222 10.5793
      vertex 4.33643 2.53624 10.5266
      vertex 4.33643 2.56888 10.5755
    endloop
  endfacet
  facet normal 0.607701 0.522962 -0.597671
    outer loop
      vertex 4.60371 2.38596 10.5316
      vertex 4.55701 2.40777 10.5032
      vertex 4.55701 2.44457 10.5354
    endloop
  endfacet
  facet normal 0.499712 0.570391 -0.651876
    outer loop
      vertex 4.55701 2.40777 10.5032
      vertex 4.50603 2.42569 10.4798
      vertex 4.55701 2.44457 10.5354
    endloop
  endfacet
  facet normal -0.130341 0.653461 -0.745654
    outer loop
      vertex 4.27757 2.49752 10.4825
      vertex 4.27757 2.45336 10.4438
      vertex 4.21921 2.44868 10.4499
    endloop
  endfacet
  facet normal -0.12991 0.653168 -0.745986
    outer loop
      vertex 4.27757 2.49752 10.4825
      vertex 4.21921 2.44868 10.4499
      vertex 4.21921 2.49208 10.4879
    endloop
  endfacet
  facet normal 0.92353 0.343684 -0.170215
    outer loop
      vertex 4.73312 2.30527 10.7277
      vertex 4.71059 2.36388 10.7238
      vertex 4.73312 2.31364 10.7446
    endloop
  endfacet
  facet normal 0.991394 0.124001 -0.0419784
    outer loop
      vertex 4.75604 2.20843 10.7924
      vertex 4.74835 2.26111 10.7664
      vertex 4.74835 2.2648 10.7773
    endloop
  endfacet
  facet normal 0.865562 0.449029 -0.221756
    outer loop
      vertex 4.71059 2.36388 10.7238
      vertex 4.68116 2.39651 10.675
      vertex 4.68116 2.41098 10.7043
    endloop
  endfacet
  facet normal 0.865476 0.376738 -0.330182
    outer loop
      vertex 4.71059 2.3379 10.6788
      vertex 4.68116 2.35678 10.6232
      vertex 4.68116 2.37834 10.6478
    endloop
  endfacet
  facet normal 0.965766 -0.115109 -0.232476
    outer loop
      vertex 4.74835 2.1361 10.724
      vertex 4.73312 2.12465 10.6664
      vertex 4.74835 2.1464 10.7189
    endloop
  endfacet
  facet normal 0.96575 -0.0164587 -0.25895
    outer loop
      vertex 4.73312 2.16112 10.6566
      vertex 4.73312 2.18 10.6554
      vertex 4.74835 2.18 10.7122
    endloop
  endfacet
  facet normal 0.965806 -0.171174 -0.194727
    outer loop
      vertex 4.73312 2.07772 10.6977
      vertex 4.73312 2.09194 10.6852
      vertex 4.74835 2.11792 10.7379
    endloop
  endfacet
  facet normal 0.991419 0.00679938 -0.130548
    outer loop
      vertex 4.75604 2.18 10.7706
      vertex 4.74835 2.18 10.7122
      vertex 4.75604 2.18384 10.7708
    endloop
  endfacet
  facet normal 0.99138 -0.0251234 -0.128586
    outer loop
      vertex 4.74835 2.15728 10.7152
      vertex 4.74835 2.16854 10.713
      vertex 4.75604 2.17616 10.7708
    endloop
  endfacet
  facet normal 0.965854 -0.0496815 -0.254279
    outer loop
      vertex 4.74835 2.15728 10.7152
      vertex 4.73312 2.16112 10.6566
      vertex 4.74835 2.16854 10.713
    endloop
  endfacet
  facet normal 0.706313 0.1376 -0.694398
    outer loop
      vertex 4.64533 2.25679 10.5134
      vertex 4.60371 2.22416 10.4646
      vertex 4.60371 2.26756 10.4732
    endloop
  endfacet
  facet normal 0.608724 0.154215 -0.77825
    outer loop
      vertex 4.60371 2.22416 10.4646
      vertex 4.55701 2.22884 10.429
      vertex 4.60371 2.26756 10.4732
    endloop
  endfacet
  facet normal 0.607849 0.254799 -0.752062
    outer loop
      vertex 4.60371 2.30947 10.4874
      vertex 4.55701 2.27684 10.4386
      vertex 4.55701 2.32318 10.4543
    endloop
  endfacet
  facet normal 0.499295 0.278024 -0.820614
    outer loop
      vertex 4.55701 2.27684 10.4386
      vertex 4.50603 2.33445 10.4271
      vertex 4.55701 2.32318 10.4543
    endloop
  endfacet
  facet normal 0.792779 -0.0391457 -0.60825
    outer loop
      vertex 4.68116 2.14737 10.5521
      vertex 4.64533 2.18 10.5033
      vertex 4.68116 2.18 10.55
    endloop
  endfacet
  facet normal 0.792779 0.0391457 -0.60825
    outer loop
      vertex 4.68116 2.18 10.55
      vertex 4.64533 2.18 10.5033
      vertex 4.68116 2.21263 10.5521
    endloop
  endfacet
  facet normal 0.865365 -0.278959 -0.416323
    outer loop
      vertex 4.71059 2.05884 10.6421
      vertex 4.68116 2.055 10.5835
      vertex 4.71059 2.08048 10.6276
    endloop
  endfacet
  facet normal 0.923707 -0.169264 -0.343679
    outer loop
      vertex 4.71059 2.08048 10.6276
      vertex 4.71059 2.10383 10.6161
      vertex 4.73312 2.12465 10.6664
    endloop
  endfacet
  facet normal 0.607839 0.155728 -0.77864
    outer loop
      vertex 4.60371 2.26756 10.4732
      vertex 4.55701 2.22884 10.429
      vertex 4.55701 2.27684 10.4386
    endloop
  endfacet
  facet normal 0.608719 0.0519899 -0.791681
    outer loop
      vertex 4.60371 2.18 10.4617
      vertex 4.55701 2.22884 10.429
      vertex 4.60371 2.22416 10.4646
    endloop
  endfacet
  facet normal 0.382575 0.296742 -0.874974
    outer loop
      vertex 4.50603 2.28446 10.4102
      vertex 4.45165 2.29029 10.3884
      vertex 4.45165 2.34307 10.4063
    endloop
  endfacet
  facet normal 0.381815 0.295998 -0.875558
    outer loop
      vertex 4.50603 2.28446 10.4102
      vertex 4.45165 2.34307 10.4063
      vertex 4.50603 2.33445 10.4271
    endloop
  endfacet
  facet normal 0.608644 -0.0518752 -0.791746
    outer loop
      vertex 4.55701 2.13116 10.429
      vertex 4.55701 2.18 10.4258
      vertex 4.60371 2.18 10.4617
    endloop
  endfacet
  facet normal 0.498773 -0.0566669 -0.864878
    outer loop
      vertex 4.55701 2.13116 10.429
      vertex 4.50603 2.18 10.3964
      vertex 4.55701 2.18 10.4258
    endloop
  endfacet
  facet normal 0.608725 -0.154181 -0.778256
    outer loop
      vertex 4.60371 2.09243 10.4732
      vertex 4.55701 2.13116 10.429
      vertex 4.60371 2.13584 10.4646
    endloop
  endfacet
  facet normal 0.608719 -0.0519899 -0.791681
    outer loop
      vertex 4.60371 2.13584 10.4646
      vertex 4.55701 2.13116 10.429
      vertex 4.60371 2.18 10.4617
    endloop
  endfacet
  facet normal 0.499232 -0.384024 -0.776719
    outer loop
      vertex 4.55701 1.99292 10.476
      vertex 4.50603 2.02555 10.4271
      vertex 4.55701 2.03681 10.4543
    endloop
  endfacet
  facet normal 0.499252 -0.277978 -0.820656
    outer loop
      vertex 4.55701 2.03681 10.4543
      vertex 4.50603 2.02555 10.4271
      vertex 4.55701 2.08316 10.4386
    endloop
  endfacet
  facet normal 0.965891 0.195351 0.169978
    outer loop
      vertex 4.74835 2.24208 10.8621
      vertex 4.74835 2.24965 10.8534
      vertex 4.73312 2.29476 10.8881
    endloop
  endfacet
  facet normal 0.991396 0.108807 0.0727647
    outer loop
      vertex 4.75604 2.20335 10.8179
      vertex 4.75604 2.20549 10.8147
      vertex 4.74835 2.25603 10.8439
    endloop
  endfacet
  facet normal 0.965797 0.254263 0.0508525
    outer loop
      vertex 4.74835 2.2648 10.8227
      vertex 4.74835 2.26704 10.8115
      vertex 4.73312 2.32341 10.8189
    endloop
  endfacet
  facet normal 0.965808 0.245624 0.0829662
    outer loop
      vertex 4.73312 2.31364 10.8554
      vertex 4.74835 2.2648 10.8227
      vertex 4.73312 2.31972 10.8374
    endloop
  endfacet
  facet normal 0.92357 0.376041 0.0749133
    outer loop
      vertex 4.71059 2.37225 10.8515
      vertex 4.73312 2.32341 10.8189
      vertex 4.71059 2.37733 10.826
    endloop
  endfacet
  facet normal 0.92357 0.382612 0.0250169
    outer loop
      vertex 4.73312 2.32341 10.8189
      vertex 4.71059 2.37903 10.8
      vertex 4.71059 2.37733 10.826
    endloop
  endfacet
  facet normal 0.965778 0.170024 0.195867
    outer loop
      vertex 4.74835 2.23344 10.8696
      vertex 4.74835 2.24208 10.8621
      vertex 4.73312 2.28228 10.9023
    endloop
  endfacet
  facet normal 0.965887 0.170973 0.194499
    outer loop
      vertex 4.73312 2.26806 10.9148
      vertex 4.74835 2.23344 10.8696
      vertex 4.73312 2.28228 10.9023
    endloop
  endfacet
  facet normal 0.965775 0.0835116 0.245569
    outer loop
      vertex 4.74835 2.20272 10.8848
      vertex 4.74835 2.2136 10.8811
      vertex 4.73312 2.23535 10.9336
    endloop
  endfacet
  facet normal 0.991379 0.0410237 0.124438
    outer loop
      vertex 4.75604 2.18762 10.8284
      vertex 4.75604 2.19126 10.8272
      vertex 4.74835 2.2136 10.8811
    endloop
  endfacet
  facet normal 0.923473 0.213497 0.318773
    outer loop
      vertex 4.71059 2.27951 10.9724
      vertex 4.73312 2.26806 10.9148
      vertex 4.71059 2.30116 10.9579
    endloop
  endfacet
  facet normal 0.965862 0.143761 0.215505
    outer loop
      vertex 4.73312 2.25232 10.9253
      vertex 4.74835 2.2239 10.876
      vertex 4.73312 2.26806 10.9148
    endloop
  endfacet
  facet normal 0.257327 0.636566 -0.727026
    outer loop
      vertex 4.45165 2.4394 10.4619
      vertex 4.39479 2.44868 10.4499
      vertex 4.39479 2.49208 10.4879
    endloop
  endfacet
  facet normal 0.257204 0.537197 -0.803285
    outer loop
      vertex 4.45165 2.4394 10.4619
      vertex 4.39479 2.40068 10.4178
      vertex 4.39479 2.44868 10.4499
    endloop
  endfacet
  facet normal 0.381886 0.513144 -0.768665
    outer loop
      vertex 4.50603 2.3818 10.4505
      vertex 4.45165 2.39306 10.431
      vertex 4.50603 2.42569 10.4798
    endloop
  endfacet
  facet normal 0.381893 0.409464 -0.828552
    outer loop
      vertex 4.50603 2.3818 10.4505
      vertex 4.50603 2.33445 10.4271
      vertex 4.45165 2.39306 10.431
    endloop
  endfacet
  facet normal 0.258568 0.802927 -0.537076
    outer loop
      vertex 4.45165 2.51806 10.5406
      vertex 4.39479 2.53015 10.5313
      vertex 4.45165 2.54903 10.5869
    endloop
  endfacet
  facet normal 0.381892 0.768194 -0.513844
    outer loop
      vertex 4.50603 2.50019 10.5543
      vertex 4.45165 2.51806 10.5406
      vertex 4.45165 2.54903 10.5869
    endloop
  endfacet
  facet normal 0.706355 0.706338 -0.0463591
    outer loop
      vertex 4.64533 2.47417 10.7613
      vertex 4.60371 2.51543 10.7558
      vertex 4.64533 2.47671 10.8
    endloop
  endfacet
  facet normal 0.706347 0.706347 0.046344
    outer loop
      vertex 4.60371 2.51543 10.8442
      vertex 4.64533 2.47671 10.8
      vertex 4.60371 2.51833 10.8
    endloop
  endfacet
  facet normal 0.865588 0.474266 -0.160713
    outer loop
      vertex 4.71059 2.37225 10.7485
      vertex 4.71059 2.36388 10.7238
      vertex 4.68116 2.42149 10.7353
    endloop
  endfacet
  facet normal 0.86557 0.474273 -0.160794
    outer loop
      vertex 4.71059 2.36388 10.7238
      vertex 4.68116 2.41098 10.7043
      vertex 4.68116 2.42149 10.7353
    endloop
  endfacet
  facet normal 0.792654 0.506962 -0.338658
    outer loop
      vertex 4.68116 2.37834 10.6478
      vertex 4.64533 2.41539 10.6194
      vertex 4.68116 2.39651 10.675
    endloop
  endfacet
  facet normal 0.865483 0.416546 -0.278259
    outer loop
      vertex 4.71059 2.3379 10.6788
      vertex 4.68116 2.37834 10.6478
      vertex 4.68116 2.39651 10.675
    endloop
  endfacet
  facet normal 0.79304 0.338847 -0.506232
    outer loop
      vertex 4.68116 2.33219 10.6017
      vertex 4.64533 2.32835 10.543
      vertex 4.64533 2.36062 10.5646
    endloop
  endfacet
  facet normal 0.706246 0.393802 -0.588333
    outer loop
      vertex 4.64533 2.32835 10.543
      vertex 4.60371 2.38596 10.5316
      vertex 4.64533 2.36062 10.5646
    endloop
  endfacet
  facet normal 0.607657 0.35193 -0.711968
    outer loop
      vertex 4.60371 2.34916 10.507
      vertex 4.55701 2.32318 10.4543
      vertex 4.55701 2.36708 10.476
    endloop
  endfacet
  facet normal 0.607655 0.441371 -0.660262
    outer loop
      vertex 4.60371 2.34916 10.507
      vertex 4.55701 2.36708 10.476
      vertex 4.60371 2.38596 10.5316
    endloop
  endfacet
  facet normal 0.706758 0.227813 -0.669772
    outer loop
      vertex 4.64533 2.25679 10.5134
      vertex 4.60371 2.30947 10.4874
      vertex 4.64533 2.29354 10.5259
    endloop
  endfacet
  facet normal 0.792478 0.270293 -0.546737
    outer loop
      vertex 4.68116 2.27567 10.569
      vertex 4.64533 2.29354 10.5259
      vertex 4.68116 2.305 10.5835
    endloop
  endfacet
  facet normal -0.130428 0.972431 -0.193304
    outer loop
      vertex 4.27757 2.62519 10.7414
      vertex 4.27757 2.61374 10.6838
      vertex 4.21921 2.60631 10.6858
    endloop
  endfacet
  facet normal -0.130451 0.938933 -0.318413
    outer loop
      vertex 4.27757 2.61374 10.6838
      vertex 4.21921 2.58776 10.6311
      vertex 4.21921 2.60631 10.6858
    endloop
  endfacet
  facet normal -0.130062 0.938854 0.318805
    outer loop
      vertex 4.27757 2.59486 10.9718
      vertex 4.27757 2.61374 10.9162
      vertex 4.21921 2.58776 10.9689
    endloop
  endfacet
  facet normal -0.130451 0.938933 0.318413
    outer loop
      vertex 4.27757 2.61374 10.9162
      vertex 4.21921 2.60631 10.9142
      vertex 4.21921 2.58776 10.9689
    endloop
  endfacet
  facet normal -0.258414 0.947507 0.188289
    outer loop
      vertex 4.21921 2.61758 10.8576
      vertex 4.16235 2.60247 10.8556
      vertex 4.16235 2.5916 10.9103
    endloop
  endfacet
  facet normal -0.258071 0.947525 0.188668
    outer loop
      vertex 4.21921 2.60631 10.9142
      vertex 4.21921 2.61758 10.8576
      vertex 4.16235 2.5916 10.9103
    endloop
  endfacet
  facet normal -0 0.195756 0.980653
    outer loop
      vertex 4.27757 2.29622 11.2337
      vertex 4.33643 2.23861 11.2452
      vertex 4.33643 2.29622 11.2337
    endloop
  endfacet
  facet normal 0 0.195756 0.980653
    outer loop
      vertex 4.33643 2.23861 11.2452
      vertex 4.27757 2.29622 11.2337
      vertex 4.27757 2.23861 11.2452
    endloop
  endfacet
  facet normal 0.12995 0.194096 0.972337
    outer loop
      vertex 4.39479 2.23761 11.2376
      vertex 4.33643 2.29622 11.2337
      vertex 4.33643 2.23861 11.2452
    endloop
  endfacet
  facet normal -0.130271 0.438806 0.889089
    outer loop
      vertex 4.27757 2.35184 11.2149
      vertex 4.27757 2.40452 11.1889
      vertex 4.21921 2.3489 11.2078
    endloop
  endfacet
  facet normal -0.130265 0.317482 0.939274
    outer loop
      vertex 4.27757 2.35184 11.2149
      vertex 4.21921 2.3489 11.2078
      vertex 4.27757 2.29622 11.2337
    endloop
  endfacet
  facet normal -0.258214 0.189079 0.947404
    outer loop
      vertex 4.21921 2.29423 11.2263
      vertex 4.16235 2.23562 11.2225
      vertex 4.21921 2.23761 11.2376
    endloop
  endfacet
  facet normal -0.12991 0.194058 0.97235
    outer loop
      vertex 4.27757 2.29622 11.2337
      vertex 4.21921 2.29423 11.2263
      vertex 4.21921 2.23761 11.2376
    endloop
  endfacet
  facet normal 0.257204 0.537197 0.803285
    outer loop
      vertex 4.39479 2.40068 11.1822
      vertex 4.45165 2.4394 11.1381
      vertex 4.39479 2.44868 11.1501
    endloop
  endfacet
  facet normal 0.130873 0.551117 0.824101
    outer loop
      vertex 4.39479 2.40068 11.1822
      vertex 4.39479 2.44868 11.1501
      vertex 4.33643 2.40452 11.1889
    endloop
  endfacet
  facet normal 0.258215 -0.964025 -0.0630968
    outer loop
      vertex 4.39479 1.73865 10.8
      vertex 4.39479 1.74242 10.7424
      vertex 4.45165 1.75388 10.8
    endloop
  endfacet
  facet normal 0.258215 -0.964025 0.0630968
    outer loop
      vertex 4.39479 1.74242 10.8576
      vertex 4.39479 1.73865 10.8
      vertex 4.45165 1.75388 10.8
    endloop
  endfacet
  facet normal 0.130266 -0.97242 0.193471
    outer loop
      vertex 4.33643 1.74626 10.9162
      vertex 4.33643 1.7348 10.8586
      vertex 4.39479 1.75368 10.9142
    endloop
  endfacet
  facet normal 0.130283 -0.972421 0.193453
    outer loop
      vertex 4.33643 1.7348 10.8586
      vertex 4.39479 1.74242 10.8576
      vertex 4.39479 1.75368 10.9142
    endloop
  endfacet
  facet normal -0.498914 -0.820502 0.279036
    outer loop
      vertex 4.05699 1.83432 10.9432
      vertex 4.10797 1.79016 10.9045
      vertex 4.10797 1.80713 10.9544
    endloop
  endfacet
  facet normal -0.382365 -0.874807 0.297505
    outer loop
      vertex 4.10797 1.80713 10.9544
      vertex 4.10797 1.79016 10.9045
      vertex 4.16235 1.78632 10.9631
    endloop
  endfacet
  facet normal -0.498155 0.0566901 0.865233
    outer loop
      vertex 4.10797 2.23268 11.2001
      vertex 4.05699 2.22884 11.171
      vertex 4.05699 2.18 11.1742
    endloop
  endfacet
  facet normal -0.498145 0.170051 0.850255
    outer loop
      vertex 4.10797 2.23268 11.2001
      vertex 4.05699 2.27684 11.1614
      vertex 4.05699 2.22884 11.171
    endloop
  endfacet
  facet normal -0.792495 0.196392 0.577392
    outer loop
      vertex 3.96867 2.29354 11.0741
      vertex 3.93284 2.27567 11.031
      vertex 3.96867 2.25679 11.0866
    endloop
  endfacet
  facet normal -0.792478 0.270293 0.546737
    outer loop
      vertex 3.96867 2.29354 11.0741
      vertex 3.93284 2.305 11.0165
      vertex 3.93284 2.27567 11.031
    endloop
  endfacet
  facet normal -0.706729 -0.227767 0.669818
    outer loop
      vertex 3.96867 2.10321 11.0866
      vertex 3.96867 2.06645 11.0741
      vertex 4.01029 2.05053 11.1126
    endloop
  endfacet
  facet normal -0.499252 -0.277978 0.820656
    outer loop
      vertex 4.05699 2.08316 11.1614
      vertex 4.05699 2.03681 11.1457
      vertex 4.10797 2.02555 11.1729
    endloop
  endfacet
  facet normal -0.498145 -0.170051 0.850255
    outer loop
      vertex 4.05699 2.13116 11.171
      vertex 4.05699 2.08316 11.1614
      vertex 4.10797 2.12732 11.2001
    endloop
  endfacet
  facet normal -0.706367 -0.227198 0.670393
    outer loop
      vertex 4.01029 2.09243 11.1268
      vertex 3.96867 2.10321 11.0866
      vertex 4.01029 2.05053 11.1126
    endloop
  endfacet
  facet normal -0.867711 0.158374 0.471163
    outer loop
      vertex 3.93284 2.24471 11.0415
      vertex 3.93 2.24581 11.0359
      vertex 3.93 2.24343 11.0367
    endloop
  endfacet
  facet normal -0.866603 0.416104 0.275421
    outer loop
      vertex 3.93284 2.39651 10.925
      vertex 3.93 2.39225 10.9225
      vertex 3.93 2.39086 10.9246
    endloop
  endfacet
  facet normal -0.866484 0.44569 0.224871
    outer loop
      vertex 3.93284 2.39651 10.925
      vertex 3.93 2.39336 10.9203
      vertex 3.93 2.39225 10.9225
    endloop
  endfacet
  facet normal -0.706239 0.466901 0.532194
    outer loop
      vertex 4.01029 2.38596 11.0684
      vertex 3.96867 2.3898 11.0098
      vertex 3.96867 2.36062 11.0354
    endloop
  endfacet
  facet normal -0.79265 0.458517 0.401831
    outer loop
      vertex 3.96867 2.41539 10.9806
      vertex 3.93284 2.35678 10.9768
      vertex 3.96867 2.3898 11.0098
    endloop
  endfacet
  facet normal -0.866338 0.329529 0.375325
    outer loop
      vertex 3.93 2.33109 10.9928
      vertex 3.93284 2.35678 10.9768
      vertex 3.93 2.3533 10.9733
    endloop
  endfacet
  facet normal -0.863599 0.331863 0.379558
    outer loop
      vertex 3.93284 2.35678 10.9768
      vertex 3.93 2.33109 10.9928
      vertex 3.93284 2.33219 10.9983
    endloop
  endfacet
  facet normal -0.792616 0.401333 0.459013
    outer loop
      vertex 3.96867 2.3898 11.0098
      vertex 3.93284 2.35678 10.9768
      vertex 3.93284 2.33219 10.9983
    endloop
  endfacet
  facet normal -0.792574 0.57749 0.195788
    outer loop
      vertex 3.96867 2.45412 10.9135
      vertex 3.93284 2.42149 10.8647
      vertex 3.93284 2.41098 10.8957
    endloop
  endfacet
  facet normal -0.865734 0.474003 0.160702
    outer loop
      vertex 3.93 2.41593 10.8658
      vertex 3.93284 2.41098 10.8957
      vertex 3.93284 2.42149 10.8647
    endloop
  endfacet
  facet normal -0.866034 0.473476 0.160643
    outer loop
      vertex 3.93284 2.41098 10.8957
      vertex 3.93 2.41593 10.8658
      vertex 3.93 2.40643 10.8938
    endloop
  endfacet
  facet normal -0.258212 0.964013 0.063285
    outer loop
      vertex 4.21921 2.62135 10.8
      vertex 4.16235 2.60612 10.8
      vertex 4.16235 2.60247 10.8556
    endloop
  endfacet
  facet normal -0.381912 0.922225 -0.0603733
    outer loop
      vertex 4.10797 2.58359 10.8
      vertex 4.16235 2.60247 10.7444
      vertex 4.10797 2.58014 10.7473
    endloop
  endfacet
  facet normal -0.381881 0.87518 0.297031
    outer loop
      vertex 4.16235 2.5916 10.9103
      vertex 4.10797 2.56984 10.9045
      vertex 4.16235 2.57368 10.9631
    endloop
  endfacet
  facet normal -0.382365 0.874807 0.297505
    outer loop
      vertex 4.16235 2.57368 10.9631
      vertex 4.10797 2.56984 10.9045
      vertex 4.10797 2.55287 10.9544
    endloop
  endfacet
  facet normal -0.607749 0.778879 0.154879
    outer loop
      vertex 4.05699 2.54141 10.8968
      vertex 4.01029 2.51543 10.8442
      vertex 4.01029 2.5068 10.8876
    endloop
  endfacet
  facet normal -0.706462 0.69416 0.138032
    outer loop
      vertex 4.01029 2.5068 10.8876
      vertex 4.01029 2.51543 10.8442
      vertex 3.96867 2.46659 10.8768
    endloop
  endfacet
  facet normal -0.706653 0.588307 0.393111
    outer loop
      vertex 4.01029 2.44841 11.006
      vertex 4.01029 2.473 10.9692
      vertex 3.96867 2.41539 10.9806
    endloop
  endfacet
  facet normal -0.706321 0.588213 0.393847
    outer loop
      vertex 4.01029 2.473 10.9692
      vertex 3.96867 2.43695 10.9484
      vertex 3.96867 2.41539 10.9806
    endloop
  endfacet
  facet normal 0.130122 0.989381 -0.0647564
    outer loop
      vertex 4.39479 2.61758 10.7424
      vertex 4.33643 2.62519 10.7414
      vertex 4.39479 2.62135 10.8
    endloop
  endfacet
  facet normal 0.258387 0.963979 -0.0630938
    outer loop
      vertex 4.45165 2.60247 10.7444
      vertex 4.39479 2.61758 10.7424
      vertex 4.39479 2.62135 10.8
    endloop
  endfacet
  facet normal 0.130117 0.972409 -0.193623
    outer loop
      vertex 4.39479 2.61758 10.7424
      vertex 4.39479 2.60631 10.6858
      vertex 4.33643 2.62519 10.7414
    endloop
  endfacet
  facet normal 0.258414 0.947507 -0.188289
    outer loop
      vertex 4.45165 2.60247 10.7444
      vertex 4.45165 2.5916 10.6897
      vertex 4.39479 2.61758 10.7424
    endloop
  endfacet
  facet normal -0.792736 -0.0392653 0.608299
    outer loop
      vertex 3.96867 2.18 11.0967
      vertex 3.93284 2.14737 11.0479
      vertex 3.96867 2.14127 11.0942
    endloop
  endfacet
  facet normal -0.792745 -0.119362 0.597753
    outer loop
      vertex 3.96867 2.14127 11.0942
      vertex 3.93284 2.14737 11.0479
      vertex 3.96867 2.10321 11.0866
    endloop
  endfacet
  facet normal -0.49908 0.720538 0.481398
    outer loop
      vertex 4.10797 2.52952 11.0018
      vertex 4.05699 2.50403 10.9871
      vertex 4.10797 2.50019 11.0457
    endloop
  endfacet
  facet normal -0.499092 0.777347 0.382934
    outer loop
      vertex 4.10797 2.52952 11.0018
      vertex 4.10797 2.55287 10.9544
      vertex 4.05699 2.50403 10.9871
    endloop
  endfacet
  facet normal -0.38164 0.059701 0.922381
    outer loop
      vertex 4.16235 2.23562 11.2225
      vertex 4.10797 2.18 11.2036
      vertex 4.16235 2.18 11.2261
    endloop
  endfacet
  facet normal -0.382983 0.0612383 0.921723
    outer loop
      vertex 4.16235 2.23562 11.2225
      vertex 4.10797 2.23268 11.2001
      vertex 4.10797 2.18 11.2036
    endloop
  endfacet
  facet normal -0.607803 -0.254879 -0.752072
    outer loop
      vertex 4.01029 2.09243 10.4732
      vertex 4.05699 2.08316 10.4386
      vertex 4.01029 2.05053 10.4874
    endloop
  endfacet
  facet normal -0.607882 -0.254741 -0.752055
    outer loop
      vertex 4.01029 2.05053 10.4874
      vertex 4.05699 2.08316 10.4386
      vertex 4.05699 2.03681 10.4543
    endloop
  endfacet
  facet normal -0.865806 0.490266 0.100096
    outer loop
      vertex 3.93284 2.42149 10.8647
      vertex 3.93 2.41723 10.861
      vertex 3.93 2.41674 10.8634
    endloop
  endfacet
  facet normal -0.499156 0.864661 -0.056605
    outer loop
      vertex 4.10797 2.58359 10.8
      vertex 4.10797 2.58014 10.7473
      vertex 4.05699 2.55416 10.8
    endloop
  endfacet
  facet normal -0.499156 0.864661 0.056605
    outer loop
      vertex 4.10797 2.58359 10.8
      vertex 4.05699 2.55416 10.8
      vertex 4.10797 2.58014 10.8527
    endloop
  endfacet
  facet normal -0.499538 0.820429 -0.278133
    outer loop
      vertex 4.10797 2.56984 10.6955
      vertex 4.05699 2.52568 10.6568
      vertex 4.05699 2.54141 10.7032
    endloop
  endfacet
  facet normal -0.499397 0.849719 -0.169059
    outer loop
      vertex 4.05699 2.55096 10.7512
      vertex 4.10797 2.56984 10.6955
      vertex 4.05699 2.54141 10.7032
    endloop
  endfacet
  facet normal -0.706347 0.706347 -0.046344
    outer loop
      vertex 4.01029 2.51833 10.8
      vertex 4.01029 2.51543 10.7558
      vertex 3.96867 2.47671 10.8
    endloop
  endfacet
  facet normal -0.499227 0.864615 -0.056696
    outer loop
      vertex 4.05699 2.55416 10.8
      vertex 4.10797 2.58014 10.7473
      vertex 4.05699 2.55096 10.7512
    endloop
  endfacet
  facet normal -0.607921 0.751962 -0.254922
    outer loop
      vertex 4.05699 2.54141 10.7032
      vertex 4.05699 2.52568 10.6568
      vertex 4.01029 2.49257 10.6705
    endloop
  endfacet
  facet normal -0.382365 0.874807 -0.297505
    outer loop
      vertex 4.10797 2.56984 10.6955
      vertex 4.16235 2.57368 10.6369
      vertex 4.10797 2.55287 10.6456
    endloop
  endfacet
  facet normal -0.706683 0.531438 -0.467089
    outer loop
      vertex 4.01029 2.44841 10.594
      vertex 4.01029 2.41923 10.5608
      vertex 3.96867 2.41539 10.6194
    endloop
  endfacet
  facet normal -0.499057 0.720566 -0.48138
    outer loop
      vertex 4.05699 2.50403 10.6129
      vertex 4.10797 2.50019 10.5543
      vertex 4.05699 2.47684 10.5722
    endloop
  endfacet
  facet normal -0.866416 0.375514 -0.329109
    outer loop
      vertex 3.93 2.35496 10.6286
      vertex 3.93284 2.37834 10.6478
      vertex 3.93284 2.35678 10.6232
    endloop
  endfacet
  facet normal -0.865633 0.376337 -0.330227
    outer loop
      vertex 3.93284 2.37834 10.6478
      vertex 3.93 2.35496 10.6286
      vertex 3.93 2.37444 10.6508
    endloop
  endfacet
  facet normal -0.865165 0.491867 -0.0977605
    outer loop
      vertex 3.93 2.41723 10.739
      vertex 3.93284 2.42787 10.7674
      vertex 3.93284 2.42149 10.7353
    endloop
  endfacet
  facet normal -0.865335 0.491591 -0.0976402
    outer loop
      vertex 3.93284 2.42787 10.7674
      vertex 3.93 2.41723 10.739
      vertex 3.93 2.42299 10.768
    endloop
  endfacet
  facet normal -0.706355 0.706338 -0.0463591
    outer loop
      vertex 3.96867 2.47671 10.8
      vertex 4.01029 2.51543 10.7558
      vertex 3.96867 2.47417 10.7613
    endloop
  endfacet
  facet normal -0.792517 0.546804 -0.270043
    outer loop
      vertex 3.96867 2.45412 10.6865
      vertex 3.93284 2.39651 10.675
      vertex 3.93284 2.41098 10.7043
    endloop
  endfacet
  facet normal 0.258647 -0.309631 -0.915003
    outer loop
      vertex 4.39479 2.0111 10.3922
      vertex 4.39479 2.06577 10.3737
      vertex 4.45165 2.01693 10.4063
    endloop
  endfacet
  facet normal 0.129928 -0.317822 -0.939206
    outer loop
      vertex 4.39479 2.0111 10.3922
      vertex 4.33643 2.06378 10.3663
      vertex 4.39479 2.06577 10.3737
    endloop
  endfacet
  facet normal 0.706729 -0.227767 -0.669818
    outer loop
      vertex 4.64533 2.06645 10.5259
      vertex 4.60371 2.05053 10.4874
      vertex 4.64533 2.10321 10.5134
    endloop
  endfacet
  facet normal 0.792552 -0.268932 -0.5473
    outer loop
      vertex 4.64533 2.03165 10.543
      vertex 4.64533 2.06645 10.5259
      vertex 4.68116 2.08433 10.569
    endloop
  endfacet
  facet normal 0.607828 -0.712173 -0.35122
    outer loop
      vertex 4.55701 1.83432 10.6568
      vertex 4.55701 1.85597 10.6129
      vertex 4.60371 1.887 10.6308
    endloop
  endfacet
  facet normal 0.607808 -0.660248 -0.441182
    outer loop
      vertex 4.55701 1.85597 10.6129
      vertex 4.60371 1.91159 10.594
      vertex 4.60371 1.887 10.6308
    endloop
  endfacet
  facet normal 0.607768 -0.523008 -0.597561
    outer loop
      vertex 4.55701 1.91543 10.5354
      vertex 4.55701 1.95222 10.5032
      vertex 4.60371 1.97404 10.5316
    endloop
  endfacet
  facet normal 0.499624 -0.570512 -0.651837
    outer loop
      vertex 4.55701 1.91543 10.5354
      vertex 4.50603 1.93431 10.4798
      vertex 4.55701 1.95222 10.5032
    endloop
  endfacet
  facet normal -0.499065 -0.651566 -0.57131
    outer loop
      vertex 4.05699 1.91543 10.5354
      vertex 4.10797 1.89462 10.5146
      vertex 4.10797 1.85981 10.5543
    endloop
  endfacet
  facet normal -0.706032 -0.393566 -0.588749
    outer loop
      vertex 3.96867 2.03165 10.543
      vertex 4.01029 2.01084 10.507
      vertex 4.01029 1.97404 10.5316
    endloop
  endfacet
  facet normal -0.258113 -0.866532 -0.4272
    outer loop
      vertex 4.16235 1.81097 10.5869
      vertex 4.21921 1.79778 10.5793
      vertex 4.16235 1.78632 10.6369
    endloop
  endfacet
  facet normal -0.382365 -0.874807 -0.297505
    outer loop
      vertex 4.10797 1.80713 10.6456
      vertex 4.16235 1.78632 10.6369
      vertex 4.10797 1.79016 10.6955
    endloop
  endfacet
  facet normal -0.49908 -0.720538 -0.481398
    outer loop
      vertex 4.05699 1.85597 10.6129
      vertex 4.10797 1.85981 10.5543
      vertex 4.10797 1.83048 10.5982
    endloop
  endfacet
  facet normal -0.382502 -0.828844 -0.408302
    outer loop
      vertex 4.10797 1.80713 10.6456
      vertex 4.10797 1.83048 10.5982
      vertex 4.16235 1.78632 10.6369
    endloop
  endfacet
  facet normal -0.706653 -0.588307 -0.393111
    outer loop
      vertex 3.96867 1.94461 10.6194
      vertex 4.01029 1.91159 10.594
      vertex 4.01029 1.887 10.6308
    endloop
  endfacet
  facet normal -0.706683 -0.531438 -0.467089
    outer loop
      vertex 3.96867 1.94461 10.6194
      vertex 4.01029 1.94077 10.5608
      vertex 4.01029 1.91159 10.594
    endloop
  endfacet
  facet normal -0.607655 -0.441371 -0.660262
    outer loop
      vertex 4.01029 2.01084 10.507
      vertex 4.05699 1.99292 10.476
      vertex 4.01029 1.97404 10.5316
    endloop
  endfacet
  facet normal -0.608454 -0.523483 -0.596447
    outer loop
      vertex 4.01029 1.94077 10.5608
      vertex 4.01029 1.97404 10.5316
      vertex 4.05699 1.91543 10.5354
    endloop
  endfacet
  facet normal -0.865586 -0.474245 0.160785
    outer loop
      vertex 3.93284 1.94902 10.8957
      vertex 3.90341 1.98775 10.8515
      vertex 3.93284 1.93851 10.8647
    endloop
  endfacet
  facet normal -0.607653 -0.752072 -0.255238
    outer loop
      vertex 4.01029 1.8532 10.7124
      vertex 4.01029 1.86742 10.6705
      vertex 4.05699 1.81859 10.7032
    endloop
  endfacet
  facet normal -0.706354 -0.70634 0.0463436
    outer loop
      vertex 3.96867 1.88583 10.8387
      vertex 4.01029 1.84167 10.8
      vertex 4.01029 1.84457 10.8442
    endloop
  endfacet
  facet normal -0.792777 -0.597826 -0.118781
    outer loop
      vertex 3.93284 1.93851 10.7353
      vertex 3.96867 1.8934 10.7232
      vertex 3.96867 1.88583 10.7613
    endloop
  endfacet
  facet normal -0.706375 -0.694267 -0.137942
    outer loop
      vertex 3.96867 1.8934 10.7232
      vertex 4.01029 1.8532 10.7124
      vertex 3.96867 1.88583 10.7613
    endloop
  endfacet
  facet normal -0.706429 -0.694192 -0.138039
    outer loop
      vertex 3.96867 1.88583 10.7613
      vertex 4.01029 1.8532 10.7124
      vertex 4.01029 1.84457 10.7558
    endloop
  endfacet
  facet normal -0.865555 -0.416443 -0.27819
    outer loop
      vertex 3.93284 1.96349 10.675
      vertex 3.91206 2 10.685
      vertex 3.93284 1.98166 10.6478
    endloop
  endfacet
  facet normal -0.865639 -0.416644 -0.277628
    outer loop
      vertex 3.91206 2 10.685
      vertex 3.93284 1.96349 10.675
      vertex 3.9085 2 10.6961
    endloop
  endfacet
  facet normal -0.792654 -0.506962 -0.338658
    outer loop
      vertex 3.93284 1.98166 10.6478
      vertex 3.96867 1.94461 10.6194
      vertex 3.93284 1.96349 10.675
    endloop
  endfacet
  facet normal -0.86619 -0.334183 0.371533
    outer loop
      vertex 3.93 2.00858 10.975
      vertex 3.93 2.00669 10.9733
      vertex 3.93284 2.00322 10.9768
    endloop
  endfacet
  facet normal -0.86619 -0.334183 -0.371533
    outer loop
      vertex 3.93 2.00858 10.625
      vertex 3.93284 2.00322 10.6232
      vertex 3.93 2.00669 10.6267
    endloop
  endfacet
  facet normal -0.866963 -0.373354 -0.330124
    outer loop
      vertex 3.93284 2.00322 10.6232
      vertex 3.93 2 10.6343
      vertex 3.93 2.00504 10.6286
    endloop
  endfacet
  facet normal -0.86569 -0.37671 -0.329652
    outer loop
      vertex 3.93 2 10.6343
      vertex 3.93284 1.98166 10.6478
      vertex 3.91949 2 10.6619
    endloop
  endfacet
  facet normal -0.864942 -0.377431 -0.330789
    outer loop
      vertex 3.93284 1.98166 10.6478
      vertex 3.93 2 10.6343
      vertex 3.93284 2.00322 10.6232
    endloop
  endfacet
  facet normal -0.865659 -0.416064 -0.278435
    outer loop
      vertex 3.91949 2 10.6619
      vertex 3.93284 1.98166 10.6478
      vertex 3.91206 2 10.685
    endloop
  endfacet
  facet normal -0.706239 -0.466901 -0.532194
    outer loop
      vertex 3.96867 1.99938 10.5646
      vertex 4.01029 1.97404 10.5316
      vertex 3.96867 1.9702 10.5902
    endloop
  endfacet
  facet normal -0.706168 -0.467054 -0.532154
    outer loop
      vertex 3.96867 1.9702 10.5902
      vertex 4.01029 1.97404 10.5316
      vertex 4.01029 1.94077 10.5608
    endloop
  endfacet
  facet normal -0.923217 -0.340807 -0.177542
    outer loop
      vertex 3.90192 2 10.7241
      vertex 3.90341 1.99612 10.7238
      vertex 3.90167 2 10.7254
    endloop
  endfacet
  facet normal -0.864733 -0.0323021 -0.501192
    outer loop
      vertex 3.93284 2.18 10.55
      vertex 3.93 2.15052 10.5568
      vertex 3.93 2.18 10.5549
    endloop
  endfacet
  facet normal -0.864856 -0.0322423 -0.500984
    outer loop
      vertex 3.93 2.15052 10.5568
      vertex 3.93284 2.18 10.55
      vertex 3.93284 2.14737 10.5521
    endloop
  endfacet
  facet normal -0.866741 -0.0396161 -0.497182
    outer loop
      vertex 3.93 2.15052 10.5568
      vertex 3.93284 2.14737 10.5521
      vertex 3.93 2.14801 10.557
    endloop
  endfacet
  facet normal -0.792745 0.119362 -0.597753
    outer loop
      vertex 3.96867 2.25679 10.5134
      vertex 3.96867 2.21873 10.5058
      vertex 3.93284 2.21263 10.5521
    endloop
  endfacet
  facet normal -0.792736 0.0392653 -0.608299
    outer loop
      vertex 3.96867 2.21873 10.5058
      vertex 3.96867 2.18 10.5033
      vertex 3.93284 2.21263 10.5521
    endloop
  endfacet
  facet normal -0.706762 0.311923 -0.634974
    outer loop
      vertex 3.96867 2.32835 10.543
      vertex 4.01029 2.30947 10.4874
      vertex 3.96867 2.29354 10.5259
    endloop
  endfacet
  facet normal -0.706758 0.227813 -0.669772
    outer loop
      vertex 3.96867 2.29354 10.5259
      vertex 4.01029 2.30947 10.4874
      vertex 3.96867 2.25679 10.5134
    endloop
  endfacet
  facet normal -0.866221 0.376278 -0.328748
    outer loop
      vertex 3.93 2.35496 10.6286
      vertex 3.93284 2.35678 10.6232
      vertex 3.93 2.3533 10.6267
    endloop
  endfacet
  facet normal -0.863599 0.331863 -0.379558
    outer loop
      vertex 3.93 2.33109 10.6072
      vertex 3.93284 2.35678 10.6232
      vertex 3.93284 2.33219 10.6017
    endloop
  endfacet
  facet normal -0.866338 0.329529 -0.375325
    outer loop
      vertex 3.93284 2.35678 10.6232
      vertex 3.93 2.33109 10.6072
      vertex 3.93 2.3533 10.6267
    endloop
  endfacet
  facet normal -0.865376 -0.329583 0.377491
    outer loop
      vertex 3.93 2.00858 10.975
      vertex 3.93284 2.02781 10.9983
      vertex 3.93 2.0308 10.9944
    endloop
  endfacet
  facet normal -0.864434 -0.330919 0.37848
    outer loop
      vertex 3.93284 2.02781 10.9983
      vertex 3.93 2.00858 10.975
      vertex 3.93284 2.00322 10.9768
    endloop
  endfacet
  facet normal -0.865389 -0.279365 0.416001
    outer loop
      vertex 3.93284 2.02781 10.9983
      vertex 3.93 2.05537 11.0109
      vertex 3.93 2.0308 10.9944
    endloop
  endfacet
  facet normal -0.863369 -0.280669 0.419307
    outer loop
      vertex 3.93 2.05537 11.0109
      vertex 3.93284 2.02781 10.9983
      vertex 3.93284 2.055 11.0165
    endloop
  endfacet
  facet normal -0.706706 -0.634838 0.312326
    outer loop
      vertex 3.96867 1.92305 10.9484
      vertex 3.96867 1.90588 10.9135
      vertex 4.01029 1.86742 10.9295
    endloop
  endfacet
  facet normal -0.706358 -0.634842 0.313104
    outer loop
      vertex 3.96867 1.92305 10.9484
      vertex 4.01029 1.86742 10.9295
      vertex 4.01029 1.887 10.9692
    endloop
  endfacet
  facet normal -0.792755 -0.608232 -0.0399201
    outer loop
      vertex 3.93284 1.92999 10.8
      vertex 3.96867 1.88583 10.7613
      vertex 3.96867 1.88329 10.8
    endloop
  endfacet
  facet normal -0.923217 -0.340807 0.177542
    outer loop
      vertex 3.90192 2 10.8759
      vertex 3.90167 2 10.8746
      vertex 3.90341 1.99612 10.8762
    endloop
  endfacet
  facet normal 0.498815 -0.77749 0.383004
    outer loop
      vertex 4.50603 1.80713 10.9544
      vertex 4.55701 1.83432 10.9432
      vertex 4.50603 1.83048 11.0018
    endloop
  endfacet
  facet normal 0.382502 -0.828844 0.408302
    outer loop
      vertex 4.45165 1.78632 10.9631
      vertex 4.50603 1.80713 10.9544
      vertex 4.50603 1.83048 11.0018
    endloop
  endfacet
  facet normal 0.499538 -0.820429 0.278133
    outer loop
      vertex 4.50603 1.79016 10.9045
      vertex 4.55701 1.81859 10.8968
      vertex 4.55701 1.83432 10.9432
    endloop
  endfacet
  facet normal 0.499394 -0.849739 0.168964
    outer loop
      vertex 4.50603 1.79016 10.9045
      vertex 4.50603 1.77986 10.8527
      vertex 4.55701 1.81859 10.8968
    endloop
  endfacet
  facet normal 0.607828 -0.712173 0.35122
    outer loop
      vertex 4.55701 1.85597 10.9871
      vertex 4.55701 1.83432 10.9432
      vertex 4.60371 1.887 10.9692
    endloop
  endfacet
  facet normal 0.607808 -0.660248 0.441182
    outer loop
      vertex 4.55701 1.85597 10.9871
      vertex 4.60371 1.887 10.9692
      vertex 4.60371 1.91159 11.006
    endloop
  endfacet
  facet normal 0.79265 -0.458517 0.401831
    outer loop
      vertex 4.64533 1.94461 10.9806
      vertex 4.68116 2.00322 10.9768
      vertex 4.64533 1.9702 11.0098
    endloop
  endfacet
  facet normal 0.792649 -0.402076 0.458304
    outer loop
      vertex 4.64533 1.9702 11.0098
      vertex 4.68116 2.00322 10.9768
      vertex 4.64533 1.99938 11.0354
    endloop
  endfacet
  facet normal 0.865575 -0.416414 0.278171
    outer loop
      vertex 4.68116 1.96349 10.925
      vertex 4.71059 2.00763 10.8995
      vertex 4.68116 1.98166 10.9522
    endloop
  endfacet
  facet normal 0.865576 -0.448984 0.221794
    outer loop
      vertex 4.68116 1.96349 10.925
      vertex 4.71059 1.99612 10.8762
      vertex 4.71059 2.00763 10.8995
    endloop
  endfacet
  facet normal 0.70578 -0.0456339 0.70696
    outer loop
      vertex 4.60371 2.13584 11.1354
      vertex 4.64533 2.14127 11.0942
      vertex 4.64533 2.18 11.0967
    endloop
  endfacet
  facet normal 0.792696 -0.195796 0.577319
    outer loop
      vertex 4.64533 2.10321 11.0866
      vertex 4.68116 2.08433 11.031
      vertex 4.68116 2.11529 11.0415
    endloop
  endfacet
  facet normal 0.792758 -0.608228 -0.0399266
    outer loop
      vertex 4.68116 1.92999 10.8
      vertex 4.64533 1.88583 10.7613
      vertex 4.68116 1.93213 10.7674
    endloop
  endfacet
  facet normal 0.792762 -0.597837 -0.118822
    outer loop
      vertex 4.64533 1.88583 10.7613
      vertex 4.68116 1.93851 10.7353
      vertex 4.68116 1.93213 10.7674
    endloop
  endfacet
  facet normal 0.706375 -0.694267 -0.137942
    outer loop
      vertex 4.64533 1.88583 10.7613
      vertex 4.60371 1.8532 10.7124
      vertex 4.64533 1.8934 10.7232
    endloop
  endfacet
  facet normal 0.499321 -0.849761 -0.169067
    outer loop
      vertex 4.50603 1.77986 10.7473
      vertex 4.55701 1.81859 10.7032
      vertex 4.55701 1.80904 10.7512
    endloop
  endfacet
  facet normal 0.607895 -0.792316 0.0519551
    outer loop
      vertex 4.55701 1.80904 10.8488
      vertex 4.55701 1.80584 10.8
      vertex 4.60371 1.84167 10.8
    endloop
  endfacet
  facet normal 0.499153 -0.864657 0.0566988
    outer loop
      vertex 4.55701 1.80904 10.8488
      vertex 4.50603 1.77641 10.8
      vertex 4.55701 1.80584 10.8
    endloop
  endfacet
  facet normal 0.706321 -0.588213 -0.393847
    outer loop
      vertex 4.60371 1.887 10.6308
      vertex 4.64533 1.94461 10.6194
      vertex 4.64533 1.92305 10.6516
    endloop
  endfacet
  facet normal 0.792896 -0.506337 -0.339026
    outer loop
      vertex 4.64533 1.92305 10.6516
      vertex 4.64533 1.94461 10.6194
      vertex 4.68116 1.96349 10.675
    endloop
  endfacet
  facet normal 0.991414 -0.0270747 0.127928
    outer loop
      vertex 4.74835 2.15728 10.8848
      vertex 4.75604 2.17238 10.8284
      vertex 4.75604 2.17616 10.8292
    endloop
  endfacet
  facet normal 0.923591 -0.363099 0.123042
    outer loop
      vertex 4.71059 1.98775 10.8515
      vertex 4.73312 2.04028 10.8374
      vertex 4.71059 1.99612 10.8762
    endloop
  endfacet
  facet normal 0.9914 -0.0984447 0.086224
    outer loop
      vertex 4.74835 2.11792 10.8621
      vertex 4.75604 2.15665 10.8179
      vertex 4.75604 2.15919 10.8208
    endloop
  endfacet
  facet normal 0.991393 -0.098768 0.0859395
    outer loop
      vertex 4.74835 2.11035 10.8534
      vertex 4.75604 2.15665 10.8179
      vertex 4.74835 2.11792 10.8621
    endloop
  endfacet
  facet normal 0.92353 -0.343684 0.170215
    outer loop
      vertex 4.71059 1.99612 10.8762
      vertex 4.73312 2.04636 10.8554
      vertex 4.73312 2.05473 10.8723
    endloop
  endfacet
  facet normal 0.965817 -0.245592 0.0829556
    outer loop
      vertex 4.73312 2.04028 10.8374
      vertex 4.74835 2.09889 10.8336
      vertex 4.73312 2.04636 10.8554
    endloop
  endfacet
  facet normal 0.991397 -0.128348 0.0256695
    outer loop
      vertex 4.74835 2.09296 10.8115
      vertex 4.75604 2.15082 10.8038
      vertex 4.74835 2.0952 10.8227
    endloop
  endfacet
  facet normal 0.965809 -0.254222 0.0508443
    outer loop
      vertex 4.73312 2.04028 10.8374
      vertex 4.74835 2.09296 10.8115
      vertex 4.74835 2.0952 10.8227
    endloop
  endfacet
  facet normal 0.792798 -0.577213 0.195694
    outer loop
      vertex 4.64533 1.8934 10.8768
      vertex 4.68116 1.93851 10.8647
      vertex 4.68116 1.94902 10.8957
    endloop
  endfacet
  facet normal 0.792777 -0.597826 0.118781
    outer loop
      vertex 4.64533 1.8934 10.8768
      vertex 4.64533 1.88583 10.8387
      vertex 4.68116 1.93851 10.8647
    endloop
  endfacet
  facet normal 0.923583 -0.375993 0.0749953
    outer loop
      vertex 4.71059 1.98775 10.8515
      vertex 4.73312 2.03659 10.8189
      vertex 4.73312 2.04028 10.8374
    endloop
  endfacet
  facet normal 0.9658 -0.254281 0.0507187
    outer loop
      vertex 4.73312 2.03659 10.8189
      vertex 4.74835 2.09296 10.8115
      vertex 4.73312 2.04028 10.8374
    endloop
  endfacet
  facet normal 0.92353 -0.343684 -0.170215
    outer loop
      vertex 4.73312 2.04636 10.7446
      vertex 4.71059 1.99612 10.7238
      vertex 4.73312 2.05473 10.7277
    endloop
  endfacet
  facet normal 0.923588 -0.343733 -0.169801
    outer loop
      vertex 4.71059 1.99612 10.7238
      vertex 4.71059 2.00763 10.7005
      vertex 4.73312 2.05473 10.7277
    endloop
  endfacet
  facet normal 0.923531 -0.287917 -0.253367
    outer loop
      vertex 4.71059 2.0221 10.6788
      vertex 4.71059 2.03926 10.6593
      vertex 4.73312 2.06524 10.7119
    endloop
  endfacet
  facet normal 0.923495 -0.288142 -0.25324
    outer loop
      vertex 4.73312 2.06524 10.7119
      vertex 4.71059 2.03926 10.6593
      vertex 4.73312 2.07772 10.6977
    endloop
  endfacet
  facet normal 0.991402 -0.117038 -0.0585192
    outer loop
      vertex 4.75604 2.15281 10.7887
      vertex 4.74835 2.10397 10.7561
      vertex 4.75604 2.15451 10.7853
    endloop
  endfacet
  facet normal 0.96581 -0.258693 0.0169725
    outer loop
      vertex 4.73312 2.03659 10.8189
      vertex 4.73312 2.03535 10.8
      vertex 4.74835 2.09221 10.8
    endloop
  endfacet
  facet normal 0.923592 -0.318966 -0.212693
    outer loop
      vertex 4.71059 2.00763 10.7005
      vertex 4.71059 2.0221 10.6788
      vertex 4.73312 2.05473 10.7277
    endloop
  endfacet
  facet normal 0.991396 0.117395 -0.0578998
    outer loop
      vertex 4.75604 2.20549 10.7853
      vertex 4.74835 2.25603 10.7561
      vertex 4.74835 2.26111 10.7664
    endloop
  endfacet
  facet normal 0.991414 0.0270747 -0.127928
    outer loop
      vertex 4.75604 2.18384 10.7708
      vertex 4.74835 2.20272 10.7152
      vertex 4.75604 2.18762 10.7716
    endloop
  endfacet
  facet normal 0.965851 0.113838 -0.232751
    outer loop
      vertex 4.74835 2.2239 10.724
      vertex 4.73312 2.23535 10.6664
      vertex 4.73312 2.25232 10.6747
    endloop
  endfacet
  facet normal 0.965862 0.143761 -0.215505
    outer loop
      vertex 4.74835 2.2239 10.724
      vertex 4.73312 2.25232 10.6747
      vertex 4.73312 2.26806 10.6852
    endloop
  endfacet
  facet normal 0.965779 0.215316 0.144601
    outer loop
      vertex 4.74835 2.24965 10.8534
      vertex 4.74835 2.25603 10.8439
      vertex 4.73312 2.30527 10.8723
    endloop
  endfacet
  facet normal 0.9914 0.0984447 0.086224
    outer loop
      vertex 4.75604 2.20081 10.8208
      vertex 4.75604 2.20335 10.8179
      vertex 4.74835 2.24208 10.8621
    endloop
  endfacet
  facet normal 0.965812 0.258694 -0.0168713
    outer loop
      vertex 4.74835 2.26779 10.8
      vertex 4.74835 2.26704 10.7885
      vertex 4.73312 2.32465 10.8
    endloop
  endfacet
  facet normal 0.965812 0.258694 0.0168713
    outer loop
      vertex 4.74835 2.26704 10.8115
      vertex 4.74835 2.26779 10.8
      vertex 4.73312 2.32465 10.8
    endloop
  endfacet
  facet normal 0.608725 -0.154181 0.778256
    outer loop
      vertex 4.55701 2.13116 11.171
      vertex 4.60371 2.09243 11.1268
      vertex 4.60371 2.13584 11.1354
    endloop
  endfacet
  facet normal 0.607818 -0.155731 0.778656
    outer loop
      vertex 4.55701 2.08316 11.1614
      vertex 4.60371 2.09243 11.1268
      vertex 4.55701 2.13116 11.171
    endloop
  endfacet
  facet normal 0.381705 0.609352 0.694976
    outer loop
      vertex 4.50603 2.42569 11.1202
      vertex 4.50603 2.46538 11.0854
      vertex 4.45165 2.48131 11.1013
    endloop
  endfacet
  facet normal 0.382273 0.609698 0.69436
    outer loop
      vertex 4.50603 2.42569 11.1202
      vertex 4.45165 2.48131 11.1013
      vertex 4.45165 2.4394 11.1381
    endloop
  endfacet
  facet normal 0.381862 0.694826 0.609424
    outer loop
      vertex 4.45165 2.48131 11.1013
      vertex 4.50603 2.50019 11.0457
      vertex 4.45165 2.51806 11.0594
    endloop
  endfacet
  facet normal 0.381892 0.768194 0.513844
    outer loop
      vertex 4.50603 2.50019 11.0457
      vertex 4.45165 2.54903 11.0131
      vertex 4.45165 2.51806 11.0594
    endloop
  endfacet
  facet normal -0.381745 0.694953 0.609353
    outer loop
      vertex 4.16235 2.48131 11.1013
      vertex 4.10797 2.50019 11.0457
      vertex 4.10797 2.46538 11.0854
    endloop
  endfacet
  facet normal -0.381705 0.609352 0.694976
    outer loop
      vertex 4.16235 2.48131 11.1013
      vertex 4.10797 2.46538 11.0854
      vertex 4.10797 2.42569 11.1202
    endloop
  endfacet
  facet normal 0.865857 0.159648 0.474135
    outer loop
      vertex 4.71059 2.23151 10.9922
      vertex 4.71059 2.25616 10.9839
      vertex 4.68116 2.24471 11.0415
    endloop
  endfacet
  facet normal 0.923677 0.122274 0.363139
    outer loop
      vertex 4.71059 2.23151 10.9922
      vertex 4.73312 2.23535 10.9336
      vertex 4.71059 2.25616 10.9839
    endloop
  endfacet
  facet normal 0.792574 0.57749 0.195788
    outer loop
      vertex 4.68116 2.41098 10.8957
      vertex 4.68116 2.42149 10.8647
      vertex 4.64533 2.45412 10.9135
    endloop
  endfacet
  facet normal 0.792726 0.577171 0.196112
    outer loop
      vertex 4.64533 2.45412 10.9135
      vertex 4.68116 2.42149 10.8647
      vertex 4.64533 2.46659 10.8768
    endloop
  endfacet
  facet normal 0.865562 0.449029 0.221756
    outer loop
      vertex 4.68116 2.39651 10.925
      vertex 4.71059 2.36388 10.8762
      vertex 4.68116 2.41098 10.8957
    endloop
  endfacet
  facet normal 0.792517 0.546804 0.270043
    outer loop
      vertex 4.68116 2.39651 10.925
      vertex 4.68116 2.41098 10.8957
      vertex 4.64533 2.45412 10.9135
    endloop
  endfacet
  facet normal -0.130341 0.653461 0.745654
    outer loop
      vertex 4.27757 2.45336 11.1562
      vertex 4.27757 2.49752 11.1175
      vertex 4.21921 2.44868 11.1501
    endloop
  endfacet
  facet normal -0.130347 0.551602 0.82386
    outer loop
      vertex 4.27757 2.45336 11.1562
      vertex 4.21921 2.44868 11.1501
      vertex 4.27757 2.40452 11.1889
    endloop
  endfacet
  facet normal 0.792736 0.0392653 0.608299
    outer loop
      vertex 4.64533 2.18 11.0967
      vertex 4.68116 2.21263 11.0479
      vertex 4.64533 2.21873 11.0942
    endloop
  endfacet
  facet normal 0.792745 0.119362 0.597753
    outer loop
      vertex 4.64533 2.21873 11.0942
      vertex 4.68116 2.21263 11.0479
      vertex 4.64533 2.25679 11.0866
    endloop
  endfacet
  facet normal 0.608644 0.0518752 0.791746
    outer loop
      vertex 4.55701 2.18 11.1742
      vertex 4.60371 2.18 11.1383
      vertex 4.55701 2.22884 11.171
    endloop
  endfacet
  facet normal 0.608644 -0.0518752 0.791746
    outer loop
      vertex 4.55701 2.13116 11.171
      vertex 4.60371 2.18 11.1383
      vertex 4.55701 2.18 11.1742
    endloop
  endfacet
  facet normal 0.705792 -0.138722 0.694704
    outer loop
      vertex 4.60371 2.13584 11.1354
      vertex 4.64533 2.10321 11.0866
      vertex 4.64533 2.14127 11.0942
    endloop
  endfacet
  facet normal 0.792736 -0.0392653 0.608299
    outer loop
      vertex 4.64533 2.14127 11.0942
      vertex 4.68116 2.14737 11.0479
      vertex 4.64533 2.18 11.0967
    endloop
  endfacet
  facet normal 0.96575 0.0164587 0.25895
    outer loop
      vertex 4.73312 2.18 10.9446
      vertex 4.74835 2.18 10.8878
      vertex 4.73312 2.19888 10.9434
    endloop
  endfacet
  facet normal 0.923516 0.0751373 0.376129
    outer loop
      vertex 4.71059 2.20598 10.9973
      vertex 4.73312 2.19888 10.9434
      vertex 4.71059 2.23151 10.9922
    endloop
  endfacet
  facet normal 0.923707 -0.169264 0.343679
    outer loop
      vertex 4.71059 2.08048 10.9724
      vertex 4.73312 2.12465 10.9336
      vertex 4.71059 2.10383 10.9839
    endloop
  endfacet
  facet normal 0.923528 -0.319334 0.212418
    outer loop
      vertex 4.71059 2.0221 10.9212
      vertex 4.73312 2.05473 10.8723
      vertex 4.73312 2.06524 10.8881
    endloop
  endfacet
  facet normal 0.865859 -0.159589 0.474151
    outer loop
      vertex 4.68116 2.11529 11.0415
      vertex 4.71059 2.10383 10.9839
      vertex 4.71059 2.12849 10.9922
    endloop
  endfacet
  facet normal 0.865571 -0.160842 0.474254
    outer loop
      vertex 4.68116 2.08433 11.031
      vertex 4.71059 2.10383 10.9839
      vertex 4.68116 2.11529 11.0415
    endloop
  endfacet
  facet normal 0.991367 -0.0742792 0.108043
    outer loop
      vertex 4.74835 2.1361 10.876
      vertex 4.75604 2.16208 10.8233
      vertex 4.75604 2.16528 10.8255
    endloop
  endfacet
  facet normal 0.9914 -0.0421333 0.123895
    outer loop
      vertex 4.74835 2.1464 10.8811
      vertex 4.75604 2.17238 10.8284
      vertex 4.74835 2.15728 10.8848
    endloop
  endfacet
  facet normal 0.991394 -0.0729302 0.108712
    outer loop
      vertex 4.74835 2.12656 10.8696
      vertex 4.75604 2.16208 10.8233
      vertex 4.74835 2.1361 10.876
    endloop
  endfacet
  facet normal 0.991399 -0.0856202 0.0989769
    outer loop
      vertex 4.74835 2.12656 10.8696
      vertex 4.75604 2.15919 10.8208
      vertex 4.75604 2.16208 10.8233
    endloop
  endfacet
  facet normal 0.706032 -0.393566 0.588749
    outer loop
      vertex 4.60371 1.97404 11.0684
      vertex 4.64533 2.03165 11.057
      vertex 4.60371 2.01084 11.093
    endloop
  endfacet
  facet normal 0.706246 -0.393802 0.588333
    outer loop
      vertex 4.60371 1.97404 11.0684
      vertex 4.64533 1.99938 11.0354
      vertex 4.64533 2.03165 11.057
    endloop
  endfacet
  facet normal 0.381886 -0.513144 0.768665
    outer loop
      vertex 4.45165 1.96694 11.169
      vertex 4.50603 1.93431 11.1202
      vertex 4.50603 1.9782 11.1495
    endloop
  endfacet
  facet normal 0.499336 -0.481051 0.720592
    outer loop
      vertex 4.50603 1.9782 11.1495
      vertex 4.50603 1.93431 11.1202
      vertex 4.55701 1.99292 11.124
    endloop
  endfacet
  facet normal 0 0.442578 -0.89673
    outer loop
      vertex 4.27757 2.35184 10.3851
      vertex 4.33643 2.40452 10.4111
      vertex 4.33643 2.35184 10.3851
    endloop
  endfacet
  facet normal 0 0.442578 -0.89673
    outer loop
      vertex 4.33643 2.40452 10.4111
      vertex 4.27757 2.35184 10.3851
      vertex 4.27757 2.40452 10.4111
    endloop
  endfacet
  facet normal 0.130271 0.438806 -0.889089
    outer loop
      vertex 4.39479 2.3489 10.3922
      vertex 4.33643 2.35184 10.3851
      vertex 4.33643 2.40452 10.4111
    endloop
  endfacet
  facet normal 0.382252 0.828936 -0.408347
    outer loop
      vertex 4.50603 2.52952 10.5982
      vertex 4.45165 2.54903 10.5869
      vertex 4.50603 2.55287 10.6456
    endloop
  endfacet
  facet normal 0.499092 0.777347 -0.382934
    outer loop
      vertex 4.55701 2.50403 10.6129
      vertex 4.50603 2.52952 10.5982
      vertex 4.50603 2.55287 10.6456
    endloop
  endfacet
  facet normal 0.923599 0.3632 -0.122681
    outer loop
      vertex 4.73312 2.31972 10.7626
      vertex 4.73312 2.31364 10.7446
      vertex 4.71059 2.37225 10.7485
    endloop
  endfacet
  facet normal 0.923583 0.375993 -0.0749953
    outer loop
      vertex 4.73312 2.31972 10.7626
      vertex 4.71059 2.37225 10.7485
      vertex 4.73312 2.32341 10.7811
    endloop
  endfacet
  facet normal 0.865627 0.416658 -0.277644
    outer loop
      vertex 4.71059 2.3379 10.6788
      vertex 4.68116 2.39651 10.675
      vertex 4.71059 2.35236 10.7005
    endloop
  endfacet
  facet normal 0.865619 0.44884 -0.221916
    outer loop
      vertex 4.71059 2.35236 10.7005
      vertex 4.68116 2.39651 10.675
      vertex 4.71059 2.36388 10.7238
    endloop
  endfacet
  facet normal 0.923516 0.0751373 -0.376129
    outer loop
      vertex 4.73312 2.19888 10.6566
      vertex 4.71059 2.20598 10.6027
      vertex 4.71059 2.23151 10.6078
    endloop
  endfacet
  facet normal 0.923494 0.074999 -0.376211
    outer loop
      vertex 4.73312 2.19888 10.6566
      vertex 4.71059 2.23151 10.6078
      vertex 4.73312 2.21744 10.6603
    endloop
  endfacet
  facet normal 0.923591 -0.212755 -0.318929
    outer loop
      vertex 4.73312 2.09194 10.6852
      vertex 4.71059 2.08048 10.6276
      vertex 4.73312 2.10768 10.6747
    endloop
  endfacet
  facet normal 0.923494 -0.074999 -0.376211
    outer loop
      vertex 4.73312 2.14256 10.6603
      vertex 4.71059 2.12849 10.6078
      vertex 4.73312 2.16112 10.6566
    endloop
  endfacet
  facet normal 0.991381 0.00912359 -0.130695
    outer loop
      vertex 4.75604 2.18384 10.7708
      vertex 4.74835 2.18 10.7122
      vertex 4.74835 2.19146 10.713
    endloop
  endfacet
  facet normal 0.965858 0.0180414 -0.258442
    outer loop
      vertex 4.74835 2.18 10.7122
      vertex 4.73312 2.19888 10.6566
      vertex 4.74835 2.19146 10.713
    endloop
  endfacet
  facet normal 0.792696 0.195796 -0.577319
    outer loop
      vertex 4.68116 2.24471 10.5585
      vertex 4.64533 2.25679 10.5134
      vertex 4.68116 2.27567 10.569
    endloop
  endfacet
  facet normal 0.792705 0.119267 -0.597824
    outer loop
      vertex 4.68116 2.21263 10.5521
      vertex 4.64533 2.25679 10.5134
      vertex 4.68116 2.24471 10.5585
    endloop
  endfacet
  facet normal 0.923609 -0.02503 -0.382517
    outer loop
      vertex 4.71059 2.15402 10.6027
      vertex 4.71059 2.18 10.601
      vertex 4.73312 2.18 10.6554
    endloop
  endfacet
  facet normal 0.923609 0.02503 -0.382517
    outer loop
      vertex 4.73312 2.18 10.6554
      vertex 4.71059 2.18 10.601
      vertex 4.71059 2.20598 10.6027
    endloop
  endfacet
  facet normal 0.792514 -0.196336 -0.577385
    outer loop
      vertex 4.64533 2.06645 10.5259
      vertex 4.64533 2.10321 10.5134
      vertex 4.68116 2.08433 10.569
    endloop
  endfacet
  facet normal 0.792696 -0.195796 -0.577319
    outer loop
      vertex 4.68116 2.08433 10.569
      vertex 4.64533 2.10321 10.5134
      vertex 4.68116 2.11529 10.5585
    endloop
  endfacet
  facet normal 0.70578 0.0456339 -0.70696
    outer loop
      vertex 4.64533 2.18 10.5033
      vertex 4.60371 2.22416 10.4646
      vertex 4.64533 2.21873 10.5058
    endloop
  endfacet
  facet normal 0.706176 0.046397 -0.706515
    outer loop
      vertex 4.64533 2.18 10.5033
      vertex 4.60371 2.18 10.4617
      vertex 4.60371 2.22416 10.4646
    endloop
  endfacet
  facet normal 0.498155 0.0566901 -0.865233
    outer loop
      vertex 4.55701 2.18 10.4258
      vertex 4.50603 2.23268 10.3999
      vertex 4.55701 2.22884 10.429
    endloop
  endfacet
  facet normal 0.608644 0.0518752 -0.791746
    outer loop
      vertex 4.60371 2.18 10.4617
      vertex 4.55701 2.18 10.4258
      vertex 4.55701 2.22884 10.429
    endloop
  endfacet
  facet normal 0.923574 0.31907 0.212615
    outer loop
      vertex 4.71059 2.3379 10.9212
      vertex 4.73312 2.30527 10.8723
      vertex 4.71059 2.35236 10.8995
    endloop
  endfacet
  facet normal 0.865627 0.416658 0.277644
    outer loop
      vertex 4.71059 2.3379 10.9212
      vertex 4.71059 2.35236 10.8995
      vertex 4.68116 2.39651 10.925
    endloop
  endfacet
  facet normal 0.96582 0.245526 0.0831183
    outer loop
      vertex 4.74835 2.26111 10.8336
      vertex 4.74835 2.2648 10.8227
      vertex 4.73312 2.31364 10.8554
    endloop
  endfacet
  facet normal 0.923583 0.375993 0.0749953
    outer loop
      vertex 4.73312 2.31972 10.8374
      vertex 4.73312 2.32341 10.8189
      vertex 4.71059 2.37225 10.8515
    endloop
  endfacet
  facet normal 0.923599 0.3632 0.122681
    outer loop
      vertex 4.73312 2.31364 10.8554
      vertex 4.73312 2.31972 10.8374
      vertex 4.71059 2.37225 10.8515
    endloop
  endfacet
  facet normal 0.991391 0.0577375 0.117513
    outer loop
      vertex 4.75604 2.19126 10.8272
      vertex 4.75604 2.19472 10.8255
      vertex 4.74835 2.2136 10.8811
    endloop
  endfacet
  facet normal 0.99138 0.0251234 0.128586
    outer loop
      vertex 4.74835 2.19146 10.887
      vertex 4.75604 2.18384 10.8292
      vertex 4.74835 2.20272 10.8848
    endloop
  endfacet
  facet normal 0.991419 0.00679938 0.130548
    outer loop
      vertex 4.75604 2.18 10.8294
      vertex 4.75604 2.18384 10.8292
      vertex 4.74835 2.18 10.8878
    endloop
  endfacet
  facet normal 0.991385 0.058121 0.117382
    outer loop
      vertex 4.74835 2.2136 10.8811
      vertex 4.75604 2.19472 10.8255
      vertex 4.74835 2.2239 10.876
    endloop
  endfacet
  facet normal 0.965766 0.115109 0.232476
    outer loop
      vertex 4.74835 2.2136 10.8811
      vertex 4.74835 2.2239 10.876
      vertex 4.73312 2.23535 10.9336
    endloop
  endfacet
  facet normal 0.923577 0.212773 0.318957
    outer loop
      vertex 4.73312 2.25232 10.9253
      vertex 4.73312 2.26806 10.9148
      vertex 4.71059 2.27951 10.9724
    endloop
  endfacet
  facet normal 0.923541 0.168495 0.344501
    outer loop
      vertex 4.73312 2.23535 10.9336
      vertex 4.73312 2.25232 10.9253
      vertex 4.71059 2.27951 10.9724
    endloop
  endfacet
  facet normal 0.991382 0.0729846 0.108793
    outer loop
      vertex 4.74835 2.2239 10.876
      vertex 4.75604 2.19472 10.8255
      vertex 4.74835 2.23344 10.8696
    endloop
  endfacet
  facet normal 0.991399 0.0856202 0.0989769
    outer loop
      vertex 4.75604 2.19792 10.8233
      vertex 4.75604 2.20081 10.8208
      vertex 4.74835 2.23344 10.8696
    endloop
  endfacet
  facet normal 0.258088 0.803321 -0.536719
    outer loop
      vertex 4.45165 2.54903 10.5869
      vertex 4.39479 2.53015 10.5313
      vertex 4.39479 2.56222 10.5793
    endloop
  endfacet
  facet normal 0.130385 0.824392 -0.550797
    outer loop
      vertex 4.39479 2.53015 10.5313
      vertex 4.33643 2.53624 10.5266
      vertex 4.39479 2.56222 10.5793
    endloop
  endfacet
  facet normal 0.381862 0.694826 -0.609424
    outer loop
      vertex 4.50603 2.50019 10.5543
      vertex 4.45165 2.48131 10.4987
      vertex 4.45165 2.51806 10.5406
    endloop
  endfacet
  facet normal 0.258597 0.726226 -0.636964
    outer loop
      vertex 4.45165 2.51806 10.5406
      vertex 4.45165 2.48131 10.4987
      vertex 4.39479 2.53015 10.5313
    endloop
  endfacet
  facet normal 0.792755 0.608232 0.0399201
    outer loop
      vertex 4.64533 2.47417 10.8387
      vertex 4.68116 2.43001 10.8
      vertex 4.64533 2.47671 10.8
    endloop
  endfacet
  facet normal 0.706355 0.706338 0.0463591
    outer loop
      vertex 4.64533 2.47417 10.8387
      vertex 4.64533 2.47671 10.8
      vertex 4.60371 2.51543 10.8442
    endloop
  endfacet
  facet normal 0.607894 0.792315 -0.0519845
    outer loop
      vertex 4.60371 2.51833 10.8
      vertex 4.60371 2.51543 10.7558
      vertex 4.55701 2.55416 10.8
    endloop
  endfacet
  facet normal 0.607894 0.792315 0.0519845
    outer loop
      vertex 4.60371 2.51543 10.8442
      vertex 4.60371 2.51833 10.8
      vertex 4.55701 2.55416 10.8
    endloop
  endfacet
  facet normal -0.382059 -0.922164 0.0603694
    outer loop
      vertex 4.10797 1.77641 10.8
      vertex 4.16235 1.75388 10.8
      vertex 4.10797 1.77986 10.8527
    endloop
  endfacet
  facet normal -0.258414 -0.947507 0.188289
    outer loop
      vertex 4.16235 1.7684 10.9103
      vertex 4.16235 1.75753 10.8556
      vertex 4.21921 1.74242 10.8576
    endloop
  endfacet
  facet normal -0.382502 -0.828844 0.408302
    outer loop
      vertex 4.10797 1.83048 11.0018
      vertex 4.10797 1.80713 10.9544
      vertex 4.16235 1.78632 10.9631
    endloop
  endfacet
  facet normal -0.498815 -0.77749 0.383004
    outer loop
      vertex 4.10797 1.83048 11.0018
      vertex 4.05699 1.83432 10.9432
      vertex 4.10797 1.80713 10.9544
    endloop
  endfacet
  facet normal -0.792696 0.195796 0.577319
    outer loop
      vertex 3.96867 2.25679 11.0866
      vertex 3.93284 2.27567 11.031
      vertex 3.93284 2.24471 11.0415
    endloop
  endfacet
  facet normal -0.499232 -0.384024 0.776719
    outer loop
      vertex 4.05699 2.03681 11.1457
      vertex 4.05699 1.99292 11.124
      vertex 4.10797 2.02555 11.1729
    endloop
  endfacet
  facet normal -0.607803 -0.254879 0.752072
    outer loop
      vertex 4.01029 2.09243 11.1268
      vertex 4.01029 2.05053 11.1126
      vertex 4.05699 2.08316 11.1614
    endloop
  endfacet
  facet normal -0.3826 -0.180653 0.906081
    outer loop
      vertex 4.16235 2.12438 11.2225
      vertex 4.10797 2.07554 11.1898
      vertex 4.16235 2.06971 11.2116
    endloop
  endfacet
  facet normal -0.382596 -0.295894 0.875252
    outer loop
      vertex 4.10797 2.07554 11.1898
      vertex 4.10797 2.02555 11.1729
      vertex 4.16235 2.06971 11.2116
    endloop
  endfacet
  facet normal -0.70578 -0.0456339 0.70696
    outer loop
      vertex 3.96867 2.18 11.0967
      vertex 3.96867 2.14127 11.0942
      vertex 4.01029 2.13584 11.1354
    endloop
  endfacet
  facet normal -0.705792 -0.138722 0.694704
    outer loop
      vertex 3.96867 2.14127 11.0942
      vertex 3.96867 2.10321 11.0866
      vertex 4.01029 2.13584 11.1354
    endloop
  endfacet
  facet normal -0.865562 0.32358 0.382229
    outer loop
      vertex 3.93284 2.33219 10.9983
      vertex 3.93 2.33109 10.9928
      vertex 3.93 2.3292 10.9944
    endloop
  endfacet
  facet normal -0.865389 0.279365 0.416001
    outer loop
      vertex 3.93 2.30463 11.0109
      vertex 3.93284 2.33219 10.9983
      vertex 3.93 2.3292 10.9944
    endloop
  endfacet
  facet normal -0.863369 0.280669 0.419307
    outer loop
      vertex 3.93284 2.33219 10.9983
      vertex 3.93 2.30463 11.0109
      vertex 3.93284 2.305 11.0165
    endloop
  endfacet
  facet normal 0.258208 0.914836 -0.31049
    outer loop
      vertex 4.45165 2.57368 10.6369
      vertex 4.39479 2.58776 10.6311
      vertex 4.45165 2.5916 10.6897
    endloop
  endfacet
  facet normal 0.381881 0.87518 -0.297031
    outer loop
      vertex 4.50603 2.56984 10.6955
      vertex 4.45165 2.57368 10.6369
      vertex 4.45165 2.5916 10.6897
    endloop
  endfacet
  facet normal 0.130451 0.938933 -0.318413
    outer loop
      vertex 4.39479 2.60631 10.6858
      vertex 4.39479 2.58776 10.6311
      vertex 4.33643 2.61374 10.6838
    endloop
  endfacet
  facet normal 0.130428 0.972431 -0.193304
    outer loop
      vertex 4.39479 2.60631 10.6858
      vertex 4.33643 2.61374 10.6838
      vertex 4.33643 2.62519 10.7414
    endloop
  endfacet
  facet normal -0.382983 -0.0612383 0.921723
    outer loop
      vertex 4.10797 2.18 11.2036
      vertex 4.10797 2.12732 11.2001
      vertex 4.16235 2.12438 11.2225
    endloop
  endfacet
  facet normal -0.498178 -0.0574808 0.865168
    outer loop
      vertex 4.10797 2.18 11.2036
      vertex 4.05699 2.13116 11.171
      vertex 4.10797 2.12732 11.2001
    endloop
  endfacet
  facet normal -0.865862 0.499209 0.0327701
    outer loop
      vertex 3.93 2.42492 10.8025
      vertex 3.93284 2.42787 10.8326
      vertex 3.93284 2.43001 10.8
    endloop
  endfacet
  facet normal -0.865573 0.499715 0.0326932
    outer loop
      vertex 3.93284 2.42787 10.8326
      vertex 3.93 2.42492 10.8025
      vertex 3.93 2.42299 10.832
    endloop
  endfacet
  facet normal -0.792726 0.577171 -0.196112
    outer loop
      vertex 3.96867 2.46659 10.7232
      vertex 3.96867 2.45412 10.6865
      vertex 3.93284 2.42149 10.7353
    endloop
  endfacet
  facet normal -0.381881 0.87518 -0.297031
    outer loop
      vertex 4.16235 2.5916 10.6897
      vertex 4.16235 2.57368 10.6369
      vertex 4.10797 2.56984 10.6955
    endloop
  endfacet
  facet normal -0.258208 0.914836 -0.31049
    outer loop
      vertex 4.16235 2.5916 10.6897
      vertex 4.21921 2.58776 10.6311
      vertex 4.16235 2.57368 10.6369
    endloop
  endfacet
  facet normal -0.607828 0.712173 -0.35122
    outer loop
      vertex 4.05699 2.52568 10.6568
      vertex 4.05699 2.50403 10.6129
      vertex 4.01029 2.473 10.6308
    endloop
  endfacet
  facet normal -0.607862 0.660214 -0.441159
    outer loop
      vertex 4.01029 2.473 10.6308
      vertex 4.05699 2.47684 10.5722
      vertex 4.01029 2.44841 10.594
    endloop
  endfacet
  facet normal -0.499038 0.651578 -0.57132
    outer loop
      vertex 4.10797 2.50019 10.5543
      vertex 4.10797 2.46538 10.5146
      vertex 4.05699 2.47684 10.5722
    endloop
  endfacet
  facet normal -0.499066 0.651541 -0.571338
    outer loop
      vertex 4.05699 2.47684 10.5722
      vertex 4.10797 2.46538 10.5146
      vertex 4.05699 2.44457 10.5354
    endloop
  endfacet
  facet normal -0.792616 0.401333 -0.459013
    outer loop
      vertex 3.93284 2.35678 10.6232
      vertex 3.96867 2.3898 10.5902
      vertex 3.93284 2.33219 10.6017
    endloop
  endfacet
  facet normal -0.79265 0.458517 -0.401831
    outer loop
      vertex 3.96867 2.41539 10.6194
      vertex 3.96867 2.3898 10.5902
      vertex 3.93284 2.35678 10.6232
    endloop
  endfacet
  facet normal -0.792757 0.608229 -0.0399199
    outer loop
      vertex 3.96867 2.47671 10.8
      vertex 3.96867 2.47417 10.7613
      vertex 3.93284 2.42787 10.7674
    endloop
  endfacet
  facet normal -0.607749 0.778879 -0.154879
    outer loop
      vertex 4.01029 2.51543 10.7558
      vertex 4.05699 2.54141 10.7032
      vertex 4.01029 2.5068 10.7124
    endloop
  endfacet
  facet normal -0.866084 0.415682 -0.277682
    outer loop
      vertex 3.93284 2.37834 10.6478
      vertex 3.93 2.39086 10.6754
      vertex 3.93284 2.39651 10.675
    endloop
  endfacet
  facet normal -0.865596 0.416487 -0.277997
    outer loop
      vertex 3.93 2.39086 10.6754
      vertex 3.93284 2.37834 10.6478
      vertex 3.93 2.37444 10.6508
    endloop
  endfacet
  facet normal -0.792654 0.506962 -0.338658
    outer loop
      vertex 3.93284 2.39651 10.675
      vertex 3.96867 2.41539 10.6194
      vertex 3.93284 2.37834 10.6478
    endloop
  endfacet
  facet normal -0.499624 -0.570512 -0.651837
    outer loop
      vertex 4.05699 1.95222 10.5032
      vertex 4.10797 1.93431 10.4798
      vertex 4.05699 1.91543 10.5354
    endloop
  endfacet
  facet normal -0.607768 -0.523008 -0.597561
    outer loop
      vertex 4.01029 1.97404 10.5316
      vertex 4.05699 1.95222 10.5032
      vertex 4.05699 1.91543 10.5354
    endloop
  endfacet
  facet normal -0.498815 -0.77749 -0.383004
    outer loop
      vertex 4.05699 1.83432 10.6568
      vertex 4.10797 1.83048 10.5982
      vertex 4.10797 1.80713 10.6456
    endloop
  endfacet
  facet normal -0.607808 -0.660248 -0.441182
    outer loop
      vertex 4.01029 1.887 10.6308
      vertex 4.01029 1.91159 10.594
      vertex 4.05699 1.85597 10.6129
    endloop
  endfacet
  facet normal -0.498914 -0.820502 -0.279036
    outer loop
      vertex 4.05699 1.83432 10.6568
      vertex 4.10797 1.80713 10.6456
      vertex 4.10797 1.79016 10.6955
    endloop
  endfacet
  facet normal -0.499538 -0.820429 -0.278133
    outer loop
      vertex 4.05699 1.81859 10.7032
      vertex 4.05699 1.83432 10.6568
      vertex 4.10797 1.79016 10.6955
    endloop
  endfacet
  facet normal -0.706347 -0.706347 -0.0463597
    outer loop
      vertex 3.96867 1.88329 10.8
      vertex 3.96867 1.88583 10.7613
      vertex 4.01029 1.84167 10.8
    endloop
  endfacet
  facet normal -0.706347 -0.706347 0.0463597
    outer loop
      vertex 3.96867 1.88329 10.8
      vertex 4.01029 1.84167 10.8
      vertex 3.96867 1.88583 10.8387
    endloop
  endfacet
  facet normal -0.867169 -0.445894 -0.221804
    outer loop
      vertex 3.9085 2 10.6961
      vertex 3.90341 1.99612 10.7238
      vertex 3.90341 2 10.716
    endloop
  endfacet
  facet normal -0.865624 -0.448824 -0.22193
    outer loop
      vertex 3.90341 1.99612 10.7238
      vertex 3.9085 2 10.6961
      vertex 3.93284 1.96349 10.675
    endloop
  endfacet
  facet normal -0.706626 -0.669913 -0.227807
    outer loop
      vertex 3.96867 1.90588 10.6865
      vertex 4.01029 1.86742 10.6705
      vertex 3.96867 1.8934 10.7232
    endloop
  endfacet
  facet normal -0.923635 -0.382461 0.0249488
    outer loop
      vertex 3.90341 1.98097 10.8
      vertex 3.896 2 10.8174
      vertex 3.89553 2 10.8
    endloop
  endfacet
  facet normal -0.923613 -0.382509 0.0250102
    outer loop
      vertex 3.896 2 10.8174
      vertex 3.90341 1.98097 10.8
      vertex 3.90341 1.98267 10.826
    endloop
  endfacet
  facet normal -0.923619 -0.375919 0.0749262
    outer loop
      vertex 3.90341 1.98267 10.826
      vertex 3.89776 2 10.8433
      vertex 3.89617 2 10.8237
    endloop
  endfacet
  facet normal -0.923638 -0.37588 0.0748812
    outer loop
      vertex 3.89776 2 10.8433
      vertex 3.90341 1.98267 10.826
      vertex 3.90341 1.98775 10.8515
    endloop
  endfacet
  facet normal -0.865562 -0.449029 -0.221756
    outer loop
      vertex 3.90341 1.99612 10.7238
      vertex 3.93284 1.96349 10.675
      vertex 3.93284 1.94902 10.7043
    endloop
  endfacet
  facet normal -0.865568 -0.4743 -0.160724
    outer loop
      vertex 3.90341 1.99612 10.7238
      vertex 3.93284 1.94902 10.7043
      vertex 3.90341 1.98775 10.7485
    endloop
  endfacet
  facet normal -0.923722 -0.375568 0.0754059
    outer loop
      vertex 3.89816 2 10.8482
      vertex 3.89776 2 10.8433
      vertex 3.90341 1.98775 10.8515
    endloop
  endfacet
  facet normal -0.863326 -0.280853 -0.419273
    outer loop
      vertex 3.93 2.05746 10.5877
      vertex 3.93284 2.055 10.5835
      vertex 3.93 2.05537 10.5891
    endloop
  endfacet
  facet normal -0.865842 -0.377756 -0.328051
    outer loop
      vertex 3.93 2.00669 10.6267
      vertex 3.93284 2.00322 10.6232
      vertex 3.93 2.00504 10.6286
    endloop
  endfacet
  facet normal -0.792779 0.0391457 -0.60825
    outer loop
      vertex 3.93284 2.21263 10.5521
      vertex 3.96867 2.18 10.5033
      vertex 3.93284 2.18 10.55
    endloop
  endfacet
  facet normal -0.705792 0.138722 -0.694704
    outer loop
      vertex 3.96867 2.25679 10.5134
      vertex 4.01029 2.22416 10.4646
      vertex 3.96867 2.21873 10.5058
    endloop
  endfacet
  facet normal -0.792896 -0.506337 0.339026
    outer loop
      vertex 3.96867 1.94461 10.9806
      vertex 3.93284 1.96349 10.925
      vertex 3.96867 1.92305 10.9484
    endloop
  endfacet
  facet normal -0.706321 -0.588213 0.393847
    outer loop
      vertex 3.96867 1.94461 10.9806
      vertex 3.96867 1.92305 10.9484
      vertex 4.01029 1.887 10.9692
    endloop
  endfacet
  facet normal -0.792798 -0.577213 0.195694
    outer loop
      vertex 3.93284 1.94902 10.8957
      vertex 3.93284 1.93851 10.8647
      vertex 3.96867 1.8934 10.8768
    endloop
  endfacet
  facet normal -0.86552 -0.491222 0.0978592
    outer loop
      vertex 3.90341 1.98775 10.8515
      vertex 3.90341 1.98267 10.826
      vertex 3.93284 1.93213 10.8326
    endloop
  endfacet
  facet normal -0.865568 -0.4743 0.160724
    outer loop
      vertex 3.90341 1.99612 10.8762
      vertex 3.90341 1.98775 10.8515
      vertex 3.93284 1.94902 10.8957
    endloop
  endfacet
  facet normal 0.382365 -0.874807 0.297505
    outer loop
      vertex 4.45165 1.78632 10.9631
      vertex 4.50603 1.79016 10.9045
      vertex 4.50603 1.80713 10.9544
    endloop
  endfacet
  facet normal 0.498914 -0.820502 0.279036
    outer loop
      vertex 4.50603 1.80713 10.9544
      vertex 4.50603 1.79016 10.9045
      vertex 4.55701 1.83432 10.9432
    endloop
  endfacet
  facet normal 0.706412 -0.670253 0.22747
    outer loop
      vertex 4.60371 1.8532 10.8876
      vertex 4.64533 1.8934 10.8768
      vertex 4.60371 1.86742 10.9295
    endloop
  endfacet
  facet normal 0.607653 -0.752072 0.255238
    outer loop
      vertex 4.55701 1.81859 10.8968
      vertex 4.60371 1.8532 10.8876
      vertex 4.60371 1.86742 10.9295
    endloop
  endfacet
  facet normal 0.49908 -0.720538 0.481398
    outer loop
      vertex 4.50603 1.83048 11.0018
      vertex 4.55701 1.85597 10.9871
      vertex 4.50603 1.85981 11.0457
    endloop
  endfacet
  facet normal 0.499103 -0.777172 0.383275
    outer loop
      vertex 4.50603 1.83048 11.0018
      vertex 4.55701 1.83432 10.9432
      vertex 4.55701 1.85597 10.9871
    endloop
  endfacet
  facet normal 0.923592 -0.318966 0.212693
    outer loop
      vertex 4.71059 2.00763 10.8995
      vertex 4.73312 2.05473 10.8723
      vertex 4.71059 2.0221 10.9212
    endloop
  endfacet
  facet normal 0.865471 -0.416793 0.277926
    outer loop
      vertex 4.68116 1.98166 10.9522
      vertex 4.71059 2.00763 10.8995
      vertex 4.71059 2.0221 10.9212
    endloop
  endfacet
  facet normal 0.792745 -0.119362 0.597753
    outer loop
      vertex 4.64533 2.10321 11.0866
      vertex 4.68116 2.14737 11.0479
      vertex 4.64533 2.14127 11.0942
    endloop
  endfacet
  facet normal 0.792705 -0.119267 0.597824
    outer loop
      vertex 4.64533 2.10321 11.0866
      vertex 4.68116 2.11529 11.0415
      vertex 4.68116 2.14737 11.0479
    endloop
  endfacet
  facet normal 0.706354 -0.70634 -0.0463436
    outer loop
      vertex 4.60371 1.84167 10.8
      vertex 4.60371 1.84457 10.7558
      vertex 4.64533 1.88583 10.7613
    endloop
  endfacet
  facet normal 0.607752 -0.778861 -0.154961
    outer loop
      vertex 4.55701 1.80904 10.7512
      vertex 4.55701 1.81859 10.7032
      vertex 4.60371 1.8532 10.7124
    endloop
  endfacet
  facet normal 0.991379 -0.0410237 0.124438
    outer loop
      vertex 4.74835 2.1464 10.8811
      vertex 4.75604 2.16874 10.8272
      vertex 4.75604 2.17238 10.8284
    endloop
  endfacet
  facet normal 0.965805 -0.245578 0.0831359
    outer loop
      vertex 4.73312 2.04028 10.8374
      vertex 4.74835 2.0952 10.8227
      vertex 4.74835 2.09889 10.8336
    endloop
  endfacet
  facet normal 0.991397 -0.124105 0.041592
    outer loop
      vertex 4.74835 2.0952 10.8227
      vertex 4.75604 2.15157 10.8076
      vertex 4.75604 2.15281 10.8113
    endloop
  endfacet
  facet normal 0.991391 -0.128454 0.0253528
    outer loop
      vertex 4.74835 2.0952 10.8227
      vertex 4.75604 2.15082 10.8038
      vertex 4.75604 2.15157 10.8076
    endloop
  endfacet
  facet normal 0.965779 -0.215316 0.144601
    outer loop
      vertex 4.73312 2.05473 10.8723
      vertex 4.74835 2.10397 10.8439
      vertex 4.74835 2.11035 10.8534
    endloop
  endfacet
  facet normal 0.965793 -0.232565 0.114702
    outer loop
      vertex 4.73312 2.05473 10.8723
      vertex 4.74835 2.09889 10.8336
      vertex 4.74835 2.10397 10.8439
    endloop
  endfacet
  facet normal 0.965804 -0.258725 0.0168734
    outer loop
      vertex 4.73312 2.03659 10.8189
      vertex 4.74835 2.09221 10.8
      vertex 4.74835 2.09296 10.8115
    endloop
  endfacet
  facet normal 0.991395 -0.13063 0.00851932
    outer loop
      vertex 4.74835 2.09296 10.8115
      vertex 4.74835 2.09221 10.8
      vertex 4.75604 2.15082 10.8038
    endloop
  endfacet
  facet normal 0.923475 -0.213562 -0.318723
    outer loop
      vertex 4.71059 2.05884 10.6421
      vertex 4.71059 2.08048 10.6276
      vertex 4.73312 2.09194 10.6852
    endloop
  endfacet
  facet normal 0.965913 -0.169694 -0.195488
    outer loop
      vertex 4.74835 2.11792 10.7379
      vertex 4.73312 2.09194 10.6852
      vertex 4.74835 2.12656 10.7304
    endloop
  endfacet
  facet normal 0.965775 -0.0835116 -0.245569
    outer loop
      vertex 4.74835 2.1464 10.7189
      vertex 4.73312 2.12465 10.6664
      vertex 4.74835 2.15728 10.7152
    endloop
  endfacet
  facet normal 0.991396 -0.085808 -0.0988508
    outer loop
      vertex 4.74835 2.11792 10.7379
      vertex 4.74835 2.12656 10.7304
      vertex 4.75604 2.15919 10.7792
    endloop
  endfacet
  facet normal 0.9914 -0.0984447 -0.086224
    outer loop
      vertex 4.75604 2.15665 10.7821
      vertex 4.74835 2.11792 10.7379
      vertex 4.75604 2.15919 10.7792
    endloop
  endfacet
  facet normal 0.923528 -0.319334 -0.212418
    outer loop
      vertex 4.73312 2.05473 10.7277
      vertex 4.71059 2.0221 10.6788
      vertex 4.73312 2.06524 10.7119
    endloop
  endfacet
  facet normal 0.99139 -0.117436 -0.0579201
    outer loop
      vertex 4.74835 2.09889 10.7664
      vertex 4.74835 2.10397 10.7561
      vertex 4.75604 2.15281 10.7887
    endloop
  endfacet
  facet normal 0.96581 -0.258693 -0.0169725
    outer loop
      vertex 4.73312 2.03535 10.8
      vertex 4.73312 2.03659 10.7811
      vertex 4.74835 2.09221 10.8
    endloop
  endfacet
  facet normal 0.865575 -0.491171 -0.0976222
    outer loop
      vertex 4.68116 1.93213 10.7674
      vertex 4.68116 1.93851 10.7353
      vertex 4.71059 1.98775 10.7485
    endloop
  endfacet
  facet normal 0.991393 -0.130634 -0.00859436
    outer loop
      vertex 4.74835 2.09221 10.8
      vertex 4.75604 2.15082 10.7962
      vertex 4.75604 2.15057 10.8
    endloop
  endfacet
  facet normal 0.965805 -0.245578 -0.0831359
    outer loop
      vertex 4.74835 2.0952 10.7773
      vertex 4.73312 2.04028 10.7626
      vertex 4.74835 2.09889 10.7664
    endloop
  endfacet
  facet normal 0.92356 -0.382637 0.0250186
    outer loop
      vertex 4.71059 1.98267 10.826
      vertex 4.71059 1.98097 10.8
      vertex 4.73312 2.03535 10.8
    endloop
  endfacet
  facet normal 0.9658 -0.254281 -0.0507187
    outer loop
      vertex 4.73312 2.03659 10.7811
      vertex 4.73312 2.04028 10.7626
      vertex 4.74835 2.09296 10.7885
    endloop
  endfacet
  facet normal 0.9914 0.128392 -0.0253405
    outer loop
      vertex 4.75604 2.20843 10.7924
      vertex 4.74835 2.26704 10.7885
      vertex 4.75604 2.20918 10.7962
    endloop
  endfacet
  facet normal 0.965778 0.170024 -0.195867
    outer loop
      vertex 4.74835 2.23344 10.7304
      vertex 4.73312 2.28228 10.6977
      vertex 4.74835 2.24208 10.7379
    endloop
  endfacet
  facet normal 0.9914 0.0984447 -0.086224
    outer loop
      vertex 4.75604 2.20081 10.7792
      vertex 4.74835 2.24208 10.7379
      vertex 4.75604 2.20335 10.7821
    endloop
  endfacet
  facet normal 0.965779 0.215316 -0.144601
    outer loop
      vertex 4.74835 2.24965 10.7466
      vertex 4.73312 2.30527 10.7277
      vertex 4.74835 2.25603 10.7561
    endloop
  endfacet
  facet normal 0.991393 0.098768 -0.0859395
    outer loop
      vertex 4.75604 2.20335 10.7821
      vertex 4.74835 2.24208 10.7379
      vertex 4.74835 2.24965 10.7466
    endloop
  endfacet
  facet normal 0.9914 0.0421333 -0.123895
    outer loop
      vertex 4.75604 2.18762 10.7716
      vertex 4.74835 2.20272 10.7152
      vertex 4.74835 2.2136 10.7189
    endloop
  endfacet
  facet normal 0.991406 0.0741154 -0.107804
    outer loop
      vertex 4.75604 2.19472 10.7745
      vertex 4.74835 2.23344 10.7304
      vertex 4.75604 2.19792 10.7767
    endloop
  endfacet
  facet normal 0.965907 0.144229 -0.214991
    outer loop
      vertex 4.74835 2.2239 10.724
      vertex 4.73312 2.26806 10.6852
      vertex 4.74835 2.23344 10.7304
    endloop
  endfacet
  facet normal 0.965775 0.0835116 -0.245569
    outer loop
      vertex 4.74835 2.20272 10.7152
      vertex 4.73312 2.23535 10.6664
      vertex 4.74835 2.2136 10.7189
    endloop
  endfacet
  facet normal 0.965766 0.115109 -0.232476
    outer loop
      vertex 4.74835 2.2136 10.7189
      vertex 4.73312 2.23535 10.6664
      vertex 4.74835 2.2239 10.724
    endloop
  endfacet
  facet normal 0.991393 0.098768 0.0859395
    outer loop
      vertex 4.74835 2.24208 10.8621
      vertex 4.75604 2.20335 10.8179
      vertex 4.74835 2.24965 10.8534
    endloop
  endfacet
  facet normal 0.991392 0.108692 0.0729956
    outer loop
      vertex 4.74835 2.24965 10.8534
      vertex 4.75604 2.20335 10.8179
      vertex 4.74835 2.25603 10.8439
    endloop
  endfacet
  facet normal 0.865476 0.376738 0.330182
    outer loop
      vertex 4.68116 2.35678 10.9768
      vertex 4.71059 2.3379 10.9212
      vertex 4.68116 2.37834 10.9522
    endloop
  endfacet
  facet normal 0.865483 0.416546 0.278259
    outer loop
      vertex 4.68116 2.37834 10.9522
      vertex 4.71059 2.3379 10.9212
      vertex 4.68116 2.39651 10.925
    endloop
  endfacet
  facet normal 0.991381 0.00912359 0.130695
    outer loop
      vertex 4.74835 2.18 10.8878
      vertex 4.75604 2.18384 10.8292
      vertex 4.74835 2.19146 10.887
    endloop
  endfacet
  facet normal 0.923494 0.074999 0.376211
    outer loop
      vertex 4.73312 2.19888 10.9434
      vertex 4.73312 2.21744 10.9397
      vertex 4.71059 2.23151 10.9922
    endloop
  endfacet
  facet normal 0.965854 -0.0496815 0.254279
    outer loop
      vertex 4.73312 2.16112 10.9434
      vertex 4.74835 2.15728 10.8848
      vertex 4.74835 2.16854 10.887
    endloop
  endfacet
  facet normal 0.965858 -0.0180414 0.258442
    outer loop
      vertex 4.73312 2.16112 10.9434
      vertex 4.74835 2.16854 10.887
      vertex 4.74835 2.18 10.8878
    endloop
  endfacet
  facet normal 0.965766 -0.115109 0.232476
    outer loop
      vertex 4.73312 2.12465 10.9336
      vertex 4.74835 2.1361 10.876
      vertex 4.74835 2.1464 10.8811
    endloop
  endfacet
  facet normal 0.865728 -0.375743 0.330654
    outer loop
      vertex 4.68116 2.00322 10.9768
      vertex 4.71059 2.0221 10.9212
      vertex 4.71059 2.03926 10.9407
    endloop
  endfacet
  facet normal 0.991391 -0.0577375 0.117513
    outer loop
      vertex 4.74835 2.1464 10.8811
      vertex 4.75604 2.16528 10.8255
      vertex 4.75604 2.16874 10.8272
    endloop
  endfacet
  facet normal 0.865365 -0.278959 0.416323
    outer loop
      vertex 4.68116 2.055 11.0165
      vertex 4.71059 2.05884 10.9579
      vertex 4.71059 2.08048 10.9724
    endloop
  endfacet
  facet normal 0.865389 -0.222075 0.449205
    outer loop
      vertex 4.68116 2.055 11.0165
      vertex 4.71059 2.08048 10.9724
      vertex 4.68116 2.08433 11.031
    endloop
  endfacet
  facet normal 0.792859 0.546812 -0.269019
    outer loop
      vertex 4.68116 2.39651 10.675
      vertex 4.64533 2.43695 10.6516
      vertex 4.64533 2.45412 10.6865
    endloop
  endfacet
  facet normal 0.792517 0.546804 -0.270043
    outer loop
      vertex 4.68116 2.41098 10.7043
      vertex 4.68116 2.39651 10.675
      vertex 4.64533 2.45412 10.6865
    endloop
  endfacet
  facet normal 0.991394 -0.0729302 -0.108712
    outer loop
      vertex 4.74835 2.12656 10.7304
      vertex 4.74835 2.1361 10.724
      vertex 4.75604 2.16208 10.7767
    endloop
  endfacet
  facet normal 0.965907 -0.144229 -0.214991
    outer loop
      vertex 4.74835 2.12656 10.7304
      vertex 4.73312 2.09194 10.6852
      vertex 4.74835 2.1361 10.724
    endloop
  endfacet
  facet normal 0.991419 -0.00679938 -0.130548
    outer loop
      vertex 4.75604 2.17616 10.7708
      vertex 4.74835 2.18 10.7122
      vertex 4.75604 2.18 10.7706
    endloop
  endfacet
  facet normal 1 0 0
    outer loop
      vertex 4.75604 2.20918 10.8038
      vertex 4.75604 2.20918 10.7962
      vertex 4.75604 2.20943 10.8
    endloop
  endfacet
  facet normal 1 0 0
    outer loop
      vertex 4.75604 2.20843 10.8076
      vertex 4.75604 2.20918 10.7962
      vertex 4.75604 2.20918 10.8038
    endloop
  endfacet
  facet normal 1 0 0
    outer loop
      vertex 4.75604 2.20843 10.8076
      vertex 4.75604 2.20843 10.7924
      vertex 4.75604 2.20918 10.7962
    endloop
  endfacet
  facet normal 1 0 0
    outer loop
      vertex 4.75604 2.20719 10.8113
      vertex 4.75604 2.20843 10.7924
      vertex 4.75604 2.20843 10.8076
    endloop
  endfacet
  facet normal 1 0 0
    outer loop
      vertex 4.75604 2.20719 10.8113
      vertex 4.75604 2.20719 10.7887
      vertex 4.75604 2.20843 10.7924
    endloop
  endfacet
  facet normal 1 0 0
    outer loop
      vertex 4.75604 2.20549 10.8147
      vertex 4.75604 2.20719 10.7887
      vertex 4.75604 2.20719 10.8113
    endloop
  endfacet
  facet normal 1 0 0
    outer loop
      vertex 4.75604 2.20549 10.8147
      vertex 4.75604 2.20549 10.7853
      vertex 4.75604 2.20719 10.7887
    endloop
  endfacet
  facet normal 1 0 0
    outer loop
      vertex 4.75604 2.20335 10.8179
      vertex 4.75604 2.20549 10.7853
      vertex 4.75604 2.20549 10.8147
    endloop
  endfacet
  facet normal 1 0 0
    outer loop
      vertex 4.75604 2.20335 10.8179
      vertex 4.75604 2.20335 10.7821
      vertex 4.75604 2.20549 10.7853
    endloop
  endfacet
  facet normal 1 0 0
    outer loop
      vertex 4.75604 2.20081 10.8208
      vertex 4.75604 2.20335 10.7821
      vertex 4.75604 2.20335 10.8179
    endloop
  endfacet
  facet normal 1 0 0
    outer loop
      vertex 4.75604 2.20081 10.8208
      vertex 4.75604 2.20081 10.7792
      vertex 4.75604 2.20335 10.7821
    endloop
  endfacet
  facet normal 1 0 0
    outer loop
      vertex 4.75604 2.19792 10.8233
      vertex 4.75604 2.20081 10.7792
      vertex 4.75604 2.20081 10.8208
    endloop
  endfacet
  facet normal 1 0 0
    outer loop
      vertex 4.75604 2.19792 10.8233
      vertex 4.75604 2.19792 10.7767
      vertex 4.75604 2.20081 10.7792
    endloop
  endfacet
  facet normal 1 0 0
    outer loop
      vertex 4.75604 2.19472 10.8255
      vertex 4.75604 2.19792 10.7767
      vertex 4.75604 2.19792 10.8233
    endloop
  endfacet
  facet normal 1 0 0
    outer loop
      vertex 4.75604 2.19472 10.8255
      vertex 4.75604 2.19472 10.7745
      vertex 4.75604 2.19792 10.7767
    endloop
  endfacet
  facet normal 1 0 0
    outer loop
      vertex 4.75604 2.19126 10.8272
      vertex 4.75604 2.19472 10.7745
      vertex 4.75604 2.19472 10.8255
    endloop
  endfacet
  facet normal 1 0 0
    outer loop
      vertex 4.75604 2.19126 10.8272
      vertex 4.75604 2.19126 10.7728
      vertex 4.75604 2.19472 10.7745
    endloop
  endfacet
  facet normal 1 0 0
    outer loop
      vertex 4.75604 2.18762 10.8284
      vertex 4.75604 2.19126 10.7728
      vertex 4.75604 2.19126 10.8272
    endloop
  endfacet
  facet normal 1 0 0
    outer loop
      vertex 4.75604 2.18762 10.8284
      vertex 4.75604 2.18762 10.7716
      vertex 4.75604 2.19126 10.7728
    endloop
  endfacet
  facet normal 1 0 0
    outer loop
      vertex 4.75604 2.18384 10.8292
      vertex 4.75604 2.18762 10.7716
      vertex 4.75604 2.18762 10.8284
    endloop
  endfacet
  facet normal 1 0 0
    outer loop
      vertex 4.75604 2.18384 10.8292
      vertex 4.75604 2.18384 10.7708
      vertex 4.75604 2.18762 10.7716
    endloop
  endfacet
  facet normal 1 0 0
    outer loop
      vertex 4.75604 2.18 10.8294
      vertex 4.75604 2.18384 10.7708
      vertex 4.75604 2.18384 10.8292
    endloop
  endfacet
  facet normal 1 0 0
    outer loop
      vertex 4.75604 2.18 10.8294
      vertex 4.75604 2.18 10.7706
      vertex 4.75604 2.18384 10.7708
    endloop
  endfacet
  facet normal 1 -0 0
    outer loop
      vertex 4.75604 2.17616 10.8292
      vertex 4.75604 2.18 10.7706
      vertex 4.75604 2.18 10.8294
    endloop
  endfacet
  facet normal 1 0 0
    outer loop
      vertex 4.75604 2.17616 10.8292
      vertex 4.75604 2.17616 10.7708
      vertex 4.75604 2.18 10.7706
    endloop
  endfacet
  facet normal 1 -0 0
    outer loop
      vertex 4.75604 2.17238 10.8284
      vertex 4.75604 2.17616 10.7708
      vertex 4.75604 2.17616 10.8292
    endloop
  endfacet
  facet normal 1 0 0
    outer loop
      vertex 4.75604 2.17238 10.8284
      vertex 4.75604 2.17238 10.7716
      vertex 4.75604 2.17616 10.7708
    endloop
  endfacet
  facet normal 1 -0 0
    outer loop
      vertex 4.75604 2.16874 10.8272
      vertex 4.75604 2.17238 10.7716
      vertex 4.75604 2.17238 10.8284
    endloop
  endfacet
  facet normal 1 0 0
    outer loop
      vertex 4.75604 2.16874 10.8272
      vertex 4.75604 2.16874 10.7728
      vertex 4.75604 2.17238 10.7716
    endloop
  endfacet
  facet normal 1 -0 0
    outer loop
      vertex 4.75604 2.16528 10.8255
      vertex 4.75604 2.16874 10.7728
      vertex 4.75604 2.16874 10.8272
    endloop
  endfacet
  facet normal 1 0 0
    outer loop
      vertex 4.75604 2.16528 10.8255
      vertex 4.75604 2.16528 10.7745
      vertex 4.75604 2.16874 10.7728
    endloop
  endfacet
  facet normal 1 -0 0
    outer loop
      vertex 4.75604 2.16208 10.8233
      vertex 4.75604 2.16528 10.7745
      vertex 4.75604 2.16528 10.8255
    endloop
  endfacet
  facet normal 1 0 0
    outer loop
      vertex 4.75604 2.16208 10.8233
      vertex 4.75604 2.16208 10.7767
      vertex 4.75604 2.16528 10.7745
    endloop
  endfacet
  facet normal 1 -0 0
    outer loop
      vertex 4.75604 2.15919 10.8208
      vertex 4.75604 2.16208 10.7767
      vertex 4.75604 2.16208 10.8233
    endloop
  endfacet
  facet normal 1 0 0
    outer loop
      vertex 4.75604 2.15919 10.8208
      vertex 4.75604 2.15919 10.7792
      vertex 4.75604 2.16208 10.7767
    endloop
  endfacet
  facet normal 1 -0 0
    outer loop
      vertex 4.75604 2.15665 10.8179
      vertex 4.75604 2.15919 10.7792
      vertex 4.75604 2.15919 10.8208
    endloop
  endfacet
  facet normal 1 0 0
    outer loop
      vertex 4.75604 2.15665 10.8179
      vertex 4.75604 2.15665 10.7821
      vertex 4.75604 2.15919 10.7792
    endloop
  endfacet
  facet normal 1 -0 0
    outer loop
      vertex 4.75604 2.15451 10.8147
      vertex 4.75604 2.15665 10.7821
      vertex 4.75604 2.15665 10.8179
    endloop
  endfacet
  facet normal 1 0 0
    outer loop
      vertex 4.75604 2.15451 10.8147
      vertex 4.75604 2.15451 10.7853
      vertex 4.75604 2.15665 10.7821
    endloop
  endfacet
  facet normal 1 -0 0
    outer loop
      vertex 4.75604 2.15281 10.8113
      vertex 4.75604 2.15451 10.7853
      vertex 4.75604 2.15451 10.8147
    endloop
  endfacet
  facet normal 1 0 0
    outer loop
      vertex 4.75604 2.15281 10.8113
      vertex 4.75604 2.15281 10.7887
      vertex 4.75604 2.15451 10.7853
    endloop
  endfacet
  facet normal 1 -0 0
    outer loop
      vertex 4.75604 2.15157 10.8076
      vertex 4.75604 2.15281 10.7887
      vertex 4.75604 2.15281 10.8113
    endloop
  endfacet
  facet normal 1 0 0
    outer loop
      vertex 4.75604 2.15157 10.8076
      vertex 4.75604 2.15157 10.7924
      vertex 4.75604 2.15281 10.7887
    endloop
  endfacet
  facet normal 1 -0 0
    outer loop
      vertex 4.75604 2.15082 10.8038
      vertex 4.75604 2.15157 10.7924
      vertex 4.75604 2.15157 10.8076
    endloop
  endfacet
  facet normal 1 0 0
    outer loop
      vertex 4.75604 2.15082 10.8038
      vertex 4.75604 2.15082 10.7962
      vertex 4.75604 2.15157 10.7924
    endloop
  endfacet
  facet normal 1 0 -0
    outer loop
      vertex 4.75604 2.15082 10.7962
      vertex 4.75604 2.15082 10.8038
      vertex 4.75604 2.15057 10.8
    endloop
  endfacet
  facet normal 0.965788 -0.0507012 -0.254328
    outer loop
      vertex 4.73312 2.14256 10.6603
      vertex 4.73312 2.16112 10.6566
      vertex 4.74835 2.15728 10.7152
    endloop
  endfacet
  facet normal 0.965783 -0.0836159 -0.245502
    outer loop
      vertex 4.73312 2.12465 10.6664
      vertex 4.73312 2.14256 10.6603
      vertex 4.74835 2.15728 10.7152
    endloop
  endfacet
  facet normal 0.865859 -0.159589 -0.474151
    outer loop
      vertex 4.71059 2.10383 10.6161
      vertex 4.68116 2.11529 10.5585
      vertex 4.71059 2.12849 10.6078
    endloop
  endfacet
  facet normal 0.923684 -0.122224 -0.363139
    outer loop
      vertex 4.71059 2.10383 10.6161
      vertex 4.71059 2.12849 10.6078
      vertex 4.73312 2.12465 10.6664
    endloop
  endfacet
  facet normal 0.965854 0.0496815 -0.254279
    outer loop
      vertex 4.74835 2.19146 10.713
      vertex 4.73312 2.19888 10.6566
      vertex 4.74835 2.20272 10.7152
    endloop
  endfacet
  facet normal 0.99138 0.0251234 -0.128586
    outer loop
      vertex 4.75604 2.18384 10.7708
      vertex 4.74835 2.19146 10.713
      vertex 4.74835 2.20272 10.7152
    endloop
  endfacet
  facet normal 0.865687 -0.0321502 -0.499552
    outer loop
      vertex 4.68116 2.14737 10.5521
      vertex 4.68116 2.18 10.55
      vertex 4.71059 2.18 10.601
    endloop
  endfacet
  facet normal 0.865687 0.0321502 -0.499552
    outer loop
      vertex 4.71059 2.18 10.601
      vertex 4.68116 2.18 10.55
      vertex 4.68116 2.21263 10.5521
    endloop
  endfacet
  facet normal 0.965856 0.215714 0.143491
    outer loop
      vertex 4.73312 2.29476 10.8881
      vertex 4.74835 2.24965 10.8534
      vertex 4.73312 2.30527 10.8723
    endloop
  endfacet
  facet normal 0.923528 0.319334 0.212418
    outer loop
      vertex 4.73312 2.29476 10.8881
      vertex 4.73312 2.30527 10.8723
      vertex 4.71059 2.3379 10.9212
    endloop
  endfacet
  facet normal 0.9914 0.128392 0.0253405
    outer loop
      vertex 4.75604 2.20843 10.8076
      vertex 4.75604 2.20918 10.8038
      vertex 4.74835 2.26704 10.8115
    endloop
  endfacet
  facet normal 0.991396 0.117395 0.0578998
    outer loop
      vertex 4.74835 2.25603 10.8439
      vertex 4.75604 2.20549 10.8147
      vertex 4.74835 2.26111 10.8336
    endloop
  endfacet
  facet normal 0.9914 0.0421333 0.123895
    outer loop
      vertex 4.74835 2.20272 10.8848
      vertex 4.75604 2.18762 10.8284
      vertex 4.74835 2.2136 10.8811
    endloop
  endfacet
  facet normal 0.991414 0.0270747 0.127928
    outer loop
      vertex 4.75604 2.18384 10.8292
      vertex 4.75604 2.18762 10.8284
      vertex 4.74835 2.20272 10.8848
    endloop
  endfacet
  facet normal 0.991406 0.0741154 0.107804
    outer loop
      vertex 4.75604 2.19472 10.8255
      vertex 4.75604 2.19792 10.8233
      vertex 4.74835 2.23344 10.8696
    endloop
  endfacet
  facet normal 0.382273 0.609698 -0.69436
    outer loop
      vertex 4.50603 2.42569 10.4798
      vertex 4.45165 2.4394 10.4619
      vertex 4.45165 2.48131 10.4987
    endloop
  endfacet
  facet normal 0.258598 0.637368 -0.725872
    outer loop
      vertex 4.45165 2.48131 10.4987
      vertex 4.45165 2.4394 10.4619
      vertex 4.39479 2.49208 10.4879
    endloop
  endfacet
  facet normal -0.258224 -0.947517 0.188499
    outer loop
      vertex 4.16235 1.7684 10.9103
      vertex 4.21921 1.74242 10.8576
      vertex 4.21921 1.75368 10.9142
    endloop
  endfacet
  facet normal -0.258136 -0.914854 0.310496
    outer loop
      vertex 4.16235 1.78632 10.9631
      vertex 4.16235 1.7684 10.9103
      vertex 4.21921 1.75368 10.9142
    endloop
  endfacet
  facet normal -0.867821 0.159747 0.470497
    outer loop
      vertex 3.93 2.24581 11.0359
      vertex 3.93284 2.27567 11.031
      vertex 3.93 2.27379 11.0264
    endloop
  endfacet
  facet normal -0.867379 0.159834 0.471281
    outer loop
      vertex 3.93284 2.27567 11.031
      vertex 3.93 2.24581 11.0359
      vertex 3.93284 2.24471 11.0415
    endloop
  endfacet
  facet normal -0.863677 0.223381 0.451845
    outer loop
      vertex 3.93 2.30029 11.0134
      vertex 3.93284 2.27567 11.031
      vertex 3.93284 2.305 11.0165
    endloop
  endfacet
  facet normal -0.867718 0.218916 0.446252
    outer loop
      vertex 3.93284 2.27567 11.031
      vertex 3.93 2.30029 11.0134
      vertex 3.93 2.27379 11.0264
    endloop
  endfacet
  facet normal -0.607882 -0.254741 0.752055
    outer loop
      vertex 4.05699 2.08316 11.1614
      vertex 4.01029 2.05053 11.1126
      vertex 4.05699 2.03681 11.1457
    endloop
  endfacet
  facet normal -0.607897 -0.351575 0.711939
    outer loop
      vertex 4.01029 2.05053 11.1126
      vertex 4.01029 2.01084 11.093
      vertex 4.05699 2.03681 11.1457
    endloop
  endfacet
  facet normal -0.792889 -0.54637 0.269829
    outer loop
      vertex 3.93284 1.96349 10.925
      vertex 3.93284 1.94902 10.8957
      vertex 3.96867 1.92305 10.9484
    endloop
  endfacet
  facet normal -0.866963 -0.373354 0.330124
    outer loop
      vertex 3.93 2 10.9657
      vertex 3.93284 2.00322 10.9768
      vertex 3.93 2.00504 10.9714
    endloop
  endfacet
  facet normal -0.864942 -0.377431 0.330789
    outer loop
      vertex 3.93284 2.00322 10.9768
      vertex 3.93 2 10.9657
      vertex 3.93284 1.98166 10.9522
    endloop
  endfacet
  facet normal -0.86569 -0.37671 0.329652
    outer loop
      vertex 3.91949 2 10.9381
      vertex 3.93284 1.98166 10.9522
      vertex 3.93 2 10.9657
    endloop
  endfacet
  facet normal -0.258043 -0.310299 0.914947
    outer loop
      vertex 4.16235 2.06971 11.2116
      vertex 4.16235 2.01693 11.1937
      vertex 4.21921 2.06577 11.2263
    endloop
  endfacet
  facet normal -0.258043 -0.188908 0.947485
    outer loop
      vertex 4.16235 2.12438 11.2225
      vertex 4.16235 2.06971 11.2116
      vertex 4.21921 2.06577 11.2263
    endloop
  endfacet
  facet normal -0.608725 -0.154181 0.778256
    outer loop
      vertex 4.01029 2.13584 11.1354
      vertex 4.01029 2.09243 11.1268
      vertex 4.05699 2.13116 11.171
    endloop
  endfacet
  facet normal -0.706328 -0.137566 0.694389
    outer loop
      vertex 4.01029 2.13584 11.1354
      vertex 3.96867 2.10321 11.0866
      vertex 4.01029 2.09243 11.1268
    endloop
  endfacet
  facet normal -0.498821 -0.169091 0.85005
    outer loop
      vertex 4.10797 2.12732 11.2001
      vertex 4.05699 2.08316 11.1614
      vertex 4.10797 2.07554 11.1898
    endloop
  endfacet
  facet normal -0.382948 -0.180224 0.906019
    outer loop
      vertex 4.10797 2.12732 11.2001
      vertex 4.10797 2.07554 11.1898
      vertex 4.16235 2.12438 11.2225
    endloop
  endfacet
  facet normal -0.706355 0.706338 0.0463591
    outer loop
      vertex 4.01029 2.51543 10.8442
      vertex 3.96867 2.47671 10.8
      vertex 3.96867 2.47417 10.8387
    endloop
  endfacet
  facet normal -0.706427 0.694181 0.138107
    outer loop
      vertex 4.01029 2.51543 10.8442
      vertex 3.96867 2.47417 10.8387
      vertex 3.96867 2.46659 10.8768
    endloop
  endfacet
  facet normal -0.865568 0.499637 0.0339753
    outer loop
      vertex 3.93284 2.43001 10.8
      vertex 3.93 2.42509 10.8
      vertex 3.93 2.42492 10.8025
    endloop
  endfacet
  facet normal -0.865568 0.499637 -0.0339753
    outer loop
      vertex 3.93284 2.43001 10.8
      vertex 3.93 2.42492 10.7975
      vertex 3.93 2.42509 10.8
    endloop
  endfacet
  facet normal -0.866484 0.44569 -0.224871
    outer loop
      vertex 3.93 2.39336 10.6797
      vertex 3.93284 2.39651 10.675
      vertex 3.93 2.39225 10.6775
    endloop
  endfacet
  facet normal -0.866603 0.416104 -0.275421
    outer loop
      vertex 3.93 2.39225 10.6775
      vertex 3.93284 2.39651 10.675
      vertex 3.93 2.39086 10.6754
    endloop
  endfacet
  facet normal -0.382496 0.82872 -0.408559
    outer loop
      vertex 4.16235 2.57368 10.6369
      vertex 4.16235 2.54903 10.5869
      vertex 4.10797 2.55287 10.6456
    endloop
  endfacet
  facet normal -0.382252 0.828936 -0.408347
    outer loop
      vertex 4.10797 2.55287 10.6456
      vertex 4.16235 2.54903 10.5869
      vertex 4.10797 2.52952 10.5982
    endloop
  endfacet
  facet normal -0.706653 0.588307 -0.393111
    outer loop
      vertex 4.01029 2.473 10.6308
      vertex 4.01029 2.44841 10.594
      vertex 3.96867 2.41539 10.6194
    endloop
  endfacet
  facet normal -0.706353 0.63491 -0.312977
    outer loop
      vertex 4.01029 2.49257 10.6705
      vertex 4.01029 2.473 10.6308
      vertex 3.96867 2.43695 10.6516
    endloop
  endfacet
  facet normal -0.607647 0.752021 -0.2554
    outer loop
      vertex 4.05699 2.54141 10.7032
      vertex 4.01029 2.49257 10.6705
      vertex 4.01029 2.5068 10.7124
    endloop
  endfacet
  facet normal -0.706462 0.69416 -0.138032
    outer loop
      vertex 4.01029 2.51543 10.7558
      vertex 4.01029 2.5068 10.7124
      vertex 3.96867 2.46659 10.7232
    endloop
  endfacet
  facet normal -0.865905 0.473943 -0.159956
    outer loop
      vertex 3.93284 2.42149 10.7353
      vertex 3.93 2.41593 10.7342
      vertex 3.93 2.41674 10.7366
    endloop
  endfacet
  facet normal -0.865806 0.490266 -0.100096
    outer loop
      vertex 3.93 2.41723 10.739
      vertex 3.93284 2.42149 10.7353
      vertex 3.93 2.41674 10.7366
    endloop
  endfacet
  facet normal -0.607715 -0.441266 -0.660277
    outer loop
      vertex 4.01029 1.97404 10.5316
      vertex 4.05699 1.99292 10.476
      vertex 4.05699 1.95222 10.5032
    endloop
  endfacet
  facet normal -0.499662 -0.481309 -0.720194
    outer loop
      vertex 4.05699 1.95222 10.5032
      vertex 4.05699 1.99292 10.476
      vertex 4.10797 1.93431 10.4798
    endloop
  endfacet
  facet normal -0.607859 -0.660261 -0.441093
    outer loop
      vertex 4.01029 1.91159 10.594
      vertex 4.05699 1.88316 10.5722
      vertex 4.05699 1.85597 10.6129
    endloop
  endfacet
  facet normal -0.499057 -0.720566 -0.48138
    outer loop
      vertex 4.05699 1.88316 10.5722
      vertex 4.10797 1.85981 10.5543
      vertex 4.05699 1.85597 10.6129
    endloop
  endfacet
  facet normal -0.9236 -0.382547 0.0249225
    outer loop
      vertex 3.89617 2 10.8237
      vertex 3.896 2 10.8174
      vertex 3.90341 1.98267 10.826
    endloop
  endfacet
  facet normal -0.792758 -0.608228 -0.0399266
    outer loop
      vertex 3.93284 1.93213 10.7674
      vertex 3.96867 1.88583 10.7613
      vertex 3.93284 1.92999 10.8
    endloop
  endfacet
  facet normal -0.792546 -0.547177 -0.269198
    outer loop
      vertex 3.93284 1.94902 10.7043
      vertex 3.96867 1.92305 10.6516
      vertex 3.96867 1.90588 10.6865
    endloop
  endfacet
  facet normal -0.706706 -0.634838 -0.312326
    outer loop
      vertex 3.96867 1.90588 10.6865
      vertex 3.96867 1.92305 10.6516
      vertex 4.01029 1.86742 10.6705
    endloop
  endfacet
  facet normal -0.865584 -0.499689 0.0328017
    outer loop
      vertex 3.90341 1.98097 10.8
      vertex 3.93284 1.92999 10.8
      vertex 3.93284 1.93213 10.8326
    endloop
  endfacet
  facet normal -0.865551 -0.499753 0.0326762
    outer loop
      vertex 3.90341 1.98267 10.826
      vertex 3.90341 1.98097 10.8
      vertex 3.93284 1.93213 10.8326
    endloop
  endfacet
  facet normal -0.924268 -0.341792 -0.17002
    outer loop
      vertex 3.90192 2 10.7241
      vertex 3.90341 2 10.716
      vertex 3.90341 1.99612 10.7238
    endloop
  endfacet
  facet normal -0.867379 -0.159834 -0.471281
    outer loop
      vertex 3.93284 2.08433 10.569
      vertex 3.93 2.11419 10.5641
      vertex 3.93284 2.11529 10.5585
    endloop
  endfacet
  facet normal -0.867821 -0.159747 -0.470497
    outer loop
      vertex 3.93 2.11419 10.5641
      vertex 3.93284 2.08433 10.569
      vertex 3.93 2.08621 10.5736
    endloop
  endfacet
  facet normal -0.867738 -0.218297 -0.446517
    outer loop
      vertex 3.93 2.08621 10.5736
      vertex 3.93284 2.08433 10.569
      vertex 3.93 2.08396 10.5747
    endloop
  endfacet
  facet normal -0.867319 0.0973832 -0.488133
    outer loop
      vertex 3.93284 2.21263 10.5521
      vertex 3.93 2.24097 10.5628
      vertex 3.93284 2.24471 10.5585
    endloop
  endfacet
  facet normal -0.866521 0.0979545 -0.489434
    outer loop
      vertex 3.93 2.24097 10.5628
      vertex 3.93284 2.21263 10.5521
      vertex 3.93 2.21199 10.557
    endloop
  endfacet
  facet normal -0.792705 0.119267 -0.597824
    outer loop
      vertex 3.93284 2.24471 10.5585
      vertex 3.96867 2.25679 10.5134
      vertex 3.93284 2.21263 10.5521
    endloop
  endfacet
  facet normal -0.792546 -0.547177 0.269198
    outer loop
      vertex 3.96867 1.92305 10.9484
      vertex 3.93284 1.94902 10.8957
      vertex 3.96867 1.90588 10.9135
    endloop
  endfacet
  facet normal -0.792591 -0.577289 0.19631
    outer loop
      vertex 3.93284 1.94902 10.8957
      vertex 3.96867 1.8934 10.8768
      vertex 3.96867 1.90588 10.9135
    endloop
  endfacet
  facet normal -0.792654 -0.506962 0.338658
    outer loop
      vertex 3.93284 1.98166 10.9522
      vertex 3.93284 1.96349 10.925
      vertex 3.96867 1.94461 10.9806
    endloop
  endfacet
  facet normal -0.867169 -0.445894 0.221804
    outer loop
      vertex 3.90341 1.99612 10.8762
      vertex 3.9085 2 10.9039
      vertex 3.90341 2 10.884
    endloop
  endfacet
  facet normal -0.865624 -0.448824 0.22193
    outer loop
      vertex 3.9085 2 10.9039
      vertex 3.90341 1.99612 10.8762
      vertex 3.93284 1.96349 10.925
    endloop
  endfacet
  facet normal -0.923476 -0.363361 0.12313
    outer loop
      vertex 3.90167 2 10.8746
      vertex 3.90143 2 10.8728
      vertex 3.90341 1.99612 10.8762
    endloop
  endfacet
  facet normal 0.706358 -0.634842 0.313104
    outer loop
      vertex 4.60371 1.887 10.9692
      vertex 4.60371 1.86742 10.9295
      vertex 4.64533 1.92305 10.9484
    endloop
  endfacet
  facet normal 0.607815 -0.712173 0.351243
    outer loop
      vertex 4.55701 1.83432 10.9432
      vertex 4.60371 1.86742 10.9295
      vertex 4.60371 1.887 10.9692
    endloop
  endfacet
  facet normal 0.499037 -0.651554 0.571349
    outer loop
      vertex 4.50603 1.85981 11.0457
      vertex 4.55701 1.88316 11.0278
      vertex 4.55701 1.91543 11.0646
    endloop
  endfacet
  facet normal 0.499057 -0.720566 0.48138
    outer loop
      vertex 4.50603 1.85981 11.0457
      vertex 4.55701 1.85597 10.9871
      vertex 4.55701 1.88316 11.0278
    endloop
  endfacet
  facet normal 0.923495 -0.288142 0.25324
    outer loop
      vertex 4.71059 2.03926 10.9407
      vertex 4.73312 2.06524 10.8881
      vertex 4.73312 2.07772 10.9023
    endloop
  endfacet
  facet normal 0.923483 -0.253288 0.288141
    outer loop
      vertex 4.71059 2.03926 10.9407
      vertex 4.73312 2.07772 10.9023
      vertex 4.73312 2.09194 10.9148
    endloop
  endfacet
  facet normal 0.923516 -0.0751373 0.376129
    outer loop
      vertex 4.71059 2.12849 10.9922
      vertex 4.73312 2.16112 10.9434
      vertex 4.71059 2.15402 10.9973
    endloop
  endfacet
  facet normal 0.923504 -0.0243315 0.382816
    outer loop
      vertex 4.71059 2.15402 10.9973
      vertex 4.73312 2.16112 10.9434
      vertex 4.73312 2.18 10.9446
    endloop
  endfacet
  facet normal 0.792779 0.0391457 0.60825
    outer loop
      vertex 4.68116 2.18 11.05
      vertex 4.68116 2.21263 11.0479
      vertex 4.64533 2.18 11.0967
    endloop
  endfacet
  facet normal 0.792779 -0.0391457 0.60825
    outer loop
      vertex 4.64533 2.18 11.0967
      vertex 4.68116 2.14737 11.0479
      vertex 4.68116 2.18 11.05
    endloop
  endfacet
  facet normal 0.607913 -0.7923 -0.0519835
    outer loop
      vertex 4.60371 1.84167 10.8
      vertex 4.55701 1.80904 10.7512
      vertex 4.60371 1.84457 10.7558
    endloop
  endfacet
  facet normal 0.607805 -0.778838 -0.15487
    outer loop
      vertex 4.55701 1.80904 10.7512
      vertex 4.60371 1.8532 10.7124
      vertex 4.60371 1.84457 10.7558
    endloop
  endfacet
  facet normal 0.991402 -0.117038 0.0585192
    outer loop
      vertex 4.74835 2.10397 10.8439
      vertex 4.75604 2.15281 10.8113
      vertex 4.75604 2.15451 10.8147
    endloop
  endfacet
  facet normal 0.991396 -0.108807 0.0727647
    outer loop
      vertex 4.74835 2.10397 10.8439
      vertex 4.75604 2.15451 10.8147
      vertex 4.75604 2.15665 10.8179
    endloop
  endfacet
  facet normal 0.965793 -0.232565 -0.114702
    outer loop
      vertex 4.74835 2.09889 10.7664
      vertex 4.73312 2.05473 10.7277
      vertex 4.74835 2.10397 10.7561
    endloop
  endfacet
  facet normal 0.965805 -0.194745 -0.171156
    outer loop
      vertex 4.73312 2.06524 10.7119
      vertex 4.73312 2.07772 10.6977
      vertex 4.74835 2.11792 10.7379
    endloop
  endfacet
  facet normal 0.92357 -0.376041 -0.0749133
    outer loop
      vertex 4.71059 1.98267 10.774
      vertex 4.71059 1.98775 10.7485
      vertex 4.73312 2.03659 10.7811
    endloop
  endfacet
  facet normal 0.99139 -0.124026 -0.0419868
    outer loop
      vertex 4.74835 2.0952 10.7773
      vertex 4.74835 2.09889 10.7664
      vertex 4.75604 2.15281 10.7887
    endloop
  endfacet
  facet normal 0.865568 -0.4743 -0.160724
    outer loop
      vertex 4.71059 1.98775 10.7485
      vertex 4.68116 1.94902 10.7043
      vertex 4.71059 1.99612 10.7238
    endloop
  endfacet
  facet normal 0.865562 -0.449029 -0.221756
    outer loop
      vertex 4.68116 1.94902 10.7043
      vertex 4.68116 1.96349 10.675
      vertex 4.71059 1.99612 10.7238
    endloop
  endfacet
  facet normal 0.965804 -0.258725 -0.0168734
    outer loop
      vertex 4.74835 2.09221 10.8
      vertex 4.73312 2.03659 10.7811
      vertex 4.74835 2.09296 10.7885
    endloop
  endfacet
  facet normal 0.865551 -0.499753 -0.0326762
    outer loop
      vertex 4.71059 1.98097 10.8
      vertex 4.68116 1.93213 10.7674
      vertex 4.71059 1.98267 10.774
    endloop
  endfacet
  facet normal 0.965809 -0.254222 -0.0508443
    outer loop
      vertex 4.74835 2.09296 10.7885
      vertex 4.73312 2.04028 10.7626
      vertex 4.74835 2.0952 10.7773
    endloop
  endfacet
  facet normal 0.991395 -0.13063 -0.00851932
    outer loop
      vertex 4.74835 2.09221 10.8
      vertex 4.74835 2.09296 10.7885
      vertex 4.75604 2.15082 10.7962
    endloop
  endfacet
  facet normal 0.991387 0.124179 -0.0416166
    outer loop
      vertex 4.75604 2.20719 10.7887
      vertex 4.74835 2.26111 10.7664
      vertex 4.75604 2.20843 10.7924
    endloop
  endfacet
  facet normal 0.965808 0.245624 -0.0829662
    outer loop
      vertex 4.74835 2.2648 10.7773
      vertex 4.73312 2.31364 10.7446
      vertex 4.73312 2.31972 10.7626
    endloop
  endfacet
  facet normal 0.965806 0.254256 -0.0507138
    outer loop
      vertex 4.74835 2.2648 10.7773
      vertex 4.73312 2.31972 10.7626
      vertex 4.73312 2.32341 10.7811
    endloop
  endfacet
  facet normal 0.991395 0.13062 -0.00859341
    outer loop
      vertex 4.75604 2.20918 10.7962
      vertex 4.74835 2.26704 10.7885
      vertex 4.75604 2.20943 10.8
    endloop
  endfacet
  facet normal 0.991391 0.0577375 -0.117513
    outer loop
      vertex 4.75604 2.19126 10.7728
      vertex 4.74835 2.2136 10.7189
      vertex 4.75604 2.19472 10.7745
    endloop
  endfacet
  facet normal 0.991385 0.058121 -0.117382
    outer loop
      vertex 4.75604 2.19472 10.7745
      vertex 4.74835 2.2136 10.7189
      vertex 4.74835 2.2239 10.724
    endloop
  endfacet
  facet normal 0.991392 0.108692 -0.0729956
    outer loop
      vertex 4.75604 2.20335 10.7821
      vertex 4.74835 2.24965 10.7466
      vertex 4.74835 2.25603 10.7561
    endloop
  endfacet
  facet normal 0.991396 0.108807 -0.0727647
    outer loop
      vertex 4.75604 2.20335 10.7821
      vertex 4.74835 2.25603 10.7561
      vertex 4.75604 2.20549 10.7853
    endloop
  endfacet
  facet normal 0.965788 0.0507012 0.254328
    outer loop
      vertex 4.73312 2.19888 10.9434
      vertex 4.74835 2.20272 10.8848
      vertex 4.73312 2.21744 10.9397
    endloop
  endfacet
  facet normal 0.965783 0.0836159 0.245502
    outer loop
      vertex 4.73312 2.21744 10.9397
      vertex 4.74835 2.20272 10.8848
      vertex 4.73312 2.23535 10.9336
    endloop
  endfacet
  facet normal 0.865821 0.0326707 0.499286
    outer loop
      vertex 4.71059 2.18 10.999
      vertex 4.71059 2.20598 10.9973
      vertex 4.68116 2.21263 11.0479
    endloop
  endfacet
  facet normal 0.923609 0.02503 0.382517
    outer loop
      vertex 4.71059 2.18 10.999
      vertex 4.73312 2.18 10.9446
      vertex 4.71059 2.20598 10.9973
    endloop
  endfacet
  facet normal 0.965854 0.0496815 0.254279
    outer loop
      vertex 4.74835 2.19146 10.887
      vertex 4.74835 2.20272 10.8848
      vertex 4.73312 2.19888 10.9434
    endloop
  endfacet
  facet normal 0.965858 0.0180414 0.258442
    outer loop
      vertex 4.74835 2.18 10.8878
      vertex 4.74835 2.19146 10.887
      vertex 4.73312 2.19888 10.9434
    endloop
  endfacet
  facet normal 0.923482 -0.123688 0.363157
    outer loop
      vertex 4.71059 2.12849 10.9922
      vertex 4.73312 2.12465 10.9336
      vertex 4.73312 2.14256 10.9397
    endloop
  endfacet
  facet normal 0.923684 -0.122224 0.363139
    outer loop
      vertex 4.71059 2.10383 10.9839
      vertex 4.73312 2.12465 10.9336
      vertex 4.71059 2.12849 10.9922
    endloop
  endfacet
  facet normal 0.991399 -0.0856202 -0.0989769
    outer loop
      vertex 4.75604 2.15919 10.7792
      vertex 4.74835 2.12656 10.7304
      vertex 4.75604 2.16208 10.7767
    endloop
  endfacet
  facet normal 0.965862 -0.143761 -0.215505
    outer loop
      vertex 4.73312 2.09194 10.6852
      vertex 4.73312 2.10768 10.6747
      vertex 4.74835 2.1361 10.724
    endloop
  endfacet
  facet normal 0.9914 -0.0421333 -0.123895
    outer loop
      vertex 4.74835 2.1464 10.7189
      vertex 4.74835 2.15728 10.7152
      vertex 4.75604 2.17238 10.7716
    endloop
  endfacet
  facet normal 0.991367 -0.0742792 -0.108043
    outer loop
      vertex 4.75604 2.16208 10.7767
      vertex 4.74835 2.1361 10.724
      vertex 4.75604 2.16528 10.7745
    endloop
  endfacet
  facet normal 0.991379 -0.0410237 -0.124438
    outer loop
      vertex 4.75604 2.16874 10.7728
      vertex 4.74835 2.1464 10.7189
      vertex 4.75604 2.17238 10.7716
    endloop
  endfacet
  facet normal 0.991414 -0.0270747 -0.127928
    outer loop
      vertex 4.75604 2.17238 10.7716
      vertex 4.74835 2.15728 10.7152
      vertex 4.75604 2.17616 10.7708
    endloop
  endfacet
  facet normal 0.965858 -0.0180414 -0.258442
    outer loop
      vertex 4.74835 2.16854 10.713
      vertex 4.73312 2.16112 10.6566
      vertex 4.74835 2.18 10.7122
    endloop
  endfacet
  facet normal 0.991381 -0.00912359 -0.130695
    outer loop
      vertex 4.74835 2.16854 10.713
      vertex 4.74835 2.18 10.7122
      vertex 4.75604 2.17616 10.7708
    endloop
  endfacet
  facet normal 0.865578 -0.221256 -0.449245
    outer loop
      vertex 4.71059 2.08048 10.6276
      vertex 4.68116 2.08433 10.569
      vertex 4.71059 2.10383 10.6161
    endloop
  endfacet
  facet normal 0.865571 -0.160842 -0.474254
    outer loop
      vertex 4.68116 2.08433 10.569
      vertex 4.68116 2.11529 10.5585
      vertex 4.71059 2.10383 10.6161
    endloop
  endfacet
  facet normal 0.991394 0.124001 0.0419784
    outer loop
      vertex 4.74835 2.26111 10.8336
      vertex 4.75604 2.20843 10.8076
      vertex 4.74835 2.2648 10.8227
    endloop
  endfacet
  facet normal -0.381916 -0.922212 0.0605409
    outer loop
      vertex 4.10797 1.77986 10.8527
      vertex 4.16235 1.75388 10.8
      vertex 4.16235 1.75753 10.8556
    endloop
  endfacet
  facet normal -0.258391 -0.963966 0.0632819
    outer loop
      vertex 4.16235 1.75753 10.8556
      vertex 4.16235 1.75388 10.8
      vertex 4.21921 1.74242 10.8576
    endloop
  endfacet
  facet normal -0.865842 -0.377756 0.328051
    outer loop
      vertex 3.93 2.00669 10.9733
      vertex 3.93 2.00504 10.9714
      vertex 3.93284 2.00322 10.9768
    endloop
  endfacet
  facet normal -0.865562 -0.449029 0.221756
    outer loop
      vertex 3.93284 1.96349 10.925
      vertex 3.90341 1.99612 10.8762
      vertex 3.93284 1.94902 10.8957
    endloop
  endfacet
  facet normal -0.924268 -0.341792 0.17002
    outer loop
      vertex 3.90341 2 10.884
      vertex 3.90192 2 10.8759
      vertex 3.90341 1.99612 10.8762
    endloop
  endfacet
  facet normal -0.792758 0.608228 0.0399266
    outer loop
      vertex 3.96867 2.47417 10.8387
      vertex 3.93284 2.43001 10.8
      vertex 3.93284 2.42787 10.8326
    endloop
  endfacet
  facet normal -0.792762 0.597837 0.118822
    outer loop
      vertex 3.96867 2.47417 10.8387
      vertex 3.93284 2.42787 10.8326
      vertex 3.93284 2.42149 10.8647
    endloop
  endfacet
  facet normal -0.706347 0.706347 0.046344
    outer loop
      vertex 4.01029 2.51833 10.8
      vertex 3.96867 2.47671 10.8
      vertex 4.01029 2.51543 10.8442
    endloop
  endfacet
  facet normal -0.607894 0.792315 0.0519845
    outer loop
      vertex 4.05699 2.55416 10.8
      vertex 4.01029 2.51833 10.8
      vertex 4.01029 2.51543 10.8442
    endloop
  endfacet
  facet normal -0.706427 0.694181 -0.138107
    outer loop
      vertex 4.01029 2.51543 10.7558
      vertex 3.96867 2.46659 10.7232
      vertex 3.96867 2.47417 10.7613
    endloop
  endfacet
  facet normal -0.79272 0.597869 -0.118946
    outer loop
      vertex 3.96867 2.47417 10.7613
      vertex 3.96867 2.46659 10.7232
      vertex 3.93284 2.42149 10.7353
    endloop
  endfacet
  facet normal -0.792896 0.506337 -0.339026
    outer loop
      vertex 3.96867 2.43695 10.6516
      vertex 3.96867 2.41539 10.6194
      vertex 3.93284 2.39651 10.675
    endloop
  endfacet
  facet normal -0.792859 0.546812 -0.269019
    outer loop
      vertex 3.96867 2.45412 10.6865
      vertex 3.96867 2.43695 10.6516
      vertex 3.93284 2.39651 10.675
    endloop
  endfacet
  facet normal -0.865734 0.474003 -0.160702
    outer loop
      vertex 3.93284 2.41098 10.7043
      vertex 3.93 2.41593 10.7342
      vertex 3.93284 2.42149 10.7353
    endloop
  endfacet
  facet normal -0.866034 0.473476 -0.160643
    outer loop
      vertex 3.93 2.41593 10.7342
      vertex 3.93284 2.41098 10.7043
      vertex 3.93 2.40643 10.7062
    endloop
  endfacet
  facet normal -0.792574 0.57749 -0.195788
    outer loop
      vertex 3.93284 2.42149 10.7353
      vertex 3.96867 2.45412 10.6865
      vertex 3.93284 2.41098 10.7043
    endloop
  endfacet
  facet normal -0.923607 -0.382508 -0.0252381
    outer loop
      vertex 3.90341 1.98267 10.774
      vertex 3.8957 2 10.7935
      vertex 3.89617 2 10.7763
    endloop
  endfacet
  facet normal -0.923528 -0.382714 -0.0250236
    outer loop
      vertex 3.8957 2 10.7935
      vertex 3.90341 1.98267 10.774
      vertex 3.90341 1.98097 10.8
    endloop
  endfacet
  facet normal -0.86552 -0.491222 -0.0978592
    outer loop
      vertex 3.90341 1.98267 10.774
      vertex 3.90341 1.98775 10.7485
      vertex 3.93284 1.93213 10.7674
    endloop
  endfacet
  facet normal -0.792758 -0.608228 0.0399266
    outer loop
      vertex 3.93284 1.93213 10.8326
      vertex 3.93284 1.92999 10.8
      vertex 3.96867 1.88583 10.8387
    endloop
  endfacet
  facet normal -0.865575 -0.491171 0.0976222
    outer loop
      vertex 3.90341 1.98775 10.8515
      vertex 3.93284 1.93213 10.8326
      vertex 3.93284 1.93851 10.8647
    endloop
  endfacet
  facet normal -0.792889 -0.54637 -0.269829
    outer loop
      vertex 3.93284 1.96349 10.675
      vertex 3.96867 1.92305 10.6516
      vertex 3.93284 1.94902 10.7043
    endloop
  endfacet
  facet normal -0.792896 -0.506337 -0.339026
    outer loop
      vertex 3.93284 1.96349 10.675
      vertex 3.96867 1.94461 10.6194
      vertex 3.96867 1.92305 10.6516
    endloop
  endfacet
  facet normal -0.792798 -0.577213 -0.195694
    outer loop
      vertex 3.93284 1.93851 10.7353
      vertex 3.93284 1.94902 10.7043
      vertex 3.96867 1.8934 10.7232
    endloop
  endfacet
  facet normal -0.792591 -0.577289 -0.19631
    outer loop
      vertex 3.93284 1.94902 10.7043
      vertex 3.96867 1.90588 10.6865
      vertex 3.96867 1.8934 10.7232
    endloop
  endfacet
  facet normal -0.865551 -0.499753 -0.0326762
    outer loop
      vertex 3.90341 1.98267 10.774
      vertex 3.93284 1.93213 10.7674
      vertex 3.90341 1.98097 10.8
    endloop
  endfacet
  facet normal -0.865584 -0.499689 -0.0328017
    outer loop
      vertex 3.90341 1.98097 10.8
      vertex 3.93284 1.93213 10.7674
      vertex 3.93284 1.92999 10.8
    endloop
  endfacet
  facet normal -0.923476 -0.363361 -0.12313
    outer loop
      vertex 3.90167 2 10.7254
      vertex 3.90341 1.99612 10.7238
      vertex 3.90143 2 10.7272
    endloop
  endfacet
  facet normal -0.923476 -0.36336 -0.123131
    outer loop
      vertex 3.90341 1.98775 10.7485
      vertex 3.90143 2 10.7272
      vertex 3.90341 1.99612 10.7238
    endloop
  endfacet
  facet normal -0.923738 -0.36281 -0.12279
    outer loop
      vertex 3.90143 2 10.7272
      vertex 3.90341 1.98775 10.7485
      vertex 3.89816 2 10.7518
    endloop
  endfacet
  facet normal 0.923464 -0.253221 0.28826
    outer loop
      vertex 4.71059 2.03926 10.9407
      vertex 4.73312 2.09194 10.9148
      vertex 4.71059 2.05884 10.9579
    endloop
  endfacet
  facet normal 0.923475 -0.213562 0.318723
    outer loop
      vertex 4.71059 2.05884 10.9579
      vertex 4.73312 2.09194 10.9148
      vertex 4.71059 2.08048 10.9724
    endloop
  endfacet
  facet normal 0.965779 -0.215316 -0.144601
    outer loop
      vertex 4.74835 2.10397 10.7561
      vertex 4.73312 2.05473 10.7277
      vertex 4.74835 2.11035 10.7466
    endloop
  endfacet
  facet normal 0.991392 -0.108692 -0.0729956
    outer loop
      vertex 4.74835 2.10397 10.7561
      vertex 4.74835 2.11035 10.7466
      vertex 4.75604 2.15665 10.7821
    endloop
  endfacet
  facet normal 0.865576 -0.448984 -0.221794
    outer loop
      vertex 4.71059 1.99612 10.7238
      vertex 4.68116 1.96349 10.675
      vertex 4.71059 2.00763 10.7005
    endloop
  endfacet
  facet normal 0.865575 -0.416414 -0.278171
    outer loop
      vertex 4.68116 1.96349 10.675
      vertex 4.68116 1.98166 10.6478
      vertex 4.71059 2.00763 10.7005
    endloop
  endfacet
  facet normal 0.965817 -0.245592 -0.0829556
    outer loop
      vertex 4.73312 2.04028 10.7626
      vertex 4.73312 2.04636 10.7446
      vertex 4.74835 2.09889 10.7664
    endloop
  endfacet
  facet normal 0.923535 -0.363345 -0.12273
    outer loop
      vertex 4.73312 2.04028 10.7626
      vertex 4.71059 1.99612 10.7238
      vertex 4.73312 2.04636 10.7446
    endloop
  endfacet
  facet normal 0.991397 -0.128348 -0.0256695
    outer loop
      vertex 4.74835 2.09296 10.7885
      vertex 4.74835 2.0952 10.7773
      vertex 4.75604 2.15082 10.7962
    endloop
  endfacet
  facet normal 0.923558 -0.382636 -0.0251042
    outer loop
      vertex 4.71059 1.98097 10.8
      vertex 4.73312 2.03659 10.7811
      vertex 4.73312 2.03535 10.8
    endloop
  endfacet
  facet normal 0.92357 -0.382612 -0.0250169
    outer loop
      vertex 4.71059 1.98097 10.8
      vertex 4.71059 1.98267 10.774
      vertex 4.73312 2.03659 10.7811
    endloop
  endfacet
  facet normal 0.991399 0.0856202 -0.0989769
    outer loop
      vertex 4.75604 2.19792 10.7767
      vertex 4.74835 2.23344 10.7304
      vertex 4.75604 2.20081 10.7792
    endloop
  endfacet
  facet normal 0.965862 -0.143761 0.215505
    outer loop
      vertex 4.73312 2.09194 10.9148
      vertex 4.74835 2.1361 10.876
      vertex 4.73312 2.10768 10.9253
    endloop
  endfacet
  facet normal 0.965851 -0.113838 0.232751
    outer loop
      vertex 4.73312 2.10768 10.9253
      vertex 4.74835 2.1361 10.876
      vertex 4.73312 2.12465 10.9336
    endloop
  endfacet
  facet normal 0.991391 -0.0577375 -0.117513
    outer loop
      vertex 4.75604 2.16528 10.7745
      vertex 4.74835 2.1464 10.7189
      vertex 4.75604 2.16874 10.7728
    endloop
  endfacet
  facet normal 0.991385 -0.058121 -0.117382
    outer loop
      vertex 4.74835 2.1361 10.724
      vertex 4.74835 2.1464 10.7189
      vertex 4.75604 2.16528 10.7745
    endloop
  endfacet
  facet normal 0.991387 0.124179 0.0416166
    outer loop
      vertex 4.75604 2.20719 10.8113
      vertex 4.75604 2.20843 10.8076
      vertex 4.74835 2.26111 10.8336
    endloop
  endfacet
  facet normal 0.991384 0.117162 0.0585811
    outer loop
      vertex 4.75604 2.20549 10.8147
      vertex 4.75604 2.20719 10.8113
      vertex 4.74835 2.26111 10.8336
    endloop
  endfacet
  facet normal -0.865639 -0.416644 0.277628
    outer loop
      vertex 3.93284 1.96349 10.925
      vertex 3.91206 2 10.915
      vertex 3.9085 2 10.9039
    endloop
  endfacet
  facet normal -0.865555 -0.416443 0.27819
    outer loop
      vertex 3.91206 2 10.915
      vertex 3.93284 1.96349 10.925
      vertex 3.93284 1.98166 10.9522
    endloop
  endfacet
  facet normal -0.865659 -0.416064 0.278435
    outer loop
      vertex 3.91949 2 10.9381
      vertex 3.91206 2 10.915
      vertex 3.93284 1.98166 10.9522
    endloop
  endfacet
  facet normal -0.706488 0.670133 -0.227589
    outer loop
      vertex 4.01029 2.5068 10.7124
      vertex 4.01029 2.49257 10.6705
      vertex 3.96867 2.46659 10.7232
    endloop
  endfacet
  facet normal -0.70654 0.67005 -0.227671
    outer loop
      vertex 3.96867 2.46659 10.7232
      vertex 4.01029 2.49257 10.6705
      vertex 3.96867 2.45412 10.6865
    endloop
  endfacet
  facet normal -0.792762 -0.597837 -0.118822
    outer loop
      vertex 3.93284 1.93213 10.7674
      vertex 3.93284 1.93851 10.7353
      vertex 3.96867 1.88583 10.7613
    endloop
  endfacet
  facet normal -0.865575 -0.491171 -0.0976222
    outer loop
      vertex 3.90341 1.98775 10.7485
      vertex 3.93284 1.93851 10.7353
      vertex 3.93284 1.93213 10.7674
    endloop
  endfacet
  facet normal -0.792762 -0.597837 0.118822
    outer loop
      vertex 3.93284 1.93851 10.8647
      vertex 3.93284 1.93213 10.8326
      vertex 3.96867 1.88583 10.8387
    endloop
  endfacet
  facet normal -0.792777 -0.597826 0.118781
    outer loop
      vertex 3.93284 1.93851 10.8647
      vertex 3.96867 1.88583 10.8387
      vertex 3.96867 1.8934 10.8768
    endloop
  endfacet
  facet normal 0.865425 -0.278703 0.41637
    outer loop
      vertex 4.68116 2.02781 10.9983
      vertex 4.71059 2.05884 10.9579
      vertex 4.68116 2.055 11.0165
    endloop
  endfacet
  facet normal 0.865448 -0.329769 0.377164
    outer loop
      vertex 4.68116 2.00322 10.9768
      vertex 4.71059 2.05884 10.9579
      vertex 4.68116 2.02781 10.9983
    endloop
  endfacet
  facet normal 0.965856 -0.215714 -0.143491
    outer loop
      vertex 4.73312 2.05473 10.7277
      vertex 4.73312 2.06524 10.7119
      vertex 4.74835 2.11035 10.7466
    endloop
  endfacet
  facet normal 0.965891 -0.195351 -0.169978
    outer loop
      vertex 4.74835 2.11035 10.7466
      vertex 4.73312 2.06524 10.7119
      vertex 4.74835 2.11792 10.7379
    endloop
  endfacet
  facet normal 0.991396 -0.108807 -0.0727647
    outer loop
      vertex 4.75604 2.15451 10.7853
      vertex 4.74835 2.10397 10.7561
      vertex 4.75604 2.15665 10.7821
    endloop
  endfacet
  facet normal 0.991391 -0.128454 -0.0253528
    outer loop
      vertex 4.75604 2.15082 10.7962
      vertex 4.74835 2.0952 10.7773
      vertex 4.75604 2.15157 10.7924
    endloop
  endfacet
  facet normal 0.991397 -0.124105 -0.041592
    outer loop
      vertex 4.75604 2.15157 10.7924
      vertex 4.74835 2.0952 10.7773
      vertex 4.75604 2.15281 10.7887
    endloop
  endfacet
  facet normal 0 1 0
    outer loop
      vertex 12.307 3.8 7.56057
      vertex 12.2676 3.8 7.59999
      vertex 12.3046 3.8 7.59756
    endloop
  endfacet
  facet normal 0 1 0
    outer loop
      vertex 7.60001 3.8 13.9606
      vertex 7.5606 3.8 14
      vertex 7.59759 3.8 13.9976
    endloop
  endfacet
  facet normal 0 1 -0
    outer loop
      vertex 7.60001 3.8 8.79998
      vertex 7.5606 3.8 14
      vertex 7.60001 3.8 13.9606
    endloop
  endfacet
  facet normal 0 1 0
    outer loop
      vertex 7.5606 3.8 14
      vertex 7.60001 3.8 8.79998
      vertex 0.0394219 3.8 14
    endloop
  endfacet
  facet normal 0 1 0
    outer loop
      vertex 0.0394219 3.8 14
      vertex 8.42285e-06 3.8 13.9606
      vertex 0.00243457 3.8 13.9976
    endloop
  endfacet
  facet normal 0 1 0
    outer loop
      vertex 0.0394219 3.8 14
      vertex 7.60001 3.8 8.79998
      vertex 8.42285e-06 3.8 13.9606
    endloop
  endfacet
  facet normal 0 1 0
    outer loop
      vertex 7.61028 3.8 8.64335
      vertex 8.42285e-06 3.8 13.9606
      vertex 7.60001 3.8 8.79998
    endloop
  endfacet
  facet normal 0 1 0
    outer loop
      vertex 7.64091 3.8 8.48941
      vertex 8.42285e-06 3.8 13.9606
      vertex 7.61028 3.8 8.64335
    endloop
  endfacet
  facet normal 0 1 0
    outer loop
      vertex 2.6 3.8 1.2207e-05
      vertex 7.64091 3.8 8.48941
      vertex 7.69135 3.8 8.34077
    endloop
  endfacet
  facet normal 0 1 0
    outer loop
      vertex 2.6 3.8 1.2207e-05
      vertex 7.69135 3.8 8.34077
      vertex 7.76078 3.8 8.19998
    endloop
  endfacet
  facet normal 0 1 0
    outer loop
      vertex 2.6 3.8 1.2207e-05
      vertex 7.76078 3.8 8.19998
      vertex 7.84799 3.8 8.06947
    endloop
  endfacet
  facet normal 0 1 0
    outer loop
      vertex 2.6 3.8 1.2207e-05
      vertex 7.84799 3.8 8.06947
      vertex 7.95149 3.8 7.95146
    endloop
  endfacet
  facet normal 0 1 0
    outer loop
      vertex 2.6 3.8 1.2207e-05
      vertex 7.95149 3.8 7.95146
      vertex 8.0695 3.8 7.84796
    endloop
  endfacet
  facet normal 0 1 0
    outer loop
      vertex 12.2676 3.8 7.59999
      vertex 12.307 3.8 7.56057
      vertex 8.80001 3.8 7.59999
    endloop
  endfacet
  facet normal 0 1 0
    outer loop
      vertex 7.64091 3.8 8.48941
      vertex 8.42285e-06 3.8 0.0394257
      vertex 8.42285e-06 3.8 13.9606
    endloop
  endfacet
  facet normal 0 1 0
    outer loop
      vertex 2.6 3.8 1.2207e-05
      vertex 8.0695 3.8 7.84796
      vertex 8.20001 3.8 7.76075
    endloop
  endfacet
  facet normal 0 1 0
    outer loop
      vertex 2.6 3.8 1.2207e-05
      vertex 8.20001 3.8 7.76075
      vertex 8.3408 3.8 7.69133
    endloop
  endfacet
  facet normal 0 1 0
    outer loop
      vertex 2.6 3.8 1.2207e-05
      vertex 8.3408 3.8 7.69133
      vertex 8.48943 3.8 7.64088
    endloop
  endfacet
  facet normal 0 1 0
    outer loop
      vertex 12.307 3.8 7.62939e-07
      vertex 8.48943 3.8 7.64088
      vertex 8.64338 3.8 7.61026
    endloop
  endfacet
  facet normal 0 1 0
    outer loop
      vertex 12.307 3.8 7.62939e-07
      vertex 8.64338 3.8 7.61026
      vertex 8.80001 3.8 7.59999
    endloop
  endfacet
  facet normal 0 1 -0
    outer loop
      vertex 12.307 3.8 7.62939e-07
      vertex 8.80001 3.8 7.59999
      vertex 12.307 3.8 7.56057
    endloop
  endfacet
  facet normal 0 1 0
    outer loop
      vertex 7.64091 3.8 8.48941
      vertex 2.6 3.8 1.2207e-05
      vertex 8.42285e-06 3.8 0.0394257
    endloop
  endfacet
  facet normal 0 1 0
    outer loop
      vertex 8.42285e-06 3.8 0.0394257
      vertex 2.6 3.8 1.2207e-05
      vertex 0.0394219 3.8 1.2207e-05
    endloop
  endfacet
  facet normal 0 1 0
    outer loop
      vertex 8.48943 3.8 7.64088
      vertex 12.307 3.8 7.62939e-07
      vertex 2.6 3.8 1.2207e-05
    endloop
  endfacet
  facet normal 0 1 0
    outer loop
      vertex 2.6 3.8 1.2207e-05
      vertex 12.307 3.8 7.62939e-07
      vertex 2.6 3.8 7.62939e-07
    endloop
  endfacet
  facet normal 0 1 0
    outer loop
      vertex 8.42285e-06 3.8 0.0394257
      vertex 0.0394219 3.8 1.2207e-05
      vertex 0.00243457 3.8 0.00243835
    endloop
  endfacet
  facet normal 0 -1 0
    outer loop
      vertex 2.6 2 14
      vertex 3.93 2 10.9657
      vertex 3.93 2 14
    endloop
  endfacet
  facet normal 0 -1 0
    outer loop
      vertex 2.6 2 14
      vertex 3.91949 2 10.9381
      vertex 3.93 2 10.9657
    endloop
  endfacet
  facet normal 0 -1 0
    outer loop
      vertex 2.6 2 14
      vertex 3.91206 2 10.915
      vertex 3.91949 2 10.9381
    endloop
  endfacet
  facet normal 0 -1 0
    outer loop
      vertex 2.6 2 14
      vertex 3.9085 2 10.9039
      vertex 3.91206 2 10.915
    endloop
  endfacet
  facet normal 0 -1 0
    outer loop
      vertex 2.6 2 14
      vertex 3.90341 2 10.884
      vertex 3.9085 2 10.9039
    endloop
  endfacet
  facet normal 0 -1 0
    outer loop
      vertex 2.6 2 14
      vertex 3.90192 2 10.8759
      vertex 3.90341 2 10.884
    endloop
  endfacet
  facet normal 0 -1 0
    outer loop
      vertex 2.6 2 14
      vertex 3.90167 2 10.8746
      vertex 3.90192 2 10.8759
    endloop
  endfacet
  facet normal 0 -1 0
    outer loop
      vertex 2.6 2 14
      vertex 3.90143 2 10.8728
      vertex 3.90167 2 10.8746
    endloop
  endfacet
  facet normal 0 -1 0
    outer loop
      vertex 2.6 2 14
      vertex 3.89816 2 10.8482
      vertex 3.90143 2 10.8728
    endloop
  endfacet
  facet normal 0 -1 0
    outer loop
      vertex 2.6 2 14
      vertex 3.89776 2 10.8433
      vertex 3.89816 2 10.8482
    endloop
  endfacet
  facet normal 0 -1 0
    outer loop
      vertex 2.6 2 14
      vertex 3.89617 2 10.8237
      vertex 3.89776 2 10.8433
    endloop
  endfacet
  facet normal 0 -1 0
    outer loop
      vertex 2.6 2 14
      vertex 3.896 2 10.8174
      vertex 3.89617 2 10.8237
    endloop
  endfacet
  facet normal 0 -1 0
    outer loop
      vertex 2.6 2 14
      vertex 3.89553 2 10.8
      vertex 3.896 2 10.8174
    endloop
  endfacet
  facet normal 0 -1 0
    outer loop
      vertex 2.6 2 14
      vertex 3.8957 2 10.7935
      vertex 3.89553 2 10.8
    endloop
  endfacet
  facet normal 0 -1 0
    outer loop
      vertex 2.6 2 14
      vertex 3.89617 2 10.7763
      vertex 3.8957 2 10.7935
    endloop
  endfacet
  facet normal 0 -1 0
    outer loop
      vertex 2.6 2 14
      vertex 3.89776 2 10.7567
      vertex 3.89617 2 10.7763
    endloop
  endfacet
  facet normal 0 -1 0
    outer loop
      vertex 2.6 2 14
      vertex 3.89816 2 10.7518
      vertex 3.89776 2 10.7567
    endloop
  endfacet
  facet normal 0 -1 0
    outer loop
      vertex 2.6 2 14
      vertex 3.90143 2 10.7272
      vertex 3.89816 2 10.7518
    endloop
  endfacet
  facet normal 0 -1 0
    outer loop
      vertex 2.6 2 14
      vertex 3.90167 2 10.7254
      vertex 3.90143 2 10.7272
    endloop
  endfacet
  facet normal 0 -1 0
    outer loop
      vertex 2.6 2 14
      vertex 3.90192 2 10.7241
      vertex 3.90167 2 10.7254
    endloop
  endfacet
  facet normal 0 -1 0
    outer loop
      vertex 2.6 2 14
      vertex 3.90341 2 10.716
      vertex 3.90192 2 10.7241
    endloop
  endfacet
  facet normal 0 -1 0
    outer loop
      vertex 2.6 2 2.65
      vertex 3.90341 2 10.716
      vertex 2.6 2 14
    endloop
  endfacet
  facet normal 0 -1 -0
    outer loop
      vertex 3.90341 2 10.716
      vertex 2.6 2 2.65
      vertex 3.9085 2 10.6961
    endloop
  endfacet
  facet normal 0 -1 -0
    outer loop
      vertex 3.9085 2 10.6961
      vertex 2.6 2 2.65
      vertex 3.91206 2 10.685
    endloop
  endfacet
  facet normal 0 -1 -0
    outer loop
      vertex 3.91206 2 10.685
      vertex 2.6 2 2.65
      vertex 3.91949 2 10.6619
    endloop
  endfacet
  facet normal 0 -1 -0
    outer loop
      vertex 3.91949 2 10.6619
      vertex 2.6 2 2.65
      vertex 3.93 2 10.6343
    endloop
  endfacet
  facet normal 0 -1 -0
    outer loop
      vertex 3.93 2 3.992
      vertex 2.6 2 2.65
      vertex 6.53 2 3.992
    endloop
  endfacet
  facet normal 0 -1 -0
    outer loop
      vertex 3.93 2 10.6343
      vertex 2.6 2 2.65
      vertex 3.93 2 3.992
    endloop
  endfacet
  facet normal 0 -1 0
    outer loop
      vertex 7.60001 2 13.9606
      vertex 7.5606 2 14
      vertex 6.53 2 14
    endloop
  endfacet
  facet normal 0 -1 0
    outer loop
      vertex 7.5606 2 14
      vertex 7.60001 2 13.9606
      vertex 7.59759 2 13.9976
    endloop
  endfacet
  facet normal 0 -1 0
    outer loop
      vertex 6.53 2 14
      vertex 7.60001 2 8.79998
      vertex 7.60001 2 13.9606
    endloop
  endfacet
  facet normal 0 -1 0
    outer loop
      vertex 6.53 2 3.992
      vertex 7.60001 2 8.79998
      vertex 6.53 2 14
    endloop
  endfacet
  facet normal 0 -1 -0
    outer loop
      vertex 7.60001 2 8.79998
      vertex 6.53 2 3.992
      vertex 7.61028 2 8.64335
    endloop
  endfacet
  facet normal 0 -1 0
    outer loop
      vertex 12.307 2 7.56057
      vertex 12.2676 2 7.59999
      vertex 8.80001 2 7.59999
    endloop
  endfacet
  facet normal 0 -1 0
    outer loop
      vertex 12.2676 2 7.59999
      vertex 12.307 2 7.56057
      vertex 12.3046 2 7.59756
    endloop
  endfacet
  facet normal 0 -1 -0
    outer loop
      vertex 7.61028 2 8.64335
      vertex 6.53 2 3.992
      vertex 7.64091 2 8.48941
    endloop
  endfacet
  facet normal 0 -1 0
    outer loop
      vertex 6.53 2 3.992
      vertex 7.69135 2 8.34077
      vertex 7.64091 2 8.48941
    endloop
  endfacet
  facet normal 0 -1 0
    outer loop
      vertex 6.53 2 3.992
      vertex 7.76078 2 8.19998
      vertex 7.69135 2 8.34077
    endloop
  endfacet
  facet normal 0 -1 0
    outer loop
      vertex 6.53 2 3.992
      vertex 7.84799 2 8.06947
      vertex 7.76078 2 8.19998
    endloop
  endfacet
  facet normal 0 -1 0
    outer loop
      vertex 6.53 2 3.992
      vertex 7.95149 2 7.95146
      vertex 7.84799 2 8.06947
    endloop
  endfacet
  facet normal 0 -1 0
    outer loop
      vertex 6.53 2 3.992
      vertex 8.0695 2 7.84796
      vertex 7.95149 2 7.95146
    endloop
  endfacet
  facet normal 0 -1 0
    outer loop
      vertex 6.53 2 3.992
      vertex 8.20001 2 7.76075
      vertex 8.0695 2 7.84796
    endloop
  endfacet
  facet normal 0 -1 0
    outer loop
      vertex 6.53 2 3.992
      vertex 8.3408 2 7.69133
      vertex 8.20001 2 7.76075
    endloop
  endfacet
  facet normal 0 -1 0
    outer loop
      vertex 6.53 2 3.992
      vertex 8.48943 2 7.64088
      vertex 8.3408 2 7.69133
    endloop
  endfacet
  facet normal 0 -1 0
    outer loop
      vertex 6.53 2 3.992
      vertex 8.64338 2 7.61026
      vertex 8.48943 2 7.64088
    endloop
  endfacet
  facet normal 0 -1 0
    outer loop
      vertex 6.53 2 3.992
      vertex 8.80001 2 7.59999
      vertex 8.64338 2 7.61026
    endloop
  endfacet
  facet normal 0 -1 0
    outer loop
      vertex 12.307 2 2.65
      vertex 8.80001 2 7.59999
      vertex 6.53 2 3.992
    endloop
  endfacet
  facet normal 0 -1 0
    outer loop
      vertex 8.80001 2 7.59999
      vertex 12.307 2 2.65
      vertex 12.307 2 7.56057
    endloop
  endfacet
  facet normal 0 -1 0
    outer loop
      vertex 12.307 2 2.65
      vertex 6.53 2 3.992
      vertex 2.6 2 2.65
    endloop
  endfacet
  facet normal 0.0655345 0 0.99785
    outer loop
      vertex 12.2676 3.8 7.59999
      vertex 12.3046 2 7.59756
      vertex 12.3046 3.8 7.59756
    endloop
  endfacet
  facet normal 0.0655345 0 0.99785
    outer loop
      vertex 12.3046 2 7.59756
      vertex 12.2676 3.8 7.59999
      vertex 12.2676 2 7.59999
    endloop
  endfacet
  facet normal -0 0 1
    outer loop
      vertex 8.80001 3.8 7.59999
      vertex 12.2676 2 7.59999
      vertex 12.2676 3.8 7.59999
    endloop
  endfacet
  facet normal 0 0 1
    outer loop
      vertex 12.2676 2 7.59999
      vertex 8.80001 3.8 7.59999
      vertex 8.80001 2 7.59999
    endloop
  endfacet
  facet normal 0.065428 0 0.997857
    outer loop
      vertex 8.64338 3.8 7.61026
      vertex 8.80001 2 7.59999
      vertex 8.80001 3.8 7.59999
    endloop
  endfacet
  facet normal 0.065428 0 0.997857
    outer loop
      vertex 8.80001 2 7.59999
      vertex 8.64338 3.8 7.61026
      vertex 8.64338 2 7.61026
    endloop
  endfacet
  facet normal 0.195075 0 0.980788
    outer loop
      vertex 8.48943 3.8 7.64088
      vertex 8.64338 2 7.61026
      vertex 8.64338 3.8 7.61026
    endloop
  endfacet
  facet normal 0.195075 0 0.980788
    outer loop
      vertex 8.64338 2 7.61026
      vertex 8.48943 3.8 7.64088
      vertex 8.48943 2 7.64088
    endloop
  endfacet
  facet normal 0.321422 0 0.946936
    outer loop
      vertex 8.3408 3.8 7.69133
      vertex 8.48943 2 7.64088
      vertex 8.48943 3.8 7.64088
    endloop
  endfacet
  facet normal 0.321422 0 0.946936
    outer loop
      vertex 8.48943 2 7.64088
      vertex 8.3408 3.8 7.69133
      vertex 8.3408 2 7.69133
    endloop
  endfacet
  facet normal 0.442238 0 0.896898
    outer loop
      vertex 8.20001 3.8 7.76075
      vertex 8.3408 2 7.69133
      vertex 8.3408 3.8 7.69133
    endloop
  endfacet
  facet normal 0.442238 0 0.896898
    outer loop
      vertex 8.3408 2 7.69133
      vertex 8.20001 3.8 7.76075
      vertex 8.20001 2 7.76075
    endloop
  endfacet
  facet normal 0.555597 0 0.831452
    outer loop
      vertex 8.0695 3.8 7.84796
      vertex 8.20001 2 7.76075
      vertex 8.20001 3.8 7.76075
    endloop
  endfacet
  facet normal 0.555597 0 0.831452
    outer loop
      vertex 8.20001 2 7.76075
      vertex 8.0695 3.8 7.84796
      vertex 8.0695 2 7.84796
    endloop
  endfacet
  facet normal 0.659375 0 0.751815
    outer loop
      vertex 7.95149 3.8 7.95146
      vertex 8.0695 2 7.84796
      vertex 8.0695 3.8 7.84796
    endloop
  endfacet
  facet normal 0.659375 0 0.751815
    outer loop
      vertex 8.0695 2 7.84796
      vertex 7.95149 3.8 7.95146
      vertex 7.95149 2 7.95146
    endloop
  endfacet
  facet normal 0.751815 -0 0.659375
    outer loop
      vertex 7.84799 2 8.06947
      vertex 7.95149 3.8 7.95146
      vertex 7.84799 3.8 8.06947
    endloop
  endfacet
  facet normal 0.751815 0 0.659375
    outer loop
      vertex 7.95149 3.8 7.95146
      vertex 7.84799 2 8.06947
      vertex 7.95149 2 7.95146
    endloop
  endfacet
  facet normal 0.831452 -0 0.555597
    outer loop
      vertex 7.76078 2 8.19998
      vertex 7.84799 3.8 8.06947
      vertex 7.76078 3.8 8.19998
    endloop
  endfacet
  facet normal 0.831452 0 0.555597
    outer loop
      vertex 7.84799 3.8 8.06947
      vertex 7.76078 2 8.19998
      vertex 7.84799 2 8.06947
    endloop
  endfacet
  facet normal 0.896873 -0 0.442289
    outer loop
      vertex 7.69135 2 8.34077
      vertex 7.76078 3.8 8.19998
      vertex 7.69135 3.8 8.34077
    endloop
  endfacet
  facet normal 0.896873 0 0.442289
    outer loop
      vertex 7.76078 3.8 8.19998
      vertex 7.69135 2 8.34077
      vertex 7.76078 2 8.19998
    endloop
  endfacet
  facet normal 0.946962 -0 0.321345
    outer loop
      vertex 7.64091 2 8.48941
      vertex 7.69135 3.8 8.34077
      vertex 7.64091 3.8 8.48941
    endloop
  endfacet
  facet normal 0.946962 0 0.321345
    outer loop
      vertex 7.69135 3.8 8.34077
      vertex 7.64091 2 8.48941
      vertex 7.69135 2 8.34077
    endloop
  endfacet
  facet normal 0.980774 -0 0.195148
    outer loop
      vertex 7.61028 2 8.64335
      vertex 7.64091 3.8 8.48941
      vertex 7.61028 3.8 8.64335
    endloop
  endfacet
  facet normal 0.980774 0 0.195148
    outer loop
      vertex 7.64091 3.8 8.48941
      vertex 7.61028 2 8.64335
      vertex 7.64091 2 8.48941
    endloop
  endfacet
  facet normal 0.997857 -0 0.065428
    outer loop
      vertex 7.60001 2 8.79998
      vertex 7.61028 3.8 8.64335
      vertex 7.60001 3.8 8.79998
    endloop
  endfacet
  facet normal 0.997857 0 0.065428
    outer loop
      vertex 7.61028 3.8 8.64335
      vertex 7.60001 2 8.79998
      vertex 7.61028 2 8.64335
    endloop
  endfacet
  facet normal 1 -0 0
    outer loop
      vertex 7.60001 2 13.9606
      vertex 7.60001 3.8 8.79998
      vertex 7.60001 3.8 13.9606
    endloop
  endfacet
  facet normal 1 0 0
    outer loop
      vertex 7.60001 3.8 8.79998
      vertex 7.60001 2 13.9606
      vertex 7.60001 2 8.79998
    endloop
  endfacet
  facet normal 0.997868 -0 0.065266
    outer loop
      vertex 7.59759 2 13.9976
      vertex 7.60001 3.8 13.9606
      vertex 7.59759 3.8 13.9976
    endloop
  endfacet
  facet normal 0.997868 0 0.065266
    outer loop
      vertex 7.60001 3.8 13.9606
      vertex 7.59759 2 13.9976
      vertex 7.60001 2 13.9606
    endloop
  endfacet
  facet normal 0.0647463 0 0.997902
    outer loop
      vertex 7.5606 3.8 14
      vertex 7.59759 2 13.9976
      vertex 7.59759 3.8 13.9976
    endloop
  endfacet
  facet normal 0.0647463 0 0.997902
    outer loop
      vertex 7.59759 2 13.9976
      vertex 7.5606 3.8 14
      vertex 7.5606 2 14
    endloop
  endfacet
  facet normal 0 0 1
    outer loop
      vertex 7.5606 3.8 14
      vertex 6.53 2.85 14
      vertex 7.5606 2 14
    endloop
  endfacet
  facet normal 0 0 1
    outer loop
      vertex 7.5606 3.8 14
      vertex 3.93 2.85 14
      vertex 6.53 2.85 14
    endloop
  endfacet
  facet normal 0 0 1
    outer loop
      vertex 2.6 2 14
      vertex 3.93 2.85 14
      vertex 2.6 3.79999 14
    endloop
  endfacet
  facet normal 0 0 1
    outer loop
      vertex 7.5606 3.8 14
      vertex 2.6 3.79999 14
      vertex 3.93 2.85 14
    endloop
  endfacet
  facet normal -0 0 1
    outer loop
      vertex 0.0394219 3.8 14
      vertex 2.6 3.79999 14
      vertex 7.5606 3.8 14
    endloop
  endfacet
  facet normal 0 0 1
    outer loop
      vertex 2.6 3.79999 14
      vertex 0.0394219 3.8 14
      vertex 0.0394219 3.79999 14
    endloop
  endfacet
  facet normal 0 0 1
    outer loop
      vertex 7.5606 2 14
      vertex 6.53 2.85 14
      vertex 6.53 2 14
    endloop
  endfacet
  facet normal 0 0 1
    outer loop
      vertex 3.93 2.85 14
      vertex 2.6 2 14
      vertex 3.93 2 14
    endloop
  endfacet
  facet normal -0.0647509 0 0.997901
    outer loop
      vertex 0.00243457 3.8 13.9976
      vertex 0.0394219 3.79999 14
      vertex 0.0394219 3.8 14
    endloop
  endfacet
  facet normal -0.0647509 0 0.997901
    outer loop
      vertex 0.0394219 3.79999 14
      vertex 0.00243457 3.8 13.9976
      vertex 0.00243457 3.79999 13.9976
    endloop
  endfacet
  facet normal -0.997857 0 0.065431
    outer loop
      vertex 8.42285e-06 3.79999 13.9606
      vertex 0.00243457 3.8 13.9976
      vertex 8.42285e-06 3.8 13.9606
    endloop
  endfacet
  facet normal -0.997857 0 0.065431
    outer loop
      vertex 0.00243457 3.8 13.9976
      vertex 8.42285e-06 3.79999 13.9606
      vertex 0.00243457 3.79999 13.9976
    endloop
  endfacet
  facet normal -1 0 0
    outer loop
      vertex 8.42285e-06 3.79999 0.0394257
      vertex 8.42285e-06 3.8 13.9606
      vertex 8.42285e-06 3.8 0.0394257
    endloop
  endfacet
  facet normal -1 -0 0
    outer loop
      vertex 8.42285e-06 3.8 13.9606
      vertex 8.42285e-06 3.79999 0.0394257
      vertex 8.42285e-06 3.79999 13.9606
    endloop
  endfacet
  facet normal -0.997856 0.000453148 -0.0654533
    outer loop
      vertex 0.00243457 3.8 0.00243835
      vertex 0.000437803 3.79999 0.0328796
      vertex 8.42285e-06 3.8 0.0394257
    endloop
  endfacet
  facet normal -0.997856 0 -0.0654535
    outer loop
      vertex 0.000437803 3.79999 0.0328796
      vertex 0.00243457 3.8 0.00243835
      vertex 0.00243457 3.79798 0.00243835
    endloop
  endfacet
  facet normal -0.997856 -0 -0.0654526
    outer loop
      vertex 8.42285e-06 3.8 0.0394257
      vertex 0.000437803 3.79999 0.0328796
      vertex 8.42285e-06 3.79999 0.0394257
    endloop
  endfacet
  facet normal -0.0654535 0 -0.997856
    outer loop
      vertex 0.00848281 3.79796 0.00204163
      vertex 0.0394219 3.8 1.2207e-05
      vertex 0.0394219 3.76712 1.2207e-05
    endloop
  endfacet
  facet normal -0.065452 -0 -0.997856
    outer loop
      vertex 0.00243457 3.8 0.00243835
      vertex 0.00848281 3.79796 0.00204163
      vertex 0.00243457 3.79798 0.00243835
    endloop
  endfacet
  facet normal -0.0654532 -3.72381e-06 -0.997856
    outer loop
      vertex 0.00848281 3.79796 0.00204163
      vertex 0.00243457 3.8 0.00243835
      vertex 0.0394219 3.8 1.2207e-05
    endloop
  endfacet
  facet normal 0 0 -1
    outer loop
      vertex 2.6 -8.11713 1.2207e-05
      vertex 0.0394219 3.76712 1.2207e-05
      vertex 2.6 3.8 1.2207e-05
    endloop
  endfacet
  facet normal 0 0 -1
    outer loop
      vertex 7.93457e-07 -8.11713 1.2207e-05
      vertex 0.0394219 3.76712 1.2207e-05
      vertex 2.6 -8.11713 1.2207e-05
    endloop
  endfacet
  facet normal -0 0 -1
    outer loop
      vertex 0.0394219 3.76712 1.2207e-05
      vertex 7.93457e-07 -8.11713 1.2207e-05
      vertex 7.93457e-07 3.76712 1.2207e-05
    endloop
  endfacet
  facet normal -0 0 -1
    outer loop
      vertex 2.6 3.8 1.2207e-05
      vertex 0.0394219 3.76712 1.2207e-05
      vertex 0.0394219 3.8 1.2207e-05
    endloop
  endfacet
  facet normal 1 0 0
    outer loop
      vertex 12.307 2 2.65
      vertex 12.307 3.8 7.56057
      vertex 12.307 2 7.56057
    endloop
  endfacet
  facet normal 1 0 0
    outer loop
      vertex 12.307 3.8 7.56057
      vertex 12.307 2 2.65
      vertex 12.307 3.8 7.62939e-07
    endloop
  endfacet
  facet normal 1 0 0
    outer loop
      vertex 12.307 0.0999994 2
      vertex 12.307 2 2.65
      vertex 12.307 0.0999994 2.65
    endloop
  endfacet
  facet normal 1 0 0
    outer loop
      vertex 12.307 2 2.65
      vertex 12.307 0.0999994 2
      vertex 12.307 3.8 7.62939e-07
    endloop
  endfacet
  facet normal 1 0 0
    outer loop
      vertex 12.307 -8.15 7.62939e-07
      vertex 12.307 0.0999994 2
      vertex 12.307 -8.15 2
    endloop
  endfacet
  facet normal 1 0 0
    outer loop
      vertex 12.307 0.0999994 2
      vertex 12.307 -8.15 7.62939e-07
      vertex 12.307 3.8 7.62939e-07
    endloop
  endfacet
  facet normal 0.997902 -0 0.0647463
    outer loop
      vertex 12.3046 2 7.59756
      vertex 12.307 3.8 7.56057
      vertex 12.3046 3.8 7.59756
    endloop
  endfacet
  facet normal 0.997902 0 0.0647463
    outer loop
      vertex 12.307 3.8 7.56057
      vertex 12.3046 2 7.59756
      vertex 12.307 2 7.56057
    endloop
  endfacet
  facet normal 0 -1 0
    outer loop
      vertex 7.93457e-07 -8.14999 27.9671
      vertex 2.6 -8.14999 10.2
      vertex 2.6 -8.14999 27.9671
    endloop
  endfacet
  facet normal 0 -1 0
    outer loop
      vertex 7.93457e-07 -8.14999 0.0328796
      vertex 2.6 -8.14999 10.2
      vertex 7.93457e-07 -8.14999 27.9671
    endloop
  endfacet
  facet normal 0 -1 -0
    outer loop
      vertex 2.6 -8.14999 10.2
      vertex 7.93457e-07 -8.14999 0.0328796
      vertex 2.6 -8.14999 0.0328796
    endloop
  endfacet
  facet normal 0 -0.997849 0.0655545
    outer loop
      vertex 7.93457e-07 -8.14999 27.9671
      vertex 2.6 -8.14796 27.998
      vertex 7.93457e-07 -8.14796 27.998
    endloop
  endfacet
  facet normal 0 -0.997849 0.0655545
    outer loop
      vertex 2.6 -8.14796 27.998
      vertex 7.93457e-07 -8.14999 27.9671
      vertex 2.6 -8.14999 27.9671
    endloop
  endfacet
  facet normal 0 -0.0647358 0.997902
    outer loop
      vertex 7.93457e-07 -8.11713 28
      vertex 2.6 -8.14796 27.998
      vertex 2.6 -8.11713 28
    endloop
  endfacet
  facet normal 0 -0.0647358 0.997902
    outer loop
      vertex 2.6 -8.14796 27.998
      vertex 7.93457e-07 -8.11713 28
      vertex 7.93457e-07 -8.14796 27.998
    endloop
  endfacet
  facet normal 0 0.997827 -0.0658854
    outer loop
      vertex 0.00243457 3.79798 0.00243835
      vertex 7.93457e-07 3.79999 0.0328796
      vertex 0.000437803 3.79999 0.0328796
    endloop
  endfacet
  facet normal 0.00250723 0.997837 -0.0656856
    outer loop
      vertex 0.00243457 3.79798 0.00243835
      vertex 7.93457e-07 3.79796 0.00204163
      vertex 7.93457e-07 3.79999 0.0328796
    endloop
  endfacet
  facet normal 0 0.998732 -0.0503494
    outer loop
      vertex 7.93457e-07 3.79796 0.00204163
      vertex 0.00243457 3.79798 0.00243835
      vertex 0.00848281 3.79796 0.00204163
    endloop
  endfacet
  facet normal 0 0.997849 0.0655545
    outer loop
      vertex 2.6 3.79999 27.9671
      vertex 7.93457e-07 3.79796 27.998
      vertex 2.6 3.79796 27.998
    endloop
  endfacet
  facet normal 0 0.997849 0.0655545
    outer loop
      vertex 7.93457e-07 3.79796 27.998
      vertex 2.6 3.79999 27.9671
      vertex 7.93457e-07 3.79999 27.9671
    endloop
  endfacet
  facet normal 0 -0.99784 -0.0656858
    outer loop
      vertex 7.93457e-07 -8.14796 0.00204163
      vertex 2.6 -8.14999 0.0328796
      vertex 7.93457e-07 -8.14999 0.0328796
    endloop
  endfacet
  facet normal 0 -0.99784 -0.0656858
    outer loop
      vertex 2.6 -8.14999 0.0328796
      vertex 7.93457e-07 -8.14796 0.00204163
      vertex 2.6 -8.14796 0.00204163
    endloop
  endfacet
  facet normal -1 0 0
    outer loop
      vertex 7.93457e-07 3.76712 1.2207e-05
      vertex 7.93457e-07 3.79999 0.0328796
      vertex 7.93457e-07 3.79796 0.00204163
    endloop
  endfacet
  facet normal -1 0 0
    outer loop
      vertex 7.93457e-07 3.79999 0.0328796
      vertex 7.93457e-07 -0.177261 8.70706
      vertex 7.93457e-07 3.79999 27.9671
    endloop
  endfacet
  facet normal -1 0 0
    outer loop
      vertex 7.93457e-07 -0.550003 5.60717
      vertex 7.93457e-07 3.79999 0.0328796
      vertex 7.93457e-07 3.76712 1.2207e-05
    endloop
  endfacet
  facet normal -1 0 0
    outer loop
      vertex 7.93457e-07 -0.210892 8.80615
      vertex 7.93457e-07 3.79999 27.9671
      vertex 7.93457e-07 -0.177261 8.70706
    endloop
  endfacet
  facet normal -1 0 0
    outer loop
      vertex 7.93457e-07 3.79999 0.0328796
      vertex 7.93457e-07 -0.149994 6.3
      vertex 7.93457e-07 -0.149994 8.5
    endloop
  endfacet
  facet normal -1 0 0
    outer loop
      vertex 7.93457e-07 3.79999 0.0328796
      vertex 7.93457e-07 -0.156845 6.19558
      vertex 7.93457e-07 -0.149994 6.3
    endloop
  endfacet
  facet normal -1 0 0
    outer loop
      vertex 7.93457e-07 3.79999 0.0328796
      vertex 7.93457e-07 -0.177261 6.09294
      vertex 7.93457e-07 -0.156845 6.19558
    endloop
  endfacet
  facet normal -1 0 0
    outer loop
      vertex 7.93457e-07 3.79999 0.0328796
      vertex 7.93457e-07 -0.210892 5.99385
      vertex 7.93457e-07 -0.177261 6.09294
    endloop
  endfacet
  facet normal -1 0 0
    outer loop
      vertex 7.93457e-07 3.79999 0.0328796
      vertex 7.93457e-07 -0.257172 5.90001
      vertex 7.93457e-07 -0.210892 5.99385
    endloop
  endfacet
  facet normal -1 0 0
    outer loop
      vertex 7.93457e-07 3.79999 0.0328796
      vertex 7.93457e-07 -0.315308 5.81299
      vertex 7.93457e-07 -0.257172 5.90001
    endloop
  endfacet
  facet normal -1 0 0
    outer loop
      vertex 7.93457e-07 3.79999 0.0328796
      vertex 7.93457e-07 -0.384308 5.73431
      vertex 7.93457e-07 -0.315308 5.81299
    endloop
  endfacet
  facet normal -1 0 0
    outer loop
      vertex 7.93457e-07 3.79999 0.0328796
      vertex 7.93457e-07 -0.462982 5.66531
      vertex 7.93457e-07 -0.384308 5.73431
    endloop
  endfacet
  facet normal -1 0 0
    outer loop
      vertex 7.93457e-07 3.79999 0.0328796
      vertex 7.93457e-07 -0.550003 5.60717
      vertex 7.93457e-07 -0.462982 5.66531
    endloop
  endfacet
  facet normal -1 0 0
    outer loop
      vertex 7.93457e-07 3.76712 1.2207e-05
      vertex 7.93457e-07 -0.643845 5.56089
      vertex 7.93457e-07 -0.550003 5.60717
    endloop
  endfacet
  facet normal -1 0 0
    outer loop
      vertex 7.93457e-07 3.76712 1.2207e-05
      vertex 7.93457e-07 -0.742935 5.52726
      vertex 7.93457e-07 -0.643845 5.56089
    endloop
  endfacet
  facet normal -1 0 0
    outer loop
      vertex 7.93457e-07 3.76712 1.2207e-05
      vertex 7.93457e-07 -0.845581 5.50685
      vertex 7.93457e-07 -0.742935 5.52726
    endloop
  endfacet
  facet normal -1 0 0
    outer loop
      vertex 7.93457e-07 3.76712 1.2207e-05
      vertex 7.93457e-07 -0.949997 5.5
      vertex 7.93457e-07 -0.845581 5.50685
    endloop
  endfacet
  facet normal -1 0 0
    outer loop
      vertex 7.93457e-07 -8.11713 1.2207e-05
      vertex 7.93457e-07 -0.949997 5.5
      vertex 7.93457e-07 3.76712 1.2207e-05
    endloop
  endfacet
  facet normal -1 -0 0
    outer loop
      vertex 7.93457e-07 -0.949997 5.5
      vertex 7.93457e-07 -8.11713 1.2207e-05
      vertex 7.93457e-07 -5.45 5.5
    endloop
  endfacet
  facet normal -1 -0 0
    outer loop
      vertex 7.93457e-07 -5.45 5.5
      vertex 7.93457e-07 -8.11713 1.2207e-05
      vertex 7.93457e-07 -5.55441 5.50685
    endloop
  endfacet
  facet normal -1 0 0
    outer loop
      vertex 7.93457e-07 -8.14999 0.0328796
      vertex 7.93457e-07 -5.55441 5.50685
      vertex 7.93457e-07 -8.11713 1.2207e-05
    endloop
  endfacet
  facet normal -1 -0 0
    outer loop
      vertex 7.93457e-07 -5.55441 5.50685
      vertex 7.93457e-07 -8.14999 0.0328796
      vertex 7.93457e-07 -5.65706 5.52726
    endloop
  endfacet
  facet normal -1 -0 0
    outer loop
      vertex 7.93457e-07 -6.24315 6.19558
      vertex 7.93457e-07 -8.14999 0.0328796
      vertex 7.93457e-07 -6.25 6.3
    endloop
  endfacet
  facet normal -1 -0 0
    outer loop
      vertex 7.93457e-07 -6.22273 6.09294
      vertex 7.93457e-07 -8.14999 0.0328796
      vertex 7.93457e-07 -6.24315 6.19558
    endloop
  endfacet
  facet normal -1 -0 0
    outer loop
      vertex 7.93457e-07 -6.1891 5.99385
      vertex 7.93457e-07 -8.14999 0.0328796
      vertex 7.93457e-07 -6.22273 6.09294
    endloop
  endfacet
  facet normal -1 -0 0
    outer loop
      vertex 7.93457e-07 -6.14282 5.90001
      vertex 7.93457e-07 -8.14999 0.0328796
      vertex 7.93457e-07 -6.1891 5.99385
    endloop
  endfacet
  facet normal -1 -0 0
    outer loop
      vertex 7.93457e-07 -6.08469 5.81299
      vertex 7.93457e-07 -8.14999 0.0328796
      vertex 7.93457e-07 -6.14282 5.90001
    endloop
  endfacet
  facet normal -1 -0 0
    outer loop
      vertex 7.93457e-07 -6.01569 5.73431
      vertex 7.93457e-07 -8.14999 0.0328796
      vertex 7.93457e-07 -6.08469 5.81299
    endloop
  endfacet
  facet normal -1 -0 0
    outer loop
      vertex 7.93457e-07 -5.93701 5.66531
      vertex 7.93457e-07 -8.14999 0.0328796
      vertex 7.93457e-07 -6.01569 5.73431
    endloop
  endfacet
  facet normal -1 -0 0
    outer loop
      vertex 7.93457e-07 -5.84999 5.60717
      vertex 7.93457e-07 -8.14999 0.0328796
      vertex 7.93457e-07 -5.93701 5.66531
    endloop
  endfacet
  facet normal -1 -0 0
    outer loop
      vertex 7.93457e-07 -5.75615 5.56089
      vertex 7.93457e-07 -8.14999 0.0328796
      vertex 7.93457e-07 -5.84999 5.60717
    endloop
  endfacet
  facet normal -1 -0 0
    outer loop
      vertex 7.93457e-07 -5.65706 5.52726
      vertex 7.93457e-07 -8.14999 0.0328796
      vertex 7.93457e-07 -5.75615 5.56089
    endloop
  endfacet
  facet normal -1 0 0
    outer loop
      vertex 7.93457e-07 3.79999 0.0328796
      vertex 7.93457e-07 -0.149994 8.5
      vertex 7.93457e-07 -0.156845 8.60441
    endloop
  endfacet
  facet normal -1 0 0
    outer loop
      vertex 7.93457e-07 3.79999 0.0328796
      vertex 7.93457e-07 -0.156845 8.60441
      vertex 7.93457e-07 -0.177261 8.70706
    endloop
  endfacet
  facet normal -1 0 0
    outer loop
      vertex 7.93457e-07 -0.257172 8.89999
      vertex 7.93457e-07 3.79999 27.9671
      vertex 7.93457e-07 -0.210892 8.80615
    endloop
  endfacet
  facet normal -1 0 0
    outer loop
      vertex 7.93457e-07 -0.315308 8.98701
      vertex 7.93457e-07 3.79999 27.9671
      vertex 7.93457e-07 -0.257172 8.89999
    endloop
  endfacet
  facet normal -1 0 0
    outer loop
      vertex 7.93457e-07 -0.384308 9.06569
      vertex 7.93457e-07 3.79999 27.9671
      vertex 7.93457e-07 -0.315308 8.98701
    endloop
  endfacet
  facet normal -1 0 0
    outer loop
      vertex 7.93457e-07 -0.462982 9.13469
      vertex 7.93457e-07 3.79999 27.9671
      vertex 7.93457e-07 -0.384308 9.06569
    endloop
  endfacet
  facet normal -1 0 0
    outer loop
      vertex 7.93457e-07 -0.550003 9.19282
      vertex 7.93457e-07 3.79999 27.9671
      vertex 7.93457e-07 -0.462982 9.13469
    endloop
  endfacet
  facet normal -1 0 0
    outer loop
      vertex 7.93457e-07 -0.643845 9.2391
      vertex 7.93457e-07 3.79999 27.9671
      vertex 7.93457e-07 -0.550003 9.19282
    endloop
  endfacet
  facet normal -1 0 0
    outer loop
      vertex 7.93457e-07 -0.742935 9.27273
      vertex 7.93457e-07 3.79999 27.9671
      vertex 7.93457e-07 -0.643845 9.2391
    endloop
  endfacet
  facet normal -1 0 0
    outer loop
      vertex 7.93457e-07 3.79999 27.9671
      vertex 7.93457e-07 3.76712 28
      vertex 7.93457e-07 3.79796 27.998
    endloop
  endfacet
  facet normal -1 0 0
    outer loop
      vertex 7.93457e-07 -0.845581 9.29315
      vertex 7.93457e-07 3.79999 27.9671
      vertex 7.93457e-07 -0.742935 9.27273
    endloop
  endfacet
  facet normal -1 0 0
    outer loop
      vertex 7.93457e-07 -0.949997 9.3
      vertex 7.93457e-07 3.79999 27.9671
      vertex 7.93457e-07 -0.845581 9.29315
    endloop
  endfacet
  facet normal -1 0 0
    outer loop
      vertex 7.93457e-07 -8.14999 27.9671
      vertex 7.93457e-07 3.79999 27.9671
      vertex 7.93457e-07 -0.949997 9.3
    endloop
  endfacet
  facet normal -1 0 0
    outer loop
      vertex 7.93457e-07 -8.14999 27.9671
      vertex 7.93457e-07 -0.949997 9.3
      vertex 7.93457e-07 -5.45 9.3
    endloop
  endfacet
  facet normal -1 0 0
    outer loop
      vertex 7.93457e-07 -8.14999 27.9671
      vertex 7.93457e-07 -5.45 9.3
      vertex 7.93457e-07 -5.55441 9.29315
    endloop
  endfacet
  facet normal -1 0 0
    outer loop
      vertex 7.93457e-07 -8.14999 27.9671
      vertex 7.93457e-07 -5.55441 9.29315
      vertex 7.93457e-07 -5.65706 9.27273
    endloop
  endfacet
  facet normal -1 0 0
    outer loop
      vertex 7.93457e-07 -8.14999 27.9671
      vertex 7.93457e-07 -5.65706 9.27273
      vertex 7.93457e-07 -5.75615 9.2391
    endloop
  endfacet
  facet normal -1 0 0
    outer loop
      vertex 7.93457e-07 -8.14999 27.9671
      vertex 7.93457e-07 -5.75615 9.2391
      vertex 7.93457e-07 -5.84999 9.19282
    endloop
  endfacet
  facet normal -1 0 0
    outer loop
      vertex 7.93457e-07 -8.14999 27.9671
      vertex 7.93457e-07 -5.84999 9.19282
      vertex 7.93457e-07 -5.93701 9.13469
    endloop
  endfacet
  facet normal -1 0 0
    outer loop
      vertex 7.93457e-07 -8.14999 27.9671
      vertex 7.93457e-07 -5.93701 9.13469
      vertex 7.93457e-07 -6.01569 9.06569
    endloop
  endfacet
  facet normal -1 0 0
    outer loop
      vertex 7.93457e-07 -8.14999 27.9671
      vertex 7.93457e-07 -6.01569 9.06569
      vertex 7.93457e-07 -6.08469 8.98701
    endloop
  endfacet
  facet normal -1 0 0
    outer loop
      vertex 7.93457e-07 -8.14999 27.9671
      vertex 7.93457e-07 -6.08469 8.98701
      vertex 7.93457e-07 -6.14282 8.89999
    endloop
  endfacet
  facet normal -1 -0 0
    outer loop
      vertex 7.93457e-07 -6.25 6.3
      vertex 7.93457e-07 -8.14999 0.0328796
      vertex 7.93457e-07 -6.25 8.5
    endloop
  endfacet
  facet normal -1 -0 0
    outer loop
      vertex 7.93457e-07 -6.25 8.5
      vertex 7.93457e-07 -8.14999 0.0328796
      vertex 7.93457e-07 -6.24315 8.60441
    endloop
  endfacet
  facet normal -1 0 0
    outer loop
      vertex 7.93457e-07 3.79999 27.9671
      vertex 7.93457e-07 -8.14999 27.9671
      vertex 7.93457e-07 3.76712 28
    endloop
  endfacet
  facet normal -1 0 0
    outer loop
      vertex 7.93457e-07 -8.14999 27.9671
      vertex 7.93457e-07 -6.14282 8.89999
      vertex 7.93457e-07 -6.1891 8.80615
    endloop
  endfacet
  facet normal -1 0 0
    outer loop
      vertex 7.93457e-07 -8.14999 27.9671
      vertex 7.93457e-07 -6.1891 8.80615
      vertex 7.93457e-07 -6.22273 8.70706
    endloop
  endfacet
  facet normal -1 0 0
    outer loop
      vertex 7.93457e-07 -8.14999 27.9671
      vertex 7.93457e-07 -6.24315 8.60441
      vertex 7.93457e-07 -8.14999 0.0328796
    endloop
  endfacet
  facet normal -1 0 0
    outer loop
      vertex 7.93457e-07 -8.14999 0.0328796
      vertex 7.93457e-07 -8.11713 1.2207e-05
      vertex 7.93457e-07 -8.14796 0.00204163
    endloop
  endfacet
  facet normal -1 0 0
    outer loop
      vertex 7.93457e-07 -6.24315 8.60441
      vertex 7.93457e-07 -8.14999 27.9671
      vertex 7.93457e-07 -6.22273 8.70706
    endloop
  endfacet
  facet normal -1 -0 0
    outer loop
      vertex 7.93457e-07 3.76712 28
      vertex 7.93457e-07 -8.14999 27.9671
      vertex 7.93457e-07 -8.11713 28
    endloop
  endfacet
  facet normal -1 0 0
    outer loop
      vertex 7.93457e-07 -8.11713 28
      vertex 7.93457e-07 -8.14999 27.9671
      vertex 7.93457e-07 -8.14796 27.998
    endloop
  endfacet
  facet normal 0 0.0656629 -0.997842
    outer loop
      vertex 7.93457e-07 3.76712 1.2207e-05
      vertex 0.00848281 3.79796 0.00204163
      vertex 0.0394219 3.76712 1.2207e-05
    endloop
  endfacet
  facet normal 0 0.0656629 -0.997842
    outer loop
      vertex 0.00848281 3.79796 0.00204163
      vertex 7.93457e-07 3.76712 1.2207e-05
      vertex 7.93457e-07 3.79796 0.00204163
    endloop
  endfacet
  facet normal 0 -0.0656841 -0.99784
    outer loop
      vertex 7.93457e-07 -8.14796 0.00204163
      vertex 2.6 -8.11713 1.2207e-05
      vertex 2.6 -8.14796 0.00204163
    endloop
  endfacet
  facet normal -0 -0.0656841 -0.99784
    outer loop
      vertex 2.6 -8.11713 1.2207e-05
      vertex 7.93457e-07 -8.14796 0.00204163
      vertex 7.93457e-07 -8.11713 1.2207e-05
    endloop
  endfacet
  facet normal 0 1 -0
    outer loop
      vertex 2.6 3.79999 14
      vertex 7.93457e-07 3.79999 27.9671
      vertex 2.6 3.79999 27.9671
    endloop
  endfacet
  facet normal 0 1 -0
    outer loop
      vertex 0.0394219 3.79999 14
      vertex 7.93457e-07 3.79999 27.9671
      vertex 2.6 3.79999 14
    endloop
  endfacet
  facet normal 0 1 -0
    outer loop
      vertex 0.00243457 3.79999 13.9976
      vertex 7.93457e-07 3.79999 27.9671
      vertex 0.0394219 3.79999 14
    endloop
  endfacet
  facet normal 0 1 -0
    outer loop
      vertex 8.42285e-06 3.79999 13.9606
      vertex 7.93457e-07 3.79999 27.9671
      vertex 0.00243457 3.79999 13.9976
    endloop
  endfacet
  facet normal 0 1 -0
    outer loop
      vertex 8.42285e-06 3.79999 0.0394257
      vertex 7.93457e-07 3.79999 27.9671
      vertex 8.42285e-06 3.79999 13.9606
    endloop
  endfacet
  facet normal 0 1 0
    outer loop
      vertex 8.42285e-06 3.79999 0.0394257
      vertex 7.93457e-07 3.79999 0.0328796
      vertex 7.93457e-07 3.79999 27.9671
    endloop
  endfacet
  facet normal 0 1 0
    outer loop
      vertex 7.93457e-07 3.79999 0.0328796
      vertex 8.42285e-06 3.79999 0.0394257
      vertex 0.000437803 3.79999 0.0328796
    endloop
  endfacet
  facet normal 0 0 1
    outer loop
      vertex 2.6 3.76712 28
      vertex 2.35 0.25 28
      vertex 2.6 0.25 28
    endloop
  endfacet
  facet normal 0 0 1
    outer loop
      vertex 7.93457e-07 -8.11713 28
      vertex 2.35 0.25 28
      vertex 7.93457e-07 3.76712 28
    endloop
  endfacet
  facet normal -0 0 1
    outer loop
      vertex 7.93457e-07 3.76712 28
      vertex 2.35 0.25 28
      vertex 2.6 3.76712 28
    endloop
  endfacet
  facet normal -0 0 1
    outer loop
      vertex 2.35 -6.65 28
      vertex 2.6 -8.11713 28
      vertex 2.6 -6.65 28
    endloop
  endfacet
  facet normal 0 0 1
    outer loop
      vertex 2.35 0.25 28
      vertex 7.93457e-07 -8.11713 28
      vertex 2.35 -6.65 28
    endloop
  endfacet
  facet normal 0 0 1
    outer loop
      vertex 2.35 -6.65 28
      vertex 7.93457e-07 -8.11713 28
      vertex 2.6 -8.11713 28
    endloop
  endfacet
  facet normal -1 0 0
    outer loop
      vertex 2.6 3.8 7.62939e-07
      vertex 2.6 -8.11713 1.2207e-05
      vertex 2.6 3.8 1.2207e-05
    endloop
  endfacet
  facet normal -1 0 0
    outer loop
      vertex 2.6 -8.15 7.62939e-07
      vertex 2.6 -8.11713 1.2207e-05
      vertex 2.6 3.8 7.62939e-07
    endloop
  endfacet
  facet normal -1 0 0
    outer loop
      vertex 2.6 -8.15 7.62939e-07
      vertex 2.6 -8.14796 0.00204163
      vertex 2.6 -8.11713 1.2207e-05
    endloop
  endfacet
  facet normal -1 0 0
    outer loop
      vertex 2.6 -8.15 7.62939e-07
      vertex 2.6 -8.14999 0.0328796
      vertex 2.6 -8.14796 0.00204163
    endloop
  endfacet
  facet normal -1 0 0
    outer loop
      vertex 2.6 -8.15 10.2
      vertex 2.6 -8.14999 0.0328796
      vertex 2.6 -8.15 7.62939e-07
    endloop
  endfacet
  facet normal -1 0 0
    outer loop
      vertex 2.6 -8.14999 0.0328796
      vertex 2.6 -8.15 10.2
      vertex 2.6 -8.14999 10.2
    endloop
  endfacet
  facet normal 1 0 0
    outer loop
      vertex 2.6 -8.14999 27.9671
      vertex 2.6 -6.65 28
      vertex 2.6 -8.11713 28
    endloop
  endfacet
  facet normal 1 0 0
    outer loop
      vertex 2.6 -8.14999 27.9671
      vertex 2.6 -8.11713 28
      vertex 2.6 -8.14796 27.998
    endloop
  endfacet
  facet normal 1 0 0
    outer loop
      vertex 2.6 -6.65 28
      vertex 2.6 -8.14999 27.9671
      vertex 2.6 -6.65 10.2
    endloop
  endfacet
  facet normal 1 0 0
    outer loop
      vertex 2.6 -6.65 10.2
      vertex 2.6 -8.14999 27.9671
      vertex 2.6 -8.14999 10.2
    endloop
  endfacet
  facet normal 1 0 0
    outer loop
      vertex 2.6 3.76712 28
      vertex 2.6 3.79999 27.9671
      vertex 2.6 3.79796 27.998
    endloop
  endfacet
  facet normal 1 -0 0
    outer loop
      vertex 2.6 0.25 28
      vertex 2.6 3.79999 27.9671
      vertex 2.6 3.76712 28
    endloop
  endfacet
  facet normal 1 0 0
    outer loop
      vertex 2.6 3.79999 27.9671
      vertex 2.6 2 14
      vertex 2.6 3.79999 14
    endloop
  endfacet
  facet normal 1 0 0
    outer loop
      vertex 2.6 3.79999 27.9671
      vertex 2.6 0.25 28
      vertex 2.6 2 14
    endloop
  endfacet
  facet normal 1 0 0
    outer loop
      vertex 2.6 0.25 2.65
      vertex 2.6 2 14
      vertex 2.6 0.25 28
    endloop
  endfacet
  facet normal 1 0 0
    outer loop
      vertex 2.6 2 14
      vertex 2.6 0.25 2.65
      vertex 2.6 2 2.65
    endloop
  endfacet
  facet normal -0 0.0647149 0.997904
    outer loop
      vertex 7.93457e-07 3.79796 27.998
      vertex 2.6 3.76712 28
      vertex 2.6 3.79796 27.998
    endloop
  endfacet
  facet normal 0 0.0647149 0.997904
    outer loop
      vertex 2.6 3.76712 28
      vertex 7.93457e-07 3.79796 27.998
      vertex 7.93457e-07 3.76712 28
    endloop
  endfacet
  facet normal 0 0 -1
    outer loop
      vertex 7.88904 -2.92589 7.62939e-07
      vertex 12.307 -8.15 7.62939e-07
      vertex 7.907 -3.2 7.62939e-07
    endloop
  endfacet
  facet normal 0 0 -1
    outer loop
      vertex 12.307 -8.15 7.62939e-07
      vertex 7.88904 -3.4741 7.62939e-07
      vertex 7.907 -3.2 7.62939e-07
    endloop
  endfacet
  facet normal 0 0 -1
    outer loop
      vertex 12.307 -8.15 7.62939e-07
      vertex 7.83544 -3.74352 7.62939e-07
      vertex 7.88904 -3.4741 7.62939e-07
    endloop
  endfacet
  facet normal 0 0 -1
    outer loop
      vertex 12.307 -8.15 7.62939e-07
      vertex 7.74715 -4.00363 7.62939e-07
      vertex 7.83544 -3.74352 7.62939e-07
    endloop
  endfacet
  facet normal 0 0 -1
    outer loop
      vertex 12.307 -8.15 7.62939e-07
      vertex 7.62565 -4.25 7.62939e-07
      vertex 7.74715 -4.00363 7.62939e-07
    endloop
  endfacet
  facet normal 0 0 -1
    outer loop
      vertex 12.307 -8.15 7.62939e-07
      vertex 7.47304 -4.4784 7.62939e-07
      vertex 7.62565 -4.25 7.62939e-07
    endloop
  endfacet
  facet normal 0 0 -1
    outer loop
      vertex 12.307 -8.15 7.62939e-07
      vertex 7.29192 -4.68492 7.62939e-07
      vertex 7.47304 -4.4784 7.62939e-07
    endloop
  endfacet
  facet normal 0 0 -1
    outer loop
      vertex 12.307 -8.15 7.62939e-07
      vertex 7.0854 -4.86604 7.62939e-07
      vertex 7.29192 -4.68492 7.62939e-07
    endloop
  endfacet
  facet normal 0 0 -1
    outer loop
      vertex 12.307 -8.15 7.62939e-07
      vertex 6.857 -5.01865 7.62939e-07
      vertex 7.0854 -4.86604 7.62939e-07
    endloop
  endfacet
  facet normal 0 0 -1
    outer loop
      vertex 12.307 -8.15 7.62939e-07
      vertex 6.61064 -5.14015 7.62939e-07
      vertex 6.857 -5.01865 7.62939e-07
    endloop
  endfacet
  facet normal 0 0 -1
    outer loop
      vertex 12.307 -8.15 7.62939e-07
      vertex 6.35052 -5.22844 7.62939e-07
      vertex 6.61064 -5.14015 7.62939e-07
    endloop
  endfacet
  facet normal 0 0 -1
    outer loop
      vertex 2.6 -8.15 7.62939e-07
      vertex 6.35052 -5.22844 7.62939e-07
      vertex 12.307 -8.15 7.62939e-07
    endloop
  endfacet
  facet normal 0 0 -1
    outer loop
      vertex 6.35052 -5.22844 7.62939e-07
      vertex 2.6 -8.15 7.62939e-07
      vertex 6.08111 -5.28203 7.62939e-07
    endloop
  endfacet
  facet normal 0 0 -1
    outer loop
      vertex 6.08111 -5.28203 7.62939e-07
      vertex 2.6 -8.15 7.62939e-07
      vertex 5.807 -5.3 7.62939e-07
    endloop
  endfacet
  facet normal -0 0 -1
    outer loop
      vertex 5.807 -5.3 7.62939e-07
      vertex 2.6 -8.15 7.62939e-07
      vertex 5.5329 -5.28203 7.62939e-07
    endloop
  endfacet
  facet normal -0 0 -1
    outer loop
      vertex 5.5329 -5.28203 7.62939e-07
      vertex 2.6 -8.15 7.62939e-07
      vertex 5.26348 -5.22844 7.62939e-07
    endloop
  endfacet
  facet normal -0 0 -1
    outer loop
      vertex 3.72497 -3.4741 7.62939e-07
      vertex 2.6 -8.15 7.62939e-07
      vertex 3.707 -3.2 7.62939e-07
    endloop
  endfacet
  facet normal -0 0 -1
    outer loop
      vertex 3.77856 -3.74352 7.62939e-07
      vertex 2.6 -8.15 7.62939e-07
      vertex 3.72497 -3.4741 7.62939e-07
    endloop
  endfacet
  facet normal -0 0 -1
    outer loop
      vertex 3.86685 -4.00363 7.62939e-07
      vertex 2.6 -8.15 7.62939e-07
      vertex 3.77856 -3.74352 7.62939e-07
    endloop
  endfacet
  facet normal -0 0 -1
    outer loop
      vertex 3.98835 -4.25 7.62939e-07
      vertex 2.6 -8.15 7.62939e-07
      vertex 3.86685 -4.00363 7.62939e-07
    endloop
  endfacet
  facet normal -0 0 -1
    outer loop
      vertex 4.14096 -4.4784 7.62939e-07
      vertex 2.6 -8.15 7.62939e-07
      vertex 3.98835 -4.25 7.62939e-07
    endloop
  endfacet
  facet normal -0 0 -1
    outer loop
      vertex 4.32208 -4.68492 7.62939e-07
      vertex 2.6 -8.15 7.62939e-07
      vertex 4.14096 -4.4784 7.62939e-07
    endloop
  endfacet
  facet normal -0 0 -1
    outer loop
      vertex 4.5286 -4.86604 7.62939e-07
      vertex 2.6 -8.15 7.62939e-07
      vertex 4.32208 -4.68492 7.62939e-07
    endloop
  endfacet
  facet normal -0 0 -1
    outer loop
      vertex 4.757 -5.01865 7.62939e-07
      vertex 2.6 -8.15 7.62939e-07
      vertex 4.5286 -4.86604 7.62939e-07
    endloop
  endfacet
  facet normal -0 0 -1
    outer loop
      vertex 5.00337 -5.14015 7.62939e-07
      vertex 2.6 -8.15 7.62939e-07
      vertex 4.757 -5.01865 7.62939e-07
    endloop
  endfacet
  facet normal -0 0 -1
    outer loop
      vertex 5.26348 -5.22844 7.62939e-07
      vertex 2.6 -8.15 7.62939e-07
      vertex 5.00337 -5.14015 7.62939e-07
    endloop
  endfacet
  facet normal 0 0 -1
    outer loop
      vertex 12.307 -8.15 7.62939e-07
      vertex 7.88904 -2.92589 7.62939e-07
      vertex 12.307 3.8 7.62939e-07
    endloop
  endfacet
  facet normal 0 0 -1
    outer loop
      vertex 7.83544 -2.65648 7.62939e-07
      vertex 12.307 3.8 7.62939e-07
      vertex 7.88904 -2.92589 7.62939e-07
    endloop
  endfacet
  facet normal 0 0 -1
    outer loop
      vertex 7.74715 -2.39636 7.62939e-07
      vertex 12.307 3.8 7.62939e-07
      vertex 7.83544 -2.65648 7.62939e-07
    endloop
  endfacet
  facet normal 0 0 -1
    outer loop
      vertex 7.62565 -2.15 7.62939e-07
      vertex 12.307 3.8 7.62939e-07
      vertex 7.74715 -2.39636 7.62939e-07
    endloop
  endfacet
  facet normal 0 0 -1
    outer loop
      vertex 7.47304 -1.9216 7.62939e-07
      vertex 12.307 3.8 7.62939e-07
      vertex 7.62565 -2.15 7.62939e-07
    endloop
  endfacet
  facet normal 0 0 -1
    outer loop
      vertex 7.29192 -1.71508 7.62939e-07
      vertex 12.307 3.8 7.62939e-07
      vertex 7.47304 -1.9216 7.62939e-07
    endloop
  endfacet
  facet normal 0 0 -1
    outer loop
      vertex 7.0854 -1.53396 7.62939e-07
      vertex 12.307 3.8 7.62939e-07
      vertex 7.29192 -1.71508 7.62939e-07
    endloop
  endfacet
  facet normal 0 0 -1
    outer loop
      vertex 6.857 -1.38135 7.62939e-07
      vertex 12.307 3.8 7.62939e-07
      vertex 7.0854 -1.53396 7.62939e-07
    endloop
  endfacet
  facet normal 0 0 -1
    outer loop
      vertex 6.61064 -1.25985 7.62939e-07
      vertex 12.307 3.8 7.62939e-07
      vertex 6.857 -1.38135 7.62939e-07
    endloop
  endfacet
  facet normal 0 0 -1
    outer loop
      vertex 6.35052 -1.17156 7.62939e-07
      vertex 12.307 3.8 7.62939e-07
      vertex 6.61064 -1.25985 7.62939e-07
    endloop
  endfacet
  facet normal 0 0 -1
    outer loop
      vertex 2.6 3.8 7.62939e-07
      vertex 6.35052 -1.17156 7.62939e-07
      vertex 6.08111 -1.11797 7.62939e-07
    endloop
  endfacet
  facet normal 0 0 -1
    outer loop
      vertex 2.6 3.8 7.62939e-07
      vertex 6.08111 -1.11797 7.62939e-07
      vertex 5.807 -1.1 7.62939e-07
    endloop
  endfacet
  facet normal 0 0 -1
    outer loop
      vertex 2.6 3.8 7.62939e-07
      vertex 5.807 -1.1 7.62939e-07
      vertex 5.5329 -1.11797 7.62939e-07
    endloop
  endfacet
  facet normal 0 0 -1
    outer loop
      vertex 2.6 3.8 7.62939e-07
      vertex 5.5329 -1.11797 7.62939e-07
      vertex 5.26348 -1.17156 7.62939e-07
    endloop
  endfacet
  facet normal 0 0 -1
    outer loop
      vertex 2.6 3.8 7.62939e-07
      vertex 5.26348 -1.17156 7.62939e-07
      vertex 5.00337 -1.25985 7.62939e-07
    endloop
  endfacet
  facet normal 0 0 -1
    outer loop
      vertex 2.6 3.8 7.62939e-07
      vertex 5.00337 -1.25985 7.62939e-07
      vertex 4.757 -1.38135 7.62939e-07
    endloop
  endfacet
  facet normal 0 0 -1
    outer loop
      vertex 2.6 3.8 7.62939e-07
      vertex 4.757 -1.38135 7.62939e-07
      vertex 4.5286 -1.53396 7.62939e-07
    endloop
  endfacet
  facet normal 0 0 -1
    outer loop
      vertex 2.6 3.8 7.62939e-07
      vertex 3.707 -3.2 7.62939e-07
      vertex 2.6 -8.15 7.62939e-07
    endloop
  endfacet
  facet normal 0 0 -1
    outer loop
      vertex 3.707 -3.2 7.62939e-07
      vertex 2.6 3.8 7.62939e-07
      vertex 3.72497 -2.92589 7.62939e-07
    endloop
  endfacet
  facet normal 0 0 -1
    outer loop
      vertex 6.35052 -1.17156 7.62939e-07
      vertex 2.6 3.8 7.62939e-07
      vertex 12.307 3.8 7.62939e-07
    endloop
  endfacet
  facet normal 0 0 -1
    outer loop
      vertex 4.32208 -1.71508 7.62939e-07
      vertex 2.6 3.8 7.62939e-07
      vertex 4.5286 -1.53396 7.62939e-07
    endloop
  endfacet
  facet normal 0 0 -1
    outer loop
      vertex 4.14096 -1.9216 7.62939e-07
      vertex 2.6 3.8 7.62939e-07
      vertex 4.32208 -1.71508 7.62939e-07
    endloop
  endfacet
  facet normal 0 0 -1
    outer loop
      vertex 3.98835 -2.15 7.62939e-07
      vertex 2.6 3.8 7.62939e-07
      vertex 4.14096 -1.9216 7.62939e-07
    endloop
  endfacet
  facet normal 0 0 -1
    outer loop
      vertex 3.86685 -2.39636 7.62939e-07
      vertex 2.6 3.8 7.62939e-07
      vertex 3.98835 -2.15 7.62939e-07
    endloop
  endfacet
  facet normal 0 0 -1
    outer loop
      vertex 3.77856 -2.65648 7.62939e-07
      vertex 2.6 3.8 7.62939e-07
      vertex 3.86685 -2.39636 7.62939e-07
    endloop
  endfacet
  facet normal 0 0 -1
    outer loop
      vertex 3.72497 -2.92589 7.62939e-07
      vertex 2.6 3.8 7.62939e-07
      vertex 3.77856 -2.65648 7.62939e-07
    endloop
  endfacet
  facet normal 0 0 1
    outer loop
      vertex 12.307 2 2.65
      vertex 10.307 0.25 2.65
      vertex 12.307 0.0999994 2.65
    endloop
  endfacet
  facet normal -0 0 1
    outer loop
      vertex 9.17767 1.08 2.65
      vertex 10.307 0.25 2.65
      vertex 12.307 2 2.65
    endloop
  endfacet
  facet normal 0 0 1
    outer loop
      vertex 10.307 0.25 2.65
      vertex 9.218 0.917433 2.65
      vertex 9.21848 0.9 2.65
    endloop
  endfacet
  facet normal 0 0 1
    outer loop
      vertex 10.307 0.25 2.65
      vertex 9.21783 0.923697 2.65
      vertex 9.218 0.917433 2.65
    endloop
  endfacet
  facet normal 0 0 1
    outer loop
      vertex 10.307 0.25 2.65
      vertex 9.21624 0.943328 2.65
      vertex 9.21783 0.923697 2.65
    endloop
  endfacet
  facet normal 0 0 1
    outer loop
      vertex 10.307 0.25 2.65
      vertex 9.21585 0.94823 2.65
      vertex 9.21624 0.943328 2.65
    endloop
  endfacet
  facet normal 0 0 1
    outer loop
      vertex 10.307 0.25 2.65
      vertex 9.2153 0.952315 2.65
      vertex 9.21585 0.94823 2.65
    endloop
  endfacet
  facet normal 0 0 1
    outer loop
      vertex 10.307 0.25 2.65
      vertex 9.21233 0.974558 2.65
      vertex 9.2153 0.952315 2.65
    endloop
  endfacet
  facet normal 0 0 1
    outer loop
      vertex 10.307 0.25 2.65
      vertex 9.21059 0.984032 2.65
      vertex 9.21233 0.974558 2.65
    endloop
  endfacet
  facet normal 0 0 1
    outer loop
      vertex 10.307 0.25 2.65
      vertex 9.20676 0.999014 2.65
      vertex 9.21059 0.984032 2.65
    endloop
  endfacet
  facet normal 0 0 1
    outer loop
      vertex 10.307 0.25 2.65
      vertex 9.2055 1.00392 2.65
      vertex 9.20676 0.999014 2.65
    endloop
  endfacet
  facet normal 0 0 1
    outer loop
      vertex 10.307 0.25 2.65
      vertex 9.1995 1.02261 2.65
      vertex 9.2055 1.00392 2.65
    endloop
  endfacet
  facet normal 0 0 1
    outer loop
      vertex 10.307 0.25 2.65
      vertex 9.19451 1.03812 2.65
      vertex 9.1995 1.02261 2.65
    endloop
  endfacet
  facet normal 0 0 1
    outer loop
      vertex 10.307 0.25 2.65
      vertex 9.18116 1.07311 2.65
      vertex 9.19451 1.03812 2.65
    endloop
  endfacet
  facet normal 0 0 1
    outer loop
      vertex 10.307 0.25 2.65
      vertex 9.17919 1.07699 2.65
      vertex 9.18116 1.07311 2.65
    endloop
  endfacet
  facet normal 0 0 1
    outer loop
      vertex 10.307 0.25 2.65
      vertex 9.17767 1.08 2.65
      vertex 9.17919 1.07699 2.65
    endloop
  endfacet
  facet normal 0 0 1
    outer loop
      vertex 12.307 2 2.65
      vertex 9.15114 1.12589 2.65
      vertex 9.17767 1.08 2.65
    endloop
  endfacet
  facet normal 0 0 1
    outer loop
      vertex 12.307 2 2.65
      vertex 9.14611 1.13458 2.65
      vertex 9.15114 1.12589 2.65
    endloop
  endfacet
  facet normal 0 0 1
    outer loop
      vertex 12.307 2 2.65
      vertex 9.14573 1.13518 2.65
      vertex 9.14611 1.13458 2.65
    endloop
  endfacet
  facet normal 0 0 1
    outer loop
      vertex 12.307 2 2.65
      vertex 9.14533 1.13581 2.65
      vertex 9.14573 1.13518 2.65
    endloop
  endfacet
  facet normal 0 0 1
    outer loop
      vertex 12.307 2 2.65
      vertex 9.14307 1.13852 2.65
      vertex 9.14533 1.13581 2.65
    endloop
  endfacet
  facet normal 0 0 1
    outer loop
      vertex 12.307 2 2.65
      vertex 9.10371 1.18576 2.65
      vertex 9.14307 1.13852 2.65
    endloop
  endfacet
  facet normal 0 0 1
    outer loop
      vertex 12.307 2 2.65
      vertex 9.07546 1.21177 2.65
      vertex 9.10371 1.18576 2.65
    endloop
  endfacet
  facet normal 0 0 1
    outer loop
      vertex 12.307 2 2.65
      vertex 9.05701 1.22752 2.65
      vertex 9.07546 1.21177 2.65
    endloop
  endfacet
  facet normal 0 0 1
    outer loop
      vertex 12.307 2 2.65
      vertex 9.02499 1.24809 2.65
      vertex 9.05701 1.22752 2.65
    endloop
  endfacet
  facet normal 0 0 1
    outer loop
      vertex 12.307 2 2.65
      vertex 9.00603 1.26027 2.65
      vertex 9.02499 1.24809 2.65
    endloop
  endfacet
  facet normal 0 0 1
    outer loop
      vertex 12.307 2 2.65
      vertex 8.97542 1.27438 2.65
      vertex 9.00603 1.26027 2.65
    endloop
  endfacet
  facet normal 0 0 1
    outer loop
      vertex 12.307 2 2.65
      vertex 8.95165 1.28533 2.65
      vertex 8.97542 1.27438 2.65
    endloop
  endfacet
  facet normal 0 0 1
    outer loop
      vertex 12.307 2 2.65
      vertex 8.93494 1.29031 2.65
      vertex 8.95165 1.28533 2.65
    endloop
  endfacet
  facet normal 0 0 1
    outer loop
      vertex 12.307 2 2.65
      vertex 8.89479 1.30228 2.65
      vertex 8.93494 1.29031 2.65
    endloop
  endfacet
  facet normal 0 0 1
    outer loop
      vertex 12.307 2 2.65
      vertex 8.84618 1.3094 2.65
      vertex 8.89479 1.30228 2.65
    endloop
  endfacet
  facet normal 0 0 1
    outer loop
      vertex 12.307 2 2.65
      vertex 8.83643 1.31083 2.65
      vertex 8.84618 1.3094 2.65
    endloop
  endfacet
  facet normal 0 0 1
    outer loop
      vertex 12.307 2 2.65
      vertex 8.77757 1.31083 2.65
      vertex 8.83643 1.31083 2.65
    endloop
  endfacet
  facet normal -0 0 1
    outer loop
      vertex 2.6 2 2.65
      vertex 8.77757 1.31083 2.65
      vertex 12.307 2 2.65
    endloop
  endfacet
  facet normal 0 0 1
    outer loop
      vertex 8.77757 1.31083 2.65
      vertex 2.6 2 2.65
      vertex 8.76782 1.3094 2.65
    endloop
  endfacet
  facet normal 0 0 1
    outer loop
      vertex 8.51029 1.18576 2.65
      vertex 8.46867 1.13581 2.65
      vertex 8.47093 1.13852 2.65
    endloop
  endfacet
  facet normal 0 0 -1
    outer loop
      vertex 8.46789 1.13458 2.65
      vertex 8.43633 1.08 2.65
      vertex 8.46286 1.12589 2.65
    endloop
  endfacet
  facet normal 0 0 1
    outer loop
      vertex 8.41949 1.03812 2.65
      vertex 8.4085 1.00392 2.65
      vertex 8.41451 1.02261 2.65
    endloop
  endfacet
  facet normal 0 0 -1
    outer loop
      vertex 8.4085 1.00392 2.65
      vertex 8.40341 0.984032 2.65
      vertex 8.40724 0.999014 2.65
    endloop
  endfacet
  facet normal 0 0 -1
    outer loop
      vertex 8.40167 0.974558 2.65
      vertex 8.39816 0.94823 2.65
      vertex 8.3987 0.952315 2.65
    endloop
  endfacet
  facet normal 0 0 -1
    outer loop
      vertex 8.39816 0.94823 2.65
      vertex 8.39617 0.923697 2.65
      vertex 8.39776 0.943328 2.65
    endloop
  endfacet
  facet normal 0 0 -1
    outer loop
      vertex 8.39617 0.923697 2.65
      vertex 8.39553 0.9 2.65
      vertex 8.396 0.917433 2.65
    endloop
  endfacet
  facet normal 0 0 1
    outer loop
      vertex 2.6 0.25 2.65
      vertex 8.39617 0.923697 2.65
      vertex 2.6 2 2.65
    endloop
  endfacet
  facet normal 0 0 1
    outer loop
      vertex 8.39816 0.94823 2.65
      vertex 2.6 2 2.65
      vertex 8.39617 0.923697 2.65
    endloop
  endfacet
  facet normal 0 0 1
    outer loop
      vertex 8.40167 0.974558 2.65
      vertex 2.6 2 2.65
      vertex 8.39816 0.94823 2.65
    endloop
  endfacet
  facet normal 0 0 1
    outer loop
      vertex 8.40341 0.984032 2.65
      vertex 2.6 2 2.65
      vertex 8.40167 0.974558 2.65
    endloop
  endfacet
  facet normal 0 0 1
    outer loop
      vertex 8.4085 1.00392 2.65
      vertex 2.6 2 2.65
      vertex 8.40341 0.984032 2.65
    endloop
  endfacet
  facet normal 0 0 1
    outer loop
      vertex 8.41949 1.03812 2.65
      vertex 2.6 2 2.65
      vertex 8.4085 1.00392 2.65
    endloop
  endfacet
  facet normal 0 0 1
    outer loop
      vertex 8.43284 1.07311 2.65
      vertex 2.6 2 2.65
      vertex 8.41949 1.03812 2.65
    endloop
  endfacet
  facet normal 0 0 1
    outer loop
      vertex 8.43481 1.07699 2.65
      vertex 2.6 2 2.65
      vertex 8.43284 1.07311 2.65
    endloop
  endfacet
  facet normal 0 0 1
    outer loop
      vertex 8.43633 1.08 2.65
      vertex 2.6 2 2.65
      vertex 8.43481 1.07699 2.65
    endloop
  endfacet
  facet normal 0 0 1
    outer loop
      vertex 8.46789 1.13458 2.65
      vertex 2.6 2 2.65
      vertex 8.43633 1.08 2.65
    endloop
  endfacet
  facet normal 0 0 1
    outer loop
      vertex 8.46827 1.13518 2.65
      vertex 2.6 2 2.65
      vertex 8.46789 1.13458 2.65
    endloop
  endfacet
  facet normal 0 0 1
    outer loop
      vertex 8.46867 1.13581 2.65
      vertex 2.6 2 2.65
      vertex 8.46827 1.13518 2.65
    endloop
  endfacet
  facet normal 0 0 1
    outer loop
      vertex 8.51029 1.18576 2.65
      vertex 2.6 2 2.65
      vertex 8.46867 1.13581 2.65
    endloop
  endfacet
  facet normal 0 0 1
    outer loop
      vertex 8.53854 1.21177 2.65
      vertex 2.6 2 2.65
      vertex 8.51029 1.18576 2.65
    endloop
  endfacet
  facet normal 0 0 1
    outer loop
      vertex 8.55699 1.22752 2.65
      vertex 2.6 2 2.65
      vertex 8.53854 1.21177 2.65
    endloop
  endfacet
  facet normal 0 0 1
    outer loop
      vertex 8.58901 1.24809 2.65
      vertex 2.6 2 2.65
      vertex 8.55699 1.22752 2.65
    endloop
  endfacet
  facet normal 0 0 1
    outer loop
      vertex 8.60797 1.26027 2.65
      vertex 2.6 2 2.65
      vertex 8.58901 1.24809 2.65
    endloop
  endfacet
  facet normal 0 0 1
    outer loop
      vertex 8.63858 1.27438 2.65
      vertex 2.6 2 2.65
      vertex 8.60797 1.26027 2.65
    endloop
  endfacet
  facet normal 0 0 1
    outer loop
      vertex 8.66235 1.28533 2.65
      vertex 2.6 2 2.65
      vertex 8.63858 1.27438 2.65
    endloop
  endfacet
  facet normal 0 0 1
    outer loop
      vertex 8.67906 1.29031 2.65
      vertex 2.6 2 2.65
      vertex 8.66235 1.28533 2.65
    endloop
  endfacet
  facet normal 0 0 1
    outer loop
      vertex 8.71921 1.30228 2.65
      vertex 2.6 2 2.65
      vertex 8.67906 1.29031 2.65
    endloop
  endfacet
  facet normal 0 0 1
    outer loop
      vertex 8.76782 1.3094 2.65
      vertex 2.6 2 2.65
      vertex 8.71921 1.30228 2.65
    endloop
  endfacet
  facet normal 0 0 1
    outer loop
      vertex 12.307 0.0999994 2.65
      vertex 10.307 0.25 2.65
      vertex 10.307 0.0999994 2.65
    endloop
  endfacet
  facet normal -0 0 1
    outer loop
      vertex 9.218 0.882566 2.65
      vertex 10.307 0.25 2.65
      vertex 9.21848 0.9 2.65
    endloop
  endfacet
  facet normal -0 0 1
    outer loop
      vertex 9.21783 0.876302 2.65
      vertex 10.307 0.25 2.65
      vertex 9.218 0.882566 2.65
    endloop
  endfacet
  facet normal -0 0 1
    outer loop
      vertex 9.21624 0.856671 2.65
      vertex 10.307 0.25 2.65
      vertex 9.21783 0.876302 2.65
    endloop
  endfacet
  facet normal -0 0 1
    outer loop
      vertex 9.21585 0.851769 2.65
      vertex 10.307 0.25 2.65
      vertex 9.21624 0.856671 2.65
    endloop
  endfacet
  facet normal -0 0 1
    outer loop
      vertex 9.2153 0.847684 2.65
      vertex 10.307 0.25 2.65
      vertex 9.21585 0.851769 2.65
    endloop
  endfacet
  facet normal -0 0 1
    outer loop
      vertex 9.21233 0.825441 2.65
      vertex 10.307 0.25 2.65
      vertex 9.2153 0.847684 2.65
    endloop
  endfacet
  facet normal -0 0 1
    outer loop
      vertex 9.21059 0.815967 2.65
      vertex 10.307 0.25 2.65
      vertex 9.21233 0.825441 2.65
    endloop
  endfacet
  facet normal -0 0 1
    outer loop
      vertex 9.2055 0.796076 2.65
      vertex 10.307 0.25 2.65
      vertex 9.21059 0.815967 2.65
    endloop
  endfacet
  facet normal -0 0 1
    outer loop
      vertex 9.1995 0.777389 2.65
      vertex 10.307 0.25 2.65
      vertex 9.2055 0.796076 2.65
    endloop
  endfacet
  facet normal -0 0 1
    outer loop
      vertex 9.19451 0.761881 2.65
      vertex 10.307 0.25 2.65
      vertex 9.1995 0.777389 2.65
    endloop
  endfacet
  facet normal -0 0 1
    outer loop
      vertex 9.18116 0.726888 2.65
      vertex 10.307 0.25 2.65
      vertex 9.19451 0.761881 2.65
    endloop
  endfacet
  facet normal -0 0 1
    outer loop
      vertex 9.17919 0.723007 2.65
      vertex 10.307 0.25 2.65
      vertex 9.18116 0.726888 2.65
    endloop
  endfacet
  facet normal -0 0 1
    outer loop
      vertex 9.17767 0.719999 2.65
      vertex 10.307 0.25 2.65
      vertex 9.17919 0.723007 2.65
    endloop
  endfacet
  facet normal -0 0 1
    outer loop
      vertex 9.15114 0.674109 2.65
      vertex 10.307 0.25 2.65
      vertex 9.17767 0.719999 2.65
    endloop
  endfacet
  facet normal -0 0 1
    outer loop
      vertex 9.14611 0.665419 2.65
      vertex 10.307 0.25 2.65
      vertex 9.15114 0.674109 2.65
    endloop
  endfacet
  facet normal -0 0 1
    outer loop
      vertex 9.14533 0.664191 2.65
      vertex 10.307 0.25 2.65
      vertex 9.14611 0.665419 2.65
    endloop
  endfacet
  facet normal -0 0 1
    outer loop
      vertex 9.12246 0.63675 2.65
      vertex 10.307 0.25 2.65
      vertex 9.14533 0.664191 2.65
    endloop
  endfacet
  facet normal -0 0 1
    outer loop
      vertex 9.10371 0.61424 2.65
      vertex 10.307 0.25 2.65
      vertex 9.12246 0.63675 2.65
    endloop
  endfacet
  facet normal -0 0 1
    outer loop
      vertex 9.07546 0.588231 2.65
      vertex 10.307 0.25 2.65
      vertex 9.10371 0.61424 2.65
    endloop
  endfacet
  facet normal -0 0 1
    outer loop
      vertex 9.06275 0.577374 2.65
      vertex 10.307 0.25 2.65
      vertex 9.07546 0.588231 2.65
    endloop
  endfacet
  facet normal -0 0 1
    outer loop
      vertex 9.05701 0.572474 2.65
      vertex 10.307 0.25 2.65
      vertex 9.06275 0.577374 2.65
    endloop
  endfacet
  facet normal -0 0 1
    outer loop
      vertex 9.04595 0.565369 2.65
      vertex 10.307 0.25 2.65
      vertex 9.05701 0.572474 2.65
    endloop
  endfacet
  facet normal -0 0 1
    outer loop
      vertex 9.00603 0.539729 2.65
      vertex 10.307 0.25 2.65
      vertex 9.04595 0.565369 2.65
    endloop
  endfacet
  facet normal -0 0 1
    outer loop
      vertex 8.98232 0.528803 2.65
      vertex 10.307 0.25 2.65
      vertex 9.00603 0.539729 2.65
    endloop
  endfacet
  facet normal -0 0 1
    outer loop
      vertex 8.95165 0.514667 2.65
      vertex 10.307 0.25 2.65
      vertex 8.98232 0.528803 2.65
    endloop
  endfacet
  facet normal -0 0 1
    outer loop
      vertex 8.90909 0.501978 2.65
      vertex 10.307 0.25 2.65
      vertex 8.95165 0.514667 2.65
    endloop
  endfacet
  facet normal -0 0 1
    outer loop
      vertex 8.89479 0.497717 2.65
      vertex 10.307 0.25 2.65
      vertex 8.90909 0.501978 2.65
    endloop
  endfacet
  facet normal -0 0 1
    outer loop
      vertex 8.88314 0.49601 2.65
      vertex 10.307 0.25 2.65
      vertex 8.89479 0.497717 2.65
    endloop
  endfacet
  facet normal -0 0 1
    outer loop
      vertex 8.83643 0.489169 2.65
      vertex 10.307 0.25 2.65
      vertex 8.88314 0.49601 2.65
    endloop
  endfacet
  facet normal -0 0 1
    outer loop
      vertex 8.77757 0.489169 2.65
      vertex 10.307 0.25 2.65
      vertex 8.83643 0.489169 2.65
    endloop
  endfacet
  facet normal 0 0 1
    outer loop
      vertex 2.6 0.25 2.65
      vertex 8.77757 0.489169 2.65
      vertex 8.73086 0.49601 2.65
    endloop
  endfacet
  facet normal 0 0 1
    outer loop
      vertex 2.6 0.25 2.65
      vertex 8.73086 0.49601 2.65
      vertex 8.71921 0.497717 2.65
    endloop
  endfacet
  facet normal 0 0 -1
    outer loop
      vertex 8.43633 0.719999 2.65
      vertex 8.46789 0.665419 2.65
      vertex 8.46286 0.674109 2.65
    endloop
  endfacet
  facet normal 0 0 1
    outer loop
      vertex 8.4085 0.796076 2.65
      vertex 8.41949 0.761881 2.65
      vertex 8.41451 0.777389 2.65
    endloop
  endfacet
  facet normal 0 0 -1
    outer loop
      vertex 8.39816 0.851769 2.65
      vertex 8.40167 0.825441 2.65
      vertex 8.3987 0.847684 2.65
    endloop
  endfacet
  facet normal 0 0 -1
    outer loop
      vertex 8.39617 0.876302 2.65
      vertex 8.39816 0.851769 2.65
      vertex 8.39776 0.856671 2.65
    endloop
  endfacet
  facet normal 0 0 -1
    outer loop
      vertex 8.39553 0.9 2.65
      vertex 8.39617 0.876302 2.65
      vertex 8.396 0.882566 2.65
    endloop
  endfacet
  facet normal 0 0 1
    outer loop
      vertex 8.39617 0.923697 2.65
      vertex 2.6 0.25 2.65
      vertex 8.39553 0.9 2.65
    endloop
  endfacet
  facet normal 0 0 1
    outer loop
      vertex 8.39553 0.9 2.65
      vertex 2.6 0.25 2.65
      vertex 8.39617 0.876302 2.65
    endloop
  endfacet
  facet normal 0 0 1
    outer loop
      vertex 8.39617 0.876302 2.65
      vertex 2.6 0.25 2.65
      vertex 8.39816 0.851769 2.65
    endloop
  endfacet
  facet normal 0 0 1
    outer loop
      vertex 8.39816 0.851769 2.65
      vertex 2.6 0.25 2.65
      vertex 8.40167 0.825441 2.65
    endloop
  endfacet
  facet normal 0 0 1
    outer loop
      vertex 8.40167 0.825441 2.65
      vertex 2.6 0.25 2.65
      vertex 8.40341 0.815967 2.65
    endloop
  endfacet
  facet normal 0 0 1
    outer loop
      vertex 8.40341 0.815967 2.65
      vertex 2.6 0.25 2.65
      vertex 8.4085 0.796076 2.65
    endloop
  endfacet
  facet normal 0 0 1
    outer loop
      vertex 8.4085 0.796076 2.65
      vertex 2.6 0.25 2.65
      vertex 8.41949 0.761881 2.65
    endloop
  endfacet
  facet normal 0 0 1
    outer loop
      vertex 8.41949 0.761881 2.65
      vertex 2.6 0.25 2.65
      vertex 8.43284 0.726888 2.65
    endloop
  endfacet
  facet normal 0 0 1
    outer loop
      vertex 8.43284 0.726888 2.65
      vertex 2.6 0.25 2.65
      vertex 8.43481 0.723007 2.65
    endloop
  endfacet
  facet normal 0 0 1
    outer loop
      vertex 8.43481 0.723007 2.65
      vertex 2.6 0.25 2.65
      vertex 8.43633 0.719999 2.65
    endloop
  endfacet
  facet normal 0 0 1
    outer loop
      vertex 8.43633 0.719999 2.65
      vertex 2.6 0.25 2.65
      vertex 8.46789 0.665419 2.65
    endloop
  endfacet
  facet normal 0 0 1
    outer loop
      vertex 8.46789 0.665419 2.65
      vertex 2.6 0.25 2.65
      vertex 8.46867 0.664191 2.65
    endloop
  endfacet
  facet normal 0 0 1
    outer loop
      vertex 8.46867 0.664191 2.65
      vertex 2.6 0.25 2.65
      vertex 8.49154 0.63675 2.65
    endloop
  endfacet
  facet normal 0 0 1
    outer loop
      vertex 8.49154 0.63675 2.65
      vertex 2.6 0.25 2.65
      vertex 8.51029 0.61424 2.65
    endloop
  endfacet
  facet normal 0 0 1
    outer loop
      vertex 8.51029 0.61424 2.65
      vertex 2.6 0.25 2.65
      vertex 8.53854 0.588231 2.65
    endloop
  endfacet
  facet normal 0 0 1
    outer loop
      vertex 8.53854 0.588231 2.65
      vertex 2.6 0.25 2.65
      vertex 8.55125 0.577374 2.65
    endloop
  endfacet
  facet normal 0 0 1
    outer loop
      vertex 8.55125 0.577374 2.65
      vertex 2.6 0.25 2.65
      vertex 8.55699 0.572474 2.65
    endloop
  endfacet
  facet normal 0 0 1
    outer loop
      vertex 8.55699 0.572474 2.65
      vertex 2.6 0.25 2.65
      vertex 8.56806 0.565369 2.65
    endloop
  endfacet
  facet normal 0 0 1
    outer loop
      vertex 8.56806 0.565369 2.65
      vertex 2.6 0.25 2.65
      vertex 8.60797 0.539729 2.65
    endloop
  endfacet
  facet normal 0 0 1
    outer loop
      vertex 8.60797 0.539729 2.65
      vertex 2.6 0.25 2.65
      vertex 8.63168 0.528803 2.65
    endloop
  endfacet
  facet normal 0 0 1
    outer loop
      vertex 8.63168 0.528803 2.65
      vertex 2.6 0.25 2.65
      vertex 8.66235 0.514667 2.65
    endloop
  endfacet
  facet normal 0 0 1
    outer loop
      vertex 8.66235 0.514667 2.65
      vertex 2.6 0.25 2.65
      vertex 8.70492 0.501978 2.65
    endloop
  endfacet
  facet normal 0 0 1
    outer loop
      vertex 8.77757 0.489169 2.65
      vertex 2.6 0.25 2.65
      vertex 10.307 0.25 2.65
    endloop
  endfacet
  facet normal 0 0 1
    outer loop
      vertex 8.70492 0.501978 2.65
      vertex 2.6 0.25 2.65
      vertex 8.71921 0.497717 2.65
    endloop
  endfacet
  facet normal 0 -1 0
    outer loop
      vertex 10.307 0.0999994 2
      vertex 12.307 0.0999994 2.65
      vertex 10.307 0.0999994 2.65
    endloop
  endfacet
  facet normal 0 -1 -0
    outer loop
      vertex 12.307 0.0999994 2.65
      vertex 10.307 0.0999994 2
      vertex 12.307 0.0999994 2
    endloop
  endfacet
  facet normal 0 0 1
    outer loop
      vertex 10.307 -6.65 2
      vertex 12.307 0.0999994 2
      vertex 10.307 0.0999994 2
    endloop
  endfacet
  facet normal 0 0 1
    outer loop
      vertex 12.307 0.0999994 2
      vertex 10.307 -6.65 2
      vertex 12.307 -8.15 2
    endloop
  endfacet
  facet normal 0 0 1
    outer loop
      vertex 9.307 -8.15 2
      vertex 10.307 -6.65 2
      vertex 9.307 -6.65 2
    endloop
  endfacet
  facet normal 0 0 1
    outer loop
      vertex 10.307 -6.65 2
      vertex 9.307 -8.15 2
      vertex 12.307 -8.15 2
    endloop
  endfacet
  facet normal 0 0 1
    outer loop
      vertex 6.482 -2.03087 2
      vertex 10.307 0.0999994 2
      vertex 10.307 0.25 2
    endloop
  endfacet
  facet normal 0 0 1
    outer loop
      vertex 10.307 0.0999994 2
      vertex 7.157 -3.2 2
      vertex 10.307 -6.65 2
    endloop
  endfacet
  facet normal -0 0 1
    outer loop
      vertex 7.14545 -3.37621 2
      vertex 10.307 -6.65 2
      vertex 7.157 -3.2 2
    endloop
  endfacet
  facet normal 0 0 1
    outer loop
      vertex 10.307 0.0999994 2
      vertex 7.14545 -3.02379 2
      vertex 7.157 -3.2 2
    endloop
  endfacet
  facet normal 0 0 1
    outer loop
      vertex 10.307 0.0999994 2
      vertex 7.111 -2.85059 2
      vertex 7.14545 -3.02379 2
    endloop
  endfacet
  facet normal 0 0 1
    outer loop
      vertex 10.307 0.0999994 2
      vertex 7.05424 -2.68338 2
      vertex 7.111 -2.85059 2
    endloop
  endfacet
  facet normal 0 0 1
    outer loop
      vertex 10.307 0.0999994 2
      vertex 6.97614 -2.525 2
      vertex 7.05424 -2.68338 2
    endloop
  endfacet
  facet normal 0 0 1
    outer loop
      vertex 10.307 0.0999994 2
      vertex 6.87803 -2.37817 2
      vertex 6.97614 -2.525 2
    endloop
  endfacet
  facet normal 0 0 1
    outer loop
      vertex 10.307 0.0999994 2
      vertex 6.76159 -2.24541 2
      vertex 6.87803 -2.37817 2
    endloop
  endfacet
  facet normal 0 0 1
    outer loop
      vertex 10.307 0.0999994 2
      vertex 6.62883 -2.12897 2
      vertex 6.76159 -2.24541 2
    endloop
  endfacet
  facet normal 0 0 1
    outer loop
      vertex 10.307 0.0999994 2
      vertex 6.482 -2.03087 2
      vertex 6.62883 -2.12897 2
    endloop
  endfacet
  facet normal 0 0 1
    outer loop
      vertex 10.307 0.25 2
      vertex 6.32362 -1.95276 2
      vertex 6.482 -2.03087 2
    endloop
  endfacet
  facet normal 0 0 1
    outer loop
      vertex 10.307 0.25 2
      vertex 6.15641 -1.896 2
      vertex 6.32362 -1.95276 2
    endloop
  endfacet
  facet normal 0 0 1
    outer loop
      vertex 10.307 0.25 2
      vertex 5.98321 -1.86155 2
      vertex 6.15641 -1.896 2
    endloop
  endfacet
  facet normal -0 0 1
    outer loop
      vertex 2.35 0.25 2
      vertex 5.98321 -1.86155 2
      vertex 10.307 0.25 2
    endloop
  endfacet
  facet normal 0 0 1
    outer loop
      vertex 5.98321 -1.86155 2
      vertex 2.35 0.25 2
      vertex 5.807 -1.85 2
    endloop
  endfacet
  facet normal 0 0 1
    outer loop
      vertex 5.807 -1.85 2
      vertex 2.35 0.25 2
      vertex 5.63079 -1.86155 2
    endloop
  endfacet
  facet normal 0 0 1
    outer loop
      vertex 5.63079 -1.86155 2
      vertex 2.35 0.25 2
      vertex 5.45759 -1.896 2
    endloop
  endfacet
  facet normal 0 0 1
    outer loop
      vertex 4.46855 -3.02379 2
      vertex 2.35 0.25 2
      vertex 4.457 -3.2 2
    endloop
  endfacet
  facet normal 0 0 1
    outer loop
      vertex 4.503 -2.85059 2
      vertex 2.35 0.25 2
      vertex 4.46855 -3.02379 2
    endloop
  endfacet
  facet normal 0 0 1
    outer loop
      vertex 4.55976 -2.68338 2
      vertex 2.35 0.25 2
      vertex 4.503 -2.85059 2
    endloop
  endfacet
  facet normal 0 0 1
    outer loop
      vertex 4.63787 -2.525 2
      vertex 2.35 0.25 2
      vertex 4.55976 -2.68338 2
    endloop
  endfacet
  facet normal 0 0 1
    outer loop
      vertex 4.73597 -2.37817 2
      vertex 2.35 0.25 2
      vertex 4.63787 -2.525 2
    endloop
  endfacet
  facet normal 0 0 1
    outer loop
      vertex 4.85241 -2.24541 2
      vertex 2.35 0.25 2
      vertex 4.73597 -2.37817 2
    endloop
  endfacet
  facet normal 0 0 1
    outer loop
      vertex 4.98517 -2.12897 2
      vertex 2.35 0.25 2
      vertex 4.85241 -2.24541 2
    endloop
  endfacet
  facet normal 0 0 1
    outer loop
      vertex 5.132 -2.03087 2
      vertex 2.35 0.25 2
      vertex 4.98517 -2.12897 2
    endloop
  endfacet
  facet normal 0 0 1
    outer loop
      vertex 5.29038 -1.95276 2
      vertex 2.35 0.25 2
      vertex 5.132 -2.03087 2
    endloop
  endfacet
  facet normal 0 0 1
    outer loop
      vertex 5.45759 -1.896 2
      vertex 2.35 0.25 2
      vertex 5.29038 -1.95276 2
    endloop
  endfacet
  facet normal 0 0 1
    outer loop
      vertex 10.307 -6.65 2
      vertex 7.14545 -3.37621 2
      vertex 9.307 -6.65 2
    endloop
  endfacet
  facet normal -0 0 1
    outer loop
      vertex 7.111 -3.54941 2
      vertex 9.307 -6.65 2
      vertex 7.14545 -3.37621 2
    endloop
  endfacet
  facet normal -0 0 1
    outer loop
      vertex 7.05424 -3.71662 2
      vertex 9.307 -6.65 2
      vertex 7.111 -3.54941 2
    endloop
  endfacet
  facet normal -0 0 1
    outer loop
      vertex 6.97614 -3.875 2
      vertex 9.307 -6.65 2
      vertex 7.05424 -3.71662 2
    endloop
  endfacet
  facet normal -0 0 1
    outer loop
      vertex 6.87803 -4.02183 2
      vertex 9.307 -6.65 2
      vertex 6.97614 -3.875 2
    endloop
  endfacet
  facet normal -0 0 1
    outer loop
      vertex 6.76159 -4.15459 2
      vertex 9.307 -6.65 2
      vertex 6.87803 -4.02183 2
    endloop
  endfacet
  facet normal -0 0 1
    outer loop
      vertex 6.62883 -4.27103 2
      vertex 9.307 -6.65 2
      vertex 6.76159 -4.15459 2
    endloop
  endfacet
  facet normal -0 0 1
    outer loop
      vertex 6.482 -4.36913 2
      vertex 9.307 -6.65 2
      vertex 6.62883 -4.27103 2
    endloop
  endfacet
  facet normal -0 0 1
    outer loop
      vertex 6.32362 -4.44724 2
      vertex 9.307 -6.65 2
      vertex 6.482 -4.36913 2
    endloop
  endfacet
  facet normal -0 0 1
    outer loop
      vertex 6.15641 -4.504 2
      vertex 9.307 -6.65 2
      vertex 6.32362 -4.44724 2
    endloop
  endfacet
  facet normal -0 0 1
    outer loop
      vertex 5.98321 -4.53845 2
      vertex 9.307 -6.65 2
      vertex 6.15641 -4.504 2
    endloop
  endfacet
  facet normal -0 0 1
    outer loop
      vertex 5.807 -4.55 2
      vertex 9.307 -6.65 2
      vertex 5.98321 -4.53845 2
    endloop
  endfacet
  facet normal 0 0 1
    outer loop
      vertex 2.35 -6.65 2
      vertex 5.807 -4.55 2
      vertex 5.63079 -4.53845 2
    endloop
  endfacet
  facet normal 0 0 1
    outer loop
      vertex 2.35 -6.65 2
      vertex 5.63079 -4.53845 2
      vertex 5.45759 -4.504 2
    endloop
  endfacet
  facet normal 0 0 1
    outer loop
      vertex 2.35 -6.65 2
      vertex 5.45759 -4.504 2
      vertex 5.29038 -4.44724 2
    endloop
  endfacet
  facet normal 0 0 1
    outer loop
      vertex 2.35 -6.65 2
      vertex 5.29038 -4.44724 2
      vertex 5.132 -4.36913 2
    endloop
  endfacet
  facet normal 0 0 1
    outer loop
      vertex 2.35 -6.65 2
      vertex 4.457 -3.2 2
      vertex 2.35 0.25 2
    endloop
  endfacet
  facet normal 0 0 1
    outer loop
      vertex 4.457 -3.2 2
      vertex 2.35 -6.65 2
      vertex 4.46855 -3.37621 2
    endloop
  endfacet
  facet normal 0 0 1
    outer loop
      vertex 4.46855 -3.37621 2
      vertex 2.35 -6.65 2
      vertex 4.503 -3.54941 2
    endloop
  endfacet
  facet normal 0 0 1
    outer loop
      vertex 4.503 -3.54941 2
      vertex 2.35 -6.65 2
      vertex 4.55976 -3.71662 2
    endloop
  endfacet
  facet normal 0 0 1
    outer loop
      vertex 5.807 -4.55 2
      vertex 2.35 -6.65 2
      vertex 9.307 -6.65 2
    endloop
  endfacet
  facet normal 0 0 1
    outer loop
      vertex 4.98517 -4.27103 2
      vertex 2.35 -6.65 2
      vertex 5.132 -4.36913 2
    endloop
  endfacet
  facet normal 0 0 1
    outer loop
      vertex 4.85241 -4.15459 2
      vertex 2.35 -6.65 2
      vertex 4.98517 -4.27103 2
    endloop
  endfacet
  facet normal 0 0 1
    outer loop
      vertex 4.73597 -4.02183 2
      vertex 2.35 -6.65 2
      vertex 4.85241 -4.15459 2
    endloop
  endfacet
  facet normal 0 0 1
    outer loop
      vertex 4.63787 -3.875 2
      vertex 2.35 -6.65 2
      vertex 4.73597 -4.02183 2
    endloop
  endfacet
  facet normal 0 0 1
    outer loop
      vertex 4.55976 -3.71662 2
      vertex 2.35 -6.65 2
      vertex 4.63787 -3.875 2
    endloop
  endfacet
  facet normal 0 -1 0
    outer loop
      vertex 2.6 -8.15 10.2
      vertex 2.98 -8.15 5.292
      vertex 2.98 -8.15 10.2
    endloop
  endfacet
  facet normal 0 -1 0
    outer loop
      vertex 2.6 -8.15 7.62939e-07
      vertex 2.98 -8.15 5.292
      vertex 2.6 -8.15 10.2
    endloop
  endfacet
  facet normal 0 -1 0
    outer loop
      vertex 2.6 -8.15 7.62939e-07
      vertex 5.23 -8.15 3.042
      vertex 4.93632 -8.15 3.06125
    endloop
  endfacet
  facet normal 0 -1 0
    outer loop
      vertex 2.6 -8.15 7.62939e-07
      vertex 4.93632 -8.15 3.06125
      vertex 4.64766 -8.15 3.11867
    endloop
  endfacet
  facet normal 0 -1 -0
    outer loop
      vertex 2.98 -8.15 5.292
      vertex 2.6 -8.15 7.62939e-07
      vertex 2.99925 -8.15 4.99832
    endloop
  endfacet
  facet normal 0 -1 0
    outer loop
      vertex 2.6 -8.15 7.62939e-07
      vertex 3.05667 -8.15 4.70966
      vertex 2.99925 -8.15 4.99832
    endloop
  endfacet
  facet normal 0 -1 0
    outer loop
      vertex 2.6 -8.15 7.62939e-07
      vertex 3.15127 -8.15 4.43096
      vertex 3.05667 -8.15 4.70966
    endloop
  endfacet
  facet normal 0 -1 0
    outer loop
      vertex 2.6 -8.15 7.62939e-07
      vertex 3.28144 -8.15 4.167
      vertex 3.15127 -8.15 4.43096
    endloop
  endfacet
  facet normal 0 -1 0
    outer loop
      vertex 2.6 -8.15 7.62939e-07
      vertex 3.44496 -8.15 3.92229
      vertex 3.28144 -8.15 4.167
    endloop
  endfacet
  facet normal 0 -1 0
    outer loop
      vertex 2.6 -8.15 7.62939e-07
      vertex 3.63901 -8.15 3.70101
      vertex 3.44496 -8.15 3.92229
    endloop
  endfacet
  facet normal 0 -1 0
    outer loop
      vertex 2.6 -8.15 7.62939e-07
      vertex 3.86029 -8.15 3.50695
      vertex 3.63901 -8.15 3.70101
    endloop
  endfacet
  facet normal 0 -1 0
    outer loop
      vertex 2.6 -8.15 7.62939e-07
      vertex 4.105 -8.15 3.34344
      vertex 3.86029 -8.15 3.50695
    endloop
  endfacet
  facet normal 0 -1 0
    outer loop
      vertex 2.6 -8.15 7.62939e-07
      vertex 4.36896 -8.15 3.21327
      vertex 4.105 -8.15 3.34344
    endloop
  endfacet
  facet normal 0 -1 0
    outer loop
      vertex 2.6 -8.15 7.62939e-07
      vertex 4.64766 -8.15 3.11867
      vertex 4.36896 -8.15 3.21327
    endloop
  endfacet
  facet normal 0 -1 -0
    outer loop
      vertex 5.23 -8.15 3.042
      vertex 2.6 -8.15 7.62939e-07
      vertex 9.307 -8.15 2
    endloop
  endfacet
  facet normal 0 -1 0
    outer loop
      vertex 12.307 -8.15 7.62939e-07
      vertex 9.307 -8.15 2
      vertex 2.6 -8.15 7.62939e-07
    endloop
  endfacet
  facet normal 0 -1 0
    outer loop
      vertex 9.307 -8.15 2
      vertex 12.307 -8.15 7.62939e-07
      vertex 12.307 -8.15 2
    endloop
  endfacet
  facet normal 0 -1 0
    outer loop
      vertex 7.48 -8.15 5.292
      vertex 9.307 -8.15 10.2
      vertex 7.48 -8.15 10.2
    endloop
  endfacet
  facet normal 0 -1 0
    outer loop
      vertex 9.307 -8.15 2
      vertex 7.48 -8.15 5.292
      vertex 7.46075 -8.15 4.99832
    endloop
  endfacet
  facet normal 0 -1 0
    outer loop
      vertex 9.307 -8.15 2
      vertex 7.46075 -8.15 4.99832
      vertex 7.40333 -8.15 4.70966
    endloop
  endfacet
  facet normal 0 -1 0
    outer loop
      vertex 9.307 -8.15 2
      vertex 7.40333 -8.15 4.70966
      vertex 7.30873 -8.15 4.43096
    endloop
  endfacet
  facet normal 0 -1 0
    outer loop
      vertex 7.48 -8.15 5.292
      vertex 9.307 -8.15 2
      vertex 9.307 -8.15 10.2
    endloop
  endfacet
  facet normal 0 -1 0
    outer loop
      vertex 7.17856 -8.15 4.167
      vertex 9.307 -8.15 2
      vertex 7.30873 -8.15 4.43096
    endloop
  endfacet
  facet normal 0 -1 0
    outer loop
      vertex 7.01505 -8.15 3.92229
      vertex 9.307 -8.15 2
      vertex 7.17856 -8.15 4.167
    endloop
  endfacet
  facet normal 0 -1 0
    outer loop
      vertex 6.82099 -8.15 3.70101
      vertex 9.307 -8.15 2
      vertex 7.01505 -8.15 3.92229
    endloop
  endfacet
  facet normal 0 -1 0
    outer loop
      vertex 6.59971 -8.15 3.50695
      vertex 9.307 -8.15 2
      vertex 6.82099 -8.15 3.70101
    endloop
  endfacet
  facet normal 0 -1 0
    outer loop
      vertex 6.355 -8.15 3.34344
      vertex 9.307 -8.15 2
      vertex 6.59971 -8.15 3.50695
    endloop
  endfacet
  facet normal 0 -1 0
    outer loop
      vertex 6.09104 -8.15 3.21327
      vertex 9.307 -8.15 2
      vertex 6.355 -8.15 3.34344
    endloop
  endfacet
  facet normal 0 -1 0
    outer loop
      vertex 5.81234 -8.15 3.11867
      vertex 9.307 -8.15 2
      vertex 6.09104 -8.15 3.21327
    endloop
  endfacet
  facet normal 0 -1 0
    outer loop
      vertex 5.52368 -8.15 3.06125
      vertex 9.307 -8.15 2
      vertex 5.81234 -8.15 3.11867
    endloop
  endfacet
  facet normal 0 -1 0
    outer loop
      vertex 9.307 -8.15 2
      vertex 5.52368 -8.15 3.06125
      vertex 5.23 -8.15 3.042
    endloop
  endfacet
  facet normal -0 0 1
    outer loop
      vertex 2.6 -6.65 10.2
      vertex 2.98 -8.15 10.2
      vertex 2.98 -6.65 10.2
    endloop
  endfacet
  facet normal -0 0 1
    outer loop
      vertex 2.6 -8.14999 10.2
      vertex 2.98 -8.15 10.2
      vertex 2.6 -6.65 10.2
    endloop
  endfacet
  facet normal 0 0 1
    outer loop
      vertex 2.98 -8.15 10.2
      vertex 2.6 -8.14999 10.2
      vertex 2.6 -8.15 10.2
    endloop
  endfacet
  facet normal -0 0 1
    outer loop
      vertex 7.48 -6.65 10.2
      vertex 9.307 -8.15 10.2
      vertex 9.307 -6.65 10.2
    endloop
  endfacet
  facet normal 0 0 1
    outer loop
      vertex 9.307 -8.15 10.2
      vertex 7.48 -6.65 10.2
      vertex 7.48 -8.15 10.2
    endloop
  endfacet
  facet normal 1 -0 0
    outer loop
      vertex 9.307 -8.15 10.2
      vertex 9.307 -6.65 2
      vertex 9.307 -6.65 10.2
    endloop
  endfacet
  facet normal 1 0 0
    outer loop
      vertex 9.307 -6.65 2
      vertex 9.307 -8.15 10.2
      vertex 9.307 -8.15 2
    endloop
  endfacet
  facet normal 0 1 0
    outer loop
      vertex 9.307 -6.65 10.2
      vertex 7.48 -6.65 5.292
      vertex 7.48 -6.65 10.2
    endloop
  endfacet
  facet normal 0 1 -0
    outer loop
      vertex 9.307 -6.65 2
      vertex 7.48 -6.65 5.292
      vertex 9.307 -6.65 10.2
    endloop
  endfacet
  facet normal 0 1 0
    outer loop
      vertex 7.48 -6.65 5.292
      vertex 9.307 -6.65 2
      vertex 7.46075 -6.65 4.99832
    endloop
  endfacet
  facet normal 0 1 0
    outer loop
      vertex 7.46075 -6.65 4.99832
      vertex 9.307 -6.65 2
      vertex 7.40333 -6.65 4.70966
    endloop
  endfacet
  facet normal 0 1 0
    outer loop
      vertex 5.52368 -6.65 3.06125
      vertex 9.307 -6.65 2
      vertex 5.23 -6.65 3.042
    endloop
  endfacet
  facet normal 0 1 0
    outer loop
      vertex 5.81234 -6.65 3.11867
      vertex 9.307 -6.65 2
      vertex 5.52368 -6.65 3.06125
    endloop
  endfacet
  facet normal 0 1 0
    outer loop
      vertex 6.09104 -6.65 3.21327
      vertex 9.307 -6.65 2
      vertex 5.81234 -6.65 3.11867
    endloop
  endfacet
  facet normal 0 1 0
    outer loop
      vertex 6.355 -6.65 3.34344
      vertex 9.307 -6.65 2
      vertex 6.09104 -6.65 3.21327
    endloop
  endfacet
  facet normal 0 1 0
    outer loop
      vertex 6.59971 -6.65 3.50695
      vertex 9.307 -6.65 2
      vertex 6.355 -6.65 3.34344
    endloop
  endfacet
  facet normal 0 1 0
    outer loop
      vertex 6.82099 -6.65 3.70101
      vertex 9.307 -6.65 2
      vertex 6.59971 -6.65 3.50695
    endloop
  endfacet
  facet normal 0 1 0
    outer loop
      vertex 7.01505 -6.65 3.92229
      vertex 9.307 -6.65 2
      vertex 6.82099 -6.65 3.70101
    endloop
  endfacet
  facet normal 0 1 0
    outer loop
      vertex 7.17856 -6.65 4.167
      vertex 9.307 -6.65 2
      vertex 7.01505 -6.65 3.92229
    endloop
  endfacet
  facet normal 0 1 0
    outer loop
      vertex 7.30873 -6.65 4.43096
      vertex 9.307 -6.65 2
      vertex 7.17856 -6.65 4.167
    endloop
  endfacet
  facet normal 0 1 0
    outer loop
      vertex 7.40333 -6.65 4.70966
      vertex 9.307 -6.65 2
      vertex 7.30873 -6.65 4.43096
    endloop
  endfacet
  facet normal 0 1 0
    outer loop
      vertex 2.98 -6.65 10.2
      vertex 2.98 -6.65 5.292
      vertex 2.6 -6.65 10.2
    endloop
  endfacet
  facet normal 0 1 -0
    outer loop
      vertex 2.6 -6.65 10.2
      vertex 2.35 -6.65 28
      vertex 2.6 -6.65 28
    endloop
  endfacet
  facet normal 0 1 0
    outer loop
      vertex 2.35 -6.65 2
      vertex 2.98 -6.65 5.292
      vertex 2.99925 -6.65 4.99832
    endloop
  endfacet
  facet normal 0 1 0
    outer loop
      vertex 2.35 -6.65 2
      vertex 5.23 -6.65 3.042
      vertex 9.307 -6.65 2
    endloop
  endfacet
  facet normal 0 1 0
    outer loop
      vertex 5.23 -6.65 3.042
      vertex 2.35 -6.65 2
      vertex 4.93632 -6.65 3.06125
    endloop
  endfacet
  facet normal 0 1 0
    outer loop
      vertex 2.6 -6.65 10.2
      vertex 2.35 -6.65 2
      vertex 2.35 -6.65 28
    endloop
  endfacet
  facet normal 0 1 0
    outer loop
      vertex 2.98 -6.65 5.292
      vertex 2.35 -6.65 2
      vertex 2.6 -6.65 10.2
    endloop
  endfacet
  facet normal 0 1 0
    outer loop
      vertex 3.05667 -6.65 4.70966
      vertex 2.35 -6.65 2
      vertex 2.99925 -6.65 4.99832
    endloop
  endfacet
  facet normal 0 1 0
    outer loop
      vertex 3.15127 -6.65 4.43096
      vertex 2.35 -6.65 2
      vertex 3.05667 -6.65 4.70966
    endloop
  endfacet
  facet normal 0 1 0
    outer loop
      vertex 3.28144 -6.65 4.167
      vertex 2.35 -6.65 2
      vertex 3.15127 -6.65 4.43096
    endloop
  endfacet
  facet normal 0 1 0
    outer loop
      vertex 3.44496 -6.65 3.92229
      vertex 2.35 -6.65 2
      vertex 3.28144 -6.65 4.167
    endloop
  endfacet
  facet normal 0 1 0
    outer loop
      vertex 3.63901 -6.65 3.70101
      vertex 2.35 -6.65 2
      vertex 3.44496 -6.65 3.92229
    endloop
  endfacet
  facet normal 0 1 0
    outer loop
      vertex 3.86029 -6.65 3.50695
      vertex 2.35 -6.65 2
      vertex 3.63901 -6.65 3.70101
    endloop
  endfacet
  facet normal 0 1 0
    outer loop
      vertex 4.105 -6.65 3.34344
      vertex 2.35 -6.65 2
      vertex 3.86029 -6.65 3.50695
    endloop
  endfacet
  facet normal 0 1 0
    outer loop
      vertex 4.36896 -6.65 3.21327
      vertex 2.35 -6.65 2
      vertex 4.105 -6.65 3.34344
    endloop
  endfacet
  facet normal 0 1 0
    outer loop
      vertex 4.64766 -6.65 3.11867
      vertex 2.35 -6.65 2
      vertex 4.36896 -6.65 3.21327
    endloop
  endfacet
  facet normal 0 1 0
    outer loop
      vertex 4.93632 -6.65 3.06125
      vertex 2.35 -6.65 2
      vertex 4.64766 -6.65 3.11867
    endloop
  endfacet
  facet normal 1 0 0
    outer loop
      vertex 2.35 0.25 28
      vertex 2.35 -0.149994 8.5
      vertex 2.35 0.25 2
    endloop
  endfacet
  facet normal 1 0 0
    outer loop
      vertex 2.35 0.25 28
      vertex 2.35 -0.156845 8.60441
      vertex 2.35 -0.149994 8.5
    endloop
  endfacet
  facet normal 1 0 0
    outer loop
      vertex 2.35 0.25 28
      vertex 2.35 -0.177261 8.70706
      vertex 2.35 -0.156845 8.60441
    endloop
  endfacet
  facet normal 1 0 0
    outer loop
      vertex 2.35 0.25 28
      vertex 2.35 -0.210892 8.80615
      vertex 2.35 -0.177261 8.70706
    endloop
  endfacet
  facet normal 1 0 0
    outer loop
      vertex 2.35 0.25 28
      vertex 2.35 -0.257172 8.89999
      vertex 2.35 -0.210892 8.80615
    endloop
  endfacet
  facet normal 1 0 0
    outer loop
      vertex 2.35 0.25 28
      vertex 2.35 -0.315308 8.98701
      vertex 2.35 -0.257172 8.89999
    endloop
  endfacet
  facet normal 1 0 0
    outer loop
      vertex 2.35 0.25 28
      vertex 2.35 -0.384308 9.06569
      vertex 2.35 -0.315308 8.98701
    endloop
  endfacet
  facet normal 1 0 0
    outer loop
      vertex 2.35 0.25 28
      vertex 2.35 -0.462982 9.13469
      vertex 2.35 -0.384308 9.06569
    endloop
  endfacet
  facet normal 1 0 0
    outer loop
      vertex 2.35 0.25 28
      vertex 2.35 -0.550003 9.19282
      vertex 2.35 -0.462982 9.13469
    endloop
  endfacet
  facet normal 1 0 0
    outer loop
      vertex 2.35 0.25 28
      vertex 2.35 -0.643845 9.2391
      vertex 2.35 -0.550003 9.19282
    endloop
  endfacet
  facet normal 1 0 0
    outer loop
      vertex 2.35 0.25 28
      vertex 2.35 -0.742935 9.27273
      vertex 2.35 -0.643845 9.2391
    endloop
  endfacet
  facet normal 1 0 0
    outer loop
      vertex 2.35 0.25 28
      vertex 2.35 -0.845581 9.29315
      vertex 2.35 -0.742935 9.27273
    endloop
  endfacet
  facet normal 1 0 0
    outer loop
      vertex 2.35 0.25 28
      vertex 2.35 -0.949997 9.3
      vertex 2.35 -0.845581 9.29315
    endloop
  endfacet
  facet normal 1 0 0
    outer loop
      vertex 2.35 0.25 28
      vertex 2.35 -5.45 9.3
      vertex 2.35 -0.949997 9.3
    endloop
  endfacet
  facet normal 1 -0 0
    outer loop
      vertex 2.35 -6.65 28
      vertex 2.35 -5.45 9.3
      vertex 2.35 0.25 28
    endloop
  endfacet
  facet normal 1 0 0
    outer loop
      vertex 2.35 -5.45 9.3
      vertex 2.35 -6.65 28
      vertex 2.35 -5.55441 9.29315
    endloop
  endfacet
  facet normal 1 0 0
    outer loop
      vertex 2.35 -5.55441 9.29315
      vertex 2.35 -6.65 28
      vertex 2.35 -5.65706 9.27273
    endloop
  endfacet
  facet normal 1 0 0
    outer loop
      vertex 2.35 -5.65706 9.27273
      vertex 2.35 -6.65 28
      vertex 2.35 -5.75615 9.2391
    endloop
  endfacet
  facet normal 1 0 0
    outer loop
      vertex 2.35 -5.75615 9.2391
      vertex 2.35 -6.65 28
      vertex 2.35 -5.84999 9.19282
    endloop
  endfacet
  facet normal 1 0 0
    outer loop
      vertex 2.35 -5.84999 9.19282
      vertex 2.35 -6.65 28
      vertex 2.35 -5.93701 9.13469
    endloop
  endfacet
  facet normal 1 0 0
    outer loop
      vertex 2.35 -5.93701 9.13469
      vertex 2.35 -6.65 28
      vertex 2.35 -6.01569 9.06569
    endloop
  endfacet
  facet normal 1 0 0
    outer loop
      vertex 2.35 -6.01569 9.06569
      vertex 2.35 -6.65 28
      vertex 2.35 -6.08469 8.98701
    endloop
  endfacet
  facet normal 1 0 0
    outer loop
      vertex 2.35 -6.08469 8.98701
      vertex 2.35 -6.65 28
      vertex 2.35 -6.14282 8.89999
    endloop
  endfacet
  facet normal 1 0 0
    outer loop
      vertex 2.35 -6.14282 8.89999
      vertex 2.35 -6.65 28
      vertex 2.35 -6.1891 8.80615
    endloop
  endfacet
  facet normal 1 0 0
    outer loop
      vertex 2.35 -6.65 2
      vertex 2.35 -6.25 8.5
      vertex 2.35 -6.65 28
    endloop
  endfacet
  facet normal 1 0 0
    outer loop
      vertex 2.35 -6.24315 8.60441
      vertex 2.35 -6.65 28
      vertex 2.35 -6.25 8.5
    endloop
  endfacet
  facet normal 1 0 0
    outer loop
      vertex 2.35 -6.22273 8.70706
      vertex 2.35 -6.65 28
      vertex 2.35 -6.24315 8.60441
    endloop
  endfacet
  facet normal 1 0 0
    outer loop
      vertex 2.35 -6.1891 8.80615
      vertex 2.35 -6.65 28
      vertex 2.35 -6.22273 8.70706
    endloop
  endfacet
  facet normal 1 -0 0
    outer loop
      vertex 2.35 -0.149994 6.3
      vertex 2.35 0.25 2
      vertex 2.35 -0.149994 8.5
    endloop
  endfacet
  facet normal 1 -0 0
    outer loop
      vertex 2.35 -0.156845 6.19558
      vertex 2.35 0.25 2
      vertex 2.35 -0.149994 6.3
    endloop
  endfacet
  facet normal 1 -0 0
    outer loop
      vertex 2.35 -0.177261 6.09294
      vertex 2.35 0.25 2
      vertex 2.35 -0.156845 6.19558
    endloop
  endfacet
  facet normal 1 -0 0
    outer loop
      vertex 2.35 -0.210892 5.99385
      vertex 2.35 0.25 2
      vertex 2.35 -0.177261 6.09294
    endloop
  endfacet
  facet normal 1 -0 0
    outer loop
      vertex 2.35 -0.257172 5.90001
      vertex 2.35 0.25 2
      vertex 2.35 -0.210892 5.99385
    endloop
  endfacet
  facet normal 1 -0 0
    outer loop
      vertex 2.35 -0.315308 5.81299
      vertex 2.35 0.25 2
      vertex 2.35 -0.257172 5.90001
    endloop
  endfacet
  facet normal 1 -0 0
    outer loop
      vertex 2.35 -0.384308 5.73431
      vertex 2.35 0.25 2
      vertex 2.35 -0.315308 5.81299
    endloop
  endfacet
  facet normal 1 -0 0
    outer loop
      vertex 2.35 -0.462982 5.66531
      vertex 2.35 0.25 2
      vertex 2.35 -0.384308 5.73431
    endloop
  endfacet
  facet normal 1 -0 0
    outer loop
      vertex 2.35 -0.550003 5.60717
      vertex 2.35 0.25 2
      vertex 2.35 -0.462982 5.66531
    endloop
  endfacet
  facet normal 1 -0 0
    outer loop
      vertex 2.35 -0.643845 5.56089
      vertex 2.35 0.25 2
      vertex 2.35 -0.550003 5.60717
    endloop
  endfacet
  facet normal 1 -0 0
    outer loop
      vertex 2.35 -0.742935 5.52726
      vertex 2.35 0.25 2
      vertex 2.35 -0.643845 5.56089
    endloop
  endfacet
  facet normal 1 -0 0
    outer loop
      vertex 2.35 -0.845581 5.50685
      vertex 2.35 0.25 2
      vertex 2.35 -0.742935 5.52726
    endloop
  endfacet
  facet normal 1 -0 0
    outer loop
      vertex 2.35 -0.949997 5.5
      vertex 2.35 0.25 2
      vertex 2.35 -0.845581 5.50685
    endloop
  endfacet
  facet normal 1 -0 0
    outer loop
      vertex 2.35 -5.45 5.5
      vertex 2.35 0.25 2
      vertex 2.35 -0.949997 5.5
    endloop
  endfacet
  facet normal 1 0 0
    outer loop
      vertex 2.35 -6.65 2
      vertex 2.35 -5.45 5.5
      vertex 2.35 -5.55441 5.50685
    endloop
  endfacet
  facet normal 1 0 0
    outer loop
      vertex 2.35 -6.65 2
      vertex 2.35 -5.55441 5.50685
      vertex 2.35 -5.65706 5.52726
    endloop
  endfacet
  facet normal 1 0 0
    outer loop
      vertex 2.35 -6.65 2
      vertex 2.35 -5.65706 5.52726
      vertex 2.35 -5.75615 5.56089
    endloop
  endfacet
  facet normal 1 0 0
    outer loop
      vertex 2.35 -6.65 2
      vertex 2.35 -5.75615 5.56089
      vertex 2.35 -5.84999 5.60717
    endloop
  endfacet
  facet normal 1 0 0
    outer loop
      vertex 2.35 -5.45 5.5
      vertex 2.35 -6.65 2
      vertex 2.35 0.25 2
    endloop
  endfacet
  facet normal 1 0 0
    outer loop
      vertex 2.35 -5.93701 5.66531
      vertex 2.35 -6.65 2
      vertex 2.35 -5.84999 5.60717
    endloop
  endfacet
  facet normal 1 0 0
    outer loop
      vertex 2.35 -6.01569 5.73431
      vertex 2.35 -6.65 2
      vertex 2.35 -5.93701 5.66531
    endloop
  endfacet
  facet normal 1 0 0
    outer loop
      vertex 2.35 -6.08469 5.81299
      vertex 2.35 -6.65 2
      vertex 2.35 -6.01569 5.73431
    endloop
  endfacet
  facet normal 1 0 0
    outer loop
      vertex 2.35 -6.14282 5.90001
      vertex 2.35 -6.65 2
      vertex 2.35 -6.08469 5.81299
    endloop
  endfacet
  facet normal 1 0 0
    outer loop
      vertex 2.35 -6.1891 5.99385
      vertex 2.35 -6.65 2
      vertex 2.35 -6.14282 5.90001
    endloop
  endfacet
  facet normal 1 0 0
    outer loop
      vertex 2.35 -6.22273 6.09294
      vertex 2.35 -6.65 2
      vertex 2.35 -6.1891 5.99385
    endloop
  endfacet
  facet normal 1 0 0
    outer loop
      vertex 2.35 -6.24315 6.19558
      vertex 2.35 -6.65 2
      vertex 2.35 -6.22273 6.09294
    endloop
  endfacet
  facet normal 1 0 0
    outer loop
      vertex 2.35 -6.25 6.3
      vertex 2.35 -6.65 2
      vertex 2.35 -6.24315 6.19558
    endloop
  endfacet
  facet normal 1 0 0
    outer loop
      vertex 2.35 -6.25 8.5
      vertex 2.35 -6.65 2
      vertex 2.35 -6.25 6.3
    endloop
  endfacet
  facet normal -1 0 0
    outer loop
      vertex 10.307 0.0999994 2
      vertex 10.307 0.25 2.65
      vertex 10.307 0.25 2
    endloop
  endfacet
  facet normal -1 -0 0
    outer loop
      vertex 10.307 0.25 2.65
      vertex 10.307 0.0999994 2
      vertex 10.307 0.0999994 2.65
    endloop
  endfacet
  facet normal 0 -1 0
    outer loop
      vertex 2.35 0.25 28
      vertex 2.6 0.25 2.65
      vertex 2.6 0.25 28
    endloop
  endfacet
  facet normal 0 -1 0
    outer loop
      vertex 2.35 0.25 2
      vertex 2.6 0.25 2.65
      vertex 2.35 0.25 28
    endloop
  endfacet
  facet normal 0 -1 0
    outer loop
      vertex 10.307 0.25 2
      vertex 2.6 0.25 2.65
      vertex 2.35 0.25 2
    endloop
  endfacet
  facet normal 0 -1 0
    outer loop
      vertex 2.6 0.25 2.65
      vertex 10.307 0.25 2
      vertex 10.307 0.25 2.65
    endloop
  endfacet
  facet normal 1 -0 0
    outer loop
      vertex 2.98 -8.15 10.2
      vertex 2.98 -6.65 5.292
      vertex 2.98 -6.65 10.2
    endloop
  endfacet
  facet normal 1 0 0
    outer loop
      vertex 2.98 -6.65 5.292
      vertex 2.98 -8.15 10.2
      vertex 2.98 -8.15 5.292
    endloop
  endfacet
  facet normal -1 0 0
    outer loop
      vertex 7.48 -8.15 5.292
      vertex 7.48 -6.65 10.2
      vertex 7.48 -6.65 5.292
    endloop
  endfacet
  facet normal -1 -0 0
    outer loop
      vertex 7.48 -6.65 10.2
      vertex 7.48 -8.15 5.292
      vertex 7.48 -8.15 10.2
    endloop
  endfacet
  facet normal 0.55557 0 0.83147
    outer loop
      vertex 3.86029 -6.65 3.50695
      vertex 4.105 -8.15 3.34344
      vertex 4.105 -6.65 3.34344
    endloop
  endfacet
  facet normal 0.55557 0 0.83147
    outer loop
      vertex 4.105 -8.15 3.34344
      vertex 3.86029 -6.65 3.50695
      vertex 3.86029 -8.15 3.50695
    endloop
  endfacet
  facet normal 0.946936 -0 0.321421
    outer loop
      vertex 3.05667 -8.15 4.70966
      vertex 3.15127 -6.65 4.43096
      vertex 3.05667 -6.65 4.70966
    endloop
  endfacet
  facet normal 0.946936 0 0.321421
    outer loop
      vertex 3.15127 -6.65 4.43096
      vertex 3.05667 -8.15 4.70966
      vertex 3.15127 -8.15 4.43096
    endloop
  endfacet
  facet normal -0.442287 0 0.896874
    outer loop
      vertex 6.09104 -6.65 3.21327
      vertex 6.355 -8.15 3.34344
      vertex 6.355 -6.65 3.34344
    endloop
  endfacet
  facet normal -0.442287 0 0.896874
    outer loop
      vertex 6.355 -8.15 3.34344
      vertex 6.09104 -6.65 3.21327
      vertex 6.09104 -8.15 3.21327
    endloop
  endfacet
  facet normal -0.195097 0 0.980784
    outer loop
      vertex 5.52368 -6.65 3.06125
      vertex 5.81234 -8.15 3.11867
      vertex 5.81234 -6.65 3.11867
    endloop
  endfacet
  facet normal -0.195097 0 0.980784
    outer loop
      vertex 5.81234 -8.15 3.11867
      vertex 5.52368 -6.65 3.06125
      vertex 5.52368 -8.15 3.06125
    endloop
  endfacet
  facet normal 0.321421 0 0.946936
    outer loop
      vertex 4.36896 -6.65 3.21327
      vertex 4.64766 -8.15 3.11867
      vertex 4.64766 -6.65 3.11867
    endloop
  endfacet
  facet normal 0.321421 0 0.946936
    outer loop
      vertex 4.64766 -8.15 3.11867
      vertex 4.36896 -6.65 3.21327
      vertex 4.36896 -8.15 3.21327
    endloop
  endfacet
  facet normal 0.751852 -0 0.659332
    outer loop
      vertex 3.44496 -8.15 3.92229
      vertex 3.63901 -6.65 3.70101
      vertex 3.44496 -6.65 3.92229
    endloop
  endfacet
  facet normal 0.751852 0 0.659332
    outer loop
      vertex 3.63901 -6.65 3.70101
      vertex 3.44496 -8.15 3.92229
      vertex 3.63901 -8.15 3.70101
    endloop
  endfacet
  facet normal 0.980784 -0 0.195097
    outer loop
      vertex 2.99925 -8.15 4.99832
      vertex 3.05667 -6.65 4.70966
      vertex 2.99925 -6.65 4.99832
    endloop
  endfacet
  facet normal 0.980784 0 0.195097
    outer loop
      vertex 3.05667 -6.65 4.70966
      vertex 2.99925 -8.15 4.99832
      vertex 3.05667 -8.15 4.70966
    endloop
  endfacet
  facet normal 0.195097 0 0.980784
    outer loop
      vertex 4.64766 -6.65 3.11867
      vertex 4.93632 -8.15 3.06125
      vertex 4.93632 -6.65 3.06125
    endloop
  endfacet
  facet normal 0.195097 0 0.980784
    outer loop
      vertex 4.93632 -8.15 3.06125
      vertex 4.64766 -6.65 3.11867
      vertex 4.64766 -8.15 3.11867
    endloop
  endfacet
  facet normal -0.321421 0 0.946936
    outer loop
      vertex 5.81234 -6.65 3.11867
      vertex 6.09104 -8.15 3.21327
      vertex 6.09104 -6.65 3.21327
    endloop
  endfacet
  facet normal -0.321421 0 0.946936
    outer loop
      vertex 6.09104 -8.15 3.21327
      vertex 5.81234 -6.65 3.11867
      vertex 5.81234 -8.15 3.11867
    endloop
  endfacet
  facet normal -0.946936 0 0.321421
    outer loop
      vertex 7.30873 -8.15 4.43096
      vertex 7.40333 -6.65 4.70966
      vertex 7.30873 -6.65 4.43096
    endloop
  endfacet
  facet normal -0.946936 0 0.321421
    outer loop
      vertex 7.40333 -6.65 4.70966
      vertex 7.30873 -8.15 4.43096
      vertex 7.40333 -8.15 4.70966
    endloop
  endfacet
  facet normal -0.83147 0 0.55557
    outer loop
      vertex 7.01505 -8.15 3.92229
      vertex 7.17856 -6.65 4.167
      vertex 7.01505 -6.65 3.92229
    endloop
  endfacet
  facet normal -0.83147 0 0.55557
    outer loop
      vertex 7.17856 -6.65 4.167
      vertex 7.01505 -8.15 3.92229
      vertex 7.17856 -8.15 4.167
    endloop
  endfacet
  facet normal -0.896874 0 0.442287
    outer loop
      vertex 7.17856 -8.15 4.167
      vertex 7.30873 -6.65 4.43096
      vertex 7.17856 -6.65 4.167
    endloop
  endfacet
  facet normal -0.896874 0 0.442287
    outer loop
      vertex 7.30873 -6.65 4.43096
      vertex 7.17856 -8.15 4.167
      vertex 7.30873 -8.15 4.43096
    endloop
  endfacet
  facet normal -0.980784 0 0.195097
    outer loop
      vertex 7.40333 -8.15 4.70966
      vertex 7.46075 -6.65 4.99832
      vertex 7.40333 -6.65 4.70966
    endloop
  endfacet
  facet normal -0.980784 0 0.195097
    outer loop
      vertex 7.46075 -6.65 4.99832
      vertex 7.40333 -8.15 4.70966
      vertex 7.46075 -8.15 4.99832
    endloop
  endfacet
  facet normal -0.997859 0 0.0654072
    outer loop
      vertex 7.46075 -8.15 4.99832
      vertex 7.48 -6.65 5.292
      vertex 7.46075 -6.65 4.99832
    endloop
  endfacet
  facet normal -0.997859 0 0.0654072
    outer loop
      vertex 7.48 -6.65 5.292
      vertex 7.46075 -8.15 4.99832
      vertex 7.48 -8.15 5.292
    endloop
  endfacet
  facet normal -0.55557 0 0.83147
    outer loop
      vertex 6.355 -6.65 3.34344
      vertex 6.59971 -8.15 3.50695
      vertex 6.59971 -6.65 3.50695
    endloop
  endfacet
  facet normal -0.55557 0 0.83147
    outer loop
      vertex 6.59971 -8.15 3.50695
      vertex 6.355 -6.65 3.34344
      vertex 6.355 -8.15 3.34344
    endloop
  endfacet
  facet normal -0.659351 0 0.751835
    outer loop
      vertex 6.59971 -6.65 3.50695
      vertex 6.82099 -8.15 3.70101
      vertex 6.82099 -6.65 3.70101
    endloop
  endfacet
  facet normal -0.659351 0 0.751835
    outer loop
      vertex 6.82099 -8.15 3.70101
      vertex 6.59971 -6.65 3.50695
      vertex 6.59971 -8.15 3.50695
    endloop
  endfacet
  facet normal -0.751835 0 0.659351
    outer loop
      vertex 6.82099 -8.15 3.70101
      vertex 7.01505 -6.65 3.92229
      vertex 6.82099 -6.65 3.70101
    endloop
  endfacet
  facet normal -0.751835 0 0.659351
    outer loop
      vertex 7.01505 -6.65 3.92229
      vertex 6.82099 -8.15 3.70101
      vertex 7.01505 -8.15 3.92229
    endloop
  endfacet
  facet normal 0.831454 -0 0.555594
    outer loop
      vertex 3.28144 -8.15 4.167
      vertex 3.44496 -6.65 3.92229
      vertex 3.28144 -6.65 4.167
    endloop
  endfacet
  facet normal 0.831454 0 0.555594
    outer loop
      vertex 3.44496 -6.65 3.92229
      vertex 3.28144 -8.15 4.167
      vertex 3.44496 -8.15 3.92229
    endloop
  endfacet
  facet normal 0.997859 -0 0.0654072
    outer loop
      vertex 2.98 -8.15 5.292
      vertex 2.99925 -6.65 4.99832
      vertex 2.98 -6.65 5.292
    endloop
  endfacet
  facet normal 0.997859 0 0.0654072
    outer loop
      vertex 2.99925 -6.65 4.99832
      vertex 2.98 -8.15 5.292
      vertex 2.99925 -8.15 4.99832
    endloop
  endfacet
  facet normal 0.442287 0 0.896874
    outer loop
      vertex 4.105 -6.65 3.34344
      vertex 4.36896 -8.15 3.21327
      vertex 4.36896 -6.65 3.21327
    endloop
  endfacet
  facet normal 0.442287 0 0.896874
    outer loop
      vertex 4.36896 -8.15 3.21327
      vertex 4.105 -6.65 3.34344
      vertex 4.105 -8.15 3.34344
    endloop
  endfacet
  facet normal 0.0654072 0 0.997859
    outer loop
      vertex 4.93632 -6.65 3.06125
      vertex 5.23 -8.15 3.042
      vertex 5.23 -6.65 3.042
    endloop
  endfacet
  facet normal 0.0654072 0 0.997859
    outer loop
      vertex 5.23 -8.15 3.042
      vertex 4.93632 -6.65 3.06125
      vertex 4.93632 -8.15 3.06125
    endloop
  endfacet
  facet normal 0.659351 0 0.751835
    outer loop
      vertex 3.63901 -6.65 3.70101
      vertex 3.86029 -8.15 3.50695
      vertex 3.86029 -6.65 3.50695
    endloop
  endfacet
  facet normal 0.659351 0 0.751835
    outer loop
      vertex 3.86029 -8.15 3.50695
      vertex 3.63901 -6.65 3.70101
      vertex 3.63901 -8.15 3.70101
    endloop
  endfacet
  facet normal 0.896874 -0 0.442287
    outer loop
      vertex 3.15127 -8.15 4.43096
      vertex 3.28144 -6.65 4.167
      vertex 3.15127 -6.65 4.43096
    endloop
  endfacet
  facet normal 0.896874 0 0.442287
    outer loop
      vertex 3.28144 -6.65 4.167
      vertex 3.15127 -8.15 4.43096
      vertex 3.28144 -8.15 4.167
    endloop
  endfacet
  facet normal -0.0654072 0 0.997859
    outer loop
      vertex 5.23 -6.65 3.042
      vertex 5.52368 -8.15 3.06125
      vertex 5.52368 -6.65 3.06125
    endloop
  endfacet
  facet normal -0.0654072 0 0.997859
    outer loop
      vertex 5.52368 -8.15 3.06125
      vertex 5.23 -6.65 3.042
      vertex 5.23 -8.15 3.042
    endloop
  endfacet
  facet normal -0 0 1
    outer loop
      vertex 3.93 2.85 3.992
      vertex 6.53 2 3.992
      vertex 6.53 2.85 3.992
    endloop
  endfacet
  facet normal 0 0 1
    outer loop
      vertex 6.53 2 3.992
      vertex 3.93 2.85 3.992
      vertex 3.93 2 3.992
    endloop
  endfacet
  facet normal 1 0 0
    outer loop
      vertex 3.93 2.85 14
      vertex 3.93 2.42509 10.8
      vertex 3.93 2.85 3.992
    endloop
  endfacet
  facet normal 1 0 0
    outer loop
      vertex 3.93 2.85 14
      vertex 3.93 2.42492 10.8025
      vertex 3.93 2.42509 10.8
    endloop
  endfacet
  facet normal 1 0 0
    outer loop
      vertex 3.93 2.85 14
      vertex 3.93 2.42299 10.832
      vertex 3.93 2.42492 10.8025
    endloop
  endfacet
  facet normal 1 0 0
    outer loop
      vertex 3.93 2.85 14
      vertex 3.93 2.41723 10.861
      vertex 3.93 2.42299 10.832
    endloop
  endfacet
  facet normal 1 0 0
    outer loop
      vertex 3.93 2.85 14
      vertex 3.93 2.41674 10.8634
      vertex 3.93 2.41723 10.861
    endloop
  endfacet
  facet normal 1 0 0
    outer loop
      vertex 3.93 2.85 14
      vertex 3.93 2.41593 10.8658
      vertex 3.93 2.41674 10.8634
    endloop
  endfacet
  facet normal 1 0 0
    outer loop
      vertex 3.93 2.85 14
      vertex 3.93 2.40643 10.8938
      vertex 3.93 2.41593 10.8658
    endloop
  endfacet
  facet normal 1 0 0
    outer loop
      vertex 3.93 2.85 14
      vertex 3.93 2.39336 10.9203
      vertex 3.93 2.40643 10.8938
    endloop
  endfacet
  facet normal 1 0 0
    outer loop
      vertex 3.93 2.85 14
      vertex 3.93 2.39225 10.9225
      vertex 3.93 2.39336 10.9203
    endloop
  endfacet
  facet normal 1 0 0
    outer loop
      vertex 3.93 2.85 14
      vertex 3.93 2.39086 10.9246
      vertex 3.93 2.39225 10.9225
    endloop
  endfacet
  facet normal 1 0 0
    outer loop
      vertex 3.93 2.85 14
      vertex 3.93 2.37444 10.9492
      vertex 3.93 2.39086 10.9246
    endloop
  endfacet
  facet normal 1 0 0
    outer loop
      vertex 3.93 2.85 14
      vertex 3.93 2.35496 10.9714
      vertex 3.93 2.37444 10.9492
    endloop
  endfacet
  facet normal 1 0 0
    outer loop
      vertex 3.93 2.85 14
      vertex 3.93 2.3533 10.9733
      vertex 3.93 2.35496 10.9714
    endloop
  endfacet
  facet normal 1 0 0
    outer loop
      vertex 3.93 2.85 14
      vertex 3.93 2.33109 10.9928
      vertex 3.93 2.3533 10.9733
    endloop
  endfacet
  facet normal 1 0 0
    outer loop
      vertex 3.93 2.85 14
      vertex 3.93 2.3292 10.9944
      vertex 3.93 2.33109 10.9928
    endloop
  endfacet
  facet normal 1 0 0
    outer loop
      vertex 3.93 2.85 14
      vertex 3.93 2.30463 11.0109
      vertex 3.93 2.3292 10.9944
    endloop
  endfacet
  facet normal 1 0 0
    outer loop
      vertex 3.93 2.85 14
      vertex 3.93 2.30254 11.0123
      vertex 3.93 2.30463 11.0109
    endloop
  endfacet
  facet normal 1 0 0
    outer loop
      vertex 3.93 2.85 14
      vertex 3.93 2.30029 11.0134
      vertex 3.93 2.30254 11.0123
    endloop
  endfacet
  facet normal 1 0 0
    outer loop
      vertex 3.93 2.85 14
      vertex 3.93 2.27379 11.0264
      vertex 3.93 2.30029 11.0134
    endloop
  endfacet
  facet normal 1 0 0
    outer loop
      vertex 3.93 2.85 14
      vertex 3.93 2.24581 11.0359
      vertex 3.93 2.27379 11.0264
    endloop
  endfacet
  facet normal 1 0 0
    outer loop
      vertex 3.93 2.85 14
      vertex 3.93 2.24343 11.0367
      vertex 3.93 2.24581 11.0359
    endloop
  endfacet
  facet normal 1 0 0
    outer loop
      vertex 3.93 2.85 14
      vertex 3.93 2.24097 11.0372
      vertex 3.93 2.24343 11.0367
    endloop
  endfacet
  facet normal 1 0 0
    outer loop
      vertex 3.93 2.85 14
      vertex 3.93 2.21199 11.043
      vertex 3.93 2.24097 11.0372
    endloop
  endfacet
  facet normal 1 -0 0
    outer loop
      vertex 3.93 2 14
      vertex 3.93 2.21199 11.043
      vertex 3.93 2.85 14
    endloop
  endfacet
  facet normal 1 0 0
    outer loop
      vertex 3.93 2.21199 11.043
      vertex 3.93 2 14
      vertex 3.93 2.20948 11.0432
    endloop
  endfacet
  facet normal 1 0 0
    outer loop
      vertex 3.93 2.20948 11.0432
      vertex 3.93 2 14
      vertex 3.93 2.18 11.0451
    endloop
  endfacet
  facet normal 1 0 0
    outer loop
      vertex 3.93 2.18 11.0451
      vertex 3.93 2 14
      vertex 3.93 2.15052 11.0432
    endloop
  endfacet
  facet normal 1 0 0
    outer loop
      vertex 3.93 2.15052 11.0432
      vertex 3.93 2 14
      vertex 3.93 2.14801 11.043
    endloop
  endfacet
  facet normal 1 0 0
    outer loop
      vertex 3.93 2.14801 11.043
      vertex 3.93 2 14
      vertex 3.93 2.14555 11.0425
    endloop
  endfacet
  facet normal 1 0 0
    outer loop
      vertex 3.93 2.14555 11.0425
      vertex 3.93 2 14
      vertex 3.93 2.11657 11.0367
    endloop
  endfacet
  facet normal 1 0 0
    outer loop
      vertex 3.93 2.11657 11.0367
      vertex 3.93 2 14
      vertex 3.93 2.11419 11.0359
    endloop
  endfacet
  facet normal 1 0 0
    outer loop
      vertex 3.93 2.11419 11.0359
      vertex 3.93 2 14
      vertex 3.93 2.08621 11.0264
    endloop
  endfacet
  facet normal 1 0 0
    outer loop
      vertex 3.93 2.08621 11.0264
      vertex 3.93 2 14
      vertex 3.93 2.08396 11.0253
    endloop
  endfacet
  facet normal 1 0 0
    outer loop
      vertex 3.93 2.08396 11.0253
      vertex 3.93 2 14
      vertex 3.93 2.05746 11.0123
    endloop
  endfacet
  facet normal 1 0 0
    outer loop
      vertex 3.93 2.05746 11.0123
      vertex 3.93 2 14
      vertex 3.93 2.05537 11.0109
    endloop
  endfacet
  facet normal 1 0 0
    outer loop
      vertex 3.93 2.05537 11.0109
      vertex 3.93 2 14
      vertex 3.93 2.0308 10.9944
    endloop
  endfacet
  facet normal 1 0 0
    outer loop
      vertex 3.93 2.0308 10.9944
      vertex 3.93 2 14
      vertex 3.93 2.00858 10.975
    endloop
  endfacet
  facet normal 1 0 0
    outer loop
      vertex 3.93 2.00858 10.975
      vertex 3.93 2 14
      vertex 3.93 2.00669 10.9733
    endloop
  endfacet
  facet normal 1 0 0
    outer loop
      vertex 3.93 2.00669 10.9733
      vertex 3.93 2 14
      vertex 3.93 2.00504 10.9714
    endloop
  endfacet
  facet normal 1 0 0
    outer loop
      vertex 3.93 2.00504 10.9714
      vertex 3.93 2 14
      vertex 3.93 2 10.9657
    endloop
  endfacet
  facet normal 1 -0 0
    outer loop
      vertex 3.93 2.42492 10.7975
      vertex 3.93 2.85 3.992
      vertex 3.93 2.42509 10.8
    endloop
  endfacet
  facet normal 1 -0 0
    outer loop
      vertex 3.93 2.42299 10.768
      vertex 3.93 2.85 3.992
      vertex 3.93 2.42492 10.7975
    endloop
  endfacet
  facet normal 1 -0 0
    outer loop
      vertex 3.93 2.41723 10.739
      vertex 3.93 2.85 3.992
      vertex 3.93 2.42299 10.768
    endloop
  endfacet
  facet normal 1 -0 0
    outer loop
      vertex 3.93 2.41674 10.7366
      vertex 3.93 2.85 3.992
      vertex 3.93 2.41723 10.739
    endloop
  endfacet
  facet normal 1 -0 0
    outer loop
      vertex 3.93 2.41593 10.7342
      vertex 3.93 2.85 3.992
      vertex 3.93 2.41674 10.7366
    endloop
  endfacet
  facet normal 1 -0 0
    outer loop
      vertex 3.93 2.40643 10.7062
      vertex 3.93 2.85 3.992
      vertex 3.93 2.41593 10.7342
    endloop
  endfacet
  facet normal 1 -0 0
    outer loop
      vertex 3.93 2.39336 10.6797
      vertex 3.93 2.85 3.992
      vertex 3.93 2.40643 10.7062
    endloop
  endfacet
  facet normal 1 -0 0
    outer loop
      vertex 3.93 2.39225 10.6775
      vertex 3.93 2.85 3.992
      vertex 3.93 2.39336 10.6797
    endloop
  endfacet
  facet normal 1 -0 0
    outer loop
      vertex 3.93 2.39086 10.6754
      vertex 3.93 2.85 3.992
      vertex 3.93 2.39225 10.6775
    endloop
  endfacet
  facet normal 1 -0 0
    outer loop
      vertex 3.93 2.37444 10.6508
      vertex 3.93 2.85 3.992
      vertex 3.93 2.39086 10.6754
    endloop
  endfacet
  facet normal 1 -0 0
    outer loop
      vertex 3.93 2.35496 10.6286
      vertex 3.93 2.85 3.992
      vertex 3.93 2.37444 10.6508
    endloop
  endfacet
  facet normal 1 -0 0
    outer loop
      vertex 3.93 2.3533 10.6267
      vertex 3.93 2.85 3.992
      vertex 3.93 2.35496 10.6286
    endloop
  endfacet
  facet normal 1 -0 0
    outer loop
      vertex 3.93 2.33109 10.6072
      vertex 3.93 2.85 3.992
      vertex 3.93 2.3533 10.6267
    endloop
  endfacet
  facet normal 1 -0 0
    outer loop
      vertex 3.93 2.3292 10.6056
      vertex 3.93 2.85 3.992
      vertex 3.93 2.33109 10.6072
    endloop
  endfacet
  facet normal 1 -0 0
    outer loop
      vertex 3.93 2.30463 10.5891
      vertex 3.93 2.85 3.992
      vertex 3.93 2.3292 10.6056
    endloop
  endfacet
  facet normal 1 -0 0
    outer loop
      vertex 3.93 2.30254 10.5877
      vertex 3.93 2.85 3.992
      vertex 3.93 2.30463 10.5891
    endloop
  endfacet
  facet normal 1 -0 0
    outer loop
      vertex 3.93 2.30029 10.5866
      vertex 3.93 2.85 3.992
      vertex 3.93 2.30254 10.5877
    endloop
  endfacet
  facet normal 1 -0 0
    outer loop
      vertex 3.93 2.27379 10.5736
      vertex 3.93 2.85 3.992
      vertex 3.93 2.30029 10.5866
    endloop
  endfacet
  facet normal 1 -0 0
    outer loop
      vertex 3.93 2.24581 10.5641
      vertex 3.93 2.85 3.992
      vertex 3.93 2.27379 10.5736
    endloop
  endfacet
  facet normal 1 -0 0
    outer loop
      vertex 3.93 2.24343 10.5633
      vertex 3.93 2.85 3.992
      vertex 3.93 2.24581 10.5641
    endloop
  endfacet
  facet normal 1 -0 0
    outer loop
      vertex 3.93 2.24097 10.5628
      vertex 3.93 2.85 3.992
      vertex 3.93 2.24343 10.5633
    endloop
  endfacet
  facet normal 1 -0 0
    outer loop
      vertex 3.93 2.21199 10.557
      vertex 3.93 2.85 3.992
      vertex 3.93 2.24097 10.5628
    endloop
  endfacet
  facet normal 1 -0 0
    outer loop
      vertex 3.93 2.20948 10.5568
      vertex 3.93 2.85 3.992
      vertex 3.93 2.21199 10.557
    endloop
  endfacet
  facet normal 1 -0 0
    outer loop
      vertex 3.93 2.18 10.5549
      vertex 3.93 2.85 3.992
      vertex 3.93 2.20948 10.5568
    endloop
  endfacet
  facet normal 1 0 0
    outer loop
      vertex 3.93 2 3.992
      vertex 3.93 2.18 10.5549
      vertex 3.93 2.15052 10.5568
    endloop
  endfacet
  facet normal 1 0 0
    outer loop
      vertex 3.93 2 3.992
      vertex 3.93 2.15052 10.5568
      vertex 3.93 2.14801 10.557
    endloop
  endfacet
  facet normal 1 0 0
    outer loop
      vertex 3.93 2 3.992
      vertex 3.93 2.14801 10.557
      vertex 3.93 2.14555 10.5575
    endloop
  endfacet
  facet normal 1 0 0
    outer loop
      vertex 3.93 2 3.992
      vertex 3.93 2.14555 10.5575
      vertex 3.93 2.11657 10.5633
    endloop
  endfacet
  facet normal 1 0 0
    outer loop
      vertex 3.93 2 3.992
      vertex 3.93 2.11657 10.5633
      vertex 3.93 2.11419 10.5641
    endloop
  endfacet
  facet normal 1 0 0
    outer loop
      vertex 3.93 2 3.992
      vertex 3.93 2.11419 10.5641
      vertex 3.93 2.08621 10.5736
    endloop
  endfacet
  facet normal 1 0 0
    outer loop
      vertex 3.93 2 3.992
      vertex 3.93 2.08621 10.5736
      vertex 3.93 2.08396 10.5747
    endloop
  endfacet
  facet normal 1 0 0
    outer loop
      vertex 3.93 2 3.992
      vertex 3.93 2.08396 10.5747
      vertex 3.93 2.05746 10.5877
    endloop
  endfacet
  facet normal 1 0 0
    outer loop
      vertex 3.93 2 3.992
      vertex 3.93 2.05746 10.5877
      vertex 3.93 2.05537 10.5891
    endloop
  endfacet
  facet normal 1 0 0
    outer loop
      vertex 3.93 2 3.992
      vertex 3.93 2.05537 10.5891
      vertex 3.93 2.0308 10.6056
    endloop
  endfacet
  facet normal 1 0 0
    outer loop
      vertex 3.93 2 3.992
      vertex 3.93 2.0308 10.6056
      vertex 3.93 2.00858 10.625
    endloop
  endfacet
  facet normal 1 0 0
    outer loop
      vertex 3.93 2 3.992
      vertex 3.93 2.00858 10.625
      vertex 3.93 2.00669 10.6267
    endloop
  endfacet
  facet normal 1 0 0
    outer loop
      vertex 3.93 2 3.992
      vertex 3.93 2.00669 10.6267
      vertex 3.93 2.00504 10.6286
    endloop
  endfacet
  facet normal 1 0 0
    outer loop
      vertex 3.93 2 3.992
      vertex 3.93 2.00504 10.6286
      vertex 3.93 2 10.6343
    endloop
  endfacet
  facet normal 1 0 0
    outer loop
      vertex 3.93 2.18 10.5549
      vertex 3.93 2 3.992
      vertex 3.93 2.85 3.992
    endloop
  endfacet
  facet normal 0 -1 0
    outer loop
      vertex 3.93 2.85 3.992
      vertex 6.53 2.85 14
      vertex 3.93 2.85 14
    endloop
  endfacet
  facet normal 0 -1 -0
    outer loop
      vertex 6.53 2.85 14
      vertex 3.93 2.85 3.992
      vertex 6.53 2.85 3.992
    endloop
  endfacet
  facet normal -1 0 0
    outer loop
      vertex 6.53 2 3.992
      vertex 6.53 2.85 14
      vertex 6.53 2.85 3.992
    endloop
  endfacet
  facet normal -1 -0 0
    outer loop
      vertex 6.53 2.85 14
      vertex 6.53 2 3.992
      vertex 6.53 2 14
    endloop
  endfacet
  facet normal 0 0.946949 -0.321384
    outer loop
      vertex 2.35 -6.22273 8.70706
      vertex 7.93457e-07 -6.1891 8.80615
      vertex 2.35 -6.1891 8.80615
    endloop
  endfacet
  facet normal 0 0.946949 -0.321384
    outer loop
      vertex 7.93457e-07 -6.1891 8.80615
      vertex 2.35 -6.22273 8.70706
      vertex 7.93457e-07 -6.22273 8.70706
    endloop
  endfacet
  facet normal 0 0.89686 -0.442314
    outer loop
      vertex 2.35 -6.1891 8.80615
      vertex 7.93457e-07 -6.14282 8.89999
      vertex 2.35 -6.14282 8.89999
    endloop
  endfacet
  facet normal 0 0.89686 -0.442314
    outer loop
      vertex 7.93457e-07 -6.14282 8.89999
      vertex 2.35 -6.1891 8.80615
      vertex 7.93457e-07 -6.1891 8.80615
    endloop
  endfacet
  facet normal -0 0.442314 0.89686
    outer loop
      vertex 7.93457e-07 -5.75615 5.56089
      vertex 2.35 -5.84999 5.60717
      vertex 2.35 -5.75615 5.56089
    endloop
  endfacet
  facet normal 0 0.442314 0.89686
    outer loop
      vertex 2.35 -5.84999 5.60717
      vertex 7.93457e-07 -5.75615 5.56089
      vertex 7.93457e-07 -5.84999 5.60717
    endloop
  endfacet
  facet normal 0 0.997855 0.0654598
    outer loop
      vertex 2.35 -6.24315 6.19558
      vertex 7.93457e-07 -6.25 6.3
      vertex 2.35 -6.25 6.3
    endloop
  endfacet
  facet normal 0 0.997855 0.0654598
    outer loop
      vertex 7.93457e-07 -6.25 6.3
      vertex 2.35 -6.24315 6.19558
      vertex 7.93457e-07 -6.24315 6.19558
    endloop
  endfacet
  facet normal 0 0.442314 -0.89686
    outer loop
      vertex 7.93457e-07 -5.84999 9.19282
      vertex 2.35 -5.75615 9.2391
      vertex 2.35 -5.84999 9.19282
    endloop
  endfacet
  facet normal 0 0.442314 -0.89686
    outer loop
      vertex 2.35 -5.75615 9.2391
      vertex 7.93457e-07 -5.84999 9.19282
      vertex 7.93457e-07 -5.75615 9.2391
    endloop
  endfacet
  facet normal -0 0.065466 0.997855
    outer loop
      vertex 7.93457e-07 -5.45 5.5
      vertex 2.35 -5.55441 5.50685
      vertex 2.35 -5.45 5.5
    endloop
  endfacet
  facet normal 0 0.065466 0.997855
    outer loop
      vertex 2.35 -5.55441 5.50685
      vertex 7.93457e-07 -5.45 5.5
      vertex 7.93457e-07 -5.55441 5.50685
    endloop
  endfacet
  facet normal 0 -1 0
    outer loop
      vertex 7.93457e-07 -0.149994 6.3
      vertex 2.35 -0.149994 8.5
      vertex 7.93457e-07 -0.149994 8.5
    endloop
  endfacet
  facet normal 0 -1 -0
    outer loop
      vertex 2.35 -0.149994 8.5
      vertex 7.93457e-07 -0.149994 6.3
      vertex 2.35 -0.149994 6.3
    endloop
  endfacet
  facet normal 0 0.831535 -0.555472
    outer loop
      vertex 2.35 -6.14282 8.89999
      vertex 7.93457e-07 -6.08469 8.98701
      vertex 2.35 -6.08469 8.98701
    endloop
  endfacet
  facet normal 0 0.831535 -0.555472
    outer loop
      vertex 7.93457e-07 -6.08469 8.98701
      vertex 2.35 -6.14282 8.89999
      vertex 7.93457e-07 -6.14282 8.89999
    endloop
  endfacet
  facet normal 0 0.831535 0.555472
    outer loop
      vertex 2.35 -6.08469 5.81299
      vertex 7.93457e-07 -6.14282 5.90001
      vertex 2.35 -6.14282 5.90001
    endloop
  endfacet
  facet normal 0 0.831535 0.555472
    outer loop
      vertex 7.93457e-07 -6.14282 5.90001
      vertex 2.35 -6.08469 5.81299
      vertex 7.93457e-07 -6.08469 5.81299
    endloop
  endfacet
  facet normal -0 0.321384 0.946949
    outer loop
      vertex 7.93457e-07 -5.65706 5.52726
      vertex 2.35 -5.75615 5.56089
      vertex 2.35 -5.65706 5.52726
    endloop
  endfacet
  facet normal 0 0.321384 0.946949
    outer loop
      vertex 2.35 -5.75615 5.56089
      vertex 7.93457e-07 -5.65706 5.52726
      vertex 7.93457e-07 -5.75615 5.56089
    endloop
  endfacet
  facet normal 0 -0.946946 0.321392
    outer loop
      vertex 7.93457e-07 -0.210892 5.99385
      vertex 2.35 -0.177261 6.09294
      vertex 7.93457e-07 -0.177261 6.09294
    endloop
  endfacet
  facet normal 0 -0.946946 0.321392
    outer loop
      vertex 2.35 -0.177261 6.09294
      vertex 7.93457e-07 -0.210892 5.99385
      vertex 2.35 -0.210892 5.99385
    endloop
  endfacet
  facet normal 0 -0.997854 -0.0654755
    outer loop
      vertex 7.93457e-07 -0.149994 8.5
      vertex 2.35 -0.156845 8.60441
      vertex 7.93457e-07 -0.156845 8.60441
    endloop
  endfacet
  facet normal 0 -0.997854 -0.0654755
    outer loop
      vertex 2.35 -0.156845 8.60441
      vertex 7.93457e-07 -0.149994 8.5
      vertex 2.35 -0.149994 8.5
    endloop
  endfacet
  facet normal 0 0.997855 -0.065466
    outer loop
      vertex 2.35 -6.25 8.5
      vertex 7.93457e-07 -6.24315 8.60441
      vertex 2.35 -6.24315 8.60441
    endloop
  endfacet
  facet normal 0 0.997855 -0.065466
    outer loop
      vertex 7.93457e-07 -6.24315 8.60441
      vertex 2.35 -6.25 8.5
      vertex 7.93457e-07 -6.25 8.5
    endloop
  endfacet
  facet normal 0 0.980782 -0.195105
    outer loop
      vertex 2.35 -6.24315 8.60441
      vertex 7.93457e-07 -6.22273 8.70706
      vertex 2.35 -6.22273 8.70706
    endloop
  endfacet
  facet normal 0 0.980782 -0.195105
    outer loop
      vertex 7.93457e-07 -6.22273 8.70706
      vertex 2.35 -6.24315 8.60441
      vertex 7.93457e-07 -6.24315 8.60441
    endloop
  endfacet
  facet normal 0 -0.0654623 -0.997855
    outer loop
      vertex 7.93457e-07 -0.949997 9.3
      vertex 2.35 -0.845581 9.29315
      vertex 2.35 -0.949997 9.3
    endloop
  endfacet
  facet normal -0 -0.0654623 -0.997855
    outer loop
      vertex 2.35 -0.845581 9.29315
      vertex 7.93457e-07 -0.949997 9.3
      vertex 7.93457e-07 -0.845581 9.29315
    endloop
  endfacet
  facet normal 0 0.195105 -0.980782
    outer loop
      vertex 7.93457e-07 -5.65706 9.27273
      vertex 2.35 -5.55441 9.29315
      vertex 2.35 -5.65706 9.27273
    endloop
  endfacet
  facet normal 0 0.195105 -0.980782
    outer loop
      vertex 2.35 -5.55441 9.29315
      vertex 7.93457e-07 -5.65706 9.27273
      vertex 7.93457e-07 -5.55441 9.29315
    endloop
  endfacet
  facet normal 0 1 -0
    outer loop
      vertex 2.35 -6.25 6.3
      vertex 7.93457e-07 -6.25 8.5
      vertex 2.35 -6.25 8.5
    endloop
  endfacet
  facet normal 0 1 0
    outer loop
      vertex 7.93457e-07 -6.25 8.5
      vertex 2.35 -6.25 6.3
      vertex 7.93457e-07 -6.25 6.3
    endloop
  endfacet
  facet normal -0 0.659343 0.751842
    outer loop
      vertex 7.93457e-07 -5.93701 5.66531
      vertex 2.35 -6.01569 5.73431
      vertex 2.35 -5.93701 5.66531
    endloop
  endfacet
  facet normal 0 0.659343 0.751842
    outer loop
      vertex 2.35 -6.01569 5.73431
      vertex 7.93457e-07 -5.93701 5.66531
      vertex 7.93457e-07 -6.01569 5.73431
    endloop
  endfacet
  facet normal 0 0.946949 0.321384
    outer loop
      vertex 2.35 -6.1891 5.99385
      vertex 7.93457e-07 -6.22273 6.09294
      vertex 2.35 -6.22273 6.09294
    endloop
  endfacet
  facet normal 0 0.946949 0.321384
    outer loop
      vertex 7.93457e-07 -6.22273 6.09294
      vertex 2.35 -6.1891 5.99385
      vertex 7.93457e-07 -6.1891 5.99385
    endloop
  endfacet
  facet normal 0 -0.195021 0.980799
    outer loop
      vertex 7.93457e-07 -0.742935 5.52726
      vertex 2.35 -0.845581 5.50685
      vertex 2.35 -0.742935 5.52726
    endloop
  endfacet
  facet normal 0 -0.195021 0.980799
    outer loop
      vertex 2.35 -0.845581 5.50685
      vertex 7.93457e-07 -0.742935 5.52726
      vertex 7.93457e-07 -0.845581 5.50685
    endloop
  endfacet
  facet normal 0 -0.321384 0.946949
    outer loop
      vertex 7.93457e-07 -0.643845 5.56089
      vertex 2.35 -0.742935 5.52726
      vertex 2.35 -0.643845 5.56089
    endloop
  endfacet
  facet normal 0 -0.321384 0.946949
    outer loop
      vertex 2.35 -0.742935 5.52726
      vertex 7.93457e-07 -0.643845 5.56089
      vertex 7.93457e-07 -0.742935 5.52726
    endloop
  endfacet
  facet normal 0 -0.442306 0.896864
    outer loop
      vertex 7.93457e-07 -0.550003 5.60717
      vertex 2.35 -0.643845 5.56089
      vertex 2.35 -0.550003 5.60717
    endloop
  endfacet
  facet normal 0 -0.442306 0.896864
    outer loop
      vertex 2.35 -0.643845 5.56089
      vertex 7.93457e-07 -0.550003 5.60717
      vertex 7.93457e-07 -0.643845 5.56089
    endloop
  endfacet
  facet normal 0 -0.751842 0.659343
    outer loop
      vertex 7.93457e-07 -0.384308 5.73431
      vertex 2.35 -0.315308 5.81299
      vertex 7.93457e-07 -0.315308 5.81299
    endloop
  endfacet
  facet normal 0 -0.751842 0.659343
    outer loop
      vertex 2.35 -0.315308 5.81299
      vertex 7.93457e-07 -0.384308 5.73431
      vertex 2.35 -0.384308 5.73431
    endloop
  endfacet
  facet normal -0 0 1
    outer loop
      vertex 7.93457e-07 -0.949997 5.5
      vertex 2.35 -5.45 5.5
      vertex 2.35 -0.949997 5.5
    endloop
  endfacet
  facet normal 0 0 1
    outer loop
      vertex 2.35 -5.45 5.5
      vertex 7.93457e-07 -0.949997 5.5
      vertex 7.93457e-07 -5.45 5.5
    endloop
  endfacet
  facet normal 0 -0.0654623 0.997855
    outer loop
      vertex 7.93457e-07 -0.845581 5.50685
      vertex 2.35 -0.949997 5.5
      vertex 2.35 -0.845581 5.50685
    endloop
  endfacet
  facet normal 0 -0.0654623 0.997855
    outer loop
      vertex 2.35 -0.949997 5.5
      vertex 7.93457e-07 -0.845581 5.50685
      vertex 7.93457e-07 -0.949997 5.5
    endloop
  endfacet
  facet normal 0 -0.946946 -0.321392
    outer loop
      vertex 7.93457e-07 -0.177261 8.70706
      vertex 2.35 -0.210892 8.80615
      vertex 7.93457e-07 -0.210892 8.80615
    endloop
  endfacet
  facet normal 0 -0.946946 -0.321392
    outer loop
      vertex 2.35 -0.210892 8.80615
      vertex 7.93457e-07 -0.177261 8.70706
      vertex 2.35 -0.177261 8.70706
    endloop
  endfacet
  facet normal 0 -0.997855 0.0654693
    outer loop
      vertex 7.93457e-07 -0.156845 6.19558
      vertex 2.35 -0.149994 6.3
      vertex 7.93457e-07 -0.149994 6.3
    endloop
  endfacet
  facet normal 0 -0.997855 0.0654693
    outer loop
      vertex 2.35 -0.149994 6.3
      vertex 7.93457e-07 -0.156845 6.19558
      vertex 2.35 -0.156845 6.19558
    endloop
  endfacet
  facet normal 0 0 -1
    outer loop
      vertex 7.93457e-07 -5.45 9.3
      vertex 2.35 -0.949997 9.3
      vertex 2.35 -5.45 9.3
    endloop
  endfacet
  facet normal -0 0 -1
    outer loop
      vertex 2.35 -0.949997 9.3
      vertex 7.93457e-07 -5.45 9.3
      vertex 7.93457e-07 -0.949997 9.3
    endloop
  endfacet
  facet normal 0 0.321384 -0.946949
    outer loop
      vertex 7.93457e-07 -5.75615 9.2391
      vertex 2.35 -5.65706 9.27273
      vertex 2.35 -5.75615 9.2391
    endloop
  endfacet
  facet normal 0 0.321384 -0.946949
    outer loop
      vertex 2.35 -5.65706 9.27273
      vertex 7.93457e-07 -5.75615 9.2391
      vertex 7.93457e-07 -5.65706 9.27273
    endloop
  endfacet
  facet normal 0 0.751842 0.659343
    outer loop
      vertex 2.35 -6.01569 5.73431
      vertex 7.93457e-07 -6.08469 5.81299
      vertex 2.35 -6.08469 5.81299
    endloop
  endfacet
  facet normal 0 0.751842 0.659343
    outer loop
      vertex 7.93457e-07 -6.08469 5.81299
      vertex 2.35 -6.01569 5.73431
      vertex 7.93457e-07 -6.01569 5.73431
    endloop
  endfacet
  facet normal -0 0.555538 0.831491
    outer loop
      vertex 7.93457e-07 -5.84999 5.60717
      vertex 2.35 -5.93701 5.66531
      vertex 2.35 -5.84999 5.60717
    endloop
  endfacet
  facet normal 0 0.555538 0.831491
    outer loop
      vertex 2.35 -5.93701 5.66531
      vertex 7.93457e-07 -5.84999 5.60717
      vertex 7.93457e-07 -5.93701 5.66531
    endloop
  endfacet
  facet normal 0 0.89686 0.442314
    outer loop
      vertex 2.35 -6.14282 5.90001
      vertex 7.93457e-07 -6.1891 5.99385
      vertex 2.35 -6.1891 5.99385
    endloop
  endfacet
  facet normal 0 0.89686 0.442314
    outer loop
      vertex 7.93457e-07 -6.1891 5.99385
      vertex 2.35 -6.14282 5.90001
      vertex 7.93457e-07 -6.14282 5.90001
    endloop
  endfacet
  facet normal 0 0.980779 0.195124
    outer loop
      vertex 2.35 -6.22273 6.09294
      vertex 7.93457e-07 -6.24315 6.19558
      vertex 2.35 -6.24315 6.19558
    endloop
  endfacet
  facet normal 0 0.980779 0.195124
    outer loop
      vertex 7.93457e-07 -6.24315 6.19558
      vertex 2.35 -6.22273 6.09294
      vertex 7.93457e-07 -6.22273 6.09294
    endloop
  endfacet
  facet normal 0 -0.555533 0.831494
    outer loop
      vertex 7.93457e-07 -0.462982 5.66531
      vertex 2.35 -0.550003 5.60717
      vertex 2.35 -0.462982 5.66531
    endloop
  endfacet
  facet normal 0 -0.555533 0.831494
    outer loop
      vertex 2.35 -0.550003 5.60717
      vertex 7.93457e-07 -0.462982 5.66531
      vertex 7.93457e-07 -0.550003 5.60717
    endloop
  endfacet
  facet normal 0 -0.659371 0.751817
    outer loop
      vertex 7.93457e-07 -0.384308 5.73431
      vertex 2.35 -0.462982 5.66531
      vertex 2.35 -0.384308 5.73431
    endloop
  endfacet
  facet normal 0 -0.659371 0.751817
    outer loop
      vertex 2.35 -0.462982 5.66531
      vertex 7.93457e-07 -0.384308 5.73431
      vertex 7.93457e-07 -0.462982 5.66531
    endloop
  endfacet
  facet normal 0 -0.831509 0.555511
    outer loop
      vertex 7.93457e-07 -0.315308 5.81299
      vertex 2.35 -0.257172 5.90001
      vertex 7.93457e-07 -0.257172 5.90001
    endloop
  endfacet
  facet normal 0 -0.831509 0.555511
    outer loop
      vertex 2.35 -0.257172 5.90001
      vertex 7.93457e-07 -0.315308 5.81299
      vertex 2.35 -0.315308 5.81299
    endloop
  endfacet
  facet normal 0 -0.89686 0.442314
    outer loop
      vertex 7.93457e-07 -0.257172 5.90001
      vertex 2.35 -0.210892 5.99385
      vertex 7.93457e-07 -0.210892 5.99385
    endloop
  endfacet
  facet normal 0 -0.89686 0.442314
    outer loop
      vertex 2.35 -0.210892 5.99385
      vertex 7.93457e-07 -0.257172 5.90001
      vertex 2.35 -0.257172 5.90001
    endloop
  endfacet
  facet normal -0 0.195014 0.980801
    outer loop
      vertex 7.93457e-07 -5.55441 5.50685
      vertex 2.35 -5.65706 5.52726
      vertex 2.35 -5.55441 5.50685
    endloop
  endfacet
  facet normal 0 0.195014 0.980801
    outer loop
      vertex 2.35 -5.65706 5.52726
      vertex 7.93457e-07 -5.55441 5.50685
      vertex 7.93457e-07 -5.65706 5.52726
    endloop
  endfacet
  facet normal 0 -0.442306 -0.896864
    outer loop
      vertex 7.93457e-07 -0.643845 9.2391
      vertex 2.35 -0.550003 9.19282
      vertex 2.35 -0.643845 9.2391
    endloop
  endfacet
  facet normal -0 -0.442306 -0.896864
    outer loop
      vertex 2.35 -0.550003 9.19282
      vertex 7.93457e-07 -0.643845 9.2391
      vertex 7.93457e-07 -0.550003 9.19282
    endloop
  endfacet
  facet normal 0 -0.831509 -0.555511
    outer loop
      vertex 7.93457e-07 -0.257172 8.89999
      vertex 2.35 -0.315308 8.98701
      vertex 7.93457e-07 -0.315308 8.98701
    endloop
  endfacet
  facet normal 0 -0.831509 -0.555511
    outer loop
      vertex 2.35 -0.315308 8.98701
      vertex 7.93457e-07 -0.257172 8.89999
      vertex 2.35 -0.257172 8.89999
    endloop
  endfacet
  facet normal 0 -0.98079 -0.195069
    outer loop
      vertex 7.93457e-07 -0.156845 8.60441
      vertex 2.35 -0.177261 8.70706
      vertex 7.93457e-07 -0.177261 8.70706
    endloop
  endfacet
  facet normal 0 -0.98079 -0.195069
    outer loop
      vertex 2.35 -0.177261 8.70706
      vertex 7.93457e-07 -0.156845 8.60441
      vertex 2.35 -0.156845 8.60441
    endloop
  endfacet
  facet normal 0 -0.980786 0.195087
    outer loop
      vertex 7.93457e-07 -0.177261 6.09294
      vertex 2.35 -0.156845 6.19558
      vertex 7.93457e-07 -0.156845 6.19558
    endloop
  endfacet
  facet normal 0 -0.980786 0.195087
    outer loop
      vertex 2.35 -0.156845 6.19558
      vertex 7.93457e-07 -0.177261 6.09294
      vertex 2.35 -0.177261 6.09294
    endloop
  endfacet
  facet normal 0 0.065466 -0.997855
    outer loop
      vertex 7.93457e-07 -5.55441 9.29315
      vertex 2.35 -5.45 9.3
      vertex 2.35 -5.55441 9.29315
    endloop
  endfacet
  facet normal 0 0.065466 -0.997855
    outer loop
      vertex 2.35 -5.45 9.3
      vertex 7.93457e-07 -5.55441 9.29315
      vertex 7.93457e-07 -5.45 9.3
    endloop
  endfacet
  facet normal 0 0.555472 -0.831535
    outer loop
      vertex 7.93457e-07 -5.93701 9.13469
      vertex 2.35 -5.84999 9.19282
      vertex 2.35 -5.93701 9.13469
    endloop
  endfacet
  facet normal 0 0.555472 -0.831535
    outer loop
      vertex 2.35 -5.84999 9.19282
      vertex 7.93457e-07 -5.93701 9.13469
      vertex 7.93457e-07 -5.84999 9.19282
    endloop
  endfacet
  facet normal 0 -0.321384 -0.946949
    outer loop
      vertex 7.93457e-07 -0.742935 9.27273
      vertex 2.35 -0.643845 9.2391
      vertex 2.35 -0.742935 9.27273
    endloop
  endfacet
  facet normal -0 -0.321384 -0.946949
    outer loop
      vertex 2.35 -0.643845 9.2391
      vertex 7.93457e-07 -0.742935 9.27273
      vertex 7.93457e-07 -0.643845 9.2391
    endloop
  endfacet
  facet normal 0 -0.195113 -0.980781
    outer loop
      vertex 7.93457e-07 -0.845581 9.29315
      vertex 2.35 -0.742935 9.27273
      vertex 2.35 -0.845581 9.29315
    endloop
  endfacet
  facet normal -0 -0.195113 -0.980781
    outer loop
      vertex 2.35 -0.742935 9.27273
      vertex 7.93457e-07 -0.845581 9.29315
      vertex 7.93457e-07 -0.742935 9.27273
    endloop
  endfacet
  facet normal 0 -0.555467 -0.831538
    outer loop
      vertex 7.93457e-07 -0.550003 9.19282
      vertex 2.35 -0.462982 9.13469
      vertex 2.35 -0.550003 9.19282
    endloop
  endfacet
  facet normal -0 -0.555467 -0.831538
    outer loop
      vertex 2.35 -0.462982 9.13469
      vertex 7.93457e-07 -0.550003 9.19282
      vertex 7.93457e-07 -0.462982 9.13469
    endloop
  endfacet
  facet normal 0 -0.89686 -0.442314
    outer loop
      vertex 7.93457e-07 -0.210892 8.80615
      vertex 2.35 -0.257172 8.89999
      vertex 7.93457e-07 -0.257172 8.89999
    endloop
  endfacet
  facet normal 0 -0.89686 -0.442314
    outer loop
      vertex 2.35 -0.257172 8.89999
      vertex 7.93457e-07 -0.210892 8.80615
      vertex 2.35 -0.210892 8.80615
    endloop
  endfacet
  facet normal 0 0.659343 -0.751842
    outer loop
      vertex 7.93457e-07 -6.01569 9.06569
      vertex 2.35 -5.93701 9.13469
      vertex 2.35 -6.01569 9.06569
    endloop
  endfacet
  facet normal 0 0.659343 -0.751842
    outer loop
      vertex 2.35 -5.93701 9.13469
      vertex 7.93457e-07 -6.01569 9.06569
      vertex 7.93457e-07 -5.93701 9.13469
    endloop
  endfacet
  facet normal 0 -0.751842 -0.659343
    outer loop
      vertex 7.93457e-07 -0.315308 8.98701
      vertex 2.35 -0.384308 9.06569
      vertex 7.93457e-07 -0.384308 9.06569
    endloop
  endfacet
  facet normal 0 -0.751842 -0.659343
    outer loop
      vertex 2.35 -0.384308 9.06569
      vertex 7.93457e-07 -0.315308 8.98701
      vertex 2.35 -0.315308 8.98701
    endloop
  endfacet
  facet normal 0 -0.659371 -0.751817
    outer loop
      vertex 7.93457e-07 -0.462982 9.13469
      vertex 2.35 -0.384308 9.06569
      vertex 2.35 -0.462982 9.13469
    endloop
  endfacet
  facet normal -0 -0.659371 -0.751817
    outer loop
      vertex 2.35 -0.384308 9.06569
      vertex 7.93457e-07 -0.462982 9.13469
      vertex 7.93457e-07 -0.384308 9.06569
    endloop
  endfacet
  facet normal 0 0.751842 -0.659343
    outer loop
      vertex 2.35 -6.08469 8.98701
      vertex 7.93457e-07 -6.01569 9.06569
      vertex 2.35 -6.01569 9.06569
    endloop
  endfacet
  facet normal 0 0.751842 -0.659343
    outer loop
      vertex 7.93457e-07 -6.01569 9.06569
      vertex 2.35 -6.08469 8.98701
      vertex 7.93457e-07 -6.08469 8.98701
    endloop
  endfacet
  facet normal -0.997859 -0.0654064 0
    outer loop
      vertex 7.157 -3.2 0.800001
      vertex 7.14545 -3.02379 2
      vertex 7.14545 -3.02379 0.800001
    endloop
  endfacet
  facet normal -0.997859 -0.0654064 0
    outer loop
      vertex 7.14545 -3.02379 2
      vertex 7.157 -3.2 0.800001
      vertex 7.157 -3.2 2
    endloop
  endfacet
  facet normal 0.997859 -0.0654064 0
    outer loop
      vertex 4.457 -3.2 2
      vertex 4.46855 -3.02379 0.800001
      vertex 4.46855 -3.02379 2
    endloop
  endfacet
  facet normal 0.997859 -0.0654064 0
    outer loop
      vertex 4.46855 -3.02379 0.800001
      vertex 4.457 -3.2 2
      vertex 4.457 -3.2 0.800001
    endloop
  endfacet
  facet normal -0.0654064 0.997859 0
    outer loop
      vertex 5.98321 -4.53845 0.800001
      vertex 5.807 -4.55 2
      vertex 5.98321 -4.53845 2
    endloop
  endfacet
  facet normal -0.0654064 0.997859 0
    outer loop
      vertex 5.807 -4.55 2
      vertex 5.98321 -4.53845 0.800001
      vertex 5.807 -4.55 0.800001
    endloop
  endfacet
  facet normal -0.751804 0.659386 0
    outer loop
      vertex 6.76159 -4.15459 0.800001
      vertex 6.87803 -4.02183 2
      vertex 6.87803 -4.02183 0.800001
    endloop
  endfacet
  facet normal -0.751804 0.659386 0
    outer loop
      vertex 6.87803 -4.02183 2
      vertex 6.76159 -4.15459 0.800001
      vertex 6.76159 -4.15459 2
    endloop
  endfacet
  facet normal 0.659386 -0.751804 0
    outer loop
      vertex 4.85241 -2.24541 0.800001
      vertex 4.98517 -2.12897 2
      vertex 4.85241 -2.24541 2
    endloop
  endfacet
  facet normal 0.659386 -0.751804 0
    outer loop
      vertex 4.98517 -2.12897 2
      vertex 4.85241 -2.24541 0.800001
      vertex 4.98517 -2.12897 0.800001
    endloop
  endfacet
  facet normal 0.321439 -0.94693 0
    outer loop
      vertex 5.29038 -1.95276 0.800001
      vertex 5.45759 -1.896 2
      vertex 5.29038 -1.95276 2
    endloop
  endfacet
  facet normal 0.321439 -0.94693 0
    outer loop
      vertex 5.45759 -1.896 2
      vertex 5.29038 -1.95276 0.800001
      vertex 5.45759 -1.896 0.800001
    endloop
  endfacet
  facet normal -0.831466 -0.555575 0
    outer loop
      vertex 6.97614 -2.525 0.800001
      vertex 6.87803 -2.37817 2
      vertex 6.87803 -2.37817 0.800001
    endloop
  endfacet
  facet normal -0.831466 -0.555575 0
    outer loop
      vertex 6.87803 -2.37817 2
      vertex 6.97614 -2.525 0.800001
      vertex 6.97614 -2.525 2
    endloop
  endfacet
  facet normal -0.195081 -0.980787 0
    outer loop
      vertex 5.98321 -1.86155 0.800001
      vertex 6.15641 -1.896 2
      vertex 5.98321 -1.86155 2
    endloop
  endfacet
  facet normal -0.195081 -0.980787 -0
    outer loop
      vertex 6.15641 -1.896 2
      vertex 5.98321 -1.86155 0.800001
      vertex 6.15641 -1.896 0.800001
    endloop
  endfacet
  facet normal 0.89686 -0.442314 0
    outer loop
      vertex 4.55976 -2.68338 2
      vertex 4.63787 -2.525 0.800001
      vertex 4.63787 -2.525 2
    endloop
  endfacet
  facet normal 0.89686 -0.442314 0
    outer loop
      vertex 4.63787 -2.525 0.800001
      vertex 4.55976 -2.68338 2
      vertex 4.55976 -2.68338 0.800001
    endloop
  endfacet
  facet normal 0.195081 -0.980787 0
    outer loop
      vertex 5.45759 -1.896 0.800001
      vertex 5.63079 -1.86155 2
      vertex 5.45759 -1.896 2
    endloop
  endfacet
  facet normal 0.195081 -0.980787 0
    outer loop
      vertex 5.63079 -1.86155 2
      vertex 5.45759 -1.896 0.800001
      vertex 5.63079 -1.86155 0.800001
    endloop
  endfacet
  facet normal -0.195081 0.980787 0
    outer loop
      vertex 6.15641 -4.504 0.800001
      vertex 5.98321 -4.53845 2
      vertex 6.15641 -4.504 2
    endloop
  endfacet
  facet normal -0.195081 0.980787 0
    outer loop
      vertex 5.98321 -4.53845 2
      vertex 6.15641 -4.504 0.800001
      vertex 5.98321 -4.53845 0.800001
    endloop
  endfacet
  facet normal -0.442314 0.89686 0
    outer loop
      vertex 6.482 -4.36913 0.800001
      vertex 6.32362 -4.44724 2
      vertex 6.482 -4.36913 2
    endloop
  endfacet
  facet normal -0.442314 0.89686 0
    outer loop
      vertex 6.32362 -4.44724 2
      vertex 6.482 -4.36913 0.800001
      vertex 6.32362 -4.44724 0.800001
    endloop
  endfacet
  facet normal -0.980787 -0.195081 0
    outer loop
      vertex 7.14545 -3.02379 0.800001
      vertex 7.111 -2.85059 2
      vertex 7.111 -2.85059 0.800001
    endloop
  endfacet
  facet normal -0.980787 -0.195081 0
    outer loop
      vertex 7.111 -2.85059 2
      vertex 7.14545 -3.02379 0.800001
      vertex 7.14545 -3.02379 2
    endloop
  endfacet
  facet normal -0.896883 -0.442269 0
    outer loop
      vertex 7.05424 -2.68338 0.800001
      vertex 6.97614 -2.525 2
      vertex 6.97614 -2.525 0.800001
    endloop
  endfacet
  facet normal -0.896883 -0.442269 0
    outer loop
      vertex 6.97614 -2.525 2
      vertex 7.05424 -2.68338 0.800001
      vertex 7.05424 -2.68338 2
    endloop
  endfacet
  facet normal -0.751804 -0.659386 0
    outer loop
      vertex 6.87803 -2.37817 0.800001
      vertex 6.76159 -2.24541 2
      vertex 6.76159 -2.24541 0.800001
    endloop
  endfacet
  facet normal -0.751804 -0.659386 0
    outer loop
      vertex 6.76159 -2.24541 2
      vertex 6.87803 -2.37817 0.800001
      vertex 6.87803 -2.37817 2
    endloop
  endfacet
  facet normal -0.0654064 -0.997859 0
    outer loop
      vertex 5.807 -1.85 0.800001
      vertex 5.98321 -1.86155 2
      vertex 5.807 -1.85 2
    endloop
  endfacet
  facet normal -0.0654064 -0.997859 -0
    outer loop
      vertex 5.98321 -1.86155 2
      vertex 5.807 -1.85 0.800001
      vertex 5.98321 -1.86155 0.800001
    endloop
  endfacet
  facet normal -0.321439 -0.94693 0
    outer loop
      vertex 6.15641 -1.896 0.800001
      vertex 6.32362 -1.95276 2
      vertex 6.15641 -1.896 2
    endloop
  endfacet
  facet normal -0.321439 -0.94693 -0
    outer loop
      vertex 6.32362 -1.95276 2
      vertex 6.15641 -1.896 0.800001
      vertex 6.32362 -1.95276 0.800001
    endloop
  endfacet
  facet normal -0.555536 -0.831492 0
    outer loop
      vertex 6.482 -2.03087 0.800001
      vertex 6.62883 -2.12897 2
      vertex 6.482 -2.03087 2
    endloop
  endfacet
  facet normal -0.555536 -0.831492 -0
    outer loop
      vertex 6.62883 -2.12897 2
      vertex 6.482 -2.03087 0.800001
      vertex 6.62883 -2.12897 0.800001
    endloop
  endfacet
  facet normal 0.831492 -0.555536 0
    outer loop
      vertex 4.63787 -2.525 2
      vertex 4.73597 -2.37817 0.800001
      vertex 4.73597 -2.37817 2
    endloop
  endfacet
  facet normal 0.831492 -0.555536 0
    outer loop
      vertex 4.73597 -2.37817 0.800001
      vertex 4.63787 -2.525 2
      vertex 4.63787 -2.525 0.800001
    endloop
  endfacet
  facet normal 0.751804 -0.659386 0
    outer loop
      vertex 4.73597 -2.37817 2
      vertex 4.85241 -2.24541 0.800001
      vertex 4.85241 -2.24541 2
    endloop
  endfacet
  facet normal 0.751804 -0.659386 0
    outer loop
      vertex 4.85241 -2.24541 0.800001
      vertex 4.73597 -2.37817 2
      vertex 4.73597 -2.37817 0.800001
    endloop
  endfacet
  facet normal 0.94693 -0.321439 0
    outer loop
      vertex 4.503 -2.85059 2
      vertex 4.55976 -2.68338 0.800001
      vertex 4.55976 -2.68338 2
    endloop
  endfacet
  facet normal 0.94693 -0.321439 0
    outer loop
      vertex 4.55976 -2.68338 0.800001
      vertex 4.503 -2.85059 2
      vertex 4.503 -2.85059 0.800001
    endloop
  endfacet
  facet normal 0.980787 -0.195081 0
    outer loop
      vertex 4.46855 -3.02379 2
      vertex 4.503 -2.85059 0.800001
      vertex 4.503 -2.85059 2
    endloop
  endfacet
  facet normal 0.980787 -0.195081 0
    outer loop
      vertex 4.503 -2.85059 0.800001
      vertex 4.46855 -3.02379 2
      vertex 4.46855 -3.02379 0.800001
    endloop
  endfacet
  facet normal 0.442314 -0.89686 0
    outer loop
      vertex 5.132 -2.03087 0.800001
      vertex 5.29038 -1.95276 2
      vertex 5.132 -2.03087 2
    endloop
  endfacet
  facet normal 0.442314 -0.89686 0
    outer loop
      vertex 5.29038 -1.95276 2
      vertex 5.132 -2.03087 0.800001
      vertex 5.29038 -1.95276 0.800001
    endloop
  endfacet
  facet normal 0.555536 -0.831492 0
    outer loop
      vertex 4.98517 -2.12897 0.800001
      vertex 5.132 -2.03087 2
      vertex 4.98517 -2.12897 2
    endloop
  endfacet
  facet normal 0.555536 -0.831492 0
    outer loop
      vertex 5.132 -2.03087 2
      vertex 4.98517 -2.12897 0.800001
      vertex 5.132 -2.03087 0.800001
    endloop
  endfacet
  facet normal 0.0654064 -0.997859 0
    outer loop
      vertex 5.63079 -1.86155 0.800001
      vertex 5.807 -1.85 2
      vertex 5.63079 -1.86155 2
    endloop
  endfacet
  facet normal 0.0654064 -0.997859 0
    outer loop
      vertex 5.807 -1.85 2
      vertex 5.63079 -1.86155 0.800001
      vertex 5.807 -1.85 0.800001
    endloop
  endfacet
  facet normal -0.997859 0.0654064 0
    outer loop
      vertex 7.14545 -3.37621 0.800001
      vertex 7.157 -3.2 2
      vertex 7.157 -3.2 0.800001
    endloop
  endfacet
  facet normal -0.997859 0.0654064 0
    outer loop
      vertex 7.157 -3.2 2
      vertex 7.14545 -3.37621 0.800001
      vertex 7.14545 -3.37621 2
    endloop
  endfacet
  facet normal -0.94693 0.321439 0
    outer loop
      vertex 7.05424 -3.71662 0.800001
      vertex 7.111 -3.54941 2
      vertex 7.111 -3.54941 0.800001
    endloop
  endfacet
  facet normal -0.94693 0.321439 0
    outer loop
      vertex 7.111 -3.54941 2
      vertex 7.05424 -3.71662 0.800001
      vertex 7.05424 -3.71662 2
    endloop
  endfacet
  facet normal -0.980787 0.195081 0
    outer loop
      vertex 7.111 -3.54941 0.800001
      vertex 7.14545 -3.37621 2
      vertex 7.14545 -3.37621 0.800001
    endloop
  endfacet
  facet normal -0.980787 0.195081 0
    outer loop
      vertex 7.14545 -3.37621 2
      vertex 7.111 -3.54941 0.800001
      vertex 7.111 -3.54941 2
    endloop
  endfacet
  facet normal 0.94693 0.321439 0
    outer loop
      vertex 4.55976 -3.71662 2
      vertex 4.503 -3.54941 0.800001
      vertex 4.503 -3.54941 2
    endloop
  endfacet
  facet normal 0.94693 0.321439 0
    outer loop
      vertex 4.503 -3.54941 0.800001
      vertex 4.55976 -3.71662 2
      vertex 4.55976 -3.71662 0.800001
    endloop
  endfacet
  facet normal -0.555536 0.831492 0
    outer loop
      vertex 6.62883 -4.27103 0.800001
      vertex 6.482 -4.36913 2
      vertex 6.62883 -4.27103 2
    endloop
  endfacet
  facet normal -0.555536 0.831492 0
    outer loop
      vertex 6.482 -4.36913 2
      vertex 6.62883 -4.27103 0.800001
      vertex 6.482 -4.36913 0.800001
    endloop
  endfacet
  facet normal -0.94693 -0.321439 0
    outer loop
      vertex 7.111 -2.85059 0.800001
      vertex 7.05424 -2.68338 2
      vertex 7.05424 -2.68338 0.800001
    endloop
  endfacet
  facet normal -0.94693 -0.321439 0
    outer loop
      vertex 7.05424 -2.68338 2
      vertex 7.111 -2.85059 0.800001
      vertex 7.111 -2.85059 2
    endloop
  endfacet
  facet normal -0.659386 -0.751804 0
    outer loop
      vertex 6.62883 -2.12897 0.800001
      vertex 6.76159 -2.24541 2
      vertex 6.62883 -2.12897 2
    endloop
  endfacet
  facet normal -0.659386 -0.751804 -0
    outer loop
      vertex 6.76159 -2.24541 2
      vertex 6.62883 -2.12897 0.800001
      vertex 6.76159 -2.24541 0.800001
    endloop
  endfacet
  facet normal -0.442314 -0.89686 0
    outer loop
      vertex 6.32362 -1.95276 0.800001
      vertex 6.482 -2.03087 2
      vertex 6.32362 -1.95276 2
    endloop
  endfacet
  facet normal -0.442314 -0.89686 -0
    outer loop
      vertex 6.482 -2.03087 2
      vertex 6.32362 -1.95276 0.800001
      vertex 6.482 -2.03087 0.800001
    endloop
  endfacet
  facet normal 0.751804 0.659386 0
    outer loop
      vertex 4.85241 -4.15459 2
      vertex 4.73597 -4.02183 0.800001
      vertex 4.73597 -4.02183 2
    endloop
  endfacet
  facet normal 0.751804 0.659386 0
    outer loop
      vertex 4.73597 -4.02183 0.800001
      vertex 4.85241 -4.15459 2
      vertex 4.85241 -4.15459 0.800001
    endloop
  endfacet
  facet normal 0.831492 0.555536 0
    outer loop
      vertex 4.73597 -4.02183 2
      vertex 4.63787 -3.875 0.800001
      vertex 4.63787 -3.875 2
    endloop
  endfacet
  facet normal 0.831492 0.555536 0
    outer loop
      vertex 4.63787 -3.875 0.800001
      vertex 4.73597 -4.02183 2
      vertex 4.73597 -4.02183 0.800001
    endloop
  endfacet
  facet normal -0.659386 0.751804 0
    outer loop
      vertex 6.76159 -4.15459 0.800001
      vertex 6.62883 -4.27103 2
      vertex 6.76159 -4.15459 2
    endloop
  endfacet
  facet normal -0.659386 0.751804 0
    outer loop
      vertex 6.62883 -4.27103 2
      vertex 6.76159 -4.15459 0.800001
      vertex 6.62883 -4.27103 0.800001
    endloop
  endfacet
  facet normal -0.321439 0.94693 0
    outer loop
      vertex 6.32362 -4.44724 0.800001
      vertex 6.15641 -4.504 2
      vertex 6.32362 -4.44724 2
    endloop
  endfacet
  facet normal -0.321439 0.94693 0
    outer loop
      vertex 6.15641 -4.504 2
      vertex 6.32362 -4.44724 0.800001
      vertex 6.15641 -4.504 0.800001
    endloop
  endfacet
  facet normal -0.896883 0.442269 0
    outer loop
      vertex 6.97614 -3.875 0.800001
      vertex 7.05424 -3.71662 2
      vertex 7.05424 -3.71662 0.800001
    endloop
  endfacet
  facet normal -0.896883 0.442269 0
    outer loop
      vertex 7.05424 -3.71662 2
      vertex 6.97614 -3.875 0.800001
      vertex 6.97614 -3.875 2
    endloop
  endfacet
  facet normal -0.831466 0.555575 0
    outer loop
      vertex 6.87803 -4.02183 0.800001
      vertex 6.97614 -3.875 2
      vertex 6.97614 -3.875 0.800001
    endloop
  endfacet
  facet normal -0.831466 0.555575 0
    outer loop
      vertex 6.97614 -3.875 2
      vertex 6.87803 -4.02183 0.800001
      vertex 6.87803 -4.02183 2
    endloop
  endfacet
  facet normal 0.0654064 0.997859 -0
    outer loop
      vertex 5.807 -4.55 0.800001
      vertex 5.63079 -4.53845 2
      vertex 5.807 -4.55 2
    endloop
  endfacet
  facet normal 0.0654064 0.997859 0
    outer loop
      vertex 5.63079 -4.53845 2
      vertex 5.807 -4.55 0.800001
      vertex 5.63079 -4.53845 0.800001
    endloop
  endfacet
  facet normal 0.195081 0.980787 -0
    outer loop
      vertex 5.63079 -4.53845 0.800001
      vertex 5.45759 -4.504 2
      vertex 5.63079 -4.53845 2
    endloop
  endfacet
  facet normal 0.195081 0.980787 0
    outer loop
      vertex 5.45759 -4.504 2
      vertex 5.63079 -4.53845 0.800001
      vertex 5.45759 -4.504 0.800001
    endloop
  endfacet
  facet normal 0.659386 0.751804 -0
    outer loop
      vertex 4.98517 -4.27103 0.800001
      vertex 4.85241 -4.15459 2
      vertex 4.98517 -4.27103 2
    endloop
  endfacet
  facet normal 0.659386 0.751804 0
    outer loop
      vertex 4.85241 -4.15459 2
      vertex 4.98517 -4.27103 0.800001
      vertex 4.85241 -4.15459 0.800001
    endloop
  endfacet
  facet normal 0.89686 0.442314 0
    outer loop
      vertex 4.63787 -3.875 2
      vertex 4.55976 -3.71662 0.800001
      vertex 4.55976 -3.71662 2
    endloop
  endfacet
  facet normal 0.89686 0.442314 0
    outer loop
      vertex 4.55976 -3.71662 0.800001
      vertex 4.63787 -3.875 2
      vertex 4.63787 -3.875 0.800001
    endloop
  endfacet
  facet normal 0.980787 0.195081 0
    outer loop
      vertex 4.503 -3.54941 2
      vertex 4.46855 -3.37621 0.800001
      vertex 4.46855 -3.37621 2
    endloop
  endfacet
  facet normal 0.980787 0.195081 0
    outer loop
      vertex 4.46855 -3.37621 0.800001
      vertex 4.503 -3.54941 2
      vertex 4.503 -3.54941 0.800001
    endloop
  endfacet
  facet normal 0.997859 0.0654064 0
    outer loop
      vertex 4.46855 -3.37621 2
      vertex 4.457 -3.2 0.800001
      vertex 4.457 -3.2 2
    endloop
  endfacet
  facet normal 0.997859 0.0654064 0
    outer loop
      vertex 4.457 -3.2 0.800001
      vertex 4.46855 -3.37621 2
      vertex 4.46855 -3.37621 0.800001
    endloop
  endfacet
  facet normal 0.321439 0.94693 -0
    outer loop
      vertex 5.45759 -4.504 0.800001
      vertex 5.29038 -4.44724 2
      vertex 5.45759 -4.504 2
    endloop
  endfacet
  facet normal 0.321439 0.94693 0
    outer loop
      vertex 5.29038 -4.44724 2
      vertex 5.45759 -4.504 0.800001
      vertex 5.29038 -4.44724 0.800001
    endloop
  endfacet
  facet normal 0.442314 0.89686 -0
    outer loop
      vertex 5.29038 -4.44724 0.800001
      vertex 5.132 -4.36913 2
      vertex 5.29038 -4.44724 2
    endloop
  endfacet
  facet normal 0.442314 0.89686 0
    outer loop
      vertex 5.132 -4.36913 2
      vertex 5.29038 -4.44724 0.800001
      vertex 5.132 -4.36913 0.800001
    endloop
  endfacet
  facet normal 0.555536 0.831492 -0
    outer loop
      vertex 5.132 -4.36913 0.800001
      vertex 4.98517 -4.27103 2
      vertex 5.132 -4.36913 2
    endloop
  endfacet
  facet normal 0.555536 0.831492 0
    outer loop
      vertex 4.98517 -4.27103 2
      vertex 5.132 -4.36913 0.800001
      vertex 4.98517 -4.27103 0.800001
    endloop
  endfacet
  facet normal -0.99786 -0.065381 0
    outer loop
      vertex 7.907 -3.2 7.62939e-07
      vertex 7.88904 -2.92589 0.800001
      vertex 7.88904 -2.92589 7.62939e-07
    endloop
  endfacet
  facet normal -0.99786 -0.065381 0
    outer loop
      vertex 7.88904 -2.92589 0.800001
      vertex 7.907 -3.2 7.62939e-07
      vertex 7.907 -3.2 0.800001
    endloop
  endfacet
  facet normal 0.997858 -0.0654172 0
    outer loop
      vertex 3.707 -3.2 0.800001
      vertex 3.72497 -2.92589 7.62939e-07
      vertex 3.72497 -2.92589 0.800001
    endloop
  endfacet
  facet normal 0.997858 -0.0654172 0
    outer loop
      vertex 3.72497 -2.92589 7.62939e-07
      vertex 3.707 -3.2 0.800001
      vertex 3.707 -3.2 7.62939e-07
    endloop
  endfacet
  facet normal -0.0654172 0.997858 0
    outer loop
      vertex 6.08111 -5.28203 7.62939e-07
      vertex 5.807 -5.3 0.800001
      vertex 6.08111 -5.28203 0.800001
    endloop
  endfacet
  facet normal -0.0654172 0.997858 0
    outer loop
      vertex 5.807 -5.3 0.800001
      vertex 6.08111 -5.28203 7.62939e-07
      vertex 5.807 -5.3 7.62939e-07
    endloop
  endfacet
  facet normal -0.65936 -0.751827 0
    outer loop
      vertex 7.0854 -1.53396 7.62939e-07
      vertex 7.29192 -1.71508 0.800001
      vertex 7.0854 -1.53396 0.800001
    endloop
  endfacet
  facet normal -0.65936 -0.751827 -0
    outer loop
      vertex 7.29192 -1.71508 0.800001
      vertex 7.0854 -1.53396 7.62939e-07
      vertex 7.29192 -1.71508 7.62939e-07
    endloop
  endfacet
  facet normal 0.65936 -0.751827 0
    outer loop
      vertex 4.32208 -1.71508 7.62939e-07
      vertex 4.5286 -1.53396 0.800001
      vertex 4.32208 -1.71508 0.800001
    endloop
  endfacet
  facet normal 0.65936 -0.751827 0
    outer loop
      vertex 4.5286 -1.53396 0.800001
      vertex 4.32208 -1.71508 7.62939e-07
      vertex 4.5286 -1.53396 7.62939e-07
    endloop
  endfacet
  facet normal 0.321422 -0.946936 0
    outer loop
      vertex 5.00337 -1.25985 7.62939e-07
      vertex 5.26348 -1.17156 0.800001
      vertex 5.00337 -1.25985 0.800001
    endloop
  endfacet
  facet normal 0.321422 -0.946936 0
    outer loop
      vertex 5.26348 -1.17156 0.800001
      vertex 5.00337 -1.25985 7.62939e-07
      vertex 5.26348 -1.17156 7.62939e-07
    endloop
  endfacet
  facet normal -0.831473 0.555565 0
    outer loop
      vertex 7.47304 -4.4784 7.62939e-07
      vertex 7.62565 -4.25 0.800001
      vertex 7.62565 -4.25 7.62939e-07
    endloop
  endfacet
  facet normal -0.831473 0.555565 0
    outer loop
      vertex 7.62565 -4.25 0.800001
      vertex 7.47304 -4.4784 7.62939e-07
      vertex 7.47304 -4.4784 0.800001
    endloop
  endfacet
  facet normal -0.831473 -0.555565 0
    outer loop
      vertex 7.62565 -2.15 7.62939e-07
      vertex 7.47304 -1.9216 0.800001
      vertex 7.47304 -1.9216 7.62939e-07
    endloop
  endfacet
  facet normal -0.831473 -0.555565 0
    outer loop
      vertex 7.47304 -1.9216 0.800001
      vertex 7.62565 -2.15 7.62939e-07
      vertex 7.62565 -2.15 0.800001
    endloop
  endfacet
  facet normal -0.321411 -0.94694 0
    outer loop
      vertex 6.35052 -1.17156 7.62939e-07
      vertex 6.61064 -1.25985 0.800001
      vertex 6.35052 -1.17156 0.800001
    endloop
  endfacet
  facet normal -0.321411 -0.94694 -0
    outer loop
      vertex 6.61064 -1.25985 0.800001
      vertex 6.35052 -1.17156 7.62939e-07
      vertex 6.61064 -1.25985 7.62939e-07
    endloop
  endfacet
  facet normal -0.555565 -0.831473 0
    outer loop
      vertex 6.857 -1.38135 7.62939e-07
      vertex 7.0854 -1.53396 0.800001
      vertex 6.857 -1.38135 0.800001
    endloop
  endfacet
  facet normal -0.555565 -0.831473 -0
    outer loop
      vertex 7.0854 -1.53396 0.800001
      vertex 6.857 -1.38135 7.62939e-07
      vertex 7.0854 -1.53396 7.62939e-07
    endloop
  endfacet
  facet normal 0.89686 -0.442314 0
    outer loop
      vertex 3.86685 -2.39636 0.800001
      vertex 3.98835 -2.15 7.62939e-07
      vertex 3.98835 -2.15 0.800001
    endloop
  endfacet
  facet normal 0.89686 -0.442314 0
    outer loop
      vertex 3.98835 -2.15 7.62939e-07
      vertex 3.86685 -2.39636 0.800001
      vertex 3.86685 -2.39636 7.62939e-07
    endloop
  endfacet
  facet normal 0.4423 -0.896867 0
    outer loop
      vertex 4.757 -1.38135 7.62939e-07
      vertex 5.00337 -1.25985 0.800001
      vertex 4.757 -1.38135 0.800001
    endloop
  endfacet
  facet normal 0.4423 -0.896867 0
    outer loop
      vertex 5.00337 -1.25985 0.800001
      vertex 4.757 -1.38135 7.62939e-07
      vertex 5.00337 -1.25985 7.62939e-07
    endloop
  endfacet
  facet normal 0.195087 -0.980786 0
    outer loop
      vertex 5.26348 -1.17156 7.62939e-07
      vertex 5.5329 -1.11797 0.800001
      vertex 5.26348 -1.17156 0.800001
    endloop
  endfacet
  facet normal 0.195087 -0.980786 0
    outer loop
      vertex 5.5329 -1.11797 0.800001
      vertex 5.26348 -1.17156 7.62939e-07
      vertex 5.5329 -1.11797 7.62939e-07
    endloop
  endfacet
  facet normal -0.980779 0.195122 0
    outer loop
      vertex 7.83544 -3.74352 7.62939e-07
      vertex 7.88904 -3.4741 0.800001
      vertex 7.88904 -3.4741 7.62939e-07
    endloop
  endfacet
  facet normal -0.980779 0.195122 0
    outer loop
      vertex 7.88904 -3.4741 0.800001
      vertex 7.83544 -3.74352 7.62939e-07
      vertex 7.83544 -3.74352 0.800001
    endloop
  endfacet
  facet normal -0.195094 0.980785 0
    outer loop
      vertex 6.35052 -5.22844 7.62939e-07
      vertex 6.08111 -5.28203 0.800001
      vertex 6.35052 -5.22844 0.800001
    endloop
  endfacet
  facet normal -0.195094 0.980785 0
    outer loop
      vertex 6.08111 -5.28203 0.800001
      vertex 6.35052 -5.22844 7.62939e-07
      vertex 6.08111 -5.28203 7.62939e-07
    endloop
  endfacet
  facet normal -0.442314 0.89686 0
    outer loop
      vertex 6.857 -5.01865 7.62939e-07
      vertex 6.61064 -5.14015 0.800001
      vertex 6.857 -5.01865 0.800001
    endloop
  endfacet
  facet normal -0.442314 0.89686 0
    outer loop
      vertex 6.61064 -5.14015 0.800001
      vertex 6.857 -5.01865 7.62939e-07
      vertex 6.61064 -5.14015 7.62939e-07
    endloop
  endfacet
  facet normal -0.980778 -0.195129 0
    outer loop
      vertex 7.88904 -2.92589 7.62939e-07
      vertex 7.83544 -2.65648 0.800001
      vertex 7.83544 -2.65648 7.62939e-07
    endloop
  endfacet
  facet normal -0.980778 -0.195129 0
    outer loop
      vertex 7.83544 -2.65648 0.800001
      vertex 7.88904 -2.92589 7.62939e-07
      vertex 7.88904 -2.92589 0.800001
    endloop
  endfacet
  facet normal -0.89686 -0.442314 0
    outer loop
      vertex 7.74715 -2.39636 7.62939e-07
      vertex 7.62565 -2.15 0.800001
      vertex 7.62565 -2.15 7.62939e-07
    endloop
  endfacet
  facet normal -0.89686 -0.442314 0
    outer loop
      vertex 7.62565 -2.15 0.800001
      vertex 7.74715 -2.39636 7.62939e-07
      vertex 7.74715 -2.39636 0.800001
    endloop
  endfacet
  facet normal -0.751827 -0.65936 0
    outer loop
      vertex 7.47304 -1.9216 7.62939e-07
      vertex 7.29192 -1.71508 0.800001
      vertex 7.29192 -1.71508 7.62939e-07
    endloop
  endfacet
  facet normal -0.751827 -0.65936 0
    outer loop
      vertex 7.29192 -1.71508 0.800001
      vertex 7.47304 -1.9216 7.62939e-07
      vertex 7.47304 -1.9216 0.800001
    endloop
  endfacet
  facet normal -0.195094 -0.980785 0
    outer loop
      vertex 6.08111 -1.11797 7.62939e-07
      vertex 6.35052 -1.17156 0.800001
      vertex 6.08111 -1.11797 0.800001
    endloop
  endfacet
  facet normal -0.195094 -0.980785 -0
    outer loop
      vertex 6.35052 -1.17156 0.800001
      vertex 6.08111 -1.11797 7.62939e-07
      vertex 6.35052 -1.17156 7.62939e-07
    endloop
  endfacet
  facet normal -0.442314 -0.89686 0
    outer loop
      vertex 6.61064 -1.25985 7.62939e-07
      vertex 6.857 -1.38135 0.800001
      vertex 6.61064 -1.25985 0.800001
    endloop
  endfacet
  facet normal -0.442314 -0.89686 -0
    outer loop
      vertex 6.857 -1.38135 0.800001
      vertex 6.61064 -1.25985 7.62939e-07
      vertex 6.857 -1.38135 7.62939e-07
    endloop
  endfacet
  facet normal 0.831473 -0.555565 0
    outer loop
      vertex 3.98835 -2.15 0.800001
      vertex 4.14096 -1.9216 7.62939e-07
      vertex 4.14096 -1.9216 0.800001
    endloop
  endfacet
  facet normal 0.831473 -0.555565 0
    outer loop
      vertex 4.14096 -1.9216 7.62939e-07
      vertex 3.98835 -2.15 0.800001
      vertex 3.98835 -2.15 7.62939e-07
    endloop
  endfacet
  facet normal 0.751827 -0.65936 0
    outer loop
      vertex 4.14096 -1.9216 0.800001
      vertex 4.32208 -1.71508 7.62939e-07
      vertex 4.32208 -1.71508 0.800001
    endloop
  endfacet
  facet normal 0.751827 -0.65936 0
    outer loop
      vertex 4.32208 -1.71508 7.62939e-07
      vertex 4.14096 -1.9216 0.800001
      vertex 4.14096 -1.9216 7.62939e-07
    endloop
  endfacet
  facet normal 0.94694 -0.321411 0
    outer loop
      vertex 3.77856 -2.65648 0.800001
      vertex 3.86685 -2.39636 7.62939e-07
      vertex 3.86685 -2.39636 0.800001
    endloop
  endfacet
  facet normal 0.94694 -0.321411 0
    outer loop
      vertex 3.86685 -2.39636 7.62939e-07
      vertex 3.77856 -2.65648 0.800001
      vertex 3.77856 -2.65648 7.62939e-07
    endloop
  endfacet
  facet normal 0.980785 -0.195094 0
    outer loop
      vertex 3.72497 -2.92589 0.800001
      vertex 3.77856 -2.65648 7.62939e-07
      vertex 3.77856 -2.65648 0.800001
    endloop
  endfacet
  facet normal 0.980785 -0.195094 0
    outer loop
      vertex 3.77856 -2.65648 7.62939e-07
      vertex 3.72497 -2.92589 0.800001
      vertex 3.72497 -2.92589 7.62939e-07
    endloop
  endfacet
  facet normal 0.555565 -0.831473 0
    outer loop
      vertex 4.5286 -1.53396 7.62939e-07
      vertex 4.757 -1.38135 0.800001
      vertex 4.5286 -1.53396 0.800001
    endloop
  endfacet
  facet normal 0.555565 -0.831473 0
    outer loop
      vertex 4.757 -1.38135 0.800001
      vertex 4.5286 -1.53396 7.62939e-07
      vertex 4.757 -1.38135 7.62939e-07
    endloop
  endfacet
  facet normal 0.0654196 -0.997858 0
    outer loop
      vertex 5.5329 -1.11797 7.62939e-07
      vertex 5.807 -1.1 0.800001
      vertex 5.5329 -1.11797 0.800001
    endloop
  endfacet
  facet normal 0.0654196 -0.997858 0
    outer loop
      vertex 5.807 -1.1 0.800001
      vertex 5.5329 -1.11797 7.62939e-07
      vertex 5.807 -1.1 7.62939e-07
    endloop
  endfacet
  facet normal -0.99786 0.0653833 0
    outer loop
      vertex 7.88904 -3.4741 7.62939e-07
      vertex 7.907 -3.2 0.800001
      vertex 7.907 -3.2 7.62939e-07
    endloop
  endfacet
  facet normal -0.99786 0.0653833 0
    outer loop
      vertex 7.907 -3.2 0.800001
      vertex 7.88904 -3.4741 7.62939e-07
      vertex 7.88904 -3.4741 0.800001
    endloop
  endfacet
  facet normal -0.555565 0.831473 0
    outer loop
      vertex 7.0854 -4.86604 7.62939e-07
      vertex 6.857 -5.01865 0.800001
      vertex 7.0854 -4.86604 0.800001
    endloop
  endfacet
  facet normal -0.555565 0.831473 0
    outer loop
      vertex 6.857 -5.01865 0.800001
      vertex 7.0854 -4.86604 7.62939e-07
      vertex 6.857 -5.01865 7.62939e-07
    endloop
  endfacet
  facet normal -0.751827 0.65936 0
    outer loop
      vertex 7.29192 -4.68492 7.62939e-07
      vertex 7.47304 -4.4784 0.800001
      vertex 7.47304 -4.4784 7.62939e-07
    endloop
  endfacet
  facet normal -0.751827 0.65936 0
    outer loop
      vertex 7.47304 -4.4784 0.800001
      vertex 7.29192 -4.68492 7.62939e-07
      vertex 7.29192 -4.68492 0.800001
    endloop
  endfacet
  facet normal -0.94694 -0.321411 0
    outer loop
      vertex 7.83544 -2.65648 7.62939e-07
      vertex 7.74715 -2.39636 0.800001
      vertex 7.74715 -2.39636 7.62939e-07
    endloop
  endfacet
  facet normal -0.94694 -0.321411 0
    outer loop
      vertex 7.74715 -2.39636 0.800001
      vertex 7.83544 -2.65648 7.62939e-07
      vertex 7.83544 -2.65648 0.800001
    endloop
  endfacet
  facet normal -0.0654172 -0.997858 0
    outer loop
      vertex 5.807 -1.1 7.62939e-07
      vertex 6.08111 -1.11797 0.800001
      vertex 5.807 -1.1 0.800001
    endloop
  endfacet
  facet normal -0.0654172 -0.997858 -0
    outer loop
      vertex 6.08111 -1.11797 0.800001
      vertex 5.807 -1.1 7.62939e-07
      vertex 6.08111 -1.11797 7.62939e-07
    endloop
  endfacet
  facet normal -0.896867 0.4423 0
    outer loop
      vertex 7.62565 -4.25 7.62939e-07
      vertex 7.74715 -4.00363 0.800001
      vertex 7.74715 -4.00363 7.62939e-07
    endloop
  endfacet
  facet normal -0.896867 0.4423 0
    outer loop
      vertex 7.74715 -4.00363 0.800001
      vertex 7.62565 -4.25 7.62939e-07
      vertex 7.62565 -4.25 0.800001
    endloop
  endfacet
  facet normal -0.946936 0.321422 0
    outer loop
      vertex 7.74715 -4.00363 7.62939e-07
      vertex 7.83544 -3.74352 0.800001
      vertex 7.83544 -3.74352 7.62939e-07
    endloop
  endfacet
  facet normal -0.946936 0.321422 0
    outer loop
      vertex 7.83544 -3.74352 0.800001
      vertex 7.74715 -4.00363 7.62939e-07
      vertex 7.74715 -4.00363 0.800001
    endloop
  endfacet
  facet normal 0 0 -1
    outer loop
      vertex 7.157 -3.2 0.800001
      vertex 7.907 -3.2 0.800001
      vertex 7.88904 -3.4741 0.800001
    endloop
  endfacet
  facet normal 0 0 -1
    outer loop
      vertex 7.14545 -3.37621 0.800001
      vertex 7.88904 -3.4741 0.800001
      vertex 7.83544 -3.74352 0.800001
    endloop
  endfacet
  facet normal 0 0 -1
    outer loop
      vertex 7.907 -3.2 0.800001
      vertex 7.157 -3.2 0.800001
      vertex 7.88904 -2.92589 0.800001
    endloop
  endfacet
  facet normal 0 0 -1
    outer loop
      vertex 7.111 -3.54941 0.800001
      vertex 7.83544 -3.74352 0.800001
      vertex 7.74715 -4.00363 0.800001
    endloop
  endfacet
  facet normal 0 0 -1
    outer loop
      vertex 7.14545 -3.02379 0.800001
      vertex 7.88904 -2.92589 0.800001
      vertex 7.157 -3.2 0.800001
    endloop
  endfacet
  facet normal 0 0 -1
    outer loop
      vertex 7.05424 -3.71662 0.800001
      vertex 7.74715 -4.00363 0.800001
      vertex 7.62565 -4.25 0.800001
    endloop
  endfacet
  facet normal -0 0 -1
    outer loop
      vertex 7.88904 -2.92589 0.800001
      vertex 7.14545 -3.02379 0.800001
      vertex 7.83544 -2.65648 0.800001
    endloop
  endfacet
  facet normal 0 0 -1
    outer loop
      vertex 6.97614 -3.875 0.800001
      vertex 7.62565 -4.25 0.800001
      vertex 7.47304 -4.4784 0.800001
    endloop
  endfacet
  facet normal 0 0 -1
    outer loop
      vertex 7.111 -2.85059 0.800001
      vertex 7.83544 -2.65648 0.800001
      vertex 7.14545 -3.02379 0.800001
    endloop
  endfacet
  facet normal 0 0 -1
    outer loop
      vertex 6.87803 -4.02183 0.800001
      vertex 7.47304 -4.4784 0.800001
      vertex 7.29192 -4.68492 0.800001
    endloop
  endfacet
  facet normal -0 0 -1
    outer loop
      vertex 7.83544 -2.65648 0.800001
      vertex 7.111 -2.85059 0.800001
      vertex 7.74715 -2.39636 0.800001
    endloop
  endfacet
  facet normal 0 0 -1
    outer loop
      vertex 7.05424 -2.68338 0.800001
      vertex 7.74715 -2.39636 0.800001
      vertex 7.111 -2.85059 0.800001
    endloop
  endfacet
  facet normal 0 0 -1
    outer loop
      vertex 7.88904 -3.4741 0.800001
      vertex 7.14545 -3.37621 0.800001
      vertex 7.157 -3.2 0.800001
    endloop
  endfacet
  facet normal 0 0 -1
    outer loop
      vertex 7.83544 -3.74352 0.800001
      vertex 7.111 -3.54941 0.800001
      vertex 7.14545 -3.37621 0.800001
    endloop
  endfacet
  facet normal 0 0 -1
    outer loop
      vertex 6.76159 -4.15459 0.800001
      vertex 7.29192 -4.68492 0.800001
      vertex 7.0854 -4.86604 0.800001
    endloop
  endfacet
  facet normal 0 0 -1
    outer loop
      vertex 7.74715 -4.00363 0.800001
      vertex 7.05424 -3.71662 0.800001
      vertex 7.111 -3.54941 0.800001
    endloop
  endfacet
  facet normal 0 0 -1
    outer loop
      vertex 7.62565 -4.25 0.800001
      vertex 6.97614 -3.875 0.800001
      vertex 7.05424 -3.71662 0.800001
    endloop
  endfacet
  facet normal 0 0 -1
    outer loop
      vertex 7.47304 -4.4784 0.800001
      vertex 6.87803 -4.02183 0.800001
      vertex 6.97614 -3.875 0.800001
    endloop
  endfacet
  facet normal 0 0 -1
    outer loop
      vertex 6.62883 -4.27103 0.800001
      vertex 7.0854 -4.86604 0.800001
      vertex 6.857 -5.01865 0.800001
    endloop
  endfacet
  facet normal 0 0 -1
    outer loop
      vertex 7.29192 -4.68492 0.800001
      vertex 6.76159 -4.15459 0.800001
      vertex 6.87803 -4.02183 0.800001
    endloop
  endfacet
  facet normal 0 0 -1
    outer loop
      vertex 7.0854 -4.86604 0.800001
      vertex 6.62883 -4.27103 0.800001
      vertex 6.76159 -4.15459 0.800001
    endloop
  endfacet
  facet normal 0 0 -1
    outer loop
      vertex 6.482 -4.36913 0.800001
      vertex 6.857 -5.01865 0.800001
      vertex 6.61064 -5.14015 0.800001
    endloop
  endfacet
  facet normal 0 0 -1
    outer loop
      vertex 6.857 -5.01865 0.800001
      vertex 6.482 -4.36913 0.800001
      vertex 6.62883 -4.27103 0.800001
    endloop
  endfacet
  facet normal 0 0 -1
    outer loop
      vertex 6.32362 -4.44724 0.800001
      vertex 6.61064 -5.14015 0.800001
      vertex 6.35052 -5.22844 0.800001
    endloop
  endfacet
  facet normal 0 0 -1
    outer loop
      vertex 6.61064 -5.14015 0.800001
      vertex 6.32362 -4.44724 0.800001
      vertex 6.482 -4.36913 0.800001
    endloop
  endfacet
  facet normal 0 0 -1
    outer loop
      vertex 6.35052 -5.22844 0.800001
      vertex 6.15641 -4.504 0.800001
      vertex 6.32362 -4.44724 0.800001
    endloop
  endfacet
  facet normal 0 0 -1
    outer loop
      vertex 6.08111 -5.28203 0.800001
      vertex 6.15641 -4.504 0.800001
      vertex 6.35052 -5.22844 0.800001
    endloop
  endfacet
  facet normal 0 0 -1
    outer loop
      vertex 6.08111 -5.28203 0.800001
      vertex 5.98321 -4.53845 0.800001
      vertex 6.15641 -4.504 0.800001
    endloop
  endfacet
  facet normal 0 0 -1
    outer loop
      vertex 5.807 -5.3 0.800001
      vertex 5.98321 -4.53845 0.800001
      vertex 6.08111 -5.28203 0.800001
    endloop
  endfacet
  facet normal 0 0 -1
    outer loop
      vertex 5.807 -5.3 0.800001
      vertex 5.807 -4.55 0.800001
      vertex 5.98321 -4.53845 0.800001
    endloop
  endfacet
  facet normal 0 0 -1
    outer loop
      vertex 5.807 -5.3 0.800001
      vertex 5.63079 -4.53845 0.800001
      vertex 5.807 -4.55 0.800001
    endloop
  endfacet
  facet normal 0 0 -1
    outer loop
      vertex 5.5329 -5.28203 0.800001
      vertex 5.63079 -4.53845 0.800001
      vertex 5.807 -5.3 0.800001
    endloop
  endfacet
  facet normal 0 0 -1
    outer loop
      vertex 5.5329 -5.28203 0.800001
      vertex 5.45759 -4.504 0.800001
      vertex 5.63079 -4.53845 0.800001
    endloop
  endfacet
  facet normal 0 0 -1
    outer loop
      vertex 5.26348 -5.22844 0.800001
      vertex 5.45759 -4.504 0.800001
      vertex 5.5329 -5.28203 0.800001
    endloop
  endfacet
  facet normal -0 0 -1
    outer loop
      vertex 5.45759 -4.504 0.800001
      vertex 5.26348 -5.22844 0.800001
      vertex 5.29038 -4.44724 0.800001
    endloop
  endfacet
  facet normal 0 0 -1
    outer loop
      vertex 5.00337 -5.14015 0.800001
      vertex 5.29038 -4.44724 0.800001
      vertex 5.26348 -5.22844 0.800001
    endloop
  endfacet
  facet normal -0 0 -1
    outer loop
      vertex 5.29038 -4.44724 0.800001
      vertex 5.00337 -5.14015 0.800001
      vertex 5.132 -4.36913 0.800001
    endloop
  endfacet
  facet normal 0 0 -1
    outer loop
      vertex 4.757 -5.01865 0.800001
      vertex 5.132 -4.36913 0.800001
      vertex 5.00337 -5.14015 0.800001
    endloop
  endfacet
  facet normal -0 0 -1
    outer loop
      vertex 5.132 -4.36913 0.800001
      vertex 4.757 -5.01865 0.800001
      vertex 4.98517 -4.27103 0.800001
    endloop
  endfacet
  facet normal 0 0 -1
    outer loop
      vertex 4.5286 -4.86604 0.800001
      vertex 4.98517 -4.27103 0.800001
      vertex 4.757 -5.01865 0.800001
    endloop
  endfacet
  facet normal -0 0 -1
    outer loop
      vertex 4.98517 -4.27103 0.800001
      vertex 4.5286 -4.86604 0.800001
      vertex 4.85241 -4.15459 0.800001
    endloop
  endfacet
  facet normal 0 0 -1
    outer loop
      vertex 4.32208 -4.68492 0.800001
      vertex 4.85241 -4.15459 0.800001
      vertex 4.5286 -4.86604 0.800001
    endloop
  endfacet
  facet normal -0 0 -1
    outer loop
      vertex 4.85241 -4.15459 0.800001
      vertex 4.32208 -4.68492 0.800001
      vertex 4.73597 -4.02183 0.800001
    endloop
  endfacet
  facet normal 0 0 -1
    outer loop
      vertex 4.14096 -4.4784 0.800001
      vertex 4.73597 -4.02183 0.800001
      vertex 4.32208 -4.68492 0.800001
    endloop
  endfacet
  facet normal -0 0 -1
    outer loop
      vertex 4.73597 -4.02183 0.800001
      vertex 4.14096 -4.4784 0.800001
      vertex 4.63787 -3.875 0.800001
    endloop
  endfacet
  facet normal 0 0 -1
    outer loop
      vertex 3.98835 -4.25 0.800001
      vertex 4.63787 -3.875 0.800001
      vertex 4.14096 -4.4784 0.800001
    endloop
  endfacet
  facet normal -0 0 -1
    outer loop
      vertex 4.63787 -3.875 0.800001
      vertex 3.98835 -4.25 0.800001
      vertex 4.55976 -3.71662 0.800001
    endloop
  endfacet
  facet normal 0 0 -1
    outer loop
      vertex 3.86685 -4.00363 0.800001
      vertex 4.55976 -3.71662 0.800001
      vertex 3.98835 -4.25 0.800001
    endloop
  endfacet
  facet normal -0 0 -1
    outer loop
      vertex 7.74715 -2.39636 0.800001
      vertex 7.05424 -2.68338 0.800001
      vertex 7.62565 -2.15 0.800001
    endloop
  endfacet
  facet normal 0 0 -1
    outer loop
      vertex 6.97614 -2.525 0.800001
      vertex 7.62565 -2.15 0.800001
      vertex 7.05424 -2.68338 0.800001
    endloop
  endfacet
  facet normal -0 0 -1
    outer loop
      vertex 7.62565 -2.15 0.800001
      vertex 6.97614 -2.525 0.800001
      vertex 7.47304 -1.9216 0.800001
    endloop
  endfacet
  facet normal 0 0 -1
    outer loop
      vertex 6.87803 -2.37817 0.800001
      vertex 7.47304 -1.9216 0.800001
      vertex 6.97614 -2.525 0.800001
    endloop
  endfacet
  facet normal -0 0 -1
    outer loop
      vertex 7.47304 -1.9216 0.800001
      vertex 6.87803 -2.37817 0.800001
      vertex 7.29192 -1.71508 0.800001
    endloop
  endfacet
  facet normal 0 0 -1
    outer loop
      vertex 6.76159 -2.24541 0.800001
      vertex 7.29192 -1.71508 0.800001
      vertex 6.87803 -2.37817 0.800001
    endloop
  endfacet
  facet normal -0 0 -1
    outer loop
      vertex 7.29192 -1.71508 0.800001
      vertex 6.76159 -2.24541 0.800001
      vertex 7.0854 -1.53396 0.800001
    endloop
  endfacet
  facet normal 0 0 -1
    outer loop
      vertex 6.62883 -2.12897 0.800001
      vertex 7.0854 -1.53396 0.800001
      vertex 6.76159 -2.24541 0.800001
    endloop
  endfacet
  facet normal -0 0 -1
    outer loop
      vertex 7.0854 -1.53396 0.800001
      vertex 6.62883 -2.12897 0.800001
      vertex 6.857 -1.38135 0.800001
    endloop
  endfacet
  facet normal 0 0 -1
    outer loop
      vertex 6.482 -2.03087 0.800001
      vertex 6.857 -1.38135 0.800001
      vertex 6.62883 -2.12897 0.800001
    endloop
  endfacet
  facet normal -0 0 -1
    outer loop
      vertex 6.857 -1.38135 0.800001
      vertex 6.482 -2.03087 0.800001
      vertex 6.61064 -1.25985 0.800001
    endloop
  endfacet
  facet normal 0 0 -1
    outer loop
      vertex 6.32362 -1.95276 0.800001
      vertex 6.61064 -1.25985 0.800001
      vertex 6.482 -2.03087 0.800001
    endloop
  endfacet
  facet normal -0 0 -1
    outer loop
      vertex 6.61064 -1.25985 0.800001
      vertex 6.32362 -1.95276 0.800001
      vertex 6.35052 -1.17156 0.800001
    endloop
  endfacet
  facet normal 0 0 -1
    outer loop
      vertex 6.15641 -1.896 0.800001
      vertex 6.35052 -1.17156 0.800001
      vertex 6.32362 -1.95276 0.800001
    endloop
  endfacet
  facet normal 0 0 -1
    outer loop
      vertex 6.15641 -1.896 0.800001
      vertex 6.08111 -1.11797 0.800001
      vertex 6.35052 -1.17156 0.800001
    endloop
  endfacet
  facet normal 0 0 -1
    outer loop
      vertex 5.98321 -1.86155 0.800001
      vertex 6.08111 -1.11797 0.800001
      vertex 6.15641 -1.896 0.800001
    endloop
  endfacet
  facet normal 0 0 -1
    outer loop
      vertex 5.807 -1.85 0.800001
      vertex 6.08111 -1.11797 0.800001
      vertex 5.98321 -1.86155 0.800001
    endloop
  endfacet
  facet normal 0 0 -1
    outer loop
      vertex 5.807 -1.85 0.800001
      vertex 5.807 -1.1 0.800001
      vertex 6.08111 -1.11797 0.800001
    endloop
  endfacet
  facet normal 0 0 -1
    outer loop
      vertex 5.63079 -1.86155 0.800001
      vertex 5.807 -1.1 0.800001
      vertex 5.807 -1.85 0.800001
    endloop
  endfacet
  facet normal 0 0 -1
    outer loop
      vertex 5.63079 -1.86155 0.800001
      vertex 5.5329 -1.11797 0.800001
      vertex 5.807 -1.1 0.800001
    endloop
  endfacet
  facet normal 0 0 -1
    outer loop
      vertex 5.45759 -1.896 0.800001
      vertex 5.5329 -1.11797 0.800001
      vertex 5.63079 -1.86155 0.800001
    endloop
  endfacet
  facet normal 0 0 -1
    outer loop
      vertex 5.26348 -1.17156 0.800001
      vertex 5.45759 -1.896 0.800001
      vertex 5.29038 -1.95276 0.800001
    endloop
  endfacet
  facet normal 0 0 -1
    outer loop
      vertex 5.45759 -1.896 0.800001
      vertex 5.26348 -1.17156 0.800001
      vertex 5.5329 -1.11797 0.800001
    endloop
  endfacet
  facet normal 0 0 -1
    outer loop
      vertex 5.00337 -1.25985 0.800001
      vertex 5.29038 -1.95276 0.800001
      vertex 5.132 -2.03087 0.800001
    endloop
  endfacet
  facet normal 0 0 -1
    outer loop
      vertex 5.29038 -1.95276 0.800001
      vertex 5.00337 -1.25985 0.800001
      vertex 5.26348 -1.17156 0.800001
    endloop
  endfacet
  facet normal 0 0 -1
    outer loop
      vertex 4.757 -1.38135 0.800001
      vertex 5.132 -2.03087 0.800001
      vertex 4.98517 -2.12897 0.800001
    endloop
  endfacet
  facet normal 0 0 -1
    outer loop
      vertex 4.5286 -1.53396 0.800001
      vertex 4.98517 -2.12897 0.800001
      vertex 4.85241 -2.24541 0.800001
    endloop
  endfacet
  facet normal 0 0 -1
    outer loop
      vertex 5.132 -2.03087 0.800001
      vertex 4.757 -1.38135 0.800001
      vertex 5.00337 -1.25985 0.800001
    endloop
  endfacet
  facet normal 0 0 -1
    outer loop
      vertex 4.32208 -1.71508 0.800001
      vertex 4.85241 -2.24541 0.800001
      vertex 4.73597 -2.37817 0.800001
    endloop
  endfacet
  facet normal 0 0 -1
    outer loop
      vertex 4.14096 -1.9216 0.800001
      vertex 4.73597 -2.37817 0.800001
      vertex 4.63787 -2.525 0.800001
    endloop
  endfacet
  facet normal 0 0 -1
    outer loop
      vertex 3.98835 -2.15 0.800001
      vertex 4.63787 -2.525 0.800001
      vertex 4.55976 -2.68338 0.800001
    endloop
  endfacet
  facet normal 0 0 -1
    outer loop
      vertex 4.98517 -2.12897 0.800001
      vertex 4.5286 -1.53396 0.800001
      vertex 4.757 -1.38135 0.800001
    endloop
  endfacet
  facet normal 0 0 -1
    outer loop
      vertex 3.86685 -2.39636 0.800001
      vertex 4.55976 -2.68338 0.800001
      vertex 4.503 -2.85059 0.800001
    endloop
  endfacet
  facet normal 0 0 -1
    outer loop
      vertex 3.77856 -2.65648 0.800001
      vertex 4.503 -2.85059 0.800001
      vertex 4.46855 -3.02379 0.800001
    endloop
  endfacet
  facet normal 0 0 -1
    outer loop
      vertex 3.72497 -2.92589 0.800001
      vertex 4.46855 -3.02379 0.800001
      vertex 4.457 -3.2 0.800001
    endloop
  endfacet
  facet normal -0 0 -1
    outer loop
      vertex 4.55976 -3.71662 0.800001
      vertex 3.86685 -4.00363 0.800001
      vertex 4.503 -3.54941 0.800001
    endloop
  endfacet
  facet normal 0 0 -1
    outer loop
      vertex 4.85241 -2.24541 0.800001
      vertex 4.32208 -1.71508 0.800001
      vertex 4.5286 -1.53396 0.800001
    endloop
  endfacet
  facet normal 0 0 -1
    outer loop
      vertex 3.77856 -3.74352 0.800001
      vertex 4.503 -3.54941 0.800001
      vertex 3.86685 -4.00363 0.800001
    endloop
  endfacet
  facet normal 0 0 -1
    outer loop
      vertex 4.73597 -2.37817 0.800001
      vertex 4.14096 -1.9216 0.800001
      vertex 4.32208 -1.71508 0.800001
    endloop
  endfacet
  facet normal -0 0 -1
    outer loop
      vertex 4.503 -3.54941 0.800001
      vertex 3.77856 -3.74352 0.800001
      vertex 4.46855 -3.37621 0.800001
    endloop
  endfacet
  facet normal 0 0 -1
    outer loop
      vertex 4.63787 -2.525 0.800001
      vertex 3.98835 -2.15 0.800001
      vertex 4.14096 -1.9216 0.800001
    endloop
  endfacet
  facet normal 0 0 -1
    outer loop
      vertex 3.72497 -3.4741 0.800001
      vertex 4.46855 -3.37621 0.800001
      vertex 3.77856 -3.74352 0.800001
    endloop
  endfacet
  facet normal 0 0 -1
    outer loop
      vertex 4.55976 -2.68338 0.800001
      vertex 3.86685 -2.39636 0.800001
      vertex 3.98835 -2.15 0.800001
    endloop
  endfacet
  facet normal -0 0 -1
    outer loop
      vertex 4.46855 -3.37621 0.800001
      vertex 3.72497 -3.4741 0.800001
      vertex 4.457 -3.2 0.800001
    endloop
  endfacet
  facet normal 0 0 -1
    outer loop
      vertex 4.503 -2.85059 0.800001
      vertex 3.77856 -2.65648 0.800001
      vertex 3.86685 -2.39636 0.800001
    endloop
  endfacet
  facet normal 0 0 -1
    outer loop
      vertex 3.707 -3.2 0.800001
      vertex 4.457 -3.2 0.800001
      vertex 3.72497 -3.4741 0.800001
    endloop
  endfacet
  facet normal 0 0 -1
    outer loop
      vertex 4.46855 -3.02379 0.800001
      vertex 3.72497 -2.92589 0.800001
      vertex 3.77856 -2.65648 0.800001
    endloop
  endfacet
  facet normal 0 0 -1
    outer loop
      vertex 4.457 -3.2 0.800001
      vertex 3.707 -3.2 0.800001
      vertex 3.72497 -2.92589 0.800001
    endloop
  endfacet
  facet normal 0.65936 0.751827 -0
    outer loop
      vertex 4.5286 -4.86604 7.62939e-07
      vertex 4.32208 -4.68492 0.800001
      vertex 4.5286 -4.86604 0.800001
    endloop
  endfacet
  facet normal 0.65936 0.751827 0
    outer loop
      vertex 4.32208 -4.68492 0.800001
      vertex 4.5286 -4.86604 7.62939e-07
      vertex 4.32208 -4.68492 7.62939e-07
    endloop
  endfacet
  facet normal 0.896867 0.4423 0
    outer loop
      vertex 3.98835 -4.25 0.800001
      vertex 3.86685 -4.00363 7.62939e-07
      vertex 3.86685 -4.00363 0.800001
    endloop
  endfacet
  facet normal 0.896867 0.4423 0
    outer loop
      vertex 3.86685 -4.00363 7.62939e-07
      vertex 3.98835 -4.25 0.800001
      vertex 3.98835 -4.25 7.62939e-07
    endloop
  endfacet
  facet normal 0.751827 0.65936 0
    outer loop
      vertex 4.32208 -4.68492 0.800001
      vertex 4.14096 -4.4784 7.62939e-07
      vertex 4.14096 -4.4784 0.800001
    endloop
  endfacet
  facet normal 0.751827 0.65936 0
    outer loop
      vertex 4.14096 -4.4784 7.62939e-07
      vertex 4.32208 -4.68492 0.800001
      vertex 4.32208 -4.68492 7.62939e-07
    endloop
  endfacet
  facet normal 0.997858 0.0654196 0
    outer loop
      vertex 3.72497 -3.4741 0.800001
      vertex 3.707 -3.2 7.62939e-07
      vertex 3.707 -3.2 0.800001
    endloop
  endfacet
  facet normal 0.997858 0.0654196 0
    outer loop
      vertex 3.707 -3.2 7.62939e-07
      vertex 3.72497 -3.4741 0.800001
      vertex 3.72497 -3.4741 7.62939e-07
    endloop
  endfacet
  facet normal 0.946936 0.321422 0
    outer loop
      vertex 3.86685 -4.00363 0.800001
      vertex 3.77856 -3.74352 7.62939e-07
      vertex 3.77856 -3.74352 0.800001
    endloop
  endfacet
  facet normal 0.946936 0.321422 0
    outer loop
      vertex 3.77856 -3.74352 7.62939e-07
      vertex 3.86685 -4.00363 0.800001
      vertex 3.86685 -4.00363 7.62939e-07
    endloop
  endfacet
  facet normal -0.321411 0.94694 0
    outer loop
      vertex 6.61064 -5.14015 7.62939e-07
      vertex 6.35052 -5.22844 0.800001
      vertex 6.61064 -5.14015 0.800001
    endloop
  endfacet
  facet normal -0.321411 0.94694 0
    outer loop
      vertex 6.35052 -5.22844 0.800001
      vertex 6.61064 -5.14015 7.62939e-07
      vertex 6.35052 -5.22844 7.62939e-07
    endloop
  endfacet
  facet normal -0.65936 0.751827 0
    outer loop
      vertex 7.29192 -4.68492 7.62939e-07
      vertex 7.0854 -4.86604 0.800001
      vertex 7.29192 -4.68492 0.800001
    endloop
  endfacet
  facet normal -0.65936 0.751827 0
    outer loop
      vertex 7.0854 -4.86604 0.800001
      vertex 7.29192 -4.68492 7.62939e-07
      vertex 7.0854 -4.86604 7.62939e-07
    endloop
  endfacet
  facet normal 0.0654196 0.997858 -0
    outer loop
      vertex 5.807 -5.3 7.62939e-07
      vertex 5.5329 -5.28203 0.800001
      vertex 5.807 -5.3 0.800001
    endloop
  endfacet
  facet normal 0.0654196 0.997858 0
    outer loop
      vertex 5.5329 -5.28203 0.800001
      vertex 5.807 -5.3 7.62939e-07
      vertex 5.5329 -5.28203 7.62939e-07
    endloop
  endfacet
  facet normal 0.195087 0.980786 -0
    outer loop
      vertex 5.5329 -5.28203 7.62939e-07
      vertex 5.26348 -5.22844 0.800001
      vertex 5.5329 -5.28203 0.800001
    endloop
  endfacet
  facet normal 0.195087 0.980786 0
    outer loop
      vertex 5.26348 -5.22844 0.800001
      vertex 5.5329 -5.28203 7.62939e-07
      vertex 5.26348 -5.22844 7.62939e-07
    endloop
  endfacet
  facet normal 0.831473 0.555565 0
    outer loop
      vertex 4.14096 -4.4784 0.800001
      vertex 3.98835 -4.25 7.62939e-07
      vertex 3.98835 -4.25 0.800001
    endloop
  endfacet
  facet normal 0.831473 0.555565 0
    outer loop
      vertex 3.98835 -4.25 7.62939e-07
      vertex 4.14096 -4.4784 0.800001
      vertex 4.14096 -4.4784 7.62939e-07
    endloop
  endfacet
  facet normal 0.980786 0.195087 0
    outer loop
      vertex 3.77856 -3.74352 0.800001
      vertex 3.72497 -3.4741 7.62939e-07
      vertex 3.72497 -3.4741 0.800001
    endloop
  endfacet
  facet normal 0.980786 0.195087 0
    outer loop
      vertex 3.72497 -3.4741 7.62939e-07
      vertex 3.77856 -3.74352 0.800001
      vertex 3.77856 -3.74352 7.62939e-07
    endloop
  endfacet
  facet normal 0.555565 0.831473 -0
    outer loop
      vertex 4.757 -5.01865 7.62939e-07
      vertex 4.5286 -4.86604 0.800001
      vertex 4.757 -5.01865 0.800001
    endloop
  endfacet
  facet normal 0.555565 0.831473 0
    outer loop
      vertex 4.5286 -4.86604 0.800001
      vertex 4.757 -5.01865 7.62939e-07
      vertex 4.5286 -4.86604 7.62939e-07
    endloop
  endfacet
  facet normal 0.321422 0.946936 -0
    outer loop
      vertex 5.26348 -5.22844 7.62939e-07
      vertex 5.00337 -5.14015 0.800001
      vertex 5.26348 -5.22844 0.800001
    endloop
  endfacet
  facet normal 0.321422 0.946936 0
    outer loop
      vertex 5.00337 -5.14015 0.800001
      vertex 5.26348 -5.22844 7.62939e-07
      vertex 5.00337 -5.14015 7.62939e-07
    endloop
  endfacet
  facet normal 0.4423 0.896867 -0
    outer loop
      vertex 5.00337 -5.14015 7.62939e-07
      vertex 4.757 -5.01865 0.800001
      vertex 5.00337 -5.14015 0.800001
    endloop
  endfacet
  facet normal 0.4423 0.896867 0
    outer loop
      vertex 4.757 -5.01865 0.800001
      vertex 5.00337 -5.14015 7.62939e-07
      vertex 4.757 -5.01865 7.62939e-07
    endloop
  endfacet
endsolid OpenSCAD_Model
