solid OpenSCAD_Model
  facet normal 0.000000 0.000000 -1.000000
    outer loop
      vertex 24.226999 -35.500000 0.000000
      vertex 17.244499 -27.474413 0.000000
      vertex 17.683352 -27.181181 0.000000
    endloop
  endfacet
  facet normal 0.000000 0.000000 -1.000000
    outer loop
      vertex 24.226999 -35.500000 0.000000
      vertex 18.428180 -26.436353 0.000000
      vertex 18.721412 -25.997500 0.000000
    endloop
  endfacet
  facet normal 0.000000 0.000000 -1.000000
    outer loop
      vertex 24.226999 -35.500000 0.000000
      vertex 18.721412 -25.997500 0.000000
      vertex 18.954853 -25.524128 0.000000
    endloop
  endfacet
  facet normal 0.000000 0.000000 -1.000000
    outer loop
      vertex 24.226999 -35.500000 0.000000
      vertex 18.080175 -26.833176 0.000000
      vertex 18.428180 -26.436353 0.000000
    endloop
  endfacet
  facet normal 0.000000 0.000000 -1.000000
    outer loop
      vertex 24.226999 -35.500000 0.000000
      vertex 17.683352 -27.181181 0.000000
      vertex 18.080175 -26.833176 0.000000
    endloop
  endfacet
  facet normal 0.000000 0.000000 -1.000000
    outer loop
      vertex 24.226999 -35.500000 0.000000
      vertex 16.771127 -27.707854 0.000000
      vertex 17.244499 -27.474413 0.000000
    endloop
  endfacet
  facet normal 0.000000 0.000000 -1.000000
    outer loop
      vertex 24.226999 -35.500000 0.000000
      vertex 16.271334 -27.877511 0.000000
      vertex 16.771127 -27.707854 0.000000
    endloop
  endfacet
  facet normal 0.000000 0.000000 -1.000000
    outer loop
      vertex 24.226999 -35.500000 0.000000
      vertex 15.753673 -27.980480 0.000000
      vertex 16.271334 -27.877511 0.000000
    endloop
  endfacet
  facet normal 0.000000 0.000000 -1.000000
    outer loop
      vertex 24.226999 -35.500000 0.000000
      vertex 19.124510 -25.024335 0.000000
      vertex 19.227479 -24.506673 0.000000
    endloop
  endfacet
  facet normal 0.000000 0.000000 -1.000000
    outer loop
      vertex 24.226999 -35.500000 0.000000
      vertex 18.954853 -25.524128 0.000000
      vertex 19.124510 -25.024335 0.000000
    endloop
  endfacet
  facet normal -0.466728 0.532200 -0.706349
    outer loop
      vertex 17.683352 -27.181181 0.000000
      vertex 17.330270 -26.721036 0.580000
      vertex 18.080175 -26.833176 0.000000
    endloop
  endfacet
  facet normal -0.393268 0.588567 -0.706349
    outer loop
      vertex 17.683352 -27.181181 0.000000
      vertex 17.244499 -27.474413 0.000000
      vertex 16.954499 -26.972117 0.580000
    endloop
  endfacet
  facet normal -0.313080 0.634864 -0.706349
    outer loop
      vertex 17.244499 -27.474413 0.000000
      vertex 16.771127 -27.707854 0.000000
      vertex 16.549170 -27.172004 0.580000
    endloop
  endfacet
  facet normal -0.046297 0.706349 -0.706349
    outer loop
      vertex 15.753673 -27.980480 0.000000
      vertex 15.226999 -28.015000 0.000000
      vertex 15.226999 -27.310000 0.705000
    endloop
  endfacet
  facet normal -0.227536 0.670298 -0.706349
    outer loop
      vertex 16.771127 -27.707854 0.000000
      vertex 16.271334 -27.877511 0.000000
      vertex 16.142647 -27.310000 0.580000
    endloop
  endfacet
  facet normal -0.138097 0.694263 -0.706348
    outer loop
      vertex 16.271334 -27.877511 0.000000
      vertex 15.753673 -27.980480 0.000000
      vertex 15.665402 -27.310000 0.676266
    endloop
  endfacet
  facet normal -0.466728 0.532200 -0.706349
    outer loop
      vertex 18.080175 -26.833176 0.000000
      vertex 17.330270 -26.721036 0.580000
      vertex 17.670053 -26.423054 0.580000
    endloop
  endfacet
  facet normal -0.313081 0.634864 -0.706349
    outer loop
      vertex 17.244499 -27.474413 0.000000
      vertex 16.549170 -27.172004 0.580000
      vertex 16.954499 -26.972117 0.580000
    endloop
  endfacet
  facet normal -0.393268 0.588568 -0.706349
    outer loop
      vertex 17.683352 -27.181181 0.000000
      vertex 16.954499 -26.972117 0.580000
      vertex 17.330270 -26.721036 0.580000
    endloop
  endfacet
  facet normal -0.227536 0.670297 -0.706349
    outer loop
      vertex 16.771127 -27.707854 0.000000
      vertex 16.142647 -27.310000 0.580000
      vertex 16.549170 -27.172004 0.580000
    endloop
  endfacet
  facet normal -0.227538 0.670297 -0.706348
    outer loop
      vertex 16.271334 -27.877511 0.000000
      vertex 16.119270 -27.310000 0.587530
      vertex 16.142647 -27.310000 0.580000
    endloop
  endfacet
  facet normal -0.138097 0.694263 -0.706348
    outer loop
      vertex 16.271334 -27.877511 0.000000
      vertex 15.665402 -27.310000 0.676266
      vertex 16.119270 -27.310000 0.587530
    endloop
  endfacet
  facet normal -0.046297 0.706349 -0.706348
    outer loop
      vertex 15.753673 -27.980480 0.000000
      vertex 15.226999 -27.310000 0.705000
      vertex 15.665402 -27.310000 0.676266
    endloop
  endfacet
  facet normal 0.046297 0.706349 -0.706348
    outer loop
      vertex 15.226999 -28.015000 0.000000
      vertex 14.700326 -27.980480 0.000000
      vertex 14.788596 -27.310000 0.676266
    endloop
  endfacet
  facet normal 0.138097 0.694263 -0.706348
    outer loop
      vertex 14.700326 -27.980480 0.000000
      vertex 14.182665 -27.877511 0.000000
      vertex 14.334728 -27.310000 0.587530
    endloop
  endfacet
  facet normal 0.227535 0.670298 -0.706349
    outer loop
      vertex 14.182665 -27.877511 0.000000
      vertex 13.682872 -27.707854 0.000000
      vertex 13.904828 -27.172004 0.580000
    endloop
  endfacet
  facet normal 0.313080 0.634864 -0.706349
    outer loop
      vertex 13.682872 -27.707854 0.000000
      vertex 13.209499 -27.474413 0.000000
      vertex 13.499499 -26.972117 0.580000
    endloop
  endfacet
  facet normal 0.393268 0.588567 -0.706349
    outer loop
      vertex 13.209499 -27.474413 0.000000
      vertex 12.770647 -27.181181 0.000000
      vertex 13.123729 -26.721036 0.580000
    endloop
  endfacet
  facet normal 0.466727 0.532200 -0.706349
    outer loop
      vertex 12.770647 -27.181181 0.000000
      vertex 12.373823 -26.833176 0.000000
      vertex 12.783945 -26.423054 0.580000
    endloop
  endfacet
  facet normal 0.138097 0.694263 -0.706348
    outer loop
      vertex 14.700326 -27.980480 0.000000
      vertex 14.334728 -27.310000 0.587530
      vertex 14.788596 -27.310000 0.676266
    endloop
  endfacet
  facet normal 0.227536 0.670298 -0.706348
    outer loop
      vertex 14.182665 -27.877511 0.000000
      vertex 13.904828 -27.172004 0.580000
      vertex 14.311352 -27.310000 0.580000
    endloop
  endfacet
  facet normal 0.227538 0.670297 -0.706348
    outer loop
      vertex 14.182665 -27.877511 0.000000
      vertex 14.311352 -27.310000 0.580000
      vertex 14.334728 -27.310000 0.587530
    endloop
  endfacet
  facet normal 0.313081 0.634864 -0.706349
    outer loop
      vertex 13.682872 -27.707854 0.000000
      vertex 13.499499 -26.972117 0.580000
      vertex 13.904828 -27.172004 0.580000
    endloop
  endfacet
  facet normal 0.046297 0.706349 -0.706349
    outer loop
      vertex 15.226999 -28.015000 0.000000
      vertex 14.788596 -27.310000 0.676266
      vertex 15.226999 -27.310000 0.705000
    endloop
  endfacet
  facet normal 0.393268 0.588568 -0.706349
    outer loop
      vertex 13.209499 -27.474413 0.000000
      vertex 13.123729 -26.721036 0.580000
      vertex 13.499499 -26.972117 0.580000
    endloop
  endfacet
  facet normal 0.466727 0.532200 -0.706349
    outer loop
      vertex 12.770647 -27.181181 0.000000
      vertex 12.783945 -26.423054 0.580000
      vertex 13.123729 -26.721036 0.580000
    endloop
  endfacet
  facet normal 0.000000 0.000000 1.000000
    outer loop
      vertex 18.626999 -27.310000 0.580000
      vertex 17.670053 -26.423054 0.580000
      vertex 17.330270 -26.721036 0.580000
    endloop
  endfacet
  facet normal 0.000000 0.000000 1.000000
    outer loop
      vertex 18.626999 -27.310000 0.580000
      vertex 17.330270 -26.721036 0.580000
      vertex 16.954499 -26.972117 0.580000
    endloop
  endfacet
  facet normal 0.000000 0.000000 1.000000
    outer loop
      vertex 18.626999 -27.310000 0.580000
      vertex 16.549170 -27.172004 0.580000
      vertex 16.142647 -27.310000 0.580000
    endloop
  endfacet
  facet normal 0.000000 0.000000 1.000000
    outer loop
      vertex 18.626999 -27.310000 0.580000
      vertex 16.954499 -26.972117 0.580000
      vertex 16.549170 -27.172004 0.580000
    endloop
  endfacet
  facet normal 0.000000 1.000000 0.000000
    outer loop
      vertex 18.626999 -27.310000 0.580000
      vertex 16.142647 -27.310000 0.580000
      vertex 12.026999 -27.310000 2.000000
    endloop
  endfacet
  facet normal 0.000000 0.000000 1.000000
    outer loop
      vertex 14.311352 -27.310000 0.580000
      vertex 13.904828 -27.172004 0.580000
      vertex 12.026999 -27.310000 0.580000
    endloop
  endfacet
  facet normal 0.000000 0.000000 1.000000
    outer loop
      vertex 13.904828 -27.172004 0.580000
      vertex 13.499499 -26.972117 0.580000
      vertex 12.026999 -27.310000 0.580000
    endloop
  endfacet
  facet normal 0.000000 0.000000 1.000000
    outer loop
      vertex 13.499499 -26.972117 0.580000
      vertex 13.123729 -26.721036 0.580000
      vertex 12.026999 -27.310000 0.580000
    endloop
  endfacet
  facet normal 0.000000 0.000000 1.000000
    outer loop
      vertex 13.123729 -26.721036 0.580000
      vertex 12.783945 -26.423054 0.580000
      vertex 12.026999 -27.310000 0.580000
    endloop
  endfacet
  facet normal 0.000000 1.000000 0.000000
    outer loop
      vertex 16.142647 -27.310000 0.580000
      vertex 16.119270 -27.310000 0.587530
      vertex 12.026999 -27.310000 2.000000
    endloop
  endfacet
  facet normal 0.000000 1.000000 0.000000
    outer loop
      vertex 16.119270 -27.310000 0.587530
      vertex 15.665402 -27.310000 0.676266
      vertex 12.026999 -27.310000 2.000000
    endloop
  endfacet
  facet normal 0.000000 1.000000 0.000000
    outer loop
      vertex 14.788596 -27.310000 0.676266
      vertex 14.334728 -27.310000 0.587530
      vertex 12.026999 -27.310000 2.000000
    endloop
  endfacet
  facet normal 0.000000 1.000000 -0.000000
    outer loop
      vertex 14.311352 -27.310000 0.580000
      vertex 12.026999 -27.310000 2.000000
      vertex 14.334728 -27.310000 0.587530
    endloop
  endfacet
  facet normal 0.000000 1.000000 0.000000
    outer loop
      vertex 14.311352 -27.310000 0.580000
      vertex 12.026999 -27.310000 0.580000
      vertex 12.026999 -27.310000 2.000000
    endloop
  endfacet
  facet normal -0.588568 0.393268 -0.706349
    outer loop
      vertex 18.428180 -26.436353 0.000000
      vertex 17.968035 -26.083271 0.580000
      vertex 18.721412 -25.997500 0.000000
    endloop
  endfacet
  facet normal -0.634864 0.313080 -0.706348
    outer loop
      vertex 18.954853 -25.524128 0.000000
      vertex 18.721412 -25.997500 0.000000
      vertex 18.219117 -25.707500 0.580000
    endloop
  endfacet
  facet normal -0.694263 0.138098 -0.706349
    outer loop
      vertex 19.124510 -25.024335 0.000000
      vertex 18.564273 -24.874220 0.580000
      vertex 19.227479 -24.506673 0.000000
    endloop
  endfacet
  facet normal -0.670298 0.227535 -0.706349
    outer loop
      vertex 18.954853 -25.524128 0.000000
      vertex 18.419003 -25.302172 0.580000
      vertex 19.124510 -25.024335 0.000000
    endloop
  endfacet
  facet normal -0.706349 0.046296 -0.706349
    outer loop
      vertex 19.227479 -24.506673 0.000000
      vertex 18.626999 -24.427618 0.605662
      vertex 19.261999 -23.980000 0.000000
    endloop
  endfacet
  facet normal -0.706349 -0.046296 -0.706348
    outer loop
      vertex 19.261999 -23.980000 0.000000
      vertex 18.626999 -23.980000 0.635000
      vertex 19.227479 -23.453327 0.000000
    endloop
  endfacet
  facet normal -0.694263 -0.138098 -0.706349
    outer loop
      vertex 19.227479 -23.453327 0.000000
      vertex 18.626999 -23.401127 0.580000
      vertex 19.124510 -22.935665 0.000000
    endloop
  endfacet
  facet normal -0.670298 -0.227535 -0.706349
    outer loop
      vertex 19.124510 -22.935665 0.000000
      vertex 18.564273 -23.085780 0.580000
      vertex 18.954853 -22.435872 0.000000
    endloop
  endfacet
  facet normal -0.634864 -0.313080 -0.706349
    outer loop
      vertex 18.954853 -22.435872 0.000000
      vertex 18.419003 -22.657828 0.580000
      vertex 18.721412 -21.962500 0.000000
    endloop
  endfacet
  facet normal -0.588568 0.393268 -0.706348
    outer loop
      vertex 18.721412 -25.997500 0.000000
      vertex 17.968035 -26.083271 0.580000
      vertex 18.219117 -25.707500 0.580000
    endloop
  endfacet
  facet normal -0.670298 0.227535 -0.706349
    outer loop
      vertex 19.124510 -25.024335 0.000000
      vertex 18.419003 -25.302172 0.580000
      vertex 18.564273 -24.874220 0.580000
    endloop
  endfacet
  facet normal -0.634864 0.313080 -0.706349
    outer loop
      vertex 18.954853 -25.524128 0.000000
      vertex 18.219117 -25.707500 0.580000
      vertex 18.419003 -25.302172 0.580000
    endloop
  endfacet
  facet normal -0.694263 0.138098 -0.706349
    outer loop
      vertex 19.227479 -24.506673 0.000000
      vertex 18.564273 -24.874220 0.580000
      vertex 18.626999 -24.558873 0.580000
    endloop
  endfacet
  facet normal -0.694263 0.138097 -0.706349
    outer loop
      vertex 19.227479 -24.506673 0.000000
      vertex 18.626999 -24.558873 0.580000
      vertex 18.626999 -24.427618 0.605662
    endloop
  endfacet
  facet normal -0.706349 0.046297 -0.706348
    outer loop
      vertex 19.261999 -23.980000 0.000000
      vertex 18.626999 -24.427618 0.605662
      vertex 18.626999 -23.980000 0.635000
    endloop
  endfacet
  facet normal -0.706349 -0.046297 -0.706349
    outer loop
      vertex 19.227479 -23.453327 0.000000
      vertex 18.626999 -23.980000 0.635000
      vertex 18.626999 -23.532381 0.605662
    endloop
  endfacet
  facet normal -0.694263 -0.138098 -0.706349
    outer loop
      vertex 19.227479 -23.453327 0.000000
      vertex 18.626999 -23.532381 0.605662
      vertex 18.626999 -23.401127 0.580000
    endloop
  endfacet
  facet normal -0.694263 -0.138098 -0.706349
    outer loop
      vertex 19.124510 -22.935665 0.000000
      vertex 18.626999 -23.401127 0.580000
      vertex 18.564273 -23.085780 0.580000
    endloop
  endfacet
  facet normal -0.670298 -0.227535 -0.706349
    outer loop
      vertex 18.954853 -22.435872 0.000000
      vertex 18.564273 -23.085780 0.580000
      vertex 18.419003 -22.657828 0.580000
    endloop
  endfacet
  facet normal -0.634864 -0.313080 -0.706348
    outer loop
      vertex 18.721412 -21.962500 0.000000
      vertex 18.419003 -22.657828 0.580000
      vertex 18.219117 -22.252500 0.580000
    endloop
  endfacet
  facet normal 0.000000 0.000000 -1.000000
    outer loop
      vertex 18.428180 -21.523647 0.000000
      vertex 18.080175 -21.126824 0.000000
      vertex 18.231350 -17.908541 0.000000
    endloop
  endfacet
  facet normal -0.588568 -0.393268 -0.706348
    outer loop
      vertex 18.721412 -21.962500 0.000000
      vertex 18.219117 -22.252500 0.580000
      vertex 18.428180 -21.523647 0.000000
    endloop
  endfacet
  facet normal 0.000000 0.000000 -1.000000
    outer loop
      vertex 18.428180 -21.523647 0.000000
      vertex 18.331981 -17.761370 0.000000
      vertex 18.335659 -17.755585 0.000000
    endloop
  endfacet
  facet normal 0.000000 0.000000 -1.000000
    outer loop
      vertex 18.428180 -21.523647 0.000000
      vertex 18.335659 -17.755585 0.000000
      vertex 18.346290 -17.737982 0.000000
    endloop
  endfacet
  facet normal 0.000000 0.000000 -1.000000
    outer loop
      vertex 18.428180 -21.523647 0.000000
      vertex 18.346290 -17.737982 0.000000
      vertex 18.349699 -17.732035 0.000000
    endloop
  endfacet
  facet normal 0.000000 0.000000 -1.000000
    outer loop
      vertex 18.428180 -21.523647 0.000000
      vertex 18.349699 -17.732035 0.000000
      vertex 18.463155 -17.523172 0.000000
    endloop
  endfacet
  facet normal 0.000000 0.000000 -1.000000
    outer loop
      vertex 18.428180 -21.523647 0.000000
      vertex 18.231350 -17.908541 0.000000
      vertex 18.236018 -17.902584 0.000000
    endloop
  endfacet
  facet normal 0.000000 0.000000 -1.000000
    outer loop
      vertex 18.428180 -21.523647 0.000000
      vertex 18.236018 -17.902584 0.000000
      vertex 18.249564 -17.884373 0.000000
    endloop
  endfacet
  facet normal 0.000000 0.000000 -1.000000
    outer loop
      vertex 18.428180 -21.523647 0.000000
      vertex 18.249564 -17.884373 0.000000
      vertex 18.253926 -17.878187 0.000000
    endloop
  endfacet
  facet normal 0.000000 0.000000 -1.000000
    outer loop
      vertex 18.428180 -21.523647 0.000000
      vertex 18.253926 -17.878187 0.000000
      vertex 18.331981 -17.761370 0.000000
    endloop
  endfacet
  facet normal 0.000000 0.000000 -1.000000
    outer loop
      vertex 18.428180 -21.523647 0.000000
      vertex 18.465441 -17.518795 0.000000
      vertex 18.469880 -17.509939 0.000000
    endloop
  endfacet
  facet normal 0.000000 0.000000 -1.000000
    outer loop
      vertex 18.428180 -21.523647 0.000000
      vertex 18.469880 -17.509939 0.000000
      vertex 18.475831 -17.496450 0.000000
    endloop
  endfacet
  facet normal 0.000000 0.000000 -1.000000
    outer loop
      vertex 18.428180 -21.523647 0.000000
      vertex 18.475831 -17.496450 0.000000
      vertex 18.485484 -17.471287 0.000000
    endloop
  endfacet
  facet normal 0.000000 0.000000 -1.000000
    outer loop
      vertex 18.428180 -21.523647 0.000000
      vertex 18.485484 -17.471287 0.000000
      vertex 18.488697 -17.462013 0.000000
    endloop
  endfacet
  facet normal 0.000000 0.000000 -1.000000
    outer loop
      vertex 18.428180 -21.523647 0.000000
      vertex 18.488697 -17.462013 0.000000
      vertex 18.559189 -17.234818 0.000000
    endloop
  endfacet
  facet normal 0.000000 0.000000 -1.000000
    outer loop
      vertex 18.428180 -21.523647 0.000000
      vertex 18.463155 -17.523172 0.000000
      vertex 18.465441 -17.518795 0.000000
    endloop
  endfacet
  facet normal 0.000000 0.000000 -1.000000
    outer loop
      vertex 18.428180 -21.523647 0.000000
      vertex 18.559189 -17.234818 0.000000
      vertex 18.561314 -17.227276 0.000000
    endloop
  endfacet
  facet normal 0.000000 0.000000 -1.000000
    outer loop
      vertex 18.428180 -21.523647 0.000000
      vertex 18.561314 -17.227276 0.000000
      vertex 18.567096 -17.204500 0.000000
    endloop
  endfacet
  facet normal 0.000000 0.000000 -1.000000
    outer loop
      vertex 18.428180 -21.523647 0.000000
      vertex 18.567096 -17.204500 0.000000
      vertex 18.568825 -17.196857 0.000000
    endloop
  endfacet
  facet normal 0.000000 0.000000 -1.000000
    outer loop
      vertex 18.428180 -21.523647 0.000000
      vertex 18.568825 -17.196857 0.000000
      vertex 18.595931 -17.060585 0.000000
    endloop
  endfacet
  facet normal 0.000000 0.000000 -1.000000
    outer loop
      vertex 18.428180 -21.523647 0.000000
      vertex 18.595931 -17.060585 0.000000
      vertex 18.597167 -17.053484 0.000000
    endloop
  endfacet
  facet normal 0.000000 0.000000 -1.000000
    outer loop
      vertex 18.428180 -21.523647 0.000000
      vertex 18.597167 -17.053484 0.000000
      vertex 18.600361 -17.032103 0.000000
    endloop
  endfacet
  facet normal 0.000000 0.000000 -1.000000
    outer loop
      vertex 18.428180 -21.523647 0.000000
      vertex 18.600361 -17.032103 0.000000
      vertex 18.601254 -17.024950 0.000000
    endloop
  endfacet
  facet normal -0.588567 -0.393268 -0.706349
    outer loop
      vertex 18.428180 -21.523647 0.000000
      vertex 18.219117 -22.252500 0.580000
      vertex 17.968035 -21.876729 0.580000
    endloop
  endfacet
  facet normal -0.787087 0.616842 0.000000
    outer loop
      vertex 18.231350 -17.908541 0.000000
      vertex 18.231350 -17.908541 1.000000
      vertex 18.236018 -17.902584 0.000000
    endloop
  endfacet
  facet normal -0.802384 0.596809 0.000000
    outer loop
      vertex 18.236018 -17.902584 0.000000
      vertex 18.236018 -17.902584 1.000000
      vertex 18.249564 -17.884373 0.000000
    endloop
  endfacet
  facet normal -0.831468 0.555572 0.000000
    outer loop
      vertex 18.331981 -17.761370 0.000000
      vertex 18.253926 -17.878187 0.000000
      vertex 18.253926 -17.878187 1.000000
    endloop
  endfacet
  facet normal -0.843893 0.536511 0.000000
    outer loop
      vertex 18.335659 -17.755585 0.000000
      vertex 18.331981 -17.761370 0.000000
      vertex 18.331981 -17.761370 1.000000
    endloop
  endfacet
  facet normal -0.817226 0.576317 0.000000
    outer loop
      vertex 18.249564 -17.884373 0.000000
      vertex 18.249564 -17.884373 1.000000
      vertex 18.253926 -17.878187 0.000000
    endloop
  endfacet
  facet normal 0.000000 0.000000 1.000000
    outer loop
      vertex 18.626999 -27.310000 0.580000
      vertex 18.219117 -25.707500 0.580000
      vertex 17.968035 -26.083271 0.580000
    endloop
  endfacet
  facet normal 0.000000 0.000000 1.000000
    outer loop
      vertex 18.626999 -27.310000 0.580000
      vertex 18.419003 -25.302172 0.580000
      vertex 18.219117 -25.707500 0.580000
    endloop
  endfacet
  facet normal 0.000000 -0.000000 1.000000
    outer loop
      vertex 18.626999 -27.310000 0.580000
      vertex 18.626999 -24.558873 0.580000
      vertex 18.564273 -24.874220 0.580000
    endloop
  endfacet
  facet normal 0.000000 0.000000 1.000000
    outer loop
      vertex 18.626999 -27.310000 0.580000
      vertex 18.564273 -24.874220 0.580000
      vertex 18.419003 -25.302172 0.580000
    endloop
  endfacet
  facet normal -1.000000 0.000000 0.000000
    outer loop
      vertex 18.626999 -27.310000 0.580000
      vertex 18.626999 -24.427618 0.605662
      vertex 18.626999 -24.558873 0.580000
    endloop
  endfacet
  facet normal -1.000000 0.000000 0.000000
    outer loop
      vertex 18.626999 -27.310000 0.580000
      vertex 18.626999 -23.975343 1.296000
      vertex 18.626999 -24.427618 0.605662
    endloop
  endfacet
  facet normal 0.000000 -0.000000 1.000000
    outer loop
      vertex 18.626999 -23.401127 0.580000
      vertex 18.626999 -20.650000 0.580000
      vertex 18.564273 -23.085780 0.580000
    endloop
  endfacet
  facet normal -1.000000 0.000000 0.000000
    outer loop
      vertex 18.626999 -23.401127 0.580000
      vertex 18.626999 -23.532381 0.605662
      vertex 18.626999 -23.975343 1.296000
    endloop
  endfacet
  facet normal -1.000000 0.000000 0.000000
    outer loop
      vertex 18.626999 -23.401127 0.580000
      vertex 18.626999 -22.770000 1.343773
      vertex 18.626999 -20.650000 0.580000
    endloop
  endfacet
  facet normal -1.000000 0.000000 0.000000
    outer loop
      vertex 18.626999 -24.427618 0.605662
      vertex 18.626999 -23.975343 1.296000
      vertex 18.626999 -23.980000 0.635000
    endloop
  endfacet
  facet normal -1.000000 0.000000 0.000000
    outer loop
      vertex 18.626999 -23.532381 0.605662
      vertex 18.626999 -23.980000 0.635000
      vertex 18.626999 -23.975343 1.296000
    endloop
  endfacet
  facet normal -1.000000 0.000000 0.000000
    outer loop
      vertex 18.626999 -23.401127 0.580000
      vertex 18.626999 -23.975343 1.296000
      vertex 18.626999 -22.770000 1.343773
    endloop
  endfacet
  facet normal 0.000000 -0.000000 1.000000
    outer loop
      vertex 18.564273 -23.085780 0.580000
      vertex 18.626999 -20.650000 0.580000
      vertex 18.419003 -22.657828 0.580000
    endloop
  endfacet
  facet normal 0.000000 -0.000000 1.000000
    outer loop
      vertex 18.419003 -22.657828 0.580000
      vertex 18.626999 -20.650000 0.580000
      vertex 18.219117 -22.252500 0.580000
    endloop
  endfacet
  facet normal 0.000000 -0.000000 1.000000
    outer loop
      vertex 18.219117 -22.252500 0.580000
      vertex 18.626999 -20.650000 0.580000
      vertex 17.968035 -21.876729 0.580000
    endloop
  endfacet
  facet normal -0.771257 0.636524 0.000000
    outer loop
      vertex 18.231350 -17.908541 0.000000
      vertex 18.083441 -18.087757 1.000000
      vertex 18.231350 -17.908541 1.000000
    endloop
  endfacet
  facet normal -0.787087 0.616842 0.000000
    outer loop
      vertex 18.236018 -17.902584 0.000000
      vertex 18.231350 -17.908541 1.000000
      vertex 18.236018 -17.902584 1.000000
    endloop
  endfacet
  facet normal -0.802384 0.596809 0.000000
    outer loop
      vertex 18.249564 -17.884373 0.000000
      vertex 18.236018 -17.902584 1.000000
      vertex 18.249564 -17.884373 1.000000
    endloop
  endfacet
  facet normal -0.843893 0.536511 0.000000
    outer loop
      vertex 18.335659 -17.755585 0.000000
      vertex 18.331981 -17.761370 1.000000
      vertex 18.335659 -17.755585 1.000000
    endloop
  endfacet
  facet normal -0.831468 0.555572 0.000000
    outer loop
      vertex 18.331981 -17.761370 0.000000
      vertex 18.253926 -17.878187 1.000000
      vertex 18.331981 -17.761370 1.000000
    endloop
  endfacet
  facet normal -0.817226 0.576317 0.000000
    outer loop
      vertex 18.253926 -17.878187 0.000000
      vertex 18.249564 -17.884373 1.000000
      vertex 18.253926 -17.878187 1.000000
    endloop
  endfacet
  facet normal -0.532200 0.466728 -0.706349
    outer loop
      vertex 18.080175 -26.833176 0.000000
      vertex 17.670053 -26.423054 0.580000
      vertex 18.428180 -26.436353 0.000000
    endloop
  endfacet
  facet normal -0.532200 0.466728 -0.706349
    outer loop
      vertex 18.428180 -26.436353 0.000000
      vertex 17.670053 -26.423054 0.580000
      vertex 17.968035 -26.083271 0.580000
    endloop
  endfacet
  facet normal 0.532200 0.466727 -0.706349
    outer loop
      vertex 12.373823 -26.833176 0.000000
      vertex 12.025819 -26.436353 0.000000
      vertex 12.485964 -26.083271 0.580000
    endloop
  endfacet
  facet normal 0.532201 0.466727 -0.706349
    outer loop
      vertex 12.373823 -26.833176 0.000000
      vertex 12.485964 -26.083271 0.580000
      vertex 12.783945 -26.423054 0.580000
    endloop
  endfacet
  facet normal 0.588567 0.393269 -0.706349
    outer loop
      vertex 12.485964 -26.083271 0.580000
      vertex 12.025819 -26.436353 0.000000
      vertex 12.234881 -25.707500 0.580000
    endloop
  endfacet
  facet normal 0.000000 0.000000 -1.000000
    outer loop
      vertex 18.080175 -21.126824 0.000000
      vertex 17.683352 -20.778819 0.000000
      vertex 18.038163 -18.133394 0.000000
    endloop
  endfacet
  facet normal -0.532200 -0.466728 -0.706349
    outer loop
      vertex 18.428180 -21.523647 0.000000
      vertex 17.968035 -21.876729 0.580000
      vertex 18.080175 -21.126824 0.000000
    endloop
  endfacet
  facet normal -0.466728 -0.532200 -0.706349
    outer loop
      vertex 18.080175 -21.126824 0.000000
      vertex 17.670053 -21.536946 0.580000
      vertex 17.683352 -20.778819 0.000000
    endloop
  endfacet
  facet normal -0.393268 -0.588568 -0.706349
    outer loop
      vertex 17.683352 -20.778819 0.000000
      vertex 17.330270 -21.238964 0.580000
      vertex 17.244499 -20.485588 0.000000
    endloop
  endfacet
  facet normal -0.313081 -0.634864 -0.706349
    outer loop
      vertex 17.244499 -20.485588 0.000000
      vertex 16.954499 -20.987883 0.580000
      vertex 16.771127 -20.252146 0.000000
    endloop
  endfacet
  facet normal -0.227535 -0.670298 -0.706349
    outer loop
      vertex 16.771127 -20.252146 0.000000
      vertex 16.549170 -20.787996 0.580000
      vertex 16.271334 -20.082489 0.000000
    endloop
  endfacet
  facet normal -0.138096 -0.694263 -0.706348
    outer loop
      vertex 16.271334 -20.082489 0.000000
      vertex 16.119270 -20.650000 0.587530
      vertex 15.753673 -19.979521 0.000000
    endloop
  endfacet
  facet normal -0.046298 -0.706349 -0.706348
    outer loop
      vertex 15.753673 -19.979521 0.000000
      vertex 15.665402 -20.650000 0.676266
      vertex 15.226999 -19.945000 0.000000
    endloop
  endfacet
  facet normal 0.000000 0.000000 -1.000000
    outer loop
      vertex 17.683352 -20.778819 0.000000
      vertex 17.244499 -20.485588 0.000000
      vertex 17.680328 -18.401371 0.000000
    endloop
  endfacet
  facet normal 0.000000 0.000000 -1.000000
    outer loop
      vertex 18.080175 -21.126824 0.000000
      vertex 18.076951 -18.095118 0.000000
      vertex 18.083441 -18.087757 0.000000
    endloop
  endfacet
  facet normal 0.000000 0.000000 -1.000000
    outer loop
      vertex 18.231350 -17.908541 0.000000
      vertex 18.080175 -21.126824 0.000000
      vertex 18.083441 -18.087757 0.000000
    endloop
  endfacet
  facet normal 0.000000 0.000000 -1.000000
    outer loop
      vertex 18.080175 -21.126824 0.000000
      vertex 18.038163 -18.133394 0.000000
      vertex 18.041586 -18.130482 0.000000
    endloop
  endfacet
  facet normal 0.000000 0.000000 -1.000000
    outer loop
      vertex 18.080175 -21.126824 0.000000
      vertex 18.041586 -18.130482 0.000000
      vertex 18.048031 -18.124830 0.000000
    endloop
  endfacet
  facet normal 0.000000 0.000000 -1.000000
    outer loop
      vertex 18.080175 -21.126824 0.000000
      vertex 18.048031 -18.124830 0.000000
      vertex 18.058320 -18.114901 0.000000
    endloop
  endfacet
  facet normal 0.000000 0.000000 -1.000000
    outer loop
      vertex 18.080175 -21.126824 0.000000
      vertex 18.058320 -18.114901 0.000000
      vertex 18.076951 -18.095118 0.000000
    endloop
  endfacet
  facet normal 0.000000 0.000000 -1.000000
    outer loop
      vertex 17.683352 -20.778819 0.000000
      vertex 17.850937 -18.287664 0.000000
      vertex 17.856894 -18.282997 0.000000
    endloop
  endfacet
  facet normal 0.000000 0.000000 -1.000000
    outer loop
      vertex 17.683352 -20.778819 0.000000
      vertex 17.856894 -18.282997 0.000000
      vertex 18.038163 -18.133394 0.000000
    endloop
  endfacet
  facet normal 0.000000 0.000000 -1.000000
    outer loop
      vertex 17.683352 -20.778819 0.000000
      vertex 17.703969 -18.387283 0.000000
      vertex 17.709777 -18.383593 0.000000
    endloop
  endfacet
  facet normal 0.000000 0.000000 -1.000000
    outer loop
      vertex 17.683352 -20.778819 0.000000
      vertex 17.709777 -18.383593 0.000000
      vertex 17.826541 -18.305573 0.000000
    endloop
  endfacet
  facet normal 0.000000 0.000000 -1.000000
    outer loop
      vertex 17.683352 -20.778819 0.000000
      vertex 17.680328 -18.401371 0.000000
      vertex 17.686299 -18.397951 0.000000
    endloop
  endfacet
  facet normal 0.000000 0.000000 -1.000000
    outer loop
      vertex 17.683352 -20.778819 0.000000
      vertex 17.686299 -18.397951 0.000000
      vertex 17.703969 -18.387283 0.000000
    endloop
  endfacet
  facet normal 0.000000 0.000000 -1.000000
    outer loop
      vertex 17.683352 -20.778819 0.000000
      vertex 17.826541 -18.305573 0.000000
      vertex 17.832726 -18.301210 0.000000
    endloop
  endfacet
  facet normal 0.000000 0.000000 -1.000000
    outer loop
      vertex 17.683352 -20.778819 0.000000
      vertex 17.832726 -18.301210 0.000000
      vertex 17.850937 -18.287664 0.000000
    endloop
  endfacet
  facet normal 0.000000 0.000000 -1.000000
    outer loop
      vertex 17.244499 -20.485588 0.000000
      vertex 17.473393 -18.513687 0.000000
      vertex 17.680328 -18.401371 0.000000
    endloop
  endfacet
  facet normal 0.000000 0.000000 -1.000000
    outer loop
      vertex 17.244499 -20.485588 0.000000
      vertex 16.771127 -20.252146 0.000000
      vertex 17.183207 -18.610821 0.000000
    endloop
  endfacet
  facet normal 0.000000 0.000000 -1.000000
    outer loop
      vertex 17.244499 -20.485588 0.000000
      vertex 17.426486 -18.534864 0.000000
      vertex 17.440123 -18.529373 0.000000
    endloop
  endfacet
  facet normal 0.000000 0.000000 -1.000000
    outer loop
      vertex 17.244499 -20.485588 0.000000
      vertex 17.440123 -18.529373 0.000000
      vertex 17.464620 -18.518084 0.000000
    endloop
  endfacet
  facet normal 0.000000 0.000000 -1.000000
    outer loop
      vertex 17.244499 -20.485588 0.000000
      vertex 17.464620 -18.518084 0.000000
      vertex 17.473393 -18.513687 0.000000
    endloop
  endfacet
  facet normal 0.000000 0.000000 -1.000000
    outer loop
      vertex 17.244499 -20.485588 0.000000
      vertex 17.412591 -18.539597 0.000000
      vertex 17.417244 -18.538069 0.000000
    endloop
  endfacet
  facet normal 0.000000 0.000000 -1.000000
    outer loop
      vertex 17.244499 -20.485588 0.000000
      vertex 17.417244 -18.538069 0.000000
      vertex 17.426486 -18.534864 0.000000
    endloop
  endfacet
  facet normal 0.000000 0.000000 -1.000000
    outer loop
      vertex 17.244499 -20.485588 0.000000
      vertex 17.183207 -18.610821 0.000000
      vertex 17.412591 -18.539597 0.000000
    endloop
  endfacet
  facet normal 0.000000 0.000000 -1.000000
    outer loop
      vertex 16.771127 -20.252146 0.000000
      vertex 17.175651 -18.612951 0.000000
      vertex 17.183207 -18.610821 0.000000
    endloop
  endfacet
  facet normal 0.000000 0.000000 -1.000000
    outer loop
      vertex 16.771127 -20.252146 0.000000
      vertex 17.145173 -18.620480 0.000000
      vertex 17.152830 -18.618746 0.000000
    endloop
  endfacet
  facet normal 0.000000 0.000000 -1.000000
    outer loop
      vertex 16.771127 -20.252146 0.000000
      vertex 17.152830 -18.618746 0.000000
      vertex 17.175651 -18.612951 0.000000
    endloop
  endfacet
  facet normal 0.000000 0.000000 -1.000000
    outer loop
      vertex 16.771127 -20.252146 0.000000
      vertex 17.008938 -18.647577 0.000000
      vertex 17.145173 -18.620480 0.000000
    endloop
  endfacet
  facet normal 0.000000 0.000000 -1.000000
    outer loop
      vertex 16.771127 -20.252146 0.000000
      vertex 16.973303 -18.652901 0.000000
      vertex 16.980455 -18.652008 0.000000
    endloop
  endfacet
  facet normal 0.000000 0.000000 -1.000000
    outer loop
      vertex 16.771127 -20.252146 0.000000
      vertex 16.980455 -18.652008 0.000000
      vertex 17.001836 -18.648813 0.000000
    endloop
  endfacet
  facet normal 0.000000 0.000000 -1.000000
    outer loop
      vertex 16.771127 -20.252146 0.000000
      vertex 17.001836 -18.648813 0.000000
      vertex 17.008938 -18.647577 0.000000
    endloop
  endfacet
  facet normal 0.000000 0.000000 -1.000000
    outer loop
      vertex 16.771127 -20.252146 0.000000
      vertex 16.726908 -18.677677 0.000000
      vertex 16.973303 -18.652901 0.000000
    endloop
  endfacet
  facet normal 0.000000 0.000000 -1.000000
    outer loop
      vertex 16.771127 -20.252146 0.000000
      vertex 16.690316 -18.679272 0.000000
      vertex 16.717118 -18.678339 0.000000
    endloop
  endfacet
  facet normal 0.000000 0.000000 -1.000000
    outer loop
      vertex 16.771127 -20.252146 0.000000
      vertex 16.717118 -18.678339 0.000000
      vertex 16.726908 -18.677677 0.000000
    endloop
  endfacet
  facet normal 0.000000 0.000000 -1.000000
    outer loop
      vertex 16.771127 -20.252146 0.000000
      vertex 16.271334 -20.082489 0.000000
      vertex 16.690316 -18.679272 0.000000
    endloop
  endfacet
  facet normal 0.000000 0.000000 -1.000000
    outer loop
      vertex 16.271334 -20.082489 0.000000
      vertex 15.753673 -19.979521 0.000000
      vertex 16.410541 -18.652901 0.000000
    endloop
  endfacet
  facet normal 0.000000 0.000000 -1.000000
    outer loop
      vertex 16.271334 -20.082489 0.000000
      vertex 16.675306 -18.679041 0.000000
      vertex 16.690316 -18.679272 0.000000
    endloop
  endfacet
  facet normal 0.000000 0.000000 -1.000000
    outer loop
      vertex 16.271334 -20.082489 0.000000
      vertex 16.664614 -18.678341 0.000000
      vertex 16.675306 -18.679041 0.000000
    endloop
  endfacet
  facet normal 0.000000 0.000000 -1.000000
    outer loop
      vertex 16.271334 -20.082489 0.000000
      vertex 16.659422 -18.677910 0.000000
      vertex 16.664614 -18.678341 0.000000
    endloop
  endfacet
  facet normal 0.000000 0.000000 -1.000000
    outer loop
      vertex 16.271334 -20.082489 0.000000
      vertex 16.410541 -18.652901 0.000000
      vertex 16.659422 -18.677910 0.000000
    endloop
  endfacet
  facet normal 0.000000 0.000000 -1.000000
    outer loop
      vertex 15.753673 -19.979521 0.000000
      vertex 16.403383 -18.652008 0.000000
      vertex 16.410541 -18.652901 0.000000
    endloop
  endfacet
  facet normal 0.000000 0.000000 -1.000000
    outer loop
      vertex 15.753673 -19.979521 0.000000
      vertex 16.381987 -18.648813 0.000000
      vertex 16.403383 -18.652008 0.000000
    endloop
  endfacet
  facet normal 0.000000 0.000000 -1.000000
    outer loop
      vertex 15.753673 -19.979521 0.000000
      vertex 16.374880 -18.647575 0.000000
      vertex 16.381987 -18.648813 0.000000
    endloop
  endfacet
  facet normal 0.000000 0.000000 -1.000000
    outer loop
      vertex 15.753673 -19.979521 0.000000
      vertex 16.238658 -18.620480 0.000000
      vertex 16.374880 -18.647575 0.000000
    endloop
  endfacet
  facet normal 0.000000 0.000000 -1.000000
    outer loop
      vertex 15.753673 -19.979521 0.000000
      vertex 16.231000 -18.618746 0.000000
      vertex 16.238658 -18.620480 0.000000
    endloop
  endfacet
  facet normal 0.000000 0.000000 -1.000000
    outer loop
      vertex 15.753673 -19.979521 0.000000
      vertex 16.208179 -18.612951 0.000000
      vertex 16.231000 -18.618746 0.000000
    endloop
  endfacet
  facet normal 0.000000 0.000000 -1.000000
    outer loop
      vertex 15.753673 -19.979521 0.000000
      vertex 16.200624 -18.610821 0.000000
      vertex 16.208179 -18.612951 0.000000
    endloop
  endfacet
  facet normal 0.000000 0.000000 -1.000000
    outer loop
      vertex 15.753673 -19.979521 0.000000
      vertex 15.973589 -18.540325 0.000000
      vertex 16.200624 -18.610821 0.000000
    endloop
  endfacet
  facet normal 0.000000 0.000000 -1.000000
    outer loop
      vertex 15.753673 -19.979521 0.000000
      vertex 15.226999 -19.945000 0.000000
      vertex 15.973589 -18.540325 0.000000
    endloop
  endfacet
  facet normal -0.000000 0.000000 -1.000000
    outer loop
      vertex 15.226999 -19.945000 0.000000
      vertex 14.700326 -19.979521 0.000000
      vertex 15.674053 -18.383593 0.000000
    endloop
  endfacet
  facet normal 0.000000 0.000000 -1.000000
    outer loop
      vertex 15.226999 -19.945000 0.000000
      vertex 15.964317 -18.537111 0.000000
      vertex 15.973589 -18.540325 0.000000
    endloop
  endfacet
  facet normal 0.000000 0.000000 -1.000000
    outer loop
      vertex 15.226999 -19.945000 0.000000
      vertex 15.939136 -18.527445 0.000000
      vertex 15.964317 -18.537111 0.000000
    endloop
  endfacet
  facet normal 0.000000 0.000000 -1.000000
    outer loop
      vertex 15.226999 -19.945000 0.000000
      vertex 15.925686 -18.521509 0.000000
      vertex 15.939136 -18.527445 0.000000
    endloop
  endfacet
  facet normal 0.000000 0.000000 -1.000000
    outer loop
      vertex 15.226999 -19.945000 0.000000
      vertex 15.916942 -18.517128 0.000000
      vertex 15.925686 -18.521509 0.000000
    endloop
  endfacet
  facet normal 0.000000 0.000000 -1.000000
    outer loop
      vertex 15.226999 -19.945000 0.000000
      vertex 15.912600 -18.514862 0.000000
      vertex 15.916942 -18.517128 0.000000
    endloop
  endfacet
  facet normal 0.000000 0.000000 -1.000000
    outer loop
      vertex 15.226999 -19.945000 0.000000
      vertex 15.703503 -18.401371 0.000000
      vertex 15.912600 -18.514862 0.000000
    endloop
  endfacet
  facet normal 0.000000 0.000000 -1.000000
    outer loop
      vertex 15.226999 -19.945000 0.000000
      vertex 15.697532 -18.397951 0.000000
      vertex 15.703503 -18.401371 0.000000
    endloop
  endfacet
  facet normal 0.000000 0.000000 -1.000000
    outer loop
      vertex 15.226999 -19.945000 0.000000
      vertex 15.679862 -18.387283 0.000000
      vertex 15.697532 -18.397951 0.000000
    endloop
  endfacet
  facet normal 0.000000 0.000000 -1.000000
    outer loop
      vertex 15.226999 -19.945000 0.000000
      vertex 15.674053 -18.383593 0.000000
      vertex 15.679862 -18.387283 0.000000
    endloop
  endfacet
  facet normal -0.000000 0.000000 -1.000000
    outer loop
      vertex 15.674053 -18.383593 0.000000
      vertex 14.700326 -19.979521 0.000000
      vertex 15.557289 -18.305573 0.000000
    endloop
  endfacet
  facet normal -0.000000 0.000000 -1.000000
    outer loop
      vertex 15.557289 -18.305573 0.000000
      vertex 14.700326 -19.979521 0.000000
      vertex 15.551105 -18.301210 0.000000
    endloop
  endfacet
  facet normal -0.000000 0.000000 -1.000000
    outer loop
      vertex 15.551105 -18.301210 0.000000
      vertex 14.700326 -19.979521 0.000000
      vertex 15.532893 -18.287664 0.000000
    endloop
  endfacet
  facet normal -0.000000 0.000000 -1.000000
    outer loop
      vertex 15.532893 -18.287664 0.000000
      vertex 14.700326 -19.979521 0.000000
      vertex 15.526937 -18.282997 0.000000
    endloop
  endfacet
  facet normal -0.000000 0.000000 -1.000000
    outer loop
      vertex 15.526937 -18.282997 0.000000
      vertex 14.700326 -19.979521 0.000000
      vertex 15.347786 -18.135143 0.000000
    endloop
  endfacet
  facet normal -0.532200 -0.466728 -0.706349
    outer loop
      vertex 18.080175 -21.126824 0.000000
      vertex 17.968035 -21.876729 0.580000
      vertex 17.670053 -21.536946 0.580000
    endloop
  endfacet
  facet normal -0.466728 -0.532200 -0.706349
    outer loop
      vertex 17.683352 -20.778819 0.000000
      vertex 17.670053 -21.536946 0.580000
      vertex 17.330270 -21.238964 0.580000
    endloop
  endfacet
  facet normal -0.393268 -0.588568 -0.706348
    outer loop
      vertex 17.244499 -20.485588 0.000000
      vertex 17.330270 -21.238964 0.580000
      vertex 16.954499 -20.987883 0.580000
    endloop
  endfacet
  facet normal -0.313081 -0.634864 -0.706349
    outer loop
      vertex 16.771127 -20.252146 0.000000
      vertex 16.954499 -20.987883 0.580000
      vertex 16.549170 -20.787996 0.580000
    endloop
  endfacet
  facet normal -0.227536 -0.670298 -0.706349
    outer loop
      vertex 16.271334 -20.082489 0.000000
      vertex 16.549170 -20.787996 0.580000
      vertex 16.142647 -20.650000 0.580000
    endloop
  endfacet
  facet normal -0.227538 -0.670297 -0.706348
    outer loop
      vertex 16.271334 -20.082489 0.000000
      vertex 16.142647 -20.650000 0.580000
      vertex 16.119270 -20.650000 0.587530
    endloop
  endfacet
  facet normal -0.138097 -0.694263 -0.706348
    outer loop
      vertex 15.753673 -19.979521 0.000000
      vertex 16.119270 -20.650000 0.587530
      vertex 15.665402 -20.650000 0.676266
    endloop
  endfacet
  facet normal -0.046297 -0.706349 -0.706349
    outer loop
      vertex 15.226999 -19.945000 0.000000
      vertex 15.665402 -20.650000 0.676266
      vertex 15.226999 -20.650000 0.705000
    endloop
  endfacet
  facet normal -0.536306 0.844024 0.000000
    outer loop
      vertex 17.709777 -18.383593 0.000000
      vertex 17.703969 -18.387283 0.000000
      vertex 17.703969 -18.387283 1.000000
    endloop
  endfacet
  facet normal -0.555574 0.831467 0.000000
    outer loop
      vertex 17.826541 -18.305573 0.000000
      vertex 17.709777 -18.383593 0.000000
      vertex 17.709777 -18.383593 1.000000
    endloop
  endfacet
  facet normal -0.497004 0.867748 0.000000
    outer loop
      vertex 17.680328 -18.401371 0.000000
      vertex 17.680328 -18.401371 1.000000
      vertex 17.686299 -18.397951 0.000000
    endloop
  endfacet
  facet normal -0.516835 0.856085 0.000000
    outer loop
      vertex 17.703969 -18.387283 0.000000
      vertex 17.686299 -18.397951 0.000000
      vertex 17.686299 -18.397951 1.000000
    endloop
  endfacet
  facet normal -0.477027 0.878889 0.000000
    outer loop
      vertex 17.680328 -18.401371 0.000000
      vertex 17.473393 -18.513687 0.000000
      vertex 17.473393 -18.513687 1.000000
    endloop
  endfacet
  facet normal -0.448010 0.894028 0.000000
    outer loop
      vertex 17.473393 -18.513687 0.000000
      vertex 17.464620 -18.518084 0.000000
      vertex 17.464620 -18.518084 1.000000
    endloop
  endfacet
  facet normal -0.373515 0.927624 0.000000
    outer loop
      vertex 17.440123 -18.529373 0.000000
      vertex 17.426486 -18.534864 0.000000
      vertex 17.426486 -18.534864 1.000000
    endloop
  endfacet
  facet normal -0.327613 0.944812 0.000000
    outer loop
      vertex 17.426486 -18.534864 0.000000
      vertex 17.417244 -18.538069 0.000000
      vertex 17.417244 -18.538069 1.000000
    endloop
  endfacet
  facet normal -0.311960 0.950095 0.000000
    outer loop
      vertex 17.417244 -18.538069 0.000000
      vertex 17.412591 -18.539597 0.000000
      vertex 17.412591 -18.539597 1.000000
    endloop
  endfacet
  facet normal -0.418547 0.908195 0.000000
    outer loop
      vertex 17.464620 -18.518084 0.000000
      vertex 17.440123 -18.529373 0.000000
      vertex 17.440123 -18.529373 1.000000
    endloop
  endfacet
  facet normal -0.771257 0.636524 0.000000
    outer loop
      vertex 18.231350 -17.908541 0.000000
      vertex 18.083441 -18.087757 0.000000
      vertex 18.083441 -18.087757 1.000000
    endloop
  endfacet
  facet normal -0.750031 0.661403 0.000000
    outer loop
      vertex 18.076951 -18.095118 0.000000
      vertex 18.076951 -18.095118 1.000000
      vertex 18.083441 -18.087757 0.000000
    endloop
  endfacet
  facet normal -0.659335 0.751849 0.000000
    outer loop
      vertex 18.048031 -18.124830 0.000000
      vertex 18.041586 -18.130482 0.000000
      vertex 18.041586 -18.130482 1.000000
    endloop
  endfacet
  facet normal -0.694440 0.719551 0.000000
    outer loop
      vertex 18.048031 -18.124830 0.000000
      vertex 18.048031 -18.124830 1.000000
      vertex 18.058320 -18.114901 0.000000
    endloop
  endfacet
  facet normal -0.648009 0.761633 0.000000
    outer loop
      vertex 18.038163 -18.133394 0.000000
      vertex 18.038163 -18.133394 1.000000
      vertex 18.041586 -18.130482 0.000000
    endloop
  endfacet
  facet normal -0.727986 0.685592 0.000000
    outer loop
      vertex 18.076951 -18.095118 0.000000
      vertex 18.058320 -18.114901 0.000000
      vertex 18.058320 -18.114901 1.000000
    endloop
  endfacet
  facet normal -0.636524 0.771257 0.000000
    outer loop
      vertex 18.038163 -18.133394 0.000000
      vertex 17.856894 -18.282997 0.000000
      vertex 17.856894 -18.282997 1.000000
    endloop
  endfacet
  facet normal -0.616764 0.787149 0.000000
    outer loop
      vertex 17.850937 -18.287664 0.000000
      vertex 17.850937 -18.287664 1.000000
      vertex 17.856894 -18.282997 0.000000
    endloop
  endfacet
  facet normal -0.576406 0.817163 0.000000
    outer loop
      vertex 17.826541 -18.305573 0.000000
      vertex 17.826541 -18.305573 1.000000
      vertex 17.832726 -18.301210 0.000000
    endloop
  endfacet
  facet normal -0.596812 0.802381 0.000000
    outer loop
      vertex 17.850937 -18.287664 0.000000
      vertex 17.832726 -18.301210 0.000000
      vertex 17.832726 -18.301210 1.000000
    endloop
  endfacet
  facet normal -0.296536 0.955022 0.000000
    outer loop
      vertex 17.183207 -18.610821 0.000000
      vertex 17.183207 -18.610821 1.000000
      vertex 17.412591 -18.539597 0.000000
    endloop
  endfacet
  facet normal -0.271382 0.962472 0.000000
    outer loop
      vertex 17.183207 -18.610821 0.000000
      vertex 17.175651 -18.612951 0.000000
      vertex 17.175651 -18.612951 1.000000
    endloop
  endfacet
  facet normal -0.246103 0.969244 0.000000
    outer loop
      vertex 17.175651 -18.612951 0.000000
      vertex 17.152830 -18.618746 0.000000
      vertex 17.152830 -18.618746 1.000000
    endloop
  endfacet
  facet normal -0.220826 0.975313 0.000000
    outer loop
      vertex 17.145173 -18.620480 0.000000
      vertex 17.145173 -18.620480 1.000000
      vertex 17.152830 -18.618746 0.000000
    endloop
  endfacet
  facet normal -0.195083 0.980787 0.000000
    outer loop
      vertex 17.145173 -18.620480 0.000000
      vertex 17.008938 -18.647577 0.000000
      vertex 17.008938 -18.647577 1.000000
    endloop
  endfacet
  facet normal -0.123839 0.992302 0.000000
    outer loop
      vertex 16.980455 -18.652008 0.000000
      vertex 16.973303 -18.652901 0.000000
      vertex 16.973303 -18.652901 1.000000
    endloop
  endfacet
  facet normal -0.171464 0.985190 0.000000
    outer loop
      vertex 17.008938 -18.647577 0.000000
      vertex 17.001836 -18.648813 0.000000
      vertex 17.001836 -18.648813 1.000000
    endloop
  endfacet
  facet normal -0.147783 0.989020 0.000000
    outer loop
      vertex 16.980455 -18.652008 0.000000
      vertex 16.980455 -18.652008 1.000000
      vertex 17.001836 -18.648813 0.000000
    endloop
  endfacet
  facet normal -0.100051 0.994982 0.000000
    outer loop
      vertex 16.973303 -18.652901 0.000000
      vertex 16.726908 -18.677677 0.000000
      vertex 16.726908 -18.677677 1.000000
    endloop
  endfacet
  facet normal -0.067448 0.997723 0.000000
    outer loop
      vertex 16.726908 -18.677677 0.000000
      vertex 16.717118 -18.678339 0.000000
      vertex 16.717118 -18.678339 1.000000
    endloop
  endfacet
  facet normal -0.034779 0.999395 0.000000
    outer loop
      vertex 16.717118 -18.678339 0.000000
      vertex 16.690316 -18.679272 0.000000
      vertex 16.690316 -18.679272 1.000000
    endloop
  endfacet
  facet normal 0.015374 0.999882 0.000000
    outer loop
      vertex 16.690316 -18.679272 0.000000
      vertex 16.675306 -18.679041 0.000000
      vertex 16.675306 -18.679041 1.000000
    endloop
  endfacet
  facet normal 0.065326 0.997864 0.000000
    outer loop
      vertex 16.675306 -18.679041 0.000000
      vertex 16.664614 -18.678341 0.000000
      vertex 16.664614 -18.678341 1.000000
    endloop
  endfacet
  facet normal 0.082742 0.996571 0.000000
    outer loop
      vertex 16.664614 -18.678341 0.000000
      vertex 16.659422 -18.677910 0.000000
      vertex 16.659422 -18.677910 1.000000
    endloop
  endfacet
  facet normal 0.099983 0.994989 0.000000
    outer loop
      vertex 16.659422 -18.677910 0.000000
      vertex 16.410541 -18.652901 0.000000
      vertex 16.410541 -18.652901 1.000000
    endloop
  endfacet
  facet normal 0.123750 0.992313 0.000000
    outer loop
      vertex 16.410541 -18.652901 0.000000
      vertex 16.403383 -18.652008 0.000000
      vertex 16.403383 -18.652008 1.000000
    endloop
  endfacet
  facet normal 0.147680 0.989035 0.000000
    outer loop
      vertex 16.403383 -18.652008 0.000000
      vertex 16.381987 -18.648813 0.000000
      vertex 16.381987 -18.648813 1.000000
    endloop
  endfacet
  facet normal 0.171587 0.985169 0.000000
    outer loop
      vertex 16.381987 -18.648813 0.000000
      vertex 16.374880 -18.647575 0.000000
      vertex 16.374880 -18.647575 1.000000
    endloop
  endfacet
  facet normal 0.195088 0.980786 0.000000
    outer loop
      vertex 16.374880 -18.647575 0.000000
      vertex 16.238658 -18.620480 0.000000
      vertex 16.238658 -18.620480 1.000000
    endloop
  endfacet
  facet normal 0.220813 0.975316 0.000000
    outer loop
      vertex 16.238658 -18.620480 0.000000
      vertex 16.231000 -18.618746 0.000000
      vertex 16.231000 -18.618746 1.000000
    endloop
  endfacet
  facet normal 0.246103 0.969244 0.000000
    outer loop
      vertex 16.231000 -18.618746 0.000000
      vertex 16.208179 -18.612951 0.000000
      vertex 16.208179 -18.612951 1.000000
    endloop
  endfacet
  facet normal 0.271382 0.962472 0.000000
    outer loop
      vertex 16.208179 -18.612951 0.000000
      vertex 16.200624 -18.610821 0.000000
      vertex 16.200624 -18.610821 1.000000
    endloop
  endfacet
  facet normal 0.296540 0.955021 0.000000
    outer loop
      vertex 16.200624 -18.610821 0.000000
      vertex 15.973589 -18.540325 0.000000
      vertex 15.973589 -18.540325 1.000000
    endloop
  endfacet
  facet normal 0.327518 0.944845 0.000000
    outer loop
      vertex 15.973589 -18.540325 0.000000
      vertex 15.964317 -18.537111 0.000000
      vertex 15.964317 -18.537111 1.000000
    endloop
  endfacet
  facet normal 0.358370 0.933580 0.000000
    outer loop
      vertex 15.964317 -18.537111 0.000000
      vertex 15.939136 -18.527445 0.000000
      vertex 15.939136 -18.527445 1.000000
    endloop
  endfacet
  facet normal 0.403754 0.914868 0.000000
    outer loop
      vertex 15.939136 -18.527445 0.000000
      vertex 15.925686 -18.521509 0.000000
      vertex 15.925686 -18.521509 1.000000
    endloop
  endfacet
  facet normal 0.447955 0.894056 0.000000
    outer loop
      vertex 15.925686 -18.521509 0.000000
      vertex 15.916942 -18.517128 0.000000
      vertex 15.916942 -18.517128 1.000000
    endloop
  endfacet
  facet normal 0.462646 0.886543 0.000000
    outer loop
      vertex 15.916942 -18.517128 0.000000
      vertex 15.912600 -18.514862 0.000000
      vertex 15.912600 -18.514862 1.000000
    endloop
  endfacet
  facet normal 0.477031 0.878886 0.000000
    outer loop
      vertex 15.912600 -18.514862 0.000000
      vertex 15.703503 -18.401371 0.000000
      vertex 15.703503 -18.401371 1.000000
    endloop
  endfacet
  facet normal 0.497004 0.867748 0.000000
    outer loop
      vertex 15.703503 -18.401371 0.000000
      vertex 15.697532 -18.397951 0.000000
      vertex 15.697532 -18.397951 1.000000
    endloop
  endfacet
  facet normal 0.516845 0.856079 0.000000
    outer loop
      vertex 15.697532 -18.397951 0.000000
      vertex 15.679862 -18.387283 0.000000
      vertex 15.679862 -18.387283 1.000000
    endloop
  endfacet
  facet normal 0.536275 0.844044 0.000000
    outer loop
      vertex 15.679862 -18.387283 0.000000
      vertex 15.674053 -18.383593 0.000000
      vertex 15.674053 -18.383593 1.000000
    endloop
  endfacet
  facet normal 0.555574 0.831467 0.000000
    outer loop
      vertex 15.674053 -18.383593 0.000000
      vertex 15.557289 -18.305573 0.000000
      vertex 15.557289 -18.305573 1.000000
    endloop
  endfacet
  facet normal 0.576376 0.817184 0.000000
    outer loop
      vertex 15.557289 -18.305573 0.000000
      vertex 15.551105 -18.301210 0.000000
      vertex 15.551105 -18.301210 1.000000
    endloop
  endfacet
  facet normal 0.596822 0.802374 0.000000
    outer loop
      vertex 15.551105 -18.301210 0.000000
      vertex 15.532893 -18.287664 0.000000
      vertex 15.532893 -18.287664 1.000000
    endloop
  endfacet
  facet normal 0.616764 0.787149 0.000000
    outer loop
      vertex 15.532893 -18.287664 0.000000
      vertex 15.526937 -18.282997 0.000000
      vertex 15.526937 -18.282997 1.000000
    endloop
  endfacet
  facet normal 0.636523 0.771258 0.000000
    outer loop
      vertex 15.526937 -18.282997 0.000000
      vertex 15.347786 -18.135143 0.000000
      vertex 15.347786 -18.135143 1.000000
    endloop
  endfacet
  facet normal 0.661451 0.749988 0.000000
    outer loop
      vertex 15.347786 -18.135143 0.000000
      vertex 15.340426 -18.128653 0.000000
      vertex 15.340426 -18.128653 1.000000
    endloop
  endfacet
  facet normal 0.685612 0.727967 0.000000
    outer loop
      vertex 15.340426 -18.128653 0.000000
      vertex 15.320659 -18.110035 0.000000
      vertex 15.320659 -18.110035 1.000000
    endloop
  endfacet
  facet normal 0.719662 0.694325 0.000000
    outer loop
      vertex 15.320659 -18.110035 0.000000
      vertex 15.310701 -18.099714 0.000000
      vertex 15.310701 -18.099714 1.000000
    endloop
  endfacet
  facet normal 0.751965 0.659203 0.000000
    outer loop
      vertex 15.310701 -18.099714 0.000000
      vertex 15.304968 -18.093174 0.000000
      vertex 15.304968 -18.093174 1.000000
    endloop
  endfacet
  facet normal 0.761877 0.647722 0.000000
    outer loop
      vertex 15.304968 -18.093174 0.000000
      vertex 15.302030 -18.089718 0.000000
      vertex 15.302030 -18.089718 1.000000
    endloop
  endfacet
  facet normal 0.771615 0.636090 0.000000
    outer loop
      vertex 15.302030 -18.089718 0.000000
      vertex 15.152613 -17.908466 0.000000
      vertex 15.152613 -17.908466 1.000000
    endloop
  endfacet
  facet normal 0.787390 0.616455 0.000000
    outer loop
      vertex 15.152613 -17.908466 0.000000
      vertex 15.147973 -17.902540 0.000000
      vertex 15.147973 -17.902540 1.000000
    endloop
  endfacet
  facet normal 0.046298 -0.706349 -0.706349
    outer loop
      vertex 15.226999 -19.945000 0.000000
      vertex 15.226999 -20.650000 0.705000
      vertex 14.700326 -19.979521 0.000000
    endloop
  endfacet
  facet normal 0.138096 -0.694264 -0.706348
    outer loop
      vertex 14.700326 -19.979521 0.000000
      vertex 14.788596 -20.650000 0.676266
      vertex 14.182665 -20.082489 0.000000
    endloop
  endfacet
  facet normal 0.227535 -0.670298 -0.706348
    outer loop
      vertex 14.182665 -20.082489 0.000000
      vertex 14.311352 -20.650000 0.580000
      vertex 13.682872 -20.252146 0.000000
    endloop
  endfacet
  facet normal 0.532200 -0.466727 -0.706349
    outer loop
      vertex 12.373823 -21.126824 0.000000
      vertex 12.783945 -21.536946 0.580000
      vertex 12.025819 -21.523647 0.000000
    endloop
  endfacet
  facet normal 0.393268 -0.588568 -0.706349
    outer loop
      vertex 13.209499 -20.485588 0.000000
      vertex 13.499499 -20.987883 0.580000
      vertex 12.770647 -20.778819 0.000000
    endloop
  endfacet
  facet normal 0.313081 -0.634863 -0.706349
    outer loop
      vertex 13.682872 -20.252146 0.000000
      vertex 13.904828 -20.787996 0.580000
      vertex 13.209499 -20.485588 0.000000
    endloop
  endfacet
  facet normal 0.466727 -0.532200 -0.706349
    outer loop
      vertex 12.373823 -21.126824 0.000000
      vertex 12.770647 -20.778819 0.000000
      vertex 13.123729 -21.238964 0.580000
    endloop
  endfacet
  facet normal -0.000000 0.000000 -1.000000
    outer loop
      vertex 15.347786 -18.135143 0.000000
      vertex 14.700326 -19.979521 0.000000
      vertex 15.340426 -18.128653 0.000000
    endloop
  endfacet
  facet normal -0.000000 0.000000 -1.000000
    outer loop
      vertex 15.340426 -18.128653 0.000000
      vertex 14.700326 -19.979521 0.000000
      vertex 15.320659 -18.110035 0.000000
    endloop
  endfacet
  facet normal -0.000000 0.000000 -1.000000
    outer loop
      vertex 15.320659 -18.110035 0.000000
      vertex 14.700326 -19.979521 0.000000
      vertex 15.310701 -18.099714 0.000000
    endloop
  endfacet
  facet normal -0.000000 0.000000 -1.000000
    outer loop
      vertex 15.310701 -18.099714 0.000000
      vertex 14.700326 -19.979521 0.000000
      vertex 15.304968 -18.093174 0.000000
    endloop
  endfacet
  facet normal -0.000000 0.000000 -1.000000
    outer loop
      vertex 15.304968 -18.093174 0.000000
      vertex 14.700326 -19.979521 0.000000
      vertex 15.302030 -18.089718 0.000000
    endloop
  endfacet
  facet normal -0.000000 0.000000 -1.000000
    outer loop
      vertex 15.302030 -18.089718 0.000000
      vertex 14.700326 -19.979521 0.000000
      vertex 15.152613 -17.908466 0.000000
    endloop
  endfacet
  facet normal -0.000000 0.000000 -1.000000
    outer loop
      vertex 15.152613 -17.908466 0.000000
      vertex 14.700326 -19.979521 0.000000
      vertex 15.147973 -17.902540 0.000000
    endloop
  endfacet
  facet normal -0.000000 0.000000 -1.000000
    outer loop
      vertex 15.147973 -17.902540 0.000000
      vertex 14.700326 -19.979521 0.000000
      vertex 15.134508 -17.884426 0.000000
    endloop
  endfacet
  facet normal 0.000000 0.000000 -1.000000
    outer loop
      vertex 14.700326 -19.979521 0.000000
      vertex 15.130171 -17.878277 0.000000
      vertex 15.134508 -17.884426 0.000000
    endloop
  endfacet
  facet normal 0.000000 0.000000 -1.000000
    outer loop
      vertex 14.700326 -19.979521 0.000000
      vertex 15.062561 -17.777092 0.000000
      vertex 15.130171 -17.878277 0.000000
    endloop
  endfacet
  facet normal 0.000000 0.000000 -1.000000
    outer loop
      vertex 14.700326 -19.979521 0.000000
      vertex 15.038672 -17.745958 0.000000
      vertex 15.062561 -17.777092 0.000000
    endloop
  endfacet
  facet normal 0.000000 0.000000 -1.000000
    outer loop
      vertex 14.700326 -19.979521 0.000000
      vertex 15.010924 -17.718210 0.000000
      vertex 15.038672 -17.745958 0.000000
    endloop
  endfacet
  facet normal 0.000000 0.000000 -1.000000
    outer loop
      vertex 14.700326 -19.979521 0.000000
      vertex 14.979792 -17.694323 0.000000
      vertex 15.010924 -17.718210 0.000000
    endloop
  endfacet
  facet normal 0.000000 0.000000 -1.000000
    outer loop
      vertex 14.700326 -19.979521 0.000000
      vertex 14.945807 -17.674700 0.000000
      vertex 14.979792 -17.694323 0.000000
    endloop
  endfacet
  facet normal 0.000000 0.000000 -1.000000
    outer loop
      vertex 14.700326 -19.979521 0.000000
      vertex 14.909553 -17.659683 0.000000
      vertex 14.945807 -17.674700 0.000000
    endloop
  endfacet
  facet normal 0.000000 0.000000 -1.000000
    outer loop
      vertex 14.700326 -19.979521 0.000000
      vertex 14.871648 -17.649527 0.000000
      vertex 14.909553 -17.659683 0.000000
    endloop
  endfacet
  facet normal 0.000000 0.000000 -1.000000
    outer loop
      vertex 14.700326 -19.979521 0.000000
      vertex 14.853333 -17.646469 0.000000
      vertex 14.871648 -17.649527 0.000000
    endloop
  endfacet
  facet normal 0.000000 0.000000 -1.000000
    outer loop
      vertex 14.700326 -19.979521 0.000000
      vertex 14.741103 -17.631289 0.000000
      vertex 14.853333 -17.646469 0.000000
    endloop
  endfacet
  facet normal 0.000000 0.000000 -1.000000
    outer loop
      vertex 14.700326 -19.979521 0.000000
      vertex 14.736513 -17.630596 0.000000
      vertex 14.741103 -17.631289 0.000000
    endloop
  endfacet
  facet normal 0.000000 0.000000 -1.000000
    outer loop
      vertex 14.700326 -19.979521 0.000000
      vertex 14.722778 -17.628304 0.000000
      vertex 14.736513 -17.630596 0.000000
    endloop
  endfacet
  facet normal 0.000000 0.000000 -1.000000
    outer loop
      vertex 14.700326 -19.979521 0.000000
      vertex 14.718211 -17.627468 0.000000
      vertex 14.722778 -17.628304 0.000000
    endloop
  endfacet
  facet normal 0.000000 0.000000 -1.000000
    outer loop
      vertex 14.700326 -19.979521 0.000000
      vertex 14.561559 -17.596308 0.000000
      vertex 14.718211 -17.627468 0.000000
    endloop
  endfacet
  facet normal 0.000000 0.000000 -1.000000
    outer loop
      vertex 14.700326 -19.979521 0.000000
      vertex 14.559500 -17.595884 0.000000
      vertex 14.561559 -17.596308 0.000000
    endloop
  endfacet
  facet normal 0.000000 0.000000 -1.000000
    outer loop
      vertex 14.700326 -19.979521 0.000000
      vertex 14.553332 -17.594566 0.000000
      vertex 14.559500 -17.595884 0.000000
    endloop
  endfacet
  facet normal 0.000000 0.000000 -1.000000
    outer loop
      vertex 14.700326 -19.979521 0.000000
      vertex 14.551278 -17.594112 0.000000
      vertex 14.553332 -17.594566 0.000000
    endloop
  endfacet
  facet normal 0.000000 0.000000 -1.000000
    outer loop
      vertex 14.700326 -19.979521 0.000000
      vertex 14.315200 -17.540234 0.000000
      vertex 14.551278 -17.594112 0.000000
    endloop
  endfacet
  facet normal 0.000000 0.000000 -1.000000
    outer loop
      vertex 14.700326 -19.979521 0.000000
      vertex 14.308795 -17.538622 0.000000
      vertex 14.315200 -17.540234 0.000000
    endloop
  endfacet
  facet normal 0.000000 0.000000 -1.000000
    outer loop
      vertex 14.700326 -19.979521 0.000000
      vertex 14.289697 -17.533369 0.000000
      vertex 14.308795 -17.538622 0.000000
    endloop
  endfacet
  facet normal 0.000000 0.000000 -1.000000
    outer loop
      vertex 14.700326 -19.979521 0.000000
      vertex 14.283369 -17.531479 0.000000
      vertex 14.289697 -17.533369 0.000000
    endloop
  endfacet
  facet normal 0.000000 0.000000 -1.000000
    outer loop
      vertex 14.700326 -19.979521 0.000000
      vertex 14.066018 -17.461266 0.000000
      vertex 14.283369 -17.531479 0.000000
    endloop
  endfacet
  facet normal 0.000000 0.000000 -1.000000
    outer loop
      vertex 14.700326 -19.979521 0.000000
      vertex 14.059858 -17.459127 0.000000
      vertex 14.066018 -17.461266 0.000000
    endloop
  endfacet
  facet normal 0.000000 0.000000 -1.000000
    outer loop
      vertex 14.700326 -19.979521 0.000000
      vertex 14.041527 -17.452312 0.000000
      vertex 14.059858 -17.459127 0.000000
    endloop
  endfacet
  facet normal 0.000000 0.000000 -1.000000
    outer loop
      vertex 14.700326 -19.979521 0.000000
      vertex 14.035465 -17.449907 0.000000
      vertex 14.041527 -17.452312 0.000000
    endloop
  endfacet
  facet normal 0.000000 0.000000 -1.000000
    outer loop
      vertex 14.700326 -19.979521 0.000000
      vertex 13.827222 -17.362007 0.000000
      vertex 14.035465 -17.449907 0.000000
    endloop
  endfacet
  facet normal 0.000000 0.000000 -1.000000
    outer loop
      vertex 14.700326 -19.979521 0.000000
      vertex 13.821221 -17.359318 0.000000
      vertex 13.827222 -17.362007 0.000000
    endloop
  endfacet
  facet normal 0.000000 0.000000 -1.000000
    outer loop
      vertex 14.700326 -19.979521 0.000000
      vertex 13.803405 -17.350859 0.000000
      vertex 13.821221 -17.359318 0.000000
    endloop
  endfacet
  facet normal 0.000000 0.000000 -1.000000
    outer loop
      vertex 14.700326 -19.979521 0.000000
      vertex 13.797528 -17.347908 0.000000
      vertex 13.803405 -17.350859 0.000000
    endloop
  endfacet
  facet normal 0.000000 0.000000 -1.000000
    outer loop
      vertex 14.700326 -19.979521 0.000000
      vertex 13.598998 -17.242752 0.000000
      vertex 13.797528 -17.347908 0.000000
    endloop
  endfacet
  facet normal 0.000000 0.000000 -1.000000
    outer loop
      vertex 14.700326 -19.979521 0.000000
      vertex 13.593406 -17.239634 0.000000
      vertex 13.598998 -17.242752 0.000000
    endloop
  endfacet
  facet normal 0.000000 0.000000 -1.000000
    outer loop
      vertex 14.700326 -19.979521 0.000000
      vertex 13.576832 -17.229927 0.000000
      vertex 13.593406 -17.239634 0.000000
    endloop
  endfacet
  facet normal 0.000000 0.000000 -1.000000
    outer loop
      vertex 14.700326 -19.979521 0.000000
      vertex 13.571377 -17.226574 0.000000
      vertex 13.576832 -17.229927 0.000000
    endloop
  endfacet
  facet normal 0.000000 0.000000 -1.000000
    outer loop
      vertex 14.700326 -19.979521 0.000000
      vertex 13.372055 -17.098110 0.000000
      vertex 13.571377 -17.226574 0.000000
    endloop
  endfacet
  facet normal 0.000000 0.000000 -1.000000
    outer loop
      vertex 14.700326 -19.979521 0.000000
      vertex 13.371014 -17.097433 0.000000
      vertex 13.372055 -17.098110 0.000000
    endloop
  endfacet
  facet normal 0.000000 0.000000 -1.000000
    outer loop
      vertex 14.700326 -19.979521 0.000000
      vertex 13.367902 -17.095390 0.000000
      vertex 13.371014 -17.097433 0.000000
    endloop
  endfacet
  facet normal 0.000000 0.000000 -1.000000
    outer loop
      vertex 14.700326 -19.979521 0.000000
      vertex 13.366868 -17.094706 0.000000
      vertex 13.367902 -17.095390 0.000000
    endloop
  endfacet
  facet normal 0.000000 0.000000 -1.000000
    outer loop
      vertex 14.700326 -19.979521 0.000000
      vertex 13.233469 -17.005571 0.000000
      vertex 13.366868 -17.094706 0.000000
    endloop
  endfacet
  facet normal 0.000000 0.000000 -1.000000
    outer loop
      vertex 14.700326 -19.979521 0.000000
      vertex 13.229183 -17.002598 0.000000
      vertex 13.233469 -17.005571 0.000000
    endloop
  endfacet
  facet normal 0.000000 0.000000 -1.000000
    outer loop
      vertex 14.700326 -19.979521 0.000000
      vertex 13.216481 -16.993456 0.000000
      vertex 13.229183 -17.002598 0.000000
    endloop
  endfacet
  facet normal 0.000000 0.000000 -1.000000
    outer loop
      vertex 14.700326 -19.979521 0.000000
      vertex 13.212300 -16.990335 0.000000
      vertex 13.216481 -16.993456 0.000000
    endloop
  endfacet
  facet normal 0.000000 0.000000 -1.000000
    outer loop
      vertex 14.700326 -19.979521 0.000000
      vertex 13.033119 -16.851667 0.000000
      vertex 13.212300 -16.990335 0.000000
    endloop
  endfacet
  facet normal 0.000000 0.000000 -1.000000
    outer loop
      vertex 14.700326 -19.979521 0.000000
      vertex 13.028241 -16.847727 0.000000
      vertex 13.033119 -16.851667 0.000000
    endloop
  endfacet
  facet normal 0.000000 0.000000 -1.000000
    outer loop
      vertex 14.700326 -19.979521 0.000000
      vertex 13.013861 -16.835604 0.000000
      vertex 13.028241 -16.847727 0.000000
    endloop
  endfacet
  facet normal 0.000000 0.000000 -1.000000
    outer loop
      vertex 14.700326 -19.979521 0.000000
      vertex 13.009151 -16.831463 0.000000
      vertex 13.013861 -16.835604 0.000000
    endloop
  endfacet
  facet normal 0.000000 0.000000 -1.000000
    outer loop
      vertex 14.700326 -19.979521 0.000000
      vertex 12.844640 -16.680571 0.000000
      vertex 13.009151 -16.831463 0.000000
    endloop
  endfacet
  facet normal 0.000000 0.000000 -1.000000
    outer loop
      vertex 14.700326 -19.979521 0.000000
      vertex 12.839967 -16.676094 0.000000
      vertex 12.844640 -16.680571 0.000000
    endloop
  endfacet
  facet normal 0.000000 0.000000 -1.000000
    outer loop
      vertex 14.700326 -19.979521 0.000000
      vertex 12.826241 -16.662369 0.000000
      vertex 12.839967 -16.676094 0.000000
    endloop
  endfacet
  facet normal 0.000000 0.000000 -1.000000
    outer loop
      vertex 14.700326 -19.979521 0.000000
      vertex 12.821766 -16.657696 0.000000
      vertex 12.826241 -16.662369 0.000000
    endloop
  endfacet
  facet normal 0.138097 -0.694263 -0.706348
    outer loop
      vertex 14.182665 -20.082489 0.000000
      vertex 14.788596 -20.650000 0.676266
      vertex 14.334728 -20.650000 0.587530
    endloop
  endfacet
  facet normal 0.227536 -0.670297 -0.706349
    outer loop
      vertex 13.682872 -20.252146 0.000000
      vertex 14.311352 -20.650000 0.580000
      vertex 13.904828 -20.787996 0.580000
    endloop
  endfacet
  facet normal 0.227538 -0.670297 -0.706348
    outer loop
      vertex 14.182665 -20.082489 0.000000
      vertex 14.334728 -20.650000 0.587530
      vertex 14.311352 -20.650000 0.580000
    endloop
  endfacet
  facet normal 0.046296 -0.706349 -0.706348
    outer loop
      vertex 14.700326 -19.979521 0.000000
      vertex 15.226999 -20.650000 0.705000
      vertex 14.788596 -20.650000 0.676266
    endloop
  endfacet
  facet normal 0.588567 -0.393269 -0.706348
    outer loop
      vertex 12.234881 -22.252500 0.580000
      vertex 11.732587 -21.962500 0.000000
      vertex 12.485964 -21.876729 0.580000
    endloop
  endfacet
  facet normal 0.532201 -0.466727 -0.706349
    outer loop
      vertex 12.485964 -21.876729 0.580000
      vertex 12.025819 -21.523647 0.000000
      vertex 12.783945 -21.536946 0.580000
    endloop
  endfacet
  facet normal 0.466727 -0.532201 -0.706349
    outer loop
      vertex 12.373823 -21.126824 0.000000
      vertex 13.123729 -21.238964 0.580000
      vertex 12.783945 -21.536946 0.580000
    endloop
  endfacet
  facet normal 0.313081 -0.634864 -0.706348
    outer loop
      vertex 13.209499 -20.485588 0.000000
      vertex 13.904828 -20.787996 0.580000
      vertex 13.499499 -20.987883 0.580000
    endloop
  endfacet
  facet normal 0.393268 -0.588568 -0.706349
    outer loop
      vertex 12.770647 -20.778819 0.000000
      vertex 13.499499 -20.987883 0.580000
      vertex 13.123729 -21.238964 0.580000
    endloop
  endfacet
  facet normal 0.802558 0.596574 0.000000
    outer loop
      vertex 15.147973 -17.902540 0.000000
      vertex 15.134508 -17.884426 0.000000
      vertex 15.134508 -17.884426 1.000000
    endloop
  endfacet
  facet normal 0.817179 0.576385 0.000000
    outer loop
      vertex 15.134508 -17.884426 0.000000
      vertex 15.130171 -17.878277 0.000000
      vertex 15.130171 -17.878277 1.000000
    endloop
  endfacet
  facet normal 0.831469 0.555572 0.000000
    outer loop
      vertex 15.130171 -17.878277 0.000000
      vertex 15.062561 -17.777092 0.000000
      vertex 15.062561 -17.777092 1.000000
    endloop
  endfacet
  facet normal 0.793367 0.608744 0.000000
    outer loop
      vertex 15.062561 -17.777092 0.000000
      vertex 15.038672 -17.745958 0.000000
      vertex 15.038672 -17.745958 1.000000
    endloop
  endfacet
  facet normal 0.000000 0.000000 1.000000
    outer loop
      vertex 18.626999 -27.310000 0.580000
      vertex 17.968035 -26.083271 0.580000
      vertex 17.670053 -26.423054 0.580000
    endloop
  endfacet
  facet normal 0.000000 0.000000 1.000000
    outer loop
      vertex 12.783945 -26.423054 0.580000
      vertex 12.485964 -26.083271 0.580000
      vertex 12.026999 -27.310000 0.580000
    endloop
  endfacet
  facet normal 0.000000 0.000000 1.000000
    outer loop
      vertex 12.485964 -26.083271 0.580000
      vertex 12.234881 -25.707500 0.580000
      vertex 12.026999 -27.310000 0.580000
    endloop
  endfacet
  facet normal 0.000000 0.000000 1.000000
    outer loop
      vertex 18.626999 -20.650000 0.580000
      vertex 17.670053 -21.536946 0.580000
      vertex 17.968035 -21.876729 0.580000
    endloop
  endfacet
  facet normal 0.000000 0.000000 1.000000
    outer loop
      vertex 18.626999 -20.650000 0.580000
      vertex 17.330270 -21.238964 0.580000
      vertex 17.670053 -21.536946 0.580000
    endloop
  endfacet
  facet normal 0.000000 0.000000 1.000000
    outer loop
      vertex 18.626999 -20.650000 0.580000
      vertex 16.954499 -20.987883 0.580000
      vertex 17.330270 -21.238964 0.580000
    endloop
  endfacet
  facet normal 0.000000 0.000000 1.000000
    outer loop
      vertex 18.626999 -20.650000 0.580000
      vertex 16.549170 -20.787996 0.580000
      vertex 16.954499 -20.987883 0.580000
    endloop
  endfacet
  facet normal 0.000000 0.000000 1.000000
    outer loop
      vertex 18.626999 -20.650000 0.580000
      vertex 16.142647 -20.650000 0.580000
      vertex 16.549170 -20.787996 0.580000
    endloop
  endfacet
  facet normal -0.536306 0.844024 0.000000
    outer loop
      vertex 17.709777 -18.383593 0.000000
      vertex 17.703969 -18.387283 1.000000
      vertex 17.709777 -18.383593 1.000000
    endloop
  endfacet
  facet normal -0.516835 0.856085 0.000000
    outer loop
      vertex 17.703969 -18.387283 0.000000
      vertex 17.686299 -18.397951 1.000000
      vertex 17.703969 -18.387283 1.000000
    endloop
  endfacet
  facet normal -0.555574 0.831467 0.000000
    outer loop
      vertex 17.826541 -18.305573 0.000000
      vertex 17.709777 -18.383593 1.000000
      vertex 17.826541 -18.305573 1.000000
    endloop
  endfacet
  facet normal -0.497004 0.867748 0.000000
    outer loop
      vertex 17.686299 -18.397951 0.000000
      vertex 17.680328 -18.401371 1.000000
      vertex 17.686299 -18.397951 1.000000
    endloop
  endfacet
  facet normal -0.477027 0.878889 0.000000
    outer loop
      vertex 17.680328 -18.401371 0.000000
      vertex 17.473393 -18.513687 1.000000
      vertex 17.680328 -18.401371 1.000000
    endloop
  endfacet
  facet normal -0.448010 0.894028 0.000000
    outer loop
      vertex 17.473393 -18.513687 0.000000
      vertex 17.464620 -18.518084 1.000000
      vertex 17.473393 -18.513687 1.000000
    endloop
  endfacet
  facet normal -0.373515 0.927624 0.000000
    outer loop
      vertex 17.440123 -18.529373 0.000000
      vertex 17.426486 -18.534864 1.000000
      vertex 17.440123 -18.529373 1.000000
    endloop
  endfacet
  facet normal -0.327613 0.944812 0.000000
    outer loop
      vertex 17.426486 -18.534864 0.000000
      vertex 17.417244 -18.538069 1.000000
      vertex 17.426486 -18.534864 1.000000
    endloop
  endfacet
  facet normal -0.311960 0.950095 0.000000
    outer loop
      vertex 17.417244 -18.538069 0.000000
      vertex 17.412591 -18.539597 1.000000
      vertex 17.417244 -18.538069 1.000000
    endloop
  endfacet
  facet normal -0.418547 0.908195 0.000000
    outer loop
      vertex 17.464620 -18.518084 0.000000
      vertex 17.440123 -18.529373 1.000000
      vertex 17.464620 -18.518084 1.000000
    endloop
  endfacet
  facet normal -0.750031 0.661403 0.000000
    outer loop
      vertex 18.083441 -18.087757 0.000000
      vertex 18.076951 -18.095118 1.000000
      vertex 18.083441 -18.087757 1.000000
    endloop
  endfacet
  facet normal -0.727986 0.685592 0.000000
    outer loop
      vertex 18.076951 -18.095118 0.000000
      vertex 18.058320 -18.114901 1.000000
      vertex 18.076951 -18.095118 1.000000
    endloop
  endfacet
  facet normal -0.659335 0.751849 0.000000
    outer loop
      vertex 18.048031 -18.124830 0.000000
      vertex 18.041586 -18.130482 1.000000
      vertex 18.048031 -18.124830 1.000000
    endloop
  endfacet
  facet normal -0.648009 0.761633 0.000000
    outer loop
      vertex 18.041586 -18.130482 0.000000
      vertex 18.038163 -18.133394 1.000000
      vertex 18.041586 -18.130482 1.000000
    endloop
  endfacet
  facet normal -0.694440 0.719551 0.000000
    outer loop
      vertex 18.058320 -18.114901 0.000000
      vertex 18.048031 -18.124830 1.000000
      vertex 18.058320 -18.114901 1.000000
    endloop
  endfacet
  facet normal -0.636524 0.771257 0.000000
    outer loop
      vertex 18.038163 -18.133394 0.000000
      vertex 17.856894 -18.282997 1.000000
      vertex 18.038163 -18.133394 1.000000
    endloop
  endfacet
  facet normal -0.596812 0.802381 0.000000
    outer loop
      vertex 17.850937 -18.287664 0.000000
      vertex 17.832726 -18.301210 1.000000
      vertex 17.850937 -18.287664 1.000000
    endloop
  endfacet
  facet normal -0.616764 0.787149 0.000000
    outer loop
      vertex 17.856894 -18.282997 0.000000
      vertex 17.850937 -18.287664 1.000000
      vertex 17.856894 -18.282997 1.000000
    endloop
  endfacet
  facet normal -0.576406 0.817163 0.000000
    outer loop
      vertex 17.832726 -18.301210 0.000000
      vertex 17.826541 -18.305573 1.000000
      vertex 17.832726 -18.301210 1.000000
    endloop
  endfacet
  facet normal -0.271382 0.962472 0.000000
    outer loop
      vertex 17.183207 -18.610821 0.000000
      vertex 17.175651 -18.612951 1.000000
      vertex 17.183207 -18.610821 1.000000
    endloop
  endfacet
  facet normal -0.246103 0.969244 0.000000
    outer loop
      vertex 17.175651 -18.612951 0.000000
      vertex 17.152830 -18.618746 1.000000
      vertex 17.175651 -18.612951 1.000000
    endloop
  endfacet
  facet normal -0.220826 0.975313 0.000000
    outer loop
      vertex 17.152830 -18.618746 0.000000
      vertex 17.145173 -18.620480 1.000000
      vertex 17.152830 -18.618746 1.000000
    endloop
  endfacet
  facet normal -0.195083 0.980787 0.000000
    outer loop
      vertex 17.145173 -18.620480 0.000000
      vertex 17.008938 -18.647577 1.000000
      vertex 17.145173 -18.620480 1.000000
    endloop
  endfacet
  facet normal -0.296536 0.955022 0.000000
    outer loop
      vertex 17.412591 -18.539597 0.000000
      vertex 17.183207 -18.610821 1.000000
      vertex 17.412591 -18.539597 1.000000
    endloop
  endfacet
  facet normal -0.123839 0.992302 0.000000
    outer loop
      vertex 16.980455 -18.652008 0.000000
      vertex 16.973303 -18.652901 1.000000
      vertex 16.980455 -18.652008 1.000000
    endloop
  endfacet
  facet normal -0.171464 0.985190 0.000000
    outer loop
      vertex 17.008938 -18.647577 0.000000
      vertex 17.001836 -18.648813 1.000000
      vertex 17.008938 -18.647577 1.000000
    endloop
  endfacet
  facet normal -0.147783 0.989020 0.000000
    outer loop
      vertex 17.001836 -18.648813 0.000000
      vertex 16.980455 -18.652008 1.000000
      vertex 17.001836 -18.648813 1.000000
    endloop
  endfacet
  facet normal -0.100051 0.994982 0.000000
    outer loop
      vertex 16.973303 -18.652901 0.000000
      vertex 16.726908 -18.677677 1.000000
      vertex 16.973303 -18.652901 1.000000
    endloop
  endfacet
  facet normal -0.067448 0.997723 0.000000
    outer loop
      vertex 16.726908 -18.677677 0.000000
      vertex 16.717118 -18.678339 1.000000
      vertex 16.726908 -18.677677 1.000000
    endloop
  endfacet
  facet normal -0.034779 0.999395 0.000000
    outer loop
      vertex 16.717118 -18.678339 0.000000
      vertex 16.690316 -18.679272 1.000000
      vertex 16.717118 -18.678339 1.000000
    endloop
  endfacet
  facet normal 0.015374 0.999882 -0.000000
    outer loop
      vertex 16.690316 -18.679272 0.000000
      vertex 16.675306 -18.679041 1.000000
      vertex 16.690316 -18.679272 1.000000
    endloop
  endfacet
  facet normal 0.065326 0.997864 -0.000000
    outer loop
      vertex 16.675306 -18.679041 0.000000
      vertex 16.664614 -18.678341 1.000000
      vertex 16.675306 -18.679041 1.000000
    endloop
  endfacet
  facet normal 0.082742 0.996571 -0.000000
    outer loop
      vertex 16.664614 -18.678341 0.000000
      vertex 16.659422 -18.677910 1.000000
      vertex 16.664614 -18.678341 1.000000
    endloop
  endfacet
  facet normal 0.099983 0.994989 -0.000000
    outer loop
      vertex 16.659422 -18.677910 0.000000
      vertex 16.410541 -18.652901 1.000000
      vertex 16.659422 -18.677910 1.000000
    endloop
  endfacet
  facet normal 0.123750 0.992313 -0.000000
    outer loop
      vertex 16.410541 -18.652901 0.000000
      vertex 16.403383 -18.652008 1.000000
      vertex 16.410541 -18.652901 1.000000
    endloop
  endfacet
  facet normal 0.147680 0.989035 -0.000000
    outer loop
      vertex 16.403383 -18.652008 0.000000
      vertex 16.381987 -18.648813 1.000000
      vertex 16.403383 -18.652008 1.000000
    endloop
  endfacet
  facet normal 0.171587 0.985169 -0.000000
    outer loop
      vertex 16.381987 -18.648813 0.000000
      vertex 16.374880 -18.647575 1.000000
      vertex 16.381987 -18.648813 1.000000
    endloop
  endfacet
  facet normal 0.195088 0.980786 -0.000000
    outer loop
      vertex 16.374880 -18.647575 0.000000
      vertex 16.238658 -18.620480 1.000000
      vertex 16.374880 -18.647575 1.000000
    endloop
  endfacet
  facet normal 0.220813 0.975316 -0.000000
    outer loop
      vertex 16.238658 -18.620480 0.000000
      vertex 16.231000 -18.618746 1.000000
      vertex 16.238658 -18.620480 1.000000
    endloop
  endfacet
  facet normal 0.246103 0.969244 -0.000000
    outer loop
      vertex 16.231000 -18.618746 0.000000
      vertex 16.208179 -18.612951 1.000000
      vertex 16.231000 -18.618746 1.000000
    endloop
  endfacet
  facet normal 0.271382 0.962472 -0.000000
    outer loop
      vertex 16.208179 -18.612951 0.000000
      vertex 16.200624 -18.610821 1.000000
      vertex 16.208179 -18.612951 1.000000
    endloop
  endfacet
  facet normal 0.296540 0.955021 -0.000000
    outer loop
      vertex 16.200624 -18.610821 0.000000
      vertex 15.973589 -18.540325 1.000000
      vertex 16.200624 -18.610821 1.000000
    endloop
  endfacet
  facet normal 0.327518 0.944845 -0.000000
    outer loop
      vertex 15.973589 -18.540325 0.000000
      vertex 15.964317 -18.537111 1.000000
      vertex 15.973589 -18.540325 1.000000
    endloop
  endfacet
  facet normal 0.358370 0.933580 -0.000000
    outer loop
      vertex 15.964317 -18.537111 0.000000
      vertex 15.939136 -18.527445 1.000000
      vertex 15.964317 -18.537111 1.000000
    endloop
  endfacet
  facet normal 0.403754 0.914868 -0.000000
    outer loop
      vertex 15.939136 -18.527445 0.000000
      vertex 15.925686 -18.521509 1.000000
      vertex 15.939136 -18.527445 1.000000
    endloop
  endfacet
  facet normal 0.447955 0.894056 -0.000000
    outer loop
      vertex 15.925686 -18.521509 0.000000
      vertex 15.916942 -18.517128 1.000000
      vertex 15.925686 -18.521509 1.000000
    endloop
  endfacet
  facet normal 0.462646 0.886543 -0.000000
    outer loop
      vertex 15.916942 -18.517128 0.000000
      vertex 15.912600 -18.514862 1.000000
      vertex 15.916942 -18.517128 1.000000
    endloop
  endfacet
  facet normal 0.477031 0.878886 -0.000000
    outer loop
      vertex 15.912600 -18.514862 0.000000
      vertex 15.703503 -18.401371 1.000000
      vertex 15.912600 -18.514862 1.000000
    endloop
  endfacet
  facet normal 0.497004 0.867748 -0.000000
    outer loop
      vertex 15.703503 -18.401371 0.000000
      vertex 15.697532 -18.397951 1.000000
      vertex 15.703503 -18.401371 1.000000
    endloop
  endfacet
  facet normal 0.516845 0.856079 -0.000000
    outer loop
      vertex 15.697532 -18.397951 0.000000
      vertex 15.679862 -18.387283 1.000000
      vertex 15.697532 -18.397951 1.000000
    endloop
  endfacet
  facet normal 0.536275 0.844044 -0.000000
    outer loop
      vertex 15.679862 -18.387283 0.000000
      vertex 15.674053 -18.383593 1.000000
      vertex 15.679862 -18.387283 1.000000
    endloop
  endfacet
  facet normal 0.555574 0.831467 -0.000000
    outer loop
      vertex 15.674053 -18.383593 0.000000
      vertex 15.557289 -18.305573 1.000000
      vertex 15.674053 -18.383593 1.000000
    endloop
  endfacet
  facet normal 0.576376 0.817184 -0.000000
    outer loop
      vertex 15.557289 -18.305573 0.000000
      vertex 15.551105 -18.301210 1.000000
      vertex 15.557289 -18.305573 1.000000
    endloop
  endfacet
  facet normal 0.596822 0.802374 -0.000000
    outer loop
      vertex 15.551105 -18.301210 0.000000
      vertex 15.532893 -18.287664 1.000000
      vertex 15.551105 -18.301210 1.000000
    endloop
  endfacet
  facet normal 0.616764 0.787149 -0.000000
    outer loop
      vertex 15.532893 -18.287664 0.000000
      vertex 15.526937 -18.282997 1.000000
      vertex 15.532893 -18.287664 1.000000
    endloop
  endfacet
  facet normal 0.636523 0.771258 -0.000000
    outer loop
      vertex 15.526937 -18.282997 0.000000
      vertex 15.347786 -18.135143 1.000000
      vertex 15.526937 -18.282997 1.000000
    endloop
  endfacet
  facet normal 0.661451 0.749988 -0.000000
    outer loop
      vertex 15.347786 -18.135143 0.000000
      vertex 15.340426 -18.128653 1.000000
      vertex 15.347786 -18.135143 1.000000
    endloop
  endfacet
  facet normal 0.685612 0.727967 -0.000000
    outer loop
      vertex 15.340426 -18.128653 0.000000
      vertex 15.320659 -18.110035 1.000000
      vertex 15.340426 -18.128653 1.000000
    endloop
  endfacet
  facet normal 0.719662 0.694325 -0.000000
    outer loop
      vertex 15.320659 -18.110035 0.000000
      vertex 15.310701 -18.099714 1.000000
      vertex 15.320659 -18.110035 1.000000
    endloop
  endfacet
  facet normal 0.751965 0.659203 -0.000000
    outer loop
      vertex 15.310701 -18.099714 0.000000
      vertex 15.304968 -18.093174 1.000000
      vertex 15.310701 -18.099714 1.000000
    endloop
  endfacet
  facet normal 0.761877 0.647722 -0.000000
    outer loop
      vertex 15.304968 -18.093174 0.000000
      vertex 15.302030 -18.089718 1.000000
      vertex 15.304968 -18.093174 1.000000
    endloop
  endfacet
  facet normal 0.771615 0.636090 -0.000000
    outer loop
      vertex 15.302030 -18.089718 0.000000
      vertex 15.152613 -17.908466 1.000000
      vertex 15.302030 -18.089718 1.000000
    endloop
  endfacet
  facet normal 0.787390 0.616455 -0.000000
    outer loop
      vertex 15.152613 -17.908466 0.000000
      vertex 15.147973 -17.902540 1.000000
      vertex 15.152613 -17.908466 1.000000
    endloop
  endfacet
  facet normal 0.802558 0.596574 -0.000000
    outer loop
      vertex 15.147973 -17.902540 0.000000
      vertex 15.134508 -17.884426 1.000000
      vertex 15.147973 -17.902540 1.000000
    endloop
  endfacet
  facet normal 0.000000 -1.000000 0.000000
    outer loop
      vertex 18.626999 -20.650000 0.580000
      vertex 18.626999 -20.650000 1.476000
      vertex 16.142647 -20.650000 0.580000
    endloop
  endfacet
  facet normal 0.000000 -1.000000 0.000000
    outer loop
      vertex 16.142647 -20.650000 0.580000
      vertex 18.626999 -20.650000 1.476000
      vertex 16.119270 -20.650000 0.587530
    endloop
  endfacet
  facet normal 0.000000 -1.000000 0.000000
    outer loop
      vertex 16.119270 -20.650000 0.587530
      vertex 18.626999 -20.650000 1.476000
      vertex 15.665402 -20.650000 0.676266
    endloop
  endfacet
  facet normal -0.000000 -1.000000 0.000000
    outer loop
      vertex 14.788596 -20.650000 0.676266
      vertex 18.626999 -20.650000 1.476000
      vertex 14.334728 -20.650000 0.587530
    endloop
  endfacet
  facet normal 0.000000 -1.000000 0.000000
    outer loop
      vertex 15.665402 -20.650000 0.676266
      vertex 18.626999 -20.650000 1.476000
      vertex 15.226999 -20.650000 0.705000
    endloop
  endfacet
  facet normal -0.000000 -1.000000 0.000000
    outer loop
      vertex 15.226999 -20.650000 0.705000
      vertex 18.626999 -20.650000 1.476000
      vertex 14.788596 -20.650000 0.676266
    endloop
  endfacet
  facet normal -0.000000 0.000000 -1.000000
    outer loop
      vertex 17.464620 -18.518084 1.000000
      vertex 17.440123 -18.529373 1.000000
      vertex 15.238873 -16.291086 1.000000
    endloop
  endfacet
  facet normal -0.000000 0.000000 -1.000000
    outer loop
      vertex 17.473393 -18.513687 1.000000
      vertex 17.464620 -18.518084 1.000000
      vertex 15.238873 -16.291086 1.000000
    endloop
  endfacet
  facet normal -0.000000 0.000000 -1.000000
    outer loop
      vertex 17.426486 -18.534864 1.000000
      vertex 17.417244 -18.538069 1.000000
      vertex 15.238873 -16.291086 1.000000
    endloop
  endfacet
  facet normal -0.000000 0.000000 -1.000000
    outer loop
      vertex 17.417244 -18.538069 1.000000
      vertex 17.412591 -18.539597 1.000000
      vertex 15.238873 -16.291086 1.000000
    endloop
  endfacet
  facet normal -0.000000 0.000000 -1.000000
    outer loop
      vertex 17.440123 -18.529373 1.000000
      vertex 17.426486 -18.534864 1.000000
      vertex 15.238873 -16.291086 1.000000
    endloop
  endfacet
  facet normal 0.000000 0.000000 -1.000000
    outer loop
      vertex 17.183207 -18.610821 1.000000
      vertex 15.238873 -16.291086 1.000000
      vertex 17.412591 -18.539597 1.000000
    endloop
  endfacet
  facet normal -0.000000 0.000000 -1.000000
    outer loop
      vertex 17.175651 -18.612951 1.000000
      vertex 17.152830 -18.618746 1.000000
      vertex 15.238873 -16.291086 1.000000
    endloop
  endfacet
  facet normal -0.000000 0.000000 -1.000000
    outer loop
      vertex 17.183207 -18.610821 1.000000
      vertex 17.175651 -18.612951 1.000000
      vertex 15.238873 -16.291086 1.000000
    endloop
  endfacet
  facet normal -0.000000 0.000000 -1.000000
    outer loop
      vertex 17.152830 -18.618746 1.000000
      vertex 17.145173 -18.620480 1.000000
      vertex 15.238873 -16.291086 1.000000
    endloop
  endfacet
  facet normal -0.000000 0.000000 -1.000000
    outer loop
      vertex 17.145173 -18.620480 1.000000
      vertex 17.008938 -18.647577 1.000000
      vertex 15.238873 -16.291086 1.000000
    endloop
  endfacet
  facet normal -0.000000 0.000000 -1.000000
    outer loop
      vertex 17.008938 -18.647577 1.000000
      vertex 17.001836 -18.648813 1.000000
      vertex 15.238873 -16.291086 1.000000
    endloop
  endfacet
  facet normal 0.000000 0.000000 -1.000000
    outer loop
      vertex 16.980455 -18.652008 1.000000
      vertex 15.238873 -16.291086 1.000000
      vertex 17.001836 -18.648813 1.000000
    endloop
  endfacet
  facet normal -0.000000 0.000000 -1.000000
    outer loop
      vertex 16.980455 -18.652008 1.000000
      vertex 16.973303 -18.652901 1.000000
      vertex 15.238873 -16.291086 1.000000
    endloop
  endfacet
  facet normal -0.000000 0.000000 -1.000000
    outer loop
      vertex 16.973303 -18.652901 1.000000
      vertex 16.726908 -18.677677 1.000000
      vertex 14.514525 -16.655300 1.000000
    endloop
  endfacet
  facet normal -0.000000 0.000000 -1.000000
    outer loop
      vertex 16.726908 -18.677677 1.000000
      vertex 16.717118 -18.678339 1.000000
      vertex 14.514525 -16.655300 1.000000
    endloop
  endfacet
  facet normal -0.000000 0.000000 -1.000000
    outer loop
      vertex 16.717118 -18.678339 1.000000
      vertex 16.690316 -18.679272 1.000000
      vertex 14.514525 -16.655300 1.000000
    endloop
  endfacet
  facet normal 0.000000 0.000000 -1.000000
    outer loop
      vertex 16.690316 -18.679272 1.000000
      vertex 16.675306 -18.679041 1.000000
      vertex 14.514525 -16.655300 1.000000
    endloop
  endfacet
  facet normal 0.000000 0.000000 -1.000000
    outer loop
      vertex 16.675306 -18.679041 1.000000
      vertex 16.664614 -18.678341 1.000000
      vertex 14.514525 -16.655300 1.000000
    endloop
  endfacet
  facet normal 0.000000 0.000000 -1.000000
    outer loop
      vertex 16.664614 -18.678341 1.000000
      vertex 16.659422 -18.677910 1.000000
      vertex 14.514525 -16.655300 1.000000
    endloop
  endfacet
  facet normal 0.000000 0.000000 -1.000000
    outer loop
      vertex 16.659422 -18.677910 1.000000
      vertex 16.410541 -18.652901 1.000000
      vertex 14.384858 -16.614918 1.000000
    endloop
  endfacet
  facet normal 0.000000 0.000000 -1.000000
    outer loop
      vertex 16.410541 -18.652901 1.000000
      vertex 16.403383 -18.652008 1.000000
      vertex 14.384858 -16.614918 1.000000
    endloop
  endfacet
  facet normal 0.000000 0.000000 -1.000000
    outer loop
      vertex 16.403383 -18.652008 1.000000
      vertex 16.381987 -18.648813 1.000000
      vertex 14.384858 -16.614918 1.000000
    endloop
  endfacet
  facet normal 0.000000 0.000000 -1.000000
    outer loop
      vertex 16.381987 -18.648813 1.000000
      vertex 16.374880 -18.647575 1.000000
      vertex 14.384858 -16.614918 1.000000
    endloop
  endfacet
  facet normal 0.000000 0.000000 -1.000000
    outer loop
      vertex 16.374880 -18.647575 1.000000
      vertex 16.238658 -18.620480 1.000000
      vertex 14.384858 -16.614918 1.000000
    endloop
  endfacet
  facet normal 0.000000 0.000000 -1.000000
    outer loop
      vertex 16.238658 -18.620480 1.000000
      vertex 16.231000 -18.618746 1.000000
      vertex 14.384858 -16.614918 1.000000
    endloop
  endfacet
  facet normal 0.000000 0.000000 -1.000000
    outer loop
      vertex 16.231000 -18.618746 1.000000
      vertex 16.208179 -18.612951 1.000000
      vertex 14.384858 -16.614918 1.000000
    endloop
  endfacet
  facet normal 0.000000 0.000000 -1.000000
    outer loop
      vertex 16.208179 -18.612951 1.000000
      vertex 16.200624 -18.610821 1.000000
      vertex 14.384858 -16.614918 1.000000
    endloop
  endfacet
  facet normal 0.000000 0.000000 -1.000000
    outer loop
      vertex 15.526937 -18.282997 1.000000
      vertex 15.347786 -18.135143 1.000000
      vertex 15.152613 -17.908466 1.000000
    endloop
  endfacet
  facet normal 0.000000 0.000000 -1.000000
    outer loop
      vertex 15.340426 -18.128653 1.000000
      vertex 15.320659 -18.110035 1.000000
      vertex 15.310701 -18.099714 1.000000
    endloop
  endfacet
  facet normal 0.000000 0.000000 -1.000000
    outer loop
      vertex 15.340426 -18.128653 1.000000
      vertex 15.310701 -18.099714 1.000000
      vertex 15.304968 -18.093174 1.000000
    endloop
  endfacet
  facet normal 0.000000 0.000000 -1.000000
    outer loop
      vertex 15.340426 -18.128653 1.000000
      vertex 15.304968 -18.093174 1.000000
      vertex 15.302030 -18.089718 1.000000
    endloop
  endfacet
  facet normal 0.000000 0.000000 -1.000000
    outer loop
      vertex 15.347786 -18.135143 1.000000
      vertex 15.340426 -18.128653 1.000000
      vertex 15.152613 -17.908466 1.000000
    endloop
  endfacet
  facet normal 0.000000 0.000000 -1.000000
    outer loop
      vertex 15.340426 -18.128653 1.000000
      vertex 15.302030 -18.089718 1.000000
      vertex 15.152613 -17.908466 1.000000
    endloop
  endfacet
  facet normal 0.000000 0.000000 -1.000000
    outer loop
      vertex 15.526937 -18.282997 1.000000
      vertex 15.152613 -17.908466 1.000000
      vertex 15.147973 -17.902540 1.000000
    endloop
  endfacet
  facet normal 0.000000 0.000000 -1.000000
    outer loop
      vertex 16.200624 -18.610821 1.000000
      vertex 15.973589 -18.540325 1.000000
      vertex 14.384858 -16.614918 1.000000
    endloop
  endfacet
  facet normal 0.000000 0.000000 -1.000000
    outer loop
      vertex 15.973589 -18.540325 1.000000
      vertex 15.964317 -18.537111 1.000000
      vertex 14.384858 -16.614918 1.000000
    endloop
  endfacet
  facet normal 0.000000 0.000000 -1.000000
    outer loop
      vertex 15.964317 -18.537111 1.000000
      vertex 15.939136 -18.527445 1.000000
      vertex 14.384858 -16.614918 1.000000
    endloop
  endfacet
  facet normal 0.000000 0.000000 -1.000000
    outer loop
      vertex 15.939136 -18.527445 1.000000
      vertex 15.925686 -18.521509 1.000000
      vertex 14.384858 -16.614918 1.000000
    endloop
  endfacet
  facet normal 0.000000 0.000000 -1.000000
    outer loop
      vertex 15.925686 -18.521509 1.000000
      vertex 15.916942 -18.517128 1.000000
      vertex 14.384858 -16.614918 1.000000
    endloop
  endfacet
  facet normal 0.000000 0.000000 -1.000000
    outer loop
      vertex 15.916942 -18.517128 1.000000
      vertex 15.912600 -18.514862 1.000000
      vertex 14.384858 -16.614918 1.000000
    endloop
  endfacet
  facet normal 0.000000 0.000000 -1.000000
    outer loop
      vertex 15.912600 -18.514862 1.000000
      vertex 15.703503 -18.401371 1.000000
      vertex 14.384858 -16.614918 1.000000
    endloop
  endfacet
  facet normal 0.000000 0.000000 -1.000000
    outer loop
      vertex 15.526937 -18.282997 1.000000
      vertex 15.147973 -17.902540 1.000000
      vertex 15.134508 -17.884426 1.000000
    endloop
  endfacet
  facet normal 0.000000 0.000000 -1.000000
    outer loop
      vertex 15.526937 -18.282997 1.000000
      vertex 15.134508 -17.884426 1.000000
      vertex 15.130171 -17.878277 1.000000
    endloop
  endfacet
  facet normal 0.000000 0.000000 -1.000000
    outer loop
      vertex 15.526937 -18.282997 1.000000
      vertex 15.130171 -17.878277 1.000000
      vertex 15.062561 -17.777092 1.000000
    endloop
  endfacet
  facet normal 0.000000 0.000000 -1.000000
    outer loop
      vertex 15.526937 -18.282997 1.000000
      vertex 15.062561 -17.777092 1.000000
      vertex 15.038672 -17.745958 1.000000
    endloop
  endfacet
  facet normal 0.000000 0.000000 -1.000000
    outer loop
      vertex 15.703503 -18.401371 1.000000
      vertex 15.697532 -18.397951 1.000000
      vertex 14.384858 -16.614918 1.000000
    endloop
  endfacet
  facet normal 0.000000 0.000000 -1.000000
    outer loop
      vertex 15.697532 -18.397951 1.000000
      vertex 15.679862 -18.387283 1.000000
      vertex 14.384858 -16.614918 1.000000
    endloop
  endfacet
  facet normal 0.000000 0.000000 -1.000000
    outer loop
      vertex 15.679862 -18.387283 1.000000
      vertex 15.674053 -18.383593 1.000000
      vertex 14.384858 -16.614918 1.000000
    endloop
  endfacet
  facet normal 0.000000 0.000000 -1.000000
    outer loop
      vertex 15.674053 -18.383593 1.000000
      vertex 15.557289 -18.305573 1.000000
      vertex 14.384858 -16.614918 1.000000
    endloop
  endfacet
  facet normal 0.000000 0.000000 1.000000
    outer loop
      vertex 13.123729 -21.238964 0.580000
      vertex 12.026999 -20.650000 0.580000
      vertex 12.783945 -21.536946 0.580000
    endloop
  endfacet
  facet normal 0.000000 -0.000000 1.000000
    outer loop
      vertex 12.234881 -22.252500 0.580000
      vertex 12.485964 -21.876729 0.580000
      vertex 12.026999 -20.650000 0.580000
    endloop
  endfacet
  facet normal 0.000000 -0.000000 1.000000
    outer loop
      vertex 12.485964 -21.876729 0.580000
      vertex 12.783945 -21.536946 0.580000
      vertex 12.026999 -20.650000 0.580000
    endloop
  endfacet
  facet normal 0.000000 -1.000000 0.000000
    outer loop
      vertex 14.311352 -20.650000 0.580000
      vertex 14.334728 -20.650000 0.587530
      vertex 12.026999 -20.650000 0.580000
    endloop
  endfacet
  facet normal 0.000000 0.000000 1.000000
    outer loop
      vertex 14.311352 -20.650000 0.580000
      vertex 12.026999 -20.650000 0.580000
      vertex 13.904828 -20.787996 0.580000
    endloop
  endfacet
  facet normal 0.000000 0.000000 1.000000
    outer loop
      vertex 13.904828 -20.787996 0.580000
      vertex 12.026999 -20.650000 0.580000
      vertex 13.499499 -20.987883 0.580000
    endloop
  endfacet
  facet normal 0.000000 -0.000000 1.000000
    outer loop
      vertex 13.123729 -21.238964 0.580000
      vertex 13.499499 -20.987883 0.580000
      vertex 12.026999 -20.650000 0.580000
    endloop
  endfacet
  facet normal 0.817179 0.576385 -0.000000
    outer loop
      vertex 15.134508 -17.884426 0.000000
      vertex 15.130171 -17.878277 1.000000
      vertex 15.134508 -17.884426 1.000000
    endloop
  endfacet
  facet normal 0.831469 0.555572 -0.000000
    outer loop
      vertex 15.130171 -17.878277 0.000000
      vertex 15.062561 -17.777092 1.000000
      vertex 15.130171 -17.878277 1.000000
    endloop
  endfacet
  facet normal 0.793367 0.608744 -0.000000
    outer loop
      vertex 15.062561 -17.777092 0.000000
      vertex 15.038672 -17.745958 1.000000
      vertex 15.062561 -17.777092 1.000000
    endloop
  endfacet
  facet normal -0.000000 -1.000000 0.000000
    outer loop
      vertex 14.334728 -20.650000 0.587530
      vertex 18.626999 -20.650000 1.476000
      vertex 12.026999 -20.650000 0.580000
    endloop
  endfacet
  facet normal 0.000000 0.000000 1.000000
    outer loop
      vertex 24.226999 -35.500000 2.000000
      vertex 21.026999 -29.000000 2.000000
      vertex 21.026999 -34.500000 2.000000
    endloop
  endfacet
  facet normal 0.000000 0.000000 1.000000
    outer loop
      vertex 24.226999 -35.500000 2.000000
      vertex 21.026999 -34.500000 2.000000
      vertex 12.226999 -34.500000 2.000000
    endloop
  endfacet
  facet normal 0.000000 0.000000 1.000000
    outer loop
      vertex 24.226999 -35.500000 2.000000
      vertex 18.626999 -20.696573 2.000000
      vertex 21.026999 -29.000000 2.000000
    endloop
  endfacet
  facet normal 0.000000 1.000000 -0.000000
    outer loop
      vertex 18.626999 -27.310000 0.580000
      vertex 12.026999 -27.310000 2.000000
      vertex 18.626999 -27.310000 2.000000
    endloop
  endfacet
  facet normal 0.000000 1.000000 0.000000
    outer loop
      vertex 15.665402 -27.310000 0.676266
      vertex 15.226999 -27.310000 0.705000
      vertex 12.026999 -27.310000 2.000000
    endloop
  endfacet
  facet normal 0.000000 1.000000 0.000000
    outer loop
      vertex 15.226999 -27.310000 0.705000
      vertex 14.788596 -27.310000 0.676266
      vertex 12.026999 -27.310000 2.000000
    endloop
  endfacet
  facet normal -1.000000 0.000000 0.000000
    outer loop
      vertex 12.226999 -34.500000 2.000000
      vertex 12.226999 -32.300000 2.456407
      vertex 12.226999 -32.300000 2.000000
    endloop
  endfacet
  facet normal 0.000000 0.000000 1.000000
    outer loop
      vertex 21.026999 -29.000000 2.000000
      vertex 18.626999 -27.310000 2.000000
      vertex 12.226999 -29.000000 2.000000
    endloop
  endfacet
  facet normal -1.000000 0.000000 0.000000
    outer loop
      vertex 12.226999 -30.700000 2.000000
      vertex 12.226999 -30.700000 2.745082
      vertex 12.226999 -29.000000 2.000000
    endloop
  endfacet
  facet normal 0.000000 0.000000 1.000000
    outer loop
      vertex 18.626999 -27.310000 2.000000
      vertex 12.026999 -27.310000 2.000000
      vertex 12.226999 -29.000000 2.000000
    endloop
  endfacet
  facet normal -1.000000 0.000000 0.000000
    outer loop
      vertex 18.626999 -27.310000 0.580000
      vertex 18.626999 -24.597744 1.662923
      vertex 18.626999 -23.975343 1.296000
    endloop
  endfacet
  facet normal -1.000000 0.000000 0.000000
    outer loop
      vertex 18.626999 -23.975343 1.296000
      vertex 18.626999 -22.770000 1.476000
      vertex 18.626999 -22.770000 1.343773
    endloop
  endfacet
  facet normal -1.000000 0.000000 0.000000
    outer loop
      vertex 18.626999 -27.310000 0.580000
      vertex 18.626999 -27.310000 2.000000
      vertex 18.626999 -24.597744 1.662923
    endloop
  endfacet
  facet normal -1.000000 0.000000 0.000000
    outer loop
      vertex 18.626999 -23.975343 1.296000
      vertex 18.626999 -24.597744 1.662923
      vertex 18.626999 -22.770000 1.554805
    endloop
  endfacet
  facet normal -1.000000 0.000000 0.000000
    outer loop
      vertex 18.626999 -23.975343 1.296000
      vertex 18.626999 -22.770000 1.554805
      vertex 18.626999 -22.770000 1.476000
    endloop
  endfacet
  facet normal -1.000000 0.000000 0.000000
    outer loop
      vertex 18.626999 -20.650000 0.580000
      vertex 18.626999 -22.770000 1.343773
      vertex 18.626999 -20.650000 1.476000
    endloop
  endfacet
  facet normal -1.000000 0.000000 0.000000
    outer loop
      vertex 18.626999 -22.770000 1.343773
      vertex 18.626999 -22.770000 1.476000
      vertex 18.626999 -20.650000 1.476000
    endloop
  endfacet
  facet normal -1.000000 0.000000 0.000000
    outer loop
      vertex 18.626999 -22.770000 1.476000
      vertex 18.626999 -22.770000 1.554805
      vertex 18.626999 -20.650000 1.476000
    endloop
  endfacet
  facet normal -1.000000 0.000000 0.000000
    outer loop
      vertex 18.626999 -22.770000 1.554805
      vertex 18.626999 -20.696573 2.000000
      vertex 18.626999 -20.650000 1.476000
    endloop
  endfacet
  facet normal -1.000000 0.000000 0.000000
    outer loop
      vertex 18.626999 -20.650000 1.476000
      vertex 18.626999 -20.696573 2.000000
      vertex 18.626999 -18.629999 1.476000
    endloop
  endfacet
  facet normal 0.000000 0.000000 1.000000
    outer loop
      vertex 24.226999 -35.500000 2.000000
      vertex 23.726999 -16.299999 2.000000
      vertex 21.026999 -22.000000 2.000000
    endloop
  endfacet
  facet normal 0.000000 0.000000 1.000000
    outer loop
      vertex 24.226999 -35.500000 2.000000
      vertex 21.026999 -22.000000 2.000000
      vertex 19.426999 -22.000000 2.000000
    endloop
  endfacet
  facet normal -1.000000 0.000000 0.000000
    outer loop
      vertex 18.626999 -27.310000 2.000000
      vertex 18.626999 -22.770000 1.554805
      vertex 18.626999 -24.597744 1.662923
    endloop
  endfacet
  facet normal -1.000000 0.000000 0.000000
    outer loop
      vertex 18.626999 -27.310000 2.000000
      vertex 18.626999 -20.696573 2.000000
      vertex 18.626999 -22.770000 1.554805
    endloop
  endfacet
  facet normal 0.000000 0.000000 1.000000
    outer loop
      vertex 24.226999 -35.500000 2.000000
      vertex 19.426999 -22.000000 2.000000
      vertex 18.626999 -20.696573 2.000000
    endloop
  endfacet
  facet normal 0.000000 0.000000 1.000000
    outer loop
      vertex 21.026999 -29.000000 2.000000
      vertex 18.626999 -20.696573 2.000000
      vertex 18.626999 -27.310000 2.000000
    endloop
  endfacet
  facet normal 0.000000 0.000000 1.000000
    outer loop
      vertex 24.226999 -35.500000 2.000000
      vertex 23.726999 -14.700001 2.000000
      vertex 23.726999 -16.299999 2.000000
    endloop
  endfacet
  facet normal 0.000000 0.000000 1.000000
    outer loop
      vertex 24.226999 -35.500000 2.000000
      vertex 23.726999 -8.299999 2.000000
      vertex 23.726999 -14.700001 2.000000
    endloop
  endfacet
  facet normal 0.000000 0.000000 1.000000
    outer loop
      vertex 21.026999 -22.000000 2.000000
      vertex 23.726999 -16.299999 2.000000
      vertex 21.026999 -16.299999 2.000000
    endloop
  endfacet
  facet normal -1.000000 0.000000 0.000000
    outer loop
      vertex 18.626999 -18.629999 1.476000
      vertex 18.626999 -20.696573 2.000000
      vertex 18.626999 -18.629999 2.000000
    endloop
  endfacet
  facet normal 0.000000 0.000000 1.000000
    outer loop
      vertex 19.426999 -22.000000 2.000000
      vertex 18.626999 -18.629999 2.000000
      vertex 18.626999 -20.696573 2.000000
    endloop
  endfacet
  facet normal 0.000000 -0.000000 1.000000
    outer loop
      vertex 19.426999 -22.000000 2.000000
      vertex 19.426999 -16.299999 2.000000
      vertex 18.626999 -18.629999 2.000000
    endloop
  endfacet
  facet normal 0.000000 -0.000000 1.000000
    outer loop
      vertex 18.626999 -20.650000 1.476000
      vertex 18.626999 -18.629999 1.476000
      vertex 12.327000 -18.629999 1.476000
    endloop
  endfacet
  facet normal 0.000000 -1.000000 0.000000
    outer loop
      vertex 18.626999 -18.629999 1.476000
      vertex 18.626999 -18.629999 2.000000
      vertex 12.327000 -18.629999 1.476000
    endloop
  endfacet
  facet normal -0.000000 -1.000000 0.000000
    outer loop
      vertex 18.626999 -20.650000 1.476000
      vertex 12.327000 -20.650000 1.476000
      vertex 12.026999 -20.650000 0.580000
    endloop
  endfacet
  facet normal -0.000000 -1.000000 0.000000
    outer loop
      vertex 12.327000 -20.650000 1.476000
      vertex 12.026999 -20.650000 2.000000
      vertex 12.026999 -20.650000 0.580000
    endloop
  endfacet
  facet normal 0.000000 0.000000 1.000000
    outer loop
      vertex 18.626999 -20.650000 1.476000
      vertex 12.327000 -18.629999 1.476000
      vertex 12.327000 -20.650000 1.476000
    endloop
  endfacet
  facet normal 1.000000 0.000000 0.000000
    outer loop
      vertex 12.327000 -20.650000 1.476000
      vertex 12.327000 -18.629999 1.476000
      vertex 12.327000 -18.629999 2.000000
    endloop
  endfacet
  facet normal 0.000000 0.000000 1.000000
    outer loop
      vertex 18.626999 -18.629999 2.000000
      vertex 14.726999 -16.299999 2.000000
      vertex 12.327000 -18.629999 2.000000
    endloop
  endfacet
  facet normal 0.000000 -1.000000 0.000000
    outer loop
      vertex 12.327000 -20.650000 1.476000
      vertex 12.327000 -20.650000 2.000000
      vertex 12.026999 -20.650000 2.000000
    endloop
  endfacet
  facet normal 1.000000 0.000000 0.000000
    outer loop
      vertex 12.327000 -20.650000 1.476000
      vertex 12.327000 -18.629999 2.000000
      vertex 12.327000 -20.650000 2.000000
    endloop
  endfacet
  facet normal -0.000000 -1.000000 0.000000
    outer loop
      vertex 18.626999 -18.629999 2.000000
      vertex 12.327000 -18.629999 2.000000
      vertex 12.327000 -18.629999 1.476000
    endloop
  endfacet
  facet normal 0.000000 -0.000000 1.000000
    outer loop
      vertex 12.327000 -20.650000 2.000000
      vertex 12.327000 -18.629999 2.000000
      vertex 12.026999 -20.650000 2.000000
    endloop
  endfacet
  facet normal 0.000000 0.000000 -1.000000
    outer loop
      vertex 24.226999 -35.500000 0.000000
      vertex -24.226999 -35.500000 0.000000
      vertex 15.753673 -27.980480 0.000000
    endloop
  endfacet
  facet normal 0.000000 0.000000 -1.000000
    outer loop
      vertex 15.753673 -27.980480 0.000000
      vertex -24.226999 -35.500000 0.000000
      vertex 15.226999 -28.015000 0.000000
    endloop
  endfacet
  facet normal -0.000000 0.000000 -1.000000
    outer loop
      vertex 15.226999 -28.015000 0.000000
      vertex -24.226999 -35.500000 0.000000
      vertex 14.700326 -27.980480 0.000000
    endloop
  endfacet
  facet normal -0.000000 0.000000 -1.000000
    outer loop
      vertex 14.700326 -27.980480 0.000000
      vertex -24.226999 -35.500000 0.000000
      vertex 14.182665 -27.877511 0.000000
    endloop
  endfacet
  facet normal -0.000000 0.000000 -1.000000
    outer loop
      vertex 14.182665 -27.877511 0.000000
      vertex -24.226999 -35.500000 0.000000
      vertex 13.682872 -27.707854 0.000000
    endloop
  endfacet
  facet normal -0.000000 0.000000 -1.000000
    outer loop
      vertex 13.682872 -27.707854 0.000000
      vertex -24.226999 -35.500000 0.000000
      vertex 13.209499 -27.474413 0.000000
    endloop
  endfacet
  facet normal -0.000000 0.000000 -1.000000
    outer loop
      vertex 13.209499 -27.474413 0.000000
      vertex -24.226999 -35.500000 0.000000
      vertex 12.770647 -27.181181 0.000000
    endloop
  endfacet
  facet normal -0.000000 0.000000 -1.000000
    outer loop
      vertex 12.770647 -27.181181 0.000000
      vertex -24.226999 -35.500000 0.000000
      vertex 12.373823 -26.833176 0.000000
    endloop
  endfacet
  facet normal -0.000000 0.000000 -1.000000
    outer loop
      vertex 12.373823 -26.833176 0.000000
      vertex -24.226999 -35.500000 0.000000
      vertex 12.025819 -26.436353 0.000000
    endloop
  endfacet
  facet normal 0.588567 0.393269 -0.706348
    outer loop
      vertex 12.234881 -25.707500 0.580000
      vertex 12.025819 -26.436353 0.000000
      vertex 11.732587 -25.997500 0.000000
    endloop
  endfacet
  facet normal 0.634864 0.313080 -0.706348
    outer loop
      vertex 11.732587 -25.997500 0.000000
      vertex 11.499146 -25.524128 0.000000
      vertex 12.034995 -25.302172 0.580000
    endloop
  endfacet
  facet normal 0.670298 0.227535 -0.706349
    outer loop
      vertex 11.499146 -25.524128 0.000000
      vertex 11.329489 -25.024335 0.000000
      vertex 12.026999 -24.837438 0.722116
    endloop
  endfacet
  facet normal 0.694263 0.138097 -0.706348
    outer loop
      vertex 11.329489 -25.024335 0.000000
      vertex 11.226520 -24.506673 0.000000
      vertex 12.026999 -24.401288 0.807387
    endloop
  endfacet
  facet normal 0.706349 0.046297 -0.706349
    outer loop
      vertex 11.226520 -24.506673 0.000000
      vertex 11.191999 -23.980000 0.000000
      vertex 12.026999 -23.980000 0.835000
    endloop
  endfacet
  facet normal 0.706349 -0.046297 -0.706349
    outer loop
      vertex 11.191999 -23.980000 0.000000
      vertex 11.226520 -23.453327 0.000000
      vertex 12.026999 -23.558712 0.807387
    endloop
  endfacet
  facet normal 0.634864 -0.313080 -0.706348
    outer loop
      vertex 12.234881 -22.252500 0.580000
      vertex 11.499146 -22.435872 0.000000
      vertex 11.732587 -21.962500 0.000000
    endloop
  endfacet
  facet normal 0.670298 -0.227535 -0.706348
    outer loop
      vertex 11.499146 -22.435872 0.000000
      vertex 12.034995 -22.657828 0.580000
      vertex 11.329489 -22.935665 0.000000
    endloop
  endfacet
  facet normal 0.694263 -0.138097 -0.706349
    outer loop
      vertex 11.226520 -23.453327 0.000000
      vertex 11.329489 -22.935665 0.000000
      vertex 12.026999 -23.122562 0.722116
    endloop
  endfacet
  facet normal 0.634864 0.313081 -0.706348
    outer loop
      vertex 12.234881 -25.707500 0.580000
      vertex 11.732587 -25.997500 0.000000
      vertex 12.034995 -25.302172 0.580000
    endloop
  endfacet
  facet normal 0.670306 0.227515 -0.706348
    outer loop
      vertex 11.499146 -25.524128 0.000000
      vertex 12.026999 -25.278615 0.580000
      vertex 12.034995 -25.302172 0.580000
    endloop
  endfacet
  facet normal 0.670298 0.227536 -0.706349
    outer loop
      vertex 11.499146 -25.524128 0.000000
      vertex 12.026999 -24.837438 0.722116
      vertex 12.026999 -25.278615 0.580000
    endloop
  endfacet
  facet normal 0.694263 0.138097 -0.706349
    outer loop
      vertex 11.329489 -25.024335 0.000000
      vertex 12.026999 -24.401288 0.807387
      vertex 12.026999 -24.837438 0.722116
    endloop
  endfacet
  facet normal 0.670297 -0.227512 -0.706358
    outer loop
      vertex 11.329489 -22.935665 0.000000
      vertex 12.034995 -22.657828 0.580000
      vertex 12.026999 -22.681385 0.580000
    endloop
  endfacet
  facet normal 0.634864 -0.313081 -0.706348
    outer loop
      vertex 12.234881 -22.252500 0.580000
      vertex 12.034995 -22.657828 0.580000
      vertex 11.499146 -22.435872 0.000000
    endloop
  endfacet
  facet normal 0.706349 0.046296 -0.706348
    outer loop
      vertex 11.226520 -24.506673 0.000000
      vertex 12.026999 -23.980000 0.835000
      vertex 12.026999 -24.401288 0.807387
    endloop
  endfacet
  facet normal 0.694263 -0.138097 -0.706348
    outer loop
      vertex 11.226520 -23.453327 0.000000
      vertex 12.026999 -23.122562 0.722116
      vertex 12.026999 -23.558712 0.807387
    endloop
  endfacet
  facet normal 0.706349 -0.046297 -0.706349
    outer loop
      vertex 11.191999 -23.980000 0.000000
      vertex 12.026999 -23.558712 0.807387
      vertex 12.026999 -23.980000 0.835000
    endloop
  endfacet
  facet normal 0.670298 -0.227536 -0.706349
    outer loop
      vertex 11.329489 -22.935665 0.000000
      vertex 12.026999 -22.681385 0.580000
      vertex 12.026999 -23.122562 0.722116
    endloop
  endfacet
  facet normal 0.588567 -0.393268 -0.706349
    outer loop
      vertex 12.485964 -21.876729 0.580000
      vertex 11.732587 -21.962500 0.000000
      vertex 12.025819 -21.523647 0.000000
    endloop
  endfacet
  facet normal 0.000000 0.000000 1.000000
    outer loop
      vertex 12.234881 -25.707500 0.580000
      vertex 12.034995 -25.302172 0.580000
      vertex 12.026999 -27.310000 0.580000
    endloop
  endfacet
  facet normal 0.000000 0.000000 1.000000
    outer loop
      vertex 12.026999 -27.310000 0.580000
      vertex 12.034995 -25.302172 0.580000
      vertex 12.026999 -25.278615 0.580000
    endloop
  endfacet
  facet normal 1.000000 0.000000 0.000000
    outer loop
      vertex 12.026999 -27.310000 0.580000
      vertex 12.026999 -25.278615 0.580000
      vertex 12.026999 -26.530000 1.296000
    endloop
  endfacet
  facet normal 1.000000 0.000000 -0.000000
    outer loop
      vertex 12.026999 -25.278615 0.580000
      vertex 12.026999 -24.837438 0.722116
      vertex 12.026999 -26.530000 1.296000
    endloop
  endfacet
  facet normal 1.000000 0.000000 -0.000000
    outer loop
      vertex 12.026999 -24.837438 0.722116
      vertex 12.026999 -24.401288 0.807387
      vertex 12.026999 -26.530000 1.296000
    endloop
  endfacet
  facet normal 1.000000 0.000000 -0.000000
    outer loop
      vertex 12.026999 -24.401288 0.807387
      vertex 12.026999 -23.980000 0.835000
      vertex 12.026999 -26.530000 1.296000
    endloop
  endfacet
  facet normal 1.000000 -0.000000 0.000000
    outer loop
      vertex 12.026999 -23.980000 0.835000
      vertex 12.026999 -23.558712 0.807387
      vertex 12.026999 -22.770000 1.296000
    endloop
  endfacet
  facet normal 1.000000 -0.000000 0.000000
    outer loop
      vertex 12.026999 -23.558712 0.807387
      vertex 12.026999 -23.122562 0.722116
      vertex 12.026999 -22.770000 1.296000
    endloop
  endfacet
  facet normal 0.000000 0.000000 1.000000
    outer loop
      vertex 12.026999 -22.681385 0.580000
      vertex 12.034995 -22.657828 0.580000
      vertex 12.026999 -20.650000 0.580000
    endloop
  endfacet
  facet normal 0.000000 0.000000 1.000000
    outer loop
      vertex 12.234881 -22.252500 0.580000
      vertex 12.026999 -20.650000 0.580000
      vertex 12.034995 -22.657828 0.580000
    endloop
  endfacet
  facet normal 1.000000 0.000000 -0.000000
    outer loop
      vertex 12.026999 -22.681385 0.580000
      vertex 12.026999 -20.650000 0.580000
      vertex 12.026999 -23.122562 0.722116
    endloop
  endfacet
  facet normal 1.000000 -0.000000 0.000000
    outer loop
      vertex 12.026999 -23.122562 0.722116
      vertex 12.026999 -20.650000 0.580000
      vertex 12.026999 -22.770000 1.296000
    endloop
  endfacet
  facet normal 0.000000 0.000000 -1.000000
    outer loop
      vertex 12.373823 -21.126824 0.000000
      vertex 12.025819 -21.523647 0.000000
      vertex -24.226999 -35.500000 0.000000
    endloop
  endfacet
  facet normal 0.000000 -1.000000 0.000000
    outer loop
      vertex 24.226999 -35.500000 0.000000
      vertex 24.226999 -35.500000 2.000000
      vertex -24.226999 -35.500000 2.000000
    endloop
  endfacet
  facet normal 1.000000 0.000000 0.000000
    outer loop
      vertex 12.026999 -27.310000 0.580000
      vertex 12.026999 -26.530000 1.296000
      vertex 12.026999 -27.310000 2.000000
    endloop
  endfacet
  facet normal 0.000000 0.000000 1.000000
    outer loop
      vertex 24.226999 -35.500000 2.000000
      vertex 12.226999 -34.500000 2.000000
      vertex -12.027002 -34.500000 2.000000
    endloop
  endfacet
  facet normal 1.000000 -0.000000 0.000000
    outer loop
      vertex 12.026999 -27.310000 2.000000
      vertex 12.026999 -26.530000 1.296000
      vertex 12.026999 -26.530000 2.000000
    endloop
  endfacet
  facet normal 0.000000 -0.000000 1.000000
    outer loop
      vertex 12.226999 -34.500000 2.000000
      vertex 12.226999 -32.300000 2.000000
      vertex -12.027002 -32.300000 2.000000
    endloop
  endfacet
  facet normal 0.000000 -1.000000 0.000000
    outer loop
      vertex 12.226999 -32.300000 2.000000
      vertex 12.226999 -32.300000 2.456407
      vertex -12.027002 -32.300000 2.000000
    endloop
  endfacet
  facet normal 0.000000 -0.000000 1.000000
    outer loop
      vertex 12.226999 -30.700000 2.000000
      vertex 12.226999 -29.000000 2.000000
      vertex -12.027002 -28.615000 2.000000
    endloop
  endfacet
  facet normal 0.000000 0.000000 1.000000
    outer loop
      vertex 12.226999 -29.000000 2.000000
      vertex 12.026999 -27.310000 2.000000
      vertex -10.802999 -26.530000 2.000000
    endloop
  endfacet
  facet normal 0.000000 -0.000000 1.000000
    outer loop
      vertex 12.026999 -27.310000 2.000000
      vertex 12.026999 -26.530000 2.000000
      vertex -10.802999 -26.530000 2.000000
    endloop
  endfacet
  facet normal 1.000000 0.000000 -0.000000
    outer loop
      vertex 12.026999 -23.980000 0.835000
      vertex 12.026999 -22.770000 1.296000
      vertex 12.026999 -26.530000 1.296000
    endloop
  endfacet
  facet normal 1.000000 0.000000 -0.000000
    outer loop
      vertex 12.026999 -20.650000 0.580000
      vertex 12.026999 -20.650000 2.000000
      vertex 12.026999 -22.770000 1.296000
    endloop
  endfacet
  facet normal 1.000000 0.000000 0.000000
    outer loop
      vertex 12.026999 -22.770000 1.296000
      vertex 12.026999 -20.650000 2.000000
      vertex 12.026999 -22.770000 2.000000
    endloop
  endfacet
  facet normal 0.000000 -0.000000 1.000000
    outer loop
      vertex 12.026999 -22.770000 2.000000
      vertex 12.026999 -20.650000 2.000000
      vertex 11.426999 -13.750000 2.000000
    endloop
  endfacet
  facet normal 0.000000 -0.000000 1.000000
    outer loop
      vertex 12.026999 -26.530000 1.296000
      vertex 12.026999 -22.770000 1.296000
      vertex -10.802999 -22.770000 1.296000
    endloop
  endfacet
  facet normal 0.000000 -1.000000 0.000000
    outer loop
      vertex 12.026999 -22.770000 1.296000
      vertex 12.026999 -22.770000 2.000000
      vertex -10.802999 -22.770000 1.296000
    endloop
  endfacet
  facet normal 0.000000 1.000000 -0.000000
    outer loop
      vertex 12.026999 -26.530000 1.296000
      vertex -10.802999 -26.530000 2.000000
      vertex 12.026999 -26.530000 2.000000
    endloop
  endfacet
  facet normal 0.000000 0.000000 1.000000
    outer loop
      vertex 12.026999 -22.770000 2.000000
      vertex -2.973001 -22.000000 2.000000
      vertex -4.573000 -22.000000 2.000000
    endloop
  endfacet
  facet normal 0.000000 0.000000 1.000000
    outer loop
      vertex 12.026999 -22.770000 2.000000
      vertex -2.973001 -10.250000 2.000000
      vertex -2.973001 -22.000000 2.000000
    endloop
  endfacet
  facet normal 0.000000 0.000000 -1.000000
    outer loop
      vertex 18.599115 -16.600580 0.000000
      vertex 18.592815 -16.582020 0.000000
      vertex 18.599115 -11.789478 0.000000
    endloop
  endfacet
  facet normal 0.000000 0.000000 -1.000000
    outer loop
      vertex 18.605460 -16.624256 0.000000
      vertex 18.599115 -16.600580 0.000000
      vertex 18.605459 -11.765802 0.000000
    endloop
  endfacet
  facet normal 0.000000 0.000000 -1.000000
    outer loop
      vertex 18.607688 -16.633814 0.000000
      vertex 18.605460 -16.624256 0.000000
      vertex 18.607688 -11.756247 0.000000
    endloop
  endfacet
  facet normal 0.000000 0.000000 -1.000000
    outer loop
      vertex 18.619838 -16.694899 0.000000
      vertex 18.607688 -16.633814 0.000000
      vertex 18.620542 -11.691626 0.000000
    endloop
  endfacet
  facet normal 0.000000 0.000000 -1.000000
    outer loop
      vertex 18.621437 -16.704580 0.000000
      vertex 18.619838 -16.694899 0.000000
      vertex 18.621547 -11.686197 0.000000
    endloop
  endfacet
  facet normal 0.000000 0.000000 -1.000000
    outer loop
      vertex 18.624636 -16.728882 0.000000
      vertex 18.621437 -16.704580 0.000000
      vertex 18.623249 -11.673899 0.000000
    endloop
  endfacet
  facet normal 0.000000 0.000000 -1.000000
    outer loop
      vertex 18.585315 -16.563913 0.000000
      vertex 18.576646 -16.546333 0.000000
      vertex 18.585315 -11.826147 0.000000
    endloop
  endfacet
  facet normal 0.000000 0.000000 -1.000000
    outer loop
      vertex 18.592815 -16.582020 0.000000
      vertex 18.585315 -16.563913 0.000000
      vertex 18.592815 -11.808039 0.000000
    endloop
  endfacet
  facet normal 0.000000 0.000000 -1.000000
    outer loop
      vertex 18.559208 -16.516773 0.000000
      vertex 18.532862 -16.477343 0.000000
      vertex 18.559208 -11.873287 0.000000
    endloop
  endfacet
  facet normal 0.000000 0.000000 -1.000000
    outer loop
      vertex 18.564390 -16.525106 0.000000
      vertex 18.559208 -16.516773 0.000000
      vertex 18.564390 -11.864954 0.000000
    endloop
  endfacet
  facet normal 0.000000 0.000000 -1.000000
    outer loop
      vertex 18.576646 -16.546333 0.000000
      vertex 18.564390 -16.525106 0.000000
      vertex 18.576646 -11.843725 0.000000
    endloop
  endfacet
  facet normal 0.000000 0.000000 -1.000000
    outer loop
      vertex 18.512224 -16.449921 0.000000
      vertex 18.499301 -16.435184 0.000000
      vertex 18.512224 -11.940140 0.000000
    endloop
  endfacet
  facet normal 0.000000 0.000000 -1.000000
    outer loop
      vertex 18.527146 -16.469366 0.000000
      vertex 18.512224 -16.449921 0.000000
      vertex 18.527146 -11.920692 0.000000
    endloop
  endfacet
  facet normal 0.000000 0.000000 -1.000000
    outer loop
      vertex 18.532862 -16.477343 0.000000
      vertex 18.527146 -16.469366 0.000000
      vertex 18.532862 -11.912716 0.000000
    endloop
  endfacet
  facet normal 0.000000 0.000000 -1.000000
    outer loop
      vertex 18.470706 -16.408401 0.000000
      vertex 18.451259 -16.393480 0.000000
      vertex 18.470706 -11.981657 0.000000
    endloop
  endfacet
  facet normal 0.000000 0.000000 -1.000000
    outer loop
      vertex 18.485442 -16.421326 0.000000
      vertex 18.470706 -16.408401 0.000000
      vertex 18.485442 -11.968735 0.000000
    endloop
  endfacet
  facet normal 0.000000 0.000000 -1.000000
    outer loop
      vertex 18.499301 -16.435184 0.000000
      vertex 18.485442 -16.421326 0.000000
      vertex 18.499301 -11.954876 0.000000
    endloop
  endfacet
  facet normal 0.000000 0.000000 -1.000000
    outer loop
      vertex 18.443283 -16.387764 0.000000
      vertex 18.403853 -16.361418 0.000000
      vertex 18.443283 -12.002295 0.000000
    endloop
  endfacet
  facet normal 0.000000 0.000000 -1.000000
    outer loop
      vertex 18.451259 -16.393480 0.000000
      vertex 18.443283 -16.387764 0.000000
      vertex 18.451259 -11.996580 0.000000
    endloop
  endfacet
  facet normal 0.000000 0.000000 -1.000000
    outer loop
      vertex 18.374292 -16.343981 0.000000
      vertex 18.356713 -16.335312 0.000000
      vertex 18.374292 -12.046080 0.000000
    endloop
  endfacet
  facet normal 0.000000 0.000000 -1.000000
    outer loop
      vertex 18.395520 -16.356236 0.000000
      vertex 18.374292 -16.343981 0.000000
      vertex 18.395520 -12.033823 0.000000
    endloop
  endfacet
  facet normal 0.000000 0.000000 -1.000000
    outer loop
      vertex 18.403853 -16.361418 0.000000
      vertex 18.395520 -16.356236 0.000000
      vertex 18.403853 -12.028641 0.000000
    endloop
  endfacet
  facet normal 0.000000 0.000000 -1.000000
    outer loop
      vertex 18.338605 -16.327810 0.000000
      vertex 18.320045 -16.321510 0.000000
      vertex 18.338605 -12.062248 0.000000
    endloop
  endfacet
  facet normal 0.000000 0.000000 -1.000000
    outer loop
      vertex 18.356713 -16.335312 0.000000
      vertex 18.338605 -16.327810 0.000000
      vertex 18.356713 -12.054749 0.000000
    endloop
  endfacet
  facet normal 0.000000 0.000000 -1.000000
    outer loop
      vertex 18.296369 -16.315166 0.000000
      vertex 18.286812 -16.312939 0.000000
      vertex 18.296369 -12.074894 0.000000
    endloop
  endfacet
  facet normal 0.000000 0.000000 -1.000000
    outer loop
      vertex 18.320045 -16.321510 0.000000
      vertex 18.296369 -16.315166 0.000000
      vertex 18.320045 -12.068548 0.000000
    endloop
  endfacet
  facet normal 0.000000 0.000000 -1.000000
    outer loop
      vertex 18.286812 -16.312939 0.000000
      vertex 18.208347 -16.297331 0.000000
      vertex 18.286812 -12.077122 0.000000
    endloop
  endfacet
  facet normal 0.000000 0.000000 -1.000000
    outer loop
      vertex 18.193836 -16.294853 0.000000
      vertex 18.179221 -16.293171 0.000000
      vertex 18.174335 -12.097368 0.000000
    endloop
  endfacet
  facet normal 0.000000 0.000000 -1.000000
    outer loop
      vertex 18.203517 -16.296452 0.000000
      vertex 18.193836 -16.294853 0.000000
      vertex 18.201072 -12.093849 0.000000
    endloop
  endfacet
  facet normal 0.000000 0.000000 -1.000000
    outer loop
      vertex 18.208347 -16.297331 0.000000
      vertex 18.203517 -16.296452 0.000000
      vertex 18.210754 -12.092251 0.000000
    endloop
  endfacet
  facet normal 0.000000 0.000000 -1.000000
    outer loop
      vertex 18.599115 -16.600580 0.000000
      vertex 18.599115 -11.789478 0.000000
      vertex 18.605459 -11.765802 0.000000
    endloop
  endfacet
  facet normal 0.000000 0.000000 -1.000000
    outer loop
      vertex 18.605460 -16.624256 0.000000
      vertex 18.605459 -11.765802 0.000000
      vertex 18.607688 -11.756247 0.000000
    endloop
  endfacet
  facet normal 0.000000 0.000000 -1.000000
    outer loop
      vertex 18.559208 -16.516773 0.000000
      vertex 18.559208 -11.873287 0.000000
      vertex 18.564390 -11.864954 0.000000
    endloop
  endfacet
  facet normal 0.000000 0.000000 -1.000000
    outer loop
      vertex 18.564390 -16.525106 0.000000
      vertex 18.564390 -11.864954 0.000000
      vertex 18.576646 -11.843725 0.000000
    endloop
  endfacet
  facet normal 0.000000 0.000000 -1.000000
    outer loop
      vertex 18.576646 -16.546333 0.000000
      vertex 18.576646 -11.843725 0.000000
      vertex 18.585315 -11.826147 0.000000
    endloop
  endfacet
  facet normal 0.000000 0.000000 -1.000000
    outer loop
      vertex 18.585315 -16.563913 0.000000
      vertex 18.585315 -11.826147 0.000000
      vertex 18.592815 -11.808039 0.000000
    endloop
  endfacet
  facet normal 0.000000 0.000000 -1.000000
    outer loop
      vertex 18.592815 -16.582020 0.000000
      vertex 18.592815 -11.808039 0.000000
      vertex 18.599115 -11.789478 0.000000
    endloop
  endfacet
  facet normal 0.000000 0.000000 -1.000000
    outer loop
      vertex 18.607688 -16.633814 0.000000
      vertex 18.607688 -11.756247 0.000000
      vertex 18.620542 -11.691626 0.000000
    endloop
  endfacet
  facet normal 0.000000 0.000000 -1.000000
    outer loop
      vertex 18.619838 -16.694899 0.000000
      vertex 18.620542 -11.691626 0.000000
      vertex 18.621028 -11.689062 0.000000
    endloop
  endfacet
  facet normal 0.000000 0.000000 -1.000000
    outer loop
      vertex 18.619838 -16.694899 0.000000
      vertex 18.621028 -11.689062 0.000000
      vertex 18.621547 -11.686197 0.000000
    endloop
  endfacet
  facet normal 0.000000 0.000000 -1.000000
    outer loop
      vertex 18.621437 -16.704580 0.000000
      vertex 18.621547 -11.686197 0.000000
      vertex 18.623249 -11.673899 0.000000
    endloop
  endfacet
  facet normal 0.000000 0.000000 -1.000000
    outer loop
      vertex 18.624636 -16.728882 0.000000
      vertex 18.623249 -11.673899 0.000000
      vertex 18.625476 -11.650799 0.000000
    endloop
  endfacet
  facet normal 0.000000 0.000000 -1.000000
    outer loop
      vertex 18.451259 -16.393480 0.000000
      vertex 18.451259 -11.996580 0.000000
      vertex 18.470706 -11.981657 0.000000
    endloop
  endfacet
  facet normal 0.000000 0.000000 -1.000000
    outer loop
      vertex 18.470706 -16.408401 0.000000
      vertex 18.470706 -11.981657 0.000000
      vertex 18.485442 -11.968735 0.000000
    endloop
  endfacet
  facet normal 0.000000 0.000000 -1.000000
    outer loop
      vertex 18.403853 -16.361418 0.000000
      vertex 18.403853 -12.028641 0.000000
      vertex 18.443283 -12.002295 0.000000
    endloop
  endfacet
  facet normal 0.000000 0.000000 -1.000000
    outer loop
      vertex 18.443283 -16.387764 0.000000
      vertex 18.443283 -12.002295 0.000000
      vertex 18.451259 -11.996580 0.000000
    endloop
  endfacet
  facet normal 0.000000 0.000000 -1.000000
    outer loop
      vertex 18.356713 -16.335312 0.000000
      vertex 18.356713 -12.054749 0.000000
      vertex 18.374292 -12.046080 0.000000
    endloop
  endfacet
  facet normal 0.000000 0.000000 -1.000000
    outer loop
      vertex 18.374292 -16.343981 0.000000
      vertex 18.374292 -12.046080 0.000000
      vertex 18.395520 -12.033823 0.000000
    endloop
  endfacet
  facet normal 0.000000 0.000000 -1.000000
    outer loop
      vertex 18.395520 -16.356236 0.000000
      vertex 18.395520 -12.033823 0.000000
      vertex 18.403853 -12.028641 0.000000
    endloop
  endfacet
  facet normal 0.000000 0.000000 -1.000000
    outer loop
      vertex 18.499301 -16.435184 0.000000
      vertex 18.499301 -11.954876 0.000000
      vertex 18.512224 -11.940140 0.000000
    endloop
  endfacet
  facet normal 0.000000 0.000000 -1.000000
    outer loop
      vertex 18.512224 -16.449921 0.000000
      vertex 18.512224 -11.940140 0.000000
      vertex 18.527146 -11.920692 0.000000
    endloop
  endfacet
  facet normal 0.000000 0.000000 -1.000000
    outer loop
      vertex 18.527146 -16.469366 0.000000
      vertex 18.527146 -11.920692 0.000000
      vertex 18.532862 -11.912716 0.000000
    endloop
  endfacet
  facet normal 0.000000 0.000000 -1.000000
    outer loop
      vertex 18.532862 -16.477343 0.000000
      vertex 18.532862 -11.912716 0.000000
      vertex 18.559208 -11.873287 0.000000
    endloop
  endfacet
  facet normal 0.000000 0.000000 -1.000000
    outer loop
      vertex 18.485442 -16.421326 0.000000
      vertex 18.485442 -11.968735 0.000000
      vertex 18.499301 -11.954876 0.000000
    endloop
  endfacet
  facet normal 0.000000 0.000000 -1.000000
    outer loop
      vertex 18.320045 -16.321510 0.000000
      vertex 18.320045 -12.068548 0.000000
      vertex 18.338605 -12.062248 0.000000
    endloop
  endfacet
  facet normal 0.000000 0.000000 -1.000000
    outer loop
      vertex 18.338605 -16.327810 0.000000
      vertex 18.338605 -12.062248 0.000000
      vertex 18.356713 -12.054749 0.000000
    endloop
  endfacet
  facet normal 0.000000 0.000000 -1.000000
    outer loop
      vertex 18.286812 -16.312939 0.000000
      vertex 18.286812 -12.077122 0.000000
      vertex 18.296369 -12.074894 0.000000
    endloop
  endfacet
  facet normal 0.000000 0.000000 -1.000000
    outer loop
      vertex 18.296369 -16.315166 0.000000
      vertex 18.296369 -12.074894 0.000000
      vertex 18.320045 -12.068548 0.000000
    endloop
  endfacet
  facet normal 0.000000 0.000000 -1.000000
    outer loop
      vertex 18.208347 -16.297331 0.000000
      vertex 18.210754 -12.092251 0.000000
      vertex 18.286812 -12.077122 0.000000
    endloop
  endfacet
  facet normal 0.000000 0.000000 -1.000000
    outer loop
      vertex 18.179221 -16.293171 0.000000
      vertex 18.159673 -12.098572 0.000000
      vertex 18.174335 -12.097368 0.000000
    endloop
  endfacet
  facet normal 0.000000 0.000000 -1.000000
    outer loop
      vertex 18.193836 -16.294853 0.000000
      vertex 18.174335 -12.097368 0.000000
      vertex 18.201072 -12.093849 0.000000
    endloop
  endfacet
  facet normal 0.000000 0.000000 -1.000000
    outer loop
      vertex 18.203517 -16.296452 0.000000
      vertex 18.201072 -12.093849 0.000000
      vertex 18.210754 -12.092251 0.000000
    endloop
  endfacet
  facet normal -0.962512 0.271239 0.000000
    outer loop
      vertex 18.559189 -17.234818 0.000000
      vertex 18.559189 -17.234818 1.000000
      vertex 18.561314 -17.227276 0.000000
    endloop
  endfacet
  facet normal -0.969258 0.246048 0.000000
    outer loop
      vertex 18.561314 -17.227276 0.000000
      vertex 18.561314 -17.227276 1.000000
      vertex 18.567096 -17.204500 0.000000
    endloop
  endfacet
  facet normal -0.975352 0.220653 0.000000
    outer loop
      vertex 18.567096 -17.204500 0.000000
      vertex 18.567096 -17.204500 1.000000
      vertex 18.568825 -17.196857 0.000000
    endloop
  endfacet
  facet normal -0.878724 0.477330 0.000000
    outer loop
      vertex 18.463155 -17.523172 0.000000
      vertex 18.349699 -17.732035 0.000000
      vertex 18.349699 -17.732035 1.000000
    endloop
  endfacet
  facet normal -0.893965 0.448138 0.000000
    outer loop
      vertex 18.469880 -17.509939 0.000000
      vertex 18.465441 -17.518795 0.000000
      vertex 18.465441 -17.518795 1.000000
    endloop
  endfacet
  facet normal -0.886409 0.462903 0.000000
    outer loop
      vertex 18.463155 -17.523172 0.000000
      vertex 18.463155 -17.523172 1.000000
      vertex 18.465441 -17.518795 0.000000
    endloop
  endfacet
  facet normal -0.914930 0.403613 0.000000
    outer loop
      vertex 18.469880 -17.509939 0.000000
      vertex 18.469880 -17.509939 1.000000
      vertex 18.475831 -17.496450 0.000000
    endloop
  endfacet
  facet normal -0.933653 0.358179 0.000000
    outer loop
      vertex 18.475831 -17.496450 0.000000
      vertex 18.475831 -17.496450 1.000000
      vertex 18.485484 -17.471287 0.000000
    endloop
  endfacet
  facet normal -0.856012 0.516956 0.000000
    outer loop
      vertex 18.335659 -17.755585 0.000000
      vertex 18.335659 -17.755585 1.000000
      vertex 18.346290 -17.737982 0.000000
    endloop
  endfacet
  facet normal -0.867549 0.497352 0.000000
    outer loop
      vertex 18.346290 -17.737982 0.000000
      vertex 18.346290 -17.737982 1.000000
      vertex 18.349699 -17.732035 0.000000
    endloop
  endfacet
  facet normal -0.944896 0.327371 0.000000
    outer loop
      vertex 18.485484 -17.471287 0.000000
      vertex 18.485484 -17.471287 1.000000
      vertex 18.488697 -17.462013 0.000000
    endloop
  endfacet
  facet normal -0.955085 0.296333 0.000000
    outer loop
      vertex 18.559189 -17.234818 0.000000
      vertex 18.488697 -17.462013 0.000000
      vertex 18.488697 -17.462013 1.000000
    endloop
  endfacet
  facet normal -0.980785 0.195090 0.000000
    outer loop
      vertex 18.568825 -17.196857 0.000000
      vertex 18.568825 -17.196857 1.000000
      vertex 18.595931 -17.060585 0.000000
    endloop
  endfacet
  facet normal -0.985188 0.171475 0.000000
    outer loop
      vertex 18.595931 -17.060585 0.000000
      vertex 18.595931 -17.060585 1.000000
      vertex 18.597167 -17.053484 0.000000
    endloop
  endfacet
  facet normal -0.989027 0.147736 0.000000
    outer loop
      vertex 18.597167 -17.053484 0.000000
      vertex 18.597167 -17.053484 1.000000
      vertex 18.600361 -17.032103 0.000000
    endloop
  endfacet
  facet normal -0.992286 0.123970 0.000000
    outer loop
      vertex 18.600361 -17.032103 0.000000
      vertex 18.600361 -17.032103 1.000000
      vertex 18.601254 -17.024950 0.000000
    endloop
  endfacet
  facet normal -0.994982 0.100050 0.000000
    outer loop
      vertex 18.601254 -17.024950 0.000000
      vertex 18.601254 -17.024950 1.000000
      vertex 18.624925 -16.789553 0.000000
    endloop
  endfacet
  facet normal -0.995815 0.091393 0.000000
    outer loop
      vertex 18.624925 -16.789553 0.000000
      vertex 18.624925 -16.789553 1.000000
      vertex 18.625163 -16.786955 0.000000
    endloop
  endfacet
  facet normal -0.996573 0.082720 0.000000
    outer loop
      vertex 18.625163 -16.786955 0.000000
      vertex 18.625163 -16.786955 1.000000
      vertex 18.625404 -16.784054 0.000000
    endloop
  endfacet
  facet normal -0.999143 0.041401 0.000000
    outer loop
      vertex 18.625404 -16.784054 0.000000
      vertex 18.625404 -16.784054 1.000000
      vertex 18.625918 -16.771648 0.000000
    endloop
  endfacet
  facet normal -1.000000 0.000000 0.000000
    outer loop
      vertex 18.625918 -16.771648 0.000000
      vertex 18.625918 -16.771648 1.000000
      vertex 18.625918 -16.748440 0.000000
    endloop
  endfacet
  facet normal -0.997859 -0.065395 0.000000
    outer loop
      vertex 18.625918 -16.748440 0.000000
      vertex 18.625918 -16.748440 1.000000
      vertex 18.624636 -16.728882 0.000000
    endloop
  endfacet
  facet normal -0.991444 -0.130535 0.000000
    outer loop
      vertex 18.624636 -16.728882 0.000000
      vertex 18.624636 -16.728882 1.000000
      vertex 18.621437 -16.704580 0.000000
    endloop
  endfacet
  facet normal -0.986645 -0.162886 0.000000
    outer loop
      vertex 18.621437 -16.704580 0.000000
      vertex 18.621437 -16.704580 1.000000
      vertex 18.619838 -16.694899 0.000000
    endloop
  endfacet
  facet normal -0.980786 -0.195087 0.000000
    outer loop
      vertex 18.619838 -16.694899 0.000000
      vertex 18.619838 -16.694899 1.000000
      vertex 18.607688 -16.633814 0.000000
    endloop
  endfacet
  facet normal -0.973883 -0.227048 0.000000
    outer loop
      vertex 18.607688 -16.633814 0.000000
      vertex 18.607688 -16.633814 1.000000
      vertex 18.605460 -16.624256 0.000000
    endloop
  endfacet
  facet normal -0.965922 -0.258833 0.000000
    outer loop
      vertex 18.605460 -16.624256 0.000000
      vertex 18.605460 -16.624256 1.000000
      vertex 18.599115 -16.600580 0.000000
    endloop
  endfacet
  facet normal -0.946937 -0.321419 0.000000
    outer loop
      vertex 18.599115 -16.600580 0.000000
      vertex 18.599115 -16.600580 1.000000
      vertex 18.592815 -16.582020 0.000000
    endloop
  endfacet
  facet normal -0.923867 -0.382714 0.000000
    outer loop
      vertex 18.592815 -16.582020 0.000000
      vertex 18.592815 -16.582020 1.000000
      vertex 18.585315 -16.563913 0.000000
    endloop
  endfacet
  facet normal -0.896885 -0.442264 0.000000
    outer loop
      vertex 18.585315 -16.563913 0.000000
      vertex 18.585315 -16.563913 1.000000
      vertex 18.576646 -16.546333 0.000000
    endloop
  endfacet
  facet normal -0.866011 -0.500024 0.000000
    outer loop
      vertex 18.576646 -16.546333 0.000000
      vertex 18.576646 -16.546333 1.000000
      vertex 18.564390 -16.525106 0.000000
    endloop
  endfacet
  facet normal -0.849208 -0.528058 0.000000
    outer loop
      vertex 18.564390 -16.525106 0.000000
      vertex 18.564390 -16.525106 1.000000
      vertex 18.559208 -16.516773 0.000000
    endloop
  endfacet
  facet normal -0.831474 -0.555563 0.000000
    outer loop
      vertex 18.559208 -16.516773 0.000000
      vertex 18.559208 -16.516773 1.000000
      vertex 18.532862 -16.477343 0.000000
    endloop
  endfacet
  facet normal -0.812849 -0.582474 0.000000
    outer loop
      vertex 18.532862 -16.477343 0.000000
      vertex 18.532862 -16.477343 1.000000
      vertex 18.527146 -16.469366 0.000000
    endloop
  endfacet
  facet normal -0.793340 -0.608779 0.000000
    outer loop
      vertex 18.527146 -16.469366 0.000000
      vertex 18.527146 -16.469366 1.000000
      vertex 18.512224 -16.449921 0.000000
    endloop
  endfacet
  facet normal -0.751841 -0.659345 0.000000
    outer loop
      vertex 18.512224 -16.449921 0.000000
      vertex 18.512224 -16.449921 1.000000
      vertex 18.499301 -16.435184 0.000000
    endloop
  endfacet
  facet normal -0.707095 -0.707119 0.000000
    outer loop
      vertex 18.499301 -16.435184 0.000000
      vertex 18.499301 -16.435184 1.000000
      vertex 18.485442 -16.421326 0.000000
    endloop
  endfacet
  facet normal -0.659384 -0.751806 0.000000
    outer loop
      vertex 18.485442 -16.421326 0.000000
      vertex 18.485442 -16.421326 1.000000
      vertex 18.470706 -16.408401 0.000000
    endloop
  endfacet
  facet normal -0.608738 -0.793371 0.000000
    outer loop
      vertex 18.470706 -16.408401 0.000000
      vertex 18.470706 -16.408401 1.000000
      vertex 18.451259 -16.393480 0.000000
    endloop
  endfacet
  facet normal -0.582506 -0.812826 0.000000
    outer loop
      vertex 18.451259 -16.393480 0.000000
      vertex 18.451259 -16.393480 1.000000
      vertex 18.443283 -16.387764 0.000000
    endloop
  endfacet
  facet normal -0.555572 -0.831468 0.000000
    outer loop
      vertex 18.443283 -16.387764 0.000000
      vertex 18.443283 -16.387764 1.000000
      vertex 18.403853 -16.361418 0.000000
    endloop
  endfacet
  facet normal -0.528093 -0.849186 0.000000
    outer loop
      vertex 18.403853 -16.361418 0.000000
      vertex 18.403853 -16.361418 1.000000
      vertex 18.395520 -16.356236 0.000000
    endloop
  endfacet
  facet normal -0.499964 -0.866046 0.000000
    outer loop
      vertex 18.395520 -16.356236 0.000000
      vertex 18.395520 -16.356236 1.000000
      vertex 18.374292 -16.343981 0.000000
    endloop
  endfacet
  facet normal -0.442292 -0.896871 0.000000
    outer loop
      vertex 18.374292 -16.343981 0.000000
      vertex 18.374292 -16.343981 1.000000
      vertex 18.356713 -16.335312 0.000000
    endloop
  endfacet
  facet normal -0.382730 -0.923860 0.000000
    outer loop
      vertex 18.356713 -16.335312 0.000000
      vertex 18.356713 -16.335312 1.000000
      vertex 18.338605 -16.327810 0.000000
    endloop
  endfacet
  facet normal -0.321427 -0.946934 0.000000
    outer loop
      vertex 18.338605 -16.327810 0.000000
      vertex 18.338605 -16.327810 1.000000
      vertex 18.320045 -16.321510 0.000000
    endloop
  endfacet
  facet normal -0.258810 -0.965928 0.000000
    outer loop
      vertex 18.320045 -16.321510 0.000000
      vertex 18.320045 -16.321510 1.000000
      vertex 18.296369 -16.315166 0.000000
    endloop
  endfacet
  facet normal -0.227024 -0.973889 0.000000
    outer loop
      vertex 18.296369 -16.315166 0.000000
      vertex 18.296369 -16.315166 1.000000
      vertex 18.286812 -16.312939 0.000000
    endloop
  endfacet
  facet normal -0.195091 -0.980785 0.000000
    outer loop
      vertex 18.286812 -16.312939 0.000000
      vertex 18.286812 -16.312939 1.000000
      vertex 18.208347 -16.297331 0.000000
    endloop
  endfacet
  facet normal -0.179125 -0.983826 0.000000
    outer loop
      vertex 18.208347 -16.297331 0.000000
      vertex 18.208347 -16.297331 1.000000
      vertex 18.203517 -16.296452 0.000000
    endloop
  endfacet
  facet normal -0.162894 -0.986644 0.000000
    outer loop
      vertex 18.203517 -16.296452 0.000000
      vertex 18.203517 -16.296452 1.000000
      vertex 18.193836 -16.294853 0.000000
    endloop
  endfacet
  facet normal -0.114351 -0.993440 0.000000
    outer loop
      vertex 18.193836 -16.294853 0.000000
      vertex 18.193836 -16.294853 1.000000
      vertex 18.179221 -16.293171 0.000000
    endloop
  endfacet
  facet normal -0.065351 -0.997862 0.000000
    outer loop
      vertex 18.179221 -16.293171 0.000000
      vertex 18.179221 -16.293171 1.000000
      vertex 18.152311 -16.291409 0.000000
    endloop
  endfacet
  facet normal -0.849186 0.528093 0.000000
    outer loop
      vertex 18.564390 -11.864954 0.000000
      vertex 18.559208 -11.873287 0.000000
      vertex 18.559208 -11.873287 1.000000
    endloop
  endfacet
  facet normal -0.866039 0.499976 0.000000
    outer loop
      vertex 18.564390 -11.864954 0.000000
      vertex 18.564390 -11.864954 1.000000
      vertex 18.576646 -11.843725 0.000000
    endloop
  endfacet
  facet normal -0.896866 0.442302 0.000000
    outer loop
      vertex 18.576646 -11.843725 0.000000
      vertex 18.576646 -11.843725 1.000000
      vertex 18.585315 -11.826147 0.000000
    endloop
  endfacet
  facet normal -0.923890 0.382659 0.000000
    outer loop
      vertex 18.585315 -11.826147 0.000000
      vertex 18.585315 -11.826147 1.000000
      vertex 18.592815 -11.808039 0.000000
    endloop
  endfacet
  facet normal -0.946930 0.321441 0.000000
    outer loop
      vertex 18.599115 -11.789478 0.000000
      vertex 18.592815 -11.808039 0.000000
      vertex 18.592815 -11.808039 1.000000
    endloop
  endfacet
  facet normal -0.965927 0.258815 0.000000
    outer loop
      vertex 18.599115 -11.789478 0.000000
      vertex 18.599115 -11.789478 1.000000
      vertex 18.605459 -11.765802 0.000000
    endloop
  endfacet
  facet normal -0.973863 0.227137 0.000000
    outer loop
      vertex 18.605459 -11.765802 0.000000
      vertex 18.605459 -11.765802 1.000000
      vertex 18.607688 -11.756247 0.000000
    endloop
  endfacet
  facet normal -0.980786 0.195086 0.000000
    outer loop
      vertex 18.607688 -11.756247 0.000000
      vertex 18.607688 -11.756247 1.000000
      vertex 18.620542 -11.691626 0.000000
    endloop
  endfacet
  facet normal -0.982473 0.186407 0.000000
    outer loop
      vertex 18.620542 -11.691626 0.000000
      vertex 18.620542 -11.691626 1.000000
      vertex 18.621028 -11.689062 0.000000
    endloop
  endfacet
  facet normal -0.983995 0.178194 0.000000
    outer loop
      vertex 18.621028 -11.689062 0.000000
      vertex 18.621028 -11.689062 1.000000
      vertex 18.621547 -11.686197 0.000000
    endloop
  endfacet
  facet normal -0.990556 0.137108 0.000000
    outer loop
      vertex 18.621547 -11.686197 0.000000
      vertex 18.621547 -11.686197 1.000000
      vertex 18.623249 -11.673899 0.000000
    endloop
  endfacet
  facet normal -0.995384 0.095976 0.000000
    outer loop
      vertex 18.623249 -11.673899 0.000000
      vertex 18.623249 -11.673899 1.000000
      vertex 18.625476 -11.650799 0.000000
    endloop
  endfacet
  facet normal -0.751841 0.659345 0.000000
    outer loop
      vertex 18.512224 -11.940140 0.000000
      vertex 18.499301 -11.954876 0.000000
      vertex 18.499301 -11.954876 1.000000
    endloop
  endfacet
  facet normal -0.793369 0.608741 0.000000
    outer loop
      vertex 18.512224 -11.940140 0.000000
      vertex 18.512224 -11.940140 1.000000
      vertex 18.527146 -11.920692 0.000000
    endloop
  endfacet
  facet normal -0.608787 0.793334 0.000000
    outer loop
      vertex 18.470706 -11.981657 0.000000
      vertex 18.451259 -11.996580 0.000000
      vertex 18.451259 -11.996580 1.000000
    endloop
  endfacet
  facet normal -0.659329 0.751854 0.000000
    outer loop
      vertex 18.485442 -11.968735 0.000000
      vertex 18.470706 -11.981657 0.000000
      vertex 18.470706 -11.981657 1.000000
    endloop
  endfacet
  facet normal -0.707095 0.707119 0.000000
    outer loop
      vertex 18.485442 -11.968735 0.000000
      vertex 18.485442 -11.968735 1.000000
      vertex 18.499301 -11.954876 0.000000
    endloop
  endfacet
  facet normal -0.582378 0.812918 0.000000
    outer loop
      vertex 18.451259 -11.996580 0.000000
      vertex 18.443283 -12.002295 0.000000
      vertex 18.443283 -12.002295 1.000000
    endloop
  endfacet
  facet normal -0.555572 0.831468 0.000000
    outer loop
      vertex 18.443283 -12.002295 0.000000
      vertex 18.403853 -12.028641 0.000000
      vertex 18.403853 -12.028641 1.000000
    endloop
  endfacet
  facet normal -0.442292 0.896871 0.000000
    outer loop
      vertex 18.374292 -12.046080 0.000000
      vertex 18.356713 -12.054749 0.000000
      vertex 18.356713 -12.054749 1.000000
    endloop
  endfacet
  facet normal -0.528093 0.849186 0.000000
    outer loop
      vertex 18.403853 -12.028641 0.000000
      vertex 18.395520 -12.033823 0.000000
      vertex 18.395520 -12.033823 1.000000
    endloop
  endfacet
  facet normal -0.500022 0.866013 0.000000
    outer loop
      vertex 18.374292 -12.046080 0.000000
      vertex 18.374292 -12.046080 1.000000
      vertex 18.395520 -12.033823 0.000000
    endloop
  endfacet
  facet normal -0.321427 0.946934 0.000000
    outer loop
      vertex 18.320045 -12.068548 0.000000
      vertex 18.320045 -12.068548 1.000000
      vertex 18.338605 -12.062248 0.000000
    endloop
  endfacet
  facet normal -0.227024 0.973889 0.000000
    outer loop
      vertex 18.296369 -12.074894 0.000000
      vertex 18.286812 -12.077122 0.000000
      vertex 18.286812 -12.077122 1.000000
    endloop
  endfacet
  facet normal -0.258883 0.965909 0.000000
    outer loop
      vertex 18.320045 -12.068548 0.000000
      vertex 18.296369 -12.074894 0.000000
      vertex 18.296369 -12.074894 1.000000
    endloop
  endfacet
  facet normal -0.195093 0.980785 0.000000
    outer loop
      vertex 18.286812 -12.077122 0.000000
      vertex 18.210754 -12.092251 0.000000
      vertex 18.210754 -12.092251 1.000000
    endloop
  endfacet
  facet normal -0.162878 0.986646 0.000000
    outer loop
      vertex 18.210754 -12.092251 0.000000
      vertex 18.201072 -12.093849 0.000000
      vertex 18.201072 -12.093849 1.000000
    endloop
  endfacet
  facet normal -0.130489 0.991450 0.000000
    outer loop
      vertex 18.201072 -12.093849 0.000000
      vertex 18.174335 -12.097368 0.000000
      vertex 18.174335 -12.097368 1.000000
    endloop
  endfacet
  facet normal -0.382647 0.923895 0.000000
    outer loop
      vertex 18.356713 -12.054749 0.000000
      vertex 18.338605 -12.062248 0.000000
      vertex 18.338605 -12.062248 1.000000
    endloop
  endfacet
  facet normal -0.812849 0.582474 0.000000
    outer loop
      vertex 18.532862 -11.912716 0.000000
      vertex 18.527146 -11.920692 0.000000
      vertex 18.527146 -11.920692 1.000000
    endloop
  endfacet
  facet normal -0.831462 0.555582 0.000000
    outer loop
      vertex 18.559208 -11.873287 0.000000
      vertex 18.532862 -11.912716 0.000000
      vertex 18.532862 -11.912716 1.000000
    endloop
  endfacet
  facet normal -0.999529 0.030676 0.000000
    outer loop
      vertex 18.625476 -11.650799 0.000000
      vertex 18.625476 -11.650799 1.000000
      vertex 18.626078 -11.631207 0.000000
    endloop
  endfacet
  facet normal -0.999396 -0.034745 0.000000
    outer loop
      vertex 18.626078 -11.631207 0.000000
      vertex 18.626078 -11.631207 1.000000
      vertex 18.625226 -11.606710 0.000000
    endloop
  endfacet
  facet normal -0.997723 -0.067448 0.000000
    outer loop
      vertex 18.625226 -11.606710 0.000000
      vertex 18.625226 -11.606710 1.000000
      vertex 18.624564 -11.596920 0.000000
    endloop
  endfacet
  facet normal -0.994982 -0.100050 0.000000
    outer loop
      vertex 18.624564 -11.596920 0.000000
      vertex 18.624564 -11.596920 1.000000
      vertex 18.601254 -11.365108 0.000000
    endloop
  endfacet
  facet normal -0.992282 -0.124002 0.000000
    outer loop
      vertex 18.601254 -11.365108 0.000000
      vertex 18.601254 -11.365108 1.000000
      vertex 18.600361 -11.357958 0.000000
    endloop
  endfacet
  facet normal -0.989027 -0.147736 0.000000
    outer loop
      vertex 18.600361 -11.357958 0.000000
      vertex 18.600361 -11.357958 1.000000
      vertex 18.597167 -11.336576 0.000000
    endloop
  endfacet
  facet normal -0.985188 -0.171475 0.000000
    outer loop
      vertex 18.597167 -11.336576 0.000000
      vertex 18.597167 -11.336576 1.000000
      vertex 18.595931 -11.329475 0.000000
    endloop
  endfacet
  facet normal -0.980786 -0.195088 0.000000
    outer loop
      vertex 18.595931 -11.329475 0.000000
      vertex 18.595931 -11.329475 1.000000
      vertex 18.568825 -11.193201 0.000000
    endloop
  endfacet
  facet normal -0.975352 -0.220653 0.000000
    outer loop
      vertex 18.568825 -11.193201 0.000000
      vertex 18.568825 -11.193201 1.000000
      vertex 18.567096 -11.185558 0.000000
    endloop
  endfacet
  facet normal -0.969258 -0.246048 0.000000
    outer loop
      vertex 18.567096 -11.185558 0.000000
      vertex 18.567096 -11.185558 1.000000
      vertex 18.561314 -11.162783 0.000000
    endloop
  endfacet
  facet normal -0.962512 -0.271239 0.000000
    outer loop
      vertex 18.561314 -11.162783 0.000000
      vertex 18.561314 -11.162783 1.000000
      vertex 18.559189 -11.155241 0.000000
    endloop
  endfacet
  facet normal -0.955084 -0.296334 0.000000
    outer loop
      vertex 18.559189 -11.155241 0.000000
      vertex 18.559189 -11.155241 1.000000
      vertex 18.487974 -10.925716 0.000000
    endloop
  endfacet
  facet normal -0.950102 -0.311939 0.000000
    outer loop
      vertex 18.487974 -10.925716 0.000000
      vertex 18.487974 -10.925716 1.000000
      vertex 18.486433 -10.921022 0.000000
    endloop
  endfacet
  facet normal -0.944812 -0.327613 0.000000
    outer loop
      vertex 18.486433 -10.921022 0.000000
      vertex 18.486433 -10.921022 1.000000
      vertex 18.483188 -10.911663 0.000000
    endloop
  endfacet
  facet normal -0.927553 -0.373693 0.000000
    outer loop
      vertex 18.483188 -10.911663 0.000000
      vertex 18.483188 -10.911663 1.000000
      vertex 18.477679 -10.897989 0.000000
    endloop
  endfacet
  facet normal -0.908066 -0.418827 0.000000
    outer loop
      vertex 18.477679 -10.897989 0.000000
      vertex 18.477679 -10.897989 1.000000
      vertex 18.466390 -10.873514 0.000000
    endloop
  endfacet
  facet normal -0.893863 -0.448341 0.000000
    outer loop
      vertex 18.466390 -10.873514 0.000000
      vertex 18.466390 -10.873514 1.000000
      vertex 18.461990 -10.864742 0.000000
    endloop
  endfacet
  facet normal -0.878722 -0.477334 0.000000
    outer loop
      vertex 18.461990 -10.864742 0.000000
      vertex 18.461990 -10.864742 1.000000
      vertex 18.349699 -10.658026 0.000000
    endloop
  endfacet
  facet normal -0.867618 -0.497232 0.000000
    outer loop
      vertex 18.349699 -10.658026 0.000000
      vertex 18.349699 -10.658026 1.000000
      vertex 18.346290 -10.652077 0.000000
    endloop
  endfacet
  facet normal -0.855987 -0.516997 0.000000
    outer loop
      vertex 18.346290 -10.652077 0.000000
      vertex 18.346290 -10.652077 1.000000
      vertex 18.335659 -10.634476 0.000000
    endloop
  endfacet
  facet normal -0.843973 -0.536385 0.000000
    outer loop
      vertex 18.335659 -10.634476 0.000000
      vertex 18.335659 -10.634476 1.000000
      vertex 18.331981 -10.628689 0.000000
    endloop
  endfacet
  facet normal -0.831468 -0.555572 0.000000
    outer loop
      vertex 18.331981 -10.628689 0.000000
      vertex 18.331981 -10.628689 1.000000
      vertex 18.253926 -10.511871 0.000000
    endloop
  endfacet
  facet normal -0.817226 -0.576317 0.000000
    outer loop
      vertex 18.253926 -10.511871 0.000000
      vertex 18.253926 -10.511871 1.000000
      vertex 18.249564 -10.505686 0.000000
    endloop
  endfacet
  facet normal -0.802384 -0.596809 0.000000
    outer loop
      vertex 18.249564 -10.505686 0.000000
      vertex 18.249564 -10.505686 1.000000
      vertex 18.236018 -10.487474 0.000000
    endloop
  endfacet
  facet normal -0.787087 -0.616842 0.000000
    outer loop
      vertex 18.236018 -10.487474 0.000000
      vertex 18.236018 -10.487474 1.000000
      vertex 18.231350 -10.481518 0.000000
    endloop
  endfacet
  facet normal -0.771256 -0.636525 0.000000
    outer loop
      vertex 18.231350 -10.481518 0.000000
      vertex 18.231350 -10.481518 1.000000
      vertex 18.081747 -10.300249 0.000000
    endloop
  endfacet
  facet normal -0.962512 0.271239 0.000000
    outer loop
      vertex 18.561314 -17.227276 0.000000
      vertex 18.559189 -17.234818 1.000000
      vertex 18.561314 -17.227276 1.000000
    endloop
  endfacet
  facet normal -0.969258 0.246048 0.000000
    outer loop
      vertex 18.567096 -17.204500 0.000000
      vertex 18.561314 -17.227276 1.000000
      vertex 18.567096 -17.204500 1.000000
    endloop
  endfacet
  facet normal -0.975352 0.220653 0.000000
    outer loop
      vertex 18.568825 -17.196857 0.000000
      vertex 18.567096 -17.204500 1.000000
      vertex 18.568825 -17.196857 1.000000
    endloop
  endfacet
  facet normal -0.893965 0.448138 0.000000
    outer loop
      vertex 18.469880 -17.509939 0.000000
      vertex 18.465441 -17.518795 1.000000
      vertex 18.469880 -17.509939 1.000000
    endloop
  endfacet
  facet normal -0.886409 0.462903 0.000000
    outer loop
      vertex 18.465441 -17.518795 0.000000
      vertex 18.463155 -17.523172 1.000000
      vertex 18.465441 -17.518795 1.000000
    endloop
  endfacet
  facet normal -0.914930 0.403613 0.000000
    outer loop
      vertex 18.475831 -17.496450 0.000000
      vertex 18.469880 -17.509939 1.000000
      vertex 18.475831 -17.496450 1.000000
    endloop
  endfacet
  facet normal -0.933653 0.358179 0.000000
    outer loop
      vertex 18.485484 -17.471287 0.000000
      vertex 18.475831 -17.496450 1.000000
      vertex 18.485484 -17.471287 1.000000
    endloop
  endfacet
  facet normal -0.878724 0.477330 0.000000
    outer loop
      vertex 18.463155 -17.523172 0.000000
      vertex 18.349699 -17.732035 1.000000
      vertex 18.463155 -17.523172 1.000000
    endloop
  endfacet
  facet normal -0.856012 0.516956 0.000000
    outer loop
      vertex 18.335659 -17.755585 1.000000
      vertex 18.346290 -17.737982 1.000000
      vertex 18.346290 -17.737982 0.000000
    endloop
  endfacet
  facet normal -0.867549 0.497352 0.000000
    outer loop
      vertex 18.349699 -17.732035 0.000000
      vertex 18.346290 -17.737982 1.000000
      vertex 18.349699 -17.732035 1.000000
    endloop
  endfacet
  facet normal -0.944896 0.327371 0.000000
    outer loop
      vertex 18.488697 -17.462013 0.000000
      vertex 18.485484 -17.471287 1.000000
      vertex 18.488697 -17.462013 1.000000
    endloop
  endfacet
  facet normal -0.955085 0.296333 0.000000
    outer loop
      vertex 18.559189 -17.234818 0.000000
      vertex 18.488697 -17.462013 1.000000
      vertex 18.559189 -17.234818 1.000000
    endloop
  endfacet
  facet normal -0.980785 0.195090 0.000000
    outer loop
      vertex 18.595931 -17.060585 0.000000
      vertex 18.568825 -17.196857 1.000000
      vertex 18.595931 -17.060585 1.000000
    endloop
  endfacet
  facet normal -0.985188 0.171475 0.000000
    outer loop
      vertex 18.597167 -17.053484 0.000000
      vertex 18.595931 -17.060585 1.000000
      vertex 18.597167 -17.053484 1.000000
    endloop
  endfacet
  facet normal -0.989027 0.147736 0.000000
    outer loop
      vertex 18.600361 -17.032103 0.000000
      vertex 18.597167 -17.053484 1.000000
      vertex 18.600361 -17.032103 1.000000
    endloop
  endfacet
  facet normal -0.992286 0.123970 0.000000
    outer loop
      vertex 18.601254 -17.024950 0.000000
      vertex 18.600361 -17.032103 1.000000
      vertex 18.601254 -17.024950 1.000000
    endloop
  endfacet
  facet normal -0.994982 0.100050 0.000000
    outer loop
      vertex 18.624925 -16.789553 0.000000
      vertex 18.601254 -17.024950 1.000000
      vertex 18.624925 -16.789553 1.000000
    endloop
  endfacet
  facet normal -0.995815 0.091393 0.000000
    outer loop
      vertex 18.625163 -16.786955 0.000000
      vertex 18.624925 -16.789553 1.000000
      vertex 18.625163 -16.786955 1.000000
    endloop
  endfacet
  facet normal -0.996573 0.082720 0.000000
    outer loop
      vertex 18.625404 -16.784054 0.000000
      vertex 18.625163 -16.786955 1.000000
      vertex 18.625404 -16.784054 1.000000
    endloop
  endfacet
  facet normal -0.999143 0.041401 0.000000
    outer loop
      vertex 18.625918 -16.771648 0.000000
      vertex 18.625404 -16.784054 1.000000
      vertex 18.625918 -16.771648 1.000000
    endloop
  endfacet
  facet normal -1.000000 0.000000 0.000000
    outer loop
      vertex 18.625918 -16.748440 0.000000
      vertex 18.625918 -16.771648 1.000000
      vertex 18.625918 -16.748440 1.000000
    endloop
  endfacet
  facet normal -0.997859 -0.065395 0.000000
    outer loop
      vertex 18.624636 -16.728882 0.000000
      vertex 18.625918 -16.748440 1.000000
      vertex 18.624636 -16.728882 1.000000
    endloop
  endfacet
  facet normal -0.991444 -0.130535 0.000000
    outer loop
      vertex 18.621437 -16.704580 0.000000
      vertex 18.624636 -16.728882 1.000000
      vertex 18.621437 -16.704580 1.000000
    endloop
  endfacet
  facet normal -0.986645 -0.162886 0.000000
    outer loop
      vertex 18.619838 -16.694899 0.000000
      vertex 18.621437 -16.704580 1.000000
      vertex 18.619838 -16.694899 1.000000
    endloop
  endfacet
  facet normal -0.980786 -0.195087 0.000000
    outer loop
      vertex 18.607688 -16.633814 0.000000
      vertex 18.619838 -16.694899 1.000000
      vertex 18.607688 -16.633814 1.000000
    endloop
  endfacet
  facet normal -0.973883 -0.227048 0.000000
    outer loop
      vertex 18.605460 -16.624256 0.000000
      vertex 18.607688 -16.633814 1.000000
      vertex 18.605460 -16.624256 1.000000
    endloop
  endfacet
  facet normal -0.965922 -0.258833 0.000000
    outer loop
      vertex 18.599115 -16.600580 0.000000
      vertex 18.605460 -16.624256 1.000000
      vertex 18.599115 -16.600580 1.000000
    endloop
  endfacet
  facet normal -0.946937 -0.321419 0.000000
    outer loop
      vertex 18.592815 -16.582020 0.000000
      vertex 18.599115 -16.600580 1.000000
      vertex 18.592815 -16.582020 1.000000
    endloop
  endfacet
  facet normal -0.923867 -0.382714 0.000000
    outer loop
      vertex 18.585315 -16.563913 0.000000
      vertex 18.592815 -16.582020 1.000000
      vertex 18.585315 -16.563913 1.000000
    endloop
  endfacet
  facet normal -0.896885 -0.442264 0.000000
    outer loop
      vertex 18.576646 -16.546333 0.000000
      vertex 18.585315 -16.563913 1.000000
      vertex 18.576646 -16.546333 1.000000
    endloop
  endfacet
  facet normal -0.866011 -0.500024 0.000000
    outer loop
      vertex 18.564390 -16.525106 0.000000
      vertex 18.576646 -16.546333 1.000000
      vertex 18.564390 -16.525106 1.000000
    endloop
  endfacet
  facet normal -0.849208 -0.528058 0.000000
    outer loop
      vertex 18.559208 -16.516773 0.000000
      vertex 18.564390 -16.525106 1.000000
      vertex 18.559208 -16.516773 1.000000
    endloop
  endfacet
  facet normal -0.831474 -0.555563 0.000000
    outer loop
      vertex 18.532862 -16.477343 0.000000
      vertex 18.559208 -16.516773 1.000000
      vertex 18.532862 -16.477343 1.000000
    endloop
  endfacet
  facet normal -0.812849 -0.582474 0.000000
    outer loop
      vertex 18.527146 -16.469366 0.000000
      vertex 18.532862 -16.477343 1.000000
      vertex 18.527146 -16.469366 1.000000
    endloop
  endfacet
  facet normal -0.793340 -0.608779 0.000000
    outer loop
      vertex 18.512224 -16.449921 0.000000
      vertex 18.527146 -16.469366 1.000000
      vertex 18.512224 -16.449921 1.000000
    endloop
  endfacet
  facet normal -0.751841 -0.659345 0.000000
    outer loop
      vertex 18.499301 -16.435184 0.000000
      vertex 18.512224 -16.449921 1.000000
      vertex 18.499301 -16.435184 1.000000
    endloop
  endfacet
  facet normal -0.707095 -0.707119 0.000000
    outer loop
      vertex 18.485442 -16.421326 0.000000
      vertex 18.499301 -16.435184 1.000000
      vertex 18.485442 -16.421326 1.000000
    endloop
  endfacet
  facet normal -0.659384 -0.751806 0.000000
    outer loop
      vertex 18.470706 -16.408401 0.000000
      vertex 18.485442 -16.421326 1.000000
      vertex 18.470706 -16.408401 1.000000
    endloop
  endfacet
  facet normal -0.608738 -0.793371 0.000000
    outer loop
      vertex 18.451259 -16.393480 0.000000
      vertex 18.470706 -16.408401 1.000000
      vertex 18.451259 -16.393480 1.000000
    endloop
  endfacet
  facet normal -0.582506 -0.812826 0.000000
    outer loop
      vertex 18.443283 -16.387764 0.000000
      vertex 18.451259 -16.393480 1.000000
      vertex 18.443283 -16.387764 1.000000
    endloop
  endfacet
  facet normal -0.555572 -0.831468 0.000000
    outer loop
      vertex 18.403853 -16.361418 0.000000
      vertex 18.443283 -16.387764 1.000000
      vertex 18.403853 -16.361418 1.000000
    endloop
  endfacet
  facet normal -0.528093 -0.849186 0.000000
    outer loop
      vertex 18.395520 -16.356236 0.000000
      vertex 18.403853 -16.361418 1.000000
      vertex 18.395520 -16.356236 1.000000
    endloop
  endfacet
  facet normal -0.499964 -0.866046 0.000000
    outer loop
      vertex 18.374292 -16.343981 0.000000
      vertex 18.395520 -16.356236 1.000000
      vertex 18.374292 -16.343981 1.000000
    endloop
  endfacet
  facet normal -0.442292 -0.896871 0.000000
    outer loop
      vertex 18.356713 -16.335312 0.000000
      vertex 18.374292 -16.343981 1.000000
      vertex 18.356713 -16.335312 1.000000
    endloop
  endfacet
  facet normal -0.382730 -0.923860 0.000000
    outer loop
      vertex 18.338605 -16.327810 0.000000
      vertex 18.356713 -16.335312 1.000000
      vertex 18.338605 -16.327810 1.000000
    endloop
  endfacet
  facet normal -0.321427 -0.946934 0.000000
    outer loop
      vertex 18.320045 -16.321510 0.000000
      vertex 18.338605 -16.327810 1.000000
      vertex 18.320045 -16.321510 1.000000
    endloop
  endfacet
  facet normal -0.258810 -0.965928 0.000000
    outer loop
      vertex 18.296369 -16.315166 0.000000
      vertex 18.320045 -16.321510 1.000000
      vertex 18.296369 -16.315166 1.000000
    endloop
  endfacet
  facet normal -0.227024 -0.973889 0.000000
    outer loop
      vertex 18.286812 -16.312939 0.000000
      vertex 18.296369 -16.315166 1.000000
      vertex 18.286812 -16.312939 1.000000
    endloop
  endfacet
  facet normal -0.195091 -0.980785 0.000000
    outer loop
      vertex 18.208347 -16.297331 0.000000
      vertex 18.286812 -16.312939 1.000000
      vertex 18.208347 -16.297331 1.000000
    endloop
  endfacet
  facet normal -0.179125 -0.983826 0.000000
    outer loop
      vertex 18.203517 -16.296452 0.000000
      vertex 18.208347 -16.297331 1.000000
      vertex 18.203517 -16.296452 1.000000
    endloop
  endfacet
  facet normal -0.162894 -0.986644 0.000000
    outer loop
      vertex 18.193836 -16.294853 0.000000
      vertex 18.203517 -16.296452 1.000000
      vertex 18.193836 -16.294853 1.000000
    endloop
  endfacet
  facet normal -0.114351 -0.993440 0.000000
    outer loop
      vertex 18.179221 -16.293171 0.000000
      vertex 18.193836 -16.294853 1.000000
      vertex 18.179221 -16.293171 1.000000
    endloop
  endfacet
  facet normal 0.000000 0.000000 -1.000000
    outer loop
      vertex 18.601254 -17.024950 1.000000
      vertex 18.208347 -16.297331 1.000000
      vertex 18.624925 -16.789553 1.000000
    endloop
  endfacet
  facet normal 0.000000 0.000000 -1.000000
    outer loop
      vertex 18.625163 -16.786955 1.000000
      vertex 18.208347 -16.297331 1.000000
      vertex 18.625404 -16.784054 1.000000
    endloop
  endfacet
  facet normal 0.000000 0.000000 -1.000000
    outer loop
      vertex 18.624925 -16.789553 1.000000
      vertex 18.208347 -16.297331 1.000000
      vertex 18.625163 -16.786955 1.000000
    endloop
  endfacet
  facet normal 0.000000 0.000000 -1.000000
    outer loop
      vertex 18.625404 -16.784054 1.000000
      vertex 18.208347 -16.297331 1.000000
      vertex 18.625918 -16.771648 1.000000
    endloop
  endfacet
  facet normal 0.000000 0.000000 -1.000000
    outer loop
      vertex 18.625918 -16.771648 1.000000
      vertex 18.208347 -16.297331 1.000000
      vertex 18.625918 -16.748440 1.000000
    endloop
  endfacet
  facet normal 0.000000 0.000000 -1.000000
    outer loop
      vertex 18.625918 -16.748440 1.000000
      vertex 18.208347 -16.297331 1.000000
      vertex 18.624636 -16.728882 1.000000
    endloop
  endfacet
  facet normal 0.000000 0.000000 -1.000000
    outer loop
      vertex 18.624636 -16.728882 1.000000
      vertex 18.208347 -16.297331 1.000000
      vertex 18.621437 -16.704580 1.000000
    endloop
  endfacet
  facet normal 0.000000 0.000000 -1.000000
    outer loop
      vertex 18.621437 -16.704580 1.000000
      vertex 18.208347 -16.297331 1.000000
      vertex 18.619838 -16.694899 1.000000
    endloop
  endfacet
  facet normal 0.000000 0.000000 -1.000000
    outer loop
      vertex 18.619838 -16.694899 1.000000
      vertex 18.208347 -16.297331 1.000000
      vertex 18.607688 -16.633814 1.000000
    endloop
  endfacet
  facet normal 0.000000 0.000000 -1.000000
    outer loop
      vertex 18.607688 -16.633814 1.000000
      vertex 18.208347 -16.297331 1.000000
      vertex 18.605460 -16.624256 1.000000
    endloop
  endfacet
  facet normal 0.000000 0.000000 -1.000000
    outer loop
      vertex 18.605460 -16.624256 1.000000
      vertex 18.208347 -16.297331 1.000000
      vertex 18.599115 -16.600580 1.000000
    endloop
  endfacet
  facet normal 0.000000 0.000000 -1.000000
    outer loop
      vertex 18.599115 -16.600580 1.000000
      vertex 18.208347 -16.297331 1.000000
      vertex 18.592815 -16.582020 1.000000
    endloop
  endfacet
  facet normal 0.000000 0.000000 -1.000000
    outer loop
      vertex 18.592815 -16.582020 1.000000
      vertex 18.208347 -16.297331 1.000000
      vertex 18.585315 -16.563913 1.000000
    endloop
  endfacet
  facet normal 0.000000 0.000000 -1.000000
    outer loop
      vertex 18.585315 -16.563913 1.000000
      vertex 18.208347 -16.297331 1.000000
      vertex 18.576646 -16.546333 1.000000
    endloop
  endfacet
  facet normal 0.000000 0.000000 -1.000000
    outer loop
      vertex 18.576646 -16.546333 1.000000
      vertex 18.208347 -16.297331 1.000000
      vertex 18.564390 -16.525106 1.000000
    endloop
  endfacet
  facet normal 0.000000 0.000000 -1.000000
    outer loop
      vertex 18.564390 -16.525106 1.000000
      vertex 18.208347 -16.297331 1.000000
      vertex 18.559208 -16.516773 1.000000
    endloop
  endfacet
  facet normal 0.000000 0.000000 -1.000000
    outer loop
      vertex 18.559208 -16.516773 1.000000
      vertex 18.208347 -16.297331 1.000000
      vertex 18.532862 -16.477343 1.000000
    endloop
  endfacet
  facet normal 0.000000 0.000000 -1.000000
    outer loop
      vertex 18.532862 -16.477343 1.000000
      vertex 18.208347 -16.297331 1.000000
      vertex 18.527146 -16.469366 1.000000
    endloop
  endfacet
  facet normal 0.000000 0.000000 -1.000000
    outer loop
      vertex 18.527146 -16.469366 1.000000
      vertex 18.208347 -16.297331 1.000000
      vertex 18.512224 -16.449921 1.000000
    endloop
  endfacet
  facet normal 0.000000 0.000000 -1.000000
    outer loop
      vertex 18.512224 -16.449921 1.000000
      vertex 18.208347 -16.297331 1.000000
      vertex 18.499301 -16.435184 1.000000
    endloop
  endfacet
  facet normal 0.000000 0.000000 -1.000000
    outer loop
      vertex 18.499301 -16.435184 1.000000
      vertex 18.208347 -16.297331 1.000000
      vertex 18.485442 -16.421326 1.000000
    endloop
  endfacet
  facet normal 0.000000 0.000000 -1.000000
    outer loop
      vertex 18.485442 -16.421326 1.000000
      vertex 18.208347 -16.297331 1.000000
      vertex 18.470706 -16.408401 1.000000
    endloop
  endfacet
  facet normal 0.000000 0.000000 -1.000000
    outer loop
      vertex 18.470706 -16.408401 1.000000
      vertex 18.208347 -16.297331 1.000000
      vertex 18.451259 -16.393480 1.000000
    endloop
  endfacet
  facet normal 0.000000 0.000000 -1.000000
    outer loop
      vertex 18.601254 -17.024950 1.000000
      vertex 18.203517 -16.296452 1.000000
      vertex 18.208347 -16.297331 1.000000
    endloop
  endfacet
  facet normal 0.000000 0.000000 -1.000000
    outer loop
      vertex 18.601254 -17.024950 1.000000
      vertex 18.193836 -16.294853 1.000000
      vertex 18.203517 -16.296452 1.000000
    endloop
  endfacet
  facet normal 0.000000 0.000000 -1.000000
    outer loop
      vertex 18.601254 -17.024950 1.000000
      vertex 18.179221 -16.293171 1.000000
      vertex 18.193836 -16.294853 1.000000
    endloop
  endfacet
  facet normal 0.000000 0.000000 -1.000000
    outer loop
      vertex 18.601254 -17.024950 1.000000
      vertex 18.152311 -16.291409 1.000000
      vertex 18.179221 -16.293171 1.000000
    endloop
  endfacet
  facet normal 0.000000 0.000000 -1.000000
    outer loop
      vertex 18.601254 -17.024950 1.000000
      vertex 18.142503 -16.291086 1.000000
      vertex 18.152311 -16.291409 1.000000
    endloop
  endfacet
  facet normal 0.000000 0.000000 -1.000000
    outer loop
      vertex 18.395520 -16.356236 1.000000
      vertex 18.356713 -16.335312 1.000000
      vertex 18.374292 -16.343981 1.000000
    endloop
  endfacet
  facet normal 0.000000 0.000000 -1.000000
    outer loop
      vertex 18.451259 -16.393480 1.000000
      vertex 18.208347 -16.297331 1.000000
      vertex 18.443283 -16.387764 1.000000
    endloop
  endfacet
  facet normal 0.000000 0.000000 -1.000000
    outer loop
      vertex 18.395520 -16.356236 1.000000
      vertex 18.338605 -16.327810 1.000000
      vertex 18.356713 -16.335312 1.000000
    endloop
  endfacet
  facet normal 0.000000 0.000000 -1.000000
    outer loop
      vertex 18.443283 -16.387764 1.000000
      vertex 18.208347 -16.297331 1.000000
      vertex 18.403853 -16.361418 1.000000
    endloop
  endfacet
  facet normal 0.000000 0.000000 -1.000000
    outer loop
      vertex 18.395520 -16.356236 1.000000
      vertex 18.320045 -16.321510 1.000000
      vertex 18.338605 -16.327810 1.000000
    endloop
  endfacet
  facet normal 0.000000 0.000000 -1.000000
    outer loop
      vertex 18.403853 -16.361418 1.000000
      vertex 18.208347 -16.297331 1.000000
      vertex 18.395520 -16.356236 1.000000
    endloop
  endfacet
  facet normal 0.000000 0.000000 -1.000000
    outer loop
      vertex 18.395520 -16.356236 1.000000
      vertex 18.296369 -16.315166 1.000000
      vertex 18.320045 -16.321510 1.000000
    endloop
  endfacet
  facet normal 0.000000 0.000000 -1.000000
    outer loop
      vertex 18.395520 -16.356236 1.000000
      vertex 18.286812 -16.312939 1.000000
      vertex 18.296369 -16.315166 1.000000
    endloop
  endfacet
  facet normal 0.000000 0.000000 -1.000000
    outer loop
      vertex 18.395520 -16.356236 1.000000
      vertex 18.208347 -16.297331 1.000000
      vertex 18.286812 -16.312939 1.000000
    endloop
  endfacet
  facet normal -0.849186 0.528093 0.000000
    outer loop
      vertex 18.564390 -11.864954 0.000000
      vertex 18.559208 -11.873287 1.000000
      vertex 18.564390 -11.864954 1.000000
    endloop
  endfacet
  facet normal -0.831462 0.555582 0.000000
    outer loop
      vertex 18.559208 -11.873287 0.000000
      vertex 18.532862 -11.912716 1.000000
      vertex 18.559208 -11.873287 1.000000
    endloop
  endfacet
  facet normal -0.946930 0.321441 0.000000
    outer loop
      vertex 18.599115 -11.789478 0.000000
      vertex 18.592815 -11.808039 1.000000
      vertex 18.599115 -11.789478 1.000000
    endloop
  endfacet
  facet normal -0.866039 0.499976 0.000000
    outer loop
      vertex 18.576646 -11.843725 0.000000
      vertex 18.564390 -11.864954 1.000000
      vertex 18.576646 -11.843725 1.000000
    endloop
  endfacet
  facet normal -0.896866 0.442302 0.000000
    outer loop
      vertex 18.585315 -11.826147 0.000000
      vertex 18.576646 -11.843725 1.000000
      vertex 18.585315 -11.826147 1.000000
    endloop
  endfacet
  facet normal -0.923890 0.382659 0.000000
    outer loop
      vertex 18.592815 -11.808039 0.000000
      vertex 18.585315 -11.826147 1.000000
      vertex 18.592815 -11.808039 1.000000
    endloop
  endfacet
  facet normal -0.965927 0.258815 0.000000
    outer loop
      vertex 18.605459 -11.765802 0.000000
      vertex 18.599115 -11.789478 1.000000
      vertex 18.605459 -11.765802 1.000000
    endloop
  endfacet
  facet normal -0.973863 0.227137 0.000000
    outer loop
      vertex 18.607688 -11.756247 0.000000
      vertex 18.605459 -11.765802 1.000000
      vertex 18.607688 -11.756247 1.000000
    endloop
  endfacet
  facet normal -0.980786 0.195086 0.000000
    outer loop
      vertex 18.620542 -11.691626 0.000000
      vertex 18.607688 -11.756247 1.000000
      vertex 18.620542 -11.691626 1.000000
    endloop
  endfacet
  facet normal -0.982473 0.186407 0.000000
    outer loop
      vertex 18.621028 -11.689062 0.000000
      vertex 18.620542 -11.691626 1.000000
      vertex 18.621028 -11.689062 1.000000
    endloop
  endfacet
  facet normal -0.983995 0.178194 0.000000
    outer loop
      vertex 18.621547 -11.686197 0.000000
      vertex 18.621028 -11.689062 1.000000
      vertex 18.621547 -11.686197 1.000000
    endloop
  endfacet
  facet normal -0.990556 0.137108 0.000000
    outer loop
      vertex 18.623249 -11.673899 0.000000
      vertex 18.621547 -11.686197 1.000000
      vertex 18.623249 -11.673899 1.000000
    endloop
  endfacet
  facet normal -0.995384 0.095976 0.000000
    outer loop
      vertex 18.625476 -11.650799 0.000000
      vertex 18.623249 -11.673899 1.000000
      vertex 18.625476 -11.650799 1.000000
    endloop
  endfacet
  facet normal -0.751841 0.659345 0.000000
    outer loop
      vertex 18.512224 -11.940140 0.000000
      vertex 18.499301 -11.954876 1.000000
      vertex 18.512224 -11.940140 1.000000
    endloop
  endfacet
  facet normal -0.793369 0.608741 0.000000
    outer loop
      vertex 18.527146 -11.920692 0.000000
      vertex 18.512224 -11.940140 1.000000
      vertex 18.527146 -11.920692 1.000000
    endloop
  endfacet
  facet normal -0.659329 0.751854 0.000000
    outer loop
      vertex 18.485442 -11.968735 0.000000
      vertex 18.470706 -11.981657 1.000000
      vertex 18.485442 -11.968735 1.000000
    endloop
  endfacet
  facet normal -0.608787 0.793334 0.000000
    outer loop
      vertex 18.470706 -11.981657 0.000000
      vertex 18.451259 -11.996580 1.000000
      vertex 18.470706 -11.981657 1.000000
    endloop
  endfacet
  facet normal -0.707095 0.707119 0.000000
    outer loop
      vertex 18.499301 -11.954876 0.000000
      vertex 18.485442 -11.968735 1.000000
      vertex 18.499301 -11.954876 1.000000
    endloop
  endfacet
  facet normal -0.582378 0.812918 0.000000
    outer loop
      vertex 18.451259 -11.996580 0.000000
      vertex 18.443283 -12.002295 1.000000
      vertex 18.451259 -11.996580 1.000000
    endloop
  endfacet
  facet normal -0.555572 0.831468 0.000000
    outer loop
      vertex 18.443283 -12.002295 0.000000
      vertex 18.403853 -12.028641 1.000000
      vertex 18.443283 -12.002295 1.000000
    endloop
  endfacet
  facet normal -0.442292 0.896871 0.000000
    outer loop
      vertex 18.374292 -12.046080 0.000000
      vertex 18.356713 -12.054749 1.000000
      vertex 18.374292 -12.046080 1.000000
    endloop
  endfacet
  facet normal -0.528093 0.849186 0.000000
    outer loop
      vertex 18.403853 -12.028641 0.000000
      vertex 18.395520 -12.033823 1.000000
      vertex 18.403853 -12.028641 1.000000
    endloop
  endfacet
  facet normal -0.500022 0.866013 0.000000
    outer loop
      vertex 18.395520 -12.033823 0.000000
      vertex 18.374292 -12.046080 1.000000
      vertex 18.395520 -12.033823 1.000000
    endloop
  endfacet
  facet normal -0.258883 0.965909 0.000000
    outer loop
      vertex 18.320045 -12.068548 0.000000
      vertex 18.296369 -12.074894 1.000000
      vertex 18.320045 -12.068548 1.000000
    endloop
  endfacet
  facet normal -0.227024 0.973889 0.000000
    outer loop
      vertex 18.296369 -12.074894 0.000000
      vertex 18.286812 -12.077122 1.000000
      vertex 18.296369 -12.074894 1.000000
    endloop
  endfacet
  facet normal -0.195093 0.980785 0.000000
    outer loop
      vertex 18.286812 -12.077122 0.000000
      vertex 18.210754 -12.092251 1.000000
      vertex 18.286812 -12.077122 1.000000
    endloop
  endfacet
  facet normal -0.162878 0.986646 0.000000
    outer loop
      vertex 18.210754 -12.092251 0.000000
      vertex 18.201072 -12.093849 1.000000
      vertex 18.210754 -12.092251 1.000000
    endloop
  endfacet
  facet normal -0.130489 0.991450 0.000000
    outer loop
      vertex 18.201072 -12.093849 0.000000
      vertex 18.174335 -12.097368 1.000000
      vertex 18.201072 -12.093849 1.000000
    endloop
  endfacet
  facet normal -0.382647 0.923895 0.000000
    outer loop
      vertex 18.356713 -12.054749 0.000000
      vertex 18.338605 -12.062248 1.000000
      vertex 18.356713 -12.054749 1.000000
    endloop
  endfacet
  facet normal -0.321427 0.946934 0.000000
    outer loop
      vertex 18.338605 -12.062248 0.000000
      vertex 18.320045 -12.068548 1.000000
      vertex 18.338605 -12.062248 1.000000
    endloop
  endfacet
  facet normal -0.812849 0.582474 0.000000
    outer loop
      vertex 18.532862 -11.912716 0.000000
      vertex 18.527146 -11.920692 1.000000
      vertex 18.532862 -11.912716 1.000000
    endloop
  endfacet
  facet normal -0.999529 0.030676 0.000000
    outer loop
      vertex 18.626078 -11.631207 0.000000
      vertex 18.625476 -11.650799 1.000000
      vertex 18.626078 -11.631207 1.000000
    endloop
  endfacet
  facet normal -0.999396 -0.034745 0.000000
    outer loop
      vertex 18.625226 -11.606710 0.000000
      vertex 18.626078 -11.631207 1.000000
      vertex 18.625226 -11.606710 1.000000
    endloop
  endfacet
  facet normal -0.997723 -0.067448 0.000000
    outer loop
      vertex 18.624564 -11.596920 0.000000
      vertex 18.625226 -11.606710 1.000000
      vertex 18.624564 -11.596920 1.000000
    endloop
  endfacet
  facet normal -0.994982 -0.100050 0.000000
    outer loop
      vertex 18.601254 -11.365108 0.000000
      vertex 18.624564 -11.596920 1.000000
      vertex 18.601254 -11.365108 1.000000
    endloop
  endfacet
  facet normal -0.992282 -0.124002 0.000000
    outer loop
      vertex 18.600361 -11.357958 0.000000
      vertex 18.601254 -11.365108 1.000000
      vertex 18.600361 -11.357958 1.000000
    endloop
  endfacet
  facet normal -0.989027 -0.147736 0.000000
    outer loop
      vertex 18.597167 -11.336576 0.000000
      vertex 18.600361 -11.357958 1.000000
      vertex 18.597167 -11.336576 1.000000
    endloop
  endfacet
  facet normal -0.985188 -0.171475 0.000000
    outer loop
      vertex 18.595931 -11.329475 0.000000
      vertex 18.597167 -11.336576 1.000000
      vertex 18.595931 -11.329475 1.000000
    endloop
  endfacet
  facet normal -0.980786 -0.195088 0.000000
    outer loop
      vertex 18.568825 -11.193201 0.000000
      vertex 18.595931 -11.329475 1.000000
      vertex 18.568825 -11.193201 1.000000
    endloop
  endfacet
  facet normal -0.975352 -0.220653 0.000000
    outer loop
      vertex 18.567096 -11.185558 0.000000
      vertex 18.568825 -11.193201 1.000000
      vertex 18.567096 -11.185558 1.000000
    endloop
  endfacet
  facet normal -0.969258 -0.246048 0.000000
    outer loop
      vertex 18.561314 -11.162783 0.000000
      vertex 18.567096 -11.185558 1.000000
      vertex 18.561314 -11.162783 1.000000
    endloop
  endfacet
  facet normal -0.962512 -0.271239 0.000000
    outer loop
      vertex 18.559189 -11.155241 0.000000
      vertex 18.561314 -11.162783 1.000000
      vertex 18.559189 -11.155241 1.000000
    endloop
  endfacet
  facet normal -0.955084 -0.296334 0.000000
    outer loop
      vertex 18.487974 -10.925716 0.000000
      vertex 18.559189 -11.155241 1.000000
      vertex 18.487974 -10.925716 1.000000
    endloop
  endfacet
  facet normal -0.950102 -0.311939 0.000000
    outer loop
      vertex 18.486433 -10.921022 0.000000
      vertex 18.487974 -10.925716 1.000000
      vertex 18.486433 -10.921022 1.000000
    endloop
  endfacet
  facet normal -0.944812 -0.327613 0.000000
    outer loop
      vertex 18.483188 -10.911663 0.000000
      vertex 18.486433 -10.921022 1.000000
      vertex 18.483188 -10.911663 1.000000
    endloop
  endfacet
  facet normal -0.927553 -0.373693 0.000000
    outer loop
      vertex 18.477679 -10.897989 0.000000
      vertex 18.483188 -10.911663 1.000000
      vertex 18.477679 -10.897989 1.000000
    endloop
  endfacet
  facet normal -0.908066 -0.418827 0.000000
    outer loop
      vertex 18.466390 -10.873514 0.000000
      vertex 18.477679 -10.897989 1.000000
      vertex 18.466390 -10.873514 1.000000
    endloop
  endfacet
  facet normal -0.893863 -0.448341 0.000000
    outer loop
      vertex 18.461990 -10.864742 0.000000
      vertex 18.466390 -10.873514 1.000000
      vertex 18.461990 -10.864742 1.000000
    endloop
  endfacet
  facet normal -0.878722 -0.477334 0.000000
    outer loop
      vertex 18.349699 -10.658026 0.000000
      vertex 18.461990 -10.864742 1.000000
      vertex 18.349699 -10.658026 1.000000
    endloop
  endfacet
  facet normal -0.867618 -0.497232 0.000000
    outer loop
      vertex 18.346290 -10.652077 0.000000
      vertex 18.349699 -10.658026 1.000000
      vertex 18.346290 -10.652077 1.000000
    endloop
  endfacet
  facet normal -0.855987 -0.516997 0.000000
    outer loop
      vertex 18.335659 -10.634476 0.000000
      vertex 18.346290 -10.652077 1.000000
      vertex 18.335659 -10.634476 1.000000
    endloop
  endfacet
  facet normal -0.843973 -0.536385 0.000000
    outer loop
      vertex 18.331981 -10.628689 0.000000
      vertex 18.335659 -10.634476 1.000000
      vertex 18.331981 -10.628689 1.000000
    endloop
  endfacet
  facet normal -0.831468 -0.555572 0.000000
    outer loop
      vertex 18.253926 -10.511871 0.000000
      vertex 18.331981 -10.628689 1.000000
      vertex 18.253926 -10.511871 1.000000
    endloop
  endfacet
  facet normal -0.817226 -0.576317 0.000000
    outer loop
      vertex 18.249564 -10.505686 0.000000
      vertex 18.253926 -10.511871 1.000000
      vertex 18.249564 -10.505686 1.000000
    endloop
  endfacet
  facet normal -0.802384 -0.596809 0.000000
    outer loop
      vertex 18.236018 -10.487474 0.000000
      vertex 18.249564 -10.505686 1.000000
      vertex 18.236018 -10.487474 1.000000
    endloop
  endfacet
  facet normal -0.787087 -0.616842 0.000000
    outer loop
      vertex 18.231350 -10.481518 0.000000
      vertex 18.236018 -10.487474 1.000000
      vertex 18.231350 -10.481518 1.000000
    endloop
  endfacet
  facet normal 0.000000 0.000000 -1.000000
    outer loop
      vertex 18.564390 -11.864954 1.000000
      vertex 18.585315 -11.826147 1.000000
      vertex 18.576646 -11.843725 1.000000
    endloop
  endfacet
  facet normal 0.000000 0.000000 -1.000000
    outer loop
      vertex 18.620542 -11.691626 1.000000
      vertex 18.532862 -11.912716 1.000000
      vertex 18.527146 -11.920692 1.000000
    endloop
  endfacet
  facet normal 0.000000 0.000000 -1.000000
    outer loop
      vertex 18.564390 -11.864954 1.000000
      vertex 18.592815 -11.808039 1.000000
      vertex 18.585315 -11.826147 1.000000
    endloop
  endfacet
  facet normal -0.000000 0.000000 -1.000000
    outer loop
      vertex 18.559208 -11.873287 1.000000
      vertex 18.532862 -11.912716 1.000000
      vertex 18.620542 -11.691626 1.000000
    endloop
  endfacet
  facet normal 0.000000 0.000000 -1.000000
    outer loop
      vertex 18.620542 -11.691626 1.000000
      vertex 18.527146 -11.920692 1.000000
      vertex 18.512224 -11.940140 1.000000
    endloop
  endfacet
  facet normal 0.000000 0.000000 -1.000000
    outer loop
      vertex 18.564390 -11.864954 1.000000
      vertex 18.599115 -11.789478 1.000000
      vertex 18.592815 -11.808039 1.000000
    endloop
  endfacet
  facet normal 0.000000 0.000000 -1.000000
    outer loop
      vertex 18.564390 -11.864954 1.000000
      vertex 18.605459 -11.765802 1.000000
      vertex 18.599115 -11.789478 1.000000
    endloop
  endfacet
  facet normal 0.000000 0.000000 -1.000000
    outer loop
      vertex 18.559208 -11.873287 1.000000
      vertex 18.620542 -11.691626 1.000000
      vertex 18.564390 -11.864954 1.000000
    endloop
  endfacet
  facet normal 0.000000 0.000000 -1.000000
    outer loop
      vertex 18.564390 -11.864954 1.000000
      vertex 18.607688 -11.756247 1.000000
      vertex 18.605459 -11.765802 1.000000
    endloop
  endfacet
  facet normal 0.000000 0.000000 -1.000000
    outer loop
      vertex 18.564390 -11.864954 1.000000
      vertex 18.620542 -11.691626 1.000000
      vertex 18.607688 -11.756247 1.000000
    endloop
  endfacet
  facet normal 0.000000 0.000000 -1.000000
    outer loop
      vertex 18.620542 -11.691626 1.000000
      vertex 18.356713 -12.054749 1.000000
      vertex 18.338605 -12.062248 1.000000
    endloop
  endfacet
  facet normal 0.000000 0.000000 -1.000000
    outer loop
      vertex 18.620542 -11.691626 1.000000
      vertex 18.374292 -12.046080 1.000000
      vertex 18.356713 -12.054749 1.000000
    endloop
  endfacet
  facet normal 0.000000 0.000000 -1.000000
    outer loop
      vertex 18.620542 -11.691626 1.000000
      vertex 18.338605 -12.062248 1.000000
      vertex 18.320045 -12.068548 1.000000
    endloop
  endfacet
  facet normal 0.000000 0.000000 -1.000000
    outer loop
      vertex 18.620542 -11.691626 1.000000
      vertex 18.320045 -12.068548 1.000000
      vertex 18.296369 -12.074894 1.000000
    endloop
  endfacet
  facet normal 0.000000 0.000000 -1.000000
    outer loop
      vertex 18.620542 -11.691626 1.000000
      vertex 18.286812 -12.077122 1.000000
      vertex 18.210754 -12.092251 1.000000
    endloop
  endfacet
  facet normal 0.000000 0.000000 -1.000000
    outer loop
      vertex 18.620542 -11.691626 1.000000
      vertex 18.296369 -12.074894 1.000000
      vertex 18.286812 -12.077122 1.000000
    endloop
  endfacet
  facet normal 0.000000 0.000000 -1.000000
    outer loop
      vertex 18.620542 -11.691626 1.000000
      vertex 18.210754 -12.092251 1.000000
      vertex 18.201072 -12.093849 1.000000
    endloop
  endfacet
  facet normal 0.000000 0.000000 -1.000000
    outer loop
      vertex 18.620542 -11.691626 1.000000
      vertex 18.201072 -12.093849 1.000000
      vertex 18.174335 -12.097368 1.000000
    endloop
  endfacet
  facet normal 0.000000 0.000000 -1.000000
    outer loop
      vertex 18.620542 -11.691626 1.000000
      vertex 18.174335 -12.097368 1.000000
      vertex 18.159673 -12.098572 1.000000
    endloop
  endfacet
  facet normal 0.000000 0.000000 -1.000000
    outer loop
      vertex 18.620542 -11.691626 1.000000
      vertex 18.159673 -12.098572 1.000000
      vertex 18.149866 -12.098892 1.000000
    endloop
  endfacet
  facet normal 0.000000 0.000000 -1.000000
    outer loop
      vertex 18.620542 -11.691626 1.000000
      vertex 18.149866 -12.098892 1.000000
      vertex 18.144958 -12.098972 1.000000
    endloop
  endfacet
  facet normal 0.000000 0.000000 -1.000000
    outer loop
      vertex 18.620542 -11.691626 1.000000
      vertex 18.451259 -11.996580 1.000000
      vertex 18.443283 -12.002295 1.000000
    endloop
  endfacet
  facet normal 0.000000 0.000000 -1.000000
    outer loop
      vertex 18.620542 -11.691626 1.000000
      vertex 18.485442 -11.968735 1.000000
      vertex 18.470706 -11.981657 1.000000
    endloop
  endfacet
  facet normal 0.000000 0.000000 -1.000000
    outer loop
      vertex 18.620542 -11.691626 1.000000
      vertex 18.470706 -11.981657 1.000000
      vertex 18.451259 -11.996580 1.000000
    endloop
  endfacet
  facet normal 0.000000 0.000000 -1.000000
    outer loop
      vertex 18.620542 -11.691626 1.000000
      vertex 18.499301 -11.954876 1.000000
      vertex 18.485442 -11.968735 1.000000
    endloop
  endfacet
  facet normal 0.000000 0.000000 -1.000000
    outer loop
      vertex 18.620542 -11.691626 1.000000
      vertex 18.512224 -11.940140 1.000000
      vertex 18.499301 -11.954876 1.000000
    endloop
  endfacet
  facet normal 0.000000 0.000000 -1.000000
    outer loop
      vertex 18.620542 -11.691626 1.000000
      vertex 18.403853 -12.028641 1.000000
      vertex 18.395520 -12.033823 1.000000
    endloop
  endfacet
  facet normal 0.000000 0.000000 -1.000000
    outer loop
      vertex 18.620542 -11.691626 1.000000
      vertex 18.395520 -12.033823 1.000000
      vertex 18.374292 -12.046080 1.000000
    endloop
  endfacet
  facet normal 0.000000 0.000000 -1.000000
    outer loop
      vertex 18.620542 -11.691626 1.000000
      vertex 18.443283 -12.002295 1.000000
      vertex 18.403853 -12.028641 1.000000
    endloop
  endfacet
  facet normal 0.000000 0.000000 -1.000000
    outer loop
      vertex 18.152311 -16.291409 0.000000
      vertex 18.142503 -16.291086 0.000000
      vertex 18.149866 -12.098892 0.000000
    endloop
  endfacet
  facet normal 0.000000 0.000000 -1.000000
    outer loop
      vertex 18.179221 -16.293171 0.000000
      vertex 18.152311 -16.291409 0.000000
      vertex 18.159673 -12.098572 0.000000
    endloop
  endfacet
  facet normal 0.000000 0.000000 -1.000000
    outer loop
      vertex 18.142503 -16.291086 0.000000
      vertex 15.238873 -16.291086 0.000000
      vertex 18.144958 -12.098972 0.000000
    endloop
  endfacet
  facet normal 0.000000 0.000000 -1.000000
    outer loop
      vertex 18.142503 -16.291086 0.000000
      vertex 18.144958 -12.098972 0.000000
      vertex 18.149866 -12.098892 0.000000
    endloop
  endfacet
  facet normal 0.000000 0.000000 -1.000000
    outer loop
      vertex 18.152311 -16.291409 0.000000
      vertex 18.149866 -12.098892 0.000000
      vertex 18.159673 -12.098572 0.000000
    endloop
  endfacet
  facet normal 0.000000 0.000000 -1.000000
    outer loop
      vertex 15.238873 -16.291086 0.000000
      vertex 15.241327 -12.098972 0.000000
      vertex 18.144958 -12.098972 0.000000
    endloop
  endfacet
  facet normal 0.000000 0.000000 -1.000000
    outer loop
      vertex 15.238873 -16.291086 0.000000
      vertex 15.231520 -12.098652 0.000000
      vertex 15.241327 -12.098972 0.000000
    endloop
  endfacet
  facet normal 0.000000 0.000000 -1.000000
    outer loop
      vertex 15.238873 -16.291086 0.000000
      vertex 15.175484 -12.092730 0.000000
      vertex 15.180313 -12.093607 0.000000
    endloop
  endfacet
  facet normal 0.000000 0.000000 -1.000000
    outer loop
      vertex 15.238873 -16.291086 0.000000
      vertex 15.180313 -12.093607 0.000000
      vertex 15.189994 -12.095205 0.000000
    endloop
  endfacet
  facet normal 0.000000 0.000000 -1.000000
    outer loop
      vertex 15.238873 -16.291086 0.000000
      vertex 15.189994 -12.095205 0.000000
      vertex 15.204609 -12.096888 0.000000
    endloop
  endfacet
  facet normal 0.000000 0.000000 -1.000000
    outer loop
      vertex 15.238873 -16.291086 0.000000
      vertex 15.204609 -12.096888 0.000000
      vertex 15.231520 -12.098652 0.000000
    endloop
  endfacet
  facet normal 0.000000 0.000000 -1.000000
    outer loop
      vertex 15.238873 -16.291086 0.000000
      vertex 15.097018 -12.077122 0.000000
      vertex 15.175484 -12.092730 0.000000
    endloop
  endfacet
  facet normal -0.032847 -0.999460 0.000000
    outer loop
      vertex 18.152311 -16.291409 0.000000
      vertex 18.152311 -16.291409 1.000000
      vertex 18.142503 -16.291086 0.000000
    endloop
  endfacet
  facet normal 0.000000 -1.000000 0.000000
    outer loop
      vertex 18.142503 -16.291086 0.000000
      vertex 18.142503 -16.291086 1.000000
      vertex 15.238873 -16.291086 0.000000
    endloop
  endfacet
  facet normal 0.016710 -0.999860 0.000000
    outer loop
      vertex 15.238873 -16.291086 0.000000
      vertex 15.238873 -16.291086 1.000000
      vertex 15.233965 -16.291168 0.000000
    endloop
  endfacet
  facet normal 0.162886 -0.986645 0.000000
    outer loop
      vertex 15.182758 -16.296211 0.000000
      vertex 15.182758 -16.296211 1.000000
      vertex 15.173077 -16.297810 0.000000
    endloop
  endfacet
  facet normal 0.195092 -0.980785 0.000000
    outer loop
      vertex 15.173077 -16.297810 0.000000
      vertex 15.173077 -16.297810 1.000000
      vertex 15.097018 -16.312939 0.000000
    endloop
  endfacet
  facet normal 0.032658 -0.999467 0.000000
    outer loop
      vertex 15.233965 -16.291168 0.000000
      vertex 15.233965 -16.291168 1.000000
      vertex 15.224158 -16.291489 0.000000
    endloop
  endfacet
  facet normal 0.081677 -0.996659 0.000000
    outer loop
      vertex 15.224158 -16.291489 0.000000
      vertex 15.224158 -16.291489 1.000000
      vertex 15.209496 -16.292690 0.000000
    endloop
  endfacet
  facet normal 0.130561 -0.991440 0.000000
    outer loop
      vertex 15.182758 -16.296211 0.000000
      vertex 15.209496 -16.292690 0.000000
      vertex 15.209496 -16.292690 1.000000
    endloop
  endfacet
  facet normal 0.000000 0.000000 -1.000000
    outer loop
      vertex 14.769813 -16.582832 0.000000
      vertex 14.739037 -16.607180 0.000000
      vertex 14.705346 -16.627300 0.000000
    endloop
  endfacet
  facet normal 0.000000 0.000000 -1.000000
    outer loop
      vertex 14.631567 -16.653568 0.000000
      vertex 14.797147 -16.554676 0.000000
      vertex 14.769813 -16.582832 0.000000
    endloop
  endfacet
  facet normal 0.000000 0.000000 -1.000000
    outer loop
      vertex 14.592741 -16.659266 0.000000
      vertex 14.820573 -16.523193 0.000000
      vertex 14.797147 -16.554676 0.000000
    endloop
  endfacet
  facet normal 0.000000 0.000000 -1.000000
    outer loop
      vertex 14.669317 -16.642853 0.000000
      vertex 14.769813 -16.582832 0.000000
      vertex 14.705346 -16.627300 0.000000
    endloop
  endfacet
  facet normal -0.000000 0.000000 -1.000000
    outer loop
      vertex 14.669317 -16.642853 0.000000
      vertex 14.631567 -16.653568 0.000000
      vertex 14.769813 -16.582832 0.000000
    endloop
  endfacet
  facet normal -0.000000 0.000000 -1.000000
    outer loop
      vertex 14.631567 -16.653568 0.000000
      vertex 14.592741 -16.659266 0.000000
      vertex 14.797147 -16.554676 0.000000
    endloop
  endfacet
  facet normal 0.000000 0.000000 -1.000000
    outer loop
      vertex 14.592741 -16.659266 0.000000
      vertex 14.823455 -16.518650 0.000000
      vertex 14.820573 -16.523193 0.000000
    endloop
  endfacet
  facet normal 0.000000 0.000000 -1.000000
    outer loop
      vertex 14.592741 -16.659266 0.000000
      vertex 14.824623 -16.516773 0.000000
      vertex 14.823455 -16.518650 0.000000
    endloop
  endfacet
  facet normal -0.000000 0.000000 -1.000000
    outer loop
      vertex 14.824623 -16.516773 0.000000
      vertex 14.409304 -16.624006 0.000000
      vertex 14.850968 -16.477343 0.000000
    endloop
  endfacet
  facet normal -0.000000 0.000000 -1.000000
    outer loop
      vertex 14.592741 -16.659266 0.000000
      vertex 14.553503 -16.659845 0.000000
      vertex 14.824623 -16.516773 0.000000
    endloop
  endfacet
  facet normal 0.000000 0.000000 -1.000000
    outer loop
      vertex 14.553503 -16.659845 0.000000
      vertex 14.514525 -16.655300 0.000000
      vertex 14.824623 -16.516773 0.000000
    endloop
  endfacet
  facet normal 0.000000 0.000000 -1.000000
    outer loop
      vertex 14.514525 -16.655300 0.000000
      vertex 14.476475 -16.645704 0.000000
      vertex 14.824623 -16.516773 0.000000
    endloop
  endfacet
  facet normal 0.000000 0.000000 -1.000000
    outer loop
      vertex 14.856685 -16.469366 0.000000
      vertex 14.850968 -16.477343 0.000000
      vertex 14.170581 -16.524469 0.000000
    endloop
  endfacet
  facet normal 0.000000 0.000000 -1.000000
    outer loop
      vertex 14.871607 -16.449921 0.000000
      vertex 14.856685 -16.469366 0.000000
      vertex 14.170581 -16.524469 0.000000
    endloop
  endfacet
  facet normal -0.000000 0.000000 -1.000000
    outer loop
      vertex 14.871607 -16.449921 0.000000
      vertex 14.170581 -16.524469 0.000000
      vertex 14.884529 -16.435184 0.000000
    endloop
  endfacet
  facet normal -0.000000 0.000000 -1.000000
    outer loop
      vertex 14.884529 -16.435184 0.000000
      vertex 14.170581 -16.524469 0.000000
      vertex 14.898389 -16.421326 0.000000
    endloop
  endfacet
  facet normal 0.000000 0.000000 -1.000000
    outer loop
      vertex 14.913125 -16.408401 0.000000
      vertex 14.898389 -16.421326 0.000000
      vertex 14.146823 -16.513191 0.000000
    endloop
  endfacet
  facet normal 0.000000 0.000000 -1.000000
    outer loop
      vertex 14.913125 -16.408401 0.000000
      vertex 13.942557 -16.404995 0.000000
      vertex 14.932571 -16.393480 0.000000
    endloop
  endfacet
  facet normal -0.000000 0.000000 -1.000000
    outer loop
      vertex 14.932571 -16.393480 0.000000
      vertex 13.942557 -16.404995 0.000000
      vertex 14.940548 -16.387764 0.000000
    endloop
  endfacet
  facet normal -0.000000 0.000000 -1.000000
    outer loop
      vertex 14.940548 -16.387764 0.000000
      vertex 13.920458 -16.392052 0.000000
      vertex 14.979978 -16.361418 0.000000
    endloop
  endfacet
  facet normal 0.000000 0.000000 -1.000000
    outer loop
      vertex 14.476475 -16.645704 0.000000
      vertex 14.409304 -16.624006 0.000000
      vertex 14.824623 -16.516773 0.000000
    endloop
  endfacet
  facet normal 0.000000 0.000000 -1.000000
    outer loop
      vertex 14.850968 -16.477343 0.000000
      vertex 14.409304 -16.624006 0.000000
      vertex 14.384858 -16.614918 0.000000
    endloop
  endfacet
  facet normal 0.000000 0.000000 -1.000000
    outer loop
      vertex 14.850968 -16.477343 0.000000
      vertex 14.384858 -16.614918 0.000000
      vertex 14.170581 -16.524469 0.000000
    endloop
  endfacet
  facet normal 0.000000 0.000000 -1.000000
    outer loop
      vertex 14.898389 -16.421326 0.000000
      vertex 14.170581 -16.524469 0.000000
      vertex 14.146823 -16.513191 0.000000
    endloop
  endfacet
  facet normal -0.000000 0.000000 -1.000000
    outer loop
      vertex 14.988311 -16.356236 0.000000
      vertex 14.979978 -16.361418 0.000000
      vertex 13.670682 -16.209705 0.000000
    endloop
  endfacet
  facet normal -0.000000 0.000000 -1.000000
    outer loop
      vertex 15.009539 -16.343981 0.000000
      vertex 14.988311 -16.356236 0.000000
      vertex 13.670682 -16.209705 0.000000
    endloop
  endfacet
  facet normal -0.000000 0.000000 -1.000000
    outer loop
      vertex 15.027118 -16.335312 0.000000
      vertex 15.009539 -16.343981 0.000000
      vertex 13.482298 -16.038340 0.000000
    endloop
  endfacet
  facet normal -0.000000 0.000000 -1.000000
    outer loop
      vertex 15.045225 -16.327810 0.000000
      vertex 15.027118 -16.335312 0.000000
      vertex 13.308796 -15.850828 0.000000
    endloop
  endfacet
  facet normal -0.000000 0.000000 -1.000000
    outer loop
      vertex 15.063785 -16.321510 0.000000
      vertex 15.045225 -16.327810 0.000000
      vertex 13.172754 -15.676754 0.000000
    endloop
  endfacet
  facet normal -0.000000 0.000000 -1.000000
    outer loop
      vertex 14.913125 -16.408401 0.000000
      vertex 14.146823 -16.513191 0.000000
      vertex 13.942557 -16.404995 0.000000
    endloop
  endfacet
  facet normal 0.000000 0.000000 -1.000000
    outer loop
      vertex 14.940548 -16.387764 0.000000
      vertex 13.942557 -16.404995 0.000000
      vertex 13.920458 -16.392052 0.000000
    endloop
  endfacet
  facet normal -0.000000 0.000000 -1.000000
    outer loop
      vertex 14.979978 -16.361418 0.000000
      vertex 13.920458 -16.392052 0.000000
      vertex 13.846667 -16.344494 0.000000
    endloop
  endfacet
  facet normal 0.000000 0.000000 -1.000000
    outer loop
      vertex 14.979978 -16.361418 0.000000
      vertex 13.846667 -16.344494 0.000000
      vertex 13.825581 -16.329580 0.000000
    endloop
  endfacet
  facet normal 0.000000 0.000000 -1.000000
    outer loop
      vertex 14.979978 -16.361418 0.000000
      vertex 13.825581 -16.329580 0.000000
      vertex 13.670682 -16.209705 0.000000
    endloop
  endfacet
  facet normal 0.000000 0.000000 -1.000000
    outer loop
      vertex 15.009539 -16.343981 0.000000
      vertex 13.670682 -16.209705 0.000000
      vertex 13.651506 -16.193541 0.000000
    endloop
  endfacet
  facet normal 0.000000 0.000000 -1.000000
    outer loop
      vertex 15.009539 -16.343981 0.000000
      vertex 13.651506 -16.193541 0.000000
      vertex 13.482298 -16.038340 0.000000
    endloop
  endfacet
  facet normal 0.000000 0.000000 -1.000000
    outer loop
      vertex 15.027118 -16.335312 0.000000
      vertex 13.482298 -16.038340 0.000000
      vertex 13.463997 -16.020037 0.000000
    endloop
  endfacet
  facet normal 0.000000 0.000000 -1.000000
    outer loop
      vertex 15.063785 -16.321510 0.000000
      vertex 12.977921 -15.331705 0.000000
      vertex 15.087461 -16.315166 0.000000
    endloop
  endfacet
  facet normal -0.000000 0.000000 -1.000000
    outer loop
      vertex 15.097018 -16.312939 0.000000
      vertex 15.087461 -16.315166 0.000000
      vertex 12.887292 -15.117439 0.000000
    endloop
  endfacet
  facet normal -0.000000 0.000000 -1.000000
    outer loop
      vertex 15.173077 -16.297810 0.000000
      vertex 15.097018 -16.312939 0.000000
      vertex 12.799110 -14.844042 0.000000
    endloop
  endfacet
  facet normal 0.000000 0.000000 -1.000000
    outer loop
      vertex 15.027118 -16.335312 0.000000
      vertex 13.463997 -16.020037 0.000000
      vertex 13.308796 -15.850828 0.000000
    endloop
  endfacet
  facet normal 0.000000 0.000000 -1.000000
    outer loop
      vertex 15.045225 -16.327810 0.000000
      vertex 13.308796 -15.850828 0.000000
      vertex 13.292629 -15.831654 0.000000
    endloop
  endfacet
  facet normal 0.000000 0.000000 -1.000000
    outer loop
      vertex 15.045225 -16.327810 0.000000
      vertex 13.292629 -15.831654 0.000000
      vertex 13.172754 -15.676754 0.000000
    endloop
  endfacet
  facet normal 0.000000 0.000000 -1.000000
    outer loop
      vertex 15.063785 -16.321510 0.000000
      vertex 13.172754 -15.676754 0.000000
      vertex 13.157842 -15.655668 0.000000
    endloop
  endfacet
  facet normal 0.000000 0.000000 -1.000000
    outer loop
      vertex 15.063785 -16.321510 0.000000
      vertex 13.157842 -15.655668 0.000000
      vertex 13.110313 -15.581924 0.000000
    endloop
  endfacet
  facet normal 0.000000 0.000000 -1.000000
    outer loop
      vertex 15.063785 -16.321510 0.000000
      vertex 13.110313 -15.581924 0.000000
      vertex 13.097318 -15.559725 0.000000
    endloop
  endfacet
  facet normal 0.000000 0.000000 -1.000000
    outer loop
      vertex 15.063785 -16.321510 0.000000
      vertex 13.097318 -15.559725 0.000000
      vertex 12.989061 -15.355158 0.000000
    endloop
  endfacet
  facet normal 0.000000 0.000000 -1.000000
    outer loop
      vertex 15.063785 -16.321510 0.000000
      vertex 12.989061 -15.355158 0.000000
      vertex 12.977921 -15.331705 0.000000
    endloop
  endfacet
  facet normal 0.000000 0.000000 -1.000000
    outer loop
      vertex 15.087461 -16.315166 0.000000
      vertex 12.977921 -15.331705 0.000000
      vertex 12.887292 -15.117439 0.000000
    endloop
  endfacet
  facet normal 0.000000 0.000000 -1.000000
    outer loop
      vertex 14.700326 -19.979521 0.000000
      vertex 12.670872 -16.493183 0.000000
      vertex 12.821766 -16.657696 0.000000
    endloop
  endfacet
  facet normal 0.000000 0.000000 -1.000000
    outer loop
      vertex 14.700326 -19.979521 0.000000
      vertex 12.666731 -16.488474 0.000000
      vertex 12.670872 -16.493183 0.000000
    endloop
  endfacet
  facet normal 0.000000 0.000000 -1.000000
    outer loop
      vertex 14.700326 -19.979521 0.000000
      vertex 12.654608 -16.474094 0.000000
      vertex 12.666731 -16.488474 0.000000
    endloop
  endfacet
  facet normal 0.000000 0.000000 -1.000000
    outer loop
      vertex 14.700326 -19.979521 0.000000
      vertex 12.650667 -16.469215 0.000000
      vertex 12.654608 -16.474094 0.000000
    endloop
  endfacet
  facet normal 0.000000 0.000000 -1.000000
    outer loop
      vertex 14.700326 -19.979521 0.000000
      vertex 12.511999 -16.290035 0.000000
      vertex 12.650667 -16.469215 0.000000
    endloop
  endfacet
  facet normal 0.000000 0.000000 -1.000000
    outer loop
      vertex 14.700326 -19.979521 0.000000
      vertex 12.508879 -16.285854 0.000000
      vertex 12.511999 -16.290035 0.000000
    endloop
  endfacet
  facet normal 0.000000 0.000000 -1.000000
    outer loop
      vertex 14.700326 -19.979521 0.000000
      vertex 12.499737 -16.273153 0.000000
      vertex 12.508879 -16.285854 0.000000
    endloop
  endfacet
  facet normal 0.000000 0.000000 -1.000000
    outer loop
      vertex 15.182758 -16.296211 0.000000
      vertex 12.878062 -13.377550 0.000000
      vertex 15.209496 -16.292690 0.000000
    endloop
  endfacet
  facet normal -0.000000 0.000000 -1.000000
    outer loop
      vertex 15.224158 -16.291489 0.000000
      vertex 15.209496 -16.292690 0.000000
      vertex 13.097340 -12.910587 0.000000
    endloop
  endfacet
  facet normal -0.000000 0.000000 -1.000000
    outer loop
      vertex 15.233965 -16.291168 0.000000
      vertex 15.224158 -16.291489 0.000000
      vertex 13.846667 -12.125872 0.000000
    endloop
  endfacet
  facet normal -0.000000 0.000000 -1.000000
    outer loop
      vertex 15.238873 -16.291086 0.000000
      vertex 15.233965 -16.291168 0.000000
      vertex 14.384655 -11.855337 0.000000
    endloop
  endfacet
  facet normal -0.000000 0.000000 -1.000000
    outer loop
      vertex 15.182758 -16.296211 0.000000
      vertex 15.173077 -16.297810 0.000000
      vertex 12.741257 -13.976450 0.000000
    endloop
  endfacet
  facet normal 0.000000 0.000000 -1.000000
    outer loop
      vertex 15.238873 -16.291086 0.000000
      vertex 15.027118 -12.054749 0.000000
      vertex 15.045225 -12.062248 0.000000
    endloop
  endfacet
  facet normal 0.000000 0.000000 -1.000000
    outer loop
      vertex 15.238873 -16.291086 0.000000
      vertex 15.045225 -12.062248 0.000000
      vertex 15.063785 -12.068548 0.000000
    endloop
  endfacet
  facet normal 0.000000 0.000000 -1.000000
    outer loop
      vertex 15.238873 -16.291086 0.000000
      vertex 15.063785 -12.068548 0.000000
      vertex 15.087461 -12.074892 0.000000
    endloop
  endfacet
  facet normal 0.000000 0.000000 -1.000000
    outer loop
      vertex 15.238873 -16.291086 0.000000
      vertex 15.087461 -12.074892 0.000000
      vertex 15.097018 -12.077122 0.000000
    endloop
  endfacet
  facet normal 0.000000 0.000000 -1.000000
    outer loop
      vertex 15.238873 -16.291086 0.000000
      vertex 14.979978 -12.028641 0.000000
      vertex 14.988311 -12.033823 0.000000
    endloop
  endfacet
  facet normal 0.000000 0.000000 -1.000000
    outer loop
      vertex 15.238873 -16.291086 0.000000
      vertex 14.988311 -12.033823 0.000000
      vertex 15.009539 -12.046080 0.000000
    endloop
  endfacet
  facet normal 0.000000 0.000000 -1.000000
    outer loop
      vertex 15.238873 -16.291086 0.000000
      vertex 15.009539 -12.046080 0.000000
      vertex 15.027118 -12.054749 0.000000
    endloop
  endfacet
  facet normal 0.000000 0.000000 -1.000000
    outer loop
      vertex 15.238873 -16.291086 0.000000
      vertex 14.940548 -12.002295 0.000000
      vertex 14.979978 -12.028641 0.000000
    endloop
  endfacet
  facet normal 0.000000 0.000000 -1.000000
    outer loop
      vertex 15.238873 -16.291086 0.000000
      vertex 14.884530 -11.954876 0.000000
      vertex 14.898389 -11.968735 0.000000
    endloop
  endfacet
  facet normal 0.000000 0.000000 -1.000000
    outer loop
      vertex 15.238873 -16.291086 0.000000
      vertex 14.898389 -11.968735 0.000000
      vertex 14.913125 -11.981657 0.000000
    endloop
  endfacet
  facet normal 0.000000 0.000000 -1.000000
    outer loop
      vertex 15.238873 -16.291086 0.000000
      vertex 14.913125 -11.981657 0.000000
      vertex 14.932571 -11.996580 0.000000
    endloop
  endfacet
  facet normal 0.000000 0.000000 -1.000000
    outer loop
      vertex 15.238873 -16.291086 0.000000
      vertex 14.932571 -11.996580 0.000000
      vertex 14.940548 -12.002295 0.000000
    endloop
  endfacet
  facet normal 0.000000 0.000000 -1.000000
    outer loop
      vertex 15.238873 -16.291086 0.000000
      vertex 14.853551 -11.916910 0.000000
      vertex 14.871607 -11.940140 0.000000
    endloop
  endfacet
  facet normal 0.000000 0.000000 -1.000000
    outer loop
      vertex 15.238873 -16.291086 0.000000
      vertex 14.871607 -11.940140 0.000000
      vertex 14.884530 -11.954876 0.000000
    endloop
  endfacet
  facet normal 0.000000 0.000000 -1.000000
    outer loop
      vertex 15.238873 -16.291086 0.000000
      vertex 14.803345 -11.863806 0.000000
      vertex 14.831986 -11.890633 0.000000
    endloop
  endfacet
  facet normal 0.000000 0.000000 -1.000000
    outer loop
      vertex 15.238873 -16.291086 0.000000
      vertex 14.831986 -11.890633 0.000000
      vertex 14.853551 -11.916910 0.000000
    endloop
  endfacet
  facet normal 0.000000 0.000000 -1.000000
    outer loop
      vertex 15.238873 -16.291086 0.000000
      vertex 14.736839 -11.822451 0.000000
      vertex 14.771447 -11.840950 0.000000
    endloop
  endfacet
  facet normal 0.000000 0.000000 -1.000000
    outer loop
      vertex 15.238873 -16.291086 0.000000
      vertex 14.771447 -11.840950 0.000000
      vertex 14.803345 -11.863806 0.000000
    endloop
  endfacet
  facet normal 0.000000 0.000000 -1.000000
    outer loop
      vertex 15.238873 -16.291086 0.000000
      vertex 14.409520 -11.846092 0.000000
      vertex 14.521024 -11.810165 0.000000
    endloop
  endfacet
  facet normal 0.000000 0.000000 -1.000000
    outer loop
      vertex 15.238873 -16.291086 0.000000
      vertex 14.384655 -11.855337 0.000000
      vertex 14.409520 -11.846092 0.000000
    endloop
  endfacet
  facet normal 0.000000 0.000000 -1.000000
    outer loop
      vertex 15.233965 -16.291168 0.000000
      vertex 14.170475 -11.945930 0.000000
      vertex 14.384655 -11.855337 0.000000
    endloop
  endfacet
  facet normal 0.000000 0.000000 -1.000000
    outer loop
      vertex 15.233965 -16.291168 0.000000
      vertex 14.146921 -11.957123 0.000000
      vertex 14.170475 -11.945930 0.000000
    endloop
  endfacet
  facet normal 0.000000 0.000000 -1.000000
    outer loop
      vertex 15.233965 -16.291168 0.000000
      vertex 13.942557 -12.065371 0.000000
      vertex 14.146921 -11.957123 0.000000
    endloop
  endfacet
  facet normal 0.000000 0.000000 -1.000000
    outer loop
      vertex 15.209496 -16.292690 0.000000
      vertex 12.878062 -13.377550 0.000000
      vertex 12.887306 -13.352686 0.000000
    endloop
  endfacet
  facet normal 0.000000 0.000000 -1.000000
    outer loop
      vertex 15.209496 -16.292690 0.000000
      vertex 12.977900 -13.138506 0.000000
      vertex 12.989093 -13.114952 0.000000
    endloop
  endfacet
  facet normal 0.000000 0.000000 -1.000000
    outer loop
      vertex 15.209496 -16.292690 0.000000
      vertex 12.887306 -13.352686 0.000000
      vertex 12.977900 -13.138506 0.000000
    endloop
  endfacet
  facet normal 0.000000 0.000000 -1.000000
    outer loop
      vertex 15.224158 -16.291489 0.000000
      vertex 13.110283 -12.888489 0.000000
      vertex 13.157842 -12.814697 0.000000
    endloop
  endfacet
  facet normal 0.000000 0.000000 -1.000000
    outer loop
      vertex 15.224158 -16.291489 0.000000
      vertex 13.157842 -12.814697 0.000000
      vertex 13.172754 -12.793612 0.000000
    endloop
  endfacet
  facet normal 0.000000 0.000000 -1.000000
    outer loop
      vertex 15.224158 -16.291489 0.000000
      vertex 13.172754 -12.793612 0.000000
      vertex 13.292629 -12.638712 0.000000
    endloop
  endfacet
  facet normal 0.000000 0.000000 -1.000000
    outer loop
      vertex 15.209496 -16.292690 0.000000
      vertex 12.989093 -13.114952 0.000000
      vertex 13.097340 -12.910587 0.000000
    endloop
  endfacet
  facet normal 0.000000 0.000000 -1.000000
    outer loop
      vertex 15.224158 -16.291489 0.000000
      vertex 13.097340 -12.910587 0.000000
      vertex 13.110283 -12.888489 0.000000
    endloop
  endfacet
  facet normal 0.000000 0.000000 -1.000000
    outer loop
      vertex 15.224158 -16.291489 0.000000
      vertex 13.482298 -12.432026 0.000000
      vertex 13.651506 -12.276827 0.000000
    endloop
  endfacet
  facet normal 0.000000 0.000000 -1.000000
    outer loop
      vertex 15.224158 -16.291489 0.000000
      vertex 13.651506 -12.276827 0.000000
      vertex 13.670682 -12.260660 0.000000
    endloop
  endfacet
  facet normal 0.000000 0.000000 -1.000000
    outer loop
      vertex 15.224158 -16.291489 0.000000
      vertex 13.463997 -12.450329 0.000000
      vertex 13.482298 -12.432026 0.000000
    endloop
  endfacet
  facet normal 0.000000 0.000000 -1.000000
    outer loop
      vertex 15.233965 -16.291168 0.000000
      vertex 13.920458 -12.078314 0.000000
      vertex 13.942557 -12.065371 0.000000
    endloop
  endfacet
  facet normal 0.000000 0.000000 -1.000000
    outer loop
      vertex 15.224158 -16.291489 0.000000
      vertex 13.825582 -12.140785 0.000000
      vertex 13.846667 -12.125872 0.000000
    endloop
  endfacet
  facet normal 0.000000 0.000000 -1.000000
    outer loop
      vertex 15.233965 -16.291168 0.000000
      vertex 13.846667 -12.125872 0.000000
      vertex 13.920458 -12.078314 0.000000
    endloop
  endfacet
  facet normal 0.000000 0.000000 -1.000000
    outer loop
      vertex 15.224158 -16.291489 0.000000
      vertex 13.670682 -12.260660 0.000000
      vertex 13.825582 -12.140785 0.000000
    endloop
  endfacet
  facet normal 0.000000 0.000000 -1.000000
    outer loop
      vertex 15.224158 -16.291489 0.000000
      vertex 13.292629 -12.638712 0.000000
      vertex 13.308796 -12.619537 0.000000
    endloop
  endfacet
  facet normal 0.000000 0.000000 -1.000000
    outer loop
      vertex 15.224158 -16.291489 0.000000
      vertex 13.308796 -12.619537 0.000000
      vertex 13.463997 -12.450329 0.000000
    endloop
  endfacet
  facet normal 0.000000 0.000000 -1.000000
    outer loop
      vertex 15.097018 -16.312939 0.000000
      vertex 12.887292 -15.117439 0.000000
      vertex 12.878070 -15.092644 0.000000
    endloop
  endfacet
  facet normal 0.000000 0.000000 -1.000000
    outer loop
      vertex 15.097018 -16.312939 0.000000
      vertex 12.878070 -15.092644 0.000000
      vertex 12.806068 -14.869364 0.000000
    endloop
  endfacet
  facet normal 0.000000 0.000000 -1.000000
    outer loop
      vertex 15.097018 -16.312939 0.000000
      vertex 12.806068 -14.869364 0.000000
      vertex 12.799110 -14.844042 0.000000
    endloop
  endfacet
  facet normal 0.000000 0.000000 -1.000000
    outer loop
      vertex 15.173077 -16.297810 0.000000
      vertex 12.799110 -14.844042 0.000000
      vertex 12.773377 -14.731287 0.000000
    endloop
  endfacet
  facet normal 0.000000 0.000000 -1.000000
    outer loop
      vertex 15.173077 -16.297810 0.000000
      vertex 12.773377 -14.731287 0.000000
      vertex 12.768564 -14.704748 0.000000
    endloop
  endfacet
  facet normal 0.000000 0.000000 -1.000000
    outer loop
      vertex 15.173077 -16.297810 0.000000
      vertex 12.768564 -14.704748 0.000000
      vertex 12.743662 -14.520645 0.000000
    endloop
  endfacet
  facet normal 0.000000 0.000000 -1.000000
    outer loop
      vertex 15.173077 -16.297810 0.000000
      vertex 12.743662 -14.520645 0.000000
      vertex 12.741258 -14.493910 0.000000
    endloop
  endfacet
  facet normal 0.000000 0.000000 -1.000000
    outer loop
      vertex 15.173077 -16.297810 0.000000
      vertex 12.741258 -14.493910 0.000000
      vertex 12.730225 -14.248562 0.000000
    endloop
  endfacet
  facet normal 0.000000 0.000000 -1.000000
    outer loop
      vertex 15.173077 -16.297810 0.000000
      vertex 12.730225 -14.248562 0.000000
      vertex 12.730225 -14.221596 0.000000
    endloop
  endfacet
  facet normal 0.000000 0.000000 -1.000000
    outer loop
      vertex 15.173077 -16.297810 0.000000
      vertex 12.730225 -14.221596 0.000000
      vertex 12.741257 -13.976450 0.000000
    endloop
  endfacet
  facet normal 0.000000 0.000000 -1.000000
    outer loop
      vertex 15.182758 -16.296211 0.000000
      vertex 12.741257 -13.976450 0.000000
      vertex 12.743661 -13.949724 0.000000
    endloop
  endfacet
  facet normal 0.000000 0.000000 -1.000000
    outer loop
      vertex 15.182758 -16.296211 0.000000
      vertex 12.743661 -13.949724 0.000000
      vertex 12.768564 -13.765617 0.000000
    endloop
  endfacet
  facet normal 0.000000 0.000000 -1.000000
    outer loop
      vertex 15.182758 -16.296211 0.000000
      vertex 12.768564 -13.765617 0.000000
      vertex 12.773377 -13.739079 0.000000
    endloop
  endfacet
  facet normal 0.000000 0.000000 -1.000000
    outer loop
      vertex 15.182758 -16.296211 0.000000
      vertex 12.773377 -13.739079 0.000000
      vertex 12.799119 -13.626287 0.000000
    endloop
  endfacet
  facet normal 0.000000 0.000000 -1.000000
    outer loop
      vertex 15.182758 -16.296211 0.000000
      vertex 12.799119 -13.626287 0.000000
      vertex 12.806054 -13.601036 0.000000
    endloop
  endfacet
  facet normal 0.000000 0.000000 -1.000000
    outer loop
      vertex 15.182758 -16.296211 0.000000
      vertex 12.806054 -13.601036 0.000000
      vertex 12.878062 -13.377550 0.000000
    endloop
  endfacet
  facet normal 0.707107 0.707107 0.000000
    outer loop
      vertex 15.038672 -17.745958 0.000000
      vertex 15.010924 -17.718210 0.000000
      vertex 15.010924 -17.718210 1.000000
    endloop
  endfacet
  facet normal 0.608740 0.793370 0.000000
    outer loop
      vertex 15.010924 -17.718210 0.000000
      vertex 14.979792 -17.694323 0.000000
      vertex 14.979792 -17.694323 1.000000
    endloop
  endfacet
  facet normal 0.500039 0.866003 0.000000
    outer loop
      vertex 14.979792 -17.694323 0.000000
      vertex 14.945807 -17.674700 0.000000
      vertex 14.945807 -17.674700 1.000000
    endloop
  endfacet
  facet normal 0.382668 0.923886 0.000000
    outer loop
      vertex 14.945807 -17.674700 0.000000
      vertex 14.909553 -17.659683 0.000000
      vertex 14.909553 -17.659683 1.000000
    endloop
  endfacet
  facet normal 0.258821 0.965925 0.000000
    outer loop
      vertex 14.909553 -17.659683 0.000000
      vertex 14.871648 -17.649527 0.000000
      vertex 14.871648 -17.649527 1.000000
    endloop
  endfacet
  facet normal 0.164657 0.986351 0.000000
    outer loop
      vertex 14.871648 -17.649527 0.000000
      vertex 14.853333 -17.646469 0.000000
      vertex 14.853333 -17.646469 1.000000
    endloop
  endfacet
  facet normal 0.134043 0.990975 0.000000
    outer loop
      vertex 14.853333 -17.646469 0.000000
      vertex 14.741103 -17.631289 0.000000
      vertex 14.741103 -17.631289 1.000000
    endloop
  endfacet
  facet normal 0.149154 0.988814 0.000000
    outer loop
      vertex 14.741103 -17.631289 0.000000
      vertex 14.736513 -17.630596 0.000000
      vertex 14.736513 -17.630596 1.000000
    endloop
  endfacet
  facet normal 0.164643 0.986353 0.000000
    outer loop
      vertex 14.736513 -17.630596 0.000000
      vertex 14.722778 -17.628304 0.000000
      vertex 14.722778 -17.628304 1.000000
    endloop
  endfacet
  facet normal 0.179934 0.983679 0.000000
    outer loop
      vertex 14.722778 -17.628304 0.000000
      vertex 14.718211 -17.627468 0.000000
      vertex 14.718211 -17.627468 1.000000
    endloop
  endfacet
  facet normal 0.195092 0.980785 0.000000
    outer loop
      vertex 14.718211 -17.627468 0.000000
      vertex 14.561559 -17.596308 0.000000
      vertex 14.561559 -17.596308 1.000000
    endloop
  endfacet
  facet normal 0.208982 0.977920 0.000000
    outer loop
      vertex 14.559500 -17.595884 0.000000
      vertex 14.553332 -17.594566 0.000000
      vertex 14.553332 -17.594566 1.000000
    endloop
  endfacet
  facet normal 0.201435 0.979502 -0.000000
    outer loop
      vertex 14.559500 -17.595884 0.000000
      vertex 14.559500 -17.595884 1.000000
      vertex 14.561559 -17.596308 0.000000
    endloop
  endfacet
  facet normal 0.215778 0.976442 0.000000
    outer loop
      vertex 14.553332 -17.594566 0.000000
      vertex 14.551278 -17.594112 0.000000
      vertex 14.551278 -17.594112 1.000000
    endloop
  endfacet
  facet normal 0.222503 0.974932 0.000000
    outer loop
      vertex 14.551278 -17.594112 0.000000
      vertex 14.315200 -17.540234 0.000000
      vertex 14.315200 -17.540234 1.000000
    endloop
  endfacet
  facet normal 0.273064 -0.961996 0.000000
    outer loop
      vertex 14.669317 -16.642853 0.000000
      vertex 14.669317 -16.642853 1.000000
      vertex 14.631567 -16.653568 0.000000
    endloop
  endfacet
  facet normal 0.145183 -0.989405 0.000000
    outer loop
      vertex 14.631567 -16.653568 0.000000
      vertex 14.631567 -16.653568 1.000000
      vertex 14.592741 -16.659266 0.000000
    endloop
  endfacet
  facet normal 0.014776 -0.999891 0.000000
    outer loop
      vertex 14.592741 -16.659266 0.000000
      vertex 14.592741 -16.659266 1.000000
      vertex 14.553503 -16.659845 0.000000
    endloop
  endfacet
  facet normal -0.115826 -0.993270 0.000000
    outer loop
      vertex 14.553503 -16.659845 0.000000
      vertex 14.553503 -16.659845 1.000000
      vertex 14.514525 -16.655300 0.000000
    endloop
  endfacet
  facet normal -0.244531 -0.969642 0.000000
    outer loop
      vertex 14.514525 -16.655300 0.000000
      vertex 14.514525 -16.655300 1.000000
      vertex 14.476475 -16.645704 0.000000
    endloop
  endfacet
  facet normal 0.244030 0.969768 0.000000
    outer loop
      vertex 14.315200 -17.540234 0.000000
      vertex 14.308795 -17.538622 0.000000
      vertex 14.308795 -17.538622 1.000000
    endloop
  endfacet
  facet normal 0.265195 0.964195 0.000000
    outer loop
      vertex 14.308795 -17.538622 0.000000
      vertex 14.289697 -17.533369 0.000000
      vertex 14.289697 -17.533369 1.000000
    endloop
  endfacet
  facet normal 0.286222 0.958163 0.000000
    outer loop
      vertex 14.289697 -17.533369 0.000000
      vertex 14.283369 -17.531479 0.000000
      vertex 14.283369 -17.531479 1.000000
    endloop
  endfacet
  facet normal 0.307400 0.951580 0.000000
    outer loop
      vertex 14.283369 -17.531479 0.000000
      vertex 14.066018 -17.461266 0.000000
      vertex 14.066018 -17.461266 1.000000
    endloop
  endfacet
  facet normal 0.327919 0.944706 0.000000
    outer loop
      vertex 14.066018 -17.461266 0.000000
      vertex 14.059858 -17.459127 0.000000
      vertex 14.059858 -17.459127 1.000000
    endloop
  endfacet
  facet normal 0.348461 0.937323 0.000000
    outer loop
      vertex 14.059858 -17.459127 0.000000
      vertex 14.041527 -17.452312 0.000000
      vertex 14.041527 -17.452312 1.000000
    endloop
  endfacet
  facet normal 0.368817 0.929502 0.000000
    outer loop
      vertex 14.041527 -17.452312 0.000000
      vertex 14.035465 -17.449907 0.000000
      vertex 14.035465 -17.449907 1.000000
    endloop
  endfacet
  facet normal 0.388879 0.921289 0.000000
    outer loop
      vertex 14.035465 -17.449907 0.000000
      vertex 13.827222 -17.362007 0.000000
      vertex 13.827222 -17.362007 1.000000
    endloop
  endfacet
  facet normal 0.408989 0.912539 0.000000
    outer loop
      vertex 13.827222 -17.362007 0.000000
      vertex 13.821221 -17.359318 0.000000
      vertex 13.821221 -17.359318 1.000000
    endloop
  endfacet
  facet normal 0.428901 0.903352 0.000000
    outer loop
      vertex 13.821221 -17.359318 0.000000
      vertex 13.803405 -17.350859 0.000000
      vertex 13.803405 -17.350859 1.000000
    endloop
  endfacet
  facet normal 0.448721 0.893672 0.000000
    outer loop
      vertex 13.803405 -17.350859 0.000000
      vertex 13.797528 -17.347908 0.000000
      vertex 13.797528 -17.347908 1.000000
    endloop
  endfacet
  facet normal 0.468068 0.883693 0.000000
    outer loop
      vertex 13.797528 -17.347908 0.000000
      vertex 13.598998 -17.242752 0.000000
      vertex 13.598998 -17.242752 1.000000
    endloop
  endfacet
  facet normal 0.555572 -0.831468 0.000000
    outer loop
      vertex 14.940548 -16.387764 0.000000
      vertex 14.979978 -16.361418 0.000000
      vertex 14.979978 -16.361418 1.000000
    endloop
  endfacet
  facet normal 0.802269 -0.596963 0.000000
    outer loop
      vertex 14.820573 -16.523193 0.000000
      vertex 14.820573 -16.523193 1.000000
      vertex 14.797147 -16.554676 0.000000
    endloop
  endfacet
  facet normal 0.848966 -0.528447 0.000000
    outer loop
      vertex 14.823455 -16.518650 0.000000
      vertex 14.824623 -16.516773 0.000000
      vertex 14.824623 -16.516773 1.000000
    endloop
  endfacet
  facet normal 0.844434 -0.535659 0.000000
    outer loop
      vertex 14.823455 -16.518650 0.000000
      vertex 14.823455 -16.518650 1.000000
      vertex 14.820573 -16.523193 0.000000
    endloop
  endfacet
  facet normal 0.717504 -0.696555 0.000000
    outer loop
      vertex 14.769813 -16.582832 0.000000
      vertex 14.797147 -16.554676 0.000000
      vertex 14.797147 -16.554676 1.000000
    endloop
  endfacet
  facet normal 0.793331 -0.608791 0.000000
    outer loop
      vertex 14.871607 -16.449921 0.000000
      vertex 14.871607 -16.449921 1.000000
      vertex 14.856685 -16.469366 0.000000
    endloop
  endfacet
  facet normal 0.751865 -0.659317 0.000000
    outer loop
      vertex 14.871607 -16.449921 0.000000
      vertex 14.884529 -16.435184 0.000000
      vertex 14.884529 -16.435184 1.000000
    endloop
  endfacet
  facet normal 0.582506 -0.812826 0.000000
    outer loop
      vertex 14.932571 -16.393480 0.000000
      vertex 14.940548 -16.387764 0.000000
      vertex 14.940548 -16.387764 1.000000
    endloop
  endfacet
  facet normal 0.608748 -0.793364 0.000000
    outer loop
      vertex 14.913125 -16.408401 0.000000
      vertex 14.932571 -16.393480 0.000000
      vertex 14.932571 -16.393480 1.000000
    endloop
  endfacet
  facet normal 0.659372 -0.751817 0.000000
    outer loop
      vertex 14.913125 -16.408401 0.000000
      vertex 14.913125 -16.408401 1.000000
      vertex 14.898389 -16.421326 0.000000
    endloop
  endfacet
  facet normal 0.707082 -0.707131 0.000000
    outer loop
      vertex 14.884529 -16.435184 0.000000
      vertex 14.898389 -16.421326 0.000000
      vertex 14.898389 -16.421326 1.000000
    endloop
  endfacet
  facet normal 0.812826 -0.582506 0.000000
    outer loop
      vertex 14.856685 -16.469366 0.000000
      vertex 14.856685 -16.469366 1.000000
      vertex 14.850968 -16.477343 0.000000
    endloop
  endfacet
  facet normal 0.831484 -0.555549 0.000000
    outer loop
      vertex 14.824623 -16.516773 0.000000
      vertex 14.850968 -16.477343 0.000000
      vertex 14.850968 -16.477343 1.000000
    endloop
  endfacet
  facet normal 0.227024 -0.973889 0.000000
    outer loop
      vertex 15.097018 -16.312939 0.000000
      vertex 15.097018 -16.312939 1.000000
      vertex 15.087461 -16.315166 0.000000
    endloop
  endfacet
  facet normal 0.258805 -0.965929 0.000000
    outer loop
      vertex 15.063785 -16.321510 0.000000
      vertex 15.087461 -16.315166 0.000000
      vertex 15.087461 -16.315166 1.000000
    endloop
  endfacet
  facet normal 0.321434 -0.946932 0.000000
    outer loop
      vertex 15.063785 -16.321510 0.000000
      vertex 15.063785 -16.321510 1.000000
      vertex 15.045225 -16.327810 0.000000
    endloop
  endfacet
  facet normal 0.499964 -0.866046 0.000000
    outer loop
      vertex 15.009539 -16.343981 0.000000
      vertex 15.009539 -16.343981 1.000000
      vertex 14.988311 -16.356236 0.000000
    endloop
  endfacet
  facet normal 0.382739 -0.923857 0.000000
    outer loop
      vertex 15.045225 -16.327810 0.000000
      vertex 15.045225 -16.327810 1.000000
      vertex 15.027118 -16.335312 0.000000
    endloop
  endfacet
  facet normal 0.442283 -0.896876 0.000000
    outer loop
      vertex 15.027118 -16.335312 0.000000
      vertex 15.027118 -16.335312 1.000000
      vertex 15.009539 -16.343981 0.000000
    endloop
  endfacet
  facet normal 0.528093 -0.849186 0.000000
    outer loop
      vertex 14.988311 -16.356236 0.000000
      vertex 14.988311 -16.356236 1.000000
      vertex 14.979978 -16.361418 0.000000
    endloop
  endfacet
  facet normal 0.512740 -0.858544 0.000000
    outer loop
      vertex 14.739037 -16.607180 0.000000
      vertex 14.739037 -16.607180 1.000000
      vertex 14.705346 -16.627300 0.000000
    endloop
  endfacet
  facet normal 0.620436 -0.784257 0.000000
    outer loop
      vertex 14.769813 -16.582832 0.000000
      vertex 14.769813 -16.582832 1.000000
      vertex 14.739037 -16.607180 0.000000
    endloop
  endfacet
  facet normal 0.396320 -0.918112 0.000000
    outer loop
      vertex 14.669317 -16.642853 0.000000
      vertex 14.705346 -16.627300 0.000000
      vertex 14.705346 -16.627300 1.000000
    endloop
  endfacet
  facet normal -0.307386 -0.951585 0.000000
    outer loop
      vertex 14.476475 -16.645704 0.000000
      vertex 14.476475 -16.645704 1.000000
      vertex 14.409304 -16.624006 0.000000
    endloop
  endfacet
  facet normal -0.348481 -0.937316 0.000000
    outer loop
      vertex 14.409304 -16.624006 0.000000
      vertex 14.409304 -16.624006 1.000000
      vertex 14.384858 -16.614918 0.000000
    endloop
  endfacet
  facet normal -0.388884 -0.921287 0.000000
    outer loop
      vertex 14.384858 -16.614918 0.000000
      vertex 14.384858 -16.614918 1.000000
      vertex 14.170581 -16.524469 0.000000
    endloop
  endfacet
  facet normal -0.428844 -0.903379 0.000000
    outer loop
      vertex 14.170581 -16.524469 0.000000
      vertex 14.170581 -16.524469 1.000000
      vertex 14.146823 -16.513191 0.000000
    endloop
  endfacet
  facet normal -0.468076 -0.883688 0.000000
    outer loop
      vertex 14.146823 -16.513191 0.000000
      vertex 14.146823 -16.513191 1.000000
      vertex 13.942557 -16.404995 0.000000
    endloop
  endfacet
  facet normal -0.505382 -0.862896 0.000000
    outer loop
      vertex 13.942557 -16.404995 0.000000
      vertex 13.942557 -16.404995 1.000000
      vertex 13.920458 -16.392052 0.000000
    endloop
  endfacet
  facet normal -0.541733 -0.840551 0.000000
    outer loop
      vertex 13.920458 -16.392052 0.000000
      vertex 13.920458 -16.392052 1.000000
      vertex 13.846667 -16.344494 0.000000
    endloop
  endfacet
  facet normal -0.577428 -0.816442 0.000000
    outer loop
      vertex 13.846667 -16.344494 0.000000
      vertex 13.846667 -16.344494 1.000000
      vertex 13.825581 -16.329580 0.000000
    endloop
  endfacet
  facet normal -0.612025 -0.790839 0.000000
    outer loop
      vertex 13.825581 -16.329580 0.000000
      vertex 13.825581 -16.329580 1.000000
      vertex 13.670682 -16.209705 0.000000
    endloop
  endfacet
  facet normal -0.644531 -0.764578 0.000000
    outer loop
      vertex 13.670682 -16.209705 0.000000
      vertex 13.670682 -16.209705 1.000000
      vertex 13.651506 -16.193541 0.000000
    endloop
  endfacet
  facet normal 0.487033 0.873383 0.000000
    outer loop
      vertex 13.598998 -17.242752 0.000000
      vertex 13.593406 -17.239634 0.000000
      vertex 13.593406 -17.239634 1.000000
    endloop
  endfacet
  facet normal 0.505361 0.862908 0.000000
    outer loop
      vertex 13.593406 -17.239634 0.000000
      vertex 13.576832 -17.229927 0.000000
      vertex 13.576832 -17.229927 1.000000
    endloop
  endfacet
  facet normal 0.523665 0.851924 0.000000
    outer loop
      vertex 13.576832 -17.229927 0.000000
      vertex 13.571377 -17.226574 0.000000
      vertex 13.571377 -17.226574 1.000000
    endloop
  endfacet
  facet normal 0.541737 0.840548 0.000000
    outer loop
      vertex 13.571377 -17.226574 0.000000
      vertex 13.372055 -17.098110 0.000000
      vertex 13.372055 -17.098110 1.000000
    endloop
  endfacet
  facet normal 0.545096 0.838373 0.000000
    outer loop
      vertex 13.372055 -17.098110 0.000000
      vertex 13.371014 -17.097433 0.000000
      vertex 13.371014 -17.097433 1.000000
    endloop
  endfacet
  facet normal 0.548774 0.835971 0.000000
    outer loop
      vertex 13.371014 -17.097433 0.000000
      vertex 13.367902 -17.095390 0.000000
      vertex 13.367902 -17.095390 1.000000
    endloop
  endfacet
  facet normal 0.552213 0.833703 0.000000
    outer loop
      vertex 13.367902 -17.095390 0.000000
      vertex 13.366868 -17.094706 0.000000
      vertex 13.366868 -17.094706 1.000000
    endloop
  endfacet
  facet normal 0.555570 0.831470 0.000000
    outer loop
      vertex 13.366868 -17.094706 0.000000
      vertex 13.233469 -17.005571 0.000000
      vertex 13.233469 -17.005571 1.000000
    endloop
  endfacet
  facet normal 0.570046 0.821613 0.000000
    outer loop
      vertex 13.233469 -17.005571 0.000000
      vertex 13.229183 -17.002598 0.000000
      vertex 13.229183 -17.002598 1.000000
    endloop
  endfacet
  facet normal 0.584157 0.811641 0.000000
    outer loop
      vertex 13.229183 -17.002598 0.000000
      vertex 13.216481 -16.993456 0.000000
      vertex 13.216481 -16.993456 1.000000
    endloop
  endfacet
  facet normal 0.598126 0.801402 0.000000
    outer loop
      vertex 13.216481 -16.993456 0.000000
      vertex 13.212300 -16.990335 0.000000
      vertex 13.212300 -16.990335 1.000000
    endloop
  endfacet
  facet normal 0.612028 0.790836 0.000000
    outer loop
      vertex 13.212300 -16.990335 0.000000
      vertex 13.033119 -16.851667 0.000000
      vertex 13.033119 -16.851667 1.000000
    endloop
  endfacet
  facet normal 0.628397 0.777893 0.000000
    outer loop
      vertex 13.033119 -16.851667 0.000000
      vertex 13.028241 -16.847727 0.000000
      vertex 13.028241 -16.847727 1.000000
    endloop
  endfacet
  facet normal 0.644548 0.764564 0.000000
    outer loop
      vertex 13.028241 -16.847727 0.000000
      vertex 13.013861 -16.835604 0.000000
      vertex 13.013861 -16.835604 1.000000
    endloop
  endfacet
  facet normal 0.660333 0.750973 0.000000
    outer loop
      vertex 13.013861 -16.835604 0.000000
      vertex 13.009151 -16.831463 0.000000
      vertex 13.009151 -16.831463 1.000000
    endloop
  endfacet
  facet normal 0.675943 0.736954 0.000000
    outer loop
      vertex 13.009151 -16.831463 0.000000
      vertex 12.844640 -16.680571 0.000000
      vertex 12.844640 -16.680571 1.000000
    endloop
  endfacet
  facet normal 0.691765 0.722123 0.000000
    outer loop
      vertex 12.844640 -16.680571 0.000000
      vertex 12.839967 -16.676094 0.000000
      vertex 12.839967 -16.676094 1.000000
    endloop
  endfacet
  facet normal 0.707107 0.707107 0.000000
    outer loop
      vertex 12.839967 -16.676094 0.000000
      vertex 12.826241 -16.662369 0.000000
      vertex 12.826241 -16.662369 1.000000
    endloop
  endfacet
  facet normal 0.722197 0.691688 0.000000
    outer loop
      vertex 12.826241 -16.662369 0.000000
      vertex 12.821766 -16.657696 0.000000
      vertex 12.821766 -16.657696 1.000000
    endloop
  endfacet
  facet normal -0.675945 -0.736952 0.000000
    outer loop
      vertex 13.651506 -16.193541 0.000000
      vertex 13.651506 -16.193541 1.000000
      vertex 13.482298 -16.038340 0.000000
    endloop
  endfacet
  facet normal -0.707144 -0.707070 0.000000
    outer loop
      vertex 13.482298 -16.038340 0.000000
      vertex 13.482298 -16.038340 1.000000
      vertex 13.463997 -16.020037 0.000000
    endloop
  endfacet
  facet normal -0.736952 -0.675945 0.000000
    outer loop
      vertex 13.463997 -16.020037 0.000000
      vertex 13.463997 -16.020037 1.000000
      vertex 13.308796 -15.850828 0.000000
    endloop
  endfacet
  facet normal -0.764525 -0.644595 0.000000
    outer loop
      vertex 13.308796 -15.850828 0.000000
      vertex 13.308796 -15.850828 1.000000
      vertex 13.292629 -15.831654 0.000000
    endloop
  endfacet
  facet normal -0.790841 -0.612022 0.000000
    outer loop
      vertex 13.292629 -15.831654 0.000000
      vertex 13.292629 -15.831654 1.000000
      vertex 13.172754 -15.676754 0.000000
    endloop
  endfacet
  facet normal -0.816447 -0.577421 0.000000
    outer loop
      vertex 13.172754 -15.676754 0.000000
      vertex 13.172754 -15.676754 1.000000
      vertex 13.157842 -15.655668 0.000000
    endloop
  endfacet
  facet normal -0.840548 -0.541737 0.000000
    outer loop
      vertex 13.157842 -15.655668 0.000000
      vertex 13.157842 -15.655668 1.000000
      vertex 13.110313 -15.581924 0.000000
    endloop
  endfacet
  facet normal -0.863001 -0.505203 0.000000
    outer loop
      vertex 13.110313 -15.581924 0.000000
      vertex 13.110313 -15.581924 1.000000
      vertex 13.097318 -15.559725 0.000000
    endloop
  endfacet
  facet normal 0.736951 0.675946 0.000000
    outer loop
      vertex 12.821766 -16.657696 0.000000
      vertex 12.670872 -16.493183 0.000000
      vertex 12.670872 -16.493183 1.000000
    endloop
  endfacet
  facet normal 0.750973 0.660333 0.000000
    outer loop
      vertex 12.670872 -16.493183 0.000000
      vertex 12.666731 -16.488474 0.000000
      vertex 12.666731 -16.488474 1.000000
    endloop
  endfacet
  facet normal 0.764543 0.644573 0.000000
    outer loop
      vertex 12.666731 -16.488474 0.000000
      vertex 12.654608 -16.474094 0.000000
      vertex 12.654608 -16.474094 1.000000
    endloop
  endfacet
  facet normal 0.777953 0.628323 0.000000
    outer loop
      vertex 12.654608 -16.474094 0.000000
      vertex 12.650667 -16.469215 0.000000
      vertex 12.650667 -16.469215 1.000000
    endloop
  endfacet
  facet normal 0.790835 0.612030 0.000000
    outer loop
      vertex 12.650667 -16.469215 0.000000
      vertex 12.511999 -16.290035 0.000000
      vertex 12.511999 -16.290035 1.000000
    endloop
  endfacet
  facet normal 0.801402 0.598126 0.000000
    outer loop
      vertex 12.511999 -16.290035 0.000000
      vertex 12.508879 -16.285854 0.000000
      vertex 12.508879 -16.285854 1.000000
    endloop
  endfacet
  facet normal 0.811620 0.584186 0.000000
    outer loop
      vertex 12.508879 -16.285854 0.000000
      vertex 12.499737 -16.273153 0.000000
      vertex 12.499737 -16.273153 1.000000
    endloop
  endfacet
  facet normal 0.821731 0.569875 0.000000
    outer loop
      vertex 12.499737 -16.273153 0.000000
      vertex 12.496763 -16.268866 0.000000
      vertex 12.496763 -16.268866 1.000000
    endloop
  endfacet
  facet normal 0.831471 0.555568 0.000000
    outer loop
      vertex 12.496763 -16.268866 0.000000
      vertex 12.407630 -16.135468 0.000000
      vertex 12.407630 -16.135468 1.000000
    endloop
  endfacet
  facet normal 0.838373 0.545096 0.000000
    outer loop
      vertex 12.404902 -16.131321 0.000000
      vertex 12.404225 -16.130280 0.000000
      vertex 12.404225 -16.130280 1.000000
    endloop
  endfacet
  facet normal 0.836048 0.548656 -0.000000
    outer loop
      vertex 12.404902 -16.131321 0.000000
      vertex 12.404902 -16.131321 1.000000
      vertex 12.406945 -16.134434 0.000000
    endloop
  endfacet
  facet normal 0.833703 0.552213 -0.000000
    outer loop
      vertex 12.406945 -16.134434 0.000000
      vertex 12.406945 -16.134434 1.000000
      vertex 12.407630 -16.135468 0.000000
    endloop
  endfacet
  facet normal 0.840544 0.541743 0.000000
    outer loop
      vertex 12.404225 -16.130280 0.000000
      vertex 12.275799 -15.931019 0.000000
      vertex 12.275799 -15.931019 1.000000
    endloop
  endfacet
  facet normal 0.852070 0.523427 0.000000
    outer loop
      vertex 12.275799 -15.931019 0.000000
      vertex 12.272431 -15.925537 0.000000
      vertex 12.272431 -15.925537 1.000000
    endloop
  endfacet
  facet normal 0.862996 0.505211 0.000000
    outer loop
      vertex 12.272431 -15.925537 0.000000
      vertex 12.262686 -15.908890 0.000000
      vertex 12.262686 -15.908890 1.000000
    endloop
  endfacet
  facet normal 0.873611 0.486625 0.000000
    outer loop
      vertex 12.262686 -15.908890 0.000000
      vertex 12.259556 -15.903271 0.000000
      vertex 12.259556 -15.903271 1.000000
    endloop
  endfacet
  facet normal 0.883868 0.467736 0.000000
    outer loop
      vertex 12.259556 -15.903271 0.000000
      vertex 12.154324 -15.704416 0.000000
      vertex 12.154324 -15.704416 1.000000
    endloop
  endfacet
  facet normal 0.893721 0.448623 0.000000
    outer loop
      vertex 12.154324 -15.704416 0.000000
      vertex 12.151411 -15.698614 0.000000
      vertex 12.151411 -15.698614 1.000000
    endloop
  endfacet
  facet normal 0.903296 0.429019 0.000000
    outer loop
      vertex 12.151411 -15.698614 0.000000
      vertex 12.143058 -15.681026 0.000000
      vertex 12.143058 -15.681026 1.000000
    endloop
  endfacet
  facet normal 0.912333 0.409448 0.000000
    outer loop
      vertex 12.143058 -15.681026 0.000000
      vertex 12.140400 -15.675104 0.000000
      vertex 12.140400 -15.675104 1.000000
    endloop
  endfacet
  facet normal -0.883866 -0.467740 0.000000
    outer loop
      vertex 13.097318 -15.559725 0.000000
      vertex 13.097318 -15.559725 1.000000
      vertex 12.989061 -15.355158 0.000000
    endloop
  endfacet
  facet normal -0.903280 -0.429051 0.000000
    outer loop
      vertex 12.989061 -15.355158 0.000000
      vertex 12.989061 -15.355158 1.000000
      vertex 12.977921 -15.331705 0.000000
    endloop
  endfacet
  facet normal -0.921000 -0.389562 0.000000
    outer loop
      vertex 12.977921 -15.331705 0.000000
      vertex 12.977921 -15.331705 1.000000
      vertex 12.887292 -15.117439 0.000000
    endloop
  endfacet
  facet normal -0.937274 -0.348594 0.000000
    outer loop
      vertex 12.887292 -15.117439 0.000000
      vertex 12.887292 -15.117439 1.000000
      vertex 12.878070 -15.092644 0.000000
    endloop
  endfacet
  facet normal -0.951739 -0.306909 0.000000
    outer loop
      vertex 12.878070 -15.092644 0.000000
      vertex 12.878070 -15.092644 1.000000
      vertex 12.806068 -14.869364 0.000000
    endloop
  endfacet
  facet normal -0.964259 -0.264961 0.000000
    outer loop
      vertex 12.806068 -14.869364 0.000000
      vertex 12.806068 -14.869364 1.000000
      vertex 12.799110 -14.844042 0.000000
    endloop
  endfacet
  facet normal -0.974933 -0.222500 0.000000
    outer loop
      vertex 12.799110 -14.844042 0.000000
      vertex 12.799110 -14.844042 1.000000
      vertex 12.773377 -14.731287 0.000000
    endloop
  endfacet
  facet normal -0.983948 -0.178453 0.000000
    outer loop
      vertex 12.773377 -14.731287 0.000000
      vertex 12.773377 -14.731287 1.000000
      vertex 12.768564 -14.704748 0.000000
    endloop
  endfacet
  facet normal -0.990976 -0.134042 0.000000
    outer loop
      vertex 12.768564 -14.704748 0.000000
      vertex 12.768564 -14.704748 1.000000
      vertex 12.743662 -14.520645 0.000000
    endloop
  endfacet
  facet normal -0.995981 -0.089565 0.000000
    outer loop
      vertex 12.743662 -14.520645 0.000000
      vertex 12.743662 -14.520645 1.000000
      vertex 12.741258 -14.493910 0.000000
    endloop
  endfacet
  facet normal -0.937318 0.348474 0.000000
    outer loop
      vertex 12.878062 -13.377550 0.000000
      vertex 12.878062 -13.377550 1.000000
      vertex 12.887306 -13.352686 0.000000
    endloop
  endfacet
  facet normal -0.998990 -0.044924 0.000000
    outer loop
      vertex 12.741258 -14.493910 0.000000
      vertex 12.741258 -14.493910 1.000000
      vertex 12.730225 -14.248562 0.000000
    endloop
  endfacet
  facet normal -1.000000 0.000000 0.000000
    outer loop
      vertex 12.730225 -14.248562 0.000000
      vertex 12.730225 -14.248562 1.000000
      vertex 12.730225 -14.221596 0.000000
    endloop
  endfacet
  facet normal -0.998989 0.044957 0.000000
    outer loop
      vertex 12.730225 -14.221596 0.000000
      vertex 12.730225 -14.221596 1.000000
      vertex 12.741257 -13.976450 0.000000
    endloop
  endfacet
  facet normal -0.995978 0.089597 0.000000
    outer loop
      vertex 12.741257 -13.976450 0.000000
      vertex 12.741257 -13.976450 1.000000
      vertex 12.743661 -13.949724 0.000000
    endloop
  endfacet
  facet normal -0.990975 0.134045 0.000000
    outer loop
      vertex 12.743661 -13.949724 0.000000
      vertex 12.743661 -13.949724 1.000000
      vertex 12.768564 -13.765617 0.000000
    endloop
  endfacet
  facet normal -0.983948 0.178453 0.000000
    outer loop
      vertex 12.768564 -13.765617 0.000000
      vertex 12.768564 -13.765617 1.000000
      vertex 12.773377 -13.739079 0.000000
    endloop
  endfacet
  facet normal -0.974932 0.222502 0.000000
    outer loop
      vertex 12.773377 -13.739079 0.000000
      vertex 12.773377 -13.739079 1.000000
      vertex 12.799119 -13.626287 0.000000
    endloop
  endfacet
  facet normal -0.964293 0.264837 0.000000
    outer loop
      vertex 12.799119 -13.626287 0.000000
      vertex 12.799119 -13.626287 1.000000
      vertex 12.806054 -13.601036 0.000000
    endloop
  endfacet
  facet normal -0.951813 0.306678 0.000000
    outer loop
      vertex 12.878062 -13.377550 0.000000
      vertex 12.806054 -13.601036 0.000000
      vertex 12.806054 -13.601036 1.000000
    endloop
  endfacet
  facet normal -0.081811 0.996648 0.000000
    outer loop
      vertex 18.174335 -12.097368 0.000000
      vertex 18.159673 -12.098572 0.000000
      vertex 18.159673 -12.098572 1.000000
    endloop
  endfacet
  facet normal -0.032656 0.999467 0.000000
    outer loop
      vertex 18.159673 -12.098572 0.000000
      vertex 18.149866 -12.098892 0.000000
      vertex 18.149866 -12.098892 1.000000
    endloop
  endfacet
  facet normal -0.016320 0.999867 0.000000
    outer loop
      vertex 18.149866 -12.098892 0.000000
      vertex 18.144958 -12.098972 0.000000
      vertex 18.144958 -12.098972 1.000000
    endloop
  endfacet
  facet normal 0.000000 1.000000 0.000000
    outer loop
      vertex 18.144958 -12.098972 0.000000
      vertex 15.241327 -12.098972 0.000000
      vertex 15.241327 -12.098972 1.000000
    endloop
  endfacet
  facet normal 0.032655 0.999467 0.000000
    outer loop
      vertex 15.241327 -12.098972 0.000000
      vertex 15.231520 -12.098652 0.000000
      vertex 15.231520 -12.098652 1.000000
    endloop
  endfacet
  facet normal 0.065421 0.997858 0.000000
    outer loop
      vertex 15.231520 -12.098652 0.000000
      vertex 15.204609 -12.096888 0.000000
      vertex 15.204609 -12.096888 1.000000
    endloop
  endfacet
  facet normal 0.114351 0.993440 0.000000
    outer loop
      vertex 15.204609 -12.096888 0.000000
      vertex 15.189994 -12.095205 0.000000
      vertex 15.189994 -12.095205 1.000000
    endloop
  endfacet
  facet normal 0.162901 0.986642 0.000000
    outer loop
      vertex 15.189994 -12.095205 0.000000
      vertex 15.180313 -12.093607 0.000000
      vertex 15.180313 -12.093607 1.000000
    endloop
  endfacet
  facet normal 0.178749 0.983895 0.000000
    outer loop
      vertex 15.180313 -12.093607 0.000000
      vertex 15.175484 -12.092730 0.000000
      vertex 15.175484 -12.092730 1.000000
    endloop
  endfacet
  facet normal -0.761678 -0.647956 0.000000
    outer loop
      vertex 18.081747 -10.300249 0.000000
      vertex 18.081747 -10.300249 1.000000
      vertex 18.078835 -10.296825 0.000000
    endloop
  endfacet
  facet normal -0.751777 -0.659418 0.000000
    outer loop
      vertex 18.078835 -10.296825 0.000000
      vertex 18.078835 -10.296825 1.000000
      vertex 18.073183 -10.290382 0.000000
    endloop
  endfacet
  facet normal -0.719582 -0.694407 0.000000
    outer loop
      vertex 18.073183 -10.290382 0.000000
      vertex 18.073183 -10.290382 1.000000
      vertex 18.063253 -10.280092 0.000000
    endloop
  endfacet
  facet normal -0.685601 -0.727977 0.000000
    outer loop
      vertex 18.063253 -10.280092 0.000000
      vertex 18.063253 -10.280092 1.000000
      vertex 18.043470 -10.261461 0.000000
    endloop
  endfacet
  facet normal -0.661427 -0.750009 0.000000
    outer loop
      vertex 18.043470 -10.261461 0.000000
      vertex 18.043470 -10.261461 1.000000
      vertex 18.036110 -10.254971 0.000000
    endloop
  endfacet
  facet normal -0.636521 -0.771260 0.000000
    outer loop
      vertex 18.036110 -10.254971 0.000000
      vertex 18.036110 -10.254971 1.000000
      vertex 17.856894 -10.107063 0.000000
    endloop
  endfacet
  facet normal -0.616920 -0.787026 0.000000
    outer loop
      vertex 17.856894 -10.107063 0.000000
      vertex 17.856894 -10.107063 1.000000
      vertex 17.850937 -10.102394 0.000000
    endloop
  endfacet
  facet normal -0.596812 -0.802381 0.000000
    outer loop
      vertex 17.850937 -10.102394 0.000000
      vertex 17.850937 -10.102394 1.000000
      vertex 17.832726 -10.088848 0.000000
    endloop
  endfacet
  facet normal -0.576406 -0.817163 0.000000
    outer loop
      vertex 17.832726 -10.088848 0.000000
      vertex 17.832726 -10.088848 1.000000
      vertex 17.826541 -10.084486 0.000000
    endloop
  endfacet
  facet normal -0.555565 -0.831473 0.000000
    outer loop
      vertex 17.826541 -10.084486 0.000000
      vertex 17.826541 -10.084486 1.000000
      vertex 17.709777 -10.006468 0.000000
    endloop
  endfacet
  facet normal -0.536503 -0.843898 0.000000
    outer loop
      vertex 17.709777 -10.006468 0.000000
      vertex 17.709777 -10.006468 1.000000
      vertex 17.703969 -10.002775 0.000000
    endloop
  endfacet
  facet normal -0.516835 -0.856085 0.000000
    outer loop
      vertex 17.703969 -10.002775 0.000000
      vertex 17.703969 -10.002775 1.000000
      vertex 17.686299 -9.992107 0.000000
    endloop
  endfacet
  facet normal -0.497004 -0.867748 0.000000
    outer loop
      vertex 17.686299 -9.992107 0.000000
      vertex 17.686299 -9.992107 1.000000
      vertex 17.680328 -9.988688 0.000000
    endloop
  endfacet
  facet normal -0.477026 -0.878889 0.000000
    outer loop
      vertex 17.680328 -9.988688 0.000000
      vertex 17.680328 -9.988688 1.000000
      vertex 17.471231 -9.875198 0.000000
    endloop
  endfacet
  facet normal -0.462646 -0.886543 0.000000
    outer loop
      vertex 17.471231 -9.875198 0.000000
      vertex 17.471231 -9.875198 1.000000
      vertex 17.466889 -9.872932 0.000000
    endloop
  endfacet
  facet normal -0.448110 -0.893978 0.000000
    outer loop
      vertex 17.466889 -9.872932 0.000000
      vertex 17.466889 -9.872932 1.000000
      vertex 17.458145 -9.868549 0.000000
    endloop
  endfacet
  facet normal -0.403754 -0.914868 0.000000
    outer loop
      vertex 17.458145 -9.868549 0.000000
      vertex 17.458145 -9.868549 1.000000
      vertex 17.444695 -9.862614 0.000000
    endloop
  endfacet
  facet normal -0.358303 -0.933606 0.000000
    outer loop
      vertex 17.444695 -9.862614 0.000000
      vertex 17.444695 -9.862614 1.000000
      vertex 17.419513 -9.852949 0.000000
    endloop
  endfacet
  facet normal -0.327706 -0.944780 0.000000
    outer loop
      vertex 17.419513 -9.852949 0.000000
      vertex 17.419513 -9.852949 1.000000
      vertex 17.410242 -9.849733 0.000000
    endloop
  endfacet
  facet normal -0.296532 -0.955023 0.000000
    outer loop
      vertex 17.410242 -9.849733 0.000000
      vertex 17.410242 -9.849733 1.000000
      vertex 17.183207 -9.779240 0.000000
    endloop
  endfacet
  facet normal -0.271382 -0.962472 0.000000
    outer loop
      vertex 17.183207 -9.779240 0.000000
      vertex 17.183207 -9.779240 1.000000
      vertex 17.175651 -9.777109 0.000000
    endloop
  endfacet
  facet normal -0.246179 -0.969224 0.000000
    outer loop
      vertex 17.175651 -9.777109 0.000000
      vertex 17.175651 -9.777109 1.000000
      vertex 17.152830 -9.771313 0.000000
    endloop
  endfacet
  facet normal -0.220826 -0.975313 0.000000
    outer loop
      vertex 17.152830 -9.771313 0.000000
      vertex 17.152830 -9.771313 1.000000
      vertex 17.145173 -9.769579 0.000000
    endloop
  endfacet
  facet normal -0.195083 -0.980787 0.000000
    outer loop
      vertex 17.145173 -9.769579 0.000000
      vertex 17.145173 -9.769579 1.000000
      vertex 17.008938 -9.742481 0.000000
    endloop
  endfacet
  facet normal -0.171464 -0.985190 0.000000
    outer loop
      vertex 17.008938 -9.742481 0.000000
      vertex 17.008938 -9.742481 1.000000
      vertex 17.001836 -9.741245 0.000000
    endloop
  endfacet
  facet normal -0.147783 -0.989020 0.000000
    outer loop
      vertex 17.001836 -9.741245 0.000000
      vertex 17.001836 -9.741245 1.000000
      vertex 16.980455 -9.738050 0.000000
    endloop
  endfacet
  facet normal -0.123839 -0.992302 0.000000
    outer loop
      vertex 16.980455 -9.738050 0.000000
      vertex 16.980455 -9.738050 1.000000
      vertex 16.973303 -9.737158 0.000000
    endloop
  endfacet
  facet normal -0.100052 -0.994982 0.000000
    outer loop
      vertex 16.973303 -9.737158 0.000000
      vertex 16.973303 -9.737158 1.000000
      vertex 16.724616 -9.712151 0.000000
    endloop
  endfacet
  facet normal -0.082750 -0.996570 0.000000
    outer loop
      vertex 16.724616 -9.712151 0.000000
      vertex 16.724616 -9.712151 1.000000
      vertex 16.719424 -9.711720 0.000000
    endloop
  endfacet
  facet normal -0.065326 -0.997864 0.000000
    outer loop
      vertex 16.719424 -9.711720 0.000000
      vertex 16.719424 -9.711720 1.000000
      vertex 16.708732 -9.711020 0.000000
    endloop
  endfacet
  facet normal -0.015374 -0.999882 0.000000
    outer loop
      vertex 16.708732 -9.711020 0.000000
      vertex 16.708732 -9.711020 1.000000
      vertex 16.693722 -9.710789 0.000000
    endloop
  endfacet
  facet normal 0.034637 -0.999400 0.000000
    outer loop
      vertex 16.693722 -9.710789 0.000000
      vertex 16.693722 -9.710789 1.000000
      vertex 16.666920 -9.711718 0.000000
    endloop
  endfacet
  facet normal 0.067448 -0.997723 0.000000
    outer loop
      vertex 16.666920 -9.711718 0.000000
      vertex 16.666920 -9.711718 1.000000
      vertex 16.657130 -9.712379 0.000000
    endloop
  endfacet
  facet normal 0.516845 -0.856079 0.000000
    outer loop
      vertex 15.679862 -10.002775 0.000000
      vertex 15.697532 -9.992107 0.000000
      vertex 15.697532 -9.992107 1.000000
    endloop
  endfacet
  facet normal 0.536472 -0.843918 0.000000
    outer loop
      vertex 15.679862 -10.002775 0.000000
      vertex 15.679862 -10.002775 1.000000
      vertex 15.674053 -10.006468 0.000000
    endloop
  endfacet
  facet normal 0.497004 -0.867748 0.000000
    outer loop
      vertex 15.703503 -9.988688 0.000000
      vertex 15.703503 -9.988688 1.000000
      vertex 15.697532 -9.992107 0.000000
    endloop
  endfacet
  facet normal 0.555565 -0.831473 0.000000
    outer loop
      vertex 15.674053 -10.006468 0.000000
      vertex 15.674053 -10.006468 1.000000
      vertex 15.557289 -10.084486 0.000000
    endloop
  endfacet
  facet normal 0.596822 -0.802374 0.000000
    outer loop
      vertex 15.532893 -10.102394 0.000000
      vertex 15.551105 -10.088848 0.000000
      vertex 15.551105 -10.088848 1.000000
    endloop
  endfacet
  facet normal 0.616920 -0.787026 0.000000
    outer loop
      vertex 15.532893 -10.102394 0.000000
      vertex 15.532893 -10.102394 1.000000
      vertex 15.526937 -10.107063 0.000000
    endloop
  endfacet
  facet normal 0.576376 -0.817184 0.000000
    outer loop
      vertex 15.557289 -10.084486 0.000000
      vertex 15.557289 -10.084486 1.000000
      vertex 15.551105 -10.088848 0.000000
    endloop
  endfacet
  facet normal 0.694799 -0.719204 0.000000
    outer loop
      vertex 15.335756 -10.265274 0.000000
      vertex 15.335756 -10.265274 1.000000
      vertex 15.325442 -10.275238 0.000000
    endloop
  endfacet
  facet normal 0.787390 -0.616455 0.000000
    outer loop
      vertex 15.147973 -10.487518 0.000000
      vertex 15.152613 -10.481592 0.000000
      vertex 15.152613 -10.481592 1.000000
    endloop
  endfacet
  facet normal 0.802558 -0.596574 0.000000
    outer loop
      vertex 15.147973 -10.487518 0.000000
      vertex 15.147973 -10.487518 1.000000
      vertex 15.134508 -10.505632 0.000000
    endloop
  endfacet
  facet normal 0.771612 -0.636094 0.000000
    outer loop
      vertex 15.152613 -10.481592 0.000000
      vertex 15.300350 -10.302380 0.000000
      vertex 15.300350 -10.302380 1.000000
    endloop
  endfacet
  facet normal 0.750442 -0.660937 0.000000
    outer loop
      vertex 15.300350 -10.302380 0.000000
      vertex 15.306836 -10.295015 0.000000
      vertex 15.306836 -10.295015 1.000000
    endloop
  endfacet
  facet normal 0.728342 -0.685214 0.000000
    outer loop
      vertex 15.306836 -10.295015 0.000000
      vertex 15.325442 -10.275238 0.000000
      vertex 15.325442 -10.275238 1.000000
    endloop
  endfacet
  facet normal 0.636521 -0.771260 0.000000
    outer loop
      vertex 15.526937 -10.107063 0.000000
      vertex 15.526937 -10.107063 1.000000
      vertex 15.345749 -10.256598 0.000000
    endloop
  endfacet
  facet normal 0.648295 -0.761389 0.000000
    outer loop
      vertex 15.345749 -10.256598 0.000000
      vertex 15.345749 -10.256598 1.000000
      vertex 15.342295 -10.259539 0.000000
    endloop
  endfacet
  facet normal 0.659436 -0.751761 0.000000
    outer loop
      vertex 15.335756 -10.265274 0.000000
      vertex 15.342295 -10.259539 0.000000
      vertex 15.342295 -10.259539 1.000000
    endloop
  endfacet
  facet normal 0.099981 -0.994989 0.000000
    outer loop
      vertex 16.657130 -9.712379 0.000000
      vertex 16.657130 -9.712379 1.000000
      vertex 16.410541 -9.737158 0.000000
    endloop
  endfacet
  facet normal 0.124010 -0.992281 0.000000
    outer loop
      vertex 16.410541 -9.737158 0.000000
      vertex 16.410541 -9.737158 1.000000
      vertex 16.403383 -9.738052 0.000000
    endloop
  endfacet
  facet normal 0.147680 -0.989035 0.000000
    outer loop
      vertex 16.403383 -9.738052 0.000000
      vertex 16.403383 -9.738052 1.000000
      vertex 16.381987 -9.741247 0.000000
    endloop
  endfacet
  facet normal 0.171330 -0.985214 0.000000
    outer loop
      vertex 16.381987 -9.741247 0.000000
      vertex 16.381987 -9.741247 1.000000
      vertex 16.374880 -9.742483 0.000000
    endloop
  endfacet
  facet normal 0.195088 -0.980786 0.000000
    outer loop
      vertex 16.374880 -9.742483 0.000000
      vertex 16.374880 -9.742483 1.000000
      vertex 16.238658 -9.769579 0.000000
    endloop
  endfacet
  facet normal 0.271382 -0.962472 0.000000
    outer loop
      vertex 16.208179 -9.777109 0.000000
      vertex 16.208179 -9.777109 1.000000
      vertex 16.200624 -9.779240 0.000000
    endloop
  endfacet
  facet normal 0.220813 -0.975316 0.000000
    outer loop
      vertex 16.238658 -9.769579 0.000000
      vertex 16.238658 -9.769579 1.000000
      vertex 16.231000 -9.771313 0.000000
    endloop
  endfacet
  facet normal 0.246179 -0.969224 0.000000
    outer loop
      vertex 16.208179 -9.777109 0.000000
      vertex 16.231000 -9.771313 0.000000
      vertex 16.231000 -9.771313 1.000000
    endloop
  endfacet
  facet normal 0.296528 -0.955024 0.000000
    outer loop
      vertex 16.200624 -9.779240 0.000000
      vertex 16.200624 -9.779240 1.000000
      vertex 15.971239 -9.850462 0.000000
    endloop
  endfacet
  facet normal 0.312311 -0.949980 0.000000
    outer loop
      vertex 15.971239 -9.850462 0.000000
      vertex 15.971239 -9.850462 1.000000
      vertex 15.966586 -9.851992 0.000000
    endloop
  endfacet
  facet normal 0.327613 -0.944812 0.000000
    outer loop
      vertex 15.966586 -9.851992 0.000000
      vertex 15.966586 -9.851992 1.000000
      vertex 15.957345 -9.855196 0.000000
    endloop
  endfacet
  facet normal 0.373403 -0.927669 0.000000
    outer loop
      vertex 15.957345 -9.855196 0.000000
      vertex 15.957345 -9.855196 1.000000
      vertex 15.943707 -9.860685 0.000000
    endloop
  endfacet
  facet normal 0.418547 -0.908195 0.000000
    outer loop
      vertex 15.919210 -9.871975 0.000000
      vertex 15.943707 -9.860685 0.000000
      vertex 15.943707 -9.860685 1.000000
    endloop
  endfacet
  facet normal 0.448030 -0.894019 0.000000
    outer loop
      vertex 15.919210 -9.871975 0.000000
      vertex 15.919210 -9.871975 1.000000
      vertex 15.910438 -9.876371 0.000000
    endloop
  endfacet
  facet normal 0.477026 -0.878889 0.000000
    outer loop
      vertex 15.703503 -9.988688 0.000000
      vertex 15.910438 -9.876371 0.000000
      vertex 15.910438 -9.876371 1.000000
    endloop
  endfacet
  facet normal 0.000000 0.000000 -1.000000
    outer loop
      vertex 15.238873 -16.291086 0.000000
      vertex 14.661896 -11.799717 0.000000
      vertex 14.700112 -11.808628 0.000000
    endloop
  endfacet
  facet normal 0.000000 0.000000 -1.000000
    outer loop
      vertex 15.238873 -16.291086 0.000000
      vertex 14.700112 -11.808628 0.000000
      vertex 14.736839 -11.822451 0.000000
    endloop
  endfacet
  facet normal 0.000000 0.000000 -1.000000
    outer loop
      vertex 15.238873 -16.291086 0.000000
      vertex 14.583622 -11.797153 0.000000
      vertex 14.622843 -11.795870 0.000000
    endloop
  endfacet
  facet normal 0.000000 0.000000 -1.000000
    outer loop
      vertex 15.238873 -16.291086 0.000000
      vertex 14.622843 -11.795870 0.000000
      vertex 14.661896 -11.799717 0.000000
    endloop
  endfacet
  facet normal 0.000000 0.000000 -1.000000
    outer loop
      vertex 15.238873 -16.291086 0.000000
      vertex 14.521024 -11.810165 0.000000
      vertex 14.544904 -11.803547 0.000000
    endloop
  endfacet
  facet normal 0.000000 0.000000 -1.000000
    outer loop
      vertex 15.238873 -16.291086 0.000000
      vertex 14.544904 -11.803547 0.000000
      vertex 14.583622 -11.797153 0.000000
    endloop
  endfacet
  facet normal 0.000000 0.000000 -1.000000
    outer loop
      vertex 14.871607 -11.940140 0.000000
      vertex 14.853551 -11.916910 0.000000
      vertex 14.853696 -11.916798 0.000000
    endloop
  endfacet
  facet normal -0.000000 0.000000 -1.000000
    outer loop
      vertex 14.839128 -10.823227 0.000000
      vertex 14.800667 -10.831020 0.000000
      vertex 14.876242 -10.810482 0.000000
    endloop
  endfacet
  facet normal 0.000000 0.000000 -1.000000
    outer loop
      vertex 14.800667 -10.831020 0.000000
      vertex 14.911375 -10.793001 0.000000
      vertex 14.876242 -10.810482 0.000000
    endloop
  endfacet
  facet normal 0.000000 0.000000 -1.000000
    outer loop
      vertex 14.800667 -10.831020 0.000000
      vertex 14.943926 -10.771084 0.000000
      vertex 14.911375 -10.793001 0.000000
    endloop
  endfacet
  facet normal 0.000000 0.000000 -1.000000
    outer loop
      vertex 14.973337 -10.745106 0.000000
      vertex 14.943926 -10.771084 0.000000
      vertex 14.741103 -10.839077 0.000000
    endloop
  endfacet
  facet normal -0.000000 0.000000 -1.000000
    outer loop
      vertex 14.973337 -10.745106 0.000000
      vertex 14.741103 -10.839077 0.000000
      vertex 14.999106 -10.715509 0.000000
    endloop
  endfacet
  facet normal 0.000000 0.000000 -1.000000
    outer loop
      vertex 15.020793 -10.682804 0.000000
      vertex 14.999106 -10.715509 0.000000
      vertex 14.741103 -10.839077 0.000000
    endloop
  endfacet
  facet normal -0.000000 0.000000 -1.000000
    outer loop
      vertex 15.020793 -10.682804 0.000000
      vertex 14.741103 -10.839077 0.000000
      vertex 15.024072 -10.676926 0.000000
    endloop
  endfacet
  facet normal -0.000000 0.000000 -1.000000
    outer loop
      vertex 15.024072 -10.676926 0.000000
      vertex 14.741103 -10.839077 0.000000
      vertex 15.034339 -10.658026 0.000000
    endloop
  endfacet
  facet normal 0.000000 0.000000 -1.000000
    outer loop
      vertex 15.037748 -10.652077 0.000000
      vertex 15.034339 -10.658026 0.000000
      vertex 14.741103 -10.839077 0.000000
    endloop
  endfacet
  facet normal 0.000000 0.000000 -1.000000
    outer loop
      vertex 15.048379 -10.634476 0.000000
      vertex 15.037748 -10.652077 0.000000
      vertex 14.741103 -10.839077 0.000000
    endloop
  endfacet
  facet normal -0.000000 0.000000 -1.000000
    outer loop
      vertex 15.048379 -10.634476 0.000000
      vertex 14.722778 -10.842062 0.000000
      vertex 15.052057 -10.628689 0.000000
    endloop
  endfacet
  facet normal -0.000000 0.000000 -1.000000
    outer loop
      vertex 14.800667 -10.831020 0.000000
      vertex 14.741103 -10.839077 0.000000
      vertex 14.943926 -10.771084 0.000000
    endloop
  endfacet
  facet normal 0.000000 0.000000 -1.000000
    outer loop
      vertex 15.048379 -10.634476 0.000000
      vertex 14.741103 -10.839077 0.000000
      vertex 14.736513 -10.839769 0.000000
    endloop
  endfacet
  facet normal 0.000000 0.000000 -1.000000
    outer loop
      vertex 15.048379 -10.634476 0.000000
      vertex 14.736513 -10.839769 0.000000
      vertex 14.722778 -10.842062 0.000000
    endloop
  endfacet
  facet normal 0.000000 0.000000 -1.000000
    outer loop
      vertex 15.052057 -10.628689 0.000000
      vertex 14.722778 -10.842062 0.000000
      vertex 14.718211 -10.842897 0.000000
    endloop
  endfacet
  facet normal 0.000000 0.000000 -1.000000
    outer loop
      vertex 15.052057 -10.628689 0.000000
      vertex 14.718211 -10.842897 0.000000
      vertex 14.561559 -10.874058 0.000000
    endloop
  endfacet
  facet normal -0.000000 0.000000 -1.000000
    outer loop
      vertex 15.052057 -10.628689 0.000000
      vertex 14.561559 -10.874058 0.000000
      vertex 15.130171 -10.511784 0.000000
    endloop
  endfacet
  facet normal 0.000000 0.000000 -1.000000
    outer loop
      vertex 14.561559 -10.874058 0.000000
      vertex 15.134508 -10.505632 0.000000
      vertex 15.130171 -10.511784 0.000000
    endloop
  endfacet
  facet normal 0.000000 0.000000 -1.000000
    outer loop
      vertex 15.147973 -10.487518 0.000000
      vertex 15.134508 -10.505632 0.000000
      vertex 14.553332 -10.875799 0.000000
    endloop
  endfacet
  facet normal -0.000000 0.000000 -1.000000
    outer loop
      vertex 15.147973 -10.487518 0.000000
      vertex 14.315062 -10.930164 0.000000
      vertex 15.152613 -10.481592 0.000000
    endloop
  endfacet
  facet normal -0.000000 0.000000 -1.000000
    outer loop
      vertex 15.152613 -10.481592 0.000000
      vertex 14.315062 -10.930164 0.000000
      vertex 15.300350 -10.302380 0.000000
    endloop
  endfacet
  facet normal -0.000000 0.000000 -1.000000
    outer loop
      vertex 14.561559 -10.874058 0.000000
      vertex 14.559500 -10.874481 0.000000
      vertex 15.134508 -10.505632 0.000000
    endloop
  endfacet
  facet normal -0.000000 0.000000 -1.000000
    outer loop
      vertex 14.559500 -10.874481 0.000000
      vertex 14.553332 -10.875799 0.000000
      vertex 15.134508 -10.505632 0.000000
    endloop
  endfacet
  facet normal 0.000000 0.000000 -1.000000
    outer loop
      vertex 15.147973 -10.487518 0.000000
      vertex 14.551278 -10.876253 0.000000
      vertex 14.315062 -10.930164 0.000000
    endloop
  endfacet
  facet normal 0.000000 0.000000 -1.000000
    outer loop
      vertex 15.147973 -10.487518 0.000000
      vertex 14.553332 -10.875799 0.000000
      vertex 14.551278 -10.876253 0.000000
    endloop
  endfacet
  facet normal 0.000000 0.000000 -1.000000
    outer loop
      vertex 15.300350 -10.302380 0.000000
      vertex 14.315062 -10.930164 0.000000
      vertex 14.308711 -10.931759 0.000000
    endloop
  endfacet
  facet normal 0.000000 0.000000 -1.000000
    outer loop
      vertex 15.300350 -10.302380 0.000000
      vertex 14.308711 -10.931759 0.000000
      vertex 14.289775 -10.936960 0.000000
    endloop
  endfacet
  facet normal 0.000000 0.000000 -1.000000
    outer loop
      vertex 15.306836 -10.295015 0.000000
      vertex 14.289775 -10.936960 0.000000
      vertex 14.283500 -10.938831 0.000000
    endloop
  endfacet
  facet normal 0.000000 0.000000 -1.000000
    outer loop
      vertex 15.306836 -10.295015 0.000000
      vertex 14.283500 -10.938831 0.000000
      vertex 14.066289 -11.008818 0.000000
    endloop
  endfacet
  facet normal 0.000000 0.000000 -1.000000
    outer loop
      vertex 15.335756 -10.265274 0.000000
      vertex 14.066289 -11.008818 0.000000
      vertex 14.060022 -11.010992 0.000000
    endloop
  endfacet
  facet normal 0.000000 0.000000 -1.000000
    outer loop
      vertex 15.345749 -10.256598 0.000000
      vertex 14.060022 -11.010992 0.000000
      vertex 14.041376 -11.017923 0.000000
    endloop
  endfacet
  facet normal 0.000000 0.000000 -1.000000
    outer loop
      vertex 15.345749 -10.256598 0.000000
      vertex 14.041376 -11.017923 0.000000
      vertex 14.035212 -11.020370 0.000000
    endloop
  endfacet
  facet normal 0.000000 0.000000 -1.000000
    outer loop
      vertex 15.532893 -10.102394 0.000000
      vertex 13.827089 -11.108402 0.000000
      vertex 13.821140 -11.111073 0.000000
    endloop
  endfacet
  facet normal 0.000000 0.000000 -1.000000
    outer loop
      vertex 15.551105 -10.088848 0.000000
      vertex 13.821140 -11.111073 0.000000
      vertex 13.803477 -11.119467 0.000000
    endloop
  endfacet
  facet normal 0.000000 0.000000 -1.000000
    outer loop
      vertex 15.526937 -10.107063 0.000000
      vertex 14.035212 -11.020370 0.000000
      vertex 13.827089 -11.108402 0.000000
    endloop
  endfacet
  facet normal -0.000000 0.000000 -1.000000
    outer loop
      vertex 15.300350 -10.302380 0.000000
      vertex 14.289775 -10.936960 0.000000
      vertex 15.306836 -10.295015 0.000000
    endloop
  endfacet
  facet normal 0.000000 0.000000 -1.000000
    outer loop
      vertex 15.526937 -10.107063 0.000000
      vertex 15.345749 -10.256598 0.000000
      vertex 14.035212 -11.020370 0.000000
    endloop
  endfacet
  facet normal 0.000000 0.000000 -1.000000
    outer loop
      vertex 15.532893 -10.102394 0.000000
      vertex 15.526937 -10.107063 0.000000
      vertex 13.827089 -11.108402 0.000000
    endloop
  endfacet
  facet normal -0.000000 0.000000 -1.000000
    outer loop
      vertex 15.532893 -10.102394 0.000000
      vertex 13.821140 -11.111073 0.000000
      vertex 15.551105 -10.088848 0.000000
    endloop
  endfacet
  facet normal 0.000000 0.000000 -1.000000
    outer loop
      vertex 15.335756 -10.265274 0.000000
      vertex 15.325442 -10.275238 0.000000
      vertex 14.066289 -11.008818 0.000000
    endloop
  endfacet
  facet normal -0.000000 0.000000 -1.000000
    outer loop
      vertex 15.335756 -10.265274 0.000000
      vertex 14.060022 -11.010992 0.000000
      vertex 15.342295 -10.259539 0.000000
    endloop
  endfacet
  facet normal 0.000000 0.000000 -1.000000
    outer loop
      vertex 15.345749 -10.256598 0.000000
      vertex 15.342295 -10.259539 0.000000
      vertex 14.060022 -11.010992 0.000000
    endloop
  endfacet
  facet normal -0.000000 0.000000 -1.000000
    outer loop
      vertex 15.306836 -10.295015 0.000000
      vertex 14.066289 -11.008818 0.000000
      vertex 15.325442 -10.275238 0.000000
    endloop
  endfacet
  facet normal -0.612022 0.790841 0.000000
    outer loop
      vertex 13.670682 -12.260660 0.000000
      vertex 13.670682 -12.260660 1.000000
      vertex 13.825582 -12.140785 0.000000
    endloop
  endfacet
  facet normal -0.644576 0.764540 0.000000
    outer loop
      vertex 13.651506 -12.276827 0.000000
      vertex 13.651506 -12.276827 1.000000
      vertex 13.670682 -12.260660 0.000000
    endloop
  endfacet
  facet normal 0.195091 0.980785 0.000000
    outer loop
      vertex 15.175484 -12.092730 0.000000
      vertex 15.097018 -12.077122 0.000000
      vertex 15.097018 -12.077122 1.000000
    endloop
  endfacet
  facet normal 0.227208 0.973846 0.000000
    outer loop
      vertex 15.097018 -12.077122 0.000000
      vertex 15.087461 -12.074892 0.000000
      vertex 15.087461 -12.074892 1.000000
    endloop
  endfacet
  facet normal 0.258805 0.965929 0.000000
    outer loop
      vertex 15.087461 -12.074892 0.000000
      vertex 15.063785 -12.068548 0.000000
      vertex 15.063785 -12.068548 1.000000
    endloop
  endfacet
  facet normal 0.321434 0.946932 0.000000
    outer loop
      vertex 15.063785 -12.068548 0.000000
      vertex 15.045225 -12.062248 0.000000
      vertex 15.045225 -12.062248 1.000000
    endloop
  endfacet
  facet normal 0.382655 0.923891 0.000000
    outer loop
      vertex 15.045225 -12.062248 0.000000
      vertex 15.027118 -12.054749 0.000000
      vertex 15.027118 -12.054749 1.000000
    endloop
  endfacet
  facet normal 0.442283 0.896876 0.000000
    outer loop
      vertex 15.027118 -12.054749 0.000000
      vertex 15.009539 -12.046080 0.000000
      vertex 15.009539 -12.046080 1.000000
    endloop
  endfacet
  facet normal 0.500022 0.866013 0.000000
    outer loop
      vertex 15.009539 -12.046080 0.000000
      vertex 14.988311 -12.033823 0.000000
      vertex 14.988311 -12.033823 1.000000
    endloop
  endfacet
  facet normal 0.528093 0.849186 0.000000
    outer loop
      vertex 14.988311 -12.033823 0.000000
      vertex 14.979978 -12.028641 0.000000
      vertex 14.979978 -12.028641 1.000000
    endloop
  endfacet
  facet normal 0.555572 0.831468 0.000000
    outer loop
      vertex 14.979978 -12.028641 0.000000
      vertex 14.940548 -12.002295 0.000000
      vertex 14.940548 -12.002295 1.000000
    endloop
  endfacet
  facet normal 0.582378 0.812918 0.000000
    outer loop
      vertex 14.940548 -12.002295 0.000000
      vertex 14.932571 -11.996580 0.000000
      vertex 14.932571 -11.996580 1.000000
    endloop
  endfacet
  facet normal 0.608797 0.793326 0.000000
    outer loop
      vertex 14.932571 -11.996580 0.000000
      vertex 14.913125 -11.981657 0.000000
      vertex 14.913125 -11.981657 1.000000
    endloop
  endfacet
  facet normal 0.659317 0.751865 0.000000
    outer loop
      vertex 14.913125 -11.981657 0.000000
      vertex 14.898389 -11.968735 0.000000
      vertex 14.898389 -11.968735 1.000000
    endloop
  endfacet
  facet normal 0.707107 0.707107 0.000000
    outer loop
      vertex 14.898389 -11.968735 0.000000
      vertex 14.884530 -11.954876 0.000000
      vertex 14.884530 -11.954876 1.000000
    endloop
  endfacet
  facet normal 0.751841 0.659345 0.000000
    outer loop
      vertex 14.884530 -11.954876 0.000000
      vertex 14.871607 -11.940140 0.000000
      vertex 14.871607 -11.940140 1.000000
    endloop
  endfacet
  facet normal 0.793355 0.608759 0.000000
    outer loop
      vertex 14.871607 -11.940140 0.000000
      vertex 14.853696 -11.916798 0.000000
      vertex 14.853696 -11.916798 1.000000
    endloop
  endfacet
  facet normal -0.613221 0.789912 0.000000
    outer loop
      vertex 14.853696 -11.916798 0.000000
      vertex 14.853551 -11.916910 0.000000
      vertex 14.853551 -11.916910 1.000000
    endloop
  endfacet
  facet normal 0.773024 0.634377 0.000000
    outer loop
      vertex 14.853551 -11.916910 0.000000
      vertex 14.831986 -11.890633 0.000000
      vertex 14.831986 -11.890633 1.000000
    endloop
  endfacet
  facet normal 0.683606 0.729852 0.000000
    outer loop
      vertex 14.831986 -11.890633 0.000000
      vertex 14.803345 -11.863806 0.000000
      vertex 14.803345 -11.863806 1.000000
    endloop
  endfacet
  facet normal 0.582449 0.812867 0.000000
    outer loop
      vertex 14.803345 -11.863806 0.000000
      vertex 14.771447 -11.840950 0.000000
      vertex 14.771447 -11.840950 1.000000
    endloop
  endfacet
  facet normal 0.471418 0.881910 0.000000
    outer loop
      vertex 14.771447 -11.840950 0.000000
      vertex 14.736839 -11.822451 0.000000
      vertex 14.736839 -11.822451 1.000000
    endloop
  endfacet
  facet normal 0.352239 0.935910 0.000000
    outer loop
      vertex 14.736839 -11.822451 0.000000
      vertex 14.700112 -11.808628 0.000000
      vertex 14.700112 -11.808628 1.000000
    endloop
  endfacet
  facet normal 0.227083 0.973875 0.000000
    outer loop
      vertex 14.700112 -11.808628 0.000000
      vertex 14.661896 -11.799717 0.000000
      vertex 14.661896 -11.799717 1.000000
    endloop
  endfacet
  facet normal 0.098036 0.995183 0.000000
    outer loop
      vertex 14.661896 -11.799717 0.000000
      vertex 14.622843 -11.795870 0.000000
      vertex 14.622843 -11.795870 1.000000
    endloop
  endfacet
  facet normal -0.032711 0.999465 0.000000
    outer loop
      vertex 14.622843 -11.795870 0.000000
      vertex 14.583622 -11.797153 0.000000
      vertex 14.583622 -11.797153 1.000000
    endloop
  endfacet
  facet normal -0.162921 0.986639 0.000000
    outer loop
      vertex 14.583622 -11.797153 0.000000
      vertex 14.544904 -11.803547 0.000000
      vertex 14.544904 -11.803547 1.000000
    endloop
  endfacet
  facet normal -0.267088 0.963672 0.000000
    outer loop
      vertex 14.544904 -11.803547 0.000000
      vertex 14.521024 -11.810165 0.000000
      vertex 14.521024 -11.810165 1.000000
    endloop
  endfacet
  facet normal -0.306677 0.951814 0.000000
    outer loop
      vertex 14.521024 -11.810165 0.000000
      vertex 14.409520 -11.846092 0.000000
      vertex 14.409520 -11.846092 1.000000
    endloop
  endfacet
  facet normal -0.348494 0.937311 0.000000
    outer loop
      vertex 14.409520 -11.846092 0.000000
      vertex 14.384655 -11.855337 0.000000
      vertex 14.384655 -11.855337 1.000000
    endloop
  endfacet
  facet normal -0.429190 0.903214 0.000000
    outer loop
      vertex 14.170475 -11.945930 0.000000
      vertex 14.146921 -11.957123 0.000000
      vertex 14.146921 -11.957123 1.000000
    endloop
  endfacet
  facet normal -0.468074 0.883689 0.000000
    outer loop
      vertex 14.146921 -11.957123 0.000000
      vertex 13.942557 -12.065371 0.000000
      vertex 13.942557 -12.065371 1.000000
    endloop
  endfacet
  facet normal -0.389562 0.921000 0.000000
    outer loop
      vertex 14.170475 -11.945930 0.000000
      vertex 14.170475 -11.945930 1.000000
      vertex 14.384655 -11.855337 0.000000
    endloop
  endfacet
  facet normal -0.505382 0.862896 0.000000
    outer loop
      vertex 13.920458 -12.078314 0.000000
      vertex 13.920458 -12.078314 1.000000
      vertex 13.942557 -12.065371 0.000000
    endloop
  endfacet
  facet normal -0.577446 0.816429 0.000000
    outer loop
      vertex 13.825582 -12.140785 0.000000
      vertex 13.825582 -12.140785 1.000000
      vertex 13.846667 -12.125872 0.000000
    endloop
  endfacet
  facet normal -0.541733 0.840551 0.000000
    outer loop
      vertex 13.920458 -12.078314 0.000000
      vertex 13.846667 -12.125872 0.000000
      vertex 13.846667 -12.125872 1.000000
    endloop
  endfacet
  facet normal 0.409501 -0.912310 0.000000
    outer loop
      vertex 13.821140 -11.111073 0.000000
      vertex 13.827089 -11.108402 0.000000
      vertex 13.827089 -11.108402 1.000000
    endloop
  endfacet
  facet normal 0.429237 -0.903192 0.000000
    outer loop
      vertex 13.821140 -11.111073 0.000000
      vertex 13.821140 -11.111073 1.000000
      vertex 13.803477 -11.119467 0.000000
    endloop
  endfacet
  facet normal 0.448734 -0.893665 0.000000
    outer loop
      vertex 13.803477 -11.119467 0.000000
      vertex 13.803477 -11.119467 1.000000
      vertex 13.797650 -11.122393 0.000000
    endloop
  endfacet
  facet normal 0.468070 -0.883691 0.000000
    outer loop
      vertex 13.797650 -11.122393 0.000000
      vertex 13.797650 -11.122393 1.000000
      vertex 13.598999 -11.227613 0.000000
    endloop
  endfacet
  facet normal -0.921000 0.389562 0.000000
    outer loop
      vertex 12.887306 -13.352686 0.000000
      vertex 12.887306 -13.352686 1.000000
      vertex 12.977900 -13.138506 0.000000
    endloop
  endfacet
  facet normal -0.903200 0.429219 0.000000
    outer loop
      vertex 12.989093 -13.114952 0.000000
      vertex 12.977900 -13.138506 0.000000
      vertex 12.977900 -13.138506 1.000000
    endloop
  endfacet
  facet normal -0.883692 0.468069 0.000000
    outer loop
      vertex 12.989093 -13.114952 0.000000
      vertex 12.989093 -13.114952 1.000000
      vertex 13.097340 -12.910587 0.000000
    endloop
  endfacet
  facet normal -0.862886 0.505398 0.000000
    outer loop
      vertex 13.097340 -12.910587 0.000000
      vertex 13.097340 -12.910587 1.000000
      vertex 13.110283 -12.888489 0.000000
    endloop
  endfacet
  facet normal -0.816447 0.577421 0.000000
    outer loop
      vertex 13.157842 -12.814697 0.000000
      vertex 13.157842 -12.814697 1.000000
      vertex 13.172754 -12.793612 0.000000
    endloop
  endfacet
  facet normal -0.840549 0.541736 0.000000
    outer loop
      vertex 13.157842 -12.814697 0.000000
      vertex 13.110283 -12.888489 0.000000
      vertex 13.110283 -12.888489 1.000000
    endloop
  endfacet
  facet normal -0.764525 0.644595 0.000000
    outer loop
      vertex 13.308796 -12.619537 0.000000
      vertex 13.292629 -12.638712 0.000000
      vertex 13.292629 -12.638712 1.000000
    endloop
  endfacet
  facet normal -0.736952 0.675945 0.000000
    outer loop
      vertex 13.308796 -12.619537 0.000000
      vertex 13.308796 -12.619537 1.000000
      vertex 13.463997 -12.450329 0.000000
    endloop
  endfacet
  facet normal -0.675941 0.736956 0.000000
    outer loop
      vertex 13.651506 -12.276827 0.000000
      vertex 13.482298 -12.432026 0.000000
      vertex 13.482298 -12.432026 1.000000
    endloop
  endfacet
  facet normal -0.707144 0.707070 0.000000
    outer loop
      vertex 13.482298 -12.432026 0.000000
      vertex 13.463997 -12.450329 0.000000
      vertex 13.463997 -12.450329 1.000000
    endloop
  endfacet
  facet normal -0.790841 0.612022 0.000000
    outer loop
      vertex 13.172754 -12.793612 0.000000
      vertex 13.172754 -12.793612 1.000000
      vertex 13.292629 -12.638712 0.000000
    endloop
  endfacet
  facet normal 0.912364 -0.409379 0.000000
    outer loop
      vertex 12.143042 -12.789171 0.000000
      vertex 12.143042 -12.789171 1.000000
      vertex 12.140372 -12.795120 0.000000
    endloop
  endfacet
  facet normal 0.903201 -0.429218 0.000000
    outer loop
      vertex 12.143042 -12.789171 0.000000
      vertex 12.151436 -12.771507 0.000000
      vertex 12.151436 -12.771507 1.000000
    endloop
  endfacet
  facet normal 0.893665 -0.448734 0.000000
    outer loop
      vertex 12.151436 -12.771507 0.000000
      vertex 12.154362 -12.765680 0.000000
      vertex 12.154362 -12.765680 1.000000
    endloop
  endfacet
  facet normal 0.883689 -0.468075 0.000000
    outer loop
      vertex 12.154362 -12.765680 0.000000
      vertex 12.259583 -12.567030 0.000000
      vertex 12.259583 -12.567030 1.000000
    endloop
  endfacet
  facet normal 0.873517 -0.486793 0.000000
    outer loop
      vertex 12.259583 -12.567030 0.000000
      vertex 12.262701 -12.561436 0.000000
      vertex 12.262701 -12.561436 1.000000
    endloop
  endfacet
  facet normal 0.862895 -0.505383 0.000000
    outer loop
      vertex 12.262701 -12.561436 0.000000
      vertex 12.272408 -12.544863 0.000000
      vertex 12.272408 -12.544863 1.000000
    endloop
  endfacet
  facet normal 0.851924 -0.523665 0.000000
    outer loop
      vertex 12.272408 -12.544863 0.000000
      vertex 12.275761 -12.539408 0.000000
      vertex 12.275761 -12.539408 1.000000
    endloop
  endfacet
  facet normal 0.840547 -0.541739 0.000000
    outer loop
      vertex 12.275761 -12.539408 0.000000
      vertex 12.404226 -12.340084 0.000000
      vertex 12.404226 -12.340084 1.000000
    endloop
  endfacet
  facet normal 0.838619 -0.544718 0.000000
    outer loop
      vertex 12.404226 -12.340084 0.000000
      vertex 12.404902 -12.339045 0.000000
      vertex 12.404902 -12.339045 1.000000
    endloop
  endfacet
  facet normal 0.833703 -0.552213 0.000000
    outer loop
      vertex 12.406945 -12.335932 0.000000
      vertex 12.407630 -12.334898 0.000000
      vertex 12.407630 -12.334898 1.000000
    endloop
  endfacet
  facet normal 0.835930 -0.548835 0.000000
    outer loop
      vertex 12.406945 -12.335932 0.000000
      vertex 12.406945 -12.335932 1.000000
      vertex 12.404902 -12.339045 0.000000
    endloop
  endfacet
  facet normal 0.831471 -0.555568 0.000000
    outer loop
      vertex 12.407630 -12.334898 0.000000
      vertex 12.496763 -12.201500 0.000000
      vertex 12.496763 -12.201500 1.000000
    endloop
  endfacet
  facet normal 0.675943 -0.736954 0.000000
    outer loop
      vertex 13.009151 -11.638903 0.000000
      vertex 13.009151 -11.638903 1.000000
      vertex 12.844640 -11.789795 0.000000
    endloop
  endfacet
  facet normal 0.545070 -0.838391 0.000000
    outer loop
      vertex 13.371016 -11.372932 0.000000
      vertex 13.372054 -11.372257 0.000000
      vertex 13.372054 -11.372257 1.000000
    endloop
  endfacet
  facet normal 0.548539 -0.836125 0.000000
    outer loop
      vertex 13.371016 -11.372932 0.000000
      vertex 13.371016 -11.372932 1.000000
      vertex 13.367902 -11.374975 0.000000
    endloop
  endfacet
  facet normal 0.552213 -0.833703 0.000000
    outer loop
      vertex 13.367902 -11.374975 0.000000
      vertex 13.367902 -11.374975 1.000000
      vertex 13.366868 -11.375660 0.000000
    endloop
  endfacet
  facet normal 0.555572 -0.831468 0.000000
    outer loop
      vertex 13.366868 -11.375660 0.000000
      vertex 13.366868 -11.375660 1.000000
      vertex 13.233470 -11.464794 0.000000
    endloop
  endfacet
  facet normal 0.505383 -0.862895 0.000000
    outer loop
      vertex 13.576833 -11.240438 0.000000
      vertex 13.593406 -11.230732 0.000000
      vertex 13.593406 -11.230732 1.000000
    endloop
  endfacet
  facet normal 0.523599 -0.851965 0.000000
    outer loop
      vertex 13.576833 -11.240438 0.000000
      vertex 13.576833 -11.240438 1.000000
      vertex 13.571377 -11.243792 0.000000
    endloop
  endfacet
  facet normal 0.541741 -0.840546 0.000000
    outer loop
      vertex 13.372054 -11.372257 0.000000
      vertex 13.571377 -11.243792 0.000000
      vertex 13.571377 -11.243792 1.000000
    endloop
  endfacet
  facet normal 0.486970 -0.873419 0.000000
    outer loop
      vertex 13.593406 -11.230732 0.000000
      vertex 13.598999 -11.227613 0.000000
      vertex 13.598999 -11.227613 1.000000
    endloop
  endfacet
  facet normal 0.612022 -0.790841 0.000000
    outer loop
      vertex 13.212300 -11.480030 0.000000
      vertex 13.212300 -11.480030 1.000000
      vertex 13.033119 -11.618696 0.000000
    endloop
  endfacet
  facet normal 0.569961 -0.821672 0.000000
    outer loop
      vertex 13.229183 -11.467768 0.000000
      vertex 13.233470 -11.464794 0.000000
      vertex 13.233470 -11.464794 1.000000
    endloop
  endfacet
  facet normal 0.584157 -0.811641 0.000000
    outer loop
      vertex 13.216481 -11.476910 0.000000
      vertex 13.229183 -11.467768 0.000000
      vertex 13.229183 -11.467768 1.000000
    endloop
  endfacet
  facet normal 0.598126 -0.801402 0.000000
    outer loop
      vertex 13.216481 -11.476910 0.000000
      vertex 13.216481 -11.476910 1.000000
      vertex 13.212300 -11.480030 0.000000
    endloop
  endfacet
  facet normal 0.644548 -0.764564 0.000000
    outer loop
      vertex 13.028241 -11.622639 0.000000
      vertex 13.028241 -11.622639 1.000000
      vertex 13.013861 -11.634762 0.000000
    endloop
  endfacet
  facet normal 0.628581 -0.777744 0.000000
    outer loop
      vertex 13.028241 -11.622639 0.000000
      vertex 13.033119 -11.618696 0.000000
      vertex 13.033119 -11.618696 1.000000
    endloop
  endfacet
  facet normal 0.660333 -0.750973 0.000000
    outer loop
      vertex 13.013861 -11.634762 0.000000
      vertex 13.013861 -11.634762 1.000000
      vertex 13.009151 -11.638903 0.000000
    endloop
  endfacet
  facet normal 0.821613 -0.570046 0.000000
    outer loop
      vertex 12.496763 -12.201500 0.000000
      vertex 12.499737 -12.197214 0.000000
      vertex 12.499737 -12.197214 1.000000
    endloop
  endfacet
  facet normal 0.801402 -0.598126 0.000000
    outer loop
      vertex 12.508879 -12.184511 0.000000
      vertex 12.511999 -12.180330 0.000000
      vertex 12.511999 -12.180330 1.000000
    endloop
  endfacet
  facet normal 0.811661 -0.584128 0.000000
    outer loop
      vertex 12.499737 -12.197214 0.000000
      vertex 12.508879 -12.184511 0.000000
      vertex 12.508879 -12.184511 1.000000
    endloop
  endfacet
  facet normal 0.777953 -0.628323 0.000000
    outer loop
      vertex 12.650667 -12.001150 0.000000
      vertex 12.654608 -11.996271 0.000000
      vertex 12.654608 -11.996271 1.000000
    endloop
  endfacet
  facet normal 0.790835 -0.612030 0.000000
    outer loop
      vertex 12.511999 -12.180330 0.000000
      vertex 12.650667 -12.001150 0.000000
      vertex 12.650667 -12.001150 1.000000
    endloop
  endfacet
  facet normal 0.764543 -0.644573 0.000000
    outer loop
      vertex 12.654608 -11.996271 0.000000
      vertex 12.666731 -11.981892 0.000000
      vertex 12.666731 -11.981892 1.000000
    endloop
  endfacet
  facet normal 0.750973 -0.660333 0.000000
    outer loop
      vertex 12.666731 -11.981892 0.000000
      vertex 12.670872 -11.977182 0.000000
      vertex 12.670872 -11.977182 1.000000
    endloop
  endfacet
  facet normal 0.722123 -0.691765 0.000000
    outer loop
      vertex 12.826241 -11.807997 0.000000
      vertex 12.826241 -11.807997 1.000000
      vertex 12.821765 -11.812670 0.000000
    endloop
  endfacet
  facet normal 0.707131 -0.707082 0.000000
    outer loop
      vertex 12.826241 -11.807997 0.000000
      vertex 12.839966 -11.794271 0.000000
      vertex 12.839966 -11.794271 1.000000
    endloop
  endfacet
  facet normal 0.691691 -0.722194 0.000000
    outer loop
      vertex 12.839966 -11.794271 0.000000
      vertex 12.844640 -11.789795 0.000000
      vertex 12.844640 -11.789795 1.000000
    endloop
  endfacet
  facet normal 0.736953 -0.675944 0.000000
    outer loop
      vertex 12.670872 -11.977182 0.000000
      vertex 12.821765 -11.812670 0.000000
      vertex 12.821765 -11.812670 1.000000
    endloop
  endfacet
  facet normal 0.198597 -0.980081 0.000000
    outer loop
      vertex 14.839128 -10.823227 0.000000
      vertex 14.839128 -10.823227 1.000000
      vertex 14.800667 -10.831020 0.000000
    endloop
  endfacet
  facet normal 0.134040 -0.990976 0.000000
    outer loop
      vertex 14.800667 -10.831020 0.000000
      vertex 14.800667 -10.831020 1.000000
      vertex 14.741103 -10.839077 0.000000
    endloop
  endfacet
  facet normal 0.662007 -0.749497 0.000000
    outer loop
      vertex 14.973337 -10.745106 0.000000
      vertex 14.973337 -10.745106 1.000000
      vertex 14.943926 -10.771084 0.000000
    endloop
  endfacet
  facet normal 0.833424 -0.552635 0.000000
    outer loop
      vertex 15.020793 -10.682804 0.000000
      vertex 15.020793 -10.682804 1.000000
      vertex 14.999106 -10.715509 0.000000
    endloop
  endfacet
  facet normal 0.873341 -0.487110 0.000000
    outer loop
      vertex 15.020793 -10.682804 0.000000
      vertex 15.024072 -10.676926 0.000000
      vertex 15.024072 -10.676926 1.000000
    endloop
  endfacet
  facet normal 0.754185 -0.656662 0.000000
    outer loop
      vertex 14.973337 -10.745106 0.000000
      vertex 14.999106 -10.715509 0.000000
      vertex 14.999106 -10.715509 1.000000
    endloop
  endfacet
  facet normal 0.843942 -0.536434 0.000000
    outer loop
      vertex 15.048379 -10.634476 0.000000
      vertex 15.052057 -10.628689 0.000000
      vertex 15.052057 -10.628689 1.000000
    endloop
  endfacet
  facet normal 0.831470 -0.555570 0.000000
    outer loop
      vertex 15.052057 -10.628689 0.000000
      vertex 15.130171 -10.511784 0.000000
      vertex 15.130171 -10.511784 1.000000
    endloop
  endfacet
  facet normal 0.867618 -0.497232 0.000000
    outer loop
      vertex 15.037748 -10.652077 0.000000
      vertex 15.037748 -10.652077 1.000000
      vertex 15.034339 -10.658026 0.000000
    endloop
  endfacet
  facet normal 0.855987 -0.516997 0.000000
    outer loop
      vertex 15.048379 -10.634476 0.000000
      vertex 15.048379 -10.634476 1.000000
      vertex 15.037748 -10.652077 0.000000
    endloop
  endfacet
  facet normal 0.878711 -0.477354 0.000000
    outer loop
      vertex 15.024072 -10.676926 0.000000
      vertex 15.034339 -10.658026 0.000000
      vertex 15.034339 -10.658026 1.000000
    endloop
  endfacet
  facet normal 0.558519 -0.829492 0.000000
    outer loop
      vertex 14.911375 -10.793001 0.000000
      vertex 14.943926 -10.771084 0.000000
      vertex 14.943926 -10.771084 1.000000
    endloop
  endfacet
  facet normal 0.324782 -0.945789 0.000000
    outer loop
      vertex 14.839128 -10.823227 0.000000
      vertex 14.876242 -10.810482 0.000000
      vertex 14.876242 -10.810482 1.000000
    endloop
  endfacet
  facet normal 0.445463 -0.895300 0.000000
    outer loop
      vertex 14.911375 -10.793001 0.000000
      vertex 14.911375 -10.793001 1.000000
      vertex 14.876242 -10.810482 0.000000
    endloop
  endfacet
  facet normal 0.179934 -0.983679 0.000000
    outer loop
      vertex 14.718211 -10.842897 0.000000
      vertex 14.722778 -10.842062 0.000000
      vertex 14.722778 -10.842062 1.000000
    endloop
  endfacet
  facet normal 0.149154 -0.988814 0.000000
    outer loop
      vertex 14.741103 -10.839077 0.000000
      vertex 14.741103 -10.839077 1.000000
      vertex 14.736513 -10.839769 0.000000
    endloop
  endfacet
  facet normal 0.164643 -0.986353 0.000000
    outer loop
      vertex 14.736513 -10.839769 0.000000
      vertex 14.736513 -10.839769 1.000000
      vertex 14.722778 -10.842062 0.000000
    endloop
  endfacet
  facet normal 0.195092 -0.980785 0.000000
    outer loop
      vertex 14.718211 -10.842897 0.000000
      vertex 14.718211 -10.842897 1.000000
      vertex 14.561559 -10.874058 0.000000
    endloop
  endfacet
  facet normal 0.215778 -0.976442 0.000000
    outer loop
      vertex 14.551278 -10.876253 0.000000
      vertex 14.553332 -10.875799 0.000000
      vertex 14.553332 -10.875799 1.000000
    endloop
  endfacet
  facet normal 0.201435 -0.979502 0.000000
    outer loop
      vertex 14.561559 -10.874058 0.000000
      vertex 14.561559 -10.874058 1.000000
      vertex 14.559500 -10.874481 0.000000
    endloop
  endfacet
  facet normal 0.208982 -0.977920 0.000000
    outer loop
      vertex 14.559500 -10.874481 0.000000
      vertex 14.559500 -10.874481 1.000000
      vertex 14.553332 -10.875799 0.000000
    endloop
  endfacet
  facet normal 0.222507 -0.974931 0.000000
    outer loop
      vertex 14.551278 -10.876253 0.000000
      vertex 14.551278 -10.876253 1.000000
      vertex 14.315062 -10.930164 0.000000
    endloop
  endfacet
  facet normal 0.817263 -0.576265 0.000000
    outer loop
      vertex 15.130171 -10.511784 0.000000
      vertex 15.134508 -10.505632 0.000000
      vertex 15.134508 -10.505632 1.000000
    endloop
  endfacet
  facet normal 0.306679 -0.951813 0.000000
    outer loop
      vertex 14.283500 -10.938831 0.000000
      vertex 14.283500 -10.938831 1.000000
      vertex 14.066289 -11.008818 0.000000
    endloop
  endfacet
  facet normal 0.243529 -0.969894 0.000000
    outer loop
      vertex 14.308711 -10.931759 0.000000
      vertex 14.315062 -10.930164 0.000000
      vertex 14.315062 -10.930164 1.000000
    endloop
  endfacet
  facet normal 0.264868 -0.964285 0.000000
    outer loop
      vertex 14.308711 -10.931759 0.000000
      vertex 14.308711 -10.931759 1.000000
      vertex 14.289775 -10.936960 0.000000
    endloop
  endfacet
  facet normal 0.285744 -0.958306 0.000000
    outer loop
      vertex 14.283500 -10.938831 0.000000
      vertex 14.289775 -10.936960 0.000000
      vertex 14.289775 -10.936960 1.000000
    endloop
  endfacet
  facet normal 0.348432 -0.937334 0.000000
    outer loop
      vertex 14.060022 -11.010992 0.000000
      vertex 14.060022 -11.010992 1.000000
      vertex 14.041376 -11.017923 0.000000
    endloop
  endfacet
  facet normal 0.327807 -0.944745 0.000000
    outer loop
      vertex 14.060022 -11.010992 0.000000
      vertex 14.066289 -11.008818 0.000000
      vertex 14.066289 -11.008818 1.000000
    endloop
  endfacet
  facet normal 0.368960 -0.929445 0.000000
    outer loop
      vertex 14.041376 -11.017923 0.000000
      vertex 14.041376 -11.017923 1.000000
      vertex 14.035212 -11.020370 0.000000
    endloop
  endfacet
  facet normal 0.389565 -0.920999 0.000000
    outer loop
      vertex 13.827089 -11.108402 0.000000
      vertex 14.035212 -11.020370 0.000000
      vertex 14.035212 -11.020370 1.000000
    endloop
  endfacet
  facet normal -0.065351 -0.997862 0.000000
    outer loop
      vertex 18.179221 -16.293171 1.000000
      vertex 18.152311 -16.291409 1.000000
      vertex 18.152311 -16.291409 0.000000
    endloop
  endfacet
  facet normal -0.032847 -0.999460 0.000000
    outer loop
      vertex 18.142503 -16.291086 0.000000
      vertex 18.152311 -16.291409 1.000000
      vertex 18.142503 -16.291086 1.000000
    endloop
  endfacet
  facet normal 0.000000 -1.000000 0.000000
    outer loop
      vertex 15.238873 -16.291086 0.000000
      vertex 18.142503 -16.291086 1.000000
      vertex 15.238873 -16.291086 1.000000
    endloop
  endfacet
  facet normal 0.130561 -0.991440 0.000000
    outer loop
      vertex 15.182758 -16.296211 0.000000
      vertex 15.209496 -16.292690 1.000000
      vertex 15.182758 -16.296211 1.000000
    endloop
  endfacet
  facet normal 0.162886 -0.986645 0.000000
    outer loop
      vertex 15.173077 -16.297810 0.000000
      vertex 15.182758 -16.296211 1.000000
      vertex 15.173077 -16.297810 1.000000
    endloop
  endfacet
  facet normal 0.016710 -0.999860 0.000000
    outer loop
      vertex 15.233965 -16.291168 0.000000
      vertex 15.238873 -16.291086 1.000000
      vertex 15.233965 -16.291168 1.000000
    endloop
  endfacet
  facet normal 0.032658 -0.999467 0.000000
    outer loop
      vertex 15.224158 -16.291489 0.000000
      vertex 15.233965 -16.291168 1.000000
      vertex 15.224158 -16.291489 1.000000
    endloop
  endfacet
  facet normal 0.081677 -0.996659 0.000000
    outer loop
      vertex 15.209496 -16.292690 0.000000
      vertex 15.224158 -16.291489 1.000000
      vertex 15.209496 -16.292690 1.000000
    endloop
  endfacet
  facet normal -0.000000 0.000000 -1.000000
    outer loop
      vertex 18.559189 -17.234818 1.000000
      vertex 18.488697 -17.462013 1.000000
      vertex 15.238873 -16.291086 1.000000
    endloop
  endfacet
  facet normal 0.000000 0.000000 -1.000000
    outer loop
      vertex 18.568825 -17.196857 1.000000
      vertex 15.238873 -16.291086 1.000000
      vertex 18.595931 -17.060585 1.000000
    endloop
  endfacet
  facet normal 0.000000 0.000000 -1.000000
    outer loop
      vertex 18.559189 -17.234818 1.000000
      vertex 15.238873 -16.291086 1.000000
      vertex 18.561314 -17.227276 1.000000
    endloop
  endfacet
  facet normal 0.000000 0.000000 -1.000000
    outer loop
      vertex 18.567096 -17.204500 1.000000
      vertex 15.238873 -16.291086 1.000000
      vertex 18.568825 -17.196857 1.000000
    endloop
  endfacet
  facet normal 0.000000 0.000000 -1.000000
    outer loop
      vertex 18.561314 -17.227276 1.000000
      vertex 15.238873 -16.291086 1.000000
      vertex 18.567096 -17.204500 1.000000
    endloop
  endfacet
  facet normal 0.000000 0.000000 -1.000000
    outer loop
      vertex 18.595931 -17.060585 1.000000
      vertex 15.238873 -16.291086 1.000000
      vertex 18.597167 -17.053484 1.000000
    endloop
  endfacet
  facet normal 0.000000 0.000000 -1.000000
    outer loop
      vertex 18.597167 -17.053484 1.000000
      vertex 15.238873 -16.291086 1.000000
      vertex 18.600361 -17.032103 1.000000
    endloop
  endfacet
  facet normal 0.000000 0.000000 -1.000000
    outer loop
      vertex 18.600361 -17.032103 1.000000
      vertex 15.238873 -16.291086 1.000000
      vertex 18.601254 -17.024950 1.000000
    endloop
  endfacet
  facet normal -0.000000 0.000000 -1.000000
    outer loop
      vertex 18.083441 -18.087757 1.000000
      vertex 18.076951 -18.095118 1.000000
      vertex 15.238873 -16.291086 1.000000
    endloop
  endfacet
  facet normal -0.000000 0.000000 -1.000000
    outer loop
      vertex 18.038163 -18.133394 1.000000
      vertex 17.856894 -18.282997 1.000000
      vertex 15.238873 -16.291086 1.000000
    endloop
  endfacet
  facet normal -0.000000 0.000000 -1.000000
    outer loop
      vertex 18.048031 -18.124830 1.000000
      vertex 18.041586 -18.130482 1.000000
      vertex 15.238873 -16.291086 1.000000
    endloop
  endfacet
  facet normal 0.000000 0.000000 -1.000000
    outer loop
      vertex 18.038163 -18.133394 1.000000
      vertex 15.238873 -16.291086 1.000000
      vertex 18.041586 -18.130482 1.000000
    endloop
  endfacet
  facet normal 0.000000 0.000000 -1.000000
    outer loop
      vertex 18.048031 -18.124830 1.000000
      vertex 15.238873 -16.291086 1.000000
      vertex 18.058320 -18.114901 1.000000
    endloop
  endfacet
  facet normal -0.000000 0.000000 -1.000000
    outer loop
      vertex 18.076951 -18.095118 1.000000
      vertex 18.058320 -18.114901 1.000000
      vertex 15.238873 -16.291086 1.000000
    endloop
  endfacet
  facet normal 0.000000 0.000000 -1.000000
    outer loop
      vertex 18.231350 -17.908541 1.000000
      vertex 15.238873 -16.291086 1.000000
      vertex 18.236018 -17.902584 1.000000
    endloop
  endfacet
  facet normal -0.000000 0.000000 -1.000000
    outer loop
      vertex 18.253926 -17.878187 1.000000
      vertex 18.249564 -17.884373 1.000000
      vertex 15.238873 -16.291086 1.000000
    endloop
  endfacet
  facet normal 0.000000 0.000000 -1.000000
    outer loop
      vertex 18.236018 -17.902584 1.000000
      vertex 15.238873 -16.291086 1.000000
      vertex 18.249564 -17.884373 1.000000
    endloop
  endfacet
  facet normal -0.000000 0.000000 -1.000000
    outer loop
      vertex 18.331981 -17.761370 1.000000
      vertex 18.253926 -17.878187 1.000000
      vertex 15.238873 -16.291086 1.000000
    endloop
  endfacet
  facet normal 0.000000 0.000000 -1.000000
    outer loop
      vertex 18.331981 -17.761370 1.000000
      vertex 15.238873 -16.291086 1.000000
      vertex 18.335659 -17.755585 1.000000
    endloop
  endfacet
  facet normal 0.000000 0.000000 -1.000000
    outer loop
      vertex 18.346290 -17.737982 1.000000
      vertex 15.238873 -16.291086 1.000000
      vertex 18.349699 -17.732035 1.000000
    endloop
  endfacet
  facet normal 0.000000 0.000000 -1.000000
    outer loop
      vertex 18.335659 -17.755585 1.000000
      vertex 15.238873 -16.291086 1.000000
      vertex 18.346290 -17.737982 1.000000
    endloop
  endfacet
  facet normal -0.000000 0.000000 -1.000000
    outer loop
      vertex 18.231350 -17.908541 1.000000
      vertex 18.083441 -18.087757 1.000000
      vertex 15.238873 -16.291086 1.000000
    endloop
  endfacet
  facet normal 0.000000 0.000000 -1.000000
    outer loop
      vertex 17.826541 -18.305573 1.000000
      vertex 15.238873 -16.291086 1.000000
      vertex 17.832726 -18.301210 1.000000
    endloop
  endfacet
  facet normal -0.000000 0.000000 -1.000000
    outer loop
      vertex 17.850937 -18.287664 1.000000
      vertex 17.832726 -18.301210 1.000000
      vertex 15.238873 -16.291086 1.000000
    endloop
  endfacet
  facet normal 0.000000 0.000000 -1.000000
    outer loop
      vertex 17.850937 -18.287664 1.000000
      vertex 15.238873 -16.291086 1.000000
      vertex 17.856894 -18.282997 1.000000
    endloop
  endfacet
  facet normal -0.000000 0.000000 -1.000000
    outer loop
      vertex 17.703969 -18.387283 1.000000
      vertex 17.686299 -18.397951 1.000000
      vertex 15.238873 -16.291086 1.000000
    endloop
  endfacet
  facet normal -0.000000 0.000000 -1.000000
    outer loop
      vertex 17.709777 -18.383593 1.000000
      vertex 17.703969 -18.387283 1.000000
      vertex 15.238873 -16.291086 1.000000
    endloop
  endfacet
  facet normal 0.000000 0.000000 -1.000000
    outer loop
      vertex 17.680328 -18.401371 1.000000
      vertex 15.238873 -16.291086 1.000000
      vertex 17.686299 -18.397951 1.000000
    endloop
  endfacet
  facet normal -0.000000 0.000000 -1.000000
    outer loop
      vertex 17.826541 -18.305573 1.000000
      vertex 17.709777 -18.383593 1.000000
      vertex 15.238873 -16.291086 1.000000
    endloop
  endfacet
  facet normal -0.000000 0.000000 -1.000000
    outer loop
      vertex 17.680328 -18.401371 1.000000
      vertex 17.473393 -18.513687 1.000000
      vertex 15.238873 -16.291086 1.000000
    endloop
  endfacet
  facet normal -0.000000 0.000000 -1.000000
    outer loop
      vertex 18.463155 -17.523172 1.000000
      vertex 18.349699 -17.732035 1.000000
      vertex 15.238873 -16.291086 1.000000
    endloop
  endfacet
  facet normal 0.000000 0.000000 -1.000000
    outer loop
      vertex 18.465441 -17.518795 1.000000
      vertex 15.238873 -16.291086 1.000000
      vertex 18.469880 -17.509939 1.000000
    endloop
  endfacet
  facet normal 0.000000 0.000000 -1.000000
    outer loop
      vertex 18.463155 -17.523172 1.000000
      vertex 15.238873 -16.291086 1.000000
      vertex 18.465441 -17.518795 1.000000
    endloop
  endfacet
  facet normal 0.000000 0.000000 -1.000000
    outer loop
      vertex 18.469880 -17.509939 1.000000
      vertex 15.238873 -16.291086 1.000000
      vertex 18.475831 -17.496450 1.000000
    endloop
  endfacet
  facet normal 0.000000 0.000000 -1.000000
    outer loop
      vertex 18.485484 -17.471287 1.000000
      vertex 15.238873 -16.291086 1.000000
      vertex 18.488697 -17.462013 1.000000
    endloop
  endfacet
  facet normal 0.000000 0.000000 -1.000000
    outer loop
      vertex 18.475831 -17.496450 1.000000
      vertex 15.238873 -16.291086 1.000000
      vertex 18.485484 -17.471287 1.000000
    endloop
  endfacet
  facet normal 0.000000 0.000000 -1.000000
    outer loop
      vertex 18.601254 -17.024950 1.000000
      vertex 15.238873 -16.291086 1.000000
      vertex 18.142503 -16.291086 1.000000
    endloop
  endfacet
  facet normal 0.000000 0.000000 -1.000000
    outer loop
      vertex 16.973303 -18.652901 1.000000
      vertex 14.797147 -16.554676 1.000000
      vertex 14.820573 -16.523193 1.000000
    endloop
  endfacet
  facet normal 0.000000 0.000000 -1.000000
    outer loop
      vertex 16.973303 -18.652901 1.000000
      vertex 14.823455 -16.518650 1.000000
      vertex 14.824623 -16.516773 1.000000
    endloop
  endfacet
  facet normal 0.000000 0.000000 -1.000000
    outer loop
      vertex 16.973303 -18.652901 1.000000
      vertex 14.820573 -16.523193 1.000000
      vertex 14.823455 -16.518650 1.000000
    endloop
  endfacet
  facet normal 0.000000 0.000000 -1.000000
    outer loop
      vertex 16.973303 -18.652901 1.000000
      vertex 14.824623 -16.516773 1.000000
      vertex 14.850968 -16.477343 1.000000
    endloop
  endfacet
  facet normal 0.000000 0.000000 -1.000000
    outer loop
      vertex 16.973303 -18.652901 1.000000
      vertex 14.850968 -16.477343 1.000000
      vertex 14.856685 -16.469366 1.000000
    endloop
  endfacet
  facet normal 0.000000 0.000000 -1.000000
    outer loop
      vertex 16.973303 -18.652901 1.000000
      vertex 14.739037 -16.607180 1.000000
      vertex 14.769813 -16.582832 1.000000
    endloop
  endfacet
  facet normal 0.000000 0.000000 -1.000000
    outer loop
      vertex 16.973303 -18.652901 1.000000
      vertex 14.705346 -16.627300 1.000000
      vertex 14.739037 -16.607180 1.000000
    endloop
  endfacet
  facet normal 0.000000 0.000000 -1.000000
    outer loop
      vertex 16.973303 -18.652901 1.000000
      vertex 14.669317 -16.642853 1.000000
      vertex 14.705346 -16.627300 1.000000
    endloop
  endfacet
  facet normal 0.000000 0.000000 -1.000000
    outer loop
      vertex 16.973303 -18.652901 1.000000
      vertex 14.769813 -16.582832 1.000000
      vertex 14.797147 -16.554676 1.000000
    endloop
  endfacet
  facet normal 0.000000 0.000000 -1.000000
    outer loop
      vertex 16.973303 -18.652901 1.000000
      vertex 14.631567 -16.653568 1.000000
      vertex 14.669317 -16.642853 1.000000
    endloop
  endfacet
  facet normal 0.000000 0.000000 -1.000000
    outer loop
      vertex 16.973303 -18.652901 1.000000
      vertex 14.592741 -16.659266 1.000000
      vertex 14.631567 -16.653568 1.000000
    endloop
  endfacet
  facet normal 0.000000 0.000000 -1.000000
    outer loop
      vertex 16.973303 -18.652901 1.000000
      vertex 14.553503 -16.659845 1.000000
      vertex 14.592741 -16.659266 1.000000
    endloop
  endfacet
  facet normal 0.000000 0.000000 -1.000000
    outer loop
      vertex 16.973303 -18.652901 1.000000
      vertex 14.514525 -16.655300 1.000000
      vertex 14.553503 -16.659845 1.000000
    endloop
  endfacet
  facet normal 0.000000 0.000000 -1.000000
    outer loop
      vertex 16.659422 -18.677910 1.000000
      vertex 14.476475 -16.645704 1.000000
      vertex 14.514525 -16.655300 1.000000
    endloop
  endfacet
  facet normal 0.000000 0.000000 -1.000000
    outer loop
      vertex 16.659422 -18.677910 1.000000
      vertex 14.409304 -16.624006 1.000000
      vertex 14.476475 -16.645704 1.000000
    endloop
  endfacet
  facet normal 0.000000 0.000000 -1.000000
    outer loop
      vertex 16.659422 -18.677910 1.000000
      vertex 14.384858 -16.614918 1.000000
      vertex 14.409304 -16.624006 1.000000
    endloop
  endfacet
  facet normal 0.000000 0.000000 -1.000000
    outer loop
      vertex 16.973303 -18.652901 1.000000
      vertex 15.233965 -16.291168 1.000000
      vertex 15.238873 -16.291086 1.000000
    endloop
  endfacet
  facet normal 0.000000 0.000000 -1.000000
    outer loop
      vertex 16.973303 -18.652901 1.000000
      vertex 15.224158 -16.291489 1.000000
      vertex 15.233965 -16.291168 1.000000
    endloop
  endfacet
  facet normal 0.000000 0.000000 -1.000000
    outer loop
      vertex 16.973303 -18.652901 1.000000
      vertex 15.209496 -16.292690 1.000000
      vertex 15.224158 -16.291489 1.000000
    endloop
  endfacet
  facet normal 0.000000 0.000000 -1.000000
    outer loop
      vertex 16.973303 -18.652901 1.000000
      vertex 15.182758 -16.296211 1.000000
      vertex 15.209496 -16.292690 1.000000
    endloop
  endfacet
  facet normal 0.000000 0.000000 -1.000000
    outer loop
      vertex 16.973303 -18.652901 1.000000
      vertex 15.173077 -16.297810 1.000000
      vertex 15.182758 -16.296211 1.000000
    endloop
  endfacet
  facet normal 0.000000 0.000000 -1.000000
    outer loop
      vertex 16.973303 -18.652901 1.000000
      vertex 15.097018 -16.312939 1.000000
      vertex 15.173077 -16.297810 1.000000
    endloop
  endfacet
  facet normal 0.000000 0.000000 -1.000000
    outer loop
      vertex 16.973303 -18.652901 1.000000
      vertex 15.087461 -16.315166 1.000000
      vertex 15.097018 -16.312939 1.000000
    endloop
  endfacet
  facet normal 0.000000 0.000000 -1.000000
    outer loop
      vertex 16.973303 -18.652901 1.000000
      vertex 14.932571 -16.393480 1.000000
      vertex 14.940548 -16.387764 1.000000
    endloop
  endfacet
  facet normal 0.000000 0.000000 -1.000000
    outer loop
      vertex 16.973303 -18.652901 1.000000
      vertex 14.940548 -16.387764 1.000000
      vertex 14.979978 -16.361418 1.000000
    endloop
  endfacet
  facet normal 0.000000 0.000000 -1.000000
    outer loop
      vertex 16.973303 -18.652901 1.000000
      vertex 15.027118 -16.335312 1.000000
      vertex 15.045225 -16.327810 1.000000
    endloop
  endfacet
  facet normal 0.000000 0.000000 -1.000000
    outer loop
      vertex 16.973303 -18.652901 1.000000
      vertex 15.045225 -16.327810 1.000000
      vertex 15.063785 -16.321510 1.000000
    endloop
  endfacet
  facet normal 0.000000 0.000000 -1.000000
    outer loop
      vertex 16.973303 -18.652901 1.000000
      vertex 15.009539 -16.343981 1.000000
      vertex 15.027118 -16.335312 1.000000
    endloop
  endfacet
  facet normal 0.000000 0.000000 -1.000000
    outer loop
      vertex 16.973303 -18.652901 1.000000
      vertex 15.063785 -16.321510 1.000000
      vertex 15.087461 -16.315166 1.000000
    endloop
  endfacet
  facet normal 0.000000 0.000000 -1.000000
    outer loop
      vertex 16.973303 -18.652901 1.000000
      vertex 14.988311 -16.356236 1.000000
      vertex 15.009539 -16.343981 1.000000
    endloop
  endfacet
  facet normal 0.000000 0.000000 -1.000000
    outer loop
      vertex 16.973303 -18.652901 1.000000
      vertex 14.979978 -16.361418 1.000000
      vertex 14.988311 -16.356236 1.000000
    endloop
  endfacet
  facet normal 0.000000 0.000000 -1.000000
    outer loop
      vertex 16.973303 -18.652901 1.000000
      vertex 14.871607 -16.449921 1.000000
      vertex 14.884529 -16.435184 1.000000
    endloop
  endfacet
  facet normal 0.000000 0.000000 -1.000000
    outer loop
      vertex 16.973303 -18.652901 1.000000
      vertex 14.884529 -16.435184 1.000000
      vertex 14.898389 -16.421326 1.000000
    endloop
  endfacet
  facet normal 0.000000 0.000000 -1.000000
    outer loop
      vertex 16.973303 -18.652901 1.000000
      vertex 14.898389 -16.421326 1.000000
      vertex 14.913125 -16.408401 1.000000
    endloop
  endfacet
  facet normal 0.000000 0.000000 -1.000000
    outer loop
      vertex 16.973303 -18.652901 1.000000
      vertex 14.913125 -16.408401 1.000000
      vertex 14.932571 -16.393480 1.000000
    endloop
  endfacet
  facet normal 0.000000 0.000000 -1.000000
    outer loop
      vertex 16.973303 -18.652901 1.000000
      vertex 14.856685 -16.469366 1.000000
      vertex 14.871607 -16.449921 1.000000
    endloop
  endfacet
  facet normal 0.707107 0.707107 -0.000000
    outer loop
      vertex 15.038672 -17.745958 0.000000
      vertex 15.010924 -17.718210 1.000000
      vertex 15.038672 -17.745958 1.000000
    endloop
  endfacet
  facet normal 0.608740 0.793370 -0.000000
    outer loop
      vertex 15.010924 -17.718210 0.000000
      vertex 14.979792 -17.694323 1.000000
      vertex 15.010924 -17.718210 1.000000
    endloop
  endfacet
  facet normal 0.500039 0.866003 -0.000000
    outer loop
      vertex 14.979792 -17.694323 0.000000
      vertex 14.945807 -17.674700 1.000000
      vertex 14.979792 -17.694323 1.000000
    endloop
  endfacet
  facet normal 0.382668 0.923886 -0.000000
    outer loop
      vertex 14.945807 -17.674700 0.000000
      vertex 14.909553 -17.659683 1.000000
      vertex 14.945807 -17.674700 1.000000
    endloop
  endfacet
  facet normal 0.258821 0.965925 -0.000000
    outer loop
      vertex 14.909553 -17.659683 0.000000
      vertex 14.871648 -17.649527 1.000000
      vertex 14.909553 -17.659683 1.000000
    endloop
  endfacet
  facet normal 0.164657 0.986351 -0.000000
    outer loop
      vertex 14.871648 -17.649527 0.000000
      vertex 14.853333 -17.646469 1.000000
      vertex 14.871648 -17.649527 1.000000
    endloop
  endfacet
  facet normal 0.134043 0.990975 -0.000000
    outer loop
      vertex 14.853333 -17.646469 0.000000
      vertex 14.741103 -17.631289 1.000000
      vertex 14.853333 -17.646469 1.000000
    endloop
  endfacet
  facet normal 0.149154 0.988814 -0.000000
    outer loop
      vertex 14.741103 -17.631289 0.000000
      vertex 14.736513 -17.630596 1.000000
      vertex 14.741103 -17.631289 1.000000
    endloop
  endfacet
  facet normal 0.164643 0.986353 -0.000000
    outer loop
      vertex 14.736513 -17.630596 0.000000
      vertex 14.722778 -17.628304 1.000000
      vertex 14.736513 -17.630596 1.000000
    endloop
  endfacet
  facet normal 0.179934 0.983679 -0.000000
    outer loop
      vertex 14.722778 -17.628304 0.000000
      vertex 14.718211 -17.627468 1.000000
      vertex 14.722778 -17.628304 1.000000
    endloop
  endfacet
  facet normal 0.195092 0.980785 -0.000000
    outer loop
      vertex 14.718211 -17.627468 0.000000
      vertex 14.561559 -17.596308 1.000000
      vertex 14.718211 -17.627468 1.000000
    endloop
  endfacet
  facet normal 0.208982 0.977920 -0.000000
    outer loop
      vertex 14.559500 -17.595884 0.000000
      vertex 14.553332 -17.594566 1.000000
      vertex 14.559500 -17.595884 1.000000
    endloop
  endfacet
  facet normal 0.201435 0.979502 -0.000000
    outer loop
      vertex 14.561559 -17.596308 0.000000
      vertex 14.559500 -17.595884 1.000000
      vertex 14.561559 -17.596308 1.000000
    endloop
  endfacet
  facet normal 0.215778 0.976442 -0.000000
    outer loop
      vertex 14.553332 -17.594566 0.000000
      vertex 14.551278 -17.594112 1.000000
      vertex 14.553332 -17.594566 1.000000
    endloop
  endfacet
  facet normal 0.222503 0.974932 -0.000000
    outer loop
      vertex 14.551278 -17.594112 0.000000
      vertex 14.315200 -17.540234 1.000000
      vertex 14.551278 -17.594112 1.000000
    endloop
  endfacet
  facet normal 0.273064 -0.961996 0.000000
    outer loop
      vertex 14.631567 -16.653568 0.000000
      vertex 14.669317 -16.642853 1.000000
      vertex 14.631567 -16.653568 1.000000
    endloop
  endfacet
  facet normal 0.145183 -0.989405 0.000000
    outer loop
      vertex 14.592741 -16.659266 0.000000
      vertex 14.631567 -16.653568 1.000000
      vertex 14.592741 -16.659266 1.000000
    endloop
  endfacet
  facet normal 0.014776 -0.999891 0.000000
    outer loop
      vertex 14.553503 -16.659845 0.000000
      vertex 14.592741 -16.659266 1.000000
      vertex 14.553503 -16.659845 1.000000
    endloop
  endfacet
  facet normal -0.115826 -0.993270 0.000000
    outer loop
      vertex 14.514525 -16.655300 0.000000
      vertex 14.553503 -16.659845 1.000000
      vertex 14.514525 -16.655300 1.000000
    endloop
  endfacet
  facet normal -0.244531 -0.969642 0.000000
    outer loop
      vertex 14.476475 -16.645704 0.000000
      vertex 14.514525 -16.655300 1.000000
      vertex 14.476475 -16.645704 1.000000
    endloop
  endfacet
  facet normal 0.244030 0.969768 -0.000000
    outer loop
      vertex 14.315200 -17.540234 0.000000
      vertex 14.308795 -17.538622 1.000000
      vertex 14.315200 -17.540234 1.000000
    endloop
  endfacet
  facet normal 0.265195 0.964195 -0.000000
    outer loop
      vertex 14.308795 -17.538622 0.000000
      vertex 14.289697 -17.533369 1.000000
      vertex 14.308795 -17.538622 1.000000
    endloop
  endfacet
  facet normal 0.286222 0.958163 -0.000000
    outer loop
      vertex 14.289697 -17.533369 0.000000
      vertex 14.283369 -17.531479 1.000000
      vertex 14.289697 -17.533369 1.000000
    endloop
  endfacet
  facet normal 0.307400 0.951580 -0.000000
    outer loop
      vertex 14.283369 -17.531479 0.000000
      vertex 14.066018 -17.461266 1.000000
      vertex 14.283369 -17.531479 1.000000
    endloop
  endfacet
  facet normal 0.327919 0.944706 -0.000000
    outer loop
      vertex 14.066018 -17.461266 0.000000
      vertex 14.059858 -17.459127 1.000000
      vertex 14.066018 -17.461266 1.000000
    endloop
  endfacet
  facet normal 0.348461 0.937323 -0.000000
    outer loop
      vertex 14.059858 -17.459127 0.000000
      vertex 14.041527 -17.452312 1.000000
      vertex 14.059858 -17.459127 1.000000
    endloop
  endfacet
  facet normal 0.368817 0.929502 -0.000000
    outer loop
      vertex 14.041527 -17.452312 0.000000
      vertex 14.035465 -17.449907 1.000000
      vertex 14.041527 -17.452312 1.000000
    endloop
  endfacet
  facet normal 0.388879 0.921289 -0.000000
    outer loop
      vertex 14.035465 -17.449907 0.000000
      vertex 13.827222 -17.362007 1.000000
      vertex 14.035465 -17.449907 1.000000
    endloop
  endfacet
  facet normal 0.408989 0.912539 -0.000000
    outer loop
      vertex 13.827222 -17.362007 0.000000
      vertex 13.821221 -17.359318 1.000000
      vertex 13.827222 -17.362007 1.000000
    endloop
  endfacet
  facet normal 0.428901 0.903352 -0.000000
    outer loop
      vertex 13.821221 -17.359318 0.000000
      vertex 13.803405 -17.350859 1.000000
      vertex 13.821221 -17.359318 1.000000
    endloop
  endfacet
  facet normal 0.448721 0.893672 -0.000000
    outer loop
      vertex 13.803405 -17.350859 0.000000
      vertex 13.797528 -17.347908 1.000000
      vertex 13.803405 -17.350859 1.000000
    endloop
  endfacet
  facet normal 0.468068 0.883693 -0.000000
    outer loop
      vertex 13.797528 -17.347908 0.000000
      vertex 13.598998 -17.242752 1.000000
      vertex 13.797528 -17.347908 1.000000
    endloop
  endfacet
  facet normal 0.555572 -0.831468 0.000000
    outer loop
      vertex 14.940548 -16.387764 0.000000
      vertex 14.979978 -16.361418 1.000000
      vertex 14.940548 -16.387764 1.000000
    endloop
  endfacet
  facet normal 0.717504 -0.696555 0.000000
    outer loop
      vertex 14.769813 -16.582832 0.000000
      vertex 14.797147 -16.554676 1.000000
      vertex 14.769813 -16.582832 1.000000
    endloop
  endfacet
  facet normal 0.848966 -0.528447 0.000000
    outer loop
      vertex 14.823455 -16.518650 0.000000
      vertex 14.824623 -16.516773 1.000000
      vertex 14.823455 -16.518650 1.000000
    endloop
  endfacet
  facet normal 0.844434 -0.535659 0.000000
    outer loop
      vertex 14.820573 -16.523193 0.000000
      vertex 14.823455 -16.518650 1.000000
      vertex 14.820573 -16.523193 1.000000
    endloop
  endfacet
  facet normal 0.831484 -0.555549 0.000000
    outer loop
      vertex 14.824623 -16.516773 0.000000
      vertex 14.850968 -16.477343 1.000000
      vertex 14.824623 -16.516773 1.000000
    endloop
  endfacet
  facet normal 0.802269 -0.596963 0.000000
    outer loop
      vertex 14.797147 -16.554676 0.000000
      vertex 14.820573 -16.523193 1.000000
      vertex 14.797147 -16.554676 1.000000
    endloop
  endfacet
  facet normal 0.793331 -0.608791 0.000000
    outer loop
      vertex 14.856685 -16.469366 0.000000
      vertex 14.871607 -16.449921 1.000000
      vertex 14.856685 -16.469366 1.000000
    endloop
  endfacet
  facet normal 0.751865 -0.659317 0.000000
    outer loop
      vertex 14.871607 -16.449921 0.000000
      vertex 14.884529 -16.435184 1.000000
      vertex 14.871607 -16.449921 1.000000
    endloop
  endfacet
  facet normal 0.608748 -0.793364 0.000000
    outer loop
      vertex 14.913125 -16.408401 0.000000
      vertex 14.932571 -16.393480 1.000000
      vertex 14.913125 -16.408401 1.000000
    endloop
  endfacet
  facet normal 0.582506 -0.812826 0.000000
    outer loop
      vertex 14.932571 -16.393480 0.000000
      vertex 14.940548 -16.387764 1.000000
      vertex 14.932571 -16.393480 1.000000
    endloop
  endfacet
  facet normal 0.707082 -0.707131 0.000000
    outer loop
      vertex 14.884529 -16.435184 0.000000
      vertex 14.898389 -16.421326 1.000000
      vertex 14.884529 -16.435184 1.000000
    endloop
  endfacet
  facet normal 0.659372 -0.751817 0.000000
    outer loop
      vertex 14.898389 -16.421326 0.000000
      vertex 14.913125 -16.408401 1.000000
      vertex 14.898389 -16.421326 1.000000
    endloop
  endfacet
  facet normal 0.812826 -0.582506 0.000000
    outer loop
      vertex 14.850968 -16.477343 0.000000
      vertex 14.856685 -16.469366 1.000000
      vertex 14.850968 -16.477343 1.000000
    endloop
  endfacet
  facet normal 0.195092 -0.980785 0.000000
    outer loop
      vertex 15.097018 -16.312939 0.000000
      vertex 15.173077 -16.297810 1.000000
      vertex 15.097018 -16.312939 1.000000
    endloop
  endfacet
  facet normal 0.321434 -0.946932 0.000000
    outer loop
      vertex 15.045225 -16.327810 0.000000
      vertex 15.063785 -16.321510 1.000000
      vertex 15.045225 -16.327810 1.000000
    endloop
  endfacet
  facet normal 0.258805 -0.965929 0.000000
    outer loop
      vertex 15.063785 -16.321510 0.000000
      vertex 15.087461 -16.315166 1.000000
      vertex 15.063785 -16.321510 1.000000
    endloop
  endfacet
  facet normal 0.227024 -0.973889 0.000000
    outer loop
      vertex 15.087461 -16.315166 0.000000
      vertex 15.097018 -16.312939 1.000000
      vertex 15.087461 -16.315166 1.000000
    endloop
  endfacet
  facet normal 0.382739 -0.923857 0.000000
    outer loop
      vertex 15.027118 -16.335312 0.000000
      vertex 15.045225 -16.327810 1.000000
      vertex 15.027118 -16.335312 1.000000
    endloop
  endfacet
  facet normal 0.442283 -0.896876 0.000000
    outer loop
      vertex 15.009539 -16.343981 0.000000
      vertex 15.027118 -16.335312 1.000000
      vertex 15.009539 -16.343981 1.000000
    endloop
  endfacet
  facet normal 0.499964 -0.866046 0.000000
    outer loop
      vertex 14.988311 -16.356236 0.000000
      vertex 15.009539 -16.343981 1.000000
      vertex 14.988311 -16.356236 1.000000
    endloop
  endfacet
  facet normal 0.528093 -0.849186 0.000000
    outer loop
      vertex 14.979978 -16.361418 0.000000
      vertex 14.988311 -16.356236 1.000000
      vertex 14.979978 -16.361418 1.000000
    endloop
  endfacet
  facet normal 0.512740 -0.858544 0.000000
    outer loop
      vertex 14.705346 -16.627300 0.000000
      vertex 14.739037 -16.607180 1.000000
      vertex 14.705346 -16.627300 1.000000
    endloop
  endfacet
  facet normal 0.620436 -0.784257 0.000000
    outer loop
      vertex 14.739037 -16.607180 0.000000
      vertex 14.769813 -16.582832 1.000000
      vertex 14.739037 -16.607180 1.000000
    endloop
  endfacet
  facet normal 0.396320 -0.918112 0.000000
    outer loop
      vertex 14.669317 -16.642853 0.000000
      vertex 14.705346 -16.627300 1.000000
      vertex 14.669317 -16.642853 1.000000
    endloop
  endfacet
  facet normal -0.307386 -0.951585 0.000000
    outer loop
      vertex 14.409304 -16.624006 0.000000
      vertex 14.476475 -16.645704 1.000000
      vertex 14.409304 -16.624006 1.000000
    endloop
  endfacet
  facet normal -0.348481 -0.937316 0.000000
    outer loop
      vertex 14.384858 -16.614918 0.000000
      vertex 14.409304 -16.624006 1.000000
      vertex 14.384858 -16.614918 1.000000
    endloop
  endfacet
  facet normal -0.388884 -0.921287 0.000000
    outer loop
      vertex 14.170581 -16.524469 0.000000
      vertex 14.384858 -16.614918 1.000000
      vertex 14.170581 -16.524469 1.000000
    endloop
  endfacet
  facet normal -0.428844 -0.903379 0.000000
    outer loop
      vertex 14.146823 -16.513191 0.000000
      vertex 14.170581 -16.524469 1.000000
      vertex 14.146823 -16.513191 1.000000
    endloop
  endfacet
  facet normal -0.468076 -0.883688 0.000000
    outer loop
      vertex 13.942557 -16.404995 0.000000
      vertex 14.146823 -16.513191 1.000000
      vertex 13.942557 -16.404995 1.000000
    endloop
  endfacet
  facet normal -0.505382 -0.862896 0.000000
    outer loop
      vertex 13.920458 -16.392052 0.000000
      vertex 13.942557 -16.404995 1.000000
      vertex 13.920458 -16.392052 1.000000
    endloop
  endfacet
  facet normal -0.541733 -0.840551 0.000000
    outer loop
      vertex 13.846667 -16.344494 0.000000
      vertex 13.920458 -16.392052 1.000000
      vertex 13.846667 -16.344494 1.000000
    endloop
  endfacet
  facet normal -0.577428 -0.816442 0.000000
    outer loop
      vertex 13.825581 -16.329580 0.000000
      vertex 13.846667 -16.344494 1.000000
      vertex 13.825581 -16.329580 1.000000
    endloop
  endfacet
  facet normal -0.612025 -0.790839 0.000000
    outer loop
      vertex 13.670682 -16.209705 0.000000
      vertex 13.825581 -16.329580 1.000000
      vertex 13.670682 -16.209705 1.000000
    endloop
  endfacet
  facet normal -0.644531 -0.764578 0.000000
    outer loop
      vertex 13.651506 -16.193541 0.000000
      vertex 13.670682 -16.209705 1.000000
      vertex 13.651506 -16.193541 1.000000
    endloop
  endfacet
  facet normal 0.487033 0.873383 -0.000000
    outer loop
      vertex 13.598998 -17.242752 0.000000
      vertex 13.593406 -17.239634 1.000000
      vertex 13.598998 -17.242752 1.000000
    endloop
  endfacet
  facet normal 0.505361 0.862908 -0.000000
    outer loop
      vertex 13.593406 -17.239634 0.000000
      vertex 13.576832 -17.229927 1.000000
      vertex 13.593406 -17.239634 1.000000
    endloop
  endfacet
  facet normal 0.523665 0.851924 -0.000000
    outer loop
      vertex 13.576832 -17.229927 0.000000
      vertex 13.571377 -17.226574 1.000000
      vertex 13.576832 -17.229927 1.000000
    endloop
  endfacet
  facet normal 0.541737 0.840548 -0.000000
    outer loop
      vertex 13.571377 -17.226574 0.000000
      vertex 13.372055 -17.098110 1.000000
      vertex 13.571377 -17.226574 1.000000
    endloop
  endfacet
  facet normal 0.545096 0.838373 -0.000000
    outer loop
      vertex 13.372055 -17.098110 0.000000
      vertex 13.371014 -17.097433 1.000000
      vertex 13.372055 -17.098110 1.000000
    endloop
  endfacet
  facet normal 0.548774 0.835971 -0.000000
    outer loop
      vertex 13.371014 -17.097433 0.000000
      vertex 13.367902 -17.095390 1.000000
      vertex 13.371014 -17.097433 1.000000
    endloop
  endfacet
  facet normal 0.552213 0.833703 -0.000000
    outer loop
      vertex 13.367902 -17.095390 0.000000
      vertex 13.366868 -17.094706 1.000000
      vertex 13.367902 -17.095390 1.000000
    endloop
  endfacet
  facet normal 0.555570 0.831470 -0.000000
    outer loop
      vertex 13.366868 -17.094706 0.000000
      vertex 13.233469 -17.005571 1.000000
      vertex 13.366868 -17.094706 1.000000
    endloop
  endfacet
  facet normal 0.570046 0.821613 -0.000000
    outer loop
      vertex 13.233469 -17.005571 0.000000
      vertex 13.229183 -17.002598 1.000000
      vertex 13.233469 -17.005571 1.000000
    endloop
  endfacet
  facet normal 0.584157 0.811641 -0.000000
    outer loop
      vertex 13.229183 -17.002598 0.000000
      vertex 13.216481 -16.993456 1.000000
      vertex 13.229183 -17.002598 1.000000
    endloop
  endfacet
  facet normal 0.598126 0.801402 -0.000000
    outer loop
      vertex 13.216481 -16.993456 0.000000
      vertex 13.212300 -16.990335 1.000000
      vertex 13.216481 -16.993456 1.000000
    endloop
  endfacet
  facet normal 0.612028 0.790836 -0.000000
    outer loop
      vertex 13.212300 -16.990335 0.000000
      vertex 13.033119 -16.851667 1.000000
      vertex 13.212300 -16.990335 1.000000
    endloop
  endfacet
  facet normal 0.628397 0.777893 -0.000000
    outer loop
      vertex 13.033119 -16.851667 0.000000
      vertex 13.028241 -16.847727 1.000000
      vertex 13.033119 -16.851667 1.000000
    endloop
  endfacet
  facet normal 0.644548 0.764564 -0.000000
    outer loop
      vertex 13.028241 -16.847727 0.000000
      vertex 13.013861 -16.835604 1.000000
      vertex 13.028241 -16.847727 1.000000
    endloop
  endfacet
  facet normal 0.660333 0.750973 -0.000000
    outer loop
      vertex 13.013861 -16.835604 0.000000
      vertex 13.009151 -16.831463 1.000000
      vertex 13.013861 -16.835604 1.000000
    endloop
  endfacet
  facet normal 0.675943 0.736954 -0.000000
    outer loop
      vertex 13.009151 -16.831463 0.000000
      vertex 12.844640 -16.680571 1.000000
      vertex 13.009151 -16.831463 1.000000
    endloop
  endfacet
  facet normal 0.691765 0.722123 -0.000000
    outer loop
      vertex 12.844640 -16.680571 0.000000
      vertex 12.839967 -16.676094 1.000000
      vertex 12.844640 -16.680571 1.000000
    endloop
  endfacet
  facet normal 0.707107 0.707107 -0.000000
    outer loop
      vertex 12.839967 -16.676094 0.000000
      vertex 12.826241 -16.662369 1.000000
      vertex 12.839967 -16.676094 1.000000
    endloop
  endfacet
  facet normal 0.722197 0.691688 -0.000000
    outer loop
      vertex 12.826241 -16.662369 0.000000
      vertex 12.821766 -16.657696 1.000000
      vertex 12.826241 -16.662369 1.000000
    endloop
  endfacet
  facet normal -0.675945 -0.736952 0.000000
    outer loop
      vertex 13.482298 -16.038340 0.000000
      vertex 13.651506 -16.193541 1.000000
      vertex 13.482298 -16.038340 1.000000
    endloop
  endfacet
  facet normal -0.707144 -0.707070 0.000000
    outer loop
      vertex 13.463997 -16.020037 0.000000
      vertex 13.482298 -16.038340 1.000000
      vertex 13.463997 -16.020037 1.000000
    endloop
  endfacet
  facet normal -0.736952 -0.675945 0.000000
    outer loop
      vertex 13.308796 -15.850828 0.000000
      vertex 13.463997 -16.020037 1.000000
      vertex 13.308796 -15.850828 1.000000
    endloop
  endfacet
  facet normal -0.764525 -0.644595 0.000000
    outer loop
      vertex 13.292629 -15.831654 0.000000
      vertex 13.308796 -15.850828 1.000000
      vertex 13.292629 -15.831654 1.000000
    endloop
  endfacet
  facet normal -0.790841 -0.612022 0.000000
    outer loop
      vertex 13.172754 -15.676754 0.000000
      vertex 13.292629 -15.831654 1.000000
      vertex 13.172754 -15.676754 1.000000
    endloop
  endfacet
  facet normal -0.816447 -0.577421 0.000000
    outer loop
      vertex 13.157842 -15.655668 0.000000
      vertex 13.172754 -15.676754 1.000000
      vertex 13.157842 -15.655668 1.000000
    endloop
  endfacet
  facet normal -0.840548 -0.541737 0.000000
    outer loop
      vertex 13.110313 -15.581924 0.000000
      vertex 13.157842 -15.655668 1.000000
      vertex 13.110313 -15.581924 1.000000
    endloop
  endfacet
  facet normal -0.863001 -0.505203 0.000000
    outer loop
      vertex 13.097318 -15.559725 0.000000
      vertex 13.110313 -15.581924 1.000000
      vertex 13.097318 -15.559725 1.000000
    endloop
  endfacet
  facet normal 0.736951 0.675946 -0.000000
    outer loop
      vertex 12.821766 -16.657696 0.000000
      vertex 12.670872 -16.493183 1.000000
      vertex 12.821766 -16.657696 1.000000
    endloop
  endfacet
  facet normal 0.750973 0.660333 -0.000000
    outer loop
      vertex 12.670872 -16.493183 0.000000
      vertex 12.666731 -16.488474 1.000000
      vertex 12.670872 -16.493183 1.000000
    endloop
  endfacet
  facet normal 0.764543 0.644573 -0.000000
    outer loop
      vertex 12.666731 -16.488474 0.000000
      vertex 12.654608 -16.474094 1.000000
      vertex 12.666731 -16.488474 1.000000
    endloop
  endfacet
  facet normal 0.777953 0.628323 -0.000000
    outer loop
      vertex 12.654608 -16.474094 0.000000
      vertex 12.650667 -16.469215 1.000000
      vertex 12.654608 -16.474094 1.000000
    endloop
  endfacet
  facet normal 0.790835 0.612030 -0.000000
    outer loop
      vertex 12.650667 -16.469215 0.000000
      vertex 12.511999 -16.290035 1.000000
      vertex 12.650667 -16.469215 1.000000
    endloop
  endfacet
  facet normal 0.801402 0.598126 -0.000000
    outer loop
      vertex 12.511999 -16.290035 0.000000
      vertex 12.508879 -16.285854 1.000000
      vertex 12.511999 -16.290035 1.000000
    endloop
  endfacet
  facet normal 0.811620 0.584186 -0.000000
    outer loop
      vertex 12.508879 -16.285854 0.000000
      vertex 12.499737 -16.273153 1.000000
      vertex 12.508879 -16.285854 1.000000
    endloop
  endfacet
  facet normal 0.821731 0.569875 -0.000000
    outer loop
      vertex 12.499737 -16.273153 0.000000
      vertex 12.496763 -16.268866 1.000000
      vertex 12.499737 -16.273153 1.000000
    endloop
  endfacet
  facet normal 0.831471 0.555568 -0.000000
    outer loop
      vertex 12.496763 -16.268866 0.000000
      vertex 12.407630 -16.135468 1.000000
      vertex 12.496763 -16.268866 1.000000
    endloop
  endfacet
  facet normal 0.838373 0.545096 -0.000000
    outer loop
      vertex 12.404902 -16.131321 0.000000
      vertex 12.404225 -16.130280 1.000000
      vertex 12.404902 -16.131321 1.000000
    endloop
  endfacet
  facet normal 0.836048 0.548656 -0.000000
    outer loop
      vertex 12.406945 -16.134434 0.000000
      vertex 12.404902 -16.131321 1.000000
      vertex 12.406945 -16.134434 1.000000
    endloop
  endfacet
  facet normal 0.833703 0.552213 -0.000000
    outer loop
      vertex 12.407630 -16.135468 0.000000
      vertex 12.406945 -16.134434 1.000000
      vertex 12.407630 -16.135468 1.000000
    endloop
  endfacet
  facet normal 0.840544 0.541743 -0.000000
    outer loop
      vertex 12.404225 -16.130280 0.000000
      vertex 12.275799 -15.931019 1.000000
      vertex 12.404225 -16.130280 1.000000
    endloop
  endfacet
  facet normal 0.852070 0.523427 -0.000000
    outer loop
      vertex 12.275799 -15.931019 0.000000
      vertex 12.272431 -15.925537 1.000000
      vertex 12.275799 -15.931019 1.000000
    endloop
  endfacet
  facet normal 0.862996 0.505211 -0.000000
    outer loop
      vertex 12.272431 -15.925537 0.000000
      vertex 12.262686 -15.908890 1.000000
      vertex 12.272431 -15.925537 1.000000
    endloop
  endfacet
  facet normal 0.873611 0.486625 -0.000000
    outer loop
      vertex 12.262686 -15.908890 0.000000
      vertex 12.259556 -15.903271 1.000000
      vertex 12.262686 -15.908890 1.000000
    endloop
  endfacet
  facet normal 0.883868 0.467736 -0.000000
    outer loop
      vertex 12.259556 -15.903271 0.000000
      vertex 12.154324 -15.704416 1.000000
      vertex 12.259556 -15.903271 1.000000
    endloop
  endfacet
  facet normal 0.893721 0.448623 -0.000000
    outer loop
      vertex 12.154324 -15.704416 0.000000
      vertex 12.151411 -15.698614 1.000000
      vertex 12.154324 -15.704416 1.000000
    endloop
  endfacet
  facet normal 0.903296 0.429019 -0.000000
    outer loop
      vertex 12.151411 -15.698614 0.000000
      vertex 12.143058 -15.681026 1.000000
      vertex 12.151411 -15.698614 1.000000
    endloop
  endfacet
  facet normal 0.912333 0.409448 -0.000000
    outer loop
      vertex 12.143058 -15.681026 0.000000
      vertex 12.140400 -15.675104 1.000000
      vertex 12.143058 -15.681026 1.000000
    endloop
  endfacet
  facet normal -0.883866 -0.467740 0.000000
    outer loop
      vertex 12.989061 -15.355158 0.000000
      vertex 13.097318 -15.559725 1.000000
      vertex 12.989061 -15.355158 1.000000
    endloop
  endfacet
  facet normal -0.903280 -0.429051 0.000000
    outer loop
      vertex 12.977921 -15.331705 0.000000
      vertex 12.989061 -15.355158 1.000000
      vertex 12.977921 -15.331705 1.000000
    endloop
  endfacet
  facet normal -0.921000 -0.389562 0.000000
    outer loop
      vertex 12.887292 -15.117439 0.000000
      vertex 12.977921 -15.331705 1.000000
      vertex 12.887292 -15.117439 1.000000
    endloop
  endfacet
  facet normal -0.937274 -0.348594 0.000000
    outer loop
      vertex 12.878070 -15.092644 0.000000
      vertex 12.887292 -15.117439 1.000000
      vertex 12.878070 -15.092644 1.000000
    endloop
  endfacet
  facet normal -0.951739 -0.306909 0.000000
    outer loop
      vertex 12.806068 -14.869364 0.000000
      vertex 12.878070 -15.092644 1.000000
      vertex 12.806068 -14.869364 1.000000
    endloop
  endfacet
  facet normal -0.964259 -0.264961 0.000000
    outer loop
      vertex 12.799110 -14.844042 0.000000
      vertex 12.806068 -14.869364 1.000000
      vertex 12.799110 -14.844042 1.000000
    endloop
  endfacet
  facet normal -0.974933 -0.222500 0.000000
    outer loop
      vertex 12.773377 -14.731287 0.000000
      vertex 12.799110 -14.844042 1.000000
      vertex 12.773377 -14.731287 1.000000
    endloop
  endfacet
  facet normal -0.983948 -0.178453 0.000000
    outer loop
      vertex 12.768564 -14.704748 0.000000
      vertex 12.773377 -14.731287 1.000000
      vertex 12.768564 -14.704748 1.000000
    endloop
  endfacet
  facet normal -0.990976 -0.134042 0.000000
    outer loop
      vertex 12.743662 -14.520645 0.000000
      vertex 12.768564 -14.704748 1.000000
      vertex 12.743662 -14.520645 1.000000
    endloop
  endfacet
  facet normal -0.995981 -0.089565 0.000000
    outer loop
      vertex 12.741258 -14.493910 0.000000
      vertex 12.743662 -14.520645 1.000000
      vertex 12.741258 -14.493910 1.000000
    endloop
  endfacet
  facet normal -0.937318 0.348474 0.000000
    outer loop
      vertex 12.887306 -13.352686 0.000000
      vertex 12.878062 -13.377550 1.000000
      vertex 12.887306 -13.352686 1.000000
    endloop
  endfacet
  facet normal -0.998990 -0.044924 0.000000
    outer loop
      vertex 12.730225 -14.248562 0.000000
      vertex 12.741258 -14.493910 1.000000
      vertex 12.730225 -14.248562 1.000000
    endloop
  endfacet
  facet normal -1.000000 0.000000 0.000000
    outer loop
      vertex 12.730225 -14.221596 0.000000
      vertex 12.730225 -14.248562 1.000000
      vertex 12.730225 -14.221596 1.000000
    endloop
  endfacet
  facet normal -0.998989 0.044957 0.000000
    outer loop
      vertex 12.741257 -13.976450 0.000000
      vertex 12.730225 -14.221596 1.000000
      vertex 12.741257 -13.976450 1.000000
    endloop
  endfacet
  facet normal -0.995978 0.089597 0.000000
    outer loop
      vertex 12.743661 -13.949724 0.000000
      vertex 12.741257 -13.976450 1.000000
      vertex 12.743661 -13.949724 1.000000
    endloop
  endfacet
  facet normal -0.990975 0.134045 0.000000
    outer loop
      vertex 12.768564 -13.765617 0.000000
      vertex 12.743661 -13.949724 1.000000
      vertex 12.768564 -13.765617 1.000000
    endloop
  endfacet
  facet normal -0.983948 0.178453 0.000000
    outer loop
      vertex 12.773377 -13.739079 0.000000
      vertex 12.768564 -13.765617 1.000000
      vertex 12.773377 -13.739079 1.000000
    endloop
  endfacet
  facet normal -0.974932 0.222502 0.000000
    outer loop
      vertex 12.799119 -13.626287 0.000000
      vertex 12.773377 -13.739079 1.000000
      vertex 12.799119 -13.626287 1.000000
    endloop
  endfacet
  facet normal -0.964293 0.264837 0.000000
    outer loop
      vertex 12.806054 -13.601036 0.000000
      vertex 12.799119 -13.626287 1.000000
      vertex 12.806054 -13.601036 1.000000
    endloop
  endfacet
  facet normal -0.951813 0.306678 0.000000
    outer loop
      vertex 12.878062 -13.377550 0.000000
      vertex 12.806054 -13.601036 1.000000
      vertex 12.878062 -13.377550 1.000000
    endloop
  endfacet
  facet normal 0.000000 0.000000 -1.000000
    outer loop
      vertex 15.557289 -18.305573 1.000000
      vertex 15.551105 -18.301210 1.000000
      vertex 13.920458 -16.392052 1.000000
    endloop
  endfacet
  facet normal 0.000000 0.000000 -1.000000
    outer loop
      vertex 15.551105 -18.301210 1.000000
      vertex 15.532893 -18.287664 1.000000
      vertex 13.920458 -16.392052 1.000000
    endloop
  endfacet
  facet normal 0.000000 0.000000 -1.000000
    outer loop
      vertex 15.532893 -18.287664 1.000000
      vertex 15.526937 -18.282997 1.000000
      vertex 13.920458 -16.392052 1.000000
    endloop
  endfacet
  facet normal 0.000000 0.000000 -1.000000
    outer loop
      vertex 15.526937 -18.282997 1.000000
      vertex 15.038672 -17.745958 1.000000
      vertex 13.651506 -16.193541 1.000000
    endloop
  endfacet
  facet normal 0.000000 0.000000 -1.000000
    outer loop
      vertex 15.038672 -17.745958 1.000000
      vertex 15.010924 -17.718210 1.000000
      vertex 13.651506 -16.193541 1.000000
    endloop
  endfacet
  facet normal 0.000000 0.000000 -1.000000
    outer loop
      vertex 15.010924 -17.718210 1.000000
      vertex 14.979792 -17.694323 1.000000
      vertex 13.651506 -16.193541 1.000000
    endloop
  endfacet
  facet normal 0.000000 0.000000 -1.000000
    outer loop
      vertex 15.557289 -18.305573 1.000000
      vertex 14.170581 -16.524469 1.000000
      vertex 14.384858 -16.614918 1.000000
    endloop
  endfacet
  facet normal 0.000000 0.000000 -1.000000
    outer loop
      vertex 15.557289 -18.305573 1.000000
      vertex 14.146823 -16.513191 1.000000
      vertex 14.170581 -16.524469 1.000000
    endloop
  endfacet
  facet normal 0.000000 0.000000 -1.000000
    outer loop
      vertex 14.979792 -17.694323 1.000000
      vertex 14.945807 -17.674700 1.000000
      vertex 13.651506 -16.193541 1.000000
    endloop
  endfacet
  facet normal 0.000000 0.000000 -1.000000
    outer loop
      vertex 14.945807 -17.674700 1.000000
      vertex 14.909553 -17.659683 1.000000
      vertex 13.651506 -16.193541 1.000000
    endloop
  endfacet
  facet normal 0.000000 0.000000 -1.000000
    outer loop
      vertex 15.557289 -18.305573 1.000000
      vertex 13.942557 -16.404995 1.000000
      vertex 14.146823 -16.513191 1.000000
    endloop
  endfacet
  facet normal 0.000000 0.000000 -1.000000
    outer loop
      vertex 14.909553 -17.659683 1.000000
      vertex 14.871648 -17.649527 1.000000
      vertex 13.651506 -16.193541 1.000000
    endloop
  endfacet
  facet normal 0.000000 0.000000 -1.000000
    outer loop
      vertex 14.871648 -17.649527 1.000000
      vertex 14.853333 -17.646469 1.000000
      vertex 13.651506 -16.193541 1.000000
    endloop
  endfacet
  facet normal 0.000000 0.000000 -1.000000
    outer loop
      vertex 14.853333 -17.646469 1.000000
      vertex 14.741103 -17.631289 1.000000
      vertex 13.651506 -16.193541 1.000000
    endloop
  endfacet
  facet normal 0.000000 0.000000 -1.000000
    outer loop
      vertex 15.557289 -18.305573 1.000000
      vertex 13.920458 -16.392052 1.000000
      vertex 13.942557 -16.404995 1.000000
    endloop
  endfacet
  facet normal 0.000000 0.000000 -1.000000
    outer loop
      vertex 15.526937 -18.282997 1.000000
      vertex 13.846667 -16.344494 1.000000
      vertex 13.920458 -16.392052 1.000000
    endloop
  endfacet
  facet normal 0.000000 0.000000 -1.000000
    outer loop
      vertex 15.526937 -18.282997 1.000000
      vertex 13.825581 -16.329580 1.000000
      vertex 13.846667 -16.344494 1.000000
    endloop
  endfacet
  facet normal 0.000000 0.000000 -1.000000
    outer loop
      vertex 14.741103 -17.631289 1.000000
      vertex 14.736513 -17.630596 1.000000
      vertex 13.651506 -16.193541 1.000000
    endloop
  endfacet
  facet normal 0.000000 0.000000 -1.000000
    outer loop
      vertex 14.736513 -17.630596 1.000000
      vertex 14.722778 -17.628304 1.000000
      vertex 13.651506 -16.193541 1.000000
    endloop
  endfacet
  facet normal 0.000000 0.000000 -1.000000
    outer loop
      vertex 14.722778 -17.628304 1.000000
      vertex 14.718211 -17.627468 1.000000
      vertex 13.651506 -16.193541 1.000000
    endloop
  endfacet
  facet normal 0.000000 0.000000 -1.000000
    outer loop
      vertex 14.718211 -17.627468 1.000000
      vertex 14.561559 -17.596308 1.000000
      vertex 13.651506 -16.193541 1.000000
    endloop
  endfacet
  facet normal 0.000000 0.000000 -1.000000
    outer loop
      vertex 14.561559 -17.596308 1.000000
      vertex 14.559500 -17.595884 1.000000
      vertex 13.651506 -16.193541 1.000000
    endloop
  endfacet
  facet normal 0.000000 0.000000 -1.000000
    outer loop
      vertex 14.559500 -17.595884 1.000000
      vertex 14.553332 -17.594566 1.000000
      vertex 13.651506 -16.193541 1.000000
    endloop
  endfacet
  facet normal 0.000000 0.000000 -1.000000
    outer loop
      vertex 14.551278 -17.594112 1.000000
      vertex 13.651506 -16.193541 1.000000
      vertex 14.553332 -17.594566 1.000000
    endloop
  endfacet
  facet normal 0.000000 0.000000 -1.000000
    outer loop
      vertex 15.526937 -18.282997 1.000000
      vertex 13.670682 -16.209705 1.000000
      vertex 13.825581 -16.329580 1.000000
    endloop
  endfacet
  facet normal 0.000000 0.000000 -1.000000
    outer loop
      vertex 14.551278 -17.594112 1.000000
      vertex 14.315200 -17.540234 1.000000
      vertex 13.651506 -16.193541 1.000000
    endloop
  endfacet
  facet normal 0.000000 0.000000 -1.000000
    outer loop
      vertex 14.315200 -17.540234 1.000000
      vertex 14.308795 -17.538622 1.000000
      vertex 13.651506 -16.193541 1.000000
    endloop
  endfacet
  facet normal 0.000000 0.000000 -1.000000
    outer loop
      vertex 14.308795 -17.538622 1.000000
      vertex 14.289697 -17.533369 1.000000
      vertex 13.651506 -16.193541 1.000000
    endloop
  endfacet
  facet normal 0.000000 0.000000 -1.000000
    outer loop
      vertex 14.289697 -17.533369 1.000000
      vertex 14.283369 -17.531479 1.000000
      vertex 13.651506 -16.193541 1.000000
    endloop
  endfacet
  facet normal 0.000000 0.000000 -1.000000
    outer loop
      vertex 15.526937 -18.282997 1.000000
      vertex 13.651506 -16.193541 1.000000
      vertex 13.670682 -16.209705 1.000000
    endloop
  endfacet
  facet normal 0.000000 0.000000 -1.000000
    outer loop
      vertex 14.283369 -17.531479 1.000000
      vertex 14.066018 -17.461266 1.000000
      vertex 13.651506 -16.193541 1.000000
    endloop
  endfacet
  facet normal 0.000000 0.000000 -1.000000
    outer loop
      vertex 14.066018 -17.461266 1.000000
      vertex 14.059858 -17.459127 1.000000
      vertex 13.651506 -16.193541 1.000000
    endloop
  endfacet
  facet normal 0.000000 0.000000 -1.000000
    outer loop
      vertex 14.059858 -17.459127 1.000000
      vertex 14.041527 -17.452312 1.000000
      vertex 13.651506 -16.193541 1.000000
    endloop
  endfacet
  facet normal 0.000000 0.000000 -1.000000
    outer loop
      vertex 14.041527 -17.452312 1.000000
      vertex 14.035465 -17.449907 1.000000
      vertex 13.651506 -16.193541 1.000000
    endloop
  endfacet
  facet normal 0.000000 0.000000 -1.000000
    outer loop
      vertex 14.035465 -17.449907 1.000000
      vertex 13.827222 -17.362007 1.000000
      vertex 13.651506 -16.193541 1.000000
    endloop
  endfacet
  facet normal 0.000000 0.000000 -1.000000
    outer loop
      vertex 13.827222 -17.362007 1.000000
      vertex 13.821221 -17.359318 1.000000
      vertex 13.651506 -16.193541 1.000000
    endloop
  endfacet
  facet normal 0.000000 0.000000 -1.000000
    outer loop
      vertex 13.821221 -17.359318 1.000000
      vertex 13.803405 -17.350859 1.000000
      vertex 13.651506 -16.193541 1.000000
    endloop
  endfacet
  facet normal 0.000000 0.000000 -1.000000
    outer loop
      vertex 13.803405 -17.350859 1.000000
      vertex 13.797528 -17.347908 1.000000
      vertex 13.651506 -16.193541 1.000000
    endloop
  endfacet
  facet normal 0.000000 0.000000 -1.000000
    outer loop
      vertex 13.797528 -17.347908 1.000000
      vertex 13.598998 -17.242752 1.000000
      vertex 13.651506 -16.193541 1.000000
    endloop
  endfacet
  facet normal 0.000000 0.000000 -1.000000
    outer loop
      vertex 13.651506 -16.193541 1.000000
      vertex 13.598998 -17.242752 1.000000
      vertex 13.593406 -17.239634 1.000000
    endloop
  endfacet
  facet normal 0.000000 0.000000 -1.000000
    outer loop
      vertex 13.651506 -16.193541 1.000000
      vertex 13.593406 -17.239634 1.000000
      vertex 13.576832 -17.229927 1.000000
    endloop
  endfacet
  facet normal 0.000000 0.000000 -1.000000
    outer loop
      vertex 13.651506 -16.193541 1.000000
      vertex 13.576832 -17.229927 1.000000
      vertex 13.571377 -17.226574 1.000000
    endloop
  endfacet
  facet normal 0.000000 0.000000 -1.000000
    outer loop
      vertex 13.651506 -16.193541 1.000000
      vertex 13.571377 -17.226574 1.000000
      vertex 13.372055 -17.098110 1.000000
    endloop
  endfacet
  facet normal 0.000000 0.000000 -1.000000
    outer loop
      vertex 13.651506 -16.193541 1.000000
      vertex 13.372055 -17.098110 1.000000
      vertex 13.371014 -17.097433 1.000000
    endloop
  endfacet
  facet normal 0.000000 0.000000 -1.000000
    outer loop
      vertex 13.651506 -16.193541 1.000000
      vertex 13.371014 -17.097433 1.000000
      vertex 13.367902 -17.095390 1.000000
    endloop
  endfacet
  facet normal 0.000000 0.000000 -1.000000
    outer loop
      vertex 13.651506 -16.193541 1.000000
      vertex 13.367902 -17.095390 1.000000
      vertex 13.366868 -17.094706 1.000000
    endloop
  endfacet
  facet normal 0.000000 0.000000 -1.000000
    outer loop
      vertex 13.651506 -16.193541 1.000000
      vertex 13.366868 -17.094706 1.000000
      vertex 13.233469 -17.005571 1.000000
    endloop
  endfacet
  facet normal 0.000000 0.000000 -1.000000
    outer loop
      vertex 13.651506 -16.193541 1.000000
      vertex 13.233469 -17.005571 1.000000
      vertex 13.229183 -17.002598 1.000000
    endloop
  endfacet
  facet normal 0.000000 0.000000 -1.000000
    outer loop
      vertex 13.651506 -16.193541 1.000000
      vertex 13.229183 -17.002598 1.000000
      vertex 13.216481 -16.993456 1.000000
    endloop
  endfacet
  facet normal 0.000000 0.000000 -1.000000
    outer loop
      vertex 13.651506 -16.193541 1.000000
      vertex 13.216481 -16.993456 1.000000
      vertex 13.212300 -16.990335 1.000000
    endloop
  endfacet
  facet normal 0.000000 0.000000 -1.000000
    outer loop
      vertex 13.651506 -16.193541 1.000000
      vertex 13.212300 -16.990335 1.000000
      vertex 13.033119 -16.851667 1.000000
    endloop
  endfacet
  facet normal -0.000000 0.000000 -1.000000
    outer loop
      vertex 13.651506 -16.193541 1.000000
      vertex 13.033119 -16.851667 1.000000
      vertex 13.482298 -16.038340 1.000000
    endloop
  endfacet
  facet normal 0.000000 0.000000 -1.000000
    outer loop
      vertex 12.844640 -16.680571 1.000000
      vertex 13.463997 -16.020037 1.000000
      vertex 13.482298 -16.038340 1.000000
    endloop
  endfacet
  facet normal 0.000000 0.000000 -1.000000
    outer loop
      vertex 13.033119 -16.851667 1.000000
      vertex 13.028241 -16.847727 1.000000
      vertex 13.482298 -16.038340 1.000000
    endloop
  endfacet
  facet normal 0.000000 0.000000 -1.000000
    outer loop
      vertex 13.028241 -16.847727 1.000000
      vertex 13.013861 -16.835604 1.000000
      vertex 13.482298 -16.038340 1.000000
    endloop
  endfacet
  facet normal 0.000000 0.000000 -1.000000
    outer loop
      vertex 13.013861 -16.835604 1.000000
      vertex 13.009151 -16.831463 1.000000
      vertex 13.482298 -16.038340 1.000000
    endloop
  endfacet
  facet normal 0.000000 0.000000 -1.000000
    outer loop
      vertex 13.009151 -16.831463 1.000000
      vertex 12.844640 -16.680571 1.000000
      vertex 13.482298 -16.038340 1.000000
    endloop
  endfacet
  facet normal 0.000000 0.000000 -1.000000
    outer loop
      vertex 12.844640 -16.680571 1.000000
      vertex 12.839967 -16.676094 1.000000
      vertex 13.463997 -16.020037 1.000000
    endloop
  endfacet
  facet normal 0.000000 0.000000 -1.000000
    outer loop
      vertex 12.839967 -16.676094 1.000000
      vertex 12.826241 -16.662369 1.000000
      vertex 13.463997 -16.020037 1.000000
    endloop
  endfacet
  facet normal 0.000000 0.000000 -1.000000
    outer loop
      vertex 12.826241 -16.662369 1.000000
      vertex 12.821766 -16.657696 1.000000
      vertex 13.463997 -16.020037 1.000000
    endloop
  endfacet
  facet normal 0.000000 0.000000 -1.000000
    outer loop
      vertex 12.821766 -16.657696 1.000000
      vertex 12.670872 -16.493183 1.000000
      vertex 13.463997 -16.020037 1.000000
    endloop
  endfacet
  facet normal -0.000000 0.000000 -1.000000
    outer loop
      vertex 13.463997 -16.020037 1.000000
      vertex 12.670872 -16.493183 1.000000
      vertex 13.308796 -15.850828 1.000000
    endloop
  endfacet
  facet normal 0.000000 0.000000 -1.000000
    outer loop
      vertex 13.308796 -15.850828 1.000000
      vertex 12.670872 -16.493183 1.000000
      vertex 12.666731 -16.488474 1.000000
    endloop
  endfacet
  facet normal 0.000000 0.000000 -1.000000
    outer loop
      vertex 13.308796 -15.850828 1.000000
      vertex 12.666731 -16.488474 1.000000
      vertex 12.654608 -16.474094 1.000000
    endloop
  endfacet
  facet normal 0.000000 0.000000 -1.000000
    outer loop
      vertex 13.308796 -15.850828 1.000000
      vertex 12.654608 -16.474094 1.000000
      vertex 12.650667 -16.469215 1.000000
    endloop
  endfacet
  facet normal -0.000000 0.000000 -1.000000
    outer loop
      vertex 13.308796 -15.850828 1.000000
      vertex 12.511999 -16.290035 1.000000
      vertex 13.292629 -15.831654 1.000000
    endloop
  endfacet
  facet normal -0.000000 0.000000 -1.000000
    outer loop
      vertex 13.292629 -15.831654 1.000000
      vertex 12.511999 -16.290035 1.000000
      vertex 13.172754 -15.676754 1.000000
    endloop
  endfacet
  facet normal -0.000000 0.000000 -1.000000
    outer loop
      vertex 13.172754 -15.676754 1.000000
      vertex 12.407630 -16.135468 1.000000
      vertex 13.157842 -15.655668 1.000000
    endloop
  endfacet
  facet normal -0.000000 0.000000 -1.000000
    outer loop
      vertex 13.157842 -15.655668 1.000000
      vertex 12.407630 -16.135468 1.000000
      vertex 13.110313 -15.581924 1.000000
    endloop
  endfacet
  facet normal 0.000000 0.000000 -1.000000
    outer loop
      vertex 13.308796 -15.850828 1.000000
      vertex 12.650667 -16.469215 1.000000
      vertex 12.511999 -16.290035 1.000000
    endloop
  endfacet
  facet normal 0.000000 0.000000 -1.000000
    outer loop
      vertex 13.172754 -15.676754 1.000000
      vertex 12.511999 -16.290035 1.000000
      vertex 12.508879 -16.285854 1.000000
    endloop
  endfacet
  facet normal 0.000000 0.000000 -1.000000
    outer loop
      vertex 13.172754 -15.676754 1.000000
      vertex 12.508879 -16.285854 1.000000
      vertex 12.499737 -16.273153 1.000000
    endloop
  endfacet
  facet normal 0.000000 0.000000 -1.000000
    outer loop
      vertex 13.172754 -15.676754 1.000000
      vertex 12.499737 -16.273153 1.000000
      vertex 12.496763 -16.268866 1.000000
    endloop
  endfacet
  facet normal 0.000000 0.000000 -1.000000
    outer loop
      vertex 13.172754 -15.676754 1.000000
      vertex 12.496763 -16.268866 1.000000
      vertex 12.407630 -16.135468 1.000000
    endloop
  endfacet
  facet normal 0.000000 0.000000 -1.000000
    outer loop
      vertex 13.110313 -15.581924 1.000000
      vertex 12.407630 -16.135468 1.000000
      vertex 12.406945 -16.134434 1.000000
    endloop
  endfacet
  facet normal 0.000000 0.000000 -1.000000
    outer loop
      vertex 13.110313 -15.581924 1.000000
      vertex 12.406945 -16.134434 1.000000
      vertex 12.404902 -16.131321 1.000000
    endloop
  endfacet
  facet normal 0.000000 0.000000 -1.000000
    outer loop
      vertex 13.110313 -15.581924 1.000000
      vertex 12.404902 -16.131321 1.000000
      vertex 12.404225 -16.130280 1.000000
    endloop
  endfacet
  facet normal 0.000000 0.000000 -1.000000
    outer loop
      vertex 13.110313 -15.581924 1.000000
      vertex 12.404225 -16.130280 1.000000
      vertex 12.275799 -15.931019 1.000000
    endloop
  endfacet
  facet normal -0.000000 0.000000 -1.000000
    outer loop
      vertex 13.110313 -15.581924 1.000000
      vertex 12.275799 -15.931019 1.000000
      vertex 13.097318 -15.559725 1.000000
    endloop
  endfacet
  facet normal -0.000000 0.000000 -1.000000
    outer loop
      vertex 13.097318 -15.559725 1.000000
      vertex 12.275799 -15.931019 1.000000
      vertex 12.989061 -15.355158 1.000000
    endloop
  endfacet
  facet normal 0.000000 0.000000 -1.000000
    outer loop
      vertex 12.275799 -15.931019 1.000000
      vertex 12.272431 -15.925537 1.000000
      vertex 12.989061 -15.355158 1.000000
    endloop
  endfacet
  facet normal 0.000000 0.000000 -1.000000
    outer loop
      vertex 12.272431 -15.925537 1.000000
      vertex 12.262686 -15.908890 1.000000
      vertex 12.989061 -15.355158 1.000000
    endloop
  endfacet
  facet normal 0.000000 0.000000 -1.000000
    outer loop
      vertex 12.259556 -15.903271 1.000000
      vertex 12.989061 -15.355158 1.000000
      vertex 12.262686 -15.908890 1.000000
    endloop
  endfacet
  facet normal 0.000000 0.000000 -1.000000
    outer loop
      vertex 12.259556 -15.903271 1.000000
      vertex 12.154324 -15.704416 1.000000
      vertex 12.989061 -15.355158 1.000000
    endloop
  endfacet
  facet normal 0.000000 0.000000 -1.000000
    outer loop
      vertex 12.154324 -15.704416 1.000000
      vertex 12.977921 -15.331705 1.000000
      vertex 12.989061 -15.355158 1.000000
    endloop
  endfacet
  facet normal 0.000000 0.000000 -1.000000
    outer loop
      vertex 12.154324 -15.704416 1.000000
      vertex 12.887292 -15.117439 1.000000
      vertex 12.977921 -15.331705 1.000000
    endloop
  endfacet
  facet normal -0.000000 0.000000 -1.000000
    outer loop
      vertex 12.887292 -15.117439 1.000000
      vertex 12.040798 -15.435884 1.000000
      vertex 12.878070 -15.092644 1.000000
    endloop
  endfacet
  facet normal -0.000000 0.000000 -1.000000
    outer loop
      vertex 12.878070 -15.092644 1.000000
      vertex 11.970819 -15.218878 1.000000
      vertex 12.806068 -14.869364 1.000000
    endloop
  endfacet
  facet normal 0.000000 0.000000 -1.000000
    outer loop
      vertex 12.154324 -15.704416 1.000000
      vertex 12.151411 -15.698614 1.000000
      vertex 12.887292 -15.117439 1.000000
    endloop
  endfacet
  facet normal 0.000000 0.000000 -1.000000
    outer loop
      vertex 12.151411 -15.698614 1.000000
      vertex 12.143058 -15.681026 1.000000
      vertex 12.887292 -15.117439 1.000000
    endloop
  endfacet
  facet normal 0.000000 0.000000 -1.000000
    outer loop
      vertex 12.143058 -15.681026 1.000000
      vertex 12.140400 -15.675104 1.000000
      vertex 12.887292 -15.117439 1.000000
    endloop
  endfacet
  facet normal 0.000000 0.000000 -1.000000
    outer loop
      vertex 12.140400 -15.675104 1.000000
      vertex 12.052323 -15.466875 1.000000
      vertex 12.887292 -15.117439 1.000000
    endloop
  endfacet
  facet normal 0.000000 0.000000 -1.000000
    outer loop
      vertex 12.887292 -15.117439 1.000000
      vertex 12.052323 -15.466875 1.000000
      vertex 12.049882 -15.460728 1.000000
    endloop
  endfacet
  facet normal 0.000000 0.000000 -1.000000
    outer loop
      vertex 12.887292 -15.117439 1.000000
      vertex 12.049882 -15.460728 1.000000
      vertex 12.042966 -15.442133 1.000000
    endloop
  endfacet
  facet normal 0.000000 0.000000 -1.000000
    outer loop
      vertex 12.887292 -15.117439 1.000000
      vertex 12.042966 -15.442133 1.000000
      vertex 12.040798 -15.435884 1.000000
    endloop
  endfacet
  facet normal 0.000000 0.000000 -1.000000
    outer loop
      vertex 12.878070 -15.092644 1.000000
      vertex 12.040798 -15.435884 1.000000
      vertex 11.970819 -15.218878 1.000000
    endloop
  endfacet
  facet normal 0.000000 0.000000 -1.000000
    outer loop
      vertex 12.806068 -14.869364 1.000000
      vertex 11.970819 -15.218878 1.000000
      vertex 11.968942 -15.212585 1.000000
    endloop
  endfacet
  facet normal 0.000000 0.000000 -1.000000
    outer loop
      vertex 12.806068 -14.869364 1.000000
      vertex 11.968942 -15.212585 1.000000
      vertex 11.963723 -15.193596 1.000000
    endloop
  endfacet
  facet normal 0.000000 0.000000 -1.000000
    outer loop
      vertex 12.806068 -14.869364 1.000000
      vertex 11.963723 -15.193596 1.000000
      vertex 11.962123 -15.187229 1.000000
    endloop
  endfacet
  facet normal 0.000000 0.000000 -1.000000
    outer loop
      vertex 12.806068 -14.869364 1.000000
      vertex 11.962123 -15.187229 1.000000
      vertex 11.908222 -14.951057 1.000000
    endloop
  endfacet
  facet normal -0.000000 0.000000 -1.000000
    outer loop
      vertex 12.806068 -14.869364 1.000000
      vertex 11.908222 -14.951057 1.000000
      vertex 12.799110 -14.844042 1.000000
    endloop
  endfacet
  facet normal -0.000000 0.000000 -1.000000
    outer loop
      vertex 12.799110 -14.844042 1.000000
      vertex 11.908222 -14.951057 1.000000
      vertex 12.773377 -14.731287 1.000000
    endloop
  endfacet
  facet normal -0.000000 0.000000 -1.000000
    outer loop
      vertex 12.773377 -14.731287 1.000000
      vertex 11.874867 -14.784124 1.000000
      vertex 12.768564 -14.704748 1.000000
    endloop
  endfacet
  facet normal 0.000000 0.000000 -1.000000
    outer loop
      vertex 12.773377 -14.731287 1.000000
      vertex 11.908222 -14.951057 1.000000
      vertex 11.907769 -14.949003 1.000000
    endloop
  endfacet
  facet normal 0.000000 0.000000 -1.000000
    outer loop
      vertex 12.773377 -14.731287 1.000000
      vertex 11.907769 -14.949003 1.000000
      vertex 11.906451 -14.942835 1.000000
    endloop
  endfacet
  facet normal 0.000000 0.000000 -1.000000
    outer loop
      vertex 12.773377 -14.731287 1.000000
      vertex 11.906451 -14.942835 1.000000
      vertex 11.906027 -14.940777 1.000000
    endloop
  endfacet
  facet normal 0.000000 0.000000 -1.000000
    outer loop
      vertex 12.773377 -14.731287 1.000000
      vertex 11.906027 -14.940777 1.000000
      vertex 11.874867 -14.784124 1.000000
    endloop
  endfacet
  facet normal -0.000000 0.000000 -1.000000
    outer loop
      vertex 12.768564 -14.704748 1.000000
      vertex 11.874867 -14.784124 1.000000
      vertex 12.743662 -14.520645 1.000000
    endloop
  endfacet
  facet normal -0.000000 0.000000 -1.000000
    outer loop
      vertex 12.743662 -14.520645 1.000000
      vertex 11.838954 -14.523972 1.000000
      vertex 12.741258 -14.493910 1.000000
    endloop
  endfacet
  facet normal -0.000000 0.000000 -1.000000
    outer loop
      vertex 12.741258 -14.493910 1.000000
      vertex 11.838954 -14.523972 1.000000
      vertex 12.730225 -14.248562 1.000000
    endloop
  endfacet
  facet normal 0.000000 0.000000 -1.000000
    outer loop
      vertex 12.743662 -14.520645 1.000000
      vertex 11.874867 -14.784124 1.000000
      vertex 11.874032 -14.779558 1.000000
    endloop
  endfacet
  facet normal 0.000000 0.000000 -1.000000
    outer loop
      vertex 12.743662 -14.520645 1.000000
      vertex 11.874032 -14.779558 1.000000
      vertex 11.871739 -14.765823 1.000000
    endloop
  endfacet
  facet normal 0.000000 0.000000 -1.000000
    outer loop
      vertex 12.743662 -14.520645 1.000000
      vertex 11.871739 -14.765823 1.000000
      vertex 11.871046 -14.761232 1.000000
    endloop
  endfacet
  facet normal 0.000000 0.000000 -1.000000
    outer loop
      vertex 12.743662 -14.520645 1.000000
      vertex 11.871046 -14.761232 1.000000
      vertex 11.838954 -14.523972 1.000000
    endloop
  endfacet
  facet normal 0.000000 0.000000 -1.000000
    outer loop
      vertex 12.730225 -14.248562 1.000000
      vertex 11.838954 -14.523972 1.000000
      vertex 11.838203 -14.517303 1.000000
    endloop
  endfacet
  facet normal -0.000000 0.000000 -1.000000
    outer loop
      vertex 12.730225 -14.248562 1.000000
      vertex 11.825217 -14.251930 1.000000
      vertex 12.730225 -14.221596 1.000000
    endloop
  endfacet
  facet normal 0.000000 0.000000 -1.000000
    outer loop
      vertex 12.730225 -14.248562 1.000000
      vertex 11.838203 -14.517303 1.000000
      vertex 11.836400 -14.497253 1.000000
    endloop
  endfacet
  facet normal 0.000000 0.000000 -1.000000
    outer loop
      vertex 12.730225 -14.248562 1.000000
      vertex 11.836400 -14.497253 1.000000
      vertex 11.835949 -14.490557 1.000000
    endloop
  endfacet
  facet normal 0.000000 0.000000 -1.000000
    outer loop
      vertex 12.730225 -14.248562 1.000000
      vertex 11.835949 -14.490557 1.000000
      vertex 11.825217 -14.251930 1.000000
    endloop
  endfacet
  facet normal 0.000000 0.000000 -1.000000
    outer loop
      vertex 12.730225 -14.221596 1.000000
      vertex 11.825217 -14.251930 1.000000
      vertex 11.825067 -14.245190 1.000000
    endloop
  endfacet
  facet normal 0.000000 0.000000 -1.000000
    outer loop
      vertex 12.730225 -14.221596 1.000000
      vertex 11.825067 -14.245190 1.000000
      vertex 11.825067 -14.224968 1.000000
    endloop
  endfacet
  facet normal -0.000000 0.000000 -1.000000
    outer loop
      vertex 12.730225 -14.221596 1.000000
      vertex 11.825067 -14.224968 1.000000
      vertex 11.825218 -14.218229 1.000000
    endloop
  endfacet
  facet normal 0.000000 0.000000 -1.000000
    outer loop
      vertex 12.730225 -14.221596 1.000000
      vertex 11.835948 -13.979801 1.000000
      vertex 12.741257 -13.976450 1.000000
    endloop
  endfacet
  facet normal 0.000000 0.000000 -1.000000
    outer loop
      vertex 12.741257 -13.976450 1.000000
      vertex 11.871046 -13.709133 1.000000
      vertex 12.743661 -13.949724 1.000000
    endloop
  endfacet
  facet normal 0.000000 0.000000 -1.000000
    outer loop
      vertex 12.730225 -14.221596 1.000000
      vertex 11.825218 -14.218229 1.000000
      vertex 11.835948 -13.979801 1.000000
    endloop
  endfacet
  facet normal -0.000000 0.000000 -1.000000
    outer loop
      vertex 12.741257 -13.976450 1.000000
      vertex 11.835948 -13.979801 1.000000
      vertex 11.836400 -13.973108 1.000000
    endloop
  endfacet
  facet normal 0.000000 0.000000 -1.000000
    outer loop
      vertex 12.741257 -13.976450 1.000000
      vertex 11.836400 -13.973108 1.000000
      vertex 11.838202 -13.953066 1.000000
    endloop
  endfacet
  facet normal 0.000000 0.000000 -1.000000
    outer loop
      vertex 12.741257 -13.976450 1.000000
      vertex 11.838202 -13.953066 1.000000
      vertex 11.838953 -13.946400 1.000000
    endloop
  endfacet
  facet normal 0.000000 0.000000 -1.000000
    outer loop
      vertex 12.741257 -13.976450 1.000000
      vertex 11.838953 -13.946400 1.000000
      vertex 11.871046 -13.709133 1.000000
    endloop
  endfacet
  facet normal 0.000000 0.000000 -1.000000
    outer loop
      vertex 12.773377 -13.739079 1.000000
      vertex 11.906027 -13.529589 1.000000
      vertex 12.799119 -13.626287 1.000000
    endloop
  endfacet
  facet normal 0.000000 0.000000 -1.000000
    outer loop
      vertex 12.799119 -13.626287 1.000000
      vertex 11.962133 -13.283092 1.000000
      vertex 12.806054 -13.601036 1.000000
    endloop
  endfacet
  facet normal -0.000000 0.000000 -1.000000
    outer loop
      vertex 12.878062 -13.377550 1.000000
      vertex 12.806054 -13.601036 1.000000
      vertex 11.962133 -13.283092 1.000000
    endloop
  endfacet
  facet normal 0.000000 0.000000 -1.000000
    outer loop
      vertex 12.743661 -13.949724 1.000000
      vertex 11.871046 -13.709133 1.000000
      vertex 12.768564 -13.765617 1.000000
    endloop
  endfacet
  facet normal 0.000000 0.000000 -1.000000
    outer loop
      vertex 12.768564 -13.765617 1.000000
      vertex 11.906027 -13.529589 1.000000
      vertex 12.773377 -13.739079 1.000000
    endloop
  endfacet
  facet normal 0.000000 0.000000 -1.000000
    outer loop
      vertex 12.768564 -13.765617 1.000000
      vertex 11.871046 -13.709133 1.000000
      vertex 11.871739 -13.704544 1.000000
    endloop
  endfacet
  facet normal 0.000000 0.000000 -1.000000
    outer loop
      vertex 12.768564 -13.765617 1.000000
      vertex 11.871739 -13.704544 1.000000
      vertex 11.874032 -13.690807 1.000000
    endloop
  endfacet
  facet normal 0.000000 0.000000 -1.000000
    outer loop
      vertex 12.768564 -13.765617 1.000000
      vertex 11.874032 -13.690807 1.000000
      vertex 11.874867 -13.686241 1.000000
    endloop
  endfacet
  facet normal 0.000000 0.000000 -1.000000
    outer loop
      vertex 12.768564 -13.765617 1.000000
      vertex 11.874867 -13.686241 1.000000
      vertex 11.906027 -13.529589 1.000000
    endloop
  endfacet
  facet normal 0.000000 0.000000 -1.000000
    outer loop
      vertex 12.799119 -13.626287 1.000000
      vertex 11.908222 -13.519308 1.000000
      vertex 11.962133 -13.283092 1.000000
    endloop
  endfacet
  facet normal 0.000000 0.000000 -1.000000
    outer loop
      vertex 12.799119 -13.626287 1.000000
      vertex 11.906027 -13.529589 1.000000
      vertex 11.906451 -13.527531 1.000000
    endloop
  endfacet
  facet normal 0.000000 0.000000 -1.000000
    outer loop
      vertex 12.799119 -13.626287 1.000000
      vertex 11.906451 -13.527531 1.000000
      vertex 11.907769 -13.521362 1.000000
    endloop
  endfacet
  facet normal 0.000000 0.000000 -1.000000
    outer loop
      vertex 12.799119 -13.626287 1.000000
      vertex 11.907769 -13.521362 1.000000
      vertex 11.908222 -13.519308 1.000000
    endloop
  endfacet
  facet normal -0.081811 0.996648 0.000000
    outer loop
      vertex 18.174335 -12.097368 0.000000
      vertex 18.159673 -12.098572 1.000000
      vertex 18.174335 -12.097368 1.000000
    endloop
  endfacet
  facet normal -0.032656 0.999467 0.000000
    outer loop
      vertex 18.159673 -12.098572 0.000000
      vertex 18.149866 -12.098892 1.000000
      vertex 18.159673 -12.098572 1.000000
    endloop
  endfacet
  facet normal -0.016320 0.999867 0.000000
    outer loop
      vertex 18.149866 -12.098892 0.000000
      vertex 18.144958 -12.098972 1.000000
      vertex 18.149866 -12.098892 1.000000
    endloop
  endfacet
  facet normal 0.000000 1.000000 -0.000000
    outer loop
      vertex 18.144958 -12.098972 0.000000
      vertex 15.241327 -12.098972 1.000000
      vertex 18.144958 -12.098972 1.000000
    endloop
  endfacet
  facet normal 0.032655 0.999467 -0.000000
    outer loop
      vertex 15.241327 -12.098972 0.000000
      vertex 15.231520 -12.098652 1.000000
      vertex 15.241327 -12.098972 1.000000
    endloop
  endfacet
  facet normal 0.065421 0.997858 -0.000000
    outer loop
      vertex 15.231520 -12.098652 0.000000
      vertex 15.204609 -12.096888 1.000000
      vertex 15.231520 -12.098652 1.000000
    endloop
  endfacet
  facet normal 0.114351 0.993440 -0.000000
    outer loop
      vertex 15.204609 -12.096888 0.000000
      vertex 15.189994 -12.095205 1.000000
      vertex 15.204609 -12.096888 1.000000
    endloop
  endfacet
  facet normal 0.162901 0.986642 -0.000000
    outer loop
      vertex 15.189994 -12.095205 0.000000
      vertex 15.180313 -12.093607 1.000000
      vertex 15.189994 -12.095205 1.000000
    endloop
  endfacet
  facet normal 0.178749 0.983895 -0.000000
    outer loop
      vertex 15.180313 -12.093607 0.000000
      vertex 15.175484 -12.092730 1.000000
      vertex 15.180313 -12.093607 1.000000
    endloop
  endfacet
  facet normal 0.195091 0.980785 -0.000000
    outer loop
      vertex 15.175484 -12.092730 0.000000
      vertex 15.097018 -12.077122 1.000000
      vertex 15.175484 -12.092730 1.000000
    endloop
  endfacet
  facet normal -0.771256 -0.636525 0.000000
    outer loop
      vertex 18.231350 -10.481518 1.000000
      vertex 18.081747 -10.300249 1.000000
      vertex 18.081747 -10.300249 0.000000
    endloop
  endfacet
  facet normal -0.761678 -0.647956 0.000000
    outer loop
      vertex 18.078835 -10.296825 0.000000
      vertex 18.081747 -10.300249 1.000000
      vertex 18.078835 -10.296825 1.000000
    endloop
  endfacet
  facet normal -0.751777 -0.659418 0.000000
    outer loop
      vertex 18.073183 -10.290382 0.000000
      vertex 18.078835 -10.296825 1.000000
      vertex 18.073183 -10.290382 1.000000
    endloop
  endfacet
  facet normal -0.719582 -0.694407 0.000000
    outer loop
      vertex 18.063253 -10.280092 0.000000
      vertex 18.073183 -10.290382 1.000000
      vertex 18.063253 -10.280092 1.000000
    endloop
  endfacet
  facet normal -0.685601 -0.727977 0.000000
    outer loop
      vertex 18.043470 -10.261461 0.000000
      vertex 18.063253 -10.280092 1.000000
      vertex 18.043470 -10.261461 1.000000
    endloop
  endfacet
  facet normal -0.661427 -0.750009 0.000000
    outer loop
      vertex 18.036110 -10.254971 0.000000
      vertex 18.043470 -10.261461 1.000000
      vertex 18.036110 -10.254971 1.000000
    endloop
  endfacet
  facet normal -0.636521 -0.771260 0.000000
    outer loop
      vertex 17.856894 -10.107063 0.000000
      vertex 18.036110 -10.254971 1.000000
      vertex 17.856894 -10.107063 1.000000
    endloop
  endfacet
  facet normal -0.616920 -0.787026 0.000000
    outer loop
      vertex 17.850937 -10.102394 0.000000
      vertex 17.856894 -10.107063 1.000000
      vertex 17.850937 -10.102394 1.000000
    endloop
  endfacet
  facet normal -0.596812 -0.802381 0.000000
    outer loop
      vertex 17.832726 -10.088848 0.000000
      vertex 17.850937 -10.102394 1.000000
      vertex 17.832726 -10.088848 1.000000
    endloop
  endfacet
  facet normal -0.576406 -0.817163 0.000000
    outer loop
      vertex 17.826541 -10.084486 0.000000
      vertex 17.832726 -10.088848 1.000000
      vertex 17.826541 -10.084486 1.000000
    endloop
  endfacet
  facet normal -0.555565 -0.831473 0.000000
    outer loop
      vertex 17.709777 -10.006468 0.000000
      vertex 17.826541 -10.084486 1.000000
      vertex 17.709777 -10.006468 1.000000
    endloop
  endfacet
  facet normal -0.536503 -0.843898 0.000000
    outer loop
      vertex 17.703969 -10.002775 0.000000
      vertex 17.709777 -10.006468 1.000000
      vertex 17.703969 -10.002775 1.000000
    endloop
  endfacet
  facet normal -0.516835 -0.856085 0.000000
    outer loop
      vertex 17.686299 -9.992107 0.000000
      vertex 17.703969 -10.002775 1.000000
      vertex 17.686299 -9.992107 1.000000
    endloop
  endfacet
  facet normal -0.497004 -0.867748 0.000000
    outer loop
      vertex 17.680328 -9.988688 0.000000
      vertex 17.686299 -9.992107 1.000000
      vertex 17.680328 -9.988688 1.000000
    endloop
  endfacet
  facet normal -0.477026 -0.878889 0.000000
    outer loop
      vertex 17.471231 -9.875198 0.000000
      vertex 17.680328 -9.988688 1.000000
      vertex 17.471231 -9.875198 1.000000
    endloop
  endfacet
  facet normal -0.462646 -0.886543 0.000000
    outer loop
      vertex 17.466889 -9.872932 0.000000
      vertex 17.471231 -9.875198 1.000000
      vertex 17.466889 -9.872932 1.000000
    endloop
  endfacet
  facet normal -0.448110 -0.893978 0.000000
    outer loop
      vertex 17.458145 -9.868549 0.000000
      vertex 17.466889 -9.872932 1.000000
      vertex 17.458145 -9.868549 1.000000
    endloop
  endfacet
  facet normal -0.403754 -0.914868 0.000000
    outer loop
      vertex 17.444695 -9.862614 0.000000
      vertex 17.458145 -9.868549 1.000000
      vertex 17.444695 -9.862614 1.000000
    endloop
  endfacet
  facet normal -0.358303 -0.933606 0.000000
    outer loop
      vertex 17.419513 -9.852949 0.000000
      vertex 17.444695 -9.862614 1.000000
      vertex 17.419513 -9.852949 1.000000
    endloop
  endfacet
  facet normal -0.327706 -0.944780 0.000000
    outer loop
      vertex 17.410242 -9.849733 0.000000
      vertex 17.419513 -9.852949 1.000000
      vertex 17.410242 -9.849733 1.000000
    endloop
  endfacet
  facet normal -0.296532 -0.955023 0.000000
    outer loop
      vertex 17.183207 -9.779240 0.000000
      vertex 17.410242 -9.849733 1.000000
      vertex 17.183207 -9.779240 1.000000
    endloop
  endfacet
  facet normal -0.271382 -0.962472 0.000000
    outer loop
      vertex 17.175651 -9.777109 0.000000
      vertex 17.183207 -9.779240 1.000000
      vertex 17.175651 -9.777109 1.000000
    endloop
  endfacet
  facet normal -0.246179 -0.969224 0.000000
    outer loop
      vertex 17.152830 -9.771313 0.000000
      vertex 17.175651 -9.777109 1.000000
      vertex 17.152830 -9.771313 1.000000
    endloop
  endfacet
  facet normal -0.220826 -0.975313 0.000000
    outer loop
      vertex 17.145173 -9.769579 0.000000
      vertex 17.152830 -9.771313 1.000000
      vertex 17.145173 -9.769579 1.000000
    endloop
  endfacet
  facet normal -0.195083 -0.980787 0.000000
    outer loop
      vertex 17.008938 -9.742481 0.000000
      vertex 17.145173 -9.769579 1.000000
      vertex 17.008938 -9.742481 1.000000
    endloop
  endfacet
  facet normal -0.171464 -0.985190 0.000000
    outer loop
      vertex 17.001836 -9.741245 0.000000
      vertex 17.008938 -9.742481 1.000000
      vertex 17.001836 -9.741245 1.000000
    endloop
  endfacet
  facet normal -0.147783 -0.989020 0.000000
    outer loop
      vertex 16.980455 -9.738050 0.000000
      vertex 17.001836 -9.741245 1.000000
      vertex 16.980455 -9.738050 1.000000
    endloop
  endfacet
  facet normal -0.123839 -0.992302 0.000000
    outer loop
      vertex 16.973303 -9.737158 0.000000
      vertex 16.980455 -9.738050 1.000000
      vertex 16.973303 -9.737158 1.000000
    endloop
  endfacet
  facet normal -0.100052 -0.994982 0.000000
    outer loop
      vertex 16.724616 -9.712151 0.000000
      vertex 16.973303 -9.737158 1.000000
      vertex 16.724616 -9.712151 1.000000
    endloop
  endfacet
  facet normal -0.082750 -0.996570 0.000000
    outer loop
      vertex 16.719424 -9.711720 0.000000
      vertex 16.724616 -9.712151 1.000000
      vertex 16.719424 -9.711720 1.000000
    endloop
  endfacet
  facet normal -0.065326 -0.997864 0.000000
    outer loop
      vertex 16.708732 -9.711020 0.000000
      vertex 16.719424 -9.711720 1.000000
      vertex 16.708732 -9.711020 1.000000
    endloop
  endfacet
  facet normal -0.015374 -0.999882 0.000000
    outer loop
      vertex 16.693722 -9.710789 0.000000
      vertex 16.708732 -9.711020 1.000000
      vertex 16.693722 -9.710789 1.000000
    endloop
  endfacet
  facet normal 0.034637 -0.999400 0.000000
    outer loop
      vertex 16.666920 -9.711718 0.000000
      vertex 16.693722 -9.710789 1.000000
      vertex 16.666920 -9.711718 1.000000
    endloop
  endfacet
  facet normal 0.067448 -0.997723 0.000000
    outer loop
      vertex 16.657130 -9.712379 0.000000
      vertex 16.666920 -9.711718 1.000000
      vertex 16.657130 -9.712379 1.000000
    endloop
  endfacet
  facet normal 0.516845 -0.856079 0.000000
    outer loop
      vertex 15.679862 -10.002775 0.000000
      vertex 15.697532 -9.992107 1.000000
      vertex 15.679862 -10.002775 1.000000
    endloop
  endfacet
  facet normal 0.536472 -0.843918 0.000000
    outer loop
      vertex 15.674053 -10.006468 0.000000
      vertex 15.679862 -10.002775 1.000000
      vertex 15.674053 -10.006468 1.000000
    endloop
  endfacet
  facet normal 0.497004 -0.867748 0.000000
    outer loop
      vertex 15.697532 -9.992107 0.000000
      vertex 15.703503 -9.988688 1.000000
      vertex 15.697532 -9.992107 1.000000
    endloop
  endfacet
  facet normal 0.555565 -0.831473 0.000000
    outer loop
      vertex 15.557289 -10.084486 0.000000
      vertex 15.674053 -10.006468 1.000000
      vertex 15.557289 -10.084486 1.000000
    endloop
  endfacet
  facet normal 0.596822 -0.802374 0.000000
    outer loop
      vertex 15.532893 -10.102394 0.000000
      vertex 15.551105 -10.088848 1.000000
      vertex 15.532893 -10.102394 1.000000
    endloop
  endfacet
  facet normal 0.616920 -0.787026 0.000000
    outer loop
      vertex 15.526937 -10.107063 0.000000
      vertex 15.532893 -10.102394 1.000000
      vertex 15.526937 -10.107063 1.000000
    endloop
  endfacet
  facet normal 0.576376 -0.817184 0.000000
    outer loop
      vertex 15.551105 -10.088848 0.000000
      vertex 15.557289 -10.084486 1.000000
      vertex 15.551105 -10.088848 1.000000
    endloop
  endfacet
  facet normal 0.659436 -0.751761 0.000000
    outer loop
      vertex 15.335756 -10.265274 0.000000
      vertex 15.342295 -10.259539 1.000000
      vertex 15.335756 -10.265274 1.000000
    endloop
  endfacet
  facet normal 0.787390 -0.616455 0.000000
    outer loop
      vertex 15.147973 -10.487518 0.000000
      vertex 15.152613 -10.481592 1.000000
      vertex 15.147973 -10.487518 1.000000
    endloop
  endfacet
  facet normal 0.771612 -0.636094 0.000000
    outer loop
      vertex 15.152613 -10.481592 0.000000
      vertex 15.300350 -10.302380 1.000000
      vertex 15.152613 -10.481592 1.000000
    endloop
  endfacet
  facet normal 0.750442 -0.660937 0.000000
    outer loop
      vertex 15.300350 -10.302380 0.000000
      vertex 15.306836 -10.295015 1.000000
      vertex 15.300350 -10.302380 1.000000
    endloop
  endfacet
  facet normal 0.728342 -0.685214 0.000000
    outer loop
      vertex 15.306836 -10.295015 0.000000
      vertex 15.325442 -10.275238 1.000000
      vertex 15.306836 -10.295015 1.000000
    endloop
  endfacet
  facet normal 0.694799 -0.719204 0.000000
    outer loop
      vertex 15.325442 -10.275238 0.000000
      vertex 15.335756 -10.265274 1.000000
      vertex 15.325442 -10.275238 1.000000
    endloop
  endfacet
  facet normal 0.636521 -0.771260 0.000000
    outer loop
      vertex 15.345749 -10.256598 0.000000
      vertex 15.526937 -10.107063 1.000000
      vertex 15.345749 -10.256598 1.000000
    endloop
  endfacet
  facet normal 0.648295 -0.761389 0.000000
    outer loop
      vertex 15.342295 -10.259539 0.000000
      vertex 15.345749 -10.256598 1.000000
      vertex 15.342295 -10.259539 1.000000
    endloop
  endfacet
  facet normal 0.099981 -0.994989 0.000000
    outer loop
      vertex 16.410541 -9.737158 0.000000
      vertex 16.657130 -9.712379 1.000000
      vertex 16.410541 -9.737158 1.000000
    endloop
  endfacet
  facet normal 0.124010 -0.992281 0.000000
    outer loop
      vertex 16.403383 -9.738052 0.000000
      vertex 16.410541 -9.737158 1.000000
      vertex 16.403383 -9.738052 1.000000
    endloop
  endfacet
  facet normal 0.147680 -0.989035 0.000000
    outer loop
      vertex 16.381987 -9.741247 0.000000
      vertex 16.403383 -9.738052 1.000000
      vertex 16.381987 -9.741247 1.000000
    endloop
  endfacet
  facet normal 0.171330 -0.985214 0.000000
    outer loop
      vertex 16.374880 -9.742483 0.000000
      vertex 16.381987 -9.741247 1.000000
      vertex 16.374880 -9.742483 1.000000
    endloop
  endfacet
  facet normal 0.195088 -0.980786 0.000000
    outer loop
      vertex 16.238658 -9.769579 0.000000
      vertex 16.374880 -9.742483 1.000000
      vertex 16.238658 -9.769579 1.000000
    endloop
  endfacet
  facet normal 0.271382 -0.962472 0.000000
    outer loop
      vertex 16.200624 -9.779240 0.000000
      vertex 16.208179 -9.777109 1.000000
      vertex 16.200624 -9.779240 1.000000
    endloop
  endfacet
  facet normal 0.220813 -0.975316 0.000000
    outer loop
      vertex 16.231000 -9.771313 0.000000
      vertex 16.238658 -9.769579 1.000000
      vertex 16.231000 -9.771313 1.000000
    endloop
  endfacet
  facet normal 0.246179 -0.969224 0.000000
    outer loop
      vertex 16.208179 -9.777109 0.000000
      vertex 16.231000 -9.771313 1.000000
      vertex 16.208179 -9.777109 1.000000
    endloop
  endfacet
  facet normal 0.312311 -0.949980 0.000000
    outer loop
      vertex 15.966586 -9.851992 0.000000
      vertex 15.971239 -9.850462 1.000000
      vertex 15.966586 -9.851992 1.000000
    endloop
  endfacet
  facet normal 0.327613 -0.944812 0.000000
    outer loop
      vertex 15.957345 -9.855196 0.000000
      vertex 15.966586 -9.851992 1.000000
      vertex 15.957345 -9.855196 1.000000
    endloop
  endfacet
  facet normal 0.373403 -0.927669 0.000000
    outer loop
      vertex 15.943707 -9.860685 0.000000
      vertex 15.957345 -9.855196 1.000000
      vertex 15.943707 -9.860685 1.000000
    endloop
  endfacet
  facet normal 0.418547 -0.908195 0.000000
    outer loop
      vertex 15.919210 -9.871975 0.000000
      vertex 15.943707 -9.860685 1.000000
      vertex 15.919210 -9.871975 1.000000
    endloop
  endfacet
  facet normal 0.448030 -0.894019 0.000000
    outer loop
      vertex 15.910438 -9.876371 0.000000
      vertex 15.919210 -9.871975 1.000000
      vertex 15.910438 -9.876371 1.000000
    endloop
  endfacet
  facet normal 0.296528 -0.955024 0.000000
    outer loop
      vertex 15.971239 -9.850462 0.000000
      vertex 16.200624 -9.779240 1.000000
      vertex 15.971239 -9.850462 1.000000
    endloop
  endfacet
  facet normal 0.477026 -0.878889 0.000000
    outer loop
      vertex 15.703503 -9.988688 0.000000
      vertex 15.910438 -9.876371 1.000000
      vertex 15.703503 -9.988688 1.000000
    endloop
  endfacet
  facet normal -0.000000 0.000000 -1.000000
    outer loop
      vertex 18.620542 -11.691626 1.000000
      vertex 15.241327 -12.098972 1.000000
      vertex 18.621028 -11.689062 1.000000
    endloop
  endfacet
  facet normal -0.000000 0.000000 -1.000000
    outer loop
      vertex 18.621028 -11.689062 1.000000
      vertex 15.241327 -12.098972 1.000000
      vertex 18.621547 -11.686197 1.000000
    endloop
  endfacet
  facet normal -0.000000 0.000000 -1.000000
    outer loop
      vertex 18.621547 -11.686197 1.000000
      vertex 15.241327 -12.098972 1.000000
      vertex 18.623249 -11.673899 1.000000
    endloop
  endfacet
  facet normal -0.000000 0.000000 -1.000000
    outer loop
      vertex 18.623249 -11.673899 1.000000
      vertex 15.241327 -12.098972 1.000000
      vertex 18.625476 -11.650799 1.000000
    endloop
  endfacet
  facet normal -0.000000 0.000000 -1.000000
    outer loop
      vertex 18.625476 -11.650799 1.000000
      vertex 15.241327 -12.098972 1.000000
      vertex 18.626078 -11.631207 1.000000
    endloop
  endfacet
  facet normal -0.000000 0.000000 -1.000000
    outer loop
      vertex 18.626078 -11.631207 1.000000
      vertex 15.241327 -12.098972 1.000000
      vertex 18.625226 -11.606710 1.000000
    endloop
  endfacet
  facet normal -0.000000 0.000000 -1.000000
    outer loop
      vertex 18.625226 -11.606710 1.000000
      vertex 15.241327 -12.098972 1.000000
      vertex 18.624564 -11.596920 1.000000
    endloop
  endfacet
  facet normal -0.000000 0.000000 -1.000000
    outer loop
      vertex 18.624564 -11.596920 1.000000
      vertex 15.241327 -12.098972 1.000000
      vertex 18.601254 -11.365108 1.000000
    endloop
  endfacet
  facet normal -0.000000 0.000000 -1.000000
    outer loop
      vertex 18.601254 -11.365108 1.000000
      vertex 15.241327 -12.098972 1.000000
      vertex 18.600361 -11.357958 1.000000
    endloop
  endfacet
  facet normal -0.000000 0.000000 -1.000000
    outer loop
      vertex 18.600361 -11.357958 1.000000
      vertex 15.241327 -12.098972 1.000000
      vertex 18.597167 -11.336576 1.000000
    endloop
  endfacet
  facet normal -0.000000 0.000000 -1.000000
    outer loop
      vertex 18.597167 -11.336576 1.000000
      vertex 15.241327 -12.098972 1.000000
      vertex 18.595931 -11.329475 1.000000
    endloop
  endfacet
  facet normal -0.000000 0.000000 -1.000000
    outer loop
      vertex 18.595931 -11.329475 1.000000
      vertex 15.241327 -12.098972 1.000000
      vertex 18.568825 -11.193201 1.000000
    endloop
  endfacet
  facet normal -0.000000 0.000000 -1.000000
    outer loop
      vertex 18.568825 -11.193201 1.000000
      vertex 15.241327 -12.098972 1.000000
      vertex 18.567096 -11.185558 1.000000
    endloop
  endfacet
  facet normal -0.000000 0.000000 -1.000000
    outer loop
      vertex 18.567096 -11.185558 1.000000
      vertex 15.241327 -12.098972 1.000000
      vertex 18.561314 -11.162783 1.000000
    endloop
  endfacet
  facet normal -0.000000 0.000000 -1.000000
    outer loop
      vertex 18.561314 -11.162783 1.000000
      vertex 15.241327 -12.098972 1.000000
      vertex 18.559189 -11.155241 1.000000
    endloop
  endfacet
  facet normal -0.000000 0.000000 -1.000000
    outer loop
      vertex 18.559189 -11.155241 1.000000
      vertex 15.241327 -12.098972 1.000000
      vertex 18.487974 -10.925716 1.000000
    endloop
  endfacet
  facet normal 0.000000 0.000000 -1.000000
    outer loop
      vertex 18.620542 -11.691626 1.000000
      vertex 18.144958 -12.098972 1.000000
      vertex 15.241327 -12.098972 1.000000
    endloop
  endfacet
  facet normal -0.000000 0.000000 -1.000000
    outer loop
      vertex 18.487974 -10.925716 1.000000
      vertex 15.241327 -12.098972 1.000000
      vertex 18.486433 -10.921022 1.000000
    endloop
  endfacet
  facet normal -0.000000 0.000000 -1.000000
    outer loop
      vertex 18.486433 -10.921022 1.000000
      vertex 15.241327 -12.098972 1.000000
      vertex 18.483188 -10.911663 1.000000
    endloop
  endfacet
  facet normal -0.000000 0.000000 -1.000000
    outer loop
      vertex 18.483188 -10.911663 1.000000
      vertex 15.241327 -12.098972 1.000000
      vertex 18.477679 -10.897989 1.000000
    endloop
  endfacet
  facet normal -0.000000 0.000000 -1.000000
    outer loop
      vertex 18.477679 -10.897989 1.000000
      vertex 15.241327 -12.098972 1.000000
      vertex 18.466390 -10.873514 1.000000
    endloop
  endfacet
  facet normal -0.000000 0.000000 -1.000000
    outer loop
      vertex 18.466390 -10.873514 1.000000
      vertex 15.241327 -12.098972 1.000000
      vertex 18.461990 -10.864742 1.000000
    endloop
  endfacet
  facet normal -0.000000 0.000000 -1.000000
    outer loop
      vertex 18.461990 -10.864742 1.000000
      vertex 15.241327 -12.098972 1.000000
      vertex 18.349699 -10.658026 1.000000
    endloop
  endfacet
  facet normal -0.000000 0.000000 -1.000000
    outer loop
      vertex 18.349699 -10.658026 1.000000
      vertex 15.241327 -12.098972 1.000000
      vertex 18.346290 -10.652077 1.000000
    endloop
  endfacet
  facet normal -0.000000 0.000000 -1.000000
    outer loop
      vertex 18.346290 -10.652077 1.000000
      vertex 15.241327 -12.098972 1.000000
      vertex 18.335659 -10.634476 1.000000
    endloop
  endfacet
  facet normal -0.000000 0.000000 -1.000000
    outer loop
      vertex 18.335659 -10.634476 1.000000
      vertex 15.241327 -12.098972 1.000000
      vertex 18.331981 -10.628689 1.000000
    endloop
  endfacet
  facet normal 0.000000 0.000000 -1.000000
    outer loop
      vertex 15.241327 -12.098972 1.000000
      vertex 15.231520 -12.098652 1.000000
      vertex 16.973303 -9.737158 1.000000
    endloop
  endfacet
  facet normal 0.000000 0.000000 -1.000000
    outer loop
      vertex 15.231520 -12.098652 1.000000
      vertex 15.204609 -12.096888 1.000000
      vertex 16.973303 -9.737158 1.000000
    endloop
  endfacet
  facet normal 0.000000 0.000000 -1.000000
    outer loop
      vertex 15.204609 -12.096888 1.000000
      vertex 15.189994 -12.095205 1.000000
      vertex 16.973303 -9.737158 1.000000
    endloop
  endfacet
  facet normal 0.000000 0.000000 -1.000000
    outer loop
      vertex 15.189994 -12.095205 1.000000
      vertex 15.180313 -12.093607 1.000000
      vertex 16.973303 -9.737158 1.000000
    endloop
  endfacet
  facet normal 0.000000 0.000000 -1.000000
    outer loop
      vertex 15.180313 -12.093607 1.000000
      vertex 15.175484 -12.092730 1.000000
      vertex 16.973303 -9.737158 1.000000
    endloop
  endfacet
  facet normal 0.000000 0.000000 -1.000000
    outer loop
      vertex 15.175484 -12.092730 1.000000
      vertex 15.097018 -12.077122 1.000000
      vertex 16.973303 -9.737158 1.000000
    endloop
  endfacet
  facet normal 0.000000 0.000000 -1.000000
    outer loop
      vertex 16.973303 -9.737158 1.000000
      vertex 15.097018 -12.077122 1.000000
      vertex 15.087461 -12.074892 1.000000
    endloop
  endfacet
  facet normal 0.000000 0.000000 -1.000000
    outer loop
      vertex 16.973303 -9.737158 1.000000
      vertex 15.087461 -12.074892 1.000000
      vertex 15.063785 -12.068548 1.000000
    endloop
  endfacet
  facet normal 0.000000 0.000000 -1.000000
    outer loop
      vertex 16.973303 -9.737158 1.000000
      vertex 15.063785 -12.068548 1.000000
      vertex 15.045225 -12.062248 1.000000
    endloop
  endfacet
  facet normal 0.000000 0.000000 -1.000000
    outer loop
      vertex 16.973303 -9.737158 1.000000
      vertex 15.045225 -12.062248 1.000000
      vertex 15.027118 -12.054749 1.000000
    endloop
  endfacet
  facet normal 0.000000 0.000000 -1.000000
    outer loop
      vertex 16.973303 -9.737158 1.000000
      vertex 15.027118 -12.054749 1.000000
      vertex 15.009539 -12.046080 1.000000
    endloop
  endfacet
  facet normal 0.000000 0.000000 -1.000000
    outer loop
      vertex 16.973303 -9.737158 1.000000
      vertex 15.009539 -12.046080 1.000000
      vertex 14.988311 -12.033823 1.000000
    endloop
  endfacet
  facet normal 0.000000 0.000000 -1.000000
    outer loop
      vertex 16.973303 -9.737158 1.000000
      vertex 14.988311 -12.033823 1.000000
      vertex 14.979978 -12.028641 1.000000
    endloop
  endfacet
  facet normal 0.000000 0.000000 -1.000000
    outer loop
      vertex 16.973303 -9.737158 1.000000
      vertex 14.979978 -12.028641 1.000000
      vertex 14.940548 -12.002295 1.000000
    endloop
  endfacet
  facet normal 0.000000 0.000000 -1.000000
    outer loop
      vertex 16.973303 -9.737158 1.000000
      vertex 14.940548 -12.002295 1.000000
      vertex 14.932571 -11.996580 1.000000
    endloop
  endfacet
  facet normal 0.000000 0.000000 -1.000000
    outer loop
      vertex 16.973303 -9.737158 1.000000
      vertex 14.932571 -11.996580 1.000000
      vertex 14.913125 -11.981657 1.000000
    endloop
  endfacet
  facet normal 0.000000 0.000000 -1.000000
    outer loop
      vertex 16.973303 -9.737158 1.000000
      vertex 14.913125 -11.981657 1.000000
      vertex 14.898389 -11.968735 1.000000
    endloop
  endfacet
  facet normal 0.000000 0.000000 -1.000000
    outer loop
      vertex 16.973303 -9.737158 1.000000
      vertex 14.898389 -11.968735 1.000000
      vertex 14.884530 -11.954876 1.000000
    endloop
  endfacet
  facet normal 0.000000 0.000000 -1.000000
    outer loop
      vertex 16.973303 -9.737158 1.000000
      vertex 14.884530 -11.954876 1.000000
      vertex 14.871607 -11.940140 1.000000
    endloop
  endfacet
  facet normal 0.000000 0.000000 -1.000000
    outer loop
      vertex 16.973303 -9.737158 1.000000
      vertex 14.871607 -11.940140 1.000000
      vertex 14.853696 -11.916798 1.000000
    endloop
  endfacet
  facet normal 0.000000 0.000000 -1.000000
    outer loop
      vertex 16.973303 -9.737158 1.000000
      vertex 14.853696 -11.916798 1.000000
      vertex 14.831986 -11.890633 1.000000
    endloop
  endfacet
  facet normal 0.000000 0.000000 -1.000000
    outer loop
      vertex 16.973303 -9.737158 1.000000
      vertex 14.831986 -11.890633 1.000000
      vertex 14.803345 -11.863806 1.000000
    endloop
  endfacet
  facet normal 0.000000 0.000000 -1.000000
    outer loop
      vertex 16.973303 -9.737158 1.000000
      vertex 14.803345 -11.863806 1.000000
      vertex 14.771447 -11.840950 1.000000
    endloop
  endfacet
  facet normal 0.000000 0.000000 -1.000000
    outer loop
      vertex 16.973303 -9.737158 1.000000
      vertex 14.771447 -11.840950 1.000000
      vertex 14.736839 -11.822451 1.000000
    endloop
  endfacet
  facet normal 0.000000 0.000000 -1.000000
    outer loop
      vertex 16.973303 -9.737158 1.000000
      vertex 14.736839 -11.822451 1.000000
      vertex 14.700112 -11.808628 1.000000
    endloop
  endfacet
  facet normal 0.000000 0.000000 -1.000000
    outer loop
      vertex 16.973303 -9.737158 1.000000
      vertex 14.700112 -11.808628 1.000000
      vertex 14.661896 -11.799717 1.000000
    endloop
  endfacet
  facet normal 0.000000 0.000000 -1.000000
    outer loop
      vertex 16.973303 -9.737158 1.000000
      vertex 14.661896 -11.799717 1.000000
      vertex 14.622843 -11.795870 1.000000
    endloop
  endfacet
  facet normal 0.000000 0.000000 -1.000000
    outer loop
      vertex 16.973303 -9.737158 1.000000
      vertex 14.622843 -11.795870 1.000000
      vertex 14.583622 -11.797153 1.000000
    endloop
  endfacet
  facet normal 0.000000 0.000000 -1.000000
    outer loop
      vertex 16.973303 -9.737158 1.000000
      vertex 14.583622 -11.797153 1.000000
      vertex 14.544904 -11.803547 1.000000
    endloop
  endfacet
  facet normal 0.000000 0.000000 -1.000000
    outer loop
      vertex 16.657130 -9.712379 1.000000
      vertex 14.544904 -11.803547 1.000000
      vertex 14.521024 -11.810165 1.000000
    endloop
  endfacet
  facet normal 0.000000 0.000000 -1.000000
    outer loop
      vertex 16.657130 -9.712379 1.000000
      vertex 14.521024 -11.810165 1.000000
      vertex 14.409520 -11.846092 1.000000
    endloop
  endfacet
  facet normal 0.000000 0.000000 -1.000000
    outer loop
      vertex 16.657130 -9.712379 1.000000
      vertex 14.409520 -11.846092 1.000000
      vertex 14.384655 -11.855337 1.000000
    endloop
  endfacet
  facet normal -0.000000 0.000000 -1.000000
    outer loop
      vertex 18.331981 -10.628689 1.000000
      vertex 15.241327 -12.098972 1.000000
      vertex 18.253926 -10.511871 1.000000
    endloop
  endfacet
  facet normal -0.000000 0.000000 -1.000000
    outer loop
      vertex 18.253926 -10.511871 1.000000
      vertex 15.241327 -12.098972 1.000000
      vertex 18.249564 -10.505686 1.000000
    endloop
  endfacet
  facet normal -0.000000 0.000000 -1.000000
    outer loop
      vertex 18.249564 -10.505686 1.000000
      vertex 15.241327 -12.098972 1.000000
      vertex 18.236018 -10.487474 1.000000
    endloop
  endfacet
  facet normal -0.000000 0.000000 -1.000000
    outer loop
      vertex 18.236018 -10.487474 1.000000
      vertex 15.241327 -12.098972 1.000000
      vertex 18.231350 -10.481518 1.000000
    endloop
  endfacet
  facet normal -0.000000 0.000000 -1.000000
    outer loop
      vertex 18.231350 -10.481518 1.000000
      vertex 15.241327 -12.098972 1.000000
      vertex 18.081747 -10.300249 1.000000
    endloop
  endfacet
  facet normal 0.000000 0.000000 -1.000000
    outer loop
      vertex 15.241327 -12.098972 1.000000
      vertex 18.078835 -10.296825 1.000000
      vertex 18.081747 -10.300249 1.000000
    endloop
  endfacet
  facet normal 0.000000 0.000000 -1.000000
    outer loop
      vertex 15.241327 -12.098972 1.000000
      vertex 18.073183 -10.290382 1.000000
      vertex 18.078835 -10.296825 1.000000
    endloop
  endfacet
  facet normal 0.000000 0.000000 -1.000000
    outer loop
      vertex 15.241327 -12.098972 1.000000
      vertex 18.063253 -10.280092 1.000000
      vertex 18.073183 -10.290382 1.000000
    endloop
  endfacet
  facet normal 0.000000 0.000000 -1.000000
    outer loop
      vertex 15.241327 -12.098972 1.000000
      vertex 18.043470 -10.261461 1.000000
      vertex 18.063253 -10.280092 1.000000
    endloop
  endfacet
  facet normal 0.000000 0.000000 -1.000000
    outer loop
      vertex 15.241327 -12.098972 1.000000
      vertex 18.036110 -10.254971 1.000000
      vertex 18.043470 -10.261461 1.000000
    endloop
  endfacet
  facet normal 0.000000 0.000000 -1.000000
    outer loop
      vertex 15.241327 -12.098972 1.000000
      vertex 17.856894 -10.107063 1.000000
      vertex 18.036110 -10.254971 1.000000
    endloop
  endfacet
  facet normal 0.000000 0.000000 -1.000000
    outer loop
      vertex 15.241327 -12.098972 1.000000
      vertex 17.850937 -10.102394 1.000000
      vertex 17.856894 -10.107063 1.000000
    endloop
  endfacet
  facet normal 0.000000 0.000000 -1.000000
    outer loop
      vertex 15.241327 -12.098972 1.000000
      vertex 17.832726 -10.088848 1.000000
      vertex 17.850937 -10.102394 1.000000
    endloop
  endfacet
  facet normal 0.000000 0.000000 -1.000000
    outer loop
      vertex 15.241327 -12.098972 1.000000
      vertex 17.826541 -10.084486 1.000000
      vertex 17.832726 -10.088848 1.000000
    endloop
  endfacet
  facet normal 0.000000 0.000000 -1.000000
    outer loop
      vertex 15.241327 -12.098972 1.000000
      vertex 17.709777 -10.006468 1.000000
      vertex 17.826541 -10.084486 1.000000
    endloop
  endfacet
  facet normal 0.000000 0.000000 -1.000000
    outer loop
      vertex 15.241327 -12.098972 1.000000
      vertex 17.703969 -10.002775 1.000000
      vertex 17.709777 -10.006468 1.000000
    endloop
  endfacet
  facet normal 0.000000 0.000000 -1.000000
    outer loop
      vertex 15.241327 -12.098972 1.000000
      vertex 17.686299 -9.992107 1.000000
      vertex 17.703969 -10.002775 1.000000
    endloop
  endfacet
  facet normal 0.000000 0.000000 -1.000000
    outer loop
      vertex 15.241327 -12.098972 1.000000
      vertex 17.680328 -9.988688 1.000000
      vertex 17.686299 -9.992107 1.000000
    endloop
  endfacet
  facet normal 0.000000 0.000000 -1.000000
    outer loop
      vertex 15.241327 -12.098972 1.000000
      vertex 17.471231 -9.875198 1.000000
      vertex 17.680328 -9.988688 1.000000
    endloop
  endfacet
  facet normal 0.000000 0.000000 -1.000000
    outer loop
      vertex 15.241327 -12.098972 1.000000
      vertex 17.466889 -9.872932 1.000000
      vertex 17.471231 -9.875198 1.000000
    endloop
  endfacet
  facet normal 0.000000 0.000000 -1.000000
    outer loop
      vertex 15.241327 -12.098972 1.000000
      vertex 17.458145 -9.868549 1.000000
      vertex 17.466889 -9.872932 1.000000
    endloop
  endfacet
  facet normal 0.000000 0.000000 -1.000000
    outer loop
      vertex 15.241327 -12.098972 1.000000
      vertex 17.444695 -9.862614 1.000000
      vertex 17.458145 -9.868549 1.000000
    endloop
  endfacet
  facet normal 0.000000 0.000000 -1.000000
    outer loop
      vertex 15.241327 -12.098972 1.000000
      vertex 17.419513 -9.852949 1.000000
      vertex 17.444695 -9.862614 1.000000
    endloop
  endfacet
  facet normal 0.000000 0.000000 -1.000000
    outer loop
      vertex 15.241327 -12.098972 1.000000
      vertex 17.410242 -9.849733 1.000000
      vertex 17.419513 -9.852949 1.000000
    endloop
  endfacet
  facet normal 0.000000 0.000000 -1.000000
    outer loop
      vertex 15.241327 -12.098972 1.000000
      vertex 17.183207 -9.779240 1.000000
      vertex 17.410242 -9.849733 1.000000
    endloop
  endfacet
  facet normal 0.000000 0.000000 -1.000000
    outer loop
      vertex 15.241327 -12.098972 1.000000
      vertex 17.175651 -9.777109 1.000000
      vertex 17.183207 -9.779240 1.000000
    endloop
  endfacet
  facet normal 0.000000 0.000000 -1.000000
    outer loop
      vertex 15.241327 -12.098972 1.000000
      vertex 17.152830 -9.771313 1.000000
      vertex 17.175651 -9.777109 1.000000
    endloop
  endfacet
  facet normal 0.000000 0.000000 -1.000000
    outer loop
      vertex 15.241327 -12.098972 1.000000
      vertex 17.145173 -9.769579 1.000000
      vertex 17.152830 -9.771313 1.000000
    endloop
  endfacet
  facet normal 0.000000 0.000000 -1.000000
    outer loop
      vertex 15.241327 -12.098972 1.000000
      vertex 17.008938 -9.742481 1.000000
      vertex 17.145173 -9.769579 1.000000
    endloop
  endfacet
  facet normal 0.000000 0.000000 -1.000000
    outer loop
      vertex 15.241327 -12.098972 1.000000
      vertex 17.001836 -9.741245 1.000000
      vertex 17.008938 -9.742481 1.000000
    endloop
  endfacet
  facet normal 0.000000 0.000000 -1.000000
    outer loop
      vertex 15.241327 -12.098972 1.000000
      vertex 16.980455 -9.738050 1.000000
      vertex 17.001836 -9.741245 1.000000
    endloop
  endfacet
  facet normal 0.000000 0.000000 -1.000000
    outer loop
      vertex 15.241327 -12.098972 1.000000
      vertex 16.973303 -9.737158 1.000000
      vertex 16.980455 -9.738050 1.000000
    endloop
  endfacet
  facet normal -0.000000 0.000000 -1.000000
    outer loop
      vertex 16.973303 -9.737158 1.000000
      vertex 14.544904 -11.803547 1.000000
      vertex 16.724616 -9.712151 1.000000
    endloop
  endfacet
  facet normal -0.000000 0.000000 -1.000000
    outer loop
      vertex 16.724616 -9.712151 1.000000
      vertex 14.544904 -11.803547 1.000000
      vertex 16.719424 -9.711720 1.000000
    endloop
  endfacet
  facet normal -0.000000 0.000000 -1.000000
    outer loop
      vertex 16.719424 -9.711720 1.000000
      vertex 14.544904 -11.803547 1.000000
      vertex 16.708732 -9.711020 1.000000
    endloop
  endfacet
  facet normal -0.000000 0.000000 -1.000000
    outer loop
      vertex 16.708732 -9.711020 1.000000
      vertex 14.544904 -11.803547 1.000000
      vertex 16.693722 -9.710789 1.000000
    endloop
  endfacet
  facet normal 0.000000 0.000000 -1.000000
    outer loop
      vertex 16.693722 -9.710789 1.000000
      vertex 14.544904 -11.803547 1.000000
      vertex 16.666920 -9.711718 1.000000
    endloop
  endfacet
  facet normal 0.000000 0.000000 -1.000000
    outer loop
      vertex 16.666920 -9.711718 1.000000
      vertex 14.544904 -11.803547 1.000000
      vertex 16.657130 -9.712379 1.000000
    endloop
  endfacet
  facet normal 0.000000 -0.000000 -1.000000
    outer loop
      vertex 15.703503 -9.988688 1.000000
      vertex 15.910438 -9.876371 1.000000
      vertex 14.384655 -11.855337 1.000000
    endloop
  endfacet
  facet normal 0.000000 -0.000000 -1.000000
    outer loop
      vertex 15.526937 -10.107063 1.000000
      vertex 15.532893 -10.102394 1.000000
      vertex 14.384655 -11.855337 1.000000
    endloop
  endfacet
  facet normal 0.000000 0.000000 -1.000000
    outer loop
      vertex 15.551105 -10.088848 1.000000
      vertex 14.384655 -11.855337 1.000000
      vertex 15.532893 -10.102394 1.000000
    endloop
  endfacet
  facet normal 0.000000 -0.000000 -1.000000
    outer loop
      vertex 15.679862 -10.002775 1.000000
      vertex 15.697532 -9.992107 1.000000
      vertex 14.384655 -11.855337 1.000000
    endloop
  endfacet
  facet normal 0.000000 0.000000 -1.000000
    outer loop
      vertex 15.679862 -10.002775 1.000000
      vertex 14.384655 -11.855337 1.000000
      vertex 15.674053 -10.006468 1.000000
    endloop
  endfacet
  facet normal 0.000000 0.000000 -1.000000
    outer loop
      vertex 15.703503 -9.988688 1.000000
      vertex 14.384655 -11.855337 1.000000
      vertex 15.697532 -9.992107 1.000000
    endloop
  endfacet
  facet normal 0.000000 0.000000 -1.000000
    outer loop
      vertex 15.674053 -10.006468 1.000000
      vertex 14.384655 -11.855337 1.000000
      vertex 15.557289 -10.084486 1.000000
    endloop
  endfacet
  facet normal 0.000000 -0.000000 -1.000000
    outer loop
      vertex 15.551105 -10.088848 1.000000
      vertex 15.557289 -10.084486 1.000000
      vertex 14.384655 -11.855337 1.000000
    endloop
  endfacet
  facet normal 0.000000 0.000000 -1.000000
    outer loop
      vertex 16.657130 -9.712379 1.000000
      vertex 14.384655 -11.855337 1.000000
      vertex 16.410541 -9.737158 1.000000
    endloop
  endfacet
  facet normal 0.000000 0.000000 -1.000000
    outer loop
      vertex 16.381987 -9.741247 1.000000
      vertex 14.384655 -11.855337 1.000000
      vertex 16.374880 -9.742483 1.000000
    endloop
  endfacet
  facet normal 0.000000 0.000000 -1.000000
    outer loop
      vertex 16.410541 -9.737158 1.000000
      vertex 14.384655 -11.855337 1.000000
      vertex 16.403383 -9.738052 1.000000
    endloop
  endfacet
  facet normal 0.000000 0.000000 -1.000000
    outer loop
      vertex 16.403383 -9.738052 1.000000
      vertex 14.384655 -11.855337 1.000000
      vertex 16.381987 -9.741247 1.000000
    endloop
  endfacet
  facet normal 0.000000 0.000000 -1.000000
    outer loop
      vertex 16.374880 -9.742483 1.000000
      vertex 14.384655 -11.855337 1.000000
      vertex 16.238658 -9.769579 1.000000
    endloop
  endfacet
  facet normal 0.000000 0.000000 -1.000000
    outer loop
      vertex 16.238658 -9.769579 1.000000
      vertex 14.384655 -11.855337 1.000000
      vertex 16.231000 -9.771313 1.000000
    endloop
  endfacet
  facet normal 0.000000 0.000000 -1.000000
    outer loop
      vertex 16.208179 -9.777109 1.000000
      vertex 14.384655 -11.855337 1.000000
      vertex 16.200624 -9.779240 1.000000
    endloop
  endfacet
  facet normal 0.000000 -0.000000 -1.000000
    outer loop
      vertex 16.208179 -9.777109 1.000000
      vertex 16.231000 -9.771313 1.000000
      vertex 14.384655 -11.855337 1.000000
    endloop
  endfacet
  facet normal 0.000000 0.000000 -1.000000
    outer loop
      vertex 16.200624 -9.779240 1.000000
      vertex 14.384655 -11.855337 1.000000
      vertex 15.971239 -9.850462 1.000000
    endloop
  endfacet
  facet normal 0.000000 0.000000 -1.000000
    outer loop
      vertex 15.957345 -9.855196 1.000000
      vertex 14.384655 -11.855337 1.000000
      vertex 15.943707 -9.860685 1.000000
    endloop
  endfacet
  facet normal 0.000000 -0.000000 -1.000000
    outer loop
      vertex 15.966586 -9.851992 1.000000
      vertex 15.971239 -9.850462 1.000000
      vertex 14.384655 -11.855337 1.000000
    endloop
  endfacet
  facet normal 0.000000 0.000000 -1.000000
    outer loop
      vertex 15.966586 -9.851992 1.000000
      vertex 14.384655 -11.855337 1.000000
      vertex 15.957345 -9.855196 1.000000
    endloop
  endfacet
  facet normal 0.000000 -0.000000 -1.000000
    outer loop
      vertex 15.919210 -9.871975 1.000000
      vertex 15.943707 -9.860685 1.000000
      vertex 14.384655 -11.855337 1.000000
    endloop
  endfacet
  facet normal 0.000000 0.000000 -1.000000
    outer loop
      vertex 15.919210 -9.871975 1.000000
      vertex 14.384655 -11.855337 1.000000
      vertex 15.910438 -9.876371 1.000000
    endloop
  endfacet
  facet normal 0.000000 -0.000000 -1.000000
    outer loop
      vertex 15.152613 -10.481592 1.000000
      vertex 15.300350 -10.302380 1.000000
      vertex 15.020793 -10.682804 1.000000
    endloop
  endfacet
  facet normal -0.644576 0.764540 0.000000
    outer loop
      vertex 13.670682 -12.260660 0.000000
      vertex 13.651506 -12.276827 1.000000
      vertex 13.670682 -12.260660 1.000000
    endloop
  endfacet
  facet normal 0.227208 0.973846 -0.000000
    outer loop
      vertex 15.097018 -12.077122 0.000000
      vertex 15.087461 -12.074892 1.000000
      vertex 15.097018 -12.077122 1.000000
    endloop
  endfacet
  facet normal 0.258805 0.965929 -0.000000
    outer loop
      vertex 15.087461 -12.074892 0.000000
      vertex 15.063785 -12.068548 1.000000
      vertex 15.087461 -12.074892 1.000000
    endloop
  endfacet
  facet normal 0.321434 0.946932 -0.000000
    outer loop
      vertex 15.063785 -12.068548 0.000000
      vertex 15.045225 -12.062248 1.000000
      vertex 15.063785 -12.068548 1.000000
    endloop
  endfacet
  facet normal 0.382655 0.923891 -0.000000
    outer loop
      vertex 15.045225 -12.062248 0.000000
      vertex 15.027118 -12.054749 1.000000
      vertex 15.045225 -12.062248 1.000000
    endloop
  endfacet
  facet normal 0.442283 0.896876 -0.000000
    outer loop
      vertex 15.027118 -12.054749 0.000000
      vertex 15.009539 -12.046080 1.000000
      vertex 15.027118 -12.054749 1.000000
    endloop
  endfacet
  facet normal 0.500022 0.866013 -0.000000
    outer loop
      vertex 15.009539 -12.046080 0.000000
      vertex 14.988311 -12.033823 1.000000
      vertex 15.009539 -12.046080 1.000000
    endloop
  endfacet
  facet normal 0.528093 0.849186 -0.000000
    outer loop
      vertex 14.988311 -12.033823 0.000000
      vertex 14.979978 -12.028641 1.000000
      vertex 14.988311 -12.033823 1.000000
    endloop
  endfacet
  facet normal 0.555572 0.831468 -0.000000
    outer loop
      vertex 14.979978 -12.028641 0.000000
      vertex 14.940548 -12.002295 1.000000
      vertex 14.979978 -12.028641 1.000000
    endloop
  endfacet
  facet normal 0.582378 0.812918 -0.000000
    outer loop
      vertex 14.940548 -12.002295 0.000000
      vertex 14.932571 -11.996580 1.000000
      vertex 14.940548 -12.002295 1.000000
    endloop
  endfacet
  facet normal 0.608797 0.793326 -0.000000
    outer loop
      vertex 14.932571 -11.996580 0.000000
      vertex 14.913125 -11.981657 1.000000
      vertex 14.932571 -11.996580 1.000000
    endloop
  endfacet
  facet normal 0.659317 0.751865 -0.000000
    outer loop
      vertex 14.913125 -11.981657 0.000000
      vertex 14.898389 -11.968735 1.000000
      vertex 14.913125 -11.981657 1.000000
    endloop
  endfacet
  facet normal 0.707107 0.707107 -0.000000
    outer loop
      vertex 14.898389 -11.968735 0.000000
      vertex 14.884530 -11.954876 1.000000
      vertex 14.898389 -11.968735 1.000000
    endloop
  endfacet
  facet normal 0.751841 0.659345 -0.000000
    outer loop
      vertex 14.884530 -11.954876 0.000000
      vertex 14.871607 -11.940140 1.000000
      vertex 14.884530 -11.954876 1.000000
    endloop
  endfacet
  facet normal 0.793355 0.608759 -0.000000
    outer loop
      vertex 14.871607 -11.940140 0.000000
      vertex 14.853696 -11.916798 1.000000
      vertex 14.871607 -11.940140 1.000000
    endloop
  endfacet
  facet normal -0.613221 0.789912 0.000000
    outer loop
      vertex 14.853696 -11.916798 0.000000
      vertex 14.853551 -11.916910 1.000000
      vertex 14.853696 -11.916798 1.000000
    endloop
  endfacet
  facet normal 0.773024 0.634377 -0.000000
    outer loop
      vertex 14.853551 -11.916910 0.000000
      vertex 14.831986 -11.890633 1.000000
      vertex 14.853551 -11.916910 1.000000
    endloop
  endfacet
  facet normal 0.683606 0.729852 -0.000000
    outer loop
      vertex 14.831986 -11.890633 0.000000
      vertex 14.803345 -11.863806 1.000000
      vertex 14.831986 -11.890633 1.000000
    endloop
  endfacet
  facet normal 0.582449 0.812867 -0.000000
    outer loop
      vertex 14.803345 -11.863806 0.000000
      vertex 14.771447 -11.840950 1.000000
      vertex 14.803345 -11.863806 1.000000
    endloop
  endfacet
  facet normal 0.471418 0.881910 -0.000000
    outer loop
      vertex 14.771447 -11.840950 0.000000
      vertex 14.736839 -11.822451 1.000000
      vertex 14.771447 -11.840950 1.000000
    endloop
  endfacet
  facet normal 0.352239 0.935910 -0.000000
    outer loop
      vertex 14.736839 -11.822451 0.000000
      vertex 14.700112 -11.808628 1.000000
      vertex 14.736839 -11.822451 1.000000
    endloop
  endfacet
  facet normal 0.227083 0.973875 -0.000000
    outer loop
      vertex 14.700112 -11.808628 0.000000
      vertex 14.661896 -11.799717 1.000000
      vertex 14.700112 -11.808628 1.000000
    endloop
  endfacet
  facet normal 0.098036 0.995183 -0.000000
    outer loop
      vertex 14.661896 -11.799717 0.000000
      vertex 14.622843 -11.795870 1.000000
      vertex 14.661896 -11.799717 1.000000
    endloop
  endfacet
  facet normal -0.032711 0.999465 0.000000
    outer loop
      vertex 14.622843 -11.795870 0.000000
      vertex 14.583622 -11.797153 1.000000
      vertex 14.622843 -11.795870 1.000000
    endloop
  endfacet
  facet normal -0.162921 0.986639 0.000000
    outer loop
      vertex 14.583622 -11.797153 0.000000
      vertex 14.544904 -11.803547 1.000000
      vertex 14.583622 -11.797153 1.000000
    endloop
  endfacet
  facet normal -0.267088 0.963672 0.000000
    outer loop
      vertex 14.544904 -11.803547 0.000000
      vertex 14.521024 -11.810165 1.000000
      vertex 14.544904 -11.803547 1.000000
    endloop
  endfacet
  facet normal -0.306677 0.951814 0.000000
    outer loop
      vertex 14.521024 -11.810165 0.000000
      vertex 14.409520 -11.846092 1.000000
      vertex 14.521024 -11.810165 1.000000
    endloop
  endfacet
  facet normal -0.348494 0.937311 0.000000
    outer loop
      vertex 14.409520 -11.846092 0.000000
      vertex 14.384655 -11.855337 1.000000
      vertex 14.409520 -11.846092 1.000000
    endloop
  endfacet
  facet normal -0.429190 0.903214 0.000000
    outer loop
      vertex 14.170475 -11.945930 0.000000
      vertex 14.146921 -11.957123 1.000000
      vertex 14.170475 -11.945930 1.000000
    endloop
  endfacet
  facet normal -0.468074 0.883689 0.000000
    outer loop
      vertex 14.146921 -11.957123 0.000000
      vertex 13.942557 -12.065371 1.000000
      vertex 14.146921 -11.957123 1.000000
    endloop
  endfacet
  facet normal -0.389562 0.921000 0.000000
    outer loop
      vertex 14.384655 -11.855337 0.000000
      vertex 14.170475 -11.945930 1.000000
      vertex 14.384655 -11.855337 1.000000
    endloop
  endfacet
  facet normal -0.505382 0.862896 0.000000
    outer loop
      vertex 13.942557 -12.065371 0.000000
      vertex 13.920458 -12.078314 1.000000
      vertex 13.942557 -12.065371 1.000000
    endloop
  endfacet
  facet normal -0.541733 0.840551 0.000000
    outer loop
      vertex 13.920458 -12.078314 0.000000
      vertex 13.846667 -12.125872 1.000000
      vertex 13.920458 -12.078314 1.000000
    endloop
  endfacet
  facet normal -0.577446 0.816429 0.000000
    outer loop
      vertex 13.846667 -12.125872 0.000000
      vertex 13.825582 -12.140785 1.000000
      vertex 13.846667 -12.125872 1.000000
    endloop
  endfacet
  facet normal -0.612022 0.790841 0.000000
    outer loop
      vertex 13.825582 -12.140785 0.000000
      vertex 13.670682 -12.260660 1.000000
      vertex 13.825582 -12.140785 1.000000
    endloop
  endfacet
  facet normal 0.409501 -0.912310 0.000000
    outer loop
      vertex 13.821140 -11.111073 0.000000
      vertex 13.827089 -11.108402 1.000000
      vertex 13.821140 -11.111073 1.000000
    endloop
  endfacet
  facet normal 0.429237 -0.903192 0.000000
    outer loop
      vertex 13.803477 -11.119467 0.000000
      vertex 13.821140 -11.111073 1.000000
      vertex 13.803477 -11.119467 1.000000
    endloop
  endfacet
  facet normal 0.448734 -0.893665 0.000000
    outer loop
      vertex 13.797650 -11.122393 0.000000
      vertex 13.803477 -11.119467 1.000000
      vertex 13.797650 -11.122393 1.000000
    endloop
  endfacet
  facet normal 0.468070 -0.883691 0.000000
    outer loop
      vertex 13.598999 -11.227613 0.000000
      vertex 13.797650 -11.122393 1.000000
      vertex 13.598999 -11.227613 1.000000
    endloop
  endfacet
  facet normal -0.921000 0.389562 0.000000
    outer loop
      vertex 12.977900 -13.138506 0.000000
      vertex 12.887306 -13.352686 1.000000
      vertex 12.977900 -13.138506 1.000000
    endloop
  endfacet
  facet normal -0.903200 0.429219 0.000000
    outer loop
      vertex 12.989093 -13.114952 0.000000
      vertex 12.977900 -13.138506 1.000000
      vertex 12.989093 -13.114952 1.000000
    endloop
  endfacet
  facet normal -0.883692 0.468069 0.000000
    outer loop
      vertex 13.097340 -12.910587 0.000000
      vertex 12.989093 -13.114952 1.000000
      vertex 13.097340 -12.910587 1.000000
    endloop
  endfacet
  facet normal -0.816447 0.577421 0.000000
    outer loop
      vertex 13.172754 -12.793612 0.000000
      vertex 13.157842 -12.814697 1.000000
      vertex 13.172754 -12.793612 1.000000
    endloop
  endfacet
  facet normal -0.840549 0.541736 0.000000
    outer loop
      vertex 13.157842 -12.814697 0.000000
      vertex 13.110283 -12.888489 1.000000
      vertex 13.157842 -12.814697 1.000000
    endloop
  endfacet
  facet normal -0.862886 0.505398 0.000000
    outer loop
      vertex 13.110283 -12.888489 0.000000
      vertex 13.097340 -12.910587 1.000000
      vertex 13.110283 -12.888489 1.000000
    endloop
  endfacet
  facet normal -0.790841 0.612022 0.000000
    outer loop
      vertex 13.292629 -12.638712 0.000000
      vertex 13.172754 -12.793612 1.000000
      vertex 13.292629 -12.638712 1.000000
    endloop
  endfacet
  facet normal -0.764525 0.644595 0.000000
    outer loop
      vertex 13.308796 -12.619537 0.000000
      vertex 13.292629 -12.638712 1.000000
      vertex 13.308796 -12.619537 1.000000
    endloop
  endfacet
  facet normal -0.736952 0.675945 0.000000
    outer loop
      vertex 13.463997 -12.450329 0.000000
      vertex 13.308796 -12.619537 1.000000
      vertex 13.463997 -12.450329 1.000000
    endloop
  endfacet
  facet normal -0.707144 0.707070 0.000000
    outer loop
      vertex 13.482298 -12.432026 0.000000
      vertex 13.463997 -12.450329 1.000000
      vertex 13.482298 -12.432026 1.000000
    endloop
  endfacet
  facet normal -0.675941 0.736956 0.000000
    outer loop
      vertex 13.651506 -12.276827 0.000000
      vertex 13.482298 -12.432026 1.000000
      vertex 13.651506 -12.276827 1.000000
    endloop
  endfacet
  facet normal 0.903201 -0.429218 0.000000
    outer loop
      vertex 12.143042 -12.789171 0.000000
      vertex 12.151436 -12.771507 1.000000
      vertex 12.143042 -12.789171 1.000000
    endloop
  endfacet
  facet normal 0.912364 -0.409379 0.000000
    outer loop
      vertex 12.140372 -12.795120 0.000000
      vertex 12.143042 -12.789171 1.000000
      vertex 12.140372 -12.795120 1.000000
    endloop
  endfacet
  facet normal 0.893665 -0.448734 0.000000
    outer loop
      vertex 12.151436 -12.771507 0.000000
      vertex 12.154362 -12.765680 1.000000
      vertex 12.151436 -12.771507 1.000000
    endloop
  endfacet
  facet normal 0.883689 -0.468075 0.000000
    outer loop
      vertex 12.154362 -12.765680 0.000000
      vertex 12.259583 -12.567030 1.000000
      vertex 12.154362 -12.765680 1.000000
    endloop
  endfacet
  facet normal 0.873517 -0.486793 0.000000
    outer loop
      vertex 12.259583 -12.567030 0.000000
      vertex 12.262701 -12.561436 1.000000
      vertex 12.259583 -12.567030 1.000000
    endloop
  endfacet
  facet normal 0.862895 -0.505383 0.000000
    outer loop
      vertex 12.262701 -12.561436 0.000000
      vertex 12.272408 -12.544863 1.000000
      vertex 12.262701 -12.561436 1.000000
    endloop
  endfacet
  facet normal 0.851924 -0.523665 0.000000
    outer loop
      vertex 12.272408 -12.544863 0.000000
      vertex 12.275761 -12.539408 1.000000
      vertex 12.272408 -12.544863 1.000000
    endloop
  endfacet
  facet normal 0.840547 -0.541739 0.000000
    outer loop
      vertex 12.275761 -12.539408 0.000000
      vertex 12.404226 -12.340084 1.000000
      vertex 12.275761 -12.539408 1.000000
    endloop
  endfacet
  facet normal 0.838619 -0.544718 0.000000
    outer loop
      vertex 12.404226 -12.340084 0.000000
      vertex 12.404902 -12.339045 1.000000
      vertex 12.404226 -12.340084 1.000000
    endloop
  endfacet
  facet normal 0.833703 -0.552213 0.000000
    outer loop
      vertex 12.406945 -12.335932 0.000000
      vertex 12.407630 -12.334898 1.000000
      vertex 12.406945 -12.335932 1.000000
    endloop
  endfacet
  facet normal 0.835930 -0.548835 0.000000
    outer loop
      vertex 12.404902 -12.339045 0.000000
      vertex 12.406945 -12.335932 1.000000
      vertex 12.404902 -12.339045 1.000000
    endloop
  endfacet
  facet normal 0.831471 -0.555568 0.000000
    outer loop
      vertex 12.407630 -12.334898 0.000000
      vertex 12.496763 -12.201500 1.000000
      vertex 12.407630 -12.334898 1.000000
    endloop
  endfacet
  facet normal 0.675943 -0.736954 0.000000
    outer loop
      vertex 12.844640 -11.789795 0.000000
      vertex 13.009151 -11.638903 1.000000
      vertex 12.844640 -11.789795 1.000000
    endloop
  endfacet
  facet normal 0.545070 -0.838391 0.000000
    outer loop
      vertex 13.371016 -11.372932 0.000000
      vertex 13.372054 -11.372257 1.000000
      vertex 13.371016 -11.372932 1.000000
    endloop
  endfacet
  facet normal 0.548539 -0.836125 0.000000
    outer loop
      vertex 13.367902 -11.374975 0.000000
      vertex 13.371016 -11.372932 1.000000
      vertex 13.367902 -11.374975 1.000000
    endloop
  endfacet
  facet normal 0.552213 -0.833703 0.000000
    outer loop
      vertex 13.366868 -11.375660 0.000000
      vertex 13.367902 -11.374975 1.000000
      vertex 13.366868 -11.375660 1.000000
    endloop
  endfacet
  facet normal 0.555572 -0.831468 0.000000
    outer loop
      vertex 13.233470 -11.464794 0.000000
      vertex 13.366868 -11.375660 1.000000
      vertex 13.233470 -11.464794 1.000000
    endloop
  endfacet
  facet normal 0.505383 -0.862895 0.000000
    outer loop
      vertex 13.576833 -11.240438 0.000000
      vertex 13.593406 -11.230732 1.000000
      vertex 13.576833 -11.240438 1.000000
    endloop
  endfacet
  facet normal 0.523599 -0.851965 0.000000
    outer loop
      vertex 13.571377 -11.243792 0.000000
      vertex 13.576833 -11.240438 1.000000
      vertex 13.571377 -11.243792 1.000000
    endloop
  endfacet
  facet normal 0.541741 -0.840546 0.000000
    outer loop
      vertex 13.372054 -11.372257 0.000000
      vertex 13.571377 -11.243792 1.000000
      vertex 13.372054 -11.372257 1.000000
    endloop
  endfacet
  facet normal 0.486970 -0.873419 0.000000
    outer loop
      vertex 13.593406 -11.230732 0.000000
      vertex 13.598999 -11.227613 1.000000
      vertex 13.593406 -11.230732 1.000000
    endloop
  endfacet
  facet normal 0.612022 -0.790841 0.000000
    outer loop
      vertex 13.033119 -11.618696 0.000000
      vertex 13.212300 -11.480030 1.000000
      vertex 13.033119 -11.618696 1.000000
    endloop
  endfacet
  facet normal 0.584157 -0.811641 0.000000
    outer loop
      vertex 13.216481 -11.476910 0.000000
      vertex 13.229183 -11.467768 1.000000
      vertex 13.216481 -11.476910 1.000000
    endloop
  endfacet
  facet normal 0.569961 -0.821672 0.000000
    outer loop
      vertex 13.229183 -11.467768 0.000000
      vertex 13.233470 -11.464794 1.000000
      vertex 13.229183 -11.467768 1.000000
    endloop
  endfacet
  facet normal 0.598126 -0.801402 0.000000
    outer loop
      vertex 13.212300 -11.480030 0.000000
      vertex 13.216481 -11.476910 1.000000
      vertex 13.212300 -11.480030 1.000000
    endloop
  endfacet
  facet normal 0.628581 -0.777744 0.000000
    outer loop
      vertex 13.028241 -11.622639 0.000000
      vertex 13.033119 -11.618696 1.000000
      vertex 13.028241 -11.622639 1.000000
    endloop
  endfacet
  facet normal 0.644548 -0.764564 0.000000
    outer loop
      vertex 13.013861 -11.634762 0.000000
      vertex 13.028241 -11.622639 1.000000
      vertex 13.013861 -11.634762 1.000000
    endloop
  endfacet
  facet normal 0.660333 -0.750973 0.000000
    outer loop
      vertex 13.009151 -11.638903 0.000000
      vertex 13.013861 -11.634762 1.000000
      vertex 13.009151 -11.638903 1.000000
    endloop
  endfacet
  facet normal 0.821613 -0.570046 0.000000
    outer loop
      vertex 12.496763 -12.201500 0.000000
      vertex 12.499737 -12.197214 1.000000
      vertex 12.496763 -12.201500 1.000000
    endloop
  endfacet
  facet normal 0.811661 -0.584128 0.000000
    outer loop
      vertex 12.499737 -12.197214 0.000000
      vertex 12.508879 -12.184511 1.000000
      vertex 12.499737 -12.197214 1.000000
    endloop
  endfacet
  facet normal 0.801402 -0.598126 0.000000
    outer loop
      vertex 12.508879 -12.184511 0.000000
      vertex 12.511999 -12.180330 1.000000
      vertex 12.508879 -12.184511 1.000000
    endloop
  endfacet
  facet normal 0.790835 -0.612030 0.000000
    outer loop
      vertex 12.511999 -12.180330 0.000000
      vertex 12.650667 -12.001150 1.000000
      vertex 12.511999 -12.180330 1.000000
    endloop
  endfacet
  facet normal 0.777953 -0.628323 0.000000
    outer loop
      vertex 12.650667 -12.001150 0.000000
      vertex 12.654608 -11.996271 1.000000
      vertex 12.650667 -12.001150 1.000000
    endloop
  endfacet
  facet normal 0.764543 -0.644573 0.000000
    outer loop
      vertex 12.654608 -11.996271 0.000000
      vertex 12.666731 -11.981892 1.000000
      vertex 12.654608 -11.996271 1.000000
    endloop
  endfacet
  facet normal 0.750973 -0.660333 0.000000
    outer loop
      vertex 12.666731 -11.981892 0.000000
      vertex 12.670872 -11.977182 1.000000
      vertex 12.666731 -11.981892 1.000000
    endloop
  endfacet
  facet normal 0.707131 -0.707082 0.000000
    outer loop
      vertex 12.826241 -11.807997 0.000000
      vertex 12.839966 -11.794271 1.000000
      vertex 12.826241 -11.807997 1.000000
    endloop
  endfacet
  facet normal 0.691691 -0.722194 0.000000
    outer loop
      vertex 12.839966 -11.794271 0.000000
      vertex 12.844640 -11.789795 1.000000
      vertex 12.839966 -11.794271 1.000000
    endloop
  endfacet
  facet normal 0.722123 -0.691765 0.000000
    outer loop
      vertex 12.821765 -11.812670 0.000000
      vertex 12.826241 -11.807997 1.000000
      vertex 12.821765 -11.812670 1.000000
    endloop
  endfacet
  facet normal 0.736953 -0.675944 0.000000
    outer loop
      vertex 12.670872 -11.977182 0.000000
      vertex 12.821765 -11.812670 1.000000
      vertex 12.670872 -11.977182 1.000000
    endloop
  endfacet
  facet normal 0.198597 -0.980081 0.000000
    outer loop
      vertex 14.800667 -10.831020 0.000000
      vertex 14.839128 -10.823227 1.000000
      vertex 14.800667 -10.831020 1.000000
    endloop
  endfacet
  facet normal 0.324782 -0.945789 0.000000
    outer loop
      vertex 14.839128 -10.823227 0.000000
      vertex 14.876242 -10.810482 1.000000
      vertex 14.839128 -10.823227 1.000000
    endloop
  endfacet
  facet normal 0.662007 -0.749497 0.000000
    outer loop
      vertex 14.943926 -10.771084 0.000000
      vertex 14.973337 -10.745106 1.000000
      vertex 14.943926 -10.771084 1.000000
    endloop
  endfacet
  facet normal 0.833424 -0.552635 0.000000
    outer loop
      vertex 14.999106 -10.715509 0.000000
      vertex 15.020793 -10.682804 1.000000
      vertex 14.999106 -10.715509 1.000000
    endloop
  endfacet
  facet normal 0.873341 -0.487110 0.000000
    outer loop
      vertex 15.020793 -10.682804 0.000000
      vertex 15.024072 -10.676926 1.000000
      vertex 15.020793 -10.682804 1.000000
    endloop
  endfacet
  facet normal 0.754185 -0.656662 0.000000
    outer loop
      vertex 14.973337 -10.745106 0.000000
      vertex 14.999106 -10.715509 1.000000
      vertex 14.973337 -10.745106 1.000000
    endloop
  endfacet
  facet normal 0.843942 -0.536434 0.000000
    outer loop
      vertex 15.048379 -10.634476 0.000000
      vertex 15.052057 -10.628689 1.000000
      vertex 15.048379 -10.634476 1.000000
    endloop
  endfacet
  facet normal 0.831470 -0.555570 0.000000
    outer loop
      vertex 15.052057 -10.628689 0.000000
      vertex 15.130171 -10.511784 1.000000
      vertex 15.052057 -10.628689 1.000000
    endloop
  endfacet
  facet normal 0.855987 -0.516997 0.000000
    outer loop
      vertex 15.037748 -10.652077 0.000000
      vertex 15.048379 -10.634476 1.000000
      vertex 15.037748 -10.652077 1.000000
    endloop
  endfacet
  facet normal 0.878711 -0.477354 0.000000
    outer loop
      vertex 15.024072 -10.676926 0.000000
      vertex 15.034339 -10.658026 1.000000
      vertex 15.024072 -10.676926 1.000000
    endloop
  endfacet
  facet normal 0.867618 -0.497232 0.000000
    outer loop
      vertex 15.034339 -10.658026 0.000000
      vertex 15.037748 -10.652077 1.000000
      vertex 15.034339 -10.658026 1.000000
    endloop
  endfacet
  facet normal 0.558519 -0.829492 0.000000
    outer loop
      vertex 14.911375 -10.793001 0.000000
      vertex 14.943926 -10.771084 1.000000
      vertex 14.911375 -10.793001 1.000000
    endloop
  endfacet
  facet normal 0.445463 -0.895300 0.000000
    outer loop
      vertex 14.876242 -10.810482 0.000000
      vertex 14.911375 -10.793001 1.000000
      vertex 14.876242 -10.810482 1.000000
    endloop
  endfacet
  facet normal 0.179934 -0.983679 0.000000
    outer loop
      vertex 14.718211 -10.842897 0.000000
      vertex 14.722778 -10.842062 1.000000
      vertex 14.718211 -10.842897 1.000000
    endloop
  endfacet
  facet normal 0.134040 -0.990976 0.000000
    outer loop
      vertex 14.741103 -10.839077 0.000000
      vertex 14.800667 -10.831020 1.000000
      vertex 14.741103 -10.839077 1.000000
    endloop
  endfacet
  facet normal 0.149154 -0.988814 0.000000
    outer loop
      vertex 14.736513 -10.839769 0.000000
      vertex 14.741103 -10.839077 1.000000
      vertex 14.736513 -10.839769 1.000000
    endloop
  endfacet
  facet normal 0.164643 -0.986353 0.000000
    outer loop
      vertex 14.722778 -10.842062 0.000000
      vertex 14.736513 -10.839769 1.000000
      vertex 14.722778 -10.842062 1.000000
    endloop
  endfacet
  facet normal 0.195092 -0.980785 0.000000
    outer loop
      vertex 14.561559 -10.874058 0.000000
      vertex 14.718211 -10.842897 1.000000
      vertex 14.561559 -10.874058 1.000000
    endloop
  endfacet
  facet normal 0.215778 -0.976442 0.000000
    outer loop
      vertex 14.551278 -10.876253 0.000000
      vertex 14.553332 -10.875799 1.000000
      vertex 14.551278 -10.876253 1.000000
    endloop
  endfacet
  facet normal 0.201435 -0.979502 0.000000
    outer loop
      vertex 14.559500 -10.874481 0.000000
      vertex 14.561559 -10.874058 1.000000
      vertex 14.559500 -10.874481 1.000000
    endloop
  endfacet
  facet normal 0.208982 -0.977920 0.000000
    outer loop
      vertex 14.553332 -10.875799 0.000000
      vertex 14.559500 -10.874481 1.000000
      vertex 14.553332 -10.875799 1.000000
    endloop
  endfacet
  facet normal 0.222507 -0.974931 0.000000
    outer loop
      vertex 14.315062 -10.930164 0.000000
      vertex 14.551278 -10.876253 1.000000
      vertex 14.315062 -10.930164 1.000000
    endloop
  endfacet
  facet normal 0.817263 -0.576265 0.000000
    outer loop
      vertex 15.130171 -10.511784 0.000000
      vertex 15.134508 -10.505632 1.000000
      vertex 15.130171 -10.511784 1.000000
    endloop
  endfacet
  facet normal 0.802558 -0.596574 0.000000
    outer loop
      vertex 15.134508 -10.505632 0.000000
      vertex 15.147973 -10.487518 1.000000
      vertex 15.134508 -10.505632 1.000000
    endloop
  endfacet
  facet normal 0.243529 -0.969894 0.000000
    outer loop
      vertex 14.308711 -10.931759 0.000000
      vertex 14.315062 -10.930164 1.000000
      vertex 14.308711 -10.931759 1.000000
    endloop
  endfacet
  facet normal 0.264868 -0.964285 0.000000
    outer loop
      vertex 14.289775 -10.936960 0.000000
      vertex 14.308711 -10.931759 1.000000
      vertex 14.289775 -10.936960 1.000000
    endloop
  endfacet
  facet normal 0.285744 -0.958306 0.000000
    outer loop
      vertex 14.283500 -10.938831 0.000000
      vertex 14.289775 -10.936960 1.000000
      vertex 14.283500 -10.938831 1.000000
    endloop
  endfacet
  facet normal 0.306679 -0.951813 0.000000
    outer loop
      vertex 14.066289 -11.008818 0.000000
      vertex 14.283500 -10.938831 1.000000
      vertex 14.066289 -11.008818 1.000000
    endloop
  endfacet
  facet normal 0.327807 -0.944745 0.000000
    outer loop
      vertex 14.060022 -11.010992 0.000000
      vertex 14.066289 -11.008818 1.000000
      vertex 14.060022 -11.010992 1.000000
    endloop
  endfacet
  facet normal 0.348432 -0.937334 0.000000
    outer loop
      vertex 14.041376 -11.017923 0.000000
      vertex 14.060022 -11.010992 1.000000
      vertex 14.041376 -11.017923 1.000000
    endloop
  endfacet
  facet normal 0.368960 -0.929445 0.000000
    outer loop
      vertex 14.035212 -11.020370 0.000000
      vertex 14.041376 -11.017923 1.000000
      vertex 14.035212 -11.020370 1.000000
    endloop
  endfacet
  facet normal 0.389565 -0.920999 0.000000
    outer loop
      vertex 13.827089 -11.108402 0.000000
      vertex 14.035212 -11.020370 1.000000
      vertex 13.827089 -11.108402 1.000000
    endloop
  endfacet
  facet normal -0.000000 0.000000 -1.000000
    outer loop
      vertex 14.853696 -11.916798 1.000000
      vertex 14.853551 -11.916910 1.000000
      vertex 14.831986 -11.890633 1.000000
    endloop
  endfacet
  facet normal 0.000000 0.000000 -1.000000
    outer loop
      vertex 15.300350 -10.302380 1.000000
      vertex 14.170475 -11.945930 1.000000
      vertex 14.146921 -11.957123 1.000000
    endloop
  endfacet
  facet normal 0.000000 0.000000 -1.000000
    outer loop
      vertex 15.345749 -10.256598 1.000000
      vertex 14.384655 -11.855337 1.000000
      vertex 14.170475 -11.945930 1.000000
    endloop
  endfacet
  facet normal 0.000000 0.000000 -1.000000
    outer loop
      vertex 14.146921 -11.957123 1.000000
      vertex 14.943926 -10.771084 1.000000
      vertex 14.973337 -10.745106 1.000000
    endloop
  endfacet
  facet normal 0.000000 0.000000 -1.000000
    outer loop
      vertex 14.146921 -11.957123 1.000000
      vertex 14.973337 -10.745106 1.000000
      vertex 14.999106 -10.715509 1.000000
    endloop
  endfacet
  facet normal 0.000000 0.000000 -1.000000
    outer loop
      vertex 14.146921 -11.957123 1.000000
      vertex 14.876242 -10.810482 1.000000
      vertex 14.911375 -10.793001 1.000000
    endloop
  endfacet
  facet normal 0.000000 0.000000 -1.000000
    outer loop
      vertex 14.146921 -11.957123 1.000000
      vertex 14.911375 -10.793001 1.000000
      vertex 14.943926 -10.771084 1.000000
    endloop
  endfacet
  facet normal 0.000000 0.000000 -1.000000
    outer loop
      vertex 14.146921 -11.957123 1.000000
      vertex 14.839128 -10.823227 1.000000
      vertex 14.876242 -10.810482 1.000000
    endloop
  endfacet
  facet normal 0.000000 0.000000 -1.000000
    outer loop
      vertex 14.146921 -11.957123 1.000000
      vertex 14.800667 -10.831020 1.000000
      vertex 14.839128 -10.823227 1.000000
    endloop
  endfacet
  facet normal 0.000000 0.000000 -1.000000
    outer loop
      vertex 14.146921 -11.957123 1.000000
      vertex 14.559500 -10.874481 1.000000
      vertex 14.561559 -10.874058 1.000000
    endloop
  endfacet
  facet normal 0.000000 0.000000 -1.000000
    outer loop
      vertex 14.146921 -11.957123 1.000000
      vertex 14.551278 -10.876253 1.000000
      vertex 14.553332 -10.875799 1.000000
    endloop
  endfacet
  facet normal 0.000000 0.000000 -1.000000
    outer loop
      vertex 14.146921 -11.957123 1.000000
      vertex 14.553332 -10.875799 1.000000
      vertex 14.559500 -10.874481 1.000000
    endloop
  endfacet
  facet normal 0.000000 0.000000 -1.000000
    outer loop
      vertex 14.146921 -11.957123 1.000000
      vertex 14.741103 -10.839077 1.000000
      vertex 14.800667 -10.831020 1.000000
    endloop
  endfacet
  facet normal 0.000000 0.000000 -1.000000
    outer loop
      vertex 14.146921 -11.957123 1.000000
      vertex 14.736513 -10.839769 1.000000
      vertex 14.741103 -10.839077 1.000000
    endloop
  endfacet
  facet normal 0.000000 0.000000 -1.000000
    outer loop
      vertex 14.146921 -11.957123 1.000000
      vertex 14.722778 -10.842062 1.000000
      vertex 14.736513 -10.839769 1.000000
    endloop
  endfacet
  facet normal 0.000000 0.000000 -1.000000
    outer loop
      vertex 14.146921 -11.957123 1.000000
      vertex 14.718211 -10.842897 1.000000
      vertex 14.722778 -10.842062 1.000000
    endloop
  endfacet
  facet normal 0.000000 0.000000 -1.000000
    outer loop
      vertex 14.146921 -11.957123 1.000000
      vertex 14.561559 -10.874058 1.000000
      vertex 14.718211 -10.842897 1.000000
    endloop
  endfacet
  facet normal -0.000000 0.000000 -1.000000
    outer loop
      vertex 14.146921 -11.957123 1.000000
      vertex 13.942557 -12.065371 1.000000
      vertex 13.571377 -11.243792 1.000000
    endloop
  endfacet
  facet normal 0.000000 0.000000 -1.000000
    outer loop
      vertex 13.920458 -12.078314 1.000000
      vertex 13.571377 -11.243792 1.000000
      vertex 13.942557 -12.065371 1.000000
    endloop
  endfacet
  facet normal -0.000000 0.000000 -1.000000
    outer loop
      vertex 13.920458 -12.078314 1.000000
      vertex 13.846667 -12.125872 1.000000
      vertex 13.366868 -11.375660 1.000000
    endloop
  endfacet
  facet normal 0.000000 0.000000 -1.000000
    outer loop
      vertex 13.825582 -12.140785 1.000000
      vertex 13.366868 -11.375660 1.000000
      vertex 13.846667 -12.125872 1.000000
    endloop
  endfacet
  facet normal 0.000000 0.000000 -1.000000
    outer loop
      vertex 14.146921 -11.957123 1.000000
      vertex 14.315062 -10.930164 1.000000
      vertex 14.551278 -10.876253 1.000000
    endloop
  endfacet
  facet normal 0.000000 0.000000 -1.000000
    outer loop
      vertex 14.146921 -11.957123 1.000000
      vertex 14.289775 -10.936960 1.000000
      vertex 14.308711 -10.931759 1.000000
    endloop
  endfacet
  facet normal 0.000000 0.000000 -1.000000
    outer loop
      vertex 14.146921 -11.957123 1.000000
      vertex 14.308711 -10.931759 1.000000
      vertex 14.315062 -10.930164 1.000000
    endloop
  endfacet
  facet normal 0.000000 0.000000 -1.000000
    outer loop
      vertex 14.146921 -11.957123 1.000000
      vertex 14.283500 -10.938831 1.000000
      vertex 14.289775 -10.936960 1.000000
    endloop
  endfacet
  facet normal 0.000000 0.000000 -1.000000
    outer loop
      vertex 14.146921 -11.957123 1.000000
      vertex 14.066289 -11.008818 1.000000
      vertex 14.283500 -10.938831 1.000000
    endloop
  endfacet
  facet normal 0.000000 0.000000 -1.000000
    outer loop
      vertex 14.146921 -11.957123 1.000000
      vertex 14.035212 -11.020370 1.000000
      vertex 14.041376 -11.017923 1.000000
    endloop
  endfacet
  facet normal 0.000000 0.000000 -1.000000
    outer loop
      vertex 14.146921 -11.957123 1.000000
      vertex 14.060022 -11.010992 1.000000
      vertex 14.066289 -11.008818 1.000000
    endloop
  endfacet
  facet normal 0.000000 0.000000 -1.000000
    outer loop
      vertex 14.146921 -11.957123 1.000000
      vertex 14.041376 -11.017923 1.000000
      vertex 14.060022 -11.010992 1.000000
    endloop
  endfacet
  facet normal 0.000000 0.000000 -1.000000
    outer loop
      vertex 14.146921 -11.957123 1.000000
      vertex 13.803477 -11.119467 1.000000
      vertex 13.821140 -11.111073 1.000000
    endloop
  endfacet
  facet normal 0.000000 0.000000 -1.000000
    outer loop
      vertex 14.146921 -11.957123 1.000000
      vertex 13.797650 -11.122393 1.000000
      vertex 13.803477 -11.119467 1.000000
    endloop
  endfacet
  facet normal 0.000000 0.000000 -1.000000
    outer loop
      vertex 14.146921 -11.957123 1.000000
      vertex 13.821140 -11.111073 1.000000
      vertex 13.827089 -11.108402 1.000000
    endloop
  endfacet
  facet normal 0.000000 0.000000 -1.000000
    outer loop
      vertex 14.146921 -11.957123 1.000000
      vertex 13.598999 -11.227613 1.000000
      vertex 13.797650 -11.122393 1.000000
    endloop
  endfacet
  facet normal 0.000000 0.000000 -1.000000
    outer loop
      vertex 14.146921 -11.957123 1.000000
      vertex 13.593406 -11.230732 1.000000
      vertex 13.598999 -11.227613 1.000000
    endloop
  endfacet
  facet normal 0.000000 0.000000 -1.000000
    outer loop
      vertex 14.146921 -11.957123 1.000000
      vertex 13.576833 -11.240438 1.000000
      vertex 13.593406 -11.230732 1.000000
    endloop
  endfacet
  facet normal 0.000000 0.000000 -1.000000
    outer loop
      vertex 14.146921 -11.957123 1.000000
      vertex 13.571377 -11.243792 1.000000
      vertex 13.576833 -11.240438 1.000000
    endloop
  endfacet
  facet normal 0.000000 0.000000 -1.000000
    outer loop
      vertex 14.146921 -11.957123 1.000000
      vertex 13.827089 -11.108402 1.000000
      vertex 14.035212 -11.020370 1.000000
    endloop
  endfacet
  facet normal 0.000000 0.000000 -1.000000
    outer loop
      vertex 13.463997 -12.450329 1.000000
      vertex 12.821765 -11.812670 1.000000
      vertex 13.482298 -12.432026 1.000000
    endloop
  endfacet
  facet normal 0.000000 0.000000 -1.000000
    outer loop
      vertex 13.097340 -12.910587 1.000000
      vertex 12.404226 -12.340084 1.000000
      vertex 13.110283 -12.888489 1.000000
    endloop
  endfacet
  facet normal -0.000000 0.000000 -1.000000
    outer loop
      vertex 13.157842 -12.814697 1.000000
      vertex 13.110283 -12.888489 1.000000
      vertex 12.404226 -12.340084 1.000000
    endloop
  endfacet
  facet normal 0.000000 0.000000 -1.000000
    outer loop
      vertex 13.172754 -12.793612 1.000000
      vertex 12.496763 -12.201500 1.000000
      vertex 13.292629 -12.638712 1.000000
    endloop
  endfacet
  facet normal 0.000000 0.000000 -1.000000
    outer loop
      vertex 13.157842 -12.814697 1.000000
      vertex 12.496763 -12.201500 1.000000
      vertex 13.172754 -12.793612 1.000000
    endloop
  endfacet
  facet normal -0.000000 0.000000 -1.000000
    outer loop
      vertex 13.308796 -12.619537 1.000000
      vertex 13.292629 -12.638712 1.000000
      vertex 12.650667 -12.001150 1.000000
    endloop
  endfacet
  facet normal 0.000000 0.000000 -1.000000
    outer loop
      vertex 13.308796 -12.619537 1.000000
      vertex 12.650667 -12.001150 1.000000
      vertex 13.463997 -12.450329 1.000000
    endloop
  endfacet
  facet normal 0.000000 0.000000 -1.000000
    outer loop
      vertex 12.878062 -13.377550 1.000000
      vertex 12.040788 -13.034319 1.000000
      vertex 12.887306 -13.352686 1.000000
    endloop
  endfacet
  facet normal 0.000000 0.000000 -1.000000
    outer loop
      vertex 12.887306 -13.352686 1.000000
      vertex 12.140372 -12.795120 1.000000
      vertex 12.977900 -13.138506 1.000000
    endloop
  endfacet
  facet normal 0.000000 0.000000 -1.000000
    outer loop
      vertex 12.977900 -13.138506 1.000000
      vertex 12.154362 -12.765680 1.000000
      vertex 12.989093 -13.114952 1.000000
    endloop
  endfacet
  facet normal 0.000000 0.000000 -1.000000
    outer loop
      vertex 12.989093 -13.114952 1.000000
      vertex 12.259583 -12.567030 1.000000
      vertex 13.097340 -12.910587 1.000000
    endloop
  endfacet
  facet normal 0.000000 0.000000 -1.000000
    outer loop
      vertex 12.887306 -13.352686 1.000000
      vertex 12.049893 -13.009405 1.000000
      vertex 12.052341 -13.003242 1.000000
    endloop
  endfacet
  facet normal 0.000000 0.000000 -1.000000
    outer loop
      vertex 12.887306 -13.352686 1.000000
      vertex 12.040788 -13.034319 1.000000
      vertex 12.042961 -13.028053 1.000000
    endloop
  endfacet
  facet normal 0.000000 0.000000 -1.000000
    outer loop
      vertex 12.887306 -13.352686 1.000000
      vertex 12.042961 -13.028053 1.000000
      vertex 12.049893 -13.009405 1.000000
    endloop
  endfacet
  facet normal 0.000000 0.000000 -1.000000
    outer loop
      vertex 12.887306 -13.352686 1.000000
      vertex 12.052341 -13.003242 1.000000
      vertex 12.140372 -12.795120 1.000000
    endloop
  endfacet
  facet normal 0.000000 0.000000 -1.000000
    outer loop
      vertex 12.878062 -13.377550 1.000000
      vertex 11.962133 -13.283092 1.000000
      vertex 11.963729 -13.276741 1.000000
    endloop
  endfacet
  facet normal 0.000000 0.000000 -1.000000
    outer loop
      vertex 12.878062 -13.377550 1.000000
      vertex 11.963729 -13.276741 1.000000
      vertex 11.968930 -13.257805 1.000000
    endloop
  endfacet
  facet normal 0.000000 0.000000 -1.000000
    outer loop
      vertex 12.878062 -13.377550 1.000000
      vertex 11.968930 -13.257805 1.000000
      vertex 11.970801 -13.251530 1.000000
    endloop
  endfacet
  facet normal 0.000000 0.000000 -1.000000
    outer loop
      vertex 12.878062 -13.377550 1.000000
      vertex 11.970801 -13.251530 1.000000
      vertex 12.040788 -13.034319 1.000000
    endloop
  endfacet
  facet normal 0.000000 0.000000 -1.000000
    outer loop
      vertex 12.977900 -13.138506 1.000000
      vertex 12.143042 -12.789171 1.000000
      vertex 12.151436 -12.771507 1.000000
    endloop
  endfacet
  facet normal 0.000000 0.000000 -1.000000
    outer loop
      vertex 12.977900 -13.138506 1.000000
      vertex 12.140372 -12.795120 1.000000
      vertex 12.143042 -12.789171 1.000000
    endloop
  endfacet
  facet normal 0.000000 0.000000 -1.000000
    outer loop
      vertex 12.977900 -13.138506 1.000000
      vertex 12.151436 -12.771507 1.000000
      vertex 12.154362 -12.765680 1.000000
    endloop
  endfacet
  facet normal 0.000000 0.000000 -1.000000
    outer loop
      vertex 12.989093 -13.114952 1.000000
      vertex 12.154362 -12.765680 1.000000
      vertex 12.259583 -12.567030 1.000000
    endloop
  endfacet
  facet normal 0.000000 0.000000 -1.000000
    outer loop
      vertex 13.097340 -12.910587 1.000000
      vertex 12.262701 -12.561436 1.000000
      vertex 12.272408 -12.544863 1.000000
    endloop
  endfacet
  facet normal 0.000000 0.000000 -1.000000
    outer loop
      vertex 13.097340 -12.910587 1.000000
      vertex 12.259583 -12.567030 1.000000
      vertex 12.262701 -12.561436 1.000000
    endloop
  endfacet
  facet normal 0.000000 0.000000 -1.000000
    outer loop
      vertex 13.097340 -12.910587 1.000000
      vertex 12.272408 -12.544863 1.000000
      vertex 12.275761 -12.539408 1.000000
    endloop
  endfacet
  facet normal 0.000000 0.000000 -1.000000
    outer loop
      vertex 13.097340 -12.910587 1.000000
      vertex 12.275761 -12.539408 1.000000
      vertex 12.404226 -12.340084 1.000000
    endloop
  endfacet
  facet normal 0.000000 0.000000 -1.000000
    outer loop
      vertex 13.157842 -12.814697 1.000000
      vertex 12.404226 -12.340084 1.000000
      vertex 12.404902 -12.339045 1.000000
    endloop
  endfacet
  facet normal 0.000000 0.000000 -1.000000
    outer loop
      vertex 13.157842 -12.814697 1.000000
      vertex 12.404902 -12.339045 1.000000
      vertex 12.406945 -12.335932 1.000000
    endloop
  endfacet
  facet normal 0.000000 0.000000 -1.000000
    outer loop
      vertex 13.157842 -12.814697 1.000000
      vertex 12.406945 -12.335932 1.000000
      vertex 12.407630 -12.334898 1.000000
    endloop
  endfacet
  facet normal 0.000000 0.000000 -1.000000
    outer loop
      vertex 13.157842 -12.814697 1.000000
      vertex 12.407630 -12.334898 1.000000
      vertex 12.496763 -12.201500 1.000000
    endloop
  endfacet
  facet normal 0.000000 0.000000 -1.000000
    outer loop
      vertex 13.292629 -12.638712 1.000000
      vertex 12.496763 -12.201500 1.000000
      vertex 12.499737 -12.197214 1.000000
    endloop
  endfacet
  facet normal 0.000000 0.000000 -1.000000
    outer loop
      vertex 13.292629 -12.638712 1.000000
      vertex 12.511999 -12.180330 1.000000
      vertex 12.650667 -12.001150 1.000000
    endloop
  endfacet
  facet normal 0.000000 0.000000 -1.000000
    outer loop
      vertex 13.292629 -12.638712 1.000000
      vertex 12.499737 -12.197214 1.000000
      vertex 12.508879 -12.184511 1.000000
    endloop
  endfacet
  facet normal 0.000000 0.000000 -1.000000
    outer loop
      vertex 13.292629 -12.638712 1.000000
      vertex 12.508879 -12.184511 1.000000
      vertex 12.511999 -12.180330 1.000000
    endloop
  endfacet
  facet normal 0.000000 0.000000 -1.000000
    outer loop
      vertex 13.670682 -12.260660 1.000000
      vertex 13.212300 -11.480030 1.000000
      vertex 13.825582 -12.140785 1.000000
    endloop
  endfacet
  facet normal 0.000000 0.000000 -1.000000
    outer loop
      vertex 13.651506 -12.276827 1.000000
      vertex 13.212300 -11.480030 1.000000
      vertex 13.670682 -12.260660 1.000000
    endloop
  endfacet
  facet normal -0.000000 0.000000 -1.000000
    outer loop
      vertex 13.651506 -12.276827 1.000000
      vertex 13.482298 -12.432026 1.000000
      vertex 13.009151 -11.638903 1.000000
    endloop
  endfacet
  facet normal 0.000000 0.000000 -1.000000
    outer loop
      vertex 13.825582 -12.140785 1.000000
      vertex 13.233470 -11.464794 1.000000
      vertex 13.366868 -11.375660 1.000000
    endloop
  endfacet
  facet normal 0.000000 0.000000 -1.000000
    outer loop
      vertex 13.651506 -12.276827 1.000000
      vertex 13.033119 -11.618696 1.000000
      vertex 13.212300 -11.480030 1.000000
    endloop
  endfacet
  facet normal 0.000000 0.000000 -1.000000
    outer loop
      vertex 13.825582 -12.140785 1.000000
      vertex 13.229183 -11.467768 1.000000
      vertex 13.233470 -11.464794 1.000000
    endloop
  endfacet
  facet normal 0.000000 0.000000 -1.000000
    outer loop
      vertex 13.825582 -12.140785 1.000000
      vertex 13.216481 -11.476910 1.000000
      vertex 13.229183 -11.467768 1.000000
    endloop
  endfacet
  facet normal 0.000000 0.000000 -1.000000
    outer loop
      vertex 13.825582 -12.140785 1.000000
      vertex 13.212300 -11.480030 1.000000
      vertex 13.216481 -11.476910 1.000000
    endloop
  endfacet
  facet normal 0.000000 0.000000 -1.000000
    outer loop
      vertex 13.482298 -12.432026 1.000000
      vertex 12.844640 -11.789795 1.000000
      vertex 13.009151 -11.638903 1.000000
    endloop
  endfacet
  facet normal 0.000000 0.000000 -1.000000
    outer loop
      vertex 13.463997 -12.450329 1.000000
      vertex 12.670872 -11.977182 1.000000
      vertex 12.821765 -11.812670 1.000000
    endloop
  endfacet
  facet normal 0.000000 0.000000 -1.000000
    outer loop
      vertex 13.463997 -12.450329 1.000000
      vertex 12.650667 -12.001150 1.000000
      vertex 12.654608 -11.996271 1.000000
    endloop
  endfacet
  facet normal 0.000000 0.000000 -1.000000
    outer loop
      vertex 13.463997 -12.450329 1.000000
      vertex 12.654608 -11.996271 1.000000
      vertex 12.666731 -11.981892 1.000000
    endloop
  endfacet
  facet normal 0.000000 0.000000 -1.000000
    outer loop
      vertex 13.463997 -12.450329 1.000000
      vertex 12.666731 -11.981892 1.000000
      vertex 12.670872 -11.977182 1.000000
    endloop
  endfacet
  facet normal 0.000000 0.000000 -1.000000
    outer loop
      vertex 13.482298 -12.432026 1.000000
      vertex 12.826241 -11.807997 1.000000
      vertex 12.839966 -11.794271 1.000000
    endloop
  endfacet
  facet normal 0.000000 0.000000 -1.000000
    outer loop
      vertex 13.482298 -12.432026 1.000000
      vertex 12.821765 -11.812670 1.000000
      vertex 12.826241 -11.807997 1.000000
    endloop
  endfacet
  facet normal 0.000000 0.000000 -1.000000
    outer loop
      vertex 13.482298 -12.432026 1.000000
      vertex 12.839966 -11.794271 1.000000
      vertex 12.844640 -11.789795 1.000000
    endloop
  endfacet
  facet normal 0.000000 0.000000 -1.000000
    outer loop
      vertex 13.651506 -12.276827 1.000000
      vertex 13.009151 -11.638903 1.000000
      vertex 13.013861 -11.634762 1.000000
    endloop
  endfacet
  facet normal 0.000000 0.000000 -1.000000
    outer loop
      vertex 13.651506 -12.276827 1.000000
      vertex 13.013861 -11.634762 1.000000
      vertex 13.028241 -11.622639 1.000000
    endloop
  endfacet
  facet normal 0.000000 0.000000 -1.000000
    outer loop
      vertex 13.651506 -12.276827 1.000000
      vertex 13.028241 -11.622639 1.000000
      vertex 13.033119 -11.618696 1.000000
    endloop
  endfacet
  facet normal 0.000000 0.000000 -1.000000
    outer loop
      vertex 13.920458 -12.078314 1.000000
      vertex 13.367902 -11.374975 1.000000
      vertex 13.371016 -11.372932 1.000000
    endloop
  endfacet
  facet normal 0.000000 0.000000 -1.000000
    outer loop
      vertex 13.920458 -12.078314 1.000000
      vertex 13.371016 -11.372932 1.000000
      vertex 13.372054 -11.372257 1.000000
    endloop
  endfacet
  facet normal 0.000000 0.000000 -1.000000
    outer loop
      vertex 13.920458 -12.078314 1.000000
      vertex 13.366868 -11.375660 1.000000
      vertex 13.367902 -11.374975 1.000000
    endloop
  endfacet
  facet normal 0.000000 0.000000 -1.000000
    outer loop
      vertex 13.920458 -12.078314 1.000000
      vertex 13.372054 -11.372257 1.000000
      vertex 13.571377 -11.243792 1.000000
    endloop
  endfacet
  facet normal 0.000000 -0.000000 -1.000000
    outer loop
      vertex 15.342295 -10.259539 1.000000
      vertex 15.345749 -10.256598 1.000000
      vertex 14.170475 -11.945930 1.000000
    endloop
  endfacet
  facet normal 0.000000 0.000000 -1.000000
    outer loop
      vertex 15.300350 -10.302380 1.000000
      vertex 14.146921 -11.957123 1.000000
      vertex 14.999106 -10.715509 1.000000
    endloop
  endfacet
  facet normal 0.000000 0.000000 -1.000000
    outer loop
      vertex 15.306836 -10.295015 1.000000
      vertex 14.170475 -11.945930 1.000000
      vertex 15.300350 -10.302380 1.000000
    endloop
  endfacet
  facet normal 0.000000 -0.000000 -1.000000
    outer loop
      vertex 15.335756 -10.265274 1.000000
      vertex 15.342295 -10.259539 1.000000
      vertex 14.170475 -11.945930 1.000000
    endloop
  endfacet
  facet normal 0.000000 -0.000000 -1.000000
    outer loop
      vertex 15.306836 -10.295015 1.000000
      vertex 15.325442 -10.275238 1.000000
      vertex 14.170475 -11.945930 1.000000
    endloop
  endfacet
  facet normal 0.000000 0.000000 -1.000000
    outer loop
      vertex 15.335756 -10.265274 1.000000
      vertex 14.170475 -11.945930 1.000000
      vertex 15.325442 -10.275238 1.000000
    endloop
  endfacet
  facet normal 0.000000 0.000000 -1.000000
    outer loop
      vertex 15.526937 -10.107063 1.000000
      vertex 14.384655 -11.855337 1.000000
      vertex 15.345749 -10.256598 1.000000
    endloop
  endfacet
  facet normal 0.000000 0.000000 -1.000000
    outer loop
      vertex 15.152613 -10.481592 1.000000
      vertex 15.020793 -10.682804 1.000000
      vertex 15.024072 -10.676926 1.000000
    endloop
  endfacet
  facet normal 0.000000 0.000000 -1.000000
    outer loop
      vertex 15.300350 -10.302380 1.000000
      vertex 14.999106 -10.715509 1.000000
      vertex 15.020793 -10.682804 1.000000
    endloop
  endfacet
  facet normal 0.000000 0.000000 -1.000000
    outer loop
      vertex 15.147973 -10.487518 1.000000
      vertex 15.037748 -10.652077 1.000000
      vertex 15.134508 -10.505632 1.000000
    endloop
  endfacet
  facet normal 0.000000 -0.000000 -1.000000
    outer loop
      vertex 15.147973 -10.487518 1.000000
      vertex 15.152613 -10.481592 1.000000
      vertex 15.034339 -10.658026 1.000000
    endloop
  endfacet
  facet normal 0.000000 0.000000 -1.000000
    outer loop
      vertex 15.048379 -10.634476 1.000000
      vertex 15.130171 -10.511784 1.000000
      vertex 15.134508 -10.505632 1.000000
    endloop
  endfacet
  facet normal 0.000000 0.000000 -1.000000
    outer loop
      vertex 15.152613 -10.481592 1.000000
      vertex 15.024072 -10.676926 1.000000
      vertex 15.034339 -10.658026 1.000000
    endloop
  endfacet
  facet normal 0.000000 0.000000 -1.000000
    outer loop
      vertex 15.147973 -10.487518 1.000000
      vertex 15.034339 -10.658026 1.000000
      vertex 15.037748 -10.652077 1.000000
    endloop
  endfacet
  facet normal 0.000000 -0.000000 -1.000000
    outer loop
      vertex 15.048379 -10.634476 1.000000
      vertex 15.134508 -10.505632 1.000000
      vertex 15.037748 -10.652077 1.000000
    endloop
  endfacet
  facet normal 0.000000 0.000000 -1.000000
    outer loop
      vertex 15.048379 -10.634476 1.000000
      vertex 15.052057 -10.628689 1.000000
      vertex 15.130171 -10.511784 1.000000
    endloop
  endfacet
  facet normal 0.000000 0.000000 -1.000000
    outer loop
      vertex 24.226999 -35.500000 0.000000
      vertex 19.227479 -24.506673 0.000000
      vertex 24.226999 35.500000 0.000000
    endloop
  endfacet
  facet normal 0.000000 0.000000 -1.000000
    outer loop
      vertex 19.227479 -24.506673 0.000000
      vertex 19.261999 -23.980000 0.000000
      vertex 24.226999 35.500000 0.000000
    endloop
  endfacet
  facet normal 0.000000 0.000000 -1.000000
    outer loop
      vertex 19.261999 -23.980000 0.000000
      vertex 19.227479 -23.453327 0.000000
      vertex 24.226999 35.500000 0.000000
    endloop
  endfacet
  facet normal 0.000000 0.000000 -1.000000
    outer loop
      vertex 19.227479 -23.453327 0.000000
      vertex 19.124510 -22.935665 0.000000
      vertex 24.226999 35.500000 0.000000
    endloop
  endfacet
  facet normal 0.000000 0.000000 -1.000000
    outer loop
      vertex 19.124510 -22.935665 0.000000
      vertex 18.954853 -22.435872 0.000000
      vertex 24.226999 35.500000 0.000000
    endloop
  endfacet
  facet normal 0.000000 0.000000 -1.000000
    outer loop
      vertex 18.954853 -22.435872 0.000000
      vertex 18.721412 -21.962500 0.000000
      vertex 24.226999 35.500000 0.000000
    endloop
  endfacet
  facet normal 0.000000 0.000000 -1.000000
    outer loop
      vertex 18.721412 -21.962500 0.000000
      vertex 18.428180 -21.523647 0.000000
      vertex 24.226999 35.500000 0.000000
    endloop
  endfacet
  facet normal 0.000000 0.000000 -1.000000
    outer loop
      vertex 18.428180 -21.523647 0.000000
      vertex 18.601254 -17.024950 0.000000
      vertex 24.226999 35.500000 0.000000
    endloop
  endfacet
  facet normal 1.000000 0.000000 0.000000
    outer loop
      vertex 24.226999 -35.500000 0.000000
      vertex 24.226999 35.500000 2.000000
      vertex 24.226999 -35.500000 2.000000
    endloop
  endfacet
  facet normal 0.000000 0.000000 1.000000
    outer loop
      vertex 24.226999 -35.500000 2.000000
      vertex 23.726999 -6.700001 2.000000
      vertex 23.726999 -8.299999 2.000000
    endloop
  endfacet
  facet normal 0.000000 0.000000 1.000000
    outer loop
      vertex 24.226999 -35.500000 2.000000
      vertex 23.726999 -0.299999 2.000000
      vertex 23.726999 -6.700001 2.000000
    endloop
  endfacet
  facet normal 0.000000 -0.000000 1.000000
    outer loop
      vertex 23.726999 -14.700001 2.000000
      vertex 23.726999 -8.299999 2.000000
      vertex 21.026999 -14.700001 2.000000
    endloop
  endfacet
  facet normal 0.000000 0.000000 1.000000
    outer loop
      vertex 24.226999 -35.500000 2.000000
      vertex 23.726999 1.299999 2.000000
      vertex 23.726999 -0.299999 2.000000
    endloop
  endfacet
  facet normal 0.000000 0.000000 1.000000
    outer loop
      vertex 21.026999 -14.700001 2.000000
      vertex 23.726999 -8.299999 2.000000
      vertex 21.026999 -8.299999 2.000000
    endloop
  endfacet
  facet normal 0.000000 -0.000000 1.000000
    outer loop
      vertex 18.626999 -18.629999 2.000000
      vertex 19.426999 -16.299999 2.000000
      vertex 14.726999 -16.299999 2.000000
    endloop
  endfacet
  facet normal 0.000000 -0.000000 1.000000
    outer loop
      vertex 12.327000 -18.629999 2.000000
      vertex 13.026999 -13.750000 2.000000
      vertex 12.026999 -20.650000 2.000000
    endloop
  endfacet
  facet normal 0.000000 0.000000 1.000000
    outer loop
      vertex 12.327000 -18.629999 2.000000
      vertex 14.726999 -16.299999 2.000000
      vertex 13.026999 -13.750000 2.000000
    endloop
  endfacet
  facet normal 0.000000 -0.000000 1.000000
    outer loop
      vertex 12.026999 -20.650000 2.000000
      vertex 13.026999 -13.750000 2.000000
      vertex 11.426999 -13.750000 2.000000
    endloop
  endfacet
  facet normal 0.000000 -0.000000 1.000000
    outer loop
      vertex 14.726999 -16.299999 2.000000
      vertex 14.726999 -14.700001 2.000000
      vertex 13.026999 -13.750000 2.000000
    endloop
  endfacet
  facet normal 0.000000 -0.000000 1.000000
    outer loop
      vertex 19.426999 -14.700001 2.000000
      vertex 19.426999 -8.299999 2.000000
      vertex 14.726999 -14.700001 2.000000
    endloop
  endfacet
  facet normal 0.000000 -0.000000 1.000000
    outer loop
      vertex 14.726999 -14.700001 2.000000
      vertex 19.426999 -8.299999 2.000000
      vertex 13.026999 -13.750000 2.000000
    endloop
  endfacet
  facet normal 0.000000 0.000000 1.000000
    outer loop
      vertex 13.026999 -13.750000 2.000000
      vertex 19.426999 -8.299999 2.000000
      vertex 13.026999 -8.299999 2.000000
    endloop
  endfacet
  facet normal 0.000000 0.000000 1.000000
    outer loop
      vertex 24.226999 -35.500000 2.000000
      vertex 23.726999 7.700001 2.000000
      vertex 23.726999 1.299999 2.000000
    endloop
  endfacet
  facet normal 0.000000 0.000000 1.000000
    outer loop
      vertex 24.226999 -35.500000 2.000000
      vertex 23.726999 9.299999 2.000000
      vertex 23.726999 7.700001 2.000000
    endloop
  endfacet
  facet normal 0.000000 0.000000 1.000000
    outer loop
      vertex 23.726999 -6.700001 2.000000
      vertex 21.026999 -0.299999 2.000000
      vertex 21.026999 -6.700001 2.000000
    endloop
  endfacet
  facet normal 0.000000 -0.000000 1.000000
    outer loop
      vertex 23.726999 -6.700001 2.000000
      vertex 23.726999 -0.299999 2.000000
      vertex 21.026999 -0.299999 2.000000
    endloop
  endfacet
  facet normal 0.000000 -0.000000 1.000000
    outer loop
      vertex 19.426999 -6.700001 2.000000
      vertex 19.426999 -0.299999 2.000000
      vertex 13.026999 -6.700001 2.000000
    endloop
  endfacet
  facet normal 0.000000 0.000000 1.000000
    outer loop
      vertex 19.426999 -0.299999 2.000000
      vertex 13.026999 -0.299999 2.000000
      vertex 13.026999 -6.700001 2.000000
    endloop
  endfacet
  facet normal 0.921000 0.389564 0.000000
    outer loop
      vertex 12.140400 -15.675104 0.000000
      vertex 12.052323 -15.466875 0.000000
      vertex 12.052323 -15.466875 1.000000
    endloop
  endfacet
  facet normal 0.929389 0.369103 0.000000
    outer loop
      vertex 12.052323 -15.466875 0.000000
      vertex 12.049882 -15.460728 0.000000
      vertex 12.049882 -15.460728 1.000000
    endloop
  endfacet
  facet normal 0.937270 0.348604 0.000000
    outer loop
      vertex 12.049882 -15.460728 0.000000
      vertex 12.042966 -15.442133 0.000000
      vertex 12.042966 -15.442133 1.000000
    endloop
  endfacet
  facet normal 0.944763 0.327754 0.000000
    outer loop
      vertex 12.042966 -15.442133 0.000000
      vertex 12.040798 -15.435884 0.000000
      vertex 12.040798 -15.435884 1.000000
    endloop
  endfacet
  facet normal 0.951739 0.306910 0.000000
    outer loop
      vertex 12.040798 -15.435884 0.000000
      vertex 11.970819 -15.218878 0.000000
      vertex 11.970819 -15.218878 1.000000
    endloop
  endfacet
  facet normal 0.958241 0.285962 0.000000
    outer loop
      vertex 11.970819 -15.218878 0.000000
      vertex 11.968942 -15.212585 0.000000
      vertex 11.968942 -15.212585 1.000000
    endloop
  endfacet
  facet normal 0.964252 0.264985 0.000000
    outer loop
      vertex 11.968942 -15.212585 0.000000
      vertex 11.963723 -15.193596 0.000000
      vertex 11.963723 -15.193596 1.000000
    endloop
  endfacet
  facet normal 0.969834 0.243766 0.000000
    outer loop
      vertex 11.963723 -15.193596 0.000000
      vertex 11.962123 -15.187229 0.000000
      vertex 11.962123 -15.187229 1.000000
    endloop
  endfacet
  facet normal 0.974931 0.222505 0.000000
    outer loop
      vertex 11.962123 -15.187229 0.000000
      vertex 11.908222 -14.951057 0.000000
      vertex 11.908222 -14.951057 1.000000
    endloop
  endfacet
  facet normal 0.976538 0.215346 0.000000
    outer loop
      vertex 11.908222 -14.951057 0.000000
      vertex 11.907769 -14.949003 0.000000
      vertex 11.907769 -14.949003 1.000000
    endloop
  endfacet
  facet normal 0.979394 0.201960 0.000000
    outer loop
      vertex 11.906451 -14.942835 0.000000
      vertex 11.906027 -14.940777 0.000000
      vertex 11.906027 -14.940777 1.000000
    endloop
  endfacet
  facet normal 0.977926 0.208951 -0.000000
    outer loop
      vertex 11.906451 -14.942835 0.000000
      vertex 11.906451 -14.942835 1.000000
      vertex 11.907769 -14.949003 0.000000
    endloop
  endfacet
  facet normal 0.980786 0.195086 0.000000
    outer loop
      vertex 11.906027 -14.940777 0.000000
      vertex 11.874867 -14.784124 0.000000
      vertex 11.874867 -14.784124 1.000000
    endloop
  endfacet
  facet normal 0.983672 0.179970 0.000000
    outer loop
      vertex 11.874867 -14.784124 0.000000
      vertex 11.874032 -14.779558 0.000000
      vertex 11.874032 -14.779558 1.000000
    endloop
  endfacet
  facet normal 0.986353 0.164643 0.000000
    outer loop
      vertex 11.874032 -14.779558 0.000000
      vertex 11.871739 -14.765823 0.000000
      vertex 11.871739 -14.765823 1.000000
    endloop
  endfacet
  facet normal 0.988788 0.149325 0.000000
    outer loop
      vertex 11.871739 -14.765823 0.000000
      vertex 11.871046 -14.761232 0.000000
      vertex 11.871046 -14.761232 1.000000
    endloop
  endfacet
  facet normal 0.990976 0.134040 0.000000
    outer loop
      vertex 11.871046 -14.761232 0.000000
      vertex 11.838954 -14.523972 0.000000
      vertex 11.838954 -14.523972 1.000000
    endloop
  endfacet
  facet normal 0.993725 0.111851 0.000000
    outer loop
      vertex 11.838954 -14.523972 0.000000
      vertex 11.838203 -14.517303 0.000000
      vertex 11.838203 -14.517303 1.000000
    endloop
  endfacet
  facet normal 0.995979 0.089583 0.000000
    outer loop
      vertex 11.838203 -14.517303 0.000000
      vertex 11.836400 -14.497253 0.000000
      vertex 11.836400 -14.497253 1.000000
    endloop
  endfacet
  facet normal 0.997739 0.067207 0.000000
    outer loop
      vertex 11.836400 -14.497253 0.000000
      vertex 11.835949 -14.490557 0.000000
      vertex 11.835949 -14.490557 1.000000
    endloop
  endfacet
  facet normal 0.998990 0.044927 0.000000
    outer loop
      vertex 11.835949 -14.490557 0.000000
      vertex 11.825217 -14.251930 0.000000
      vertex 11.825217 -14.251930 1.000000
    endloop
  endfacet
  facet normal 0.999750 0.022349 0.000000
    outer loop
      vertex 11.825217 -14.251930 0.000000
      vertex 11.825067 -14.245190 0.000000
      vertex 11.825067 -14.245190 1.000000
    endloop
  endfacet
  facet normal 1.000000 0.000000 0.000000
    outer loop
      vertex 11.825067 -14.245190 0.000000
      vertex 11.825067 -14.224968 0.000000
      vertex 11.825067 -14.224968 1.000000
    endloop
  endfacet
  facet normal 0.999747 -0.022496 0.000000
    outer loop
      vertex 11.825067 -14.224968 0.000000
      vertex 11.825218 -14.218229 0.000000
      vertex 11.825218 -14.218229 1.000000
    endloop
  endfacet
  facet normal 0.998989 -0.044957 0.000000
    outer loop
      vertex 11.825218 -14.218229 0.000000
      vertex 11.835948 -13.979801 0.000000
      vertex 11.835948 -13.979801 1.000000
    endloop
  endfacet
  facet normal 0.997727 -0.067387 0.000000
    outer loop
      vertex 11.835948 -13.979801 0.000000
      vertex 11.836400 -13.973108 0.000000
      vertex 11.836400 -13.973108 1.000000
    endloop
  endfacet
  facet normal 0.995981 -0.089570 0.000000
    outer loop
      vertex 11.838202 -13.953066 0.000000
      vertex 11.838202 -13.953066 1.000000
      vertex 11.836400 -13.973108 0.000000
    endloop
  endfacet
  facet normal 0.993721 -0.111883 0.000000
    outer loop
      vertex 11.838202 -13.953066 0.000000
      vertex 11.838953 -13.946400 0.000000
      vertex 11.838953 -13.946400 1.000000
    endloop
  endfacet
  facet normal 0.990976 -0.134041 0.000000
    outer loop
      vertex 11.838953 -13.946400 0.000000
      vertex 11.871046 -13.709133 0.000000
      vertex 11.871046 -13.709133 1.000000
    endloop
  endfacet
  facet normal 0.988779 -0.149385 0.000000
    outer loop
      vertex 11.871046 -13.709133 0.000000
      vertex 11.871739 -13.704544 0.000000
      vertex 11.871739 -13.704544 1.000000
    endloop
  endfacet
  facet normal 0.983672 -0.179970 0.000000
    outer loop
      vertex 11.874867 -13.686241 0.000000
      vertex 11.874867 -13.686241 1.000000
      vertex 11.874032 -13.690807 0.000000
    endloop
  endfacet
  facet normal 0.986357 -0.164621 0.000000
    outer loop
      vertex 11.871739 -13.704544 0.000000
      vertex 11.874032 -13.690807 0.000000
      vertex 11.874032 -13.690807 1.000000
    endloop
  endfacet
  facet normal 0.974931 -0.222507 0.000000
    outer loop
      vertex 11.908222 -13.519308 0.000000
      vertex 11.962133 -13.283092 0.000000
      vertex 11.962133 -13.283092 1.000000
    endloop
  endfacet
  facet normal 0.980786 -0.195086 0.000000
    outer loop
      vertex 11.874867 -13.686241 0.000000
      vertex 11.906027 -13.529589 0.000000
      vertex 11.906027 -13.529589 1.000000
    endloop
  endfacet
  facet normal 0.977926 -0.208951 0.000000
    outer loop
      vertex 11.907769 -13.521362 0.000000
      vertex 11.907769 -13.521362 1.000000
      vertex 11.906451 -13.527531 0.000000
    endloop
  endfacet
  facet normal 0.979394 -0.201960 0.000000
    outer loop
      vertex 11.906451 -13.527531 0.000000
      vertex 11.906451 -13.527531 1.000000
      vertex 11.906027 -13.529589 0.000000
    endloop
  endfacet
  facet normal 0.976538 -0.215346 0.000000
    outer loop
      vertex 11.907769 -13.521362 0.000000
      vertex 11.908222 -13.519308 0.000000
      vertex 11.908222 -13.519308 1.000000
    endloop
  endfacet
  facet normal 0.969868 -0.243632 0.000000
    outer loop
      vertex 11.962133 -13.283092 0.000000
      vertex 11.963729 -13.276741 0.000000
      vertex 11.963729 -13.276741 1.000000
    endloop
  endfacet
  facet normal 0.964285 -0.264868 0.000000
    outer loop
      vertex 11.963729 -13.276741 0.000000
      vertex 11.968930 -13.257805 0.000000
      vertex 11.968930 -13.257805 1.000000
    endloop
  endfacet
  facet normal 0.958306 -0.285744 0.000000
    outer loop
      vertex 11.968930 -13.257805 0.000000
      vertex 11.970801 -13.251530 0.000000
      vertex 11.970801 -13.251530 1.000000
    endloop
  endfacet
  facet normal 0.951813 -0.306679 0.000000
    outer loop
      vertex 11.970801 -13.251530 0.000000
      vertex 12.040788 -13.034319 0.000000
      vertex 12.040788 -13.034319 1.000000
    endloop
  endfacet
  facet normal 0.944774 -0.327723 0.000000
    outer loop
      vertex 12.040788 -13.034319 0.000000
      vertex 12.042961 -13.028053 0.000000
      vertex 12.042961 -13.028053 1.000000
    endloop
  endfacet
  facet normal 0.937330 -0.348443 0.000000
    outer loop
      vertex 12.042961 -13.028053 0.000000
      vertex 12.049893 -13.009405 0.000000
      vertex 12.049893 -13.009405 1.000000
    endloop
  endfacet
  facet normal 0.929357 -0.369183 0.000000
    outer loop
      vertex 12.049893 -13.009405 0.000000
      vertex 12.052341 -13.003242 0.000000
      vertex 12.052341 -13.003242 1.000000
    endloop
  endfacet
  facet normal 0.921000 -0.389562 0.000000
    outer loop
      vertex 12.140372 -12.795120 0.000000
      vertex 12.140372 -12.795120 1.000000
      vertex 12.052341 -13.003242 0.000000
    endloop
  endfacet
  facet normal 0.921000 0.389564 -0.000000
    outer loop
      vertex 12.140400 -15.675104 0.000000
      vertex 12.052323 -15.466875 1.000000
      vertex 12.140400 -15.675104 1.000000
    endloop
  endfacet
  facet normal 0.929389 0.369103 -0.000000
    outer loop
      vertex 12.052323 -15.466875 0.000000
      vertex 12.049882 -15.460728 1.000000
      vertex 12.052323 -15.466875 1.000000
    endloop
  endfacet
  facet normal 0.937270 0.348604 -0.000000
    outer loop
      vertex 12.049882 -15.460728 0.000000
      vertex 12.042966 -15.442133 1.000000
      vertex 12.049882 -15.460728 1.000000
    endloop
  endfacet
  facet normal 0.944763 0.327754 -0.000000
    outer loop
      vertex 12.042966 -15.442133 0.000000
      vertex 12.040798 -15.435884 1.000000
      vertex 12.042966 -15.442133 1.000000
    endloop
  endfacet
  facet normal 0.951739 0.306910 -0.000000
    outer loop
      vertex 12.040798 -15.435884 0.000000
      vertex 11.970819 -15.218878 1.000000
      vertex 12.040798 -15.435884 1.000000
    endloop
  endfacet
  facet normal 0.958241 0.285962 -0.000000
    outer loop
      vertex 11.970819 -15.218878 0.000000
      vertex 11.968942 -15.212585 1.000000
      vertex 11.970819 -15.218878 1.000000
    endloop
  endfacet
  facet normal 0.964252 0.264985 -0.000000
    outer loop
      vertex 11.968942 -15.212585 0.000000
      vertex 11.963723 -15.193596 1.000000
      vertex 11.968942 -15.212585 1.000000
    endloop
  endfacet
  facet normal 0.969834 0.243766 -0.000000
    outer loop
      vertex 11.963723 -15.193596 0.000000
      vertex 11.962123 -15.187229 1.000000
      vertex 11.963723 -15.193596 1.000000
    endloop
  endfacet
  facet normal 0.974931 0.222505 -0.000000
    outer loop
      vertex 11.962123 -15.187229 0.000000
      vertex 11.908222 -14.951057 1.000000
      vertex 11.962123 -15.187229 1.000000
    endloop
  endfacet
  facet normal 0.976538 0.215346 -0.000000
    outer loop
      vertex 11.908222 -14.951057 0.000000
      vertex 11.907769 -14.949003 1.000000
      vertex 11.908222 -14.951057 1.000000
    endloop
  endfacet
  facet normal 0.979394 0.201960 -0.000000
    outer loop
      vertex 11.906451 -14.942835 0.000000
      vertex 11.906027 -14.940777 1.000000
      vertex 11.906451 -14.942835 1.000000
    endloop
  endfacet
  facet normal 0.977926 0.208951 -0.000000
    outer loop
      vertex 11.907769 -14.949003 0.000000
      vertex 11.906451 -14.942835 1.000000
      vertex 11.907769 -14.949003 1.000000
    endloop
  endfacet
  facet normal 0.980786 0.195086 -0.000000
    outer loop
      vertex 11.906027 -14.940777 0.000000
      vertex 11.874867 -14.784124 1.000000
      vertex 11.906027 -14.940777 1.000000
    endloop
  endfacet
  facet normal 0.983672 0.179970 -0.000000
    outer loop
      vertex 11.874867 -14.784124 0.000000
      vertex 11.874032 -14.779558 1.000000
      vertex 11.874867 -14.784124 1.000000
    endloop
  endfacet
  facet normal 0.986353 0.164643 -0.000000
    outer loop
      vertex 11.874032 -14.779558 0.000000
      vertex 11.871739 -14.765823 1.000000
      vertex 11.874032 -14.779558 1.000000
    endloop
  endfacet
  facet normal 0.988788 0.149325 -0.000000
    outer loop
      vertex 11.871739 -14.765823 0.000000
      vertex 11.871046 -14.761232 1.000000
      vertex 11.871739 -14.765823 1.000000
    endloop
  endfacet
  facet normal 0.990976 0.134040 -0.000000
    outer loop
      vertex 11.871046 -14.761232 0.000000
      vertex 11.838954 -14.523972 1.000000
      vertex 11.871046 -14.761232 1.000000
    endloop
  endfacet
  facet normal 0.993725 0.111851 -0.000000
    outer loop
      vertex 11.838954 -14.523972 0.000000
      vertex 11.838203 -14.517303 1.000000
      vertex 11.838954 -14.523972 1.000000
    endloop
  endfacet
  facet normal 0.995979 0.089583 -0.000000
    outer loop
      vertex 11.838203 -14.517303 0.000000
      vertex 11.836400 -14.497253 1.000000
      vertex 11.838203 -14.517303 1.000000
    endloop
  endfacet
  facet normal 0.997739 0.067207 -0.000000
    outer loop
      vertex 11.836400 -14.497253 0.000000
      vertex 11.835949 -14.490557 1.000000
      vertex 11.836400 -14.497253 1.000000
    endloop
  endfacet
  facet normal 0.998990 0.044927 -0.000000
    outer loop
      vertex 11.835949 -14.490557 0.000000
      vertex 11.825217 -14.251930 1.000000
      vertex 11.835949 -14.490557 1.000000
    endloop
  endfacet
  facet normal 0.999750 0.022349 -0.000000
    outer loop
      vertex 11.825217 -14.251930 0.000000
      vertex 11.825067 -14.245190 1.000000
      vertex 11.825217 -14.251930 1.000000
    endloop
  endfacet
  facet normal 1.000000 0.000000 0.000000
    outer loop
      vertex 11.825067 -14.245190 0.000000
      vertex 11.825067 -14.224968 1.000000
      vertex 11.825067 -14.245190 1.000000
    endloop
  endfacet
  facet normal 0.999747 -0.022496 0.000000
    outer loop
      vertex 11.825067 -14.224968 0.000000
      vertex 11.825218 -14.218229 1.000000
      vertex 11.825067 -14.224968 1.000000
    endloop
  endfacet
  facet normal 0.998989 -0.044957 0.000000
    outer loop
      vertex 11.825218 -14.218229 0.000000
      vertex 11.835948 -13.979801 1.000000
      vertex 11.825218 -14.218229 1.000000
    endloop
  endfacet
  facet normal 0.997727 -0.067387 0.000000
    outer loop
      vertex 11.835948 -13.979801 0.000000
      vertex 11.836400 -13.973108 1.000000
      vertex 11.835948 -13.979801 1.000000
    endloop
  endfacet
  facet normal 0.993721 -0.111883 0.000000
    outer loop
      vertex 11.838202 -13.953066 0.000000
      vertex 11.838953 -13.946400 1.000000
      vertex 11.838202 -13.953066 1.000000
    endloop
  endfacet
  facet normal 0.995981 -0.089570 0.000000
    outer loop
      vertex 11.836400 -13.973108 0.000000
      vertex 11.838202 -13.953066 1.000000
      vertex 11.836400 -13.973108 1.000000
    endloop
  endfacet
  facet normal 0.990976 -0.134041 0.000000
    outer loop
      vertex 11.838953 -13.946400 0.000000
      vertex 11.871046 -13.709133 1.000000
      vertex 11.838953 -13.946400 1.000000
    endloop
  endfacet
  facet normal 0.988779 -0.149385 0.000000
    outer loop
      vertex 11.871046 -13.709133 0.000000
      vertex 11.871739 -13.704544 1.000000
      vertex 11.871046 -13.709133 1.000000
    endloop
  endfacet
  facet normal 0.986357 -0.164621 0.000000
    outer loop
      vertex 11.871739 -13.704544 0.000000
      vertex 11.874032 -13.690807 1.000000
      vertex 11.871739 -13.704544 1.000000
    endloop
  endfacet
  facet normal 0.983672 -0.179970 0.000000
    outer loop
      vertex 11.874032 -13.690807 0.000000
      vertex 11.874867 -13.686241 1.000000
      vertex 11.874032 -13.690807 1.000000
    endloop
  endfacet
  facet normal 0.980786 -0.195086 0.000000
    outer loop
      vertex 11.874867 -13.686241 0.000000
      vertex 11.906027 -13.529589 1.000000
      vertex 11.874867 -13.686241 1.000000
    endloop
  endfacet
  facet normal 0.974931 -0.222507 0.000000
    outer loop
      vertex 11.908222 -13.519308 0.000000
      vertex 11.962133 -13.283092 1.000000
      vertex 11.908222 -13.519308 1.000000
    endloop
  endfacet
  facet normal 0.976538 -0.215346 0.000000
    outer loop
      vertex 11.907769 -13.521362 0.000000
      vertex 11.908222 -13.519308 1.000000
      vertex 11.907769 -13.521362 1.000000
    endloop
  endfacet
  facet normal 0.977926 -0.208951 0.000000
    outer loop
      vertex 11.906451 -13.527531 0.000000
      vertex 11.907769 -13.521362 1.000000
      vertex 11.906451 -13.527531 1.000000
    endloop
  endfacet
  facet normal 0.979394 -0.201960 0.000000
    outer loop
      vertex 11.906027 -13.529589 0.000000
      vertex 11.906451 -13.527531 1.000000
      vertex 11.906027 -13.529589 1.000000
    endloop
  endfacet
  facet normal 0.969868 -0.243632 0.000000
    outer loop
      vertex 11.962133 -13.283092 0.000000
      vertex 11.963729 -13.276741 1.000000
      vertex 11.962133 -13.283092 1.000000
    endloop
  endfacet
  facet normal 0.964285 -0.264868 0.000000
    outer loop
      vertex 11.963729 -13.276741 0.000000
      vertex 11.968930 -13.257805 1.000000
      vertex 11.963729 -13.276741 1.000000
    endloop
  endfacet
  facet normal 0.958306 -0.285744 0.000000
    outer loop
      vertex 11.968930 -13.257805 0.000000
      vertex 11.970801 -13.251530 1.000000
      vertex 11.968930 -13.257805 1.000000
    endloop
  endfacet
  facet normal 0.951813 -0.306679 0.000000
    outer loop
      vertex 11.970801 -13.251530 0.000000
      vertex 12.040788 -13.034319 1.000000
      vertex 11.970801 -13.251530 1.000000
    endloop
  endfacet
  facet normal 0.944774 -0.327723 0.000000
    outer loop
      vertex 12.040788 -13.034319 0.000000
      vertex 12.042961 -13.028053 1.000000
      vertex 12.040788 -13.034319 1.000000
    endloop
  endfacet
  facet normal 0.937330 -0.348443 0.000000
    outer loop
      vertex 12.042961 -13.028053 0.000000
      vertex 12.049893 -13.009405 1.000000
      vertex 12.042961 -13.028053 1.000000
    endloop
  endfacet
  facet normal 0.929357 -0.369183 0.000000
    outer loop
      vertex 12.049893 -13.009405 0.000000
      vertex 12.052341 -13.003242 1.000000
      vertex 12.049893 -13.009405 1.000000
    endloop
  endfacet
  facet normal 0.921000 -0.389562 0.000000
    outer loop
      vertex 12.140372 -12.795120 1.000000
      vertex 12.052341 -13.003242 1.000000
      vertex 12.052341 -13.003242 0.000000
    endloop
  endfacet
  facet normal -0.000000 0.000000 -1.000000
    outer loop
      vertex 14.700326 -19.979521 0.000000
      vertex 14.182665 -20.082489 0.000000
      vertex -24.226999 35.500000 0.000000
    endloop
  endfacet
  facet normal -0.000000 0.000000 -1.000000
    outer loop
      vertex 13.682872 -20.252146 0.000000
      vertex 13.209499 -20.485588 0.000000
      vertex -24.226999 35.500000 0.000000
    endloop
  endfacet
  facet normal -0.000000 0.000000 -1.000000
    outer loop
      vertex 14.182665 -20.082489 0.000000
      vertex 13.682872 -20.252146 0.000000
      vertex -24.226999 35.500000 0.000000
    endloop
  endfacet
  facet normal -0.000000 0.000000 -1.000000
    outer loop
      vertex 13.209499 -20.485588 0.000000
      vertex 12.770647 -20.778819 0.000000
      vertex -24.226999 35.500000 0.000000
    endloop
  endfacet
  facet normal 0.000000 0.000000 -1.000000
    outer loop
      vertex 12.373823 -21.126824 0.000000
      vertex -24.226999 35.500000 0.000000
      vertex 12.770647 -20.778819 0.000000
    endloop
  endfacet
  facet normal 0.000000 0.000000 -1.000000
    outer loop
      vertex 14.700326 -19.979521 0.000000
      vertex -24.226999 35.500000 0.000000
      vertex 12.499737 -16.273153 0.000000
    endloop
  endfacet
  facet normal 0.000000 0.000000 1.000000
    outer loop
      vertex 12.026999 -22.770000 2.000000
      vertex 11.426999 -13.750000 2.000000
      vertex 6.976999 -8.299999 2.000000
    endloop
  endfacet
  facet normal 0.000000 -0.000000 1.000000
    outer loop
      vertex 11.426999 -13.750000 2.000000
      vertex 11.426999 -8.299999 2.000000
      vertex 6.976999 -8.299999 2.000000
    endloop
  endfacet
  facet normal 0.000000 0.000000 1.000000
    outer loop
      vertex 12.026999 -22.770000 2.000000
      vertex 6.976999 -8.299999 2.000000
      vertex 2.827000 -6.000000 2.000000
    endloop
  endfacet
  facet normal 0.000000 0.000000 1.000000
    outer loop
      vertex 12.026999 -22.770000 2.000000
      vertex 2.827000 -6.000000 2.000000
      vertex -2.973001 -10.250000 2.000000
    endloop
  endfacet
  facet normal 0.000000 0.000000 1.000000
    outer loop
      vertex 11.426999 -6.700001 2.000000
      vertex 10.827000 -6.000000 2.000000
      vertex 6.976999 -6.700001 2.000000
    endloop
  endfacet
  facet normal 0.000000 0.000000 1.000000
    outer loop
      vertex 10.827000 -6.000000 2.000000
      vertex 2.827000 -6.000000 2.000000
      vertex 6.976999 -6.700001 2.000000
    endloop
  endfacet
  facet normal 0.000000 -0.000000 1.000000
    outer loop
      vertex 11.426999 -6.700001 2.000000
      vertex 11.426999 -0.299999 2.000000
      vertex 10.827000 -6.000000 2.000000
    endloop
  endfacet
  facet normal 0.000000 0.000000 1.000000
    outer loop
      vertex 10.827000 -6.000000 2.000000
      vertex 11.426999 -0.299999 2.000000
      vertex 10.827000 -0.299999 2.000000
    endloop
  endfacet
  facet normal 0.000000 -0.000000 1.000000
    outer loop
      vertex 6.976999 -8.299999 2.000000
      vertex 6.976999 -6.700001 2.000000
      vertex 2.827000 -6.000000 2.000000
    endloop
  endfacet
  facet normal 0.000000 -0.000000 1.000000
    outer loop
      vertex 2.827000 -6.000000 2.000000
      vertex 2.827000 0.000000 2.000000
      vertex -2.973001 -10.250000 2.000000
    endloop
  endfacet
  facet normal 1.000000 0.000000 0.000000
    outer loop
      vertex 21.026999 -34.500000 2.000000
      vertex 21.026999 -29.000000 2.000000
      vertex 21.026999 -32.375000 3.423468
    endloop
  endfacet
  facet normal 1.000000 0.000000 0.000000
    outer loop
      vertex 21.026999 -29.000000 2.000000
      vertex 21.026999 -32.073524 3.298593
      vertex 21.026999 -32.375000 3.423468
    endloop
  endfacet
  facet normal 1.000000 0.000000 0.000000
    outer loop
      vertex 21.026999 -34.500000 2.000000
      vertex 21.026999 -32.375000 3.423468
      vertex 21.026999 -32.633883 3.622117
    endloop
  endfacet
  facet normal 1.000000 0.000000 0.000000
    outer loop
      vertex 21.026999 -34.500000 2.000000
      vertex 21.026999 -32.633883 3.622117
      vertex 21.026999 -32.832532 3.881000
    endloop
  endfacet
  facet normal 1.000000 0.000000 0.000000
    outer loop
      vertex 21.026999 -34.500000 2.000000
      vertex 21.026999 -32.832532 3.881000
      vertex 21.026999 -32.957407 4.182476
    endloop
  endfacet
  facet normal -0.000000 0.382684 0.923879
    outer loop
      vertex 21.026999 -32.073524 3.298593
      vertex 20.476999 -32.300000 3.392402
      vertex 21.026999 -32.375000 3.423468
    endloop
  endfacet
  facet normal 0.000000 0.130526 0.991445
    outer loop
      vertex 21.026999 -31.750000 3.256000
      vertex 20.476999 -31.750000 3.256000
      vertex 21.026999 -32.073524 3.298593
    endloop
  endfacet
  facet normal 0.000000 0.130526 0.991445
    outer loop
      vertex 21.026999 -32.073524 3.298593
      vertex 20.476999 -31.750000 3.256000
      vertex 20.476999 -32.073524 3.298593
    endloop
  endfacet
  facet normal 0.000000 -0.130526 0.991445
    outer loop
      vertex 21.026999 -31.750000 3.256000
      vertex 20.476999 -31.426476 3.298593
      vertex 20.476999 -31.750000 3.256000
    endloop
  endfacet
  facet normal 0.000000 -0.130526 0.991445
    outer loop
      vertex 21.026999 -31.750000 3.256000
      vertex 21.026999 -31.426476 3.298593
      vertex 20.476999 -31.426476 3.298593
    endloop
  endfacet
  facet normal 0.000000 0.382683 0.923880
    outer loop
      vertex 21.026999 -32.073524 3.298593
      vertex 20.476999 -32.073524 3.298593
      vertex 20.476999 -32.300000 3.392402
    endloop
  endfacet
  facet normal 0.000000 -0.382684 0.923879
    outer loop
      vertex 21.026999 -31.426476 3.298593
      vertex 20.476999 -31.125000 3.423468
      vertex 20.476999 -31.426476 3.298593
    endloop
  endfacet
  facet normal 1.000000 0.000000 0.000000
    outer loop
      vertex 21.026999 -29.000000 2.000000
      vertex 21.026999 -31.750000 3.256000
      vertex 21.026999 -32.073524 3.298593
    endloop
  endfacet
  facet normal 1.000000 0.000000 0.000000
    outer loop
      vertex 21.026999 -29.000000 2.000000
      vertex 21.026999 -31.426476 3.298593
      vertex 21.026999 -31.750000 3.256000
    endloop
  endfacet
  facet normal 1.000000 0.000000 0.000000
    outer loop
      vertex 21.026999 -29.000000 2.000000
      vertex 21.026999 -31.125000 3.423468
      vertex 21.026999 -31.426476 3.298593
    endloop
  endfacet
  facet normal 1.000000 0.000000 0.000000
    outer loop
      vertex 21.026999 -29.000000 2.000000
      vertex 21.026999 -30.866117 3.622117
      vertex 21.026999 -31.125000 3.423468
    endloop
  endfacet
  facet normal 1.000000 0.000000 0.000000
    outer loop
      vertex 21.026999 -29.000000 2.000000
      vertex 21.026999 -30.667468 3.881000
      vertex 21.026999 -30.866117 3.622117
    endloop
  endfacet
  facet normal 1.000000 0.000000 0.000000
    outer loop
      vertex 21.026999 -29.000000 2.000000
      vertex 21.026999 -30.542593 4.182476
      vertex 21.026999 -30.667468 3.881000
    endloop
  endfacet
  facet normal -1.000000 0.000000 0.000000
    outer loop
      vertex 12.226999 -34.500000 2.000000
      vertex 12.226999 -33.800000 3.322432
      vertex 12.226999 -32.300000 2.456407
    endloop
  endfacet
  facet normal 0.000000 -1.000000 0.000000
    outer loop
      vertex 14.026999 -32.300000 2.456407
      vertex 14.026999 -32.300000 3.392402
      vertex 12.226999 -32.300000 2.456407
    endloop
  endfacet
  facet normal 0.000000 0.500000 0.866025
    outer loop
      vertex 14.026999 -32.300000 2.456407
      vertex 12.226999 -32.300000 2.456407
      vertex 12.226999 -33.800000 3.322432
    endloop
  endfacet
  facet normal -1.000000 0.000000 0.000000
    outer loop
      vertex 12.226999 -29.000000 2.000000
      vertex 12.226999 -30.700000 2.745082
      vertex 12.226999 -29.700000 3.322432
    endloop
  endfacet
  facet normal 0.000000 0.500000 0.866025
    outer loop
      vertex 14.026999 -32.300000 2.456407
      vertex 12.226999 -33.800000 3.322432
      vertex 14.026999 -33.800000 3.322432
    endloop
  endfacet
  facet normal -1.000000 0.000000 0.000000
    outer loop
      vertex 14.026999 -32.300000 2.456407
      vertex 14.026999 -33.800000 3.322432
      vertex 14.026999 -32.300000 3.392402
    endloop
  endfacet
  facet normal 0.000000 -0.500000 0.866025
    outer loop
      vertex 14.026999 -30.700000 2.745082
      vertex 14.026999 -29.700000 3.322432
      vertex 12.226999 -30.700000 2.745082
    endloop
  endfacet
  facet normal -1.000000 0.000000 0.000000
    outer loop
      vertex 14.026999 -30.700000 2.745082
      vertex 14.026999 -30.667468 3.881000
      vertex 14.026999 -29.700000 3.322432
    endloop
  endfacet
  facet normal 0.000000 -0.500000 0.866025
    outer loop
      vertex 12.226999 -30.700000 2.745082
      vertex 14.026999 -29.700000 3.322432
      vertex 12.226999 -29.700000 3.322432
    endloop
  endfacet
  facet normal 0.000000 -1.000000 0.000000
    outer loop
      vertex 21.026999 -22.000000 2.000000
      vertex 19.426999 -22.000000 4.000000
      vertex 19.426999 -22.000000 2.000000
    endloop
  endfacet
  facet normal 1.000000 0.000000 0.000000
    outer loop
      vertex 21.026999 -22.000000 2.000000
      vertex 21.026999 -16.299999 2.000000
      vertex 21.026999 -22.000000 4.000000
    endloop
  endfacet
  facet normal -1.000000 0.000000 0.000000
    outer loop
      vertex 19.426999 -22.000000 2.000000
      vertex 19.426999 -16.299999 4.000000
      vertex 19.426999 -16.299999 2.000000
    endloop
  endfacet
  facet normal 0.000000 -1.000000 0.000000
    outer loop
      vertex 21.026999 -22.000000 2.000000
      vertex 21.026999 -22.000000 4.000000
      vertex 19.426999 -22.000000 4.000000
    endloop
  endfacet
  facet normal -1.000000 0.000000 0.000000
    outer loop
      vertex 19.426999 -22.000000 2.000000
      vertex 19.426999 -22.000000 4.000000
      vertex 19.426999 -16.299999 4.000000
    endloop
  endfacet
  facet normal 1.000000 0.000000 -0.000000
    outer loop
      vertex 21.026999 -16.299999 2.000000
      vertex 21.026999 -16.299999 4.000000
      vertex 21.026999 -22.000000 4.000000
    endloop
  endfacet
  facet normal 1.000000 0.000000 0.000000
    outer loop
      vertex 21.026999 -34.500000 2.000000
      vertex 21.026999 -32.957407 4.182476
      vertex 21.026999 -33.000000 4.506000
    endloop
  endfacet
  facet normal 0.000000 -0.382684 0.923879
    outer loop
      vertex 21.026999 -31.426476 3.298593
      vertex 21.026999 -31.125000 3.423468
      vertex 20.476999 -31.125000 3.423468
    endloop
  endfacet
  facet normal 1.000000 0.000000 0.000000
    outer loop
      vertex 20.476999 -32.073524 3.298593
      vertex 20.476999 -32.300000 4.000000
      vertex 20.476999 -32.300000 3.392402
    endloop
  endfacet
  facet normal 1.000000 0.000000 0.000000
    outer loop
      vertex 20.476999 -31.750000 3.256000
      vertex 20.476999 -32.300000 4.000000
      vertex 20.476999 -32.073524 3.298593
    endloop
  endfacet
  facet normal 1.000000 0.000000 -0.000000
    outer loop
      vertex 20.476999 -31.750000 3.256000
      vertex 20.476999 -31.426476 3.298593
      vertex 20.476999 -32.300000 4.000000
    endloop
  endfacet
  facet normal 1.000000 0.000000 -0.000000
    outer loop
      vertex 20.476999 -31.426476 3.298593
      vertex 20.476999 -31.125000 3.423468
      vertex 20.476999 -32.300000 4.000000
    endloop
  endfacet
  facet normal 0.000000 0.382686 0.923878
    outer loop
      vertex 21.026999 -32.375000 3.423468
      vertex 20.476999 -32.300000 3.392402
      vertex 14.026999 -32.375000 3.423468
    endloop
  endfacet
  facet normal 0.000000 0.608761 0.793353
    outer loop
      vertex 21.026999 -32.375000 3.423468
      vertex 14.026999 -32.375000 3.423468
      vertex 21.026999 -32.633883 3.622117
    endloop
  endfacet
  facet normal 0.000000 -1.000000 0.000000
    outer loop
      vertex 20.476999 -32.300000 3.392402
      vertex 20.476999 -32.300000 4.000000
      vertex 14.026999 -32.300000 3.392402
    endloop
  endfacet
  facet normal 1.000000 0.000000 0.000000
    outer loop
      vertex 21.026999 -34.500000 2.000000
      vertex 21.026999 -33.000000 4.506000
      vertex 21.026999 -32.957407 4.829524
    endloop
  endfacet
  facet normal 1.000000 0.000000 -0.000000
    outer loop
      vertex 20.476999 -31.125000 3.423468
      vertex 20.476999 -30.700000 4.000000
      vertex 20.476999 -32.300000 4.000000
    endloop
  endfacet
  facet normal 0.000000 0.793353 0.608761
    outer loop
      vertex 21.026999 -32.633883 3.622117
      vertex 14.026999 -32.633883 3.622117
      vertex 21.026999 -32.832532 3.881000
    endloop
  endfacet
  facet normal 0.000000 -0.608761 0.793353
    outer loop
      vertex 21.026999 -31.125000 3.423468
      vertex 20.476999 -30.866117 3.622117
      vertex 20.476999 -31.125000 3.423468
    endloop
  endfacet
  facet normal 0.000000 -0.608761 0.793353
    outer loop
      vertex 21.026999 -31.125000 3.423468
      vertex 21.026999 -30.866117 3.622117
      vertex 20.476999 -30.866117 3.622117
    endloop
  endfacet
  facet normal 1.000000 0.000000 0.000000
    outer loop
      vertex 20.476999 -31.125000 3.423468
      vertex 20.476999 -30.866117 3.622117
      vertex 20.476999 -30.700000 3.838604
    endloop
  endfacet
  facet normal 0.000000 -0.793353 0.608762
    outer loop
      vertex 21.026999 -30.866117 3.622117
      vertex 20.476999 -30.700000 3.838604
      vertex 20.476999 -30.866117 3.622117
    endloop
  endfacet
  facet normal -0.000000 -0.793353 0.608762
    outer loop
      vertex 21.026999 -30.866117 3.622117
      vertex 21.026999 -30.667468 3.881000
      vertex 20.476999 -30.700000 3.838604
    endloop
  endfacet
  facet normal 1.000000 0.000000 0.000000
    outer loop
      vertex 20.476999 -31.125000 3.423468
      vertex 20.476999 -30.700000 3.838604
      vertex 20.476999 -30.700000 4.000000
    endloop
  endfacet
  facet normal 0.000000 -0.793354 0.608760
    outer loop
      vertex 20.476999 -30.700000 3.838604
      vertex 21.026999 -30.667468 3.881000
      vertex 14.026999 -30.700000 3.838604
    endloop
  endfacet
  facet normal 0.000000 1.000000 -0.000000
    outer loop
      vertex 20.476999 -30.700000 3.838604
      vertex 14.026999 -30.700000 3.838604
      vertex 20.476999 -30.700000 4.000000
    endloop
  endfacet
  facet normal 0.000000 0.923879 0.382684
    outer loop
      vertex 21.026999 -32.832532 3.881000
      vertex 14.026999 -32.832532 3.881000
      vertex 21.026999 -32.957407 4.182476
    endloop
  endfacet
  facet normal 0.000000 0.991445 0.130526
    outer loop
      vertex 21.026999 -32.957407 4.182476
      vertex 14.026999 -32.957407 4.182476
      vertex 21.026999 -33.000000 4.506000
    endloop
  endfacet
  facet normal 1.000000 0.000000 -0.000000
    outer loop
      vertex 21.026999 -29.000000 2.000000
      vertex 21.026999 -29.000000 6.216000
      vertex 21.026999 -30.542593 4.182476
    endloop
  endfacet
  facet normal 0.000000 -0.923879 0.382684
    outer loop
      vertex 21.026999 -30.667468 3.881000
      vertex 21.026999 -30.542593 4.182476
      vertex 14.026999 -30.542593 4.182476
    endloop
  endfacet
  facet normal 0.000000 -0.991445 0.130526
    outer loop
      vertex 21.026999 -30.542593 4.182476
      vertex 21.026999 -30.500000 4.506000
      vertex 14.026999 -30.500000 4.506000
    endloop
  endfacet
  facet normal 0.000000 0.382686 0.923878
    outer loop
      vertex 20.476999 -32.300000 3.392402
      vertex 14.026999 -32.300000 3.392402
      vertex 14.026999 -32.375000 3.423468
    endloop
  endfacet
  facet normal 0.000000 0.608761 0.793353
    outer loop
      vertex 21.026999 -32.633883 3.622117
      vertex 14.026999 -32.375000 3.423468
      vertex 14.026999 -32.633883 3.622117
    endloop
  endfacet
  facet normal 0.000000 0.793353 0.608761
    outer loop
      vertex 21.026999 -32.832532 3.881000
      vertex 14.026999 -32.633883 3.622117
      vertex 14.026999 -32.832532 3.881000
    endloop
  endfacet
  facet normal -1.000000 0.000000 0.000000
    outer loop
      vertex 14.026999 -33.800000 3.322432
      vertex 14.026999 -32.375000 3.423468
      vertex 14.026999 -32.300000 3.392402
    endloop
  endfacet
  facet normal -1.000000 0.000000 0.000000
    outer loop
      vertex 14.026999 -33.800000 3.322432
      vertex 14.026999 -32.633883 3.622117
      vertex 14.026999 -32.375000 3.423468
    endloop
  endfacet
  facet normal -1.000000 0.000000 0.000000
    outer loop
      vertex 14.026999 -33.800000 3.322432
      vertex 14.026999 -32.832532 3.881000
      vertex 14.026999 -32.633883 3.622117
    endloop
  endfacet
  facet normal -1.000000 0.000000 0.000000
    outer loop
      vertex 14.026999 -33.800000 3.322432
      vertex 14.026999 -32.957407 4.182476
      vertex 14.026999 -32.832532 3.881000
    endloop
  endfacet
  facet normal 0.000000 1.000000 -0.000000
    outer loop
      vertex 21.026999 -29.000000 2.000000
      vertex 12.226999 -29.000000 2.000000
      vertex 21.026999 -29.000000 6.216000
    endloop
  endfacet
  facet normal 0.000000 -0.793354 0.608760
    outer loop
      vertex 21.026999 -30.667468 3.881000
      vertex 14.026999 -30.667468 3.881000
      vertex 14.026999 -30.700000 3.838604
    endloop
  endfacet
  facet normal -1.000000 0.000000 0.000000
    outer loop
      vertex 14.026999 -30.700000 2.745082
      vertex 14.026999 -30.700000 3.838604
      vertex 14.026999 -30.667468 3.881000
    endloop
  endfacet
  facet normal -1.000000 0.000000 0.000000
    outer loop
      vertex 14.026999 -29.700000 3.322432
      vertex 14.026999 -30.667468 3.881000
      vertex 14.026999 -30.542593 4.182476
    endloop
  endfacet
  facet normal -1.000000 0.000000 0.000000
    outer loop
      vertex 12.226999 -29.000000 2.000000
      vertex 12.226999 -29.700000 3.322432
      vertex 12.226999 -29.700000 5.689568
    endloop
  endfacet
  facet normal 0.000000 -1.000000 0.000000
    outer loop
      vertex 21.026999 -34.500000 2.000000
      vertex 12.226999 -34.500000 8.006000
      vertex 12.226999 -34.500000 2.000000
    endloop
  endfacet
  facet normal 0.000000 0.923879 0.382684
    outer loop
      vertex 21.026999 -32.957407 4.182476
      vertex 14.026999 -32.832532 3.881000
      vertex 14.026999 -32.957407 4.182476
    endloop
  endfacet
  facet normal 0.000000 0.991445 0.130526
    outer loop
      vertex 14.026999 -32.957407 4.182476
      vertex 14.026999 -33.000000 4.506000
      vertex 21.026999 -33.000000 4.506000
    endloop
  endfacet
  facet normal 0.000000 1.000000 -0.000000
    outer loop
      vertex 14.026999 -33.800000 3.322432
      vertex 12.226999 -33.800000 3.322432
      vertex 14.026999 -33.800000 5.689568
    endloop
  endfacet
  facet normal -1.000000 0.000000 0.000000
    outer loop
      vertex 14.026999 -33.800000 3.322432
      vertex 14.026999 -33.800000 5.689568
      vertex 14.026999 -32.957407 4.182476
    endloop
  endfacet
  facet normal -1.000000 0.000000 0.000000
    outer loop
      vertex 12.226999 -34.500000 2.000000
      vertex 12.226999 -34.500000 8.006000
      vertex 12.226999 -33.800000 3.322432
    endloop
  endfacet
  facet normal 0.000000 -0.923879 0.382684
    outer loop
      vertex 21.026999 -30.667468 3.881000
      vertex 14.026999 -30.542593 4.182476
      vertex 14.026999 -30.667468 3.881000
    endloop
  endfacet
  facet normal 0.000000 -0.991445 0.130526
    outer loop
      vertex 21.026999 -30.542593 4.182476
      vertex 14.026999 -30.500000 4.506000
      vertex 14.026999 -30.542593 4.182476
    endloop
  endfacet
  facet normal -1.000000 0.000000 0.000000
    outer loop
      vertex 14.026999 -29.700000 3.322432
      vertex 14.026999 -30.542593 4.182476
      vertex 14.026999 -30.500000 4.506000
    endloop
  endfacet
  facet normal 0.000000 -1.000000 0.000000
    outer loop
      vertex 14.026999 -29.700000 3.322432
      vertex 12.226999 -29.700000 5.689568
      vertex 12.226999 -29.700000 3.322432
    endloop
  endfacet
  facet normal -1.000000 0.000000 0.000000
    outer loop
      vertex 14.026999 -29.700000 3.322432
      vertex 14.026999 -30.500000 4.506000
      vertex 14.026999 -30.542593 4.829524
    endloop
  endfacet
  facet normal 0.000000 -0.000000 1.000000
    outer loop
      vertex 21.026999 -22.000000 4.000000
      vertex 21.026999 -16.299999 4.000000
      vertex 19.426999 -22.000000 4.000000
    endloop
  endfacet
  facet normal 0.000000 0.000000 1.000000
    outer loop
      vertex 19.426999 -22.000000 4.000000
      vertex 21.026999 -16.299999 4.000000
      vertex 19.426999 -16.299999 4.000000
    endloop
  endfacet
  facet normal 0.000000 -1.000000 0.000000
    outer loop
      vertex 20.476999 -32.300000 4.000000
      vertex -12.027002 -32.300000 2.000000
      vertex 14.026999 -32.300000 3.392402
    endloop
  endfacet
  facet normal -0.000000 -1.000000 0.000000
    outer loop
      vertex 12.226999 -32.300000 2.456407
      vertex 14.026999 -32.300000 3.392402
      vertex -12.027002 -32.300000 2.000000
    endloop
  endfacet
  facet normal 0.000000 1.000000 -0.000000
    outer loop
      vertex 12.226999 -30.700000 2.000000
      vertex -17.627001 -30.700000 4.000000
      vertex 12.226999 -30.700000 2.745082
    endloop
  endfacet
  facet normal 0.000000 1.000000 0.000000
    outer loop
      vertex 14.026999 -30.700000 2.745082
      vertex 12.226999 -30.700000 2.745082
      vertex -17.627001 -30.700000 4.000000
    endloop
  endfacet
  facet normal 0.000000 -0.000000 1.000000
    outer loop
      vertex 20.476999 -32.300000 4.000000
      vertex 20.476999 -30.700000 4.000000
      vertex -12.027002 -32.300000 4.000000
    endloop
  endfacet
  facet normal 0.000000 1.000000 -0.000000
    outer loop
      vertex 14.026999 -30.700000 2.745082
      vertex -17.627001 -30.700000 4.000000
      vertex 14.026999 -30.700000 3.838604
    endloop
  endfacet
  facet normal 0.000000 1.000000 0.000000
    outer loop
      vertex 20.476999 -30.700000 4.000000
      vertex 14.026999 -30.700000 3.838604
      vertex -17.627001 -30.700000 4.000000
    endloop
  endfacet
  facet normal 0.000000 -1.000000 0.000000
    outer loop
      vertex 23.726999 -16.299999 2.000000
      vertex 23.726999 -16.299999 4.000000
      vertex 21.026999 -16.299999 2.000000
    endloop
  endfacet
  facet normal 1.000000 0.000000 0.000000
    outer loop
      vertex 23.726999 -16.299999 2.000000
      vertex 23.726999 -14.700001 2.000000
      vertex 23.726999 -14.700001 4.000000
    endloop
  endfacet
  facet normal 0.000000 1.000000 0.000000
    outer loop
      vertex 23.726999 -14.700001 2.000000
      vertex 21.026999 -14.700001 2.000000
      vertex 21.026999 -14.700001 4.000000
    endloop
  endfacet
  facet normal 1.000000 0.000000 0.000000
    outer loop
      vertex 21.026999 -14.700001 2.000000
      vertex 21.026999 -8.299999 2.000000
      vertex 21.026999 -14.700001 4.000000
    endloop
  endfacet
  facet normal -1.000000 0.000000 0.000000
    outer loop
      vertex 19.426999 -14.700001 2.000000
      vertex 19.426999 -8.299999 4.000000
      vertex 19.426999 -8.299999 2.000000
    endloop
  endfacet
  facet normal 1.000000 0.000000 0.000000
    outer loop
      vertex 23.726999 -16.299999 2.000000
      vertex 23.726999 -14.700001 4.000000
      vertex 23.726999 -16.299999 4.000000
    endloop
  endfacet
  facet normal 0.000000 -1.000000 0.000000
    outer loop
      vertex 21.026999 -16.299999 2.000000
      vertex 23.726999 -16.299999 4.000000
      vertex 21.026999 -16.299999 4.000000
    endloop
  endfacet
  facet normal 0.000000 1.000000 -0.000000
    outer loop
      vertex 23.726999 -14.700001 2.000000
      vertex 21.026999 -14.700001 4.000000
      vertex 23.726999 -14.700001 4.000000
    endloop
  endfacet
  facet normal -1.000000 0.000000 0.000000
    outer loop
      vertex 19.426999 -14.700001 2.000000
      vertex 19.426999 -14.700001 4.000000
      vertex 19.426999 -8.299999 4.000000
    endloop
  endfacet
  facet normal 1.000000 0.000000 -0.000000
    outer loop
      vertex 21.026999 -8.299999 2.000000
      vertex 21.026999 -8.299999 4.000000
      vertex 21.026999 -14.700001 4.000000
    endloop
  endfacet
  facet normal 0.000000 -1.000000 0.000000
    outer loop
      vertex 19.426999 -16.299999 2.000000
      vertex 19.426999 -16.299999 4.000000
      vertex 14.726999 -16.299999 2.000000
    endloop
  endfacet
  facet normal 0.000000 1.000000 0.000000
    outer loop
      vertex 19.426999 -14.700001 2.000000
      vertex 14.726999 -14.700001 2.000000
      vertex 14.726999 -14.700001 4.000000
    endloop
  endfacet
  facet normal -1.000000 0.000000 0.000000
    outer loop
      vertex 14.726999 -16.299999 2.000000
      vertex 14.726999 -16.299999 4.000000
      vertex 14.726999 -14.700001 2.000000
    endloop
  endfacet
  facet normal 1.000000 0.000000 0.000000
    outer loop
      vertex 13.026999 -13.750000 2.000000
      vertex 13.026999 -8.299999 2.000000
      vertex 13.026999 -13.750000 4.000000
    endloop
  endfacet
  facet normal 0.000000 -1.000000 0.000000
    outer loop
      vertex 14.726999 -16.299999 2.000000
      vertex 19.426999 -16.299999 4.000000
      vertex 14.726999 -16.299999 4.000000
    endloop
  endfacet
  facet normal 0.000000 1.000000 -0.000000
    outer loop
      vertex 19.426999 -14.700001 2.000000
      vertex 14.726999 -14.700001 4.000000
      vertex 19.426999 -14.700001 4.000000
    endloop
  endfacet
  facet normal -1.000000 0.000000 0.000000
    outer loop
      vertex 14.726999 -14.700001 2.000000
      vertex 14.726999 -16.299999 4.000000
      vertex 14.726999 -14.700001 4.000000
    endloop
  endfacet
  facet normal 0.000000 -1.000000 0.000000
    outer loop
      vertex 13.026999 -13.750000 2.000000
      vertex 13.026999 -13.750000 4.000000
      vertex 11.426999 -13.750000 4.000000
    endloop
  endfacet
  facet normal 1.000000 0.000000 -0.000000
    outer loop
      vertex 13.026999 -8.299999 2.000000
      vertex 13.026999 -8.299999 4.000000
      vertex 13.026999 -13.750000 4.000000
    endloop
  endfacet
  facet normal 0.000000 -1.000000 0.000000
    outer loop
      vertex 23.726999 -8.299999 2.000000
      vertex 23.726999 -8.299999 4.000000
      vertex 21.026999 -8.299999 2.000000
    endloop
  endfacet
  facet normal 1.000000 0.000000 0.000000
    outer loop
      vertex 23.726999 -8.299999 2.000000
      vertex 23.726999 -6.700001 2.000000
      vertex 23.726999 -6.700001 4.000000
    endloop
  endfacet
  facet normal 0.000000 1.000000 0.000000
    outer loop
      vertex 23.726999 -6.700001 2.000000
      vertex 21.026999 -6.700001 2.000000
      vertex 21.026999 -6.700001 4.000000
    endloop
  endfacet
  facet normal 1.000000 0.000000 0.000000
    outer loop
      vertex 21.026999 -6.700001 2.000000
      vertex 21.026999 -0.299999 2.000000
      vertex 21.026999 -6.700001 4.000000
    endloop
  endfacet
  facet normal 0.000000 -1.000000 0.000000
    outer loop
      vertex 23.726999 -0.299999 2.000000
      vertex 23.726999 -0.299999 4.000000
      vertex 21.026999 -0.299999 2.000000
    endloop
  endfacet
  facet normal -1.000000 0.000000 0.000000
    outer loop
      vertex 19.426999 -6.700001 2.000000
      vertex 19.426999 -0.299999 4.000000
      vertex 19.426999 -0.299999 2.000000
    endloop
  endfacet
  facet normal 1.000000 0.000000 0.000000
    outer loop
      vertex 23.726999 -8.299999 2.000000
      vertex 23.726999 -6.700001 4.000000
      vertex 23.726999 -8.299999 4.000000
    endloop
  endfacet
  facet normal 0.000000 1.000000 -0.000000
    outer loop
      vertex 23.726999 -6.700001 2.000000
      vertex 21.026999 -6.700001 4.000000
      vertex 23.726999 -6.700001 4.000000
    endloop
  endfacet
  facet normal 0.000000 -1.000000 0.000000
    outer loop
      vertex 21.026999 -8.299999 2.000000
      vertex 23.726999 -8.299999 4.000000
      vertex 21.026999 -8.299999 4.000000
    endloop
  endfacet
  facet normal -1.000000 0.000000 0.000000
    outer loop
      vertex 19.426999 -6.700001 2.000000
      vertex 19.426999 -6.700001 4.000000
      vertex 19.426999 -0.299999 4.000000
    endloop
  endfacet
  facet normal 0.000000 -1.000000 0.000000
    outer loop
      vertex 21.026999 -0.299999 2.000000
      vertex 23.726999 -0.299999 4.000000
      vertex 21.026999 -0.299999 4.000000
    endloop
  endfacet
  facet normal 1.000000 0.000000 -0.000000
    outer loop
      vertex 21.026999 -0.299999 2.000000
      vertex 21.026999 -0.299999 4.000000
      vertex 21.026999 -6.700001 4.000000
    endloop
  endfacet
  facet normal 0.000000 -1.000000 0.000000
    outer loop
      vertex 19.426999 -8.299999 2.000000
      vertex 19.426999 -8.299999 4.000000
      vertex 13.026999 -8.299999 2.000000
    endloop
  endfacet
  facet normal 0.000000 1.000000 0.000000
    outer loop
      vertex 19.426999 -6.700001 2.000000
      vertex 13.026999 -6.700001 2.000000
      vertex 13.026999 -6.700001 4.000000
    endloop
  endfacet
  facet normal 1.000000 0.000000 0.000000
    outer loop
      vertex 13.026999 -6.700001 2.000000
      vertex 13.026999 -0.299999 2.000000
      vertex 13.026999 -6.700001 4.000000
    endloop
  endfacet
  facet normal 0.000000 -1.000000 0.000000
    outer loop
      vertex 19.426999 -0.299999 2.000000
      vertex 19.426999 -0.299999 4.000000
      vertex 13.026999 -0.299999 2.000000
    endloop
  endfacet
  facet normal 0.000000 1.000000 -0.000000
    outer loop
      vertex 19.426999 -6.700001 2.000000
      vertex 13.026999 -6.700001 4.000000
      vertex 19.426999 -6.700001 4.000000
    endloop
  endfacet
  facet normal 0.000000 -1.000000 0.000000
    outer loop
      vertex 13.026999 -8.299999 2.000000
      vertex 19.426999 -8.299999 4.000000
      vertex 13.026999 -8.299999 4.000000
    endloop
  endfacet
  facet normal 0.000000 -1.000000 0.000000
    outer loop
      vertex 13.026999 -0.299999 2.000000
      vertex 19.426999 -0.299999 4.000000
      vertex 13.026999 -0.299999 4.000000
    endloop
  endfacet
  facet normal 1.000000 0.000000 -0.000000
    outer loop
      vertex 13.026999 -0.299999 2.000000
      vertex 13.026999 -0.299999 4.000000
      vertex 13.026999 -6.700001 4.000000
    endloop
  endfacet
  facet normal 0.000000 0.000000 1.000000
    outer loop
      vertex 23.726999 -16.299999 4.000000
      vertex 19.426999 -15.762362 4.000000
      vertex 21.026999 -16.299999 4.000000
    endloop
  endfacet
  facet normal 0.000000 -0.000000 1.000000
    outer loop
      vertex 23.726999 -16.299999 4.000000
      vertex 23.726999 -14.700001 4.000000
      vertex 19.741818 -15.408476 4.000000
    endloop
  endfacet
  facet normal 0.000000 0.000000 1.000000
    outer loop
      vertex 23.726999 -14.700001 4.000000
      vertex 21.026999 -14.700001 4.000000
      vertex 19.741818 -15.408476 4.000000
    endloop
  endfacet
  facet normal 0.000000 0.000000 1.000000
    outer loop
      vertex 23.726999 -16.299999 4.000000
      vertex 19.741818 -15.408476 4.000000
      vertex 19.426999 -15.762362 4.000000
    endloop
  endfacet
  facet normal 0.000000 0.000000 1.000000
    outer loop
      vertex 21.026999 -16.299999 4.000000
      vertex 19.426999 -15.762362 4.000000
      vertex 19.426999 -16.299999 4.000000
    endloop
  endfacet
  facet normal 0.000000 0.000000 1.000000
    outer loop
      vertex 19.426999 -15.762362 4.000000
      vertex 19.741818 -15.408476 4.000000
      vertex 19.426999 -15.464445 4.000000
    endloop
  endfacet
  facet normal 0.000000 0.000000 1.000000
    outer loop
      vertex 21.026999 -14.700001 4.000000
      vertex 19.426999 -14.700001 4.000000
      vertex 19.741818 -15.408476 4.000000
    endloop
  endfacet
  facet normal 0.000000 -0.000000 1.000000
    outer loop
      vertex 21.026999 -14.700001 4.000000
      vertex 21.026999 -8.299999 4.000000
      vertex 19.426999 -14.700001 4.000000
    endloop
  endfacet
  facet normal 0.000000 0.000000 1.000000
    outer loop
      vertex 19.426999 -14.700001 4.000000
      vertex 21.026999 -8.299999 4.000000
      vertex 19.426999 -8.299999 4.000000
    endloop
  endfacet
  facet normal 0.000000 -0.000000 1.000000
    outer loop
      vertex 19.426999 -16.299999 4.000000
      vertex 19.426999 -15.762362 4.000000
      vertex 14.726999 -16.299999 4.000000
    endloop
  endfacet
  facet normal 0.000000 -0.000000 1.000000
    outer loop
      vertex 19.426999 -15.762362 4.000000
      vertex 19.426999 -15.464445 4.000000
      vertex 14.726999 -16.299999 4.000000
    endloop
  endfacet
  facet normal 0.000000 0.000000 1.000000
    outer loop
      vertex 19.741818 -15.408476 4.000000
      vertex 14.726999 -14.700001 4.000000
      vertex 19.426999 -15.464445 4.000000
    endloop
  endfacet
  facet normal 0.000000 0.000000 1.000000
    outer loop
      vertex 19.741818 -15.408476 4.000000
      vertex 19.426999 -14.700001 4.000000
      vertex 14.726999 -14.700001 4.000000
    endloop
  endfacet
  facet normal 0.000000 0.000000 1.000000
    outer loop
      vertex 19.426999 -15.464445 4.000000
      vertex 14.726999 -14.700001 4.000000
      vertex 14.726999 -16.299999 4.000000
    endloop
  endfacet
  facet normal 0.000000 -0.000000 1.000000
    outer loop
      vertex 13.026999 -13.750000 4.000000
      vertex 13.026999 -8.299999 4.000000
      vertex 11.426999 -13.750000 4.000000
    endloop
  endfacet
  facet normal 0.000000 -0.000000 1.000000
    outer loop
      vertex 23.726999 -8.299999 4.000000
      vertex 23.726999 -6.700001 4.000000
      vertex 21.026999 -8.299999 4.000000
    endloop
  endfacet
  facet normal 0.000000 0.000000 1.000000
    outer loop
      vertex 23.726999 -6.700001 4.000000
      vertex 19.426999 -8.299999 4.000000
      vertex 21.026999 -8.299999 4.000000
    endloop
  endfacet
  facet normal 0.000000 0.000000 1.000000
    outer loop
      vertex 23.726999 -6.700001 4.000000
      vertex 13.026999 -8.299999 4.000000
      vertex 19.426999 -8.299999 4.000000
    endloop
  endfacet
  facet normal 0.000000 -0.000000 1.000000
    outer loop
      vertex 21.026999 -6.700001 4.000000
      vertex 21.026999 -0.299999 4.000000
      vertex 19.426999 -6.700001 4.000000
    endloop
  endfacet
  facet normal 0.000000 0.000000 1.000000
    outer loop
      vertex 23.726999 -0.299999 4.000000
      vertex 19.426999 -0.094582 4.000000
      vertex 21.026999 -0.299999 4.000000
    endloop
  endfacet
  facet normal 0.000000 0.000000 1.000000
    outer loop
      vertex 19.426999 -6.700001 4.000000
      vertex 21.026999 -0.299999 4.000000
      vertex 19.426999 -0.299999 4.000000
    endloop
  endfacet
  facet normal 0.000000 0.000000 1.000000
    outer loop
      vertex 21.026999 -0.299999 4.000000
      vertex 19.426999 -0.094582 4.000000
      vertex 19.426999 -0.299999 4.000000
    endloop
  endfacet
  facet normal 0.000000 0.000000 1.000000
    outer loop
      vertex 23.726999 -6.700001 4.000000
      vertex 21.026999 -6.700001 4.000000
      vertex 6.976999 -8.299999 4.000000
    endloop
  endfacet
  facet normal 0.000000 0.000000 1.000000
    outer loop
      vertex 23.726999 -6.700001 4.000000
      vertex 11.426999 -8.299999 4.000000
      vertex 13.026999 -8.299999 4.000000
    endloop
  endfacet
  facet normal 0.000000 0.000000 1.000000
    outer loop
      vertex 21.026999 -6.700001 4.000000
      vertex 19.426999 -6.700001 4.000000
      vertex 6.976999 -8.299999 4.000000
    endloop
  endfacet
  facet normal 0.000000 0.000000 1.000000
    outer loop
      vertex 23.726999 -6.700001 4.000000
      vertex 6.976999 -8.299999 4.000000
      vertex 11.426999 -8.299999 4.000000
    endloop
  endfacet
  facet normal 0.000000 0.000000 1.000000
    outer loop
      vertex 19.426999 -6.700001 4.000000
      vertex 13.026999 -6.700001 4.000000
      vertex 6.976999 -8.299999 4.000000
    endloop
  endfacet
  facet normal 0.000000 -0.000000 1.000000
    outer loop
      vertex 13.026999 -6.700001 4.000000
      vertex 13.026999 -0.299999 4.000000
      vertex 11.426999 -6.700001 4.000000
    endloop
  endfacet
  facet normal 0.000000 -0.000000 1.000000
    outer loop
      vertex 19.426999 -0.299999 4.000000
      vertex 19.426999 -0.094582 4.000000
      vertex 13.026999 -0.299999 4.000000
    endloop
  endfacet
  facet normal 0.000000 0.000000 1.000000
    outer loop
      vertex 19.426999 -0.094582 4.000000
      vertex 11.485965 -0.299999 4.000000
      vertex 13.026999 -0.299999 4.000000
    endloop
  endfacet
  facet normal 0.000000 0.000000 1.000000
    outer loop
      vertex 19.426999 -0.094582 4.000000
      vertex 12.127043 0.360256 4.000000
      vertex 11.485965 -0.299999 4.000000
    endloop
  endfacet
  facet normal 0.000000 -1.000000 0.000000
    outer loop
      vertex 13.026999 -13.750000 2.000000
      vertex 11.426999 -13.750000 4.000000
      vertex 11.426999 -13.750000 2.000000
    endloop
  endfacet
  facet normal -1.000000 0.000000 0.000000
    outer loop
      vertex 11.426999 -13.750000 2.000000
      vertex 11.426999 -8.299999 4.000000
      vertex 11.426999 -8.299999 2.000000
    endloop
  endfacet
  facet normal -1.000000 0.000000 0.000000
    outer loop
      vertex 11.426999 -13.750000 2.000000
      vertex 11.426999 -13.750000 4.000000
      vertex 11.426999 -8.299999 4.000000
    endloop
  endfacet
  facet normal 0.000000 -1.000000 0.000000
    outer loop
      vertex 11.426999 -8.299999 2.000000
      vertex 11.426999 -8.299999 4.000000
      vertex 6.976999 -8.299999 2.000000
    endloop
  endfacet
  facet normal 0.000000 1.000000 0.000000
    outer loop
      vertex 11.426999 -6.700001 2.000000
      vertex 6.976999 -6.700001 2.000000
      vertex 6.976999 -6.700001 4.000000
    endloop
  endfacet
  facet normal -1.000000 0.000000 0.000000
    outer loop
      vertex 6.976999 -8.299999 2.000000
      vertex 6.976999 -8.299999 4.000000
      vertex 6.976999 -6.700001 2.000000
    endloop
  endfacet
  facet normal 1.000000 0.000000 0.000000
    outer loop
      vertex 10.827000 -6.000000 2.000000
      vertex 10.827000 -0.299999 2.000000
      vertex 10.827000 -3.323524 3.292593
    endloop
  endfacet
  facet normal -1.000000 0.000000 0.000000
    outer loop
      vertex 11.426999 -6.700001 2.000000
      vertex 11.426999 -0.299999 4.000000
      vertex 11.426999 -0.299999 2.000000
    endloop
  endfacet
  facet normal 0.000000 -1.000000 0.000000
    outer loop
      vertex 11.426999 -0.299999 2.000000
      vertex 11.426999 -0.299999 4.000000
      vertex 10.827000 -0.299999 2.000000
    endloop
  endfacet
  facet normal -1.000000 0.000000 0.000000
    outer loop
      vertex 6.126999 -4.183567 2.450000
      vertex 6.126999 -3.000000 3.111715
      vertex 6.126999 -1.816433 2.450000
    endloop
  endfacet
  facet normal 1.000000 0.000000 0.000000
    outer loop
      vertex 10.827000 -6.000000 2.000000
      vertex 10.827000 -3.625000 3.417468
      vertex 10.827000 -3.883884 3.616117
    endloop
  endfacet
  facet normal 0.000000 1.000000 -0.000000
    outer loop
      vertex 11.426999 -6.700001 2.000000
      vertex 6.976999 -6.700001 4.000000
      vertex 11.426999 -6.700001 4.000000
    endloop
  endfacet
  facet normal 1.000000 0.000000 0.000000
    outer loop
      vertex 10.827000 -6.000000 2.000000
      vertex 10.827000 -3.883884 3.616117
      vertex 10.827000 -4.082531 3.875000
    endloop
  endfacet
  facet normal -1.000000 0.000000 0.000000
    outer loop
      vertex 11.426999 -6.700001 2.000000
      vertex 11.426999 -6.700001 4.000000
      vertex 11.426999 -0.299999 4.000000
    endloop
  endfacet
  facet normal 1.000000 0.000000 0.000000
    outer loop
      vertex 10.827000 -6.000000 2.000000
      vertex 10.827000 -4.082531 3.875000
      vertex 10.827000 -4.207409 4.176476
    endloop
  endfacet
  facet normal 0.000000 -1.000000 0.000000
    outer loop
      vertex 6.976999 -8.299999 2.000000
      vertex 11.426999 -8.299999 4.000000
      vertex 6.976999 -8.299999 4.000000
    endloop
  endfacet
  facet normal -1.000000 0.000000 0.000000
    outer loop
      vertex 6.976999 -6.700001 2.000000
      vertex 6.976999 -8.299999 4.000000
      vertex 6.976999 -6.700001 4.000000
    endloop
  endfacet
  facet normal 1.000000 0.000000 0.000000
    outer loop
      vertex 10.827000 -6.000000 2.000000
      vertex 10.827000 -3.323524 3.292593
      vertex 10.827000 -3.625000 3.417468
    endloop
  endfacet
  facet normal 1.000000 0.000000 0.000000
    outer loop
      vertex 10.827000 -0.299999 2.000000
      vertex 10.827000 -3.000000 3.250000
      vertex 10.827000 -3.323524 3.292593
    endloop
  endfacet
  facet normal 1.000000 0.000000 0.000000
    outer loop
      vertex 10.827000 -0.299999 2.000000
      vertex 10.827000 -2.676476 3.292593
      vertex 10.827000 -3.000000 3.250000
    endloop
  endfacet
  facet normal 1.000000 0.000000 0.000000
    outer loop
      vertex 10.827000 -0.299999 2.000000
      vertex 10.827000 -2.375000 3.417468
      vertex 10.827000 -2.676476 3.292593
    endloop
  endfacet
  facet normal 1.000000 0.000000 0.000000
    outer loop
      vertex 10.827000 -0.299999 2.000000
      vertex 10.827000 -2.116116 3.616117
      vertex 10.827000 -2.375000 3.417468
    endloop
  endfacet
  facet normal 0.000000 0.382684 0.923879
    outer loop
      vertex 10.827000 -3.323524 3.292593
      vertex 6.126999 -3.323524 3.292593
      vertex 10.827000 -3.625000 3.417468
    endloop
  endfacet
  facet normal 0.000000 0.130526 0.991445
    outer loop
      vertex 10.827000 -3.000000 3.250000
      vertex 6.126999 -3.000000 3.250000
      vertex 10.827000 -3.323524 3.292593
    endloop
  endfacet
  facet normal 0.000000 -0.130526 0.991445
    outer loop
      vertex 10.827000 -3.000000 3.250000
      vertex 10.827000 -2.676476 3.292593
      vertex 6.126999 -2.676476 3.292593
    endloop
  endfacet
  facet normal 1.000000 0.000000 0.000000
    outer loop
      vertex 10.827000 -0.299999 2.000000
      vertex 10.827000 -1.917469 3.875000
      vertex 10.827000 -2.116116 3.616117
    endloop
  endfacet
  facet normal 1.000000 0.000000 0.000000
    outer loop
      vertex 10.827000 -0.299999 2.000000
      vertex 10.827000 -1.792591 4.176476
      vertex 10.827000 -1.917469 3.875000
    endloop
  endfacet
  facet normal 0.000000 -1.000000 0.000000
    outer loop
      vertex 10.827000 -0.299999 2.000000
      vertex 11.426999 -0.299999 4.000000
      vertex 10.827000 -0.299999 4.000000
    endloop
  endfacet
  facet normal -1.000000 0.000000 0.000000
    outer loop
      vertex 6.126999 -4.183567 2.450000
      vertex 6.126999 -3.000000 3.250000
      vertex 6.126999 -3.000000 3.111715
    endloop
  endfacet
  facet normal -1.000000 0.000000 0.000000
    outer loop
      vertex 6.126999 -1.816433 2.450000
      vertex 6.126999 -3.000000 3.111715
      vertex 6.126999 -2.504852 3.124452
    endloop
  endfacet
  facet normal -1.000000 0.000000 0.000000
    outer loop
      vertex 6.126999 -4.183567 2.450000
      vertex 6.126999 -3.323524 3.292593
      vertex 6.126999 -3.000000 3.250000
    endloop
  endfacet
  facet normal -1.000000 0.000000 0.000000
    outer loop
      vertex 6.126999 -4.183567 2.450000
      vertex 6.126999 -3.625000 3.417468
      vertex 6.126999 -3.323524 3.292593
    endloop
  endfacet
  facet normal -1.000000 0.000000 0.000000
    outer loop
      vertex 6.126999 -1.816433 2.450000
      vertex 6.126999 -2.504852 3.124452
      vertex 6.126999 -2.116116 3.616117
    endloop
  endfacet
  facet normal -1.000000 0.000000 0.000000
    outer loop
      vertex 6.126999 -1.816433 2.450000
      vertex 6.126999 -0.299999 4.000000
      vertex 6.126999 -0.299999 2.450000
    endloop
  endfacet
  facet normal 0.000000 -0.130526 0.991445
    outer loop
      vertex 10.827000 -3.000000 3.250000
      vertex 6.126999 -2.676476 3.292593
      vertex 6.126999 -3.000000 3.250000
    endloop
  endfacet
  facet normal 0.000000 0.130526 0.991445
    outer loop
      vertex 10.827000 -3.323524 3.292593
      vertex 6.126999 -3.000000 3.250000
      vertex 6.126999 -3.323524 3.292593
    endloop
  endfacet
  facet normal 0.000000 -0.382684 0.923879
    outer loop
      vertex 10.827000 -2.676476 3.292593
      vertex 6.126999 -2.375000 3.417468
      vertex 6.126999 -2.676476 3.292593
    endloop
  endfacet
  facet normal -1.000000 0.000000 0.000000
    outer loop
      vertex 6.126999 -4.183567 2.450000
      vertex 6.126999 -3.883884 3.616117
      vertex 6.126999 -3.625000 3.417468
    endloop
  endfacet
  facet normal -1.000000 0.000000 0.000000
    outer loop
      vertex 6.126999 -3.000000 3.111715
      vertex 6.126999 -3.000000 3.250000
      vertex 6.126999 -2.676476 3.292593
    endloop
  endfacet
  facet normal -1.000000 0.000000 0.000000
    outer loop
      vertex 6.126999 -3.000000 3.111715
      vertex 6.126999 -2.676476 3.292593
      vertex 6.126999 -2.504852 3.124452
    endloop
  endfacet
  facet normal -1.000000 0.000000 0.000000
    outer loop
      vertex 6.126999 -2.504852 3.124452
      vertex 6.126999 -2.676476 3.292593
      vertex 6.126999 -2.375000 3.417468
    endloop
  endfacet
  facet normal -1.000000 0.000000 0.000000
    outer loop
      vertex 6.126999 -1.816433 2.450000
      vertex 6.126999 -2.116116 3.616117
      vertex 6.126999 -0.299999 4.000000
    endloop
  endfacet
  facet normal 0.000000 0.000000 1.000000
    outer loop
      vertex 6.126999 -4.183567 2.450000
      vertex 4.427000 -1.816433 2.450000
      vertex 4.427000 -4.183567 2.450000
    endloop
  endfacet
  facet normal 0.000000 -0.000000 1.000000
    outer loop
      vertex 6.126999 -4.183567 2.450000
      vertex 6.126999 -1.816433 2.450000
      vertex 4.427000 -1.816433 2.450000
    endloop
  endfacet
  facet normal 0.000000 -0.000000 1.000000
    outer loop
      vertex 6.126999 -1.816433 2.450000
      vertex 6.126999 -0.299999 2.450000
      vertex 4.427000 -1.816433 2.450000
    endloop
  endfacet
  facet normal 0.000000 0.000000 1.000000
    outer loop
      vertex 6.126999 -0.299999 2.450000
      vertex 4.427000 -0.299999 2.450000
      vertex 4.427000 -1.816433 2.450000
    endloop
  endfacet
  facet normal 1.000000 0.000000 0.000000
    outer loop
      vertex 4.427000 -4.183567 2.450000
      vertex 4.427000 -1.816433 2.450000
      vertex 4.427000 -3.323524 3.292593
    endloop
  endfacet
  facet normal -1.000000 0.000000 0.000000
    outer loop
      vertex 2.827000 -6.000000 2.000000
      vertex 2.827000 -2.676476 3.292593
      vertex 2.827000 0.000000 2.000000
    endloop
  endfacet
  facet normal 0.000000 0.866025 0.500000
    outer loop
      vertex 6.126999 -4.183567 2.450000
      vertex 4.427000 -4.183567 2.450000
      vertex 4.427000 -5.367136 4.500000
    endloop
  endfacet
  facet normal -1.000000 0.000000 0.000000
    outer loop
      vertex 2.827000 -6.000000 2.000000
      vertex 2.827000 -3.883884 3.616117
      vertex 2.827000 -3.625000 3.417468
    endloop
  endfacet
  facet normal -1.000000 0.000000 0.000000
    outer loop
      vertex 2.827000 -6.000000 2.000000
      vertex 2.827000 -4.082531 3.875000
      vertex 2.827000 -3.883884 3.616117
    endloop
  endfacet
  facet normal -1.000000 0.000000 0.000000
    outer loop
      vertex 2.827000 -6.000000 2.000000
      vertex 2.827000 -4.207409 4.176476
      vertex 2.827000 -4.082531 3.875000
    endloop
  endfacet
  facet normal 1.000000 0.000000 0.000000
    outer loop
      vertex 4.427000 -4.183567 2.450000
      vertex 4.427000 -3.323524 3.292593
      vertex 4.427000 -3.625000 3.417468
    endloop
  endfacet
  facet normal 1.000000 0.000000 0.000000
    outer loop
      vertex 4.427000 -1.816433 2.450000
      vertex 4.427000 -3.000000 3.250000
      vertex 4.427000 -3.323524 3.292593
    endloop
  endfacet
  facet normal 1.000000 0.000000 0.000000
    outer loop
      vertex 4.427000 -1.816433 2.450000
      vertex 4.427000 -2.676476 3.292593
      vertex 4.427000 -3.000000 3.250000
    endloop
  endfacet
  facet normal 1.000000 0.000000 0.000000
    outer loop
      vertex 4.427000 -1.816433 2.450000
      vertex 4.427000 -2.375000 3.417468
      vertex 4.427000 -2.676476 3.292593
    endloop
  endfacet
  facet normal 0.000000 -1.000000 0.000000
    outer loop
      vertex 6.126999 -0.299999 2.450000
      vertex 6.126999 -0.299999 4.000000
      vertex 4.427000 -0.299999 2.450000
    endloop
  endfacet
  facet normal 1.000000 0.000000 -0.000000
    outer loop
      vertex 4.427000 -1.816433 2.450000
      vertex 4.427000 -0.299999 2.450000
      vertex 4.427000 -1.917469 3.875000
    endloop
  endfacet
  facet normal 1.000000 0.000000 0.000000
    outer loop
      vertex 4.427000 -4.183567 2.450000
      vertex 4.427000 -3.625000 3.417468
      vertex 4.427000 -3.883884 3.616117
    endloop
  endfacet
  facet normal 0.000000 0.382684 0.923879
    outer loop
      vertex 4.427000 -3.323524 3.292593
      vertex 2.827000 -3.323524 3.292593
      vertex 4.427000 -3.625000 3.417468
    endloop
  endfacet
  facet normal 0.000000 0.130526 0.991445
    outer loop
      vertex 4.427000 -3.000000 3.250000
      vertex 2.827000 -3.000000 3.250000
      vertex 4.427000 -3.323524 3.292593
    endloop
  endfacet
  facet normal 0.000000 -0.130526 0.991445
    outer loop
      vertex 4.427000 -3.000000 3.250000
      vertex 4.427000 -2.676476 3.292593
      vertex 2.827000 -2.676476 3.292593
    endloop
  endfacet
  facet normal 0.000000 -0.130526 0.991445
    outer loop
      vertex 4.427000 -3.000000 3.250000
      vertex 2.827000 -2.676476 3.292593
      vertex 2.827000 -3.000000 3.250000
    endloop
  endfacet
  facet normal 0.000000 0.130526 0.991445
    outer loop
      vertex 4.427000 -3.323524 3.292593
      vertex 2.827000 -3.000000 3.250000
      vertex 2.827000 -3.323524 3.292593
    endloop
  endfacet
  facet normal 0.000000 -0.382684 0.923879
    outer loop
      vertex 4.427000 -2.676476 3.292593
      vertex 2.827000 -2.375000 3.417468
      vertex 2.827000 -2.676476 3.292593
    endloop
  endfacet
  facet normal 1.000000 0.000000 0.000000
    outer loop
      vertex 4.427000 -1.816433 2.450000
      vertex 4.427000 -2.116116 3.616117
      vertex 4.427000 -2.375000 3.417468
    endloop
  endfacet
  facet normal 1.000000 0.000000 0.000000
    outer loop
      vertex 4.427000 -1.816433 2.450000
      vertex 4.427000 -1.917469 3.875000
      vertex 4.427000 -2.116116 3.616117
    endloop
  endfacet
  facet normal -1.000000 0.000000 0.000000
    outer loop
      vertex 2.827000 -6.000000 2.000000
      vertex 2.827000 -3.323524 3.292593
      vertex 2.827000 -3.000000 3.250000
    endloop
  endfacet
  facet normal -1.000000 0.000000 0.000000
    outer loop
      vertex 2.827000 -6.000000 2.000000
      vertex 2.827000 -3.000000 3.250000
      vertex 2.827000 -2.676476 3.292593
    endloop
  endfacet
  facet normal -1.000000 0.000000 0.000000
    outer loop
      vertex 2.827000 -6.000000 2.000000
      vertex 2.827000 -3.625000 3.417468
      vertex 2.827000 -3.323524 3.292593
    endloop
  endfacet
  facet normal -1.000000 0.000000 0.000000
    outer loop
      vertex 2.827000 -2.676476 3.292593
      vertex 2.827000 -2.375000 3.417468
      vertex 2.827000 0.000000 2.000000
    endloop
  endfacet
  facet normal -1.000000 0.000000 0.000000
    outer loop
      vertex 2.827000 -2.375000 3.417468
      vertex 2.827000 -2.116116 3.616117
      vertex 2.827000 0.000000 2.000000
    endloop
  endfacet
  facet normal -1.000000 0.000000 0.000000
    outer loop
      vertex 2.827000 -2.116116 3.616117
      vertex 2.827000 -1.917469 3.875000
      vertex 2.827000 0.000000 2.000000
    endloop
  endfacet
  facet normal -1.000000 0.000000 0.000000
    outer loop
      vertex 2.827000 -1.917469 3.875000
      vertex 2.827000 -1.792591 4.176476
      vertex 2.827000 0.000000 2.000000
    endloop
  endfacet
  facet normal 0.000000 0.000000 1.000000
    outer loop
      vertex 13.026999 -8.299999 4.000000
      vertex 11.426999 -8.299999 4.000000
      vertex 11.426999 -13.750000 4.000000
    endloop
  endfacet
  facet normal -1.000000 0.000000 0.000000
    outer loop
      vertex 6.126999 -4.183567 2.450000
      vertex 6.126999 -5.367136 4.500000
      vertex 6.126999 -3.883884 3.616117
    endloop
  endfacet
  facet normal 0.000000 0.608760 0.793355
    outer loop
      vertex 10.827000 -3.625000 3.417468
      vertex 6.126999 -3.625000 3.417468
      vertex 10.827000 -3.883884 3.616117
    endloop
  endfacet
  facet normal 0.000000 -0.382684 0.923879
    outer loop
      vertex 10.827000 -2.676476 3.292593
      vertex 10.827000 -2.375000 3.417468
      vertex 6.126999 -2.375000 3.417468
    endloop
  endfacet
  facet normal 1.000000 0.000000 0.000000
    outer loop
      vertex 10.827000 -0.299999 2.000000
      vertex 10.827000 -1.750000 4.500000
      vertex 10.827000 -1.792591 4.176476
    endloop
  endfacet
  facet normal 1.000000 0.000000 -0.000000
    outer loop
      vertex 10.827000 -0.299999 2.000000
      vertex 10.827000 -0.299999 4.000000
      vertex 10.827000 -1.792591 4.823524
    endloop
  endfacet
  facet normal 0.000000 -0.608760 0.793355
    outer loop
      vertex 10.827000 -2.375000 3.417468
      vertex 10.827000 -2.116116 3.616117
      vertex 6.126999 -2.116116 3.616117
    endloop
  endfacet
  facet normal 0.000000 0.793356 0.608758
    outer loop
      vertex 10.827000 -3.883884 3.616117
      vertex 6.126999 -3.883884 3.616117
      vertex 10.827000 -4.082531 3.875000
    endloop
  endfacet
  facet normal 1.000000 0.000000 0.000000
    outer loop
      vertex 10.827000 -0.299999 2.000000
      vertex 10.827000 -1.792591 4.823524
      vertex 10.827000 -1.750000 4.500000
    endloop
  endfacet
  facet normal 0.000000 -0.793356 0.608758
    outer loop
      vertex 10.827000 -2.116116 3.616117
      vertex 10.827000 -1.917469 3.875000
      vertex 6.126999 -1.917469 3.875000
    endloop
  endfacet
  facet normal 0.000000 0.382684 0.923879
    outer loop
      vertex 6.126999 -3.323524 3.292593
      vertex 6.126999 -3.625000 3.417468
      vertex 10.827000 -3.625000 3.417468
    endloop
  endfacet
  facet normal 0.000000 -0.608760 0.793355
    outer loop
      vertex 10.827000 -2.375000 3.417468
      vertex 6.126999 -2.116116 3.616117
      vertex 6.126999 -2.375000 3.417468
    endloop
  endfacet
  facet normal 0.000000 0.608760 0.793355
    outer loop
      vertex 10.827000 -3.883884 3.616117
      vertex 6.126999 -3.625000 3.417468
      vertex 6.126999 -3.883884 3.616117
    endloop
  endfacet
  facet normal -1.000000 0.000000 0.000000
    outer loop
      vertex 6.126999 -2.504852 3.124452
      vertex 6.126999 -2.375000 3.417468
      vertex 6.126999 -2.116116 3.616117
    endloop
  endfacet
  facet normal 0.000000 0.793356 0.608758
    outer loop
      vertex 10.827000 -4.082531 3.875000
      vertex 6.126999 -3.883884 3.616117
      vertex 6.126999 -4.082531 3.875000
    endloop
  endfacet
  facet normal 0.000000 -0.793356 0.608758
    outer loop
      vertex 10.827000 -2.116116 3.616117
      vertex 6.126999 -1.917469 3.875000
      vertex 6.126999 -2.116116 3.616117
    endloop
  endfacet
  facet normal -1.000000 0.000000 0.000000
    outer loop
      vertex 6.126999 -2.116116 3.616117
      vertex 6.126999 -1.917469 3.875000
      vertex 6.126999 -0.299999 4.000000
    endloop
  endfacet
  facet normal 0.000000 0.000000 1.000000
    outer loop
      vertex 13.026999 -6.700001 4.000000
      vertex 11.426999 -6.700001 4.000000
      vertex 6.976999 -8.299999 4.000000
    endloop
  endfacet
  facet normal 1.000000 0.000000 0.000000
    outer loop
      vertex 10.827000 -6.000000 2.000000
      vertex 10.827000 -4.207409 4.176476
      vertex 10.827000 -6.000000 7.000000
    endloop
  endfacet
  facet normal 0.000000 0.000000 1.000000
    outer loop
      vertex 11.426999 -6.700001 4.000000
      vertex 6.976999 -6.700001 4.000000
      vertex 6.976999 -8.299999 4.000000
    endloop
  endfacet
  facet normal -1.000000 0.000000 0.000000
    outer loop
      vertex 6.126999 -3.883884 3.616117
      vertex 6.126999 -5.367136 4.500000
      vertex 6.126999 -4.082531 3.875000
    endloop
  endfacet
  facet normal -1.000000 0.000000 0.000000
    outer loop
      vertex 6.126999 -4.082531 3.875000
      vertex 6.126999 -5.367136 4.500000
      vertex 6.126999 -4.207409 4.176476
    endloop
  endfacet
  facet normal -1.000000 0.000000 0.000000
    outer loop
      vertex 6.126999 -4.207409 4.176476
      vertex 6.126999 -5.367136 4.500000
      vertex 6.126999 -4.250000 4.500000
    endloop
  endfacet
  facet normal 0.000000 0.000000 1.000000
    outer loop
      vertex 13.026999 -0.299999 4.000000
      vertex 11.485965 -0.299999 4.000000
      vertex 11.426999 -6.700001 4.000000
    endloop
  endfacet
  facet normal 0.000000 0.000000 1.000000
    outer loop
      vertex 11.426999 -6.700001 4.000000
      vertex 11.485965 -0.299999 4.000000
      vertex 11.426999 -0.299999 4.000000
    endloop
  endfacet
  facet normal 0.000000 0.923877 0.382690
    outer loop
      vertex 10.827000 -4.082531 3.875000
      vertex 6.126999 -4.082531 3.875000
      vertex 10.827000 -4.207409 4.176476
    endloop
  endfacet
  facet normal 0.000000 0.000000 1.000000
    outer loop
      vertex 11.485965 -0.299999 4.000000
      vertex 11.426999 0.303543 4.000000
      vertex 11.426999 -0.299999 4.000000
    endloop
  endfacet
  facet normal 0.000000 0.000000 1.000000
    outer loop
      vertex 11.426999 -0.299999 4.000000
      vertex 10.827000 0.000000 4.000000
      vertex 10.827000 -0.299999 4.000000
    endloop
  endfacet
  facet normal 0.000000 -0.923877 0.382690
    outer loop
      vertex 10.827000 -1.917469 3.875000
      vertex 10.827000 -1.792591 4.176476
      vertex 6.126999 -1.792591 4.176476
    endloop
  endfacet
  facet normal 0.000000 0.991446 0.130521
    outer loop
      vertex 10.827000 -4.207409 4.176476
      vertex 6.126999 -4.207409 4.176476
      vertex 10.827000 -4.250000 4.500000
    endloop
  endfacet
  facet normal 0.000000 -0.991446 0.130521
    outer loop
      vertex 10.827000 -1.792591 4.176476
      vertex 10.827000 -1.750000 4.500000
      vertex 6.126999 -1.750000 4.500000
    endloop
  endfacet
  facet normal 0.000000 0.923877 0.382690
    outer loop
      vertex 6.126999 -4.082531 3.875000
      vertex 6.126999 -4.207409 4.176476
      vertex 10.827000 -4.207409 4.176476
    endloop
  endfacet
  facet normal 0.000000 -0.923877 0.382690
    outer loop
      vertex 10.827000 -1.917469 3.875000
      vertex 6.126999 -1.792591 4.176476
      vertex 6.126999 -1.917469 3.875000
    endloop
  endfacet
  facet normal -1.000000 0.000000 0.000000
    outer loop
      vertex 6.126999 -1.917469 3.875000
      vertex 6.126999 -1.792591 4.176476
      vertex 6.126999 -0.299999 4.000000
    endloop
  endfacet
  facet normal 0.000000 0.991446 0.130521
    outer loop
      vertex 6.126999 -4.207409 4.176476
      vertex 6.126999 -4.250000 4.500000
      vertex 10.827000 -4.250000 4.500000
    endloop
  endfacet
  facet normal 0.000000 -0.991446 0.130521
    outer loop
      vertex 10.827000 -1.792591 4.176476
      vertex 6.126999 -1.750000 4.500000
      vertex 6.126999 -1.792591 4.176476
    endloop
  endfacet
  facet normal 1.000000 0.000000 -0.000000
    outer loop
      vertex 4.427000 -4.183567 2.450000
      vertex 4.427000 -3.883884 3.616117
      vertex 4.427000 -5.367136 4.500000
    endloop
  endfacet
  facet normal 0.000000 -1.000000 0.000000
    outer loop
      vertex 10.827000 -6.000000 2.000000
      vertex 2.827000 -6.000000 7.000000
      vertex 2.827000 -6.000000 2.000000
    endloop
  endfacet
  facet normal 0.000000 0.866025 0.500000
    outer loop
      vertex 6.126999 -4.183567 2.450000
      vertex 4.427000 -5.367136 4.500000
      vertex 6.126999 -5.367136 4.500000
    endloop
  endfacet
  facet normal -1.000000 0.000000 0.000000
    outer loop
      vertex 2.827000 -6.000000 2.000000
      vertex 2.827000 -4.250000 4.500000
      vertex 2.827000 -4.207409 4.176476
    endloop
  endfacet
  facet normal -1.000000 0.000000 0.000000
    outer loop
      vertex 2.827000 -6.000000 2.000000
      vertex 2.827000 -4.207409 4.823524
      vertex 2.827000 -4.250000 4.500000
    endloop
  endfacet
  facet normal 0.000000 0.608760 0.793355
    outer loop
      vertex 4.427000 -3.625000 3.417468
      vertex 2.827000 -3.625000 3.417468
      vertex 4.427000 -3.883884 3.616117
    endloop
  endfacet
  facet normal 0.000000 0.382684 0.923879
    outer loop
      vertex 2.827000 -3.323524 3.292593
      vertex 2.827000 -3.625000 3.417468
      vertex 4.427000 -3.625000 3.417468
    endloop
  endfacet
  facet normal 0.000000 -0.382684 0.923879
    outer loop
      vertex 4.427000 -2.676476 3.292593
      vertex 4.427000 -2.375000 3.417468
      vertex 2.827000 -2.375000 3.417468
    endloop
  endfacet
  facet normal 0.000000 -0.608760 0.793355
    outer loop
      vertex 4.427000 -2.375000 3.417468
      vertex 2.827000 -2.116116 3.616117
      vertex 2.827000 -2.375000 3.417468
    endloop
  endfacet
  facet normal 0.000000 0.608760 0.793355
    outer loop
      vertex 4.427000 -3.883884 3.616117
      vertex 2.827000 -3.625000 3.417468
      vertex 2.827000 -3.883884 3.616117
    endloop
  endfacet
  facet normal 0.000000 -1.000000 0.000000
    outer loop
      vertex 4.427000 -0.299999 2.450000
      vertex 6.126999 -0.299999 4.000000
      vertex 4.427000 -0.299999 4.000000
    endloop
  endfacet
  facet normal 1.000000 0.000000 0.000000
    outer loop
      vertex 4.427000 -0.299999 2.450000
      vertex 4.427000 -1.792591 4.176476
      vertex 4.427000 -1.917469 3.875000
    endloop
  endfacet
  facet normal 0.000000 -0.608760 0.793355
    outer loop
      vertex 4.427000 -2.375000 3.417468
      vertex 4.427000 -2.116116 3.616117
      vertex 2.827000 -2.116116 3.616117
    endloop
  endfacet
  facet normal 0.000000 0.793356 0.608758
    outer loop
      vertex 4.427000 -3.883884 3.616117
      vertex 2.827000 -3.883884 3.616117
      vertex 4.427000 -4.082531 3.875000
    endloop
  endfacet
  facet normal 0.000000 0.793356 0.608758
    outer loop
      vertex 4.427000 -4.082531 3.875000
      vertex 2.827000 -3.883884 3.616117
      vertex 2.827000 -4.082531 3.875000
    endloop
  endfacet
  facet normal 1.000000 0.000000 0.000000
    outer loop
      vertex 4.427000 -0.299999 2.450000
      vertex 4.427000 -1.750000 4.500000
      vertex 4.427000 -1.792591 4.176476
    endloop
  endfacet
  facet normal 0.000000 -0.793356 0.608758
    outer loop
      vertex 4.427000 -2.116116 3.616117
      vertex 4.427000 -1.917469 3.875000
      vertex 2.827000 -1.917469 3.875000
    endloop
  endfacet
  facet normal 0.000000 -0.793356 0.608758
    outer loop
      vertex 4.427000 -2.116116 3.616117
      vertex 2.827000 -1.917469 3.875000
      vertex 2.827000 -2.116116 3.616117
    endloop
  endfacet
  facet normal 1.000000 0.000000 0.000000
    outer loop
      vertex 4.427000 -0.299999 2.450000
      vertex 4.427000 -1.792591 4.823524
      vertex 4.427000 -1.750000 4.500000
    endloop
  endfacet
  facet normal 1.000000 0.000000 -0.000000
    outer loop
      vertex 4.427000 -0.299999 2.450000
      vertex 4.427000 -0.299999 4.000000
      vertex 4.427000 -1.917469 5.125000
    endloop
  endfacet
  facet normal 1.000000 0.000000 0.000000
    outer loop
      vertex 4.427000 -3.883884 3.616117
      vertex 4.427000 -4.082531 3.875000
      vertex 4.427000 -5.367136 4.500000
    endloop
  endfacet
  facet normal 1.000000 0.000000 0.000000
    outer loop
      vertex 4.427000 -4.082531 3.875000
      vertex 4.427000 -4.207409 4.176476
      vertex 4.427000 -5.367136 4.500000
    endloop
  endfacet
  facet normal 1.000000 0.000000 0.000000
    outer loop
      vertex 4.427000 -4.207409 4.176476
      vertex 4.427000 -4.250000 4.500000
      vertex 4.427000 -5.367136 4.500000
    endloop
  endfacet
  facet normal 0.000000 0.923877 0.382690
    outer loop
      vertex 4.427000 -4.082531 3.875000
      vertex 2.827000 -4.082531 3.875000
      vertex 4.427000 -4.207409 4.176476
    endloop
  endfacet
  facet normal 0.000000 0.923877 0.382690
    outer loop
      vertex 2.827000 -4.082531 3.875000
      vertex 2.827000 -4.207409 4.176476
      vertex 4.427000 -4.207409 4.176476
    endloop
  endfacet
  facet normal 0.000000 -0.000000 1.000000
    outer loop
      vertex 6.126999 -0.299999 4.000000
      vertex 6.126999 0.000000 4.000000
      vertex 4.427000 -0.299999 4.000000
    endloop
  endfacet
  facet normal 0.000000 0.000000 1.000000
    outer loop
      vertex 4.427000 -0.299999 4.000000
      vertex 6.126999 0.000000 4.000000
      vertex 4.427000 0.000000 4.000000
    endloop
  endfacet
  facet normal 0.000000 -0.923877 0.382690
    outer loop
      vertex 4.427000 -1.917469 3.875000
      vertex 4.427000 -1.792591 4.176476
      vertex 2.827000 -1.792591 4.176476
    endloop
  endfacet
  facet normal 0.000000 -0.923877 0.382690
    outer loop
      vertex 4.427000 -1.917469 3.875000
      vertex 2.827000 -1.792591 4.176476
      vertex 2.827000 -1.917469 3.875000
    endloop
  endfacet
  facet normal 1.000000 0.000000 0.000000
    outer loop
      vertex 4.427000 -0.299999 2.450000
      vertex 4.427000 -1.917469 5.125000
      vertex 4.427000 -1.792591 4.823524
    endloop
  endfacet
  facet normal 0.000000 0.991446 0.130521
    outer loop
      vertex 4.427000 -4.207409 4.176476
      vertex 2.827000 -4.207409 4.176476
      vertex 4.427000 -4.250000 4.500000
    endloop
  endfacet
  facet normal 0.000000 0.991446 0.130521
    outer loop
      vertex 2.827000 -4.207409 4.176476
      vertex 2.827000 -4.250000 4.500000
      vertex 4.427000 -4.250000 4.500000
    endloop
  endfacet
  facet normal 0.000000 -0.991446 0.130521
    outer loop
      vertex 4.427000 -1.792591 4.176476
      vertex 2.827000 -1.750000 4.500000
      vertex 2.827000 -1.792591 4.176476
    endloop
  endfacet
  facet normal 0.000000 -0.991446 0.130521
    outer loop
      vertex 4.427000 -1.792591 4.176476
      vertex 4.427000 -1.750000 4.500000
      vertex 2.827000 -1.750000 4.500000
    endloop
  endfacet
  facet normal -1.000000 0.000000 0.000000
    outer loop
      vertex 2.827000 -1.792591 4.176476
      vertex 2.827000 0.000000 7.000000
      vertex 2.827000 0.000000 2.000000
    endloop
  endfacet
  facet normal -0.000000 0.000000 -1.000000
    outer loop
      vertex 12.025819 -26.436353 0.000000
      vertex -24.226999 -35.500000 0.000000
      vertex 11.732587 -25.997500 0.000000
    endloop
  endfacet
  facet normal -0.000000 0.000000 -1.000000
    outer loop
      vertex 11.732587 -25.997500 0.000000
      vertex -24.226999 -35.500000 0.000000
      vertex 11.499146 -25.524128 0.000000
    endloop
  endfacet
  facet normal -0.000000 0.000000 -1.000000
    outer loop
      vertex 11.499146 -25.524128 0.000000
      vertex -24.226999 -35.500000 0.000000
      vertex 11.329489 -25.024335 0.000000
    endloop
  endfacet
  facet normal -0.000000 0.000000 -1.000000
    outer loop
      vertex 11.329489 -25.024335 0.000000
      vertex -24.226999 -35.500000 0.000000
      vertex 11.226520 -24.506673 0.000000
    endloop
  endfacet
  facet normal -0.000000 0.000000 -1.000000
    outer loop
      vertex 11.226520 -24.506673 0.000000
      vertex -24.226999 -35.500000 0.000000
      vertex 11.191999 -23.980000 0.000000
    endloop
  endfacet
  facet normal -0.000000 0.000000 -1.000000
    outer loop
      vertex 11.191999 -23.980000 0.000000
      vertex -24.226999 -35.500000 0.000000
      vertex 11.226520 -23.453327 0.000000
    endloop
  endfacet
  facet normal -0.000000 0.000000 -1.000000
    outer loop
      vertex 11.226520 -23.453327 0.000000
      vertex -24.226999 -35.500000 0.000000
      vertex 11.329489 -22.935665 0.000000
    endloop
  endfacet
  facet normal -0.000000 0.000000 -1.000000
    outer loop
      vertex 11.499146 -22.435872 0.000000
      vertex -24.226999 -35.500000 0.000000
      vertex 11.732587 -21.962500 0.000000
    endloop
  endfacet
  facet normal 0.000000 0.000000 -1.000000
    outer loop
      vertex 11.499146 -22.435872 0.000000
      vertex 11.329489 -22.935665 0.000000
      vertex -24.226999 -35.500000 0.000000
    endloop
  endfacet
  facet normal 0.000000 -1.000000 0.000000
    outer loop
      vertex 24.226999 -35.500000 0.000000
      vertex -24.226999 -35.500000 2.000000
      vertex -24.226999 -35.500000 0.000000
    endloop
  endfacet
  facet normal -0.000000 0.000000 -1.000000
    outer loop
      vertex 11.732587 -21.962500 0.000000
      vertex -24.226999 -35.500000 0.000000
      vertex 12.025819 -21.523647 0.000000
    endloop
  endfacet
  facet normal 0.000000 0.000000 1.000000
    outer loop
      vertex 24.226999 -35.500000 2.000000
      vertex -12.027002 -34.500000 2.000000
      vertex -18.973001 -34.500000 2.000000
    endloop
  endfacet
  facet normal 0.000000 0.000000 1.000000
    outer loop
      vertex 12.226999 -34.500000 2.000000
      vertex -12.027002 -32.300000 2.000000
      vertex -12.027002 -34.500000 2.000000
    endloop
  endfacet
  facet normal 0.000000 0.000000 1.000000
    outer loop
      vertex 24.226999 -35.500000 2.000000
      vertex -18.973001 -34.500000 2.000000
      vertex -18.973001 -35.000000 2.000000
    endloop
  endfacet
  facet normal 0.000000 0.000000 1.000000
    outer loop
      vertex 24.226999 -35.500000 2.000000
      vertex -18.973001 -35.000000 2.000000
      vertex -20.573000 -35.000000 2.000000
    endloop
  endfacet
  facet normal 0.000000 0.000000 1.000000
    outer loop
      vertex 12.226999 -30.700000 2.000000
      vertex -12.027002 -28.615000 2.000000
      vertex -12.027002 -30.700000 2.000000
    endloop
  endfacet
  facet normal 0.000000 0.000000 1.000000
    outer loop
      vertex 12.226999 -29.000000 2.000000
      vertex -12.580000 -26.500000 2.000000
      vertex -12.027002 -28.615000 2.000000
    endloop
  endfacet
  facet normal 0.000000 0.000000 1.000000
    outer loop
      vertex 12.226999 -29.000000 2.000000
      vertex -10.802999 -26.530000 2.000000
      vertex -12.580000 -26.500000 2.000000
    endloop
  endfacet
  facet normal 0.000000 0.000000 1.000000
    outer loop
      vertex 24.226999 -35.500000 2.000000
      vertex -20.573000 -35.000000 2.000000
      vertex -24.226999 -35.500000 2.000000
    endloop
  endfacet
  facet normal 0.000000 0.000000 1.000000
    outer loop
      vertex 12.026999 -26.530000 1.296000
      vertex -10.802999 -22.770000 1.296000
      vertex -10.802999 -26.530000 1.296000
    endloop
  endfacet
  facet normal 0.000000 1.000000 0.000000
    outer loop
      vertex 12.026999 -26.530000 1.296000
      vertex -10.802999 -26.530000 1.296000
      vertex -10.802999 -26.530000 2.000000
    endloop
  endfacet
  facet normal 0.000000 0.000000 1.000000
    outer loop
      vertex 12.026999 -22.770000 2.000000
      vertex -4.573000 -22.000000 2.000000
      vertex -10.802999 -22.770000 2.000000
    endloop
  endfacet
  facet normal -0.000000 -1.000000 0.000000
    outer loop
      vertex 12.026999 -22.770000 2.000000
      vertex -10.802999 -22.770000 2.000000
      vertex -10.802999 -22.770000 1.296000
    endloop
  endfacet
  facet normal 1.000000 0.000000 0.000000
    outer loop
      vertex -10.802999 -26.530000 1.296000
      vertex -10.802999 -22.770000 1.296000
      vertex -10.802999 -22.770000 2.000000
    endloop
  endfacet
  facet normal 1.000000 0.000000 0.000000
    outer loop
      vertex -10.802999 -26.530000 1.296000
      vertex -10.802999 -22.770000 2.000000
      vertex -10.802999 -26.530000 2.000000
    endloop
  endfacet
  facet normal 0.000000 0.000000 1.000000
    outer loop
      vertex -10.802999 -26.530000 2.000000
      vertex -11.523001 -24.300000 2.000000
      vertex -12.580000 -26.500000 2.000000
    endloop
  endfacet
  facet normal 0.000000 0.000000 1.000000
    outer loop
      vertex -10.802999 -26.530000 2.000000
      vertex -11.523001 -22.700000 2.000000
      vertex -11.523001 -24.300000 2.000000
    endloop
  endfacet
  facet normal 0.000000 -0.000000 1.000000
    outer loop
      vertex -10.802999 -26.530000 2.000000
      vertex -10.802999 -22.770000 2.000000
      vertex -11.523001 -22.700000 2.000000
    endloop
  endfacet
  facet normal 0.000000 0.000000 1.000000
    outer loop
      vertex -10.802999 -22.770000 2.000000
      vertex -10.973001 -22.500000 2.000000
      vertex -11.523001 -22.700000 2.000000
    endloop
  endfacet
  facet normal 0.000000 0.000000 1.000000
    outer loop
      vertex -10.973001 -22.500000 2.000000
      vertex -12.573000 -22.500000 2.000000
      vertex -11.523001 -22.700000 2.000000
    endloop
  endfacet
  facet normal 0.000000 0.000000 1.000000
    outer loop
      vertex -4.573000 -22.000000 2.000000
      vertex -10.973001 -16.299999 2.000000
      vertex -10.802999 -22.770000 2.000000
    endloop
  endfacet
  facet normal 0.000000 0.000000 1.000000
    outer loop
      vertex -4.573000 -22.000000 2.000000
      vertex -10.523001 -16.299999 2.000000
      vertex -10.973001 -16.299999 2.000000
    endloop
  endfacet
  facet normal 0.000000 0.000000 1.000000
    outer loop
      vertex -10.802999 -22.770000 2.000000
      vertex -10.973001 -16.299999 2.000000
      vertex -10.973001 -22.500000 2.000000
    endloop
  endfacet
  facet normal 0.000000 0.000000 1.000000
    outer loop
      vertex -12.027002 -28.615000 2.000000
      vertex -12.580000 -26.500000 2.000000
      vertex -12.580000 -28.615000 2.000000
    endloop
  endfacet
  facet normal 0.000000 -0.000000 1.000000
    outer loop
      vertex -20.573000 -35.000000 2.000000
      vertex -20.573000 -34.500000 2.000000
      vertex -21.027002 -34.500000 2.000000
    endloop
  endfacet
  facet normal 0.000000 0.000000 1.000000
    outer loop
      vertex -20.573000 -35.000000 2.000000
      vertex -21.027002 -34.500000 2.000000
      vertex -24.226999 -35.500000 2.000000
    endloop
  endfacet
  facet normal 0.000000 0.000000 1.000000
    outer loop
      vertex -21.027002 -34.500000 2.000000
      vertex -23.523001 -24.300000 2.000000
      vertex -24.226999 -35.500000 2.000000
    endloop
  endfacet
  facet normal 0.000000 -0.000000 1.000000
    outer loop
      vertex -21.027002 -34.500000 2.000000
      vertex -21.027002 -26.500000 2.000000
      vertex -23.523001 -24.300000 2.000000
    endloop
  endfacet
  facet normal 0.000000 0.000000 1.000000
    outer loop
      vertex -24.226999 -35.500000 2.000000
      vertex -23.523001 -24.300000 2.000000
      vertex -23.523001 -22.700000 2.000000
    endloop
  endfacet
  facet normal 0.000000 0.000000 1.000000
    outer loop
      vertex -11.523001 -24.300000 2.000000
      vertex -18.973001 -26.500000 2.000000
      vertex -12.580000 -26.500000 2.000000
    endloop
  endfacet
  facet normal 0.000000 0.000000 1.000000
    outer loop
      vertex -11.523001 -22.700000 2.000000
      vertex -12.573000 -22.500000 2.000000
      vertex -18.973001 -22.700000 2.000000
    endloop
  endfacet
  facet normal 0.000000 0.000000 1.000000
    outer loop
      vertex -11.523001 -24.300000 2.000000
      vertex -18.973001 -24.300000 2.000000
      vertex -18.973001 -26.500000 2.000000
    endloop
  endfacet
  facet normal 0.000000 -0.000000 1.000000
    outer loop
      vertex -12.573000 -22.500000 2.000000
      vertex -12.573000 -16.299999 2.000000
      vertex -18.973001 -22.700000 2.000000
    endloop
  endfacet
  facet normal 0.000000 0.000000 1.000000
    outer loop
      vertex -18.973001 -22.700000 2.000000
      vertex -12.573000 -16.299999 2.000000
      vertex -18.973001 -16.299999 2.000000
    endloop
  endfacet
  facet normal 0.000000 -0.000000 1.000000
    outer loop
      vertex -20.573000 -26.500000 2.000000
      vertex -20.573000 -24.300000 2.000000
      vertex -21.027002 -26.500000 2.000000
    endloop
  endfacet
  facet normal 0.000000 -0.000000 1.000000
    outer loop
      vertex -21.027002 -26.500000 2.000000
      vertex -20.573000 -24.300000 2.000000
      vertex -23.523001 -24.300000 2.000000
    endloop
  endfacet
  facet normal 0.000000 0.000000 1.000000
    outer loop
      vertex -24.226999 -35.500000 2.000000
      vertex -23.523001 -22.700000 2.000000
      vertex -23.523001 -16.299999 2.000000
    endloop
  endfacet
  facet normal 0.000000 -0.000000 1.000000
    outer loop
      vertex -20.573000 -22.700000 2.000000
      vertex -20.573000 -16.299999 2.000000
      vertex -23.523001 -22.700000 2.000000
    endloop
  endfacet
  facet normal 0.000000 0.000000 1.000000
    outer loop
      vertex -24.226999 -35.500000 2.000000
      vertex -23.523001 -16.299999 2.000000
      vertex -23.523001 -14.700001 2.000000
    endloop
  endfacet
  facet normal 0.000000 0.000000 1.000000
    outer loop
      vertex -23.523001 -22.700000 2.000000
      vertex -20.573000 -16.299999 2.000000
      vertex -23.523001 -16.299999 2.000000
    endloop
  endfacet
  facet normal -0.000000 0.000000 -1.000000
    outer loop
      vertex 12.373823 -21.126824 0.000000
      vertex -24.226999 -35.500000 0.000000
      vertex -24.226999 35.500000 0.000000
    endloop
  endfacet
  facet normal 0.000000 -0.000000 1.000000
    outer loop
      vertex -4.573000 -22.000000 2.000000
      vertex -4.573000 -10.250000 2.000000
      vertex -10.523001 -14.700001 2.000000
    endloop
  endfacet
  facet normal 0.000000 0.000000 1.000000
    outer loop
      vertex -4.573000 -22.000000 2.000000
      vertex -10.523001 -14.700001 2.000000
      vertex -10.523001 -16.299999 2.000000
    endloop
  endfacet
  facet normal 0.000000 0.000000 1.000000
    outer loop
      vertex -10.523001 -14.700001 2.000000
      vertex -10.973001 -10.000000 2.000000
      vertex -10.973001 -14.700001 2.000000
    endloop
  endfacet
  facet normal 0.000000 -0.000000 1.000000
    outer loop
      vertex -2.973001 -10.250000 2.000000
      vertex 2.827000 0.000000 2.000000
      vertex -4.573000 -10.250000 2.000000
    endloop
  endfacet
  facet normal 0.000000 -0.000000 1.000000
    outer loop
      vertex -4.573000 -10.250000 2.000000
      vertex 2.827000 0.000000 2.000000
      vertex -10.523001 -14.700001 2.000000
    endloop
  endfacet
  facet normal 0.000000 0.000000 1.000000
    outer loop
      vertex -10.973001 -10.000000 2.000000
      vertex 2.827000 0.000000 2.000000
      vertex 3.427000 7.700001 2.000000
    endloop
  endfacet
  facet normal 0.000000 -0.000000 1.000000
    outer loop
      vertex -10.523001 -14.700001 2.000000
      vertex 2.827000 0.000000 2.000000
      vertex -10.973001 -10.000000 2.000000
    endloop
  endfacet
  facet normal 0.000000 0.000000 1.000000
    outer loop
      vertex -10.973001 -10.000000 2.000000
      vertex -12.573000 -2.000000 2.000000
      vertex -12.573000 -10.000000 2.000000
    endloop
  endfacet
  facet normal 0.000000 -0.000000 1.000000
    outer loop
      vertex -10.973001 -10.000000 2.000000
      vertex -10.973001 -2.000000 2.000000
      vertex -12.573000 -2.000000 2.000000
    endloop
  endfacet
  facet normal 0.000000 0.000000 1.000000
    outer loop
      vertex -10.973001 -10.000000 2.000000
      vertex -7.523001 -0.299999 2.000000
      vertex -10.973001 -2.000000 2.000000
    endloop
  endfacet
  facet normal 0.000000 0.000000 1.000000
    outer loop
      vertex -7.523001 -0.299999 2.000000
      vertex -10.973001 -0.299999 2.000000
      vertex -10.973001 -2.000000 2.000000
    endloop
  endfacet
  facet normal -1.000000 0.000000 0.000000
    outer loop
      vertex -24.226999 -35.500000 0.000000
      vertex -24.226999 -35.500000 2.000000
      vertex -24.226999 35.500000 0.000000
    endloop
  endfacet
  facet normal 0.000000 -0.000000 1.000000
    outer loop
      vertex -12.573000 -14.700001 2.000000
      vertex -12.573000 -10.000000 2.000000
      vertex -18.973001 -10.000000 2.000000
    endloop
  endfacet
  facet normal 0.000000 0.000000 1.000000
    outer loop
      vertex -12.573000 -14.700001 2.000000
      vertex -18.973001 -10.000000 2.000000
      vertex -18.973001 -14.700001 2.000000
    endloop
  endfacet
  facet normal 0.000000 0.000000 1.000000
    outer loop
      vertex -24.226999 -35.500000 2.000000
      vertex -23.523001 -14.700001 2.000000
      vertex -23.523001 -0.299999 2.000000
    endloop
  endfacet
  facet normal 0.000000 -0.000000 1.000000
    outer loop
      vertex -20.573000 -14.700001 2.000000
      vertex -20.573000 -10.000000 2.000000
      vertex -23.523001 -14.700001 2.000000
    endloop
  endfacet
  facet normal 0.000000 0.000000 1.000000
    outer loop
      vertex -24.226999 -35.500000 2.000000
      vertex -23.523001 -0.299999 2.000000
      vertex -23.523001 1.299999 2.000000
    endloop
  endfacet
  facet normal 0.000000 0.000000 1.000000
    outer loop
      vertex -23.523001 -14.700001 2.000000
      vertex -20.573000 -10.000000 2.000000
      vertex -20.573000 -2.000000 2.000000
    endloop
  endfacet
  facet normal 0.000000 -0.000000 1.000000
    outer loop
      vertex -12.573000 -10.000000 2.000000
      vertex -12.573000 -2.000000 2.000000
      vertex -18.973001 -10.000000 2.000000
    endloop
  endfacet
  facet normal 0.000000 -0.000000 1.000000
    outer loop
      vertex -18.973001 -10.000000 2.000000
      vertex -12.573000 -0.299999 2.000000
      vertex -20.573000 -10.000000 2.000000
    endloop
  endfacet
  facet normal 0.000000 0.000000 1.000000
    outer loop
      vertex -18.973001 -10.000000 2.000000
      vertex -12.573000 -2.000000 2.000000
      vertex -12.573000 -0.299999 2.000000
    endloop
  endfacet
  facet normal 0.000000 0.000000 1.000000
    outer loop
      vertex -20.573000 -10.000000 2.000000
      vertex -12.573000 -0.299999 2.000000
      vertex -18.973001 -2.000000 2.000000
    endloop
  endfacet
  facet normal 0.000000 0.000000 1.000000
    outer loop
      vertex -12.573000 -0.299999 2.000000
      vertex -18.973001 -0.299999 2.000000
      vertex -18.973001 -2.000000 2.000000
    endloop
  endfacet
  facet normal 0.000000 0.000000 1.000000
    outer loop
      vertex -20.573000 -10.000000 2.000000
      vertex -18.973001 -2.000000 2.000000
      vertex -20.573000 -2.000000 2.000000
    endloop
  endfacet
  facet normal 0.000000 0.000000 1.000000
    outer loop
      vertex -23.523001 -14.700001 2.000000
      vertex -20.573000 -2.000000 2.000000
      vertex -20.573000 -0.299999 2.000000
    endloop
  endfacet
  facet normal 0.000000 0.000000 1.000000
    outer loop
      vertex -23.523001 -14.700001 2.000000
      vertex -20.573000 -0.299999 2.000000
      vertex -23.523001 -0.299999 2.000000
    endloop
  endfacet
  facet normal 0.000000 0.000000 1.000000
    outer loop
      vertex -24.226999 -35.500000 2.000000
      vertex -23.523001 1.299999 2.000000
      vertex -24.226999 28.500000 2.000000
    endloop
  endfacet
  facet normal 0.000000 1.000000 0.000000
    outer loop
      vertex 12.226999 -30.700000 2.000000
      vertex -12.027002 -30.700000 2.000000
      vertex -12.027002 -30.700000 3.280330
    endloop
  endfacet
  facet normal -0.000000 -1.000000 0.000000
    outer loop
      vertex 20.476999 -32.300000 4.000000
      vertex -12.027002 -32.300000 4.000000
      vertex -12.027002 -32.300000 2.000000
    endloop
  endfacet
  facet normal 0.000000 1.000000 0.000000
    outer loop
      vertex 12.226999 -30.700000 2.000000
      vertex -12.027002 -30.700000 3.280330
      vertex -17.627001 -30.700000 4.000000
    endloop
  endfacet
  facet normal 1.000000 0.000000 0.000000
    outer loop
      vertex -12.027002 -30.700000 2.000000
      vertex -12.027002 -28.615000 2.000000
      vertex -12.027002 -30.176476 3.296593
    endloop
  endfacet
  facet normal 1.000000 0.000000 0.000000
    outer loop
      vertex -12.027002 -30.700000 2.000000
      vertex -12.027002 -30.500000 3.254000
      vertex -12.027002 -30.700000 3.280330
    endloop
  endfacet
  facet normal 1.000000 0.000000 0.000000
    outer loop
      vertex -12.027002 -30.700000 2.000000
      vertex -12.027002 -30.176476 3.296593
      vertex -12.027002 -30.500000 3.254000
    endloop
  endfacet
  facet normal 1.000000 0.000000 0.000000
    outer loop
      vertex -12.027002 -28.615000 2.000000
      vertex -12.027002 -29.875000 3.421468
      vertex -12.027002 -30.176476 3.296593
    endloop
  endfacet
  facet normal 1.000000 0.000000 0.000000
    outer loop
      vertex -12.027002 -28.615000 2.000000
      vertex -12.027002 -29.616117 3.620116
      vertex -12.027002 -29.875000 3.421468
    endloop
  endfacet
  facet normal 1.000000 0.000000 0.000000
    outer loop
      vertex -12.027002 -28.615000 2.000000
      vertex -12.027002 -29.417468 3.879000
      vertex -12.027002 -29.616117 3.620116
    endloop
  endfacet
  facet normal 1.000000 0.000000 0.000000
    outer loop
      vertex -12.027002 -28.615000 2.000000
      vertex -12.027002 -29.292593 4.180476
      vertex -12.027002 -29.417468 3.879000
    endloop
  endfacet
  facet normal 0.000000 -1.000000 0.000000
    outer loop
      vertex -2.973001 -22.000000 2.000000
      vertex -4.573000 -22.000000 4.000000
      vertex -4.573000 -22.000000 2.000000
    endloop
  endfacet
  facet normal -1.000000 0.000000 0.000000
    outer loop
      vertex -4.573000 -22.000000 2.000000
      vertex -4.573000 -22.000000 4.000000
      vertex -4.573000 -10.250000 2.000000
    endloop
  endfacet
  facet normal 1.000000 0.000000 0.000000
    outer loop
      vertex -2.973001 -22.000000 2.000000
      vertex -2.973001 -10.250000 4.000000
      vertex -2.973001 -22.000000 4.000000
    endloop
  endfacet
  facet normal 0.000000 -1.000000 0.000000
    outer loop
      vertex -2.973001 -22.000000 2.000000
      vertex -2.973001 -22.000000 4.000000
      vertex -4.573000 -22.000000 4.000000
    endloop
  endfacet
  facet normal 1.000000 0.000000 0.000000
    outer loop
      vertex -11.523001 -24.300000 2.000000
      vertex -11.523001 -22.700000 2.000000
      vertex -11.523001 -22.700000 4.000000
    endloop
  endfacet
  facet normal 0.000000 -1.000000 0.000000
    outer loop
      vertex -10.973001 -22.500000 2.000000
      vertex -12.573000 -22.500000 4.000000
      vertex -12.573000 -22.500000 2.000000
    endloop
  endfacet
  facet normal 1.000000 0.000000 0.000000
    outer loop
      vertex -10.973001 -22.500000 2.000000
      vertex -10.973001 -16.299999 2.000000
      vertex -10.973001 -22.500000 4.000000
    endloop
  endfacet
  facet normal 1.000000 0.000000 0.000000
    outer loop
      vertex -11.523001 -24.300000 2.000000
      vertex -11.523001 -22.700000 4.000000
      vertex -11.523001 -24.300000 4.000000
    endloop
  endfacet
  facet normal 0.000000 -1.000000 0.000000
    outer loop
      vertex -10.973001 -22.500000 2.000000
      vertex -10.973001 -22.500000 4.000000
      vertex -12.573000 -22.500000 4.000000
    endloop
  endfacet
  facet normal 1.000000 0.000000 -0.000000
    outer loop
      vertex -10.973001 -16.299999 2.000000
      vertex -10.973001 -16.299999 4.000000
      vertex -10.973001 -22.500000 4.000000
    endloop
  endfacet
  facet normal 0.000000 0.000000 1.000000
    outer loop
      vertex 20.476999 -30.700000 4.000000
      vertex -12.027002 -31.632652 4.000000
      vertex -12.027002 -32.300000 4.000000
    endloop
  endfacet
  facet normal 0.000000 0.000000 1.000000
    outer loop
      vertex 20.476999 -30.700000 4.000000
      vertex -17.627001 -31.632652 4.000000
      vertex -12.027002 -31.632652 4.000000
    endloop
  endfacet
  facet normal 0.000000 0.000000 1.000000
    outer loop
      vertex 20.476999 -30.700000 4.000000
      vertex -17.627001 -30.700000 4.000000
      vertex -17.627001 -31.632652 4.000000
    endloop
  endfacet
  facet normal 1.000000 0.000000 0.000000
    outer loop
      vertex -12.027002 -34.500000 2.000000
      vertex -12.027002 -32.300000 2.000000
      vertex -12.027002 -34.500000 7.008000
    endloop
  endfacet
  facet normal 1.000000 0.000000 0.000000
    outer loop
      vertex -12.027002 -28.615000 2.000000
      vertex -12.027002 -29.250000 4.504000
      vertex -12.027002 -29.292593 4.180476
    endloop
  endfacet
  facet normal 1.000000 0.000000 0.000000
    outer loop
      vertex -12.027002 -32.300000 4.000000
      vertex -12.027002 -31.632652 4.000000
      vertex -12.027002 -31.707407 4.180476
    endloop
  endfacet
  facet normal 1.000000 0.000000 -0.000000
    outer loop
      vertex -12.027002 -32.300000 2.000000
      vertex -12.027002 -32.300000 4.000000
      vertex -12.027002 -34.500000 7.008000
    endloop
  endfacet
  facet normal 0.000000 -0.000000 1.000000
    outer loop
      vertex -2.973001 -22.000000 4.000000
      vertex -2.973001 -10.250000 4.000000
      vertex -4.573000 -22.000000 4.000000
    endloop
  endfacet
  facet normal 0.000000 -0.000000 1.000000
    outer loop
      vertex -10.973001 -22.500000 4.000000
      vertex -10.973001 -16.299999 4.000000
      vertex -12.573000 -22.500000 4.000000
    endloop
  endfacet
  facet normal 0.000000 0.000000 1.000000
    outer loop
      vertex -12.573000 -22.500000 4.000000
      vertex -10.973001 -16.299999 4.000000
      vertex -12.573000 -16.299999 4.000000
    endloop
  endfacet
  facet normal 0.000000 -1.000000 0.000000
    outer loop
      vertex -12.027002 -34.500000 2.000000
      vertex -18.973001 -34.500000 4.000000
      vertex -18.973001 -34.500000 2.000000
    endloop
  endfacet
  facet normal -1.000000 0.000000 0.000000
    outer loop
      vertex -17.627001 -30.500000 2.136864
      vertex -17.627001 -32.550000 3.320432
      vertex -17.627001 -30.700000 3.280330
    endloop
  endfacet
  facet normal 0.000000 0.130526 0.991445
    outer loop
      vertex -12.027002 -30.700000 3.280330
      vertex -12.027002 -30.500000 3.254000
      vertex -17.627001 -30.700000 3.280330
    endloop
  endfacet
  facet normal 0.000000 -0.130526 0.991445
    outer loop
      vertex -12.027002 -30.500000 3.254000
      vertex -12.027002 -30.176476 3.296593
      vertex -17.627001 -30.176476 3.296593
    endloop
  endfacet
  facet normal -1.000000 0.000000 0.000000
    outer loop
      vertex -17.627001 -30.500000 2.136864
      vertex -17.627001 -30.700000 3.280330
      vertex -17.627001 -30.500000 3.254000
    endloop
  endfacet
  facet normal -1.000000 0.000000 0.000000
    outer loop
      vertex -17.627001 -30.500000 2.136864
      vertex -17.627001 -30.500000 3.254000
      vertex -17.627001 -30.176476 3.296593
    endloop
  endfacet
  facet normal -1.000000 0.000000 0.000000
    outer loop
      vertex -17.627001 -30.500000 2.136864
      vertex -17.627001 -30.176476 3.296593
      vertex -17.627001 -29.924157 3.320432
    endloop
  endfacet
  facet normal -1.000000 0.000000 0.000000
    outer loop
      vertex -17.627001 -30.500000 2.136864
      vertex -17.627001 -29.924157 3.320432
      vertex -17.627001 -28.450000 3.320432
    endloop
  endfacet
  facet normal 0.000000 -0.500000 0.866025
    outer loop
      vertex -17.627001 -30.500000 2.136864
      vertex -17.627001 -28.450000 3.320432
      vertex -18.973001 -28.450000 3.320432
    endloop
  endfacet
  facet normal 0.000000 0.130526 0.991445
    outer loop
      vertex -12.027002 -30.500000 3.254000
      vertex -17.627001 -30.500000 3.254000
      vertex -17.627001 -30.700000 3.280330
    endloop
  endfacet
  facet normal 0.000000 -0.130526 0.991445
    outer loop
      vertex -12.027002 -30.500000 3.254000
      vertex -17.627001 -30.176476 3.296593
      vertex -17.627001 -30.500000 3.254000
    endloop
  endfacet
  facet normal 0.000000 -0.382684 0.923879
    outer loop
      vertex -12.027002 -30.176476 3.296593
      vertex -17.627001 -29.875000 3.421468
      vertex -17.627001 -30.176476 3.296593
    endloop
  endfacet
  facet normal -1.000000 0.000000 0.000000
    outer loop
      vertex -17.627001 -30.176476 3.296593
      vertex -17.627001 -29.875000 3.421468
      vertex -17.627001 -29.924157 3.320432
    endloop
  endfacet
  facet normal -1.000000 0.000000 0.000000
    outer loop
      vertex -17.627001 -29.924157 3.320432
      vertex -17.627001 -29.875000 3.421468
      vertex -17.627001 -28.450000 3.320432
    endloop
  endfacet
  facet normal 1.000000 0.000000 0.000000
    outer loop
      vertex -18.973001 -35.000000 2.000000
      vertex -18.973001 -34.500000 2.000000
      vertex -18.973001 -34.500000 4.000000
    endloop
  endfacet
  facet normal 0.000000 -1.000000 0.000000
    outer loop
      vertex -18.973001 -35.000000 2.000000
      vertex -20.573000 -35.000000 4.000000
      vertex -20.573000 -35.000000 2.000000
    endloop
  endfacet
  facet normal -1.000000 0.000000 0.000000
    outer loop
      vertex -20.573000 -35.000000 2.000000
      vertex -20.573000 -35.000000 4.000000
      vertex -20.573000 -34.500000 2.000000
    endloop
  endfacet
  facet normal 0.000000 -1.000000 0.000000
    outer loop
      vertex -20.573000 -34.500000 2.000000
      vertex -20.573000 -34.500000 4.000000
      vertex -21.027002 -34.500000 2.000000
    endloop
  endfacet
  facet normal 0.000000 0.500000 0.866025
    outer loop
      vertex -17.627001 -30.500000 2.136864
      vertex -19.427000 -30.500000 2.136864
      vertex -17.627001 -32.550000 3.320432
    endloop
  endfacet
  facet normal -1.000000 0.000000 0.000000
    outer loop
      vertex -21.027002 -34.500000 2.000000
      vertex -21.027002 -30.176476 3.296593
      vertex -21.027002 -26.500000 2.000000
    endloop
  endfacet
  facet normal 0.000000 -0.500000 0.866025
    outer loop
      vertex -17.627001 -30.500000 2.136864
      vertex -19.427000 -28.450000 3.320432
      vertex -19.427000 -30.500000 2.136864
    endloop
  endfacet
  facet normal 0.000000 0.500000 0.866025
    outer loop
      vertex -19.427000 -30.500000 2.136864
      vertex -19.427000 -32.550000 3.320432
      vertex -17.627001 -32.550000 3.320432
    endloop
  endfacet
  facet normal -1.000000 0.000000 0.000000
    outer loop
      vertex -21.027002 -34.500000 2.000000
      vertex -21.027002 -30.823524 3.296593
      vertex -21.027002 -30.500000 3.254000
    endloop
  endfacet
  facet normal -1.000000 0.000000 0.000000
    outer loop
      vertex -21.027002 -34.500000 2.000000
      vertex -21.027002 -30.500000 3.254000
      vertex -21.027002 -30.176476 3.296593
    endloop
  endfacet
  facet normal -1.000000 0.000000 0.000000
    outer loop
      vertex -21.027002 -34.500000 2.000000
      vertex -21.027002 -31.125000 3.421468
      vertex -21.027002 -30.823524 3.296593
    endloop
  endfacet
  facet normal -1.000000 0.000000 0.000000
    outer loop
      vertex -21.027002 -34.500000 2.000000
      vertex -21.027002 -31.383883 3.620116
      vertex -21.027002 -31.125000 3.421468
    endloop
  endfacet
  facet normal 0.000000 -1.000000 0.000000
    outer loop
      vertex -18.973001 -35.000000 2.000000
      vertex -18.973001 -35.000000 4.000000
      vertex -20.573000 -35.000000 4.000000
    endloop
  endfacet
  facet normal 1.000000 0.000000 0.000000
    outer loop
      vertex -18.973001 -35.000000 2.000000
      vertex -18.973001 -34.500000 4.000000
      vertex -18.973001 -35.000000 4.000000
    endloop
  endfacet
  facet normal -1.000000 0.000000 0.000000
    outer loop
      vertex -20.573000 -34.500000 2.000000
      vertex -20.573000 -35.000000 4.000000
      vertex -20.573000 -34.500000 4.000000
    endloop
  endfacet
  facet normal -1.000000 0.000000 0.000000
    outer loop
      vertex -21.027002 -34.500000 2.000000
      vertex -21.027002 -31.582532 3.879000
      vertex -21.027002 -31.383883 3.620116
    endloop
  endfacet
  facet normal -1.000000 0.000000 0.000000
    outer loop
      vertex -21.027002 -34.500000 2.000000
      vertex -21.027002 -31.707407 4.180476
      vertex -21.027002 -31.582532 3.879000
    endloop
  endfacet
  facet normal 1.000000 0.000000 -0.000000
    outer loop
      vertex -19.427000 -30.500000 2.136864
      vertex -19.427000 -28.450000 3.320432
      vertex -19.427000 -32.550000 3.320432
    endloop
  endfacet
  facet normal 0.000000 -0.500000 0.866025
    outer loop
      vertex -17.627001 -30.500000 2.136864
      vertex -18.973001 -28.450000 3.320432
      vertex -19.427000 -28.450000 3.320432
    endloop
  endfacet
  facet normal -1.000000 0.000000 0.000000
    outer loop
      vertex -21.027002 -26.500000 2.000000
      vertex -21.027002 -30.176476 3.296593
      vertex -21.027002 -29.875000 3.421468
    endloop
  endfacet
  facet normal -1.000000 0.000000 0.000000
    outer loop
      vertex -21.027002 -26.500000 2.000000
      vertex -21.027002 -29.875000 3.421468
      vertex -21.027002 -29.616117 3.620116
    endloop
  endfacet
  facet normal 0.000000 0.130526 0.991445
    outer loop
      vertex -20.573000 -30.823524 3.296593
      vertex -20.573000 -30.500000 3.254000
      vertex -21.027002 -30.500000 3.254000
    endloop
  endfacet
  facet normal 0.000000 0.130526 0.991445
    outer loop
      vertex -20.573000 -30.823524 3.296593
      vertex -21.027002 -30.500000 3.254000
      vertex -21.027002 -30.823524 3.296593
    endloop
  endfacet
  facet normal 0.000000 -0.130526 0.991445
    outer loop
      vertex -20.573000 -30.500000 3.254000
      vertex -20.573000 -30.176476 3.296593
      vertex -21.027002 -30.176476 3.296593
    endloop
  endfacet
  facet normal 0.000000 -0.130526 0.991445
    outer loop
      vertex -20.573000 -30.500000 3.254000
      vertex -21.027002 -30.176476 3.296593
      vertex -21.027002 -30.500000 3.254000
    endloop
  endfacet
  facet normal 0.000000 0.382684 0.923879
    outer loop
      vertex -20.573000 -30.823524 3.296593
      vertex -21.027002 -30.823524 3.296593
      vertex -20.573000 -31.125000 3.421468
    endloop
  endfacet
  facet normal -1.000000 0.000000 0.000000
    outer loop
      vertex -20.573000 -30.823524 3.296593
      vertex -20.573000 -29.875000 3.421468
      vertex -20.573000 -30.500000 3.254000
    endloop
  endfacet
  facet normal -1.000000 0.000000 0.000000
    outer loop
      vertex -20.573000 -30.500000 3.254000
      vertex -20.573000 -29.875000 3.421468
      vertex -20.573000 -30.176476 3.296593
    endloop
  endfacet
  facet normal 0.000000 -0.382684 0.923879
    outer loop
      vertex -20.573000 -30.176476 3.296593
      vertex -21.027002 -29.875000 3.421468
      vertex -21.027002 -30.176476 3.296593
    endloop
  endfacet
  facet normal -1.000000 0.000000 0.000000
    outer loop
      vertex -21.027002 -26.500000 2.000000
      vertex -21.027002 -29.616117 3.620116
      vertex -21.027002 -29.417468 3.879000
    endloop
  endfacet
  facet normal -1.000000 0.000000 0.000000
    outer loop
      vertex -21.027002 -26.500000 2.000000
      vertex -21.027002 -29.417468 3.879000
      vertex -21.027002 -29.292593 4.180476
    endloop
  endfacet
  facet normal 0.000000 -1.000000 0.000000
    outer loop
      vertex -11.523001 -24.300000 2.000000
      vertex -11.523001 -24.300000 4.000000
      vertex -18.973001 -24.300000 2.000000
    endloop
  endfacet
  facet normal 0.000000 1.000000 0.000000
    outer loop
      vertex -12.580000 -26.500000 2.000000
      vertex -18.973001 -26.500000 2.000000
      vertex -18.973001 -26.500000 4.000000
    endloop
  endfacet
  facet normal 0.000000 1.000000 0.000000
    outer loop
      vertex -11.523001 -22.700000 2.000000
      vertex -18.973001 -22.700000 2.000000
      vertex -18.973001 -22.700000 4.000000
    endloop
  endfacet
  facet normal -1.000000 0.000000 0.000000
    outer loop
      vertex -12.573000 -22.500000 2.000000
      vertex -12.573000 -16.299999 4.000000
      vertex -12.573000 -16.299999 2.000000
    endloop
  endfacet
  facet normal 0.000000 1.000000 -0.000000
    outer loop
      vertex -11.523001 -22.700000 2.000000
      vertex -18.973001 -22.700000 4.000000
      vertex -11.523001 -22.700000 4.000000
    endloop
  endfacet
  facet normal 0.000000 -1.000000 0.000000
    outer loop
      vertex -18.973001 -24.300000 2.000000
      vertex -11.523001 -24.300000 4.000000
      vertex -18.973001 -24.300000 4.000000
    endloop
  endfacet
  facet normal -1.000000 0.000000 0.000000
    outer loop
      vertex -12.573000 -22.500000 2.000000
      vertex -12.573000 -22.500000 4.000000
      vertex -12.573000 -16.299999 4.000000
    endloop
  endfacet
  facet normal 1.000000 0.000000 0.000000
    outer loop
      vertex -18.973001 -26.500000 2.000000
      vertex -18.973001 -24.300000 2.000000
      vertex -18.973001 -24.300000 4.000000
    endloop
  endfacet
  facet normal 0.000000 1.000000 -0.000000
    outer loop
      vertex -20.573000 -26.500000 2.000000
      vertex -21.027002 -26.500000 2.000000
      vertex -20.573000 -26.500000 4.000000
    endloop
  endfacet
  facet normal -1.000000 0.000000 0.000000
    outer loop
      vertex -20.573000 -26.500000 2.000000
      vertex -20.573000 -24.300000 4.000000
      vertex -20.573000 -24.300000 2.000000
    endloop
  endfacet
  facet normal 0.000000 -1.000000 0.000000
    outer loop
      vertex -20.573000 -24.300000 2.000000
      vertex -20.573000 -24.300000 4.000000
      vertex -23.523001 -24.300000 2.000000
    endloop
  endfacet
  facet normal 0.000000 1.000000 0.000000
    outer loop
      vertex -20.573000 -22.700000 2.000000
      vertex -23.523001 -22.700000 2.000000
      vertex -23.523001 -22.700000 4.000000
    endloop
  endfacet
  facet normal -1.000000 0.000000 0.000000
    outer loop
      vertex -23.523001 -24.300000 2.000000
      vertex -23.523001 -24.300000 4.000000
      vertex -23.523001 -22.700000 2.000000
    endloop
  endfacet
  facet normal 1.000000 0.000000 0.000000
    outer loop
      vertex -18.973001 -22.700000 2.000000
      vertex -18.973001 -16.299999 2.000000
      vertex -18.973001 -22.700000 4.000000
    endloop
  endfacet
  facet normal -1.000000 0.000000 0.000000
    outer loop
      vertex -20.573000 -22.700000 2.000000
      vertex -20.573000 -16.299999 4.000000
      vertex -20.573000 -16.299999 2.000000
    endloop
  endfacet
  facet normal 1.000000 0.000000 0.000000
    outer loop
      vertex -18.973001 -26.500000 2.000000
      vertex -18.973001 -24.300000 4.000000
      vertex -18.973001 -26.500000 4.000000
    endloop
  endfacet
  facet normal -1.000000 0.000000 0.000000
    outer loop
      vertex -20.573000 -26.500000 2.000000
      vertex -20.573000 -26.500000 4.000000
      vertex -20.573000 -24.300000 4.000000
    endloop
  endfacet
  facet normal 0.000000 -1.000000 0.000000
    outer loop
      vertex -23.523001 -24.300000 2.000000
      vertex -20.573000 -24.300000 4.000000
      vertex -23.523001 -24.300000 4.000000
    endloop
  endfacet
  facet normal 0.000000 1.000000 -0.000000
    outer loop
      vertex -20.573000 -22.700000 2.000000
      vertex -23.523001 -22.700000 4.000000
      vertex -20.573000 -22.700000 4.000000
    endloop
  endfacet
  facet normal -1.000000 0.000000 0.000000
    outer loop
      vertex -23.523001 -22.700000 2.000000
      vertex -23.523001 -24.300000 4.000000
      vertex -23.523001 -22.700000 4.000000
    endloop
  endfacet
  facet normal -1.000000 0.000000 0.000000
    outer loop
      vertex -20.573000 -22.700000 2.000000
      vertex -20.573000 -22.700000 4.000000
      vertex -20.573000 -16.299999 4.000000
    endloop
  endfacet
  facet normal 1.000000 0.000000 -0.000000
    outer loop
      vertex -18.973001 -16.299999 2.000000
      vertex -18.973001 -16.299999 4.000000
      vertex -18.973001 -22.700000 4.000000
    endloop
  endfacet
  facet normal -1.000000 0.000000 0.000000
    outer loop
      vertex -17.627001 -32.550000 3.320432
      vertex -17.627001 -31.632652 4.000000
      vertex -17.627001 -30.700000 3.280330
    endloop
  endfacet
  facet normal -1.000000 0.000000 0.000000
    outer loop
      vertex -17.627001 -32.550000 3.320432
      vertex -17.627001 -31.707407 4.180476
      vertex -17.627001 -31.632652 4.000000
    endloop
  endfacet
  facet normal 0.000000 -0.382684 0.923879
    outer loop
      vertex -12.027002 -30.176476 3.296593
      vertex -12.027002 -29.875000 3.421468
      vertex -17.627001 -29.875000 3.421468
    endloop
  endfacet
  facet normal 0.000000 -0.608761 0.793353
    outer loop
      vertex -12.027002 -29.875000 3.421468
      vertex -12.027002 -29.616117 3.620116
      vertex -17.627001 -29.616117 3.620116
    endloop
  endfacet
  facet normal 0.000000 -0.793353 0.608762
    outer loop
      vertex -12.027002 -29.616117 3.620116
      vertex -12.027002 -29.417468 3.879000
      vertex -17.627001 -29.417468 3.879000
    endloop
  endfacet
  facet normal 0.000000 1.000000 -0.000000
    outer loop
      vertex -12.027002 -28.615000 2.000000
      vertex -12.580000 -28.615000 2.000000
      vertex -12.027002 -28.615000 7.008000
    endloop
  endfacet
  facet normal 1.000000 0.000000 0.000000
    outer loop
      vertex -12.580000 -28.615000 2.000000
      vertex -12.580000 -26.500000 2.000000
      vertex -12.580000 -26.500000 7.008000
    endloop
  endfacet
  facet normal 0.000000 -0.608761 0.793353
    outer loop
      vertex -12.027002 -29.875000 3.421468
      vertex -17.627001 -29.616117 3.620116
      vertex -17.627001 -29.875000 3.421468
    endloop
  endfacet
  facet normal 0.000000 1.000000 0.000000
    outer loop
      vertex -12.027002 -30.700000 3.280330
      vertex -17.627001 -30.700000 3.280330
      vertex -17.627001 -30.700000 4.000000
    endloop
  endfacet
  facet normal -1.000000 0.000000 0.000000
    outer loop
      vertex -17.627001 -28.450000 3.320432
      vertex -17.627001 -29.875000 3.421468
      vertex -17.627001 -29.616117 3.620116
    endloop
  endfacet
  facet normal -1.000000 0.000000 0.000000
    outer loop
      vertex -17.627001 -28.450000 3.320432
      vertex -17.627001 -29.616117 3.620116
      vertex -17.627001 -29.417468 3.879000
    endloop
  endfacet
  facet normal 0.000000 -0.793353 0.608762
    outer loop
      vertex -12.027002 -29.616117 3.620116
      vertex -17.627001 -29.417468 3.879000
      vertex -17.627001 -29.616117 3.620116
    endloop
  endfacet
  facet normal -1.000000 0.000000 0.000000
    outer loop
      vertex -17.627001 -30.700000 3.280330
      vertex -17.627001 -31.632652 4.000000
      vertex -17.627001 -30.700000 4.000000
    endloop
  endfacet
  facet normal -1.000000 0.000000 0.000000
    outer loop
      vertex -17.627001 -28.450000 3.320432
      vertex -17.627001 -29.417468 3.879000
      vertex -17.627001 -29.292593 4.180476
    endloop
  endfacet
  facet normal 0.000000 -1.000000 0.000000
    outer loop
      vertex -17.627001 -28.450000 3.320432
      vertex -17.627001 -28.450000 4.504000
      vertex -18.973001 -28.450000 3.320432
    endloop
  endfacet
  facet normal 0.000000 0.923880 0.382683
    outer loop
      vertex -12.027002 -31.632652 4.000000
      vertex -17.627001 -31.707407 4.180476
      vertex -12.027002 -31.707407 4.180476
    endloop
  endfacet
  facet normal 0.000000 0.991445 0.130526
    outer loop
      vertex -12.027002 -31.707407 4.180476
      vertex -17.627001 -31.707407 4.180476
      vertex -12.027002 -31.750000 4.504000
    endloop
  endfacet
  facet normal 0.000000 0.923880 0.382683
    outer loop
      vertex -12.027002 -31.632652 4.000000
      vertex -17.627001 -31.632652 4.000000
      vertex -17.627001 -31.707407 4.180476
    endloop
  endfacet
  facet normal -1.000000 0.000000 0.000000
    outer loop
      vertex -17.627001 -32.550000 3.320432
      vertex -17.627001 -32.550000 4.504000
      vertex -17.627001 -31.707407 4.180476
    endloop
  endfacet
  facet normal 0.000000 -1.000000 0.000000
    outer loop
      vertex -12.027002 -34.500000 2.000000
      vertex -21.027002 -34.500000 7.008000
      vertex -18.973001 -34.500000 4.000000
    endloop
  endfacet
  facet normal 0.000000 0.991445 0.130526
    outer loop
      vertex -17.627001 -31.707407 4.180476
      vertex -17.627001 -31.750000 4.504000
      vertex -12.027002 -31.750000 4.504000
    endloop
  endfacet
  facet normal -1.000000 0.000000 0.000000
    outer loop
      vertex -17.627001 -31.707407 4.180476
      vertex -17.627001 -32.550000 4.504000
      vertex -17.627001 -31.750000 4.504000
    endloop
  endfacet
  facet normal 0.000000 -0.923880 0.382683
    outer loop
      vertex -12.027002 -29.417468 3.879000
      vertex -12.027002 -29.292593 4.180476
      vertex -17.627001 -29.292593 4.180476
    endloop
  endfacet
  facet normal 0.000000 -0.991445 0.130526
    outer loop
      vertex -12.027002 -29.292593 4.180476
      vertex -12.027002 -29.250000 4.504000
      vertex -17.627001 -29.250000 4.504000
    endloop
  endfacet
  facet normal 0.000000 -0.923880 0.382683
    outer loop
      vertex -12.027002 -29.417468 3.879000
      vertex -17.627001 -29.292593 4.180476
      vertex -17.627001 -29.417468 3.879000
    endloop
  endfacet
  facet normal -1.000000 0.000000 0.000000
    outer loop
      vertex -17.627001 -28.450000 3.320432
      vertex -17.627001 -29.292593 4.180476
      vertex -17.627001 -28.450000 4.504000
    endloop
  endfacet
  facet normal 0.000000 -0.991445 0.130526
    outer loop
      vertex -12.027002 -29.292593 4.180476
      vertex -17.627001 -29.250000 4.504000
      vertex -17.627001 -29.292593 4.180476
    endloop
  endfacet
  facet normal -1.000000 0.000000 0.000000
    outer loop
      vertex -17.627001 -29.292593 4.180476
      vertex -17.627001 -29.250000 4.504000
      vertex -17.627001 -28.450000 4.504000
    endloop
  endfacet
  facet normal 0.000000 0.608761 0.793353
    outer loop
      vertex -20.573000 -31.125000 3.421468
      vertex -21.027002 -31.125000 3.421468
      vertex -20.573000 -31.383883 3.620116
    endloop
  endfacet
  facet normal -1.000000 0.000000 0.000000
    outer loop
      vertex -21.027002 -34.500000 2.000000
      vertex -21.027002 -31.750000 4.504000
      vertex -21.027002 -31.707407 4.180476
    endloop
  endfacet
  facet normal 0.000000 0.608761 0.793353
    outer loop
      vertex -21.027002 -31.125000 3.421468
      vertex -21.027002 -31.383883 3.620116
      vertex -20.573000 -31.383883 3.620116
    endloop
  endfacet
  facet normal 0.000000 1.000000 0.000000
    outer loop
      vertex -17.627001 -32.550000 3.320432
      vertex -19.427000 -32.550000 3.320432
      vertex -19.427000 -32.550000 4.504000
    endloop
  endfacet
  facet normal 1.000000 0.000000 0.000000
    outer loop
      vertex -19.427000 -32.550000 3.320432
      vertex -19.427000 -29.367348 4.000000
      vertex -19.427000 -31.632652 4.000000
    endloop
  endfacet
  facet normal 1.000000 0.000000 0.000000
    outer loop
      vertex -19.427000 -32.550000 3.320432
      vertex -19.427000 -31.632652 4.000000
      vertex -19.427000 -31.707407 4.180476
    endloop
  endfacet
  facet normal -1.000000 0.000000 0.000000
    outer loop
      vertex -21.027002 -34.500000 2.000000
      vertex -21.027002 -31.707407 4.827524
      vertex -21.027002 -31.750000 4.504000
    endloop
  endfacet
  facet normal 0.000000 0.793353 0.608762
    outer loop
      vertex -20.573000 -31.383883 3.620116
      vertex -21.027002 -31.383883 3.620116
      vertex -20.573000 -31.582532 3.879000
    endloop
  endfacet
  facet normal 0.000000 0.793353 0.608762
    outer loop
      vertex -21.027002 -31.383883 3.620116
      vertex -21.027002 -31.582532 3.879000
      vertex -20.573000 -31.582532 3.879000
    endloop
  endfacet
  facet normal 0.000000 0.923879 0.382684
    outer loop
      vertex -20.573000 -31.582532 3.879000
      vertex -21.027002 -31.582532 3.879000
      vertex -20.573000 -31.632652 4.000000
    endloop
  endfacet
  facet normal 1.000000 0.000000 0.000000
    outer loop
      vertex -19.427000 -32.550000 3.320432
      vertex -19.427000 -28.450000 3.320432
      vertex -19.427000 -29.367348 4.000000
    endloop
  endfacet
  facet normal 0.000000 0.382684 0.923879
    outer loop
      vertex -21.027002 -30.823524 3.296593
      vertex -21.027002 -31.125000 3.421468
      vertex -20.573000 -31.125000 3.421468
    endloop
  endfacet
  facet normal 0.000000 -0.382684 0.923879
    outer loop
      vertex -20.573000 -30.176476 3.296593
      vertex -20.573000 -29.875000 3.421468
      vertex -21.027002 -29.875000 3.421468
    endloop
  endfacet
  facet normal -1.000000 0.000000 0.000000
    outer loop
      vertex -20.573000 -30.823524 3.296593
      vertex -20.573000 -31.125000 3.421468
      vertex -20.573000 -29.616117 3.620116
    endloop
  endfacet
  facet normal -1.000000 0.000000 0.000000
    outer loop
      vertex -20.573000 -30.823524 3.296593
      vertex -20.573000 -29.616117 3.620116
      vertex -20.573000 -29.875000 3.421468
    endloop
  endfacet
  facet normal 0.000000 -0.608761 0.793353
    outer loop
      vertex -20.573000 -29.875000 3.421468
      vertex -21.027002 -29.616117 3.620116
      vertex -21.027002 -29.875000 3.421468
    endloop
  endfacet
  facet normal -1.000000 0.000000 0.000000
    outer loop
      vertex -20.573000 -31.125000 3.421468
      vertex -20.573000 -31.383883 3.620116
      vertex -20.573000 -29.616117 3.620116
    endloop
  endfacet
  facet normal 0.000000 -0.608761 0.793353
    outer loop
      vertex -20.573000 -29.875000 3.421468
      vertex -20.573000 -29.616117 3.620116
      vertex -21.027002 -29.616117 3.620116
    endloop
  endfacet
  facet normal 1.000000 0.000000 0.000000
    outer loop
      vertex -19.427000 -28.450000 3.320432
      vertex -19.427000 -29.292593 4.180476
      vertex -19.427000 -29.367348 4.000000
    endloop
  endfacet
  facet normal -1.000000 0.000000 0.000000
    outer loop
      vertex -20.573000 -31.383883 3.620116
      vertex -20.573000 -31.582532 3.879000
      vertex -20.573000 -29.616117 3.620116
    endloop
  endfacet
  facet normal -1.000000 0.000000 0.000000
    outer loop
      vertex -20.573000 -31.582532 3.879000
      vertex -20.573000 -29.417468 3.879000
      vertex -20.573000 -29.616117 3.620116
    endloop
  endfacet
  facet normal 0.000000 -0.793353 0.608762
    outer loop
      vertex -20.573000 -29.616117 3.620116
      vertex -21.027002 -29.417468 3.879000
      vertex -21.027002 -29.616117 3.620116
    endloop
  endfacet
  facet normal 0.000000 -0.793353 0.608762
    outer loop
      vertex -20.573000 -29.616117 3.620116
      vertex -20.573000 -29.417468 3.879000
      vertex -21.027002 -29.417468 3.879000
    endloop
  endfacet
  facet normal -1.000000 0.000000 0.000000
    outer loop
      vertex -20.573000 -31.582532 3.879000
      vertex -20.573000 -29.367348 4.000000
      vertex -20.573000 -29.417468 3.879000
    endloop
  endfacet
  facet normal 0.000000 -0.923879 0.382684
    outer loop
      vertex -20.573000 -29.417468 3.879000
      vertex -20.573000 -29.367348 4.000000
      vertex -21.027002 -29.417468 3.879000
    endloop
  endfacet
  facet normal 0.000000 -1.000000 0.000000
    outer loop
      vertex -18.973001 -28.450000 3.320432
      vertex -17.627001 -28.450000 4.504000
      vertex -19.427000 -28.450000 3.320432
    endloop
  endfacet
  facet normal 0.000000 -0.000000 1.000000
    outer loop
      vertex -18.973001 -35.000000 4.000000
      vertex -18.973001 -34.500000 4.000000
      vertex -20.573000 -34.500000 4.000000
    endloop
  endfacet
  facet normal 0.000000 0.000000 1.000000
    outer loop
      vertex -18.973001 -35.000000 4.000000
      vertex -20.573000 -34.500000 4.000000
      vertex -20.573000 -35.000000 4.000000
    endloop
  endfacet
  facet normal 1.000000 0.000000 0.000000
    outer loop
      vertex -19.427000 -32.550000 3.320432
      vertex -19.427000 -31.707407 4.180476
      vertex -19.427000 -32.550000 4.504000
    endloop
  endfacet
  facet normal 0.000000 1.000000 -0.000000
    outer loop
      vertex -17.627001 -32.550000 3.320432
      vertex -19.427000 -32.550000 4.504000
      vertex -17.627001 -32.550000 4.504000
    endloop
  endfacet
  facet normal 0.000000 0.000000 1.000000
    outer loop
      vertex -19.427000 -31.632652 4.000000
      vertex -20.523001 -30.700000 4.000000
      vertex -20.573000 -31.632652 4.000000
    endloop
  endfacet
  facet normal 0.000000 0.923880 0.382683
    outer loop
      vertex -19.427000 -31.632652 4.000000
      vertex -20.573000 -31.632652 4.000000
      vertex -19.427000 -31.707407 4.180476
    endloop
  endfacet
  facet normal 0.000000 0.923880 0.382683
    outer loop
      vertex -21.027002 -31.582532 3.879000
      vertex -21.027002 -31.707407 4.180476
      vertex -20.573000 -31.632652 4.000000
    endloop
  endfacet
  facet normal 0.000000 0.923880 0.382683
    outer loop
      vertex -19.427000 -31.707407 4.180476
      vertex -20.573000 -31.632652 4.000000
      vertex -21.027002 -31.707407 4.180476
    endloop
  endfacet
  facet normal 0.000000 -1.000000 0.000000
    outer loop
      vertex -21.027002 -34.500000 2.000000
      vertex -20.573000 -34.500000 4.000000
      vertex -21.027002 -34.500000 7.008000
    endloop
  endfacet
  facet normal 1.000000 0.000000 0.000000
    outer loop
      vertex -19.427000 -31.707407 4.180476
      vertex -19.427000 -31.750000 4.504000
      vertex -19.427000 -32.550000 4.504000
    endloop
  endfacet
  facet normal 0.000000 0.991445 0.130526
    outer loop
      vertex -19.427000 -31.707407 4.180476
      vertex -21.027002 -31.707407 4.180476
      vertex -19.427000 -31.750000 4.504000
    endloop
  endfacet
  facet normal 0.000000 0.991445 0.130526
    outer loop
      vertex -21.027002 -31.707407 4.180476
      vertex -21.027002 -31.750000 4.504000
      vertex -19.427000 -31.750000 4.504000
    endloop
  endfacet
  facet normal 0.000000 -0.000000 1.000000
    outer loop
      vertex -19.427000 -31.632652 4.000000
      vertex -19.427000 -29.367348 4.000000
      vertex -20.523001 -30.700000 4.000000
    endloop
  endfacet
  facet normal -1.000000 0.000000 0.000000
    outer loop
      vertex -20.573000 -31.582532 3.879000
      vertex -20.573000 -31.632652 4.000000
      vertex -20.573000 -29.367348 4.000000
    endloop
  endfacet
  facet normal 0.000000 0.000000 1.000000
    outer loop
      vertex -20.573000 -31.632652 4.000000
      vertex -20.523001 -30.700000 4.000000
      vertex -20.573000 -29.367348 4.000000
    endloop
  endfacet
  facet normal 0.000000 0.000000 1.000000
    outer loop
      vertex -19.427000 -29.367348 4.000000
      vertex -20.573000 -29.367348 4.000000
      vertex -20.523001 -30.700000 4.000000
    endloop
  endfacet
  facet normal 0.000000 -0.923880 0.382683
    outer loop
      vertex -19.427000 -29.367348 4.000000
      vertex -19.427000 -29.292593 4.180476
      vertex -20.573000 -29.367348 4.000000
    endloop
  endfacet
  facet normal 0.000000 -0.923880 0.382683
    outer loop
      vertex -21.027002 -29.417468 3.879000
      vertex -20.573000 -29.367348 4.000000
      vertex -21.027002 -29.292593 4.180476
    endloop
  endfacet
  facet normal 0.000000 -0.923880 0.382683
    outer loop
      vertex -19.427000 -29.292593 4.180476
      vertex -21.027002 -29.292593 4.180476
      vertex -20.573000 -29.367348 4.000000
    endloop
  endfacet
  facet normal 1.000000 0.000000 -0.000000
    outer loop
      vertex -19.427000 -28.450000 3.320432
      vertex -19.427000 -28.450000 4.504000
      vertex -19.427000 -29.292593 4.180476
    endloop
  endfacet
  facet normal 0.000000 -1.000000 0.000000
    outer loop
      vertex -19.427000 -28.450000 3.320432
      vertex -17.627001 -28.450000 4.504000
      vertex -19.427000 -28.450000 4.504000
    endloop
  endfacet
  facet normal 1.000000 0.000000 0.000000
    outer loop
      vertex -19.427000 -29.292593 4.180476
      vertex -19.427000 -28.450000 4.504000
      vertex -19.427000 -29.250000 4.504000
    endloop
  endfacet
  facet normal 0.000000 -0.991445 0.130526
    outer loop
      vertex -19.427000 -29.292593 4.180476
      vertex -21.027002 -29.250000 4.504000
      vertex -21.027002 -29.292593 4.180476
    endloop
  endfacet
  facet normal 0.000000 -0.991445 0.130526
    outer loop
      vertex -19.427000 -29.292593 4.180476
      vertex -19.427000 -29.250000 4.504000
      vertex -21.027002 -29.250000 4.504000
    endloop
  endfacet
  facet normal -1.000000 0.000000 0.000000
    outer loop
      vertex -21.027002 -26.500000 2.000000
      vertex -21.027002 -29.292593 4.180476
      vertex -21.027002 -26.500000 7.008000
    endloop
  endfacet
  facet normal 0.000000 -0.000000 1.000000
    outer loop
      vertex -11.523001 -24.300000 4.000000
      vertex -11.523001 -22.700000 4.000000
      vertex -18.973001 -24.300000 4.000000
    endloop
  endfacet
  facet normal 0.000000 0.000000 1.000000
    outer loop
      vertex -11.523001 -22.700000 4.000000
      vertex -20.573000 -24.300000 4.000000
      vertex -18.973001 -24.300000 4.000000
    endloop
  endfacet
  facet normal 0.000000 0.000000 1.000000
    outer loop
      vertex -11.523001 -22.700000 4.000000
      vertex -18.973001 -22.700000 4.000000
      vertex -23.523001 -24.300000 4.000000
    endloop
  endfacet
  facet normal 0.000000 1.000000 0.000000
    outer loop
      vertex -12.580000 -26.500000 2.000000
      vertex -18.973001 -26.500000 4.000000
      vertex -21.027002 -26.500000 7.008000
    endloop
  endfacet
  facet normal 0.000000 -0.000000 1.000000
    outer loop
      vertex -18.973001 -26.500000 4.000000
      vertex -18.973001 -24.300000 4.000000
      vertex -20.573000 -24.300000 4.000000
    endloop
  endfacet
  facet normal 0.000000 0.000000 1.000000
    outer loop
      vertex -18.973001 -26.500000 4.000000
      vertex -20.573000 -24.300000 4.000000
      vertex -20.573000 -26.500000 4.000000
    endloop
  endfacet
  facet normal 0.000000 0.000000 1.000000
    outer loop
      vertex -11.523001 -22.700000 4.000000
      vertex -23.523001 -24.300000 4.000000
      vertex -20.573000 -24.300000 4.000000
    endloop
  endfacet
  facet normal 0.000000 0.000000 1.000000
    outer loop
      vertex -18.973001 -22.700000 4.000000
      vertex -20.573000 -22.700000 4.000000
      vertex -23.523001 -24.300000 4.000000
    endloop
  endfacet
  facet normal 0.000000 1.000000 0.000000
    outer loop
      vertex -21.027002 -26.500000 2.000000
      vertex -21.027002 -26.500000 7.008000
      vertex -20.573000 -26.500000 4.000000
    endloop
  endfacet
  facet normal 0.000000 0.000000 1.000000
    outer loop
      vertex -20.573000 -22.700000 4.000000
      vertex -23.523001 -22.700000 4.000000
      vertex -23.523001 -24.300000 4.000000
    endloop
  endfacet
  facet normal 0.000000 -0.000000 1.000000
    outer loop
      vertex -18.973001 -22.700000 4.000000
      vertex -18.973001 -16.299999 4.000000
      vertex -20.573000 -22.700000 4.000000
    endloop
  endfacet
  facet normal 0.000000 0.000000 1.000000
    outer loop
      vertex -20.573000 -22.700000 4.000000
      vertex -18.973001 -16.299999 4.000000
      vertex -19.830645 -16.299999 4.000000
    endloop
  endfacet
  facet normal 0.000000 0.000000 1.000000
    outer loop
      vertex -20.573000 -22.700000 4.000000
      vertex -19.830645 -16.299999 4.000000
      vertex -20.573000 -16.299999 4.000000
    endloop
  endfacet
  facet normal 1.000000 0.000000 0.000000
    outer loop
      vertex -2.973001 -22.000000 2.000000
      vertex -2.973001 -10.250000 2.000000
      vertex -2.973001 -10.250000 4.000000
    endloop
  endfacet
  facet normal 0.000000 1.000000 -0.000000
    outer loop
      vertex -2.973001 -10.250000 2.000000
      vertex -4.573000 -10.250000 2.000000
      vertex -2.973001 -10.250000 4.000000
    endloop
  endfacet
  facet normal -1.000000 0.000000 0.000000
    outer loop
      vertex -4.573000 -10.250000 2.000000
      vertex -4.573000 -22.000000 4.000000
      vertex -4.573000 -10.250000 4.000000
    endloop
  endfacet
  facet normal 0.000000 1.000000 0.000000
    outer loop
      vertex -4.573000 -10.250000 2.000000
      vertex -4.573000 -10.250000 4.000000
      vertex -2.973001 -10.250000 4.000000
    endloop
  endfacet
  facet normal 0.000000 -1.000000 0.000000
    outer loop
      vertex -10.523001 -16.299999 2.000000
      vertex -10.523001 -16.299999 4.000000
      vertex -10.973001 -16.299999 2.000000
    endloop
  endfacet
  facet normal 1.000000 0.000000 0.000000
    outer loop
      vertex -10.523001 -16.299999 2.000000
      vertex -10.523001 -14.700001 2.000000
      vertex -10.523001 -14.700001 4.000000
    endloop
  endfacet
  facet normal 0.000000 1.000000 0.000000
    outer loop
      vertex -10.523001 -14.700001 2.000000
      vertex -10.973001 -14.700001 2.000000
      vertex -10.973001 -14.700001 4.000000
    endloop
  endfacet
  facet normal 1.000000 0.000000 0.000000
    outer loop
      vertex -10.973001 -14.700001 2.000000
      vertex -10.973001 -10.000000 2.000000
      vertex -10.973001 -14.700001 4.000000
    endloop
  endfacet
  facet normal 0.000000 1.000000 -0.000000
    outer loop
      vertex -10.973001 -10.000000 2.000000
      vertex -12.573000 -10.000000 2.000000
      vertex -10.973001 -10.000000 4.000000
    endloop
  endfacet
  facet normal 1.000000 0.000000 0.000000
    outer loop
      vertex -10.523001 -16.299999 2.000000
      vertex -10.523001 -14.700001 4.000000
      vertex -10.523001 -16.299999 4.000000
    endloop
  endfacet
  facet normal 0.000000 -1.000000 0.000000
    outer loop
      vertex -10.973001 -16.299999 2.000000
      vertex -10.523001 -16.299999 4.000000
      vertex -10.973001 -16.299999 4.000000
    endloop
  endfacet
  facet normal 0.000000 1.000000 -0.000000
    outer loop
      vertex -10.523001 -14.700001 2.000000
      vertex -10.973001 -14.700001 4.000000
      vertex -10.523001 -14.700001 4.000000
    endloop
  endfacet
  facet normal 1.000000 0.000000 -0.000000
    outer loop
      vertex -10.973001 -10.000000 2.000000
      vertex -10.973001 -10.000000 4.000000
      vertex -10.973001 -14.700001 4.000000
    endloop
  endfacet
  facet normal 0.000000 1.000000 0.000000
    outer loop
      vertex -12.573000 -10.000000 2.000000
      vertex -12.573000 -10.000000 4.000000
      vertex -10.973001 -10.000000 4.000000
    endloop
  endfacet
  facet normal 0.000000 -1.000000 0.000000
    outer loop
      vertex -7.523001 -0.299999 2.000000
      vertex -7.523001 -0.299999 4.000000
      vertex -10.973001 -0.299999 2.000000
    endloop
  endfacet
  facet normal 1.000000 0.000000 0.000000
    outer loop
      vertex -10.973001 -2.000000 2.000000
      vertex -10.973001 -0.299999 2.000000
      vertex -10.973001 -2.000000 4.000000
    endloop
  endfacet
  facet normal 0.000000 -1.000000 0.000000
    outer loop
      vertex -10.973001 -2.000000 2.000000
      vertex -12.573000 -2.000000 4.000000
      vertex -12.573000 -2.000000 2.000000
    endloop
  endfacet
  facet normal 0.000000 -1.000000 0.000000
    outer loop
      vertex -10.973001 -0.299999 2.000000
      vertex -7.523001 -0.299999 4.000000
      vertex -10.973001 -0.299999 4.000000
    endloop
  endfacet
  facet normal 0.000000 -1.000000 0.000000
    outer loop
      vertex -10.973001 -2.000000 2.000000
      vertex -10.973001 -2.000000 4.000000
      vertex -12.573000 -2.000000 4.000000
    endloop
  endfacet
  facet normal 1.000000 0.000000 -0.000000
    outer loop
      vertex -10.973001 -0.299999 2.000000
      vertex -10.973001 -0.299999 4.000000
      vertex -10.973001 -2.000000 4.000000
    endloop
  endfacet
  facet normal 0.000000 0.000000 1.000000
    outer loop
      vertex -4.573000 -22.000000 4.000000
      vertex -2.973001 -10.250000 4.000000
      vertex -4.573000 -10.250000 4.000000
    endloop
  endfacet
  facet normal 0.000000 0.000000 1.000000
    outer loop
      vertex -10.523001 -16.299999 4.000000
      vertex -12.573000 -15.808783 4.000000
      vertex -10.973001 -16.299999 4.000000
    endloop
  endfacet
  facet normal 0.000000 0.000000 1.000000
    outer loop
      vertex -10.973001 -16.299999 4.000000
      vertex -12.573000 -15.808783 4.000000
      vertex -12.573000 -16.299999 4.000000
    endloop
  endfacet
  facet normal 0.000000 0.000000 1.000000
    outer loop
      vertex -10.523001 -16.299999 4.000000
      vertex -11.591433 -14.831499 4.000000
      vertex -12.573000 -15.808783 4.000000
    endloop
  endfacet
  facet normal 0.000000 -0.000000 1.000000
    outer loop
      vertex -10.523001 -16.299999 4.000000
      vertex -10.523001 -14.700001 4.000000
      vertex -11.591433 -14.831499 4.000000
    endloop
  endfacet
  facet normal 0.000000 0.000000 1.000000
    outer loop
      vertex -10.523001 -14.700001 4.000000
      vertex -10.973001 -14.700001 4.000000
      vertex -11.591433 -14.831499 4.000000
    endloop
  endfacet
  facet normal 0.000000 0.000000 1.000000
    outer loop
      vertex -10.973001 -14.700001 4.000000
      vertex -12.573000 -14.700001 4.000000
      vertex -11.591433 -14.831499 4.000000
    endloop
  endfacet
  facet normal 0.000000 -0.000000 1.000000
    outer loop
      vertex -10.973001 -14.700001 4.000000
      vertex -10.973001 -10.000000 4.000000
      vertex -12.573000 -14.700001 4.000000
    endloop
  endfacet
  facet normal 0.000000 0.000000 1.000000
    outer loop
      vertex -10.973001 -10.000000 4.000000
      vertex -12.573000 -10.000000 4.000000
      vertex -12.573000 -14.700001 4.000000
    endloop
  endfacet
  facet normal 0.000000 -0.000000 1.000000
    outer loop
      vertex -10.973001 -2.000000 4.000000
      vertex -10.973001 -0.299999 4.000000
      vertex -12.573000 -2.000000 4.000000
    endloop
  endfacet
  facet normal 0.000000 -0.000000 1.000000
    outer loop
      vertex -10.973001 -0.299999 4.000000
      vertex -10.973001 0.955002 4.000000
      vertex -12.573000 -2.000000 4.000000
    endloop
  endfacet
  facet normal 0.000000 0.000000 1.000000
    outer loop
      vertex -12.573000 -2.000000 4.000000
      vertex -10.973001 0.955002 4.000000
      vertex -12.573000 -0.299999 4.000000
    endloop
  endfacet
  facet normal 0.000000 -1.000000 0.000000
    outer loop
      vertex -12.573000 -16.299999 2.000000
      vertex -12.573000 -16.299999 4.000000
      vertex -18.973001 -16.299999 2.000000
    endloop
  endfacet
  facet normal 0.000000 1.000000 0.000000
    outer loop
      vertex -12.573000 -14.700001 2.000000
      vertex -18.973001 -14.700001 2.000000
      vertex -18.973001 -14.700001 4.000000
    endloop
  endfacet
  facet normal -1.000000 0.000000 0.000000
    outer loop
      vertex -12.573000 -14.700001 2.000000
      vertex -12.573000 -10.000000 4.000000
      vertex -12.573000 -10.000000 2.000000
    endloop
  endfacet
  facet normal 0.000000 1.000000 -0.000000
    outer loop
      vertex -12.573000 -14.700001 2.000000
      vertex -18.973001 -14.700001 4.000000
      vertex -12.573000 -14.700001 4.000000
    endloop
  endfacet
  facet normal 0.000000 -1.000000 0.000000
    outer loop
      vertex -18.973001 -16.299999 2.000000
      vertex -12.573000 -16.299999 4.000000
      vertex -18.973001 -16.299999 4.000000
    endloop
  endfacet
  facet normal -1.000000 0.000000 0.000000
    outer loop
      vertex -12.573000 -14.700001 2.000000
      vertex -12.573000 -14.700001 4.000000
      vertex -12.573000 -10.000000 4.000000
    endloop
  endfacet
  facet normal 0.000000 -1.000000 0.000000
    outer loop
      vertex -20.573000 -16.299999 2.000000
      vertex -20.573000 -16.299999 4.000000
      vertex -23.523001 -16.299999 2.000000
    endloop
  endfacet
  facet normal -1.000000 0.000000 0.000000
    outer loop
      vertex -23.523001 -16.299999 2.000000
      vertex -23.523001 -16.299999 4.000000
      vertex -23.523001 -14.700001 2.000000
    endloop
  endfacet
  facet normal 0.000000 1.000000 0.000000
    outer loop
      vertex -20.573000 -14.700001 2.000000
      vertex -23.523001 -14.700001 2.000000
      vertex -23.523001 -14.700001 4.000000
    endloop
  endfacet
  facet normal 1.000000 0.000000 0.000000
    outer loop
      vertex -18.973001 -14.700001 2.000000
      vertex -18.973001 -10.000000 2.000000
      vertex -18.973001 -14.700001 4.000000
    endloop
  endfacet
  facet normal -1.000000 0.000000 0.000000
    outer loop
      vertex -20.573000 -14.700001 2.000000
      vertex -20.573000 -10.000000 4.000000
      vertex -20.573000 -10.000000 2.000000
    endloop
  endfacet
  facet normal 0.000000 1.000000 -0.000000
    outer loop
      vertex -18.973001 -10.000000 2.000000
      vertex -20.573000 -10.000000 2.000000
      vertex -18.973001 -10.000000 4.000000
    endloop
  endfacet
  facet normal 0.000000 -1.000000 0.000000
    outer loop
      vertex -23.523001 -16.299999 2.000000
      vertex -20.573000 -16.299999 4.000000
      vertex -23.523001 -16.299999 4.000000
    endloop
  endfacet
  facet normal 0.000000 1.000000 -0.000000
    outer loop
      vertex -20.573000 -14.700001 2.000000
      vertex -23.523001 -14.700001 4.000000
      vertex -20.573000 -14.700001 4.000000
    endloop
  endfacet
  facet normal -1.000000 0.000000 0.000000
    outer loop
      vertex -23.523001 -14.700001 2.000000
      vertex -23.523001 -16.299999 4.000000
      vertex -23.523001 -14.700001 4.000000
    endloop
  endfacet
  facet normal 1.000000 0.000000 -0.000000
    outer loop
      vertex -18.973001 -10.000000 2.000000
      vertex -18.973001 -10.000000 4.000000
      vertex -18.973001 -14.700001 4.000000
    endloop
  endfacet
  facet normal -1.000000 0.000000 0.000000
    outer loop
      vertex -20.573000 -14.700001 2.000000
      vertex -20.573000 -14.700001 4.000000
      vertex -20.573000 -10.000000 4.000000
    endloop
  endfacet
  facet normal 0.000000 1.000000 0.000000
    outer loop
      vertex -20.573000 -10.000000 2.000000
      vertex -20.573000 -10.000000 4.000000
      vertex -18.973001 -10.000000 4.000000
    endloop
  endfacet
  facet normal -1.000000 0.000000 0.000000
    outer loop
      vertex -12.573000 -2.000000 2.000000
      vertex -12.573000 -0.299999 4.000000
      vertex -12.573000 -0.299999 2.000000
    endloop
  endfacet
  facet normal 0.000000 -1.000000 0.000000
    outer loop
      vertex -12.573000 -0.299999 2.000000
      vertex -12.573000 -0.299999 4.000000
      vertex -18.973001 -0.299999 2.000000
    endloop
  endfacet
  facet normal -1.000000 0.000000 0.000000
    outer loop
      vertex -12.573000 -2.000000 2.000000
      vertex -12.573000 -2.000000 4.000000
      vertex -12.573000 -0.299999 4.000000
    endloop
  endfacet
  facet normal 0.000000 -1.000000 0.000000
    outer loop
      vertex -18.973001 -0.299999 2.000000
      vertex -12.573000 -0.299999 4.000000
      vertex -18.973001 -0.299999 4.000000
    endloop
  endfacet
  facet normal 1.000000 0.000000 0.000000
    outer loop
      vertex -18.973001 -2.000000 2.000000
      vertex -18.973001 -0.299999 2.000000
      vertex -18.973001 -2.000000 4.000000
    endloop
  endfacet
  facet normal 0.000000 -1.000000 0.000000
    outer loop
      vertex -18.973001 -2.000000 2.000000
      vertex -20.573000 -2.000000 4.000000
      vertex -20.573000 -2.000000 2.000000
    endloop
  endfacet
  facet normal -1.000000 0.000000 0.000000
    outer loop
      vertex -20.573000 -2.000000 2.000000
      vertex -20.573000 -0.299999 4.000000
      vertex -20.573000 -0.299999 2.000000
    endloop
  endfacet
  facet normal 0.000000 -1.000000 0.000000
    outer loop
      vertex -20.573000 -0.299999 2.000000
      vertex -20.573000 -0.299999 4.000000
      vertex -23.523001 -0.299999 2.000000
    endloop
  endfacet
  facet normal 0.000000 -1.000000 0.000000
    outer loop
      vertex -18.973001 -2.000000 2.000000
      vertex -18.973001 -2.000000 4.000000
      vertex -20.573000 -2.000000 4.000000
    endloop
  endfacet
  facet normal 1.000000 0.000000 -0.000000
    outer loop
      vertex -18.973001 -0.299999 2.000000
      vertex -18.973001 -0.299999 4.000000
      vertex -18.973001 -2.000000 4.000000
    endloop
  endfacet
  facet normal -1.000000 0.000000 0.000000
    outer loop
      vertex -20.573000 -2.000000 2.000000
      vertex -20.573000 -2.000000 4.000000
      vertex -20.573000 -0.299999 4.000000
    endloop
  endfacet
  facet normal 0.000000 -1.000000 0.000000
    outer loop
      vertex -23.523001 -0.299999 2.000000
      vertex -20.573000 -0.299999 4.000000
      vertex -23.523001 -0.299999 4.000000
    endloop
  endfacet
  facet normal 0.000000 -0.000000 1.000000
    outer loop
      vertex -12.573000 -16.299999 4.000000
      vertex -12.573000 -15.808783 4.000000
      vertex -18.973001 -16.299999 4.000000
    endloop
  endfacet
  facet normal 0.000000 0.000000 1.000000
    outer loop
      vertex -11.591433 -14.831499 4.000000
      vertex -12.573000 -14.952307 4.000000
      vertex -12.573000 -15.808783 4.000000
    endloop
  endfacet
  facet normal 0.000000 0.000000 1.000000
    outer loop
      vertex -11.591433 -14.831499 4.000000
      vertex -12.573000 -14.700001 4.000000
      vertex -18.973001 -14.700001 4.000000
    endloop
  endfacet
  facet normal 0.000000 -0.000000 1.000000
    outer loop
      vertex -12.573000 -15.808783 4.000000
      vertex -12.573000 -14.952307 4.000000
      vertex -19.343279 -15.785572 4.000000
    endloop
  endfacet
  facet normal 0.000000 0.000000 1.000000
    outer loop
      vertex -12.573000 -15.808783 4.000000
      vertex -19.830645 -16.299999 4.000000
      vertex -18.973001 -16.299999 4.000000
    endloop
  endfacet
  facet normal 0.000000 0.000000 1.000000
    outer loop
      vertex -12.573000 -15.808783 4.000000
      vertex -19.343279 -15.785572 4.000000
      vertex -19.830645 -16.299999 4.000000
    endloop
  endfacet
  facet normal 0.000000 0.000000 1.000000
    outer loop
      vertex -11.591433 -14.831499 4.000000
      vertex -23.523001 -14.700001 4.000000
      vertex -12.573000 -14.952307 4.000000
    endloop
  endfacet
  facet normal 0.000000 0.000000 1.000000
    outer loop
      vertex -11.591433 -14.831499 4.000000
      vertex -18.973001 -14.700001 4.000000
      vertex -20.573000 -14.700001 4.000000
    endloop
  endfacet
  facet normal 0.000000 0.000000 1.000000
    outer loop
      vertex -19.830645 -16.299999 4.000000
      vertex -20.573000 -15.936924 4.000000
      vertex -20.573000 -16.299999 4.000000
    endloop
  endfacet
  facet normal 0.000000 0.000000 1.000000
    outer loop
      vertex -19.343279 -15.785572 4.000000
      vertex -20.573000 -15.936924 4.000000
      vertex -19.830645 -16.299999 4.000000
    endloop
  endfacet
  facet normal 0.000000 0.000000 1.000000
    outer loop
      vertex -12.573000 -14.952307 4.000000
      vertex -23.523001 -14.700001 4.000000
      vertex -19.343279 -15.785572 4.000000
    endloop
  endfacet
  facet normal 0.000000 0.000000 1.000000
    outer loop
      vertex -11.591433 -14.831499 4.000000
      vertex -20.573000 -14.700001 4.000000
      vertex -23.523001 -14.700001 4.000000
    endloop
  endfacet
  facet normal 0.000000 0.000000 1.000000
    outer loop
      vertex -19.343279 -15.785572 4.000000
      vertex -23.523001 -14.700001 4.000000
      vertex -20.573000 -15.936924 4.000000
    endloop
  endfacet
  facet normal 0.000000 -0.000000 1.000000
    outer loop
      vertex -20.573000 -16.299999 4.000000
      vertex -20.573000 -15.936924 4.000000
      vertex -23.523001 -16.299999 4.000000
    endloop
  endfacet
  facet normal 0.000000 0.000000 1.000000
    outer loop
      vertex -20.573000 -15.936924 4.000000
      vertex -23.523001 -14.700001 4.000000
      vertex -23.523001 -16.299999 4.000000
    endloop
  endfacet
  facet normal 0.000000 -0.000000 1.000000
    outer loop
      vertex -18.973001 -14.700001 4.000000
      vertex -18.973001 -10.000000 4.000000
      vertex -20.573000 -14.700001 4.000000
    endloop
  endfacet
  facet normal 0.000000 0.000000 1.000000
    outer loop
      vertex -20.573000 -14.700001 4.000000
      vertex -18.973001 -10.000000 4.000000
      vertex -20.573000 -10.000000 4.000000
    endloop
  endfacet
  facet normal 0.000000 0.000000 1.000000
    outer loop
      vertex -12.573000 -0.299999 4.000000
      vertex -18.973001 0.154999 4.000000
      vertex -18.973001 -0.299999 4.000000
    endloop
  endfacet
  facet normal 0.000000 -0.000000 1.000000
    outer loop
      vertex -18.973001 -2.000000 4.000000
      vertex -18.973001 -0.299999 4.000000
      vertex -20.573000 -2.000000 4.000000
    endloop
  endfacet
  facet normal 0.000000 -0.000000 1.000000
    outer loop
      vertex -18.973001 -0.299999 4.000000
      vertex -18.973001 0.154999 4.000000
      vertex -20.573000 -2.000000 4.000000
    endloop
  endfacet
  facet normal 0.000000 0.000000 1.000000
    outer loop
      vertex -20.573000 -2.000000 4.000000
      vertex -18.973001 0.154999 4.000000
      vertex -20.573000 -0.299999 4.000000
    endloop
  endfacet
  facet normal 0.000000 0.000000 1.000000
    outer loop
      vertex -20.573000 -0.299999 4.000000
      vertex -18.973001 0.154999 4.000000
      vertex -20.573000 -0.005001 4.000000
    endloop
  endfacet
  facet normal 0.000000 -0.000000 1.000000
    outer loop
      vertex -20.573000 -0.299999 4.000000
      vertex -20.573000 -0.005001 4.000000
      vertex -23.523001 -0.299999 4.000000
    endloop
  endfacet
  facet normal 0.000000 0.000000 -1.000000
    outer loop
      vertex 18.601254 -17.024950 0.000000
      vertex 18.624925 -16.789553 0.000000
      vertex 24.226999 35.500000 0.000000
    endloop
  endfacet
  facet normal 0.000000 0.000000 -1.000000
    outer loop
      vertex 18.625918 -16.748440 0.000000
      vertex 18.624636 -16.728882 0.000000
      vertex 24.226999 35.500000 0.000000
    endloop
  endfacet
  facet normal 0.000000 0.000000 -1.000000
    outer loop
      vertex 18.625918 -16.771648 0.000000
      vertex 18.625918 -16.748440 0.000000
      vertex 24.226999 35.500000 0.000000
    endloop
  endfacet
  facet normal 0.000000 0.000000 -1.000000
    outer loop
      vertex 18.624925 -16.789553 0.000000
      vertex 18.625163 -16.786955 0.000000
      vertex 24.226999 35.500000 0.000000
    endloop
  endfacet
  facet normal 0.000000 0.000000 -1.000000
    outer loop
      vertex 18.625163 -16.786955 0.000000
      vertex 18.625404 -16.784054 0.000000
      vertex 24.226999 35.500000 0.000000
    endloop
  endfacet
  facet normal 0.000000 0.000000 -1.000000
    outer loop
      vertex 18.625404 -16.784054 0.000000
      vertex 18.625918 -16.771648 0.000000
      vertex 24.226999 35.500000 0.000000
    endloop
  endfacet
  facet normal 0.000000 0.000000 -1.000000
    outer loop
      vertex 18.624636 -16.728882 0.000000
      vertex 18.625476 -11.650799 0.000000
      vertex 24.226999 35.500000 0.000000
    endloop
  endfacet
  facet normal 0.000000 0.000000 -1.000000
    outer loop
      vertex 18.626078 -11.631207 0.000000
      vertex 18.625226 -11.606710 0.000000
      vertex 24.226999 35.500000 0.000000
    endloop
  endfacet
  facet normal 0.000000 0.000000 -1.000000
    outer loop
      vertex 18.625476 -11.650799 0.000000
      vertex 18.626078 -11.631207 0.000000
      vertex 24.226999 35.500000 0.000000
    endloop
  endfacet
  facet normal 0.000000 0.000000 -1.000000
    outer loop
      vertex 18.625226 -11.606710 0.000000
      vertex 18.624564 -11.596920 0.000000
      vertex 24.226999 35.500000 0.000000
    endloop
  endfacet
  facet normal 0.000000 0.000000 -1.000000
    outer loop
      vertex 18.624564 -11.596920 0.000000
      vertex 18.601254 -11.365108 0.000000
      vertex 24.226999 35.500000 0.000000
    endloop
  endfacet
  facet normal 0.000000 0.000000 -1.000000
    outer loop
      vertex 18.597167 -11.336576 0.000000
      vertex 18.595931 -11.329475 0.000000
      vertex 24.226999 35.500000 0.000000
    endloop
  endfacet
  facet normal 0.000000 0.000000 -1.000000
    outer loop
      vertex 18.600361 -11.357958 0.000000
      vertex 18.597167 -11.336576 0.000000
      vertex 24.226999 35.500000 0.000000
    endloop
  endfacet
  facet normal 0.000000 0.000000 -1.000000
    outer loop
      vertex 18.601254 -11.365108 0.000000
      vertex 18.600361 -11.357958 0.000000
      vertex 24.226999 35.500000 0.000000
    endloop
  endfacet
  facet normal 0.000000 0.000000 -1.000000
    outer loop
      vertex 18.595931 -11.329475 0.000000
      vertex 18.568825 -11.193201 0.000000
      vertex 24.226999 35.500000 0.000000
    endloop
  endfacet
  facet normal 0.000000 0.000000 -1.000000
    outer loop
      vertex 18.561314 -11.162783 0.000000
      vertex 18.559189 -11.155241 0.000000
      vertex 24.226999 35.500000 0.000000
    endloop
  endfacet
  facet normal 0.000000 0.000000 -1.000000
    outer loop
      vertex 18.567096 -11.185558 0.000000
      vertex 18.561314 -11.162783 0.000000
      vertex 24.226999 35.500000 0.000000
    endloop
  endfacet
  facet normal 0.000000 0.000000 -1.000000
    outer loop
      vertex 18.568825 -11.193201 0.000000
      vertex 18.567096 -11.185558 0.000000
      vertex 24.226999 35.500000 0.000000
    endloop
  endfacet
  facet normal 0.000000 0.000000 -1.000000
    outer loop
      vertex 18.559189 -11.155241 0.000000
      vertex 18.487974 -10.925716 0.000000
      vertex 24.226999 35.500000 0.000000
    endloop
  endfacet
  facet normal 0.000000 0.000000 -1.000000
    outer loop
      vertex 18.483188 -10.911663 0.000000
      vertex 18.477679 -10.897989 0.000000
      vertex 24.226999 35.500000 0.000000
    endloop
  endfacet
  facet normal 0.000000 0.000000 -1.000000
    outer loop
      vertex 18.486433 -10.921022 0.000000
      vertex 18.483188 -10.911663 0.000000
      vertex 24.226999 35.500000 0.000000
    endloop
  endfacet
  facet normal 0.000000 0.000000 -1.000000
    outer loop
      vertex 18.487974 -10.925716 0.000000
      vertex 18.486433 -10.921022 0.000000
      vertex 24.226999 35.500000 0.000000
    endloop
  endfacet
  facet normal 0.000000 0.000000 -1.000000
    outer loop
      vertex 18.477679 -10.897989 0.000000
      vertex 18.466390 -10.873514 0.000000
      vertex 24.226999 35.500000 0.000000
    endloop
  endfacet
  facet normal 0.000000 0.000000 -1.000000
    outer loop
      vertex 18.466390 -10.873514 0.000000
      vertex 18.461990 -10.864742 0.000000
      vertex 24.226999 35.500000 0.000000
    endloop
  endfacet
  facet normal 0.000000 0.000000 -1.000000
    outer loop
      vertex 18.461990 -10.864742 0.000000
      vertex 18.349699 -10.658026 0.000000
      vertex 24.226999 35.500000 0.000000
    endloop
  endfacet
  facet normal 0.000000 0.000000 -1.000000
    outer loop
      vertex 18.346290 -10.652077 0.000000
      vertex 18.335659 -10.634476 0.000000
      vertex 24.226999 35.500000 0.000000
    endloop
  endfacet
  facet normal 0.000000 0.000000 -1.000000
    outer loop
      vertex 18.349699 -10.658026 0.000000
      vertex 18.346290 -10.652077 0.000000
      vertex 24.226999 35.500000 0.000000
    endloop
  endfacet
  facet normal 0.000000 0.000000 -1.000000
    outer loop
      vertex 18.335659 -10.634476 0.000000
      vertex 18.331981 -10.628689 0.000000
      vertex 24.226999 35.500000 0.000000
    endloop
  endfacet
  facet normal 0.000000 0.000000 -1.000000
    outer loop
      vertex 18.331981 -10.628689 0.000000
      vertex 18.253926 -10.511871 0.000000
      vertex 24.226999 35.500000 0.000000
    endloop
  endfacet
  facet normal 0.000000 0.000000 -1.000000
    outer loop
      vertex 18.236018 -10.487474 0.000000
      vertex 18.231350 -10.481518 0.000000
      vertex 24.226999 35.500000 0.000000
    endloop
  endfacet
  facet normal 0.000000 0.000000 -1.000000
    outer loop
      vertex 18.249564 -10.505686 0.000000
      vertex 18.236018 -10.487474 0.000000
      vertex 24.226999 35.500000 0.000000
    endloop
  endfacet
  facet normal 0.000000 0.000000 -1.000000
    outer loop
      vertex 18.253926 -10.511871 0.000000
      vertex 18.249564 -10.505686 0.000000
      vertex 24.226999 35.500000 0.000000
    endloop
  endfacet
  facet normal 0.000000 0.000000 -1.000000
    outer loop
      vertex 18.231350 -10.481518 0.000000
      vertex 18.081747 -10.300249 0.000000
      vertex 24.226999 35.500000 0.000000
    endloop
  endfacet
  facet normal 0.000000 0.000000 -1.000000
    outer loop
      vertex 18.063253 -10.280092 0.000000
      vertex 18.043470 -10.261461 0.000000
      vertex 24.226999 35.500000 0.000000
    endloop
  endfacet
  facet normal 0.000000 0.000000 -1.000000
    outer loop
      vertex 18.073183 -10.290382 0.000000
      vertex 18.063253 -10.280092 0.000000
      vertex 24.226999 35.500000 0.000000
    endloop
  endfacet
  facet normal 0.000000 0.000000 -1.000000
    outer loop
      vertex 18.078835 -10.296825 0.000000
      vertex 18.073183 -10.290382 0.000000
      vertex 24.226999 35.500000 0.000000
    endloop
  endfacet
  facet normal 0.000000 0.000000 -1.000000
    outer loop
      vertex 18.081747 -10.300249 0.000000
      vertex 18.078835 -10.296825 0.000000
      vertex 24.226999 35.500000 0.000000
    endloop
  endfacet
  facet normal 0.000000 0.000000 -1.000000
    outer loop
      vertex 18.043470 -10.261461 0.000000
      vertex 18.036110 -10.254971 0.000000
      vertex 24.226999 35.500000 0.000000
    endloop
  endfacet
  facet normal 0.000000 0.000000 -1.000000
    outer loop
      vertex 18.036110 -10.254971 0.000000
      vertex 17.856894 -10.107063 0.000000
      vertex 24.226999 35.500000 0.000000
    endloop
  endfacet
  facet normal 0.000000 0.000000 -1.000000
    outer loop
      vertex 17.850937 -10.102394 0.000000
      vertex 17.832726 -10.088848 0.000000
      vertex 24.226999 35.500000 0.000000
    endloop
  endfacet
  facet normal 0.000000 0.000000 -1.000000
    outer loop
      vertex 17.856894 -10.107063 0.000000
      vertex 17.850937 -10.102394 0.000000
      vertex 24.226999 35.500000 0.000000
    endloop
  endfacet
  facet normal 0.000000 0.000000 -1.000000
    outer loop
      vertex 17.832726 -10.088848 0.000000
      vertex 17.826541 -10.084486 0.000000
      vertex 24.226999 35.500000 0.000000
    endloop
  endfacet
  facet normal 0.000000 0.000000 -1.000000
    outer loop
      vertex 17.826541 -10.084486 0.000000
      vertex 17.709777 -10.006468 0.000000
      vertex 24.226999 35.500000 0.000000
    endloop
  endfacet
  facet normal 0.000000 0.000000 -1.000000
    outer loop
      vertex 17.709777 -10.006468 0.000000
      vertex 17.703969 -10.002775 0.000000
      vertex 24.226999 35.500000 0.000000
    endloop
  endfacet
  facet normal 0.000000 0.000000 -1.000000
    outer loop
      vertex 17.686299 -9.992107 0.000000
      vertex 17.680328 -9.988688 0.000000
      vertex 24.226999 35.500000 0.000000
    endloop
  endfacet
  facet normal 0.000000 0.000000 -1.000000
    outer loop
      vertex 17.703969 -10.002775 0.000000
      vertex 17.686299 -9.992107 0.000000
      vertex 24.226999 35.500000 0.000000
    endloop
  endfacet
  facet normal 0.000000 0.000000 -1.000000
    outer loop
      vertex 17.680328 -9.988688 0.000000
      vertex 17.471231 -9.875198 0.000000
      vertex 24.226999 35.500000 0.000000
    endloop
  endfacet
  facet normal 0.000000 0.000000 -1.000000
    outer loop
      vertex 17.419513 -9.852949 0.000000
      vertex 17.410242 -9.849733 0.000000
      vertex 24.226999 35.500000 0.000000
    endloop
  endfacet
  facet normal 0.000000 0.000000 -1.000000
    outer loop
      vertex 17.444695 -9.862614 0.000000
      vertex 17.419513 -9.852949 0.000000
      vertex 24.226999 35.500000 0.000000
    endloop
  endfacet
  facet normal 0.000000 0.000000 -1.000000
    outer loop
      vertex 17.458145 -9.868549 0.000000
      vertex 17.444695 -9.862614 0.000000
      vertex 24.226999 35.500000 0.000000
    endloop
  endfacet
  facet normal 0.000000 0.000000 -1.000000
    outer loop
      vertex 17.466889 -9.872932 0.000000
      vertex 17.458145 -9.868549 0.000000
      vertex 24.226999 35.500000 0.000000
    endloop
  endfacet
  facet normal 0.000000 0.000000 -1.000000
    outer loop
      vertex 17.471231 -9.875198 0.000000
      vertex 17.466889 -9.872932 0.000000
      vertex 24.226999 35.500000 0.000000
    endloop
  endfacet
  facet normal 0.000000 0.000000 -1.000000
    outer loop
      vertex 17.410242 -9.849733 0.000000
      vertex 17.183207 -9.779240 0.000000
      vertex 24.226999 35.500000 0.000000
    endloop
  endfacet
  facet normal 0.000000 0.000000 -1.000000
    outer loop
      vertex 17.152830 -9.771313 0.000000
      vertex 17.145173 -9.769579 0.000000
      vertex 24.226999 35.500000 0.000000
    endloop
  endfacet
  facet normal 0.000000 0.000000 -1.000000
    outer loop
      vertex 17.175651 -9.777109 0.000000
      vertex 17.152830 -9.771313 0.000000
      vertex 24.226999 35.500000 0.000000
    endloop
  endfacet
  facet normal 0.000000 0.000000 -1.000000
    outer loop
      vertex 17.183207 -9.779240 0.000000
      vertex 17.175651 -9.777109 0.000000
      vertex 24.226999 35.500000 0.000000
    endloop
  endfacet
  facet normal 0.000000 0.000000 -1.000000
    outer loop
      vertex 17.145173 -9.769579 0.000000
      vertex 17.008938 -9.742481 0.000000
      vertex 24.226999 35.500000 0.000000
    endloop
  endfacet
  facet normal 0.000000 0.000000 -1.000000
    outer loop
      vertex 17.008938 -9.742481 0.000000
      vertex 17.001836 -9.741245 0.000000
      vertex 24.226999 35.500000 0.000000
    endloop
  endfacet
  facet normal 0.000000 0.000000 -1.000000
    outer loop
      vertex 17.001836 -9.741245 0.000000
      vertex 16.980455 -9.738050 0.000000
      vertex 24.226999 35.500000 0.000000
    endloop
  endfacet
  facet normal 0.000000 0.000000 -1.000000
    outer loop
      vertex 16.980455 -9.738050 0.000000
      vertex 16.973303 -9.737158 0.000000
      vertex 24.226999 35.500000 0.000000
    endloop
  endfacet
  facet normal 0.000000 0.000000 -1.000000
    outer loop
      vertex 16.973303 -9.737158 0.000000
      vertex 16.724616 -9.712151 0.000000
      vertex 24.226999 35.500000 0.000000
    endloop
  endfacet
  facet normal 0.000000 0.000000 -1.000000
    outer loop
      vertex 16.719424 -9.711720 0.000000
      vertex 16.708732 -9.711020 0.000000
      vertex 24.226999 35.500000 0.000000
    endloop
  endfacet
  facet normal 0.000000 0.000000 -1.000000
    outer loop
      vertex 16.724616 -9.712151 0.000000
      vertex 16.719424 -9.711720 0.000000
      vertex 24.226999 35.500000 0.000000
    endloop
  endfacet
  facet normal -0.000000 0.000000 -1.000000
    outer loop
      vertex 16.666920 -9.711718 0.000000
      vertex 16.657130 -9.712379 0.000000
      vertex 24.226999 35.500000 0.000000
    endloop
  endfacet
  facet normal -0.000000 0.000000 -1.000000
    outer loop
      vertex 16.693722 -9.710789 0.000000
      vertex 16.666920 -9.711718 0.000000
      vertex 24.226999 35.500000 0.000000
    endloop
  endfacet
  facet normal 0.000000 0.000000 -1.000000
    outer loop
      vertex 16.708732 -9.711020 0.000000
      vertex 16.693722 -9.710789 0.000000
      vertex 24.226999 35.500000 0.000000
    endloop
  endfacet
  facet normal -0.000000 0.000000 -1.000000
    outer loop
      vertex 16.657130 -9.712379 0.000000
      vertex 16.410541 -9.737158 0.000000
      vertex 24.226999 35.500000 0.000000
    endloop
  endfacet
  facet normal -0.000000 0.000000 -1.000000
    outer loop
      vertex 16.381987 -9.741247 0.000000
      vertex 16.374880 -9.742483 0.000000
      vertex 24.226999 35.500000 0.000000
    endloop
  endfacet
  facet normal -0.000000 0.000000 -1.000000
    outer loop
      vertex 16.374880 -9.742483 0.000000
      vertex 16.238658 -9.769579 0.000000
      vertex 24.226999 35.500000 0.000000
    endloop
  endfacet
  facet normal -0.000000 0.000000 -1.000000
    outer loop
      vertex 16.403383 -9.738052 0.000000
      vertex 16.381987 -9.741247 0.000000
      vertex 24.226999 35.500000 0.000000
    endloop
  endfacet
  facet normal -0.000000 0.000000 -1.000000
    outer loop
      vertex 16.410541 -9.737158 0.000000
      vertex 16.403383 -9.738052 0.000000
      vertex 24.226999 35.500000 0.000000
    endloop
  endfacet
  facet normal 0.000000 0.000000 -1.000000
    outer loop
      vertex 15.919210 -9.871975 0.000000
      vertex 24.226999 35.500000 0.000000
      vertex 15.943707 -9.860685 0.000000
    endloop
  endfacet
  facet normal -0.000000 0.000000 -1.000000
    outer loop
      vertex 15.957345 -9.855196 0.000000
      vertex 15.943707 -9.860685 0.000000
      vertex 24.226999 35.500000 0.000000
    endloop
  endfacet
  facet normal -0.000000 0.000000 -1.000000
    outer loop
      vertex 15.966586 -9.851992 0.000000
      vertex 15.957345 -9.855196 0.000000
      vertex 24.226999 35.500000 0.000000
    endloop
  endfacet
  facet normal -0.000000 0.000000 -1.000000
    outer loop
      vertex 15.971239 -9.850462 0.000000
      vertex 15.966586 -9.851992 0.000000
      vertex 24.226999 35.500000 0.000000
    endloop
  endfacet
  facet normal -0.000000 0.000000 -1.000000
    outer loop
      vertex 15.919210 -9.871975 0.000000
      vertex 15.910438 -9.876371 0.000000
      vertex 24.226999 35.500000 0.000000
    endloop
  endfacet
  facet normal 0.000000 0.000000 -1.000000
    outer loop
      vertex 15.703503 -9.988688 0.000000
      vertex 24.226999 35.500000 0.000000
      vertex 15.910438 -9.876371 0.000000
    endloop
  endfacet
  facet normal 0.000000 0.000000 -1.000000
    outer loop
      vertex 16.208179 -9.777109 0.000000
      vertex 24.226999 35.500000 0.000000
      vertex 16.231000 -9.771313 0.000000
    endloop
  endfacet
  facet normal -0.000000 0.000000 -1.000000
    outer loop
      vertex 16.238658 -9.769579 0.000000
      vertex 16.231000 -9.771313 0.000000
      vertex 24.226999 35.500000 0.000000
    endloop
  endfacet
  facet normal -0.000000 0.000000 -1.000000
    outer loop
      vertex 16.208179 -9.777109 0.000000
      vertex 16.200624 -9.779240 0.000000
      vertex 24.226999 35.500000 0.000000
    endloop
  endfacet
  facet normal -0.000000 0.000000 -1.000000
    outer loop
      vertex 16.200624 -9.779240 0.000000
      vertex 15.971239 -9.850462 0.000000
      vertex 24.226999 35.500000 0.000000
    endloop
  endfacet
  facet normal -0.000000 0.000000 -1.000000
    outer loop
      vertex 15.557289 -10.084486 0.000000
      vertex 15.551105 -10.088848 0.000000
      vertex 24.226999 35.500000 0.000000
    endloop
  endfacet
  facet normal -0.000000 0.000000 -1.000000
    outer loop
      vertex 15.679862 -10.002775 0.000000
      vertex 15.674053 -10.006468 0.000000
      vertex 24.226999 35.500000 0.000000
    endloop
  endfacet
  facet normal 0.000000 0.000000 -1.000000
    outer loop
      vertex 15.679862 -10.002775 0.000000
      vertex 24.226999 35.500000 0.000000
      vertex 15.697532 -9.992107 0.000000
    endloop
  endfacet
  facet normal -0.000000 0.000000 -1.000000
    outer loop
      vertex 15.703503 -9.988688 0.000000
      vertex 15.697532 -9.992107 0.000000
      vertex 24.226999 35.500000 0.000000
    endloop
  endfacet
  facet normal -0.000000 0.000000 -1.000000
    outer loop
      vertex 15.674053 -10.006468 0.000000
      vertex 15.557289 -10.084486 0.000000
      vertex 24.226999 35.500000 0.000000
    endloop
  endfacet
  facet normal -0.000000 0.000000 -1.000000
    outer loop
      vertex 13.803477 -11.119467 0.000000
      vertex 13.797650 -11.122393 0.000000
      vertex 24.226999 35.500000 0.000000
    endloop
  endfacet
  facet normal 0.000000 0.000000 -1.000000
    outer loop
      vertex 13.593406 -11.230732 0.000000
      vertex 24.226999 35.500000 0.000000
      vertex 13.598999 -11.227613 0.000000
    endloop
  endfacet
  facet normal -0.000000 0.000000 -1.000000
    outer loop
      vertex 13.797650 -11.122393 0.000000
      vertex 13.598999 -11.227613 0.000000
      vertex 24.226999 35.500000 0.000000
    endloop
  endfacet
  facet normal -0.000000 0.000000 -1.000000
    outer loop
      vertex 15.551105 -10.088848 0.000000
      vertex 13.803477 -11.119467 0.000000
      vertex 24.226999 35.500000 0.000000
    endloop
  endfacet
  facet normal 1.000000 0.000000 0.000000
    outer loop
      vertex 24.226999 -35.500000 0.000000
      vertex 24.226999 35.500000 0.000000
      vertex 24.226999 35.500000 2.000000
    endloop
  endfacet
  facet normal 0.000000 -0.000000 1.000000
    outer loop
      vertex 24.226999 -35.500000 2.000000
      vertex 24.226999 35.500000 2.000000
      vertex 23.726999 9.299999 2.000000
    endloop
  endfacet
  facet normal 0.000000 0.000000 1.000000
    outer loop
      vertex 23.726999 1.299999 2.000000
      vertex 21.026999 7.700001 2.000000
      vertex 21.026999 1.299999 2.000000
    endloop
  endfacet
  facet normal 0.000000 -0.000000 1.000000
    outer loop
      vertex 23.726999 1.299999 2.000000
      vertex 23.726999 7.700001 2.000000
      vertex 21.026999 7.700001 2.000000
    endloop
  endfacet
  facet normal 0.000000 0.000000 1.000000
    outer loop
      vertex 19.426999 1.299999 2.000000
      vertex 13.026999 7.700001 2.000000
      vertex 13.026999 1.299999 2.000000
    endloop
  endfacet
  facet normal 0.000000 -0.000000 1.000000
    outer loop
      vertex 19.426999 1.299999 2.000000
      vertex 19.426999 7.700001 2.000000
      vertex 13.026999 7.700001 2.000000
    endloop
  endfacet
  facet normal 0.000000 -0.000000 1.000000
    outer loop
      vertex 19.426999 9.299999 2.000000
      vertex 19.426999 11.500000 2.000000
      vertex 13.026999 9.299999 2.000000
    endloop
  endfacet
  facet normal 0.000000 0.000000 -1.000000
    outer loop
      vertex 12.499737 -16.273153 0.000000
      vertex -24.226999 35.500000 0.000000
      vertex 12.496763 -16.268866 0.000000
    endloop
  endfacet
  facet normal 0.000000 0.000000 -1.000000
    outer loop
      vertex 12.496763 -16.268866 0.000000
      vertex -24.226999 35.500000 0.000000
      vertex 12.407630 -16.135468 0.000000
    endloop
  endfacet
  facet normal -0.000000 -0.000000 -1.000000
    outer loop
      vertex 12.406945 -16.134434 0.000000
      vertex 12.407630 -16.135468 0.000000
      vertex -24.226999 35.500000 0.000000
    endloop
  endfacet
  facet normal -0.000000 -0.000000 -1.000000
    outer loop
      vertex 12.404902 -16.131321 0.000000
      vertex 12.406945 -16.134434 0.000000
      vertex -24.226999 35.500000 0.000000
    endloop
  endfacet
  facet normal 0.000000 0.000000 -1.000000
    outer loop
      vertex 12.404902 -16.131321 0.000000
      vertex -24.226999 35.500000 0.000000
      vertex 12.404225 -16.130280 0.000000
    endloop
  endfacet
  facet normal 0.000000 0.000000 -1.000000
    outer loop
      vertex 12.404225 -16.130280 0.000000
      vertex -24.226999 35.500000 0.000000
      vertex 12.275799 -15.931019 0.000000
    endloop
  endfacet
  facet normal 0.000000 0.000000 -1.000000
    outer loop
      vertex 12.275799 -15.931019 0.000000
      vertex -24.226999 35.500000 0.000000
      vertex 12.272431 -15.925537 0.000000
    endloop
  endfacet
  facet normal 0.000000 0.000000 -1.000000
    outer loop
      vertex 12.272431 -15.925537 0.000000
      vertex -24.226999 35.500000 0.000000
      vertex 12.262686 -15.908890 0.000000
    endloop
  endfacet
  facet normal 0.000000 0.000000 -1.000000
    outer loop
      vertex 12.262686 -15.908890 0.000000
      vertex -24.226999 35.500000 0.000000
      vertex 12.259556 -15.903271 0.000000
    endloop
  endfacet
  facet normal 0.000000 0.000000 -1.000000
    outer loop
      vertex 12.259556 -15.903271 0.000000
      vertex -24.226999 35.500000 0.000000
      vertex 12.154324 -15.704416 0.000000
    endloop
  endfacet
  facet normal 0.000000 0.000000 -1.000000
    outer loop
      vertex 12.154324 -15.704416 0.000000
      vertex -24.226999 35.500000 0.000000
      vertex 12.151411 -15.698614 0.000000
    endloop
  endfacet
  facet normal 0.000000 0.000000 -1.000000
    outer loop
      vertex 12.151411 -15.698614 0.000000
      vertex -24.226999 35.500000 0.000000
      vertex 12.143058 -15.681026 0.000000
    endloop
  endfacet
  facet normal 0.000000 0.000000 -1.000000
    outer loop
      vertex 12.143058 -15.681026 0.000000
      vertex -24.226999 35.500000 0.000000
      vertex 12.140400 -15.675104 0.000000
    endloop
  endfacet
  facet normal -0.000000 0.000000 -1.000000
    outer loop
      vertex 12.143042 -12.789171 0.000000
      vertex 12.140372 -12.795120 0.000000
      vertex -24.226999 35.500000 0.000000
    endloop
  endfacet
  facet normal 0.000000 0.000000 -1.000000
    outer loop
      vertex 12.143042 -12.789171 0.000000
      vertex -24.226999 35.500000 0.000000
      vertex 12.151436 -12.771507 0.000000
    endloop
  endfacet
  facet normal 0.000000 0.000000 -1.000000
    outer loop
      vertex 12.151436 -12.771507 0.000000
      vertex -24.226999 35.500000 0.000000
      vertex 12.154362 -12.765680 0.000000
    endloop
  endfacet
  facet normal -0.000000 0.000000 -1.000000
    outer loop
      vertex 13.576833 -11.240438 0.000000
      vertex 13.571377 -11.243792 0.000000
      vertex -24.226999 35.500000 0.000000
    endloop
  endfacet
  facet normal 0.000000 0.000000 -1.000000
    outer loop
      vertex 13.576833 -11.240438 0.000000
      vertex -24.226999 35.500000 0.000000
      vertex 13.593406 -11.230732 0.000000
    endloop
  endfacet
  facet normal 0.000000 0.000000 -1.000000
    outer loop
      vertex 13.372054 -11.372257 0.000000
      vertex -24.226999 35.500000 0.000000
      vertex 13.571377 -11.243792 0.000000
    endloop
  endfacet
  facet normal -0.000000 0.000000 -1.000000
    outer loop
      vertex 13.366868 -11.375660 0.000000
      vertex 13.233470 -11.464794 0.000000
      vertex -24.226999 35.500000 0.000000
    endloop
  endfacet
  facet normal -0.000000 0.000000 -1.000000
    outer loop
      vertex 13.367902 -11.374975 0.000000
      vertex 13.366868 -11.375660 0.000000
      vertex -24.226999 35.500000 0.000000
    endloop
  endfacet
  facet normal -0.000000 0.000000 -1.000000
    outer loop
      vertex 13.371016 -11.372932 0.000000
      vertex 13.367902 -11.374975 0.000000
      vertex -24.226999 35.500000 0.000000
    endloop
  endfacet
  facet normal 0.000000 0.000000 -1.000000
    outer loop
      vertex 13.371016 -11.372932 0.000000
      vertex -24.226999 35.500000 0.000000
      vertex 13.372054 -11.372257 0.000000
    endloop
  endfacet
  facet normal 0.000000 0.000000 -1.000000
    outer loop
      vertex 12.259583 -12.567030 0.000000
      vertex -24.226999 35.500000 0.000000
      vertex 12.262701 -12.561436 0.000000
    endloop
  endfacet
  facet normal 0.000000 0.000000 -1.000000
    outer loop
      vertex 12.262701 -12.561436 0.000000
      vertex -24.226999 35.500000 0.000000
      vertex 12.272408 -12.544863 0.000000
    endloop
  endfacet
  facet normal 0.000000 0.000000 -1.000000
    outer loop
      vertex 12.154362 -12.765680 0.000000
      vertex -24.226999 35.500000 0.000000
      vertex 12.259583 -12.567030 0.000000
    endloop
  endfacet
  facet normal 0.000000 0.000000 -1.000000
    outer loop
      vertex 12.272408 -12.544863 0.000000
      vertex -24.226999 35.500000 0.000000
      vertex 12.275761 -12.539408 0.000000
    endloop
  endfacet
  facet normal 0.000000 0.000000 -1.000000
    outer loop
      vertex 12.275761 -12.539408 0.000000
      vertex -24.226999 35.500000 0.000000
      vertex 12.404226 -12.340084 0.000000
    endloop
  endfacet
  facet normal 0.000000 0.000000 -1.000000
    outer loop
      vertex 12.404226 -12.340084 0.000000
      vertex -24.226999 35.500000 0.000000
      vertex 12.404902 -12.339045 0.000000
    endloop
  endfacet
  facet normal -0.000000 0.000000 -1.000000
    outer loop
      vertex 12.406945 -12.335932 0.000000
      vertex 12.404902 -12.339045 0.000000
      vertex -24.226999 35.500000 0.000000
    endloop
  endfacet
  facet normal 0.000000 0.000000 -1.000000
    outer loop
      vertex 12.406945 -12.335932 0.000000
      vertex -24.226999 35.500000 0.000000
      vertex 12.407630 -12.334898 0.000000
    endloop
  endfacet
  facet normal 0.000000 0.000000 -1.000000
    outer loop
      vertex 12.407630 -12.334898 0.000000
      vertex -24.226999 35.500000 0.000000
      vertex 12.496763 -12.201500 0.000000
    endloop
  endfacet
  facet normal 0.000000 0.000000 -1.000000
    outer loop
      vertex 12.496763 -12.201500 0.000000
      vertex -24.226999 35.500000 0.000000
      vertex 12.499737 -12.197214 0.000000
    endloop
  endfacet
  facet normal 0.000000 0.000000 -1.000000
    outer loop
      vertex 12.499737 -12.197214 0.000000
      vertex -24.226999 35.500000 0.000000
      vertex 12.508879 -12.184511 0.000000
    endloop
  endfacet
  facet normal 0.000000 0.000000 -1.000000
    outer loop
      vertex 12.508879 -12.184511 0.000000
      vertex -24.226999 35.500000 0.000000
      vertex 12.511999 -12.180330 0.000000
    endloop
  endfacet
  facet normal 0.000000 0.000000 -1.000000
    outer loop
      vertex 12.511999 -12.180330 0.000000
      vertex -24.226999 35.500000 0.000000
      vertex 12.650667 -12.001150 0.000000
    endloop
  endfacet
  facet normal 0.000000 0.000000 -1.000000
    outer loop
      vertex 12.650667 -12.001150 0.000000
      vertex -24.226999 35.500000 0.000000
      vertex 12.654608 -11.996271 0.000000
    endloop
  endfacet
  facet normal 0.000000 0.000000 -1.000000
    outer loop
      vertex 12.654608 -11.996271 0.000000
      vertex -24.226999 35.500000 0.000000
      vertex 12.666731 -11.981892 0.000000
    endloop
  endfacet
  facet normal 0.000000 0.000000 -1.000000
    outer loop
      vertex 12.666731 -11.981892 0.000000
      vertex -24.226999 35.500000 0.000000
      vertex 12.670872 -11.977182 0.000000
    endloop
  endfacet
  facet normal -0.000000 0.000000 -1.000000
    outer loop
      vertex 13.212300 -11.480030 0.000000
      vertex 13.033119 -11.618696 0.000000
      vertex -24.226999 35.500000 0.000000
    endloop
  endfacet
  facet normal -0.000000 0.000000 -1.000000
    outer loop
      vertex 13.013861 -11.634762 0.000000
      vertex 13.009151 -11.638903 0.000000
      vertex -24.226999 35.500000 0.000000
    endloop
  endfacet
  facet normal -0.000000 0.000000 -1.000000
    outer loop
      vertex 13.028241 -11.622639 0.000000
      vertex 13.013861 -11.634762 0.000000
      vertex -24.226999 35.500000 0.000000
    endloop
  endfacet
  facet normal 0.000000 0.000000 -1.000000
    outer loop
      vertex 13.028241 -11.622639 0.000000
      vertex -24.226999 35.500000 0.000000
      vertex 13.033119 -11.618696 0.000000
    endloop
  endfacet
  facet normal -0.000000 0.000000 -1.000000
    outer loop
      vertex 12.826241 -11.807997 0.000000
      vertex 12.821765 -11.812670 0.000000
      vertex -24.226999 35.500000 0.000000
    endloop
  endfacet
  facet normal 0.000000 0.000000 -1.000000
    outer loop
      vertex 12.826241 -11.807997 0.000000
      vertex -24.226999 35.500000 0.000000
      vertex 12.839966 -11.794271 0.000000
    endloop
  endfacet
  facet normal 0.000000 0.000000 -1.000000
    outer loop
      vertex 12.839966 -11.794271 0.000000
      vertex -24.226999 35.500000 0.000000
      vertex 12.844640 -11.789795 0.000000
    endloop
  endfacet
  facet normal 0.000000 0.000000 -1.000000
    outer loop
      vertex 12.670872 -11.977182 0.000000
      vertex -24.226999 35.500000 0.000000
      vertex 12.821765 -11.812670 0.000000
    endloop
  endfacet
  facet normal -0.000000 0.000000 -1.000000
    outer loop
      vertex 13.009151 -11.638903 0.000000
      vertex 12.844640 -11.789795 0.000000
      vertex -24.226999 35.500000 0.000000
    endloop
  endfacet
  facet normal -0.000000 0.000000 -1.000000
    outer loop
      vertex 13.216481 -11.476910 0.000000
      vertex 13.212300 -11.480030 0.000000
      vertex -24.226999 35.500000 0.000000
    endloop
  endfacet
  facet normal 0.000000 0.000000 -1.000000
    outer loop
      vertex 13.216481 -11.476910 0.000000
      vertex -24.226999 35.500000 0.000000
      vertex 13.229183 -11.467768 0.000000
    endloop
  endfacet
  facet normal 0.000000 0.000000 -1.000000
    outer loop
      vertex 13.229183 -11.467768 0.000000
      vertex -24.226999 35.500000 0.000000
      vertex 13.233470 -11.464794 0.000000
    endloop
  endfacet
  facet normal 0.000000 0.000000 1.000000
    outer loop
      vertex 11.426999 1.299999 2.000000
      vertex 5.026999 7.700001 2.000000
      vertex 5.026999 1.299999 2.000000
    endloop
  endfacet
  facet normal 0.000000 -0.000000 1.000000
    outer loop
      vertex 11.426999 1.299999 2.000000
      vertex 11.426999 7.700001 2.000000
      vertex 5.026999 7.700001 2.000000
    endloop
  endfacet
  facet normal 0.000000 -0.000000 1.000000
    outer loop
      vertex 3.976999 0.000000 2.000000
      vertex 3.976999 0.250000 2.000000
      vertex 3.427000 0.250000 2.000000
    endloop
  endfacet
  facet normal 0.000000 0.000000 1.000000
    outer loop
      vertex 3.976999 0.000000 2.000000
      vertex 3.427000 0.250000 2.000000
      vertex 2.827000 0.000000 2.000000
    endloop
  endfacet
  facet normal 0.000000 -0.000000 1.000000
    outer loop
      vertex 3.427000 0.250000 2.000000
      vertex 3.427000 7.700001 2.000000
      vertex 2.827000 0.000000 2.000000
    endloop
  endfacet
  facet normal 0.000000 -0.000000 1.000000
    outer loop
      vertex 0.976999 7.700001 2.000000
      vertex 0.976999 8.500000 2.000000
      vertex -0.173000 8.500000 2.000000
    endloop
  endfacet
  facet normal 0.000000 -0.000000 1.000000
    outer loop
      vertex 11.426999 9.299999 2.000000
      vertex 11.426999 18.500000 2.000000
      vertex 5.026999 11.500000 2.000000
    endloop
  endfacet
  facet normal 0.000000 0.000000 1.000000
    outer loop
      vertex 11.426999 9.299999 2.000000
      vertex 5.026999 11.500000 2.000000
      vertex 5.026999 9.299999 2.000000
    endloop
  endfacet
  facet normal 0.000000 0.000000 1.000000
    outer loop
      vertex 5.026999 11.500000 2.000000
      vertex 3.427000 13.900002 2.000000
      vertex 3.427000 11.500000 2.000000
    endloop
  endfacet
  facet normal 0.000000 0.000000 1.000000
    outer loop
      vertex 3.427000 13.900002 2.000000
      vertex 2.827000 22.099998 2.000000
      vertex -0.173000 13.900002 2.000000
    endloop
  endfacet
  facet normal 0.000000 -0.000000 1.000000
    outer loop
      vertex 23.726999 9.299999 2.000000
      vertex 24.226999 35.500000 2.000000
      vertex 21.026999 9.299999 2.000000
    endloop
  endfacet
  facet normal 0.000000 0.000000 1.000000
    outer loop
      vertex 21.026999 9.299999 2.000000
      vertex 24.226999 35.500000 2.000000
      vertex 21.026999 11.500000 2.000000
    endloop
  endfacet
  facet normal 0.000000 -0.000000 1.000000
    outer loop
      vertex 21.026999 11.500000 2.000000
      vertex 24.226999 35.500000 2.000000
      vertex 19.426999 11.500000 2.000000
    endloop
  endfacet
  facet normal 0.000000 -0.000000 1.000000
    outer loop
      vertex 19.426999 11.500000 2.000000
      vertex 24.226999 35.500000 2.000000
      vertex 13.026999 9.299999 2.000000
    endloop
  endfacet
  facet normal 0.000000 0.000000 1.000000
    outer loop
      vertex 13.026999 9.299999 2.000000
      vertex 24.226999 35.500000 2.000000
      vertex 13.026999 18.500000 2.000000
    endloop
  endfacet
  facet normal 0.000000 0.000000 1.000000
    outer loop
      vertex 5.026999 11.500000 2.000000
      vertex 11.426999 18.500000 2.000000
      vertex 24.226999 35.500000 2.000000
    endloop
  endfacet
  facet normal 0.000000 -0.000000 1.000000
    outer loop
      vertex 13.026999 18.500000 2.000000
      vertex 24.226999 35.500000 2.000000
      vertex 11.426999 18.500000 2.000000
    endloop
  endfacet
  facet normal 0.000000 0.000000 -1.000000
    outer loop
      vertex 13.593406 -11.230732 0.000000
      vertex -24.226999 35.500000 0.000000
      vertex 24.226999 35.500000 0.000000
    endloop
  endfacet
  facet normal 0.000000 1.000000 -0.000000
    outer loop
      vertex 24.226999 35.500000 0.000000
      vertex -24.226999 35.500000 0.000000
      vertex 24.226999 35.500000 2.000000
    endloop
  endfacet
  facet normal 0.000000 -0.000000 1.000000
    outer loop
      vertex 5.026999 11.500000 2.000000
      vertex 24.226999 35.500000 2.000000
      vertex 3.427000 13.900002 2.000000
    endloop
  endfacet
  facet normal 0.000000 -0.000000 1.000000
    outer loop
      vertex 3.427000 13.900002 2.000000
      vertex 24.226999 35.500000 2.000000
      vertex 3.276999 22.099998 2.000000
    endloop
  endfacet
  facet normal 0.000000 0.000000 1.000000
    outer loop
      vertex 3.427000 13.900002 2.000000
      vertex 3.276999 22.099998 2.000000
      vertex 2.827000 22.099998 2.000000
    endloop
  endfacet
  facet normal 0.000000 -0.000000 1.000000
    outer loop
      vertex 2.827000 22.099998 2.000000
      vertex 2.827000 25.700001 2.000000
      vertex -0.173000 13.900002 2.000000
    endloop
  endfacet
  facet normal 0.000000 0.000000 1.000000
    outer loop
      vertex 24.226999 35.500000 2.000000
      vertex 3.276999 25.700001 2.000000
      vertex 3.276999 22.099998 2.000000
    endloop
  endfacet
  facet normal 0.000000 0.000000 1.000000
    outer loop
      vertex 24.226999 35.500000 2.000000
      vertex 2.827000 25.700001 2.000000
      vertex 3.276999 25.700001 2.000000
    endloop
  endfacet
  facet normal 0.000000 0.000000 1.000000
    outer loop
      vertex 24.226999 35.500000 2.000000
      vertex -15.226999 35.500000 2.000000
      vertex 2.827000 25.700001 2.000000
    endloop
  endfacet
  facet normal 1.000000 0.000000 0.000000
    outer loop
      vertex 23.726999 -0.299999 2.000000
      vertex 23.726999 1.299999 2.000000
      vertex 23.726999 1.299999 4.000000
    endloop
  endfacet
  facet normal 0.000000 1.000000 0.000000
    outer loop
      vertex 23.726999 1.299999 2.000000
      vertex 21.026999 1.299999 2.000000
      vertex 21.026999 1.299999 4.000000
    endloop
  endfacet
  facet normal 1.000000 0.000000 0.000000
    outer loop
      vertex 21.026999 1.299999 2.000000
      vertex 21.026999 7.700001 2.000000
      vertex 21.026999 1.299999 4.000000
    endloop
  endfacet
  facet normal 0.000000 -1.000000 0.000000
    outer loop
      vertex 23.726999 7.700001 2.000000
      vertex 23.726999 7.700001 4.000000
      vertex 21.026999 7.700001 2.000000
    endloop
  endfacet
  facet normal 1.000000 0.000000 0.000000
    outer loop
      vertex 23.726999 7.700001 2.000000
      vertex 23.726999 9.299999 2.000000
      vertex 23.726999 9.299999 4.000000
    endloop
  endfacet
  facet normal -1.000000 0.000000 0.000000
    outer loop
      vertex 19.426999 1.299999 2.000000
      vertex 19.426999 7.700001 4.000000
      vertex 19.426999 7.700001 2.000000
    endloop
  endfacet
  facet normal 1.000000 0.000000 0.000000
    outer loop
      vertex 23.726999 -0.299999 2.000000
      vertex 23.726999 1.299999 4.000000
      vertex 23.726999 -0.299999 4.000000
    endloop
  endfacet
  facet normal 0.000000 1.000000 -0.000000
    outer loop
      vertex 23.726999 1.299999 2.000000
      vertex 21.026999 1.299999 4.000000
      vertex 23.726999 1.299999 4.000000
    endloop
  endfacet
  facet normal -1.000000 0.000000 0.000000
    outer loop
      vertex 19.426999 1.299999 2.000000
      vertex 19.426999 1.299999 4.000000
      vertex 19.426999 7.700001 4.000000
    endloop
  endfacet
  facet normal 1.000000 0.000000 0.000000
    outer loop
      vertex 23.726999 7.700001 2.000000
      vertex 23.726999 9.299999 4.000000
      vertex 23.726999 7.700001 4.000000
    endloop
  endfacet
  facet normal 0.000000 -1.000000 0.000000
    outer loop
      vertex 21.026999 7.700001 2.000000
      vertex 23.726999 7.700001 4.000000
      vertex 21.026999 7.700001 4.000000
    endloop
  endfacet
  facet normal 1.000000 0.000000 -0.000000
    outer loop
      vertex 21.026999 7.700001 2.000000
      vertex 21.026999 7.700001 4.000000
      vertex 21.026999 1.299999 4.000000
    endloop
  endfacet
  facet normal 0.000000 1.000000 0.000000
    outer loop
      vertex 19.426999 1.299999 2.000000
      vertex 13.026999 1.299999 2.000000
      vertex 13.026999 1.299999 4.000000
    endloop
  endfacet
  facet normal 1.000000 0.000000 0.000000
    outer loop
      vertex 13.026999 1.299999 2.000000
      vertex 13.026999 7.700001 2.000000
      vertex 13.026999 1.299999 4.000000
    endloop
  endfacet
  facet normal 0.000000 -1.000000 0.000000
    outer loop
      vertex 19.426999 7.700001 2.000000
      vertex 19.426999 7.700001 4.000000
      vertex 13.026999 7.700001 2.000000
    endloop
  endfacet
  facet normal 0.000000 1.000000 -0.000000
    outer loop
      vertex 19.426999 1.299999 2.000000
      vertex 13.026999 1.299999 4.000000
      vertex 19.426999 1.299999 4.000000
    endloop
  endfacet
  facet normal 0.000000 -1.000000 0.000000
    outer loop
      vertex 13.026999 7.700001 2.000000
      vertex 19.426999 7.700001 4.000000
      vertex 13.026999 7.700001 4.000000
    endloop
  endfacet
  facet normal 1.000000 0.000000 -0.000000
    outer loop
      vertex 13.026999 7.700001 2.000000
      vertex 13.026999 7.700001 4.000000
      vertex 13.026999 1.299999 4.000000
    endloop
  endfacet
  facet normal 0.000000 1.000000 0.000000
    outer loop
      vertex 23.726999 9.299999 2.000000
      vertex 21.026999 9.299999 2.000000
      vertex 21.026999 9.299999 4.000000
    endloop
  endfacet
  facet normal 1.000000 0.000000 0.000000
    outer loop
      vertex 21.026999 9.299999 2.000000
      vertex 21.026999 11.500000 2.000000
      vertex 21.026999 9.299999 4.000000
    endloop
  endfacet
  facet normal -1.000000 0.000000 0.000000
    outer loop
      vertex 19.426999 9.299999 2.000000
      vertex 19.426999 11.500000 4.000000
      vertex 19.426999 11.500000 2.000000
    endloop
  endfacet
  facet normal 0.000000 1.000000 -0.000000
    outer loop
      vertex 21.026999 11.500000 2.000000
      vertex 19.426999 11.500000 2.000000
      vertex 21.026999 11.500000 4.000000
    endloop
  endfacet
  facet normal 0.000000 1.000000 -0.000000
    outer loop
      vertex 23.726999 9.299999 2.000000
      vertex 21.026999 9.299999 4.000000
      vertex 23.726999 9.299999 4.000000
    endloop
  endfacet
  facet normal 1.000000 0.000000 -0.000000
    outer loop
      vertex 21.026999 11.500000 2.000000
      vertex 21.026999 11.500000 4.000000
      vertex 21.026999 9.299999 4.000000
    endloop
  endfacet
  facet normal -1.000000 0.000000 0.000000
    outer loop
      vertex 19.426999 9.299999 2.000000
      vertex 19.426999 9.299999 4.000000
      vertex 19.426999 11.500000 4.000000
    endloop
  endfacet
  facet normal 0.000000 1.000000 0.000000
    outer loop
      vertex 19.426999 11.500000 2.000000
      vertex 19.426999 11.500000 4.000000
      vertex 21.026999 11.500000 4.000000
    endloop
  endfacet
  facet normal 0.000000 1.000000 0.000000
    outer loop
      vertex 19.426999 9.299999 2.000000
      vertex 13.026999 9.299999 2.000000
      vertex 13.026999 9.299999 4.000000
    endloop
  endfacet
  facet normal 1.000000 0.000000 0.000000
    outer loop
      vertex 13.026999 9.299999 2.000000
      vertex 13.026999 18.500000 2.000000
      vertex 13.026999 9.299999 4.000000
    endloop
  endfacet
  facet normal 0.000000 1.000000 -0.000000
    outer loop
      vertex 19.426999 9.299999 2.000000
      vertex 13.026999 9.299999 4.000000
      vertex 19.426999 9.299999 4.000000
    endloop
  endfacet
  facet normal 1.000000 0.000000 -0.000000
    outer loop
      vertex 13.026999 18.500000 2.000000
      vertex 13.026999 18.500000 4.000000
      vertex 13.026999 9.299999 4.000000
    endloop
  endfacet
  facet normal 0.000000 -0.000000 1.000000
    outer loop
      vertex 23.726999 -0.299999 4.000000
      vertex 23.726999 1.299999 4.000000
      vertex 20.527455 1.040798 4.000000
    endloop
  endfacet
  facet normal 0.000000 0.000000 1.000000
    outer loop
      vertex 23.726999 -0.299999 4.000000
      vertex 20.527455 1.040798 4.000000
      vertex 19.426999 -0.094582 4.000000
    endloop
  endfacet
  facet normal 0.000000 0.000000 1.000000
    outer loop
      vertex 23.726999 1.299999 4.000000
      vertex 21.026999 1.299999 4.000000
      vertex 20.527455 1.040798 4.000000
    endloop
  endfacet
  facet normal 0.000000 0.000000 1.000000
    outer loop
      vertex 19.426999 -0.094582 4.000000
      vertex 20.527455 1.040798 4.000000
      vertex 19.426999 0.951645 4.000000
    endloop
  endfacet
  facet normal 0.000000 -0.000000 1.000000
    outer loop
      vertex 20.527455 1.040798 4.000000
      vertex 21.026999 1.299999 4.000000
      vertex 19.426999 1.299999 4.000000
    endloop
  endfacet
  facet normal 0.000000 -0.000000 1.000000
    outer loop
      vertex 21.026999 1.299999 4.000000
      vertex 21.026999 7.700001 4.000000
      vertex 19.426999 1.299999 4.000000
    endloop
  endfacet
  facet normal 0.000000 -0.000000 1.000000
    outer loop
      vertex 23.726999 7.700001 4.000000
      vertex 23.726999 9.299999 4.000000
      vertex 21.026999 7.700001 4.000000
    endloop
  endfacet
  facet normal 0.000000 -0.000000 1.000000
    outer loop
      vertex 21.026999 7.700001 4.000000
      vertex 23.726999 9.299999 4.000000
      vertex 19.426999 7.700001 4.000000
    endloop
  endfacet
  facet normal 0.000000 0.000000 1.000000
    outer loop
      vertex 19.426999 1.299999 4.000000
      vertex 21.026999 7.700001 4.000000
      vertex 19.426999 7.700001 4.000000
    endloop
  endfacet
  facet normal 0.000000 -0.000000 1.000000
    outer loop
      vertex 19.426999 7.700001 4.000000
      vertex 23.726999 9.299999 4.000000
      vertex 13.026999 7.700001 4.000000
    endloop
  endfacet
  facet normal 0.000000 -0.000000 1.000000
    outer loop
      vertex 19.426999 -0.094582 4.000000
      vertex 19.426999 0.951645 4.000000
      vertex 12.127043 0.360256 4.000000
    endloop
  endfacet
  facet normal 0.000000 0.000000 1.000000
    outer loop
      vertex 20.527455 1.040798 4.000000
      vertex 19.426999 1.299999 4.000000
      vertex 13.026999 1.299999 4.000000
    endloop
  endfacet
  facet normal 0.000000 0.000000 1.000000
    outer loop
      vertex 20.527455 1.040798 4.000000
      vertex 3.976999 1.299999 4.000000
      vertex 19.426999 0.951645 4.000000
    endloop
  endfacet
  facet normal 0.000000 0.000000 1.000000
    outer loop
      vertex 20.527455 1.040798 4.000000
      vertex 13.026999 1.299999 4.000000
      vertex 11.426999 1.299999 4.000000
    endloop
  endfacet
  facet normal 0.000000 0.000000 1.000000
    outer loop
      vertex 20.527455 1.040798 4.000000
      vertex 11.426999 1.299999 4.000000
      vertex 5.026999 1.299999 4.000000
    endloop
  endfacet
  facet normal 0.000000 -0.000000 1.000000
    outer loop
      vertex 13.026999 1.299999 4.000000
      vertex 13.026999 7.700001 4.000000
      vertex 11.426999 1.299999 4.000000
    endloop
  endfacet
  facet normal 0.000000 -0.000000 1.000000
    outer loop
      vertex 13.026999 7.700001 4.000000
      vertex 23.726999 9.299999 4.000000
      vertex 11.426999 7.700001 4.000000
    endloop
  endfacet
  facet normal 0.000000 0.000000 1.000000
    outer loop
      vertex 23.726999 9.299999 4.000000
      vertex 21.026999 9.299999 4.000000
      vertex 0.976999 7.700001 4.000000
    endloop
  endfacet
  facet normal 0.000000 0.000000 1.000000
    outer loop
      vertex 21.026999 9.299999 4.000000
      vertex 19.426999 9.299999 4.000000
      vertex 0.976999 7.700001 4.000000
    endloop
  endfacet
  facet normal 0.000000 0.000000 1.000000
    outer loop
      vertex 23.726999 9.299999 4.000000
      vertex 5.026999 7.700001 4.000000
      vertex 11.426999 7.700001 4.000000
    endloop
  endfacet
  facet normal 0.000000 -0.000000 1.000000
    outer loop
      vertex 21.026999 9.299999 4.000000
      vertex 21.026999 11.500000 4.000000
      vertex 19.426999 9.299999 4.000000
    endloop
  endfacet
  facet normal 0.000000 0.000000 1.000000
    outer loop
      vertex 19.426999 9.299999 4.000000
      vertex 21.026999 11.500000 4.000000
      vertex 19.426999 11.500000 4.000000
    endloop
  endfacet
  facet normal 0.000000 -0.000000 1.000000
    outer loop
      vertex 13.026999 9.299999 4.000000
      vertex 13.026999 18.500000 4.000000
      vertex 11.426999 9.299999 4.000000
    endloop
  endfacet
  facet normal 0.000000 1.000000 0.000000
    outer loop
      vertex 11.426999 1.299999 2.000000
      vertex 5.026999 1.299999 2.000000
      vertex 5.026999 1.299999 4.000000
    endloop
  endfacet
  facet normal -1.000000 0.000000 0.000000
    outer loop
      vertex 11.426999 1.299999 2.000000
      vertex 11.426999 7.700001 4.000000
      vertex 11.426999 7.700001 2.000000
    endloop
  endfacet
  facet normal 0.000000 -1.000000 0.000000
    outer loop
      vertex 11.426999 7.700001 2.000000
      vertex 11.426999 7.700001 4.000000
      vertex 5.026999 7.700001 2.000000
    endloop
  endfacet
  facet normal 0.000000 1.000000 -0.000000
    outer loop
      vertex 11.426999 1.299999 2.000000
      vertex 5.026999 1.299999 4.000000
      vertex 11.426999 1.299999 4.000000
    endloop
  endfacet
  facet normal -1.000000 0.000000 0.000000
    outer loop
      vertex 11.426999 1.299999 2.000000
      vertex 11.426999 1.299999 4.000000
      vertex 11.426999 7.700001 4.000000
    endloop
  endfacet
  facet normal 0.000000 -1.000000 0.000000
    outer loop
      vertex 5.026999 7.700001 2.000000
      vertex 11.426999 7.700001 4.000000
      vertex 5.026999 7.700001 4.000000
    endloop
  endfacet
  facet normal -1.000000 0.000000 0.000000
    outer loop
      vertex 3.976999 0.000000 2.000000
      vertex 3.976999 0.000000 4.000000
      vertex 3.976999 0.250000 2.000000
    endloop
  endfacet
  facet normal 0.000000 -1.000000 0.000000
    outer loop
      vertex 3.976999 0.250000 2.000000
      vertex 3.427000 0.250000 4.000000
      vertex 3.427000 0.250000 2.000000
    endloop
  endfacet
  facet normal 0.000000 1.000000 -0.000000
    outer loop
      vertex 3.976999 0.000000 2.000000
      vertex 2.827000 0.000000 2.000000
      vertex 3.976999 0.000000 4.000000
    endloop
  endfacet
  facet normal 1.000000 0.000000 0.000000
    outer loop
      vertex 5.026999 1.299999 2.000000
      vertex 5.026999 7.700001 2.000000
      vertex 5.026999 1.299999 4.000000
    endloop
  endfacet
  facet normal -1.000000 0.000000 0.000000
    outer loop
      vertex 3.427000 0.250000 2.000000
      vertex 3.427000 7.700001 4.000000
      vertex 3.427000 7.700001 2.000000
    endloop
  endfacet
  facet normal 0.000000 -1.000000 0.000000
    outer loop
      vertex 3.427000 7.700001 2.000000
      vertex 3.427000 7.700001 4.000000
      vertex 0.976999 7.700001 2.000000
    endloop
  endfacet
  facet normal -1.000000 0.000000 0.000000
    outer loop
      vertex 0.976999 7.700001 2.000000
      vertex 0.976999 7.700001 4.000000
      vertex 0.976999 8.500000 2.000000
    endloop
  endfacet
  facet normal -1.000000 0.000000 0.000000
    outer loop
      vertex 3.976999 0.250000 2.000000
      vertex 3.976999 0.000000 4.000000
      vertex 3.976999 0.250000 4.000000
    endloop
  endfacet
  facet normal 0.000000 -1.000000 0.000000
    outer loop
      vertex 3.976999 0.250000 2.000000
      vertex 3.976999 0.250000 4.000000
      vertex 3.427000 0.250000 4.000000
    endloop
  endfacet
  facet normal -1.000000 0.000000 0.000000
    outer loop
      vertex 3.427000 0.250000 2.000000
      vertex 3.427000 0.250000 4.000000
      vertex 3.427000 7.700001 4.000000
    endloop
  endfacet
  facet normal 1.000000 0.000000 -0.000000
    outer loop
      vertex 5.026999 7.700001 2.000000
      vertex 5.026999 7.700001 4.000000
      vertex 5.026999 1.299999 4.000000
    endloop
  endfacet
  facet normal 0.000000 -1.000000 0.000000
    outer loop
      vertex 0.976999 7.700001 2.000000
      vertex 3.427000 7.700001 4.000000
      vertex 0.976999 7.700001 4.000000
    endloop
  endfacet
  facet normal -1.000000 0.000000 0.000000
    outer loop
      vertex 0.976999 8.500000 2.000000
      vertex 0.976999 7.700001 4.000000
      vertex 0.976999 8.500000 4.000000
    endloop
  endfacet
  facet normal 0.000000 1.000000 0.000000
    outer loop
      vertex 11.426999 9.299999 2.000000
      vertex 5.026999 9.299999 2.000000
      vertex 5.026999 9.299999 4.000000
    endloop
  endfacet
  facet normal -1.000000 0.000000 0.000000
    outer loop
      vertex 11.426999 9.299999 2.000000
      vertex 11.426999 18.500000 4.000000
      vertex 11.426999 18.500000 2.000000
    endloop
  endfacet
  facet normal 0.000000 1.000000 -0.000000
    outer loop
      vertex 11.426999 9.299999 2.000000
      vertex 5.026999 9.299999 4.000000
      vertex 11.426999 9.299999 4.000000
    endloop
  endfacet
  facet normal -1.000000 0.000000 0.000000
    outer loop
      vertex 11.426999 9.299999 2.000000
      vertex 11.426999 9.299999 4.000000
      vertex 11.426999 18.500000 4.000000
    endloop
  endfacet
  facet normal 1.000000 0.000000 0.000000
    outer loop
      vertex 3.427000 11.500000 2.000000
      vertex 3.427000 13.900002 2.000000
      vertex 3.427000 11.500000 3.289496
    endloop
  endfacet
  facet normal 1.000000 0.000000 0.000000
    outer loop
      vertex 5.026999 9.299999 2.000000
      vertex 5.026999 11.500000 2.000000
      vertex 5.026999 9.299999 4.000000
    endloop
  endfacet
  facet normal 0.000000 1.000000 -0.000000
    outer loop
      vertex 5.026999 11.500000 2.000000
      vertex 3.427000 11.500000 2.000000
      vertex 5.026999 11.500000 4.000000
    endloop
  endfacet
  facet normal -1.000000 0.000000 0.000000
    outer loop
      vertex 3.126999 10.016434 2.450000
      vertex 3.126999 11.523525 3.292593
      vertex 3.126999 12.383568 2.450000
    endloop
  endfacet
  facet normal 0.000000 -0.000000 1.000000
    outer loop
      vertex 3.126999 9.299999 2.450000
      vertex 3.126999 10.016434 2.450000
      vertex 1.427000 9.299999 2.450000
    endloop
  endfacet
  facet normal 0.000000 0.000000 1.000000
    outer loop
      vertex 3.126999 10.016434 2.450000
      vertex 1.427000 10.016434 2.450000
      vertex 1.427000 9.299999 2.450000
    endloop
  endfacet
  facet normal 0.000000 0.000000 1.000000
    outer loop
      vertex 3.126999 10.016434 2.450000
      vertex 1.427000 12.383568 2.450000
      vertex 1.427000 10.016434 2.450000
    endloop
  endfacet
  facet normal 0.000000 -0.000000 1.000000
    outer loop
      vertex 3.126999 10.016434 2.450000
      vertex 3.126999 12.383568 2.450000
      vertex 1.427000 12.383568 2.450000
    endloop
  endfacet
  facet normal 1.000000 0.000000 0.000000
    outer loop
      vertex 1.427000 10.016434 2.450000
      vertex 1.427000 12.383568 2.450000
      vertex 1.427000 11.200001 3.111715
    endloop
  endfacet
  facet normal -1.000000 0.000000 0.000000
    outer loop
      vertex 3.126999 9.299999 2.450000
      vertex 3.126999 10.316116 3.616117
      vertex 3.126999 10.016434 2.450000
    endloop
  endfacet
  facet normal -1.000000 0.000000 0.000000
    outer loop
      vertex 3.126999 10.016434 2.450000
      vertex 3.126999 10.876476 3.292593
      vertex 3.126999 11.200001 3.250000
    endloop
  endfacet
  facet normal -1.000000 0.000000 0.000000
    outer loop
      vertex 3.126999 10.016434 2.450000
      vertex 3.126999 11.200001 3.250000
      vertex 3.126999 11.523525 3.292593
    endloop
  endfacet
  facet normal -1.000000 0.000000 0.000000
    outer loop
      vertex 3.126999 10.016434 2.450000
      vertex 3.126999 10.575001 3.417468
      vertex 3.126999 10.876476 3.292593
    endloop
  endfacet
  facet normal 1.000000 0.000000 0.000000
    outer loop
      vertex 3.427000 13.900002 2.000000
      vertex 3.427000 11.523525 3.292593
      vertex 3.427000 11.500000 3.289496
    endloop
  endfacet
  facet normal 1.000000 0.000000 0.000000
    outer loop
      vertex 3.427000 13.900002 2.000000
      vertex 3.427000 11.825001 3.417468
      vertex 3.427000 11.523525 3.292593
    endloop
  endfacet
  facet normal -1.000000 0.000000 0.000000
    outer loop
      vertex 3.126999 12.383568 2.450000
      vertex 3.126999 11.523525 3.292593
      vertex 3.126999 11.825001 3.417468
    endloop
  endfacet
  facet normal 1.000000 0.000000 0.000000
    outer loop
      vertex 3.427000 13.900002 2.000000
      vertex 3.427000 12.083885 3.616117
      vertex 3.427000 11.825001 3.417468
    endloop
  endfacet
  facet normal 1.000000 0.000000 -0.000000
    outer loop
      vertex 5.026999 11.500000 2.000000
      vertex 5.026999 11.500000 4.000000
      vertex 5.026999 9.299999 4.000000
    endloop
  endfacet
  facet normal -1.000000 0.000000 0.000000
    outer loop
      vertex 3.126999 10.016434 2.450000
      vertex 3.126999 10.316116 3.616117
      vertex 3.126999 10.575001 3.417468
    endloop
  endfacet
  facet normal -1.000000 0.000000 0.000000
    outer loop
      vertex 3.126999 9.299999 2.450000
      vertex 3.126999 10.117470 3.875000
      vertex 3.126999 10.316116 3.616117
    endloop
  endfacet
  facet normal 0.000000 0.130526 0.991445
    outer loop
      vertex 3.427000 10.876476 3.292593
      vertex 3.427000 11.200001 3.250000
      vertex 3.126999 11.200001 3.250000
    endloop
  endfacet
  facet normal 0.000000 0.130526 0.991445
    outer loop
      vertex 3.427000 10.876476 3.292593
      vertex 3.126999 11.200001 3.250000
      vertex 3.126999 10.876476 3.292593
    endloop
  endfacet
  facet normal 0.000000 0.382684 0.923879
    outer loop
      vertex 3.427000 10.876476 3.292593
      vertex 3.126999 10.876476 3.292593
      vertex 3.427000 10.575001 3.417468
    endloop
  endfacet
  facet normal 0.000000 1.000000 0.000000
    outer loop
      vertex 3.427000 11.500000 2.000000
      vertex 3.427000 11.500000 3.289496
      vertex 5.026999 11.500000 4.000000
    endloop
  endfacet
  facet normal -1.000000 0.000000 0.000000
    outer loop
      vertex 3.126999 12.383568 2.450000
      vertex 3.126999 11.825001 3.417468
      vertex 3.126999 12.083885 3.616117
    endloop
  endfacet
  facet normal 1.000000 0.000000 0.000000
    outer loop
      vertex 3.427000 13.900002 2.000000
      vertex 3.427000 12.282532 3.875000
      vertex 3.427000 12.083885 3.616117
    endloop
  endfacet
  facet normal 0.000000 -0.130526 0.991445
    outer loop
      vertex 3.427000 11.200001 3.250000
      vertex 3.126999 11.523525 3.292593
      vertex 3.126999 11.200001 3.250000
    endloop
  endfacet
  facet normal -0.000000 -0.130526 0.991445
    outer loop
      vertex 3.427000 11.200001 3.250000
      vertex 3.427000 11.500000 3.289496
      vertex 3.126999 11.523525 3.292593
    endloop
  endfacet
  facet normal 0.000000 -0.130522 0.991445
    outer loop
      vertex 3.427000 11.500000 3.289496
      vertex 3.427000 11.523525 3.292593
      vertex 3.126999 11.523525 3.292593
    endloop
  endfacet
  facet normal 0.000000 -0.382684 0.923879
    outer loop
      vertex 3.427000 11.523525 3.292593
      vertex 3.126999 11.825001 3.417468
      vertex 3.126999 11.523525 3.292593
    endloop
  endfacet
  facet normal 1.000000 0.000000 0.000000
    outer loop
      vertex 3.427000 13.900002 2.000000
      vertex 3.427000 12.407406 4.176476
      vertex 3.427000 12.282532 3.875000
    endloop
  endfacet
  facet normal 0.000000 1.000000 0.000000
    outer loop
      vertex 3.126999 9.299999 2.450000
      vertex 1.427000 9.299999 2.450000
      vertex 1.427000 9.299999 4.000000
    endloop
  endfacet
  facet normal 1.000000 0.000000 0.000000
    outer loop
      vertex 1.427000 10.016434 2.450000
      vertex 1.427000 11.200001 3.111715
      vertex 1.427000 10.734806 3.153798
    endloop
  endfacet
  facet normal 1.000000 0.000000 0.000000
    outer loop
      vertex 1.427000 9.299999 2.450000
      vertex 1.427000 10.016434 2.450000
      vertex 1.427000 9.299999 4.000000
    endloop
  endfacet
  facet normal 1.000000 0.000000 0.000000
    outer loop
      vertex 1.427000 10.016434 2.450000
      vertex 1.427000 10.734806 3.153798
      vertex 1.427000 10.568253 3.405781
    endloop
  endfacet
  facet normal 1.000000 0.000000 0.000000
    outer loop
      vertex 1.427000 12.383568 2.450000
      vertex 1.427000 11.200001 3.250000
      vertex 1.427000 11.200001 3.111715
    endloop
  endfacet
  facet normal 1.000000 0.000000 0.000000
    outer loop
      vertex 1.427000 12.383568 2.450000
      vertex 1.427000 11.523525 3.292593
      vertex 1.427000 11.200001 3.250000
    endloop
  endfacet
  facet normal 1.000000 0.000000 0.000000
    outer loop
      vertex 1.427000 12.383568 2.450000
      vertex 1.427000 11.825001 3.417468
      vertex 1.427000 11.523525 3.292593
    endloop
  endfacet
  facet normal 1.000000 0.000000 0.000000
    outer loop
      vertex 1.427000 10.016434 2.450000
      vertex 1.427000 10.568253 3.405781
      vertex 1.427000 10.316116 3.616117
    endloop
  endfacet
  facet normal 1.000000 -0.000000 0.000000
    outer loop
      vertex 1.427000 10.734806 3.153798
      vertex 1.427000 11.200001 3.111715
      vertex 1.427000 10.876476 3.292593
    endloop
  endfacet
  facet normal 1.000000 0.000000 0.000000
    outer loop
      vertex 1.427000 10.876476 3.292593
      vertex 1.427000 11.200001 3.111715
      vertex 1.427000 11.200001 3.250000
    endloop
  endfacet
  facet normal 1.000000 0.000000 -0.000000
    outer loop
      vertex 1.427000 10.016434 2.450000
      vertex 1.427000 10.316116 3.616117
      vertex 1.427000 9.299999 4.000000
    endloop
  endfacet
  facet normal 1.000000 0.000000 -0.000000
    outer loop
      vertex 1.427000 10.734806 3.153798
      vertex 1.427000 10.876476 3.292593
      vertex 1.427000 10.568253 3.405781
    endloop
  endfacet
  facet normal 0.000000 0.130526 0.991445
    outer loop
      vertex 1.427000 10.876476 3.292593
      vertex 1.427000 11.200001 3.250000
      vertex -0.173000 11.200001 3.250000
    endloop
  endfacet
  facet normal 1.000000 0.000000 0.000000
    outer loop
      vertex 1.427000 10.876476 3.292593
      vertex 1.427000 10.575001 3.417468
      vertex 1.427000 10.568253 3.405781
    endloop
  endfacet
  facet normal 0.000000 0.382684 0.923879
    outer loop
      vertex 1.427000 10.876476 3.292593
      vertex -0.173000 10.876476 3.292593
      vertex 1.427000 10.575001 3.417468
    endloop
  endfacet
  facet normal 0.000000 0.130526 0.991445
    outer loop
      vertex 1.427000 10.876476 3.292593
      vertex -0.173000 11.200001 3.250000
      vertex -0.173000 10.876476 3.292593
    endloop
  endfacet
  facet normal 0.000000 -0.866026 0.500000
    outer loop
      vertex 3.126999 12.383568 2.450000
      vertex 3.126999 13.567135 4.500000
      vertex 1.427000 12.383568 2.450000
    endloop
  endfacet
  facet normal 1.000000 0.000000 0.000000
    outer loop
      vertex 1.427000 12.383568 2.450000
      vertex 1.427000 12.083885 3.616117
      vertex 1.427000 11.825001 3.417468
    endloop
  endfacet
  facet normal 0.000000 -0.130526 0.991445
    outer loop
      vertex 1.427000 11.200001 3.250000
      vertex 1.427000 11.523525 3.292593
      vertex -0.173000 11.523525 3.292593
    endloop
  endfacet
  facet normal 0.000000 -0.130526 0.991445
    outer loop
      vertex 1.427000 11.200001 3.250000
      vertex -0.173000 11.523525 3.292593
      vertex -0.173000 11.200001 3.250000
    endloop
  endfacet
  facet normal 0.000000 -0.382684 0.923879
    outer loop
      vertex 1.427000 11.523525 3.292593
      vertex -0.173000 11.825001 3.417468
      vertex -0.173000 11.523525 3.292593
    endloop
  endfacet
  facet normal 0.000000 -0.000000 1.000000
    outer loop
      vertex 11.485965 -0.299999 4.000000
      vertex 12.127043 0.360256 4.000000
      vertex 11.426999 0.303543 4.000000
    endloop
  endfacet
  facet normal 0.000000 0.000000 1.000000
    outer loop
      vertex 19.426999 0.951645 4.000000
      vertex 3.976999 1.299999 4.000000
      vertex 12.127043 0.360256 4.000000
    endloop
  endfacet
  facet normal 0.000000 -0.000000 1.000000
    outer loop
      vertex 11.426999 -0.299999 4.000000
      vertex 11.426999 0.303543 4.000000
      vertex 10.827000 0.000000 4.000000
    endloop
  endfacet
  facet normal 0.000000 0.000000 1.000000
    outer loop
      vertex 11.426999 0.303543 4.000000
      vertex 6.126999 0.000000 4.000000
      vertex 10.827000 0.000000 4.000000
    endloop
  endfacet
  facet normal 0.000000 0.000000 1.000000
    outer loop
      vertex 12.127043 0.360256 4.000000
      vertex 3.976999 1.299999 4.000000
      vertex 11.426999 0.303543 4.000000
    endloop
  endfacet
  facet normal 0.000000 0.000000 1.000000
    outer loop
      vertex 20.527455 1.040798 4.000000
      vertex 5.026999 1.299999 4.000000
      vertex 3.976999 1.299999 4.000000
    endloop
  endfacet
  facet normal 0.000000 0.000000 1.000000
    outer loop
      vertex 11.426999 0.303543 4.000000
      vertex 3.976999 0.250000 4.000000
      vertex 6.126999 0.000000 4.000000
    endloop
  endfacet
  facet normal 0.000000 0.000000 1.000000
    outer loop
      vertex 11.426999 0.303543 4.000000
      vertex 3.976999 1.299999 4.000000
      vertex 3.976999 0.250000 4.000000
    endloop
  endfacet
  facet normal 0.000000 0.000000 1.000000
    outer loop
      vertex 13.026999 7.700001 4.000000
      vertex 11.426999 7.700001 4.000000
      vertex 11.426999 1.299999 4.000000
    endloop
  endfacet
  facet normal 0.000000 0.000000 1.000000
    outer loop
      vertex 23.726999 9.299999 4.000000
      vertex 3.427000 7.700001 4.000000
      vertex 5.026999 7.700001 4.000000
    endloop
  endfacet
  facet normal 0.000000 0.000000 1.000000
    outer loop
      vertex 19.426999 9.299999 4.000000
      vertex 13.026999 9.299999 4.000000
      vertex 0.976999 7.700001 4.000000
    endloop
  endfacet
  facet normal 0.000000 0.000000 1.000000
    outer loop
      vertex 23.726999 9.299999 4.000000
      vertex 0.976999 7.700001 4.000000
      vertex 3.427000 7.700001 4.000000
    endloop
  endfacet
  facet normal 0.000000 0.000000 1.000000
    outer loop
      vertex 13.026999 9.299999 4.000000
      vertex 11.426999 9.299999 4.000000
      vertex 0.976999 7.700001 4.000000
    endloop
  endfacet
  facet normal 0.000000 -1.000000 0.000000
    outer loop
      vertex 0.976999 8.500000 2.000000
      vertex -0.173000 8.500000 7.000000
      vertex -0.173000 8.500000 2.000000
    endloop
  endfacet
  facet normal 0.000000 0.000000 1.000000
    outer loop
      vertex 6.126999 0.000000 4.000000
      vertex 3.976999 0.250000 4.000000
      vertex 4.427000 0.000000 4.000000
    endloop
  endfacet
  facet normal 0.000000 0.000000 1.000000
    outer loop
      vertex 4.427000 0.000000 4.000000
      vertex 3.976999 0.250000 4.000000
      vertex 3.976999 0.000000 4.000000
    endloop
  endfacet
  facet normal 0.000000 -0.000000 1.000000
    outer loop
      vertex 3.976999 0.250000 4.000000
      vertex 3.976999 1.299999 4.000000
      vertex 3.427000 0.250000 4.000000
    endloop
  endfacet
  facet normal 0.000000 -0.000000 1.000000
    outer loop
      vertex 5.026999 1.299999 4.000000
      vertex 5.026999 7.700001 4.000000
      vertex 3.976999 1.299999 4.000000
    endloop
  endfacet
  facet normal 0.000000 0.000000 1.000000
    outer loop
      vertex 3.427000 0.250000 4.000000
      vertex 3.976999 1.299999 4.000000
      vertex 5.026999 7.700001 4.000000
    endloop
  endfacet
  facet normal 0.000000 1.000000 0.000000
    outer loop
      vertex 2.827000 0.000000 2.000000
      vertex 2.827000 0.000000 7.000000
      vertex 3.976999 0.000000 4.000000
    endloop
  endfacet
  facet normal 0.000000 0.000000 1.000000
    outer loop
      vertex 3.427000 0.250000 4.000000
      vertex 5.026999 7.700001 4.000000
      vertex 3.427000 7.700001 4.000000
    endloop
  endfacet
  facet normal -0.000000 0.000000 1.000000
    outer loop
      vertex 3.427000 8.500000 4.000000
      vertex 0.976999 7.700001 4.000000
      vertex 11.426999 9.299999 4.000000
    endloop
  endfacet
  facet normal 0.000000 0.000000 1.000000
    outer loop
      vertex 3.427000 8.500000 4.000000
      vertex 3.126999 8.500000 4.000000
      vertex 0.976999 7.700001 4.000000
    endloop
  endfacet
  facet normal 0.000000 -0.000000 1.000000
    outer loop
      vertex 3.126999 8.500000 4.000000
      vertex 3.126999 9.299999 4.000000
      vertex 0.976999 7.700001 4.000000
    endloop
  endfacet
  facet normal 0.000000 0.000000 1.000000
    outer loop
      vertex 0.976999 7.700001 4.000000
      vertex 3.126999 9.299999 4.000000
      vertex 1.427000 8.500000 4.000000
    endloop
  endfacet
  facet normal 0.000000 0.000000 1.000000
    outer loop
      vertex 0.976999 7.700001 4.000000
      vertex 1.427000 8.500000 4.000000
      vertex 0.976999 8.500000 4.000000
    endloop
  endfacet
  facet normal 0.000000 -1.000000 0.000000
    outer loop
      vertex 0.976999 8.500000 2.000000
      vertex 0.976999 8.500000 4.000000
      vertex -0.173000 8.500000 7.000000
    endloop
  endfacet
  facet normal 0.000000 0.000000 1.000000
    outer loop
      vertex 3.427000 8.500000 4.000000
      vertex 11.426999 9.299999 4.000000
      vertex 5.026999 9.299999 4.000000
    endloop
  endfacet
  facet normal 0.000000 0.000000 1.000000
    outer loop
      vertex 11.426999 9.299999 4.000000
      vertex 13.026999 18.500000 4.000000
      vertex 11.426999 18.500000 4.000000
    endloop
  endfacet
  facet normal -1.000000 0.000000 0.000000
    outer loop
      vertex 3.126999 9.299999 2.450000
      vertex 3.126999 9.299999 4.000000
      vertex 3.126999 10.117470 3.875000
    endloop
  endfacet
  facet normal 0.000000 0.382684 0.923879
    outer loop
      vertex 3.126999 10.876476 3.292593
      vertex 3.126999 10.575001 3.417468
      vertex 3.427000 10.575001 3.417468
    endloop
  endfacet
  facet normal 0.000000 0.608760 0.793355
    outer loop
      vertex 3.427000 10.575001 3.417468
      vertex 3.126999 10.575001 3.417468
      vertex 3.427000 10.316116 3.616117
    endloop
  endfacet
  facet normal 0.000000 0.608760 0.793355
    outer loop
      vertex 3.126999 10.575001 3.417468
      vertex 3.126999 10.316116 3.616117
      vertex 3.427000 10.316116 3.616117
    endloop
  endfacet
  facet normal -1.000000 0.000000 0.000000
    outer loop
      vertex 3.427000 10.876476 3.292593
      vertex 3.427000 10.575001 3.417468
      vertex 3.427000 11.500000 4.000000
    endloop
  endfacet
  facet normal 0.000000 -0.382684 0.923879
    outer loop
      vertex 3.427000 11.523525 3.292593
      vertex 3.427000 11.825001 3.417468
      vertex 3.126999 11.825001 3.417468
    endloop
  endfacet
  facet normal -1.000000 0.000000 0.000000
    outer loop
      vertex 3.427000 10.876476 3.292593
      vertex 3.427000 11.500000 4.000000
      vertex 3.427000 11.200001 3.250000
    endloop
  endfacet
  facet normal -1.000000 0.000000 0.000000
    outer loop
      vertex 3.427000 11.200001 3.250000
      vertex 3.427000 11.500000 4.000000
      vertex 3.427000 11.500000 3.289496
    endloop
  endfacet
  facet normal 0.000000 -0.608760 0.793355
    outer loop
      vertex 3.427000 11.825001 3.417468
      vertex 3.126999 12.083885 3.616117
      vertex 3.126999 11.825001 3.417468
    endloop
  endfacet
  facet normal 0.000000 -0.608760 0.793355
    outer loop
      vertex 3.427000 11.825001 3.417468
      vertex 3.427000 12.083885 3.616117
      vertex 3.126999 12.083885 3.616117
    endloop
  endfacet
  facet normal -1.000000 0.000000 0.000000
    outer loop
      vertex 3.126999 12.383568 2.450000
      vertex 3.126999 12.083885 3.616117
      vertex 3.126999 13.567135 4.500000
    endloop
  endfacet
  facet normal 1.000000 0.000000 0.000000
    outer loop
      vertex 3.427000 13.900002 2.000000
      vertex 3.427000 12.450001 4.500000
      vertex 3.427000 12.407406 4.176476
    endloop
  endfacet
  facet normal 0.000000 0.793356 0.608758
    outer loop
      vertex 3.427000 10.316116 3.616117
      vertex 3.126999 10.316116 3.616117
      vertex 3.427000 10.117470 3.875000
    endloop
  endfacet
  facet normal -1.000000 0.000000 0.000000
    outer loop
      vertex 3.427000 10.575001 3.417468
      vertex 3.427000 10.316116 3.616117
      vertex 3.427000 11.500000 4.000000
    endloop
  endfacet
  facet normal 0.000000 0.793356 0.608758
    outer loop
      vertex 3.126999 10.316116 3.616117
      vertex 3.126999 10.117470 3.875000
      vertex 3.427000 10.117470 3.875000
    endloop
  endfacet
  facet normal -1.000000 0.000000 0.000000
    outer loop
      vertex 3.427000 10.316116 3.616117
      vertex 3.427000 10.117470 3.875000
      vertex 3.427000 11.500000 4.000000
    endloop
  endfacet
  facet normal 0.000000 0.923879 0.382685
    outer loop
      vertex 3.427000 10.117470 3.875000
      vertex 3.126999 10.117470 3.875000
      vertex 3.427000 10.065693 4.000000
    endloop
  endfacet
  facet normal 0.000000 1.000000 0.000000
    outer loop
      vertex 3.427000 11.500000 3.289496
      vertex 3.427000 11.500000 4.000000
      vertex 5.026999 11.500000 4.000000
    endloop
  endfacet
  facet normal 0.000000 -0.793356 0.608758
    outer loop
      vertex 3.427000 12.083885 3.616117
      vertex 3.126999 12.282532 3.875000
      vertex 3.126999 12.083885 3.616117
    endloop
  endfacet
  facet normal 0.000000 -0.793356 0.608758
    outer loop
      vertex 3.427000 12.083885 3.616117
      vertex 3.427000 12.282532 3.875000
      vertex 3.126999 12.282532 3.875000
    endloop
  endfacet
  facet normal 1.000000 0.000000 0.000000
    outer loop
      vertex 3.427000 13.900002 2.000000
      vertex 3.427000 12.407406 4.823524
      vertex 3.427000 12.450001 4.500000
    endloop
  endfacet
  facet normal 0.000000 1.000000 -0.000000
    outer loop
      vertex 3.126999 9.299999 2.450000
      vertex 1.427000 9.299999 4.000000
      vertex 3.126999 9.299999 4.000000
    endloop
  endfacet
  facet normal 1.000000 0.000000 -0.000000
    outer loop
      vertex 1.427000 10.568253 3.405781
      vertex 1.427000 10.575001 3.417468
      vertex 1.427000 10.316116 3.616117
    endloop
  endfacet
  facet normal 0.000000 0.608760 0.793355
    outer loop
      vertex 1.427000 10.575001 3.417468
      vertex -0.173000 10.575001 3.417468
      vertex 1.427000 10.316116 3.616117
    endloop
  endfacet
  facet normal 0.000000 0.382684 0.923879
    outer loop
      vertex 1.427000 10.575001 3.417468
      vertex -0.173000 10.876476 3.292593
      vertex -0.173000 10.575001 3.417468
    endloop
  endfacet
  facet normal 0.000000 0.608760 0.793355
    outer loop
      vertex 1.427000 10.316116 3.616117
      vertex -0.173000 10.575001 3.417468
      vertex -0.173000 10.316116 3.616117
    endloop
  endfacet
  facet normal 0.000000 -0.382684 0.923879
    outer loop
      vertex 1.427000 11.523525 3.292593
      vertex 1.427000 11.825001 3.417468
      vertex -0.173000 11.825001 3.417468
    endloop
  endfacet
  facet normal 0.000000 -0.608760 0.793355
    outer loop
      vertex 1.427000 11.825001 3.417468
      vertex -0.173000 12.083885 3.616117
      vertex -0.173000 11.825001 3.417468
    endloop
  endfacet
  facet normal 0.000000 -0.608760 0.793355
    outer loop
      vertex 1.427000 11.825001 3.417468
      vertex 1.427000 12.083885 3.616117
      vertex -0.173000 12.083885 3.616117
    endloop
  endfacet
  facet normal 1.000000 0.000000 -0.000000
    outer loop
      vertex 1.427000 12.383568 2.450000
      vertex 1.427000 13.567135 4.500000
      vertex 1.427000 12.083885 3.616117
    endloop
  endfacet
  facet normal 0.000000 0.793356 0.608758
    outer loop
      vertex 1.427000 10.316116 3.616117
      vertex -0.173000 10.316116 3.616117
      vertex 1.427000 10.117470 3.875000
    endloop
  endfacet
  facet normal 0.000000 0.793356 0.608758
    outer loop
      vertex 1.427000 10.117470 3.875000
      vertex -0.173000 10.316116 3.616117
      vertex -0.173000 10.117470 3.875000
    endloop
  endfacet
  facet normal 1.000000 0.000000 0.000000
    outer loop
      vertex 1.427000 10.316116 3.616117
      vertex 1.427000 10.117470 3.875000
      vertex 1.427000 9.299999 4.000000
    endloop
  endfacet
  facet normal 0.000000 -0.866026 0.500000
    outer loop
      vertex 1.427000 12.383568 2.450000
      vertex 3.126999 13.567135 4.500000
      vertex 1.427000 13.567135 4.500000
    endloop
  endfacet
  facet normal 0.000000 -0.793356 0.608758
    outer loop
      vertex 1.427000 12.083885 3.616117
      vertex -0.173000 12.282532 3.875000
      vertex -0.173000 12.083885 3.616117
    endloop
  endfacet
  facet normal 0.000000 -0.793356 0.608758
    outer loop
      vertex 1.427000 12.083885 3.616117
      vertex 1.427000 12.282532 3.875000
      vertex -0.173000 12.282532 3.875000
    endloop
  endfacet
  facet normal 0.000000 1.000000 -0.000000
    outer loop
      vertex 3.427000 13.900002 2.000000
      vertex -0.173000 13.900002 2.000000
      vertex 3.427000 13.900002 7.000000
    endloop
  endfacet
  facet normal 0.000000 0.000000 1.000000
    outer loop
      vertex 3.427000 8.500000 4.000000
      vertex 5.026999 9.299999 4.000000
      vertex 5.026999 11.500000 4.000000
    endloop
  endfacet
  facet normal 1.000000 0.000000 0.000000
    outer loop
      vertex 3.427000 8.500000 4.000000
      vertex 3.427000 10.065693 4.000000
      vertex 3.427000 9.992592 4.176476
    endloop
  endfacet
  facet normal -1.000000 0.000000 0.000000
    outer loop
      vertex 3.126999 10.117470 3.875000
      vertex 3.126999 9.299999 4.000000
      vertex 3.126999 9.992592 4.176476
    endloop
  endfacet
  facet normal 0.000000 0.000000 1.000000
    outer loop
      vertex 3.427000 8.500000 4.000000
      vertex 5.026999 11.500000 4.000000
      vertex 3.427000 10.065693 4.000000
    endloop
  endfacet
  facet normal 0.000000 0.000000 1.000000
    outer loop
      vertex 3.427000 10.065693 4.000000
      vertex 5.026999 11.500000 4.000000
      vertex 3.427000 11.500000 4.000000
    endloop
  endfacet
  facet normal -1.000000 0.000000 0.000000
    outer loop
      vertex 3.427000 10.117470 3.875000
      vertex 3.427000 10.065693 4.000000
      vertex 3.427000 11.500000 4.000000
    endloop
  endfacet
  facet normal -0.000004 0.923875 0.382694
    outer loop
      vertex 3.126999 10.117470 3.875000
      vertex 3.427000 9.992592 4.176476
      vertex 3.427000 10.065693 4.000000
    endloop
  endfacet
  facet normal 0.000000 0.923877 0.382690
    outer loop
      vertex 3.126999 10.117470 3.875000
      vertex 3.126999 9.992592 4.176476
      vertex 3.427000 9.992592 4.176476
    endloop
  endfacet
  facet normal 0.000000 -0.923881 0.382680
    outer loop
      vertex 3.427000 12.282532 3.875000
      vertex 3.126999 12.407406 4.176476
      vertex 3.126999 12.282532 3.875000
    endloop
  endfacet
  facet normal -1.000000 0.000000 0.000000
    outer loop
      vertex 3.126999 12.083885 3.616117
      vertex 3.126999 12.282532 3.875000
      vertex 3.126999 13.567135 4.500000
    endloop
  endfacet
  facet normal 0.000000 -0.923881 0.382680
    outer loop
      vertex 3.427000 12.282532 3.875000
      vertex 3.427000 12.407406 4.176476
      vertex 3.126999 12.407406 4.176476
    endloop
  endfacet
  facet normal -1.000000 0.000000 0.000000
    outer loop
      vertex 3.126999 12.282532 3.875000
      vertex 3.126999 12.407406 4.176476
      vertex 3.126999 13.567135 4.500000
    endloop
  endfacet
  facet normal -1.000000 0.000000 0.000000
    outer loop
      vertex 3.126999 9.299999 4.000000
      vertex 3.126999 9.950001 4.500000
      vertex 3.126999 9.992592 4.176476
    endloop
  endfacet
  facet normal 0.000000 0.991446 0.130521
    outer loop
      vertex 3.427000 9.992592 4.176476
      vertex 3.126999 9.992592 4.176476
      vertex 3.427000 9.950001 4.500000
    endloop
  endfacet
  facet normal 0.000000 0.991446 0.130521
    outer loop
      vertex 3.126999 9.992592 4.176476
      vertex 3.126999 9.950001 4.500000
      vertex 3.427000 9.950001 4.500000
    endloop
  endfacet
  facet normal -1.000000 0.000000 0.000000
    outer loop
      vertex 3.126999 9.299999 4.000000
      vertex 3.126999 9.992592 4.823524
      vertex 3.126999 9.950001 4.500000
    endloop
  endfacet
  facet normal 0.000000 -0.991444 0.130533
    outer loop
      vertex 3.427000 12.407406 4.176476
      vertex 3.126999 12.450001 4.500000
      vertex 3.126999 12.407406 4.176476
    endloop
  endfacet
  facet normal 0.000000 -0.991444 0.130533
    outer loop
      vertex 3.427000 12.407406 4.176476
      vertex 3.427000 12.450001 4.500000
      vertex 3.126999 12.450001 4.500000
    endloop
  endfacet
  facet normal -1.000000 0.000000 0.000000
    outer loop
      vertex 3.126999 12.407406 4.176476
      vertex 3.126999 12.450001 4.500000
      vertex 3.126999 13.567135 4.500000
    endloop
  endfacet
  facet normal 0.000000 0.000000 1.000000
    outer loop
      vertex 1.427000 8.500000 4.000000
      vertex 3.126999 9.299999 4.000000
      vertex 1.427000 9.299999 4.000000
    endloop
  endfacet
  facet normal 1.000000 0.000000 0.000000
    outer loop
      vertex 1.427000 10.117470 3.875000
      vertex 1.427000 9.992592 4.176476
      vertex 1.427000 9.299999 4.000000
    endloop
  endfacet
  facet normal 0.000000 0.923877 0.382690
    outer loop
      vertex 1.427000 10.117470 3.875000
      vertex -0.173000 10.117470 3.875000
      vertex 1.427000 9.992592 4.176476
    endloop
  endfacet
  facet normal 0.000000 0.923877 0.382690
    outer loop
      vertex 1.427000 9.992592 4.176476
      vertex -0.173000 10.117470 3.875000
      vertex -0.173000 9.992592 4.176476
    endloop
  endfacet
  facet normal 1.000000 0.000000 0.000000
    outer loop
      vertex 1.427000 12.083885 3.616117
      vertex 1.427000 13.567135 4.500000
      vertex 1.427000 12.282532 3.875000
    endloop
  endfacet
  facet normal 0.000000 -0.923881 0.382680
    outer loop
      vertex 1.427000 12.282532 3.875000
      vertex 1.427000 12.407406 4.176476
      vertex -0.173000 12.407406 4.176476
    endloop
  endfacet
  facet normal 0.000000 -0.923881 0.382680
    outer loop
      vertex 1.427000 12.282532 3.875000
      vertex -0.173000 12.407406 4.176476
      vertex -0.173000 12.282532 3.875000
    endloop
  endfacet
  facet normal 1.000000 0.000000 0.000000
    outer loop
      vertex 1.427000 12.282532 3.875000
      vertex 1.427000 13.567135 4.500000
      vertex 1.427000 12.407406 4.176476
    endloop
  endfacet
  facet normal 1.000000 0.000000 0.000000
    outer loop
      vertex 1.427000 9.299999 4.000000
      vertex 1.427000 9.992592 4.176476
      vertex 1.427000 9.950001 4.500000
    endloop
  endfacet
  facet normal 0.000000 0.991446 0.130521
    outer loop
      vertex 1.427000 9.992592 4.176476
      vertex -0.173000 9.992592 4.176476
      vertex 1.427000 9.950001 4.500000
    endloop
  endfacet
  facet normal 1.000000 0.000000 0.000000
    outer loop
      vertex 1.427000 9.299999 4.000000
      vertex 1.427000 9.950001 4.500000
      vertex 1.427000 9.992592 4.823524
    endloop
  endfacet
  facet normal 0.000000 0.991446 0.130521
    outer loop
      vertex -0.173000 9.992592 4.176476
      vertex -0.173000 9.950001 4.500000
      vertex 1.427000 9.950001 4.500000
    endloop
  endfacet
  facet normal 0.000000 -0.991444 0.130533
    outer loop
      vertex 1.427000 12.407406 4.176476
      vertex -0.173000 12.450001 4.500000
      vertex -0.173000 12.407406 4.176476
    endloop
  endfacet
  facet normal 0.000000 -0.991444 0.130533
    outer loop
      vertex 1.427000 12.407406 4.176476
      vertex 1.427000 12.450001 4.500000
      vertex -0.173000 12.450001 4.500000
    endloop
  endfacet
  facet normal 1.000000 0.000000 0.000000
    outer loop
      vertex 1.427000 12.407406 4.176476
      vertex 1.427000 13.567135 4.500000
      vertex 1.427000 12.450001 4.500000
    endloop
  endfacet
  facet normal 0.000000 1.000000 -0.000000
    outer loop
      vertex 13.026999 18.500000 2.000000
      vertex 11.426999 18.500000 2.000000
      vertex 13.026999 18.500000 4.000000
    endloop
  endfacet
  facet normal 0.000000 1.000000 0.000000
    outer loop
      vertex 11.426999 18.500000 2.000000
      vertex 11.426999 18.500000 4.000000
      vertex 13.026999 18.500000 4.000000
    endloop
  endfacet
  facet normal 0.000000 -1.000000 0.000000
    outer loop
      vertex 3.276999 22.099998 2.000000
      vertex 2.827000 22.099998 4.206000
      vertex 2.827000 22.099998 2.000000
    endloop
  endfacet
  facet normal 1.000000 0.000000 0.000000
    outer loop
      vertex 3.276999 22.099998 2.000000
      vertex 3.276999 25.700001 2.000000
      vertex 3.276999 25.700001 4.206000
    endloop
  endfacet
  facet normal 0.000000 1.000000 -0.000000
    outer loop
      vertex 3.276999 25.700001 2.000000
      vertex 2.827000 25.700001 2.000000
      vertex 3.276999 25.700001 4.206000
    endloop
  endfacet
  facet normal -1.000000 0.000000 0.000000
    outer loop
      vertex 2.827000 22.099998 2.000000
      vertex 2.827000 22.099998 4.206000
      vertex 2.827000 25.700001 2.000000
    endloop
  endfacet
  facet normal 0.000000 -1.000000 0.000000
    outer loop
      vertex 3.276999 22.099998 2.000000
      vertex 3.276999 22.099998 4.206000
      vertex 2.827000 22.099998 4.206000
    endloop
  endfacet
  facet normal 1.000000 0.000000 0.000000
    outer loop
      vertex 3.276999 22.099998 2.000000
      vertex 3.276999 25.700001 4.206000
      vertex 3.276999 22.099998 4.206000
    endloop
  endfacet
  facet normal -1.000000 0.000000 0.000000
    outer loop
      vertex 2.827000 25.700001 2.000000
      vertex 2.827000 22.099998 4.206000
      vertex 2.827000 25.700001 4.206000
    endloop
  endfacet
  facet normal 0.000000 1.000000 0.000000
    outer loop
      vertex 2.827000 25.700001 2.000000
      vertex 2.827000 25.700001 4.206000
      vertex 3.276999 25.700001 4.206000
    endloop
  endfacet
  facet normal 0.000000 -0.000000 1.000000
    outer loop
      vertex 3.276999 22.099998 4.206000
      vertex 3.276999 25.700001 4.206000
      vertex 2.827000 22.099998 4.206000
    endloop
  endfacet
  facet normal 0.000000 0.000000 1.000000
    outer loop
      vertex 2.827000 22.099998 4.206000
      vertex 3.276999 25.700001 4.206000
      vertex 2.827000 25.700001 4.206000
    endloop
  endfacet
  facet normal 0.000000 0.000000 -1.000000
    outer loop
      vertex 12.140400 -15.675104 0.000000
      vertex -24.226999 35.500000 0.000000
      vertex 12.052323 -15.466875 0.000000
    endloop
  endfacet
  facet normal 0.000000 0.000000 -1.000000
    outer loop
      vertex 12.052323 -15.466875 0.000000
      vertex -24.226999 35.500000 0.000000
      vertex 12.049882 -15.460728 0.000000
    endloop
  endfacet
  facet normal 0.000000 0.000000 -1.000000
    outer loop
      vertex 12.049882 -15.460728 0.000000
      vertex -24.226999 35.500000 0.000000
      vertex 12.042966 -15.442133 0.000000
    endloop
  endfacet
  facet normal 0.000000 0.000000 -1.000000
    outer loop
      vertex 12.042966 -15.442133 0.000000
      vertex -24.226999 35.500000 0.000000
      vertex 12.040798 -15.435884 0.000000
    endloop
  endfacet
  facet normal 0.000000 0.000000 -1.000000
    outer loop
      vertex 12.040798 -15.435884 0.000000
      vertex -24.226999 35.500000 0.000000
      vertex 11.970819 -15.218878 0.000000
    endloop
  endfacet
  facet normal 0.000000 0.000000 -1.000000
    outer loop
      vertex 11.970819 -15.218878 0.000000
      vertex -24.226999 35.500000 0.000000
      vertex 11.968942 -15.212585 0.000000
    endloop
  endfacet
  facet normal 0.000000 0.000000 -1.000000
    outer loop
      vertex 11.968942 -15.212585 0.000000
      vertex -24.226999 35.500000 0.000000
      vertex 11.963723 -15.193596 0.000000
    endloop
  endfacet
  facet normal 0.000000 0.000000 -1.000000
    outer loop
      vertex 11.963723 -15.193596 0.000000
      vertex -24.226999 35.500000 0.000000
      vertex 11.962123 -15.187229 0.000000
    endloop
  endfacet
  facet normal 0.000000 0.000000 -1.000000
    outer loop
      vertex 11.962123 -15.187229 0.000000
      vertex -24.226999 35.500000 0.000000
      vertex 11.908222 -14.951057 0.000000
    endloop
  endfacet
  facet normal 0.000000 0.000000 -1.000000
    outer loop
      vertex 11.908222 -14.951057 0.000000
      vertex -24.226999 35.500000 0.000000
      vertex 11.907769 -14.949003 0.000000
    endloop
  endfacet
  facet normal -0.000000 -0.000000 -1.000000
    outer loop
      vertex 11.906451 -14.942835 0.000000
      vertex 11.907769 -14.949003 0.000000
      vertex -24.226999 35.500000 0.000000
    endloop
  endfacet
  facet normal 0.000000 0.000000 -1.000000
    outer loop
      vertex 11.906451 -14.942835 0.000000
      vertex -24.226999 35.500000 0.000000
      vertex 11.906027 -14.940777 0.000000
    endloop
  endfacet
  facet normal 0.000000 0.000000 -1.000000
    outer loop
      vertex 11.906027 -14.940777 0.000000
      vertex -24.226999 35.500000 0.000000
      vertex 11.874867 -14.784124 0.000000
    endloop
  endfacet
  facet normal 0.000000 0.000000 -1.000000
    outer loop
      vertex 11.874867 -14.784124 0.000000
      vertex -24.226999 35.500000 0.000000
      vertex 11.874032 -14.779558 0.000000
    endloop
  endfacet
  facet normal 0.000000 0.000000 -1.000000
    outer loop
      vertex 11.874032 -14.779558 0.000000
      vertex -24.226999 35.500000 0.000000
      vertex 11.871739 -14.765823 0.000000
    endloop
  endfacet
  facet normal 0.000000 0.000000 -1.000000
    outer loop
      vertex 11.871739 -14.765823 0.000000
      vertex -24.226999 35.500000 0.000000
      vertex 11.871046 -14.761232 0.000000
    endloop
  endfacet
  facet normal 0.000000 0.000000 -1.000000
    outer loop
      vertex 11.871046 -14.761232 0.000000
      vertex -24.226999 35.500000 0.000000
      vertex 11.838954 -14.523972 0.000000
    endloop
  endfacet
  facet normal 0.000000 0.000000 -1.000000
    outer loop
      vertex 11.838954 -14.523972 0.000000
      vertex -24.226999 35.500000 0.000000
      vertex 11.838203 -14.517303 0.000000
    endloop
  endfacet
  facet normal 0.000000 0.000000 -1.000000
    outer loop
      vertex 11.838203 -14.517303 0.000000
      vertex -24.226999 35.500000 0.000000
      vertex 11.836400 -14.497253 0.000000
    endloop
  endfacet
  facet normal 0.000000 0.000000 -1.000000
    outer loop
      vertex 11.836400 -14.497253 0.000000
      vertex -24.226999 35.500000 0.000000
      vertex 11.835949 -14.490557 0.000000
    endloop
  endfacet
  facet normal 0.000000 0.000000 -1.000000
    outer loop
      vertex 11.835949 -14.490557 0.000000
      vertex -24.226999 35.500000 0.000000
      vertex 11.825217 -14.251930 0.000000
    endloop
  endfacet
  facet normal 0.000000 0.000000 -1.000000
    outer loop
      vertex 11.825218 -14.218229 0.000000
      vertex -24.226999 35.500000 0.000000
      vertex 11.835948 -13.979801 0.000000
    endloop
  endfacet
  facet normal 0.000000 0.000000 -1.000000
    outer loop
      vertex 11.825217 -14.251930 0.000000
      vertex -24.226999 35.500000 0.000000
      vertex 11.825067 -14.245190 0.000000
    endloop
  endfacet
  facet normal 0.000000 0.000000 -1.000000
    outer loop
      vertex 11.825067 -14.245190 0.000000
      vertex -24.226999 35.500000 0.000000
      vertex 11.825067 -14.224968 0.000000
    endloop
  endfacet
  facet normal 0.000000 0.000000 -1.000000
    outer loop
      vertex 11.825067 -14.224968 0.000000
      vertex -24.226999 35.500000 0.000000
      vertex 11.825218 -14.218229 0.000000
    endloop
  endfacet
  facet normal 0.000000 0.000000 -1.000000
    outer loop
      vertex 11.835948 -13.979801 0.000000
      vertex -24.226999 35.500000 0.000000
      vertex 11.836400 -13.973108 0.000000
    endloop
  endfacet
  facet normal -0.000000 0.000000 -1.000000
    outer loop
      vertex 11.838202 -13.953066 0.000000
      vertex 11.836400 -13.973108 0.000000
      vertex -24.226999 35.500000 0.000000
    endloop
  endfacet
  facet normal 0.000000 0.000000 -1.000000
    outer loop
      vertex 11.838202 -13.953066 0.000000
      vertex -24.226999 35.500000 0.000000
      vertex 11.838953 -13.946400 0.000000
    endloop
  endfacet
  facet normal 0.000000 0.000000 -1.000000
    outer loop
      vertex 11.838953 -13.946400 0.000000
      vertex -24.226999 35.500000 0.000000
      vertex 11.871046 -13.709133 0.000000
    endloop
  endfacet
  facet normal 0.000000 0.000000 -1.000000
    outer loop
      vertex 11.871046 -13.709133 0.000000
      vertex -24.226999 35.500000 0.000000
      vertex 11.871739 -13.704544 0.000000
    endloop
  endfacet
  facet normal 0.000000 0.000000 -1.000000
    outer loop
      vertex 11.871739 -13.704544 0.000000
      vertex -24.226999 35.500000 0.000000
      vertex 11.874032 -13.690807 0.000000
    endloop
  endfacet
  facet normal -0.000000 0.000000 -1.000000
    outer loop
      vertex 11.874867 -13.686241 0.000000
      vertex 11.874032 -13.690807 0.000000
      vertex -24.226999 35.500000 0.000000
    endloop
  endfacet
  facet normal 0.000000 0.000000 -1.000000
    outer loop
      vertex 11.874867 -13.686241 0.000000
      vertex -24.226999 35.500000 0.000000
      vertex 11.906027 -13.529589 0.000000
    endloop
  endfacet
  facet normal -0.000000 0.000000 -1.000000
    outer loop
      vertex 11.906451 -13.527531 0.000000
      vertex 11.906027 -13.529589 0.000000
      vertex -24.226999 35.500000 0.000000
    endloop
  endfacet
  facet normal -0.000000 0.000000 -1.000000
    outer loop
      vertex 11.907769 -13.521362 0.000000
      vertex 11.906451 -13.527531 0.000000
      vertex -24.226999 35.500000 0.000000
    endloop
  endfacet
  facet normal 0.000000 0.000000 -1.000000
    outer loop
      vertex 11.907769 -13.521362 0.000000
      vertex -24.226999 35.500000 0.000000
      vertex 11.908222 -13.519308 0.000000
    endloop
  endfacet
  facet normal 0.000000 0.000000 -1.000000
    outer loop
      vertex 11.908222 -13.519308 0.000000
      vertex -24.226999 35.500000 0.000000
      vertex 11.962133 -13.283092 0.000000
    endloop
  endfacet
  facet normal 0.000000 0.000000 -1.000000
    outer loop
      vertex 11.962133 -13.283092 0.000000
      vertex -24.226999 35.500000 0.000000
      vertex 11.963729 -13.276741 0.000000
    endloop
  endfacet
  facet normal 0.000000 0.000000 -1.000000
    outer loop
      vertex 11.963729 -13.276741 0.000000
      vertex -24.226999 35.500000 0.000000
      vertex 11.968930 -13.257805 0.000000
    endloop
  endfacet
  facet normal 0.000000 0.000000 -1.000000
    outer loop
      vertex 11.968930 -13.257805 0.000000
      vertex -24.226999 35.500000 0.000000
      vertex 11.970801 -13.251530 0.000000
    endloop
  endfacet
  facet normal 0.000000 0.000000 -1.000000
    outer loop
      vertex 11.970801 -13.251530 0.000000
      vertex -24.226999 35.500000 0.000000
      vertex 12.040788 -13.034319 0.000000
    endloop
  endfacet
  facet normal 0.000000 0.000000 -1.000000
    outer loop
      vertex 12.042961 -13.028053 0.000000
      vertex -24.226999 35.500000 0.000000
      vertex 12.049893 -13.009405 0.000000
    endloop
  endfacet
  facet normal 0.000000 0.000000 -1.000000
    outer loop
      vertex 12.049893 -13.009405 0.000000
      vertex -24.226999 35.500000 0.000000
      vertex 12.052341 -13.003242 0.000000
    endloop
  endfacet
  facet normal 0.000000 0.000000 -1.000000
    outer loop
      vertex 12.040788 -13.034319 0.000000
      vertex -24.226999 35.500000 0.000000
      vertex 12.042961 -13.028053 0.000000
    endloop
  endfacet
  facet normal -0.000000 0.000000 -1.000000
    outer loop
      vertex 12.140372 -12.795120 0.000000
      vertex 12.052341 -13.003242 0.000000
      vertex -24.226999 35.500000 0.000000
    endloop
  endfacet
  facet normal 0.000000 0.000000 1.000000
    outer loop
      vertex -10.973001 -10.000000 2.000000
      vertex 3.427000 7.700001 2.000000
      vertex 0.976999 7.700001 2.000000
    endloop
  endfacet
  facet normal 0.000000 0.000000 1.000000
    outer loop
      vertex -10.973001 -10.000000 2.000000
      vertex 0.976999 7.700001 2.000000
      vertex -0.173000 8.500000 2.000000
    endloop
  endfacet
  facet normal 0.000000 0.000000 1.000000
    outer loop
      vertex -10.973001 -10.000000 2.000000
      vertex -0.173000 8.500000 2.000000
      vertex -0.173000 13.900002 2.000000
    endloop
  endfacet
  facet normal 0.000000 0.000000 1.000000
    outer loop
      vertex -7.523001 -0.299999 2.000000
      vertex -0.173000 13.900002 2.000000
      vertex -7.523001 1.299999 2.000000
    endloop
  endfacet
  facet normal 0.000000 0.000000 1.000000
    outer loop
      vertex -10.973001 -10.000000 2.000000
      vertex -0.173000 13.900002 2.000000
      vertex -7.523001 -0.299999 2.000000
    endloop
  endfacet
  facet normal 0.000000 0.000000 1.000000
    outer loop
      vertex -7.523001 1.299999 2.000000
      vertex -10.973001 9.000000 2.000000
      vertex -10.973001 1.299999 2.000000
    endloop
  endfacet
  facet normal 0.000000 -0.000000 1.000000
    outer loop
      vertex -7.523001 1.299999 2.000000
      vertex -0.173000 13.900002 2.000000
      vertex -10.973001 9.000000 2.000000
    endloop
  endfacet
  facet normal 0.000000 0.000000 1.000000
    outer loop
      vertex -0.173000 13.900002 2.000000
      vertex -7.523001 17.299999 2.000000
      vertex -7.523001 15.700001 2.000000
    endloop
  endfacet
  facet normal 0.000000 0.000000 1.000000
    outer loop
      vertex -0.173000 13.900002 2.000000
      vertex -7.523001 15.700001 2.000000
      vertex -10.973001 9.000000 2.000000
    endloop
  endfacet
  facet normal 0.000000 -0.000000 1.000000
    outer loop
      vertex -10.973001 9.000000 2.000000
      vertex -10.973001 13.500000 2.000000
      vertex -12.573000 9.000000 2.000000
    endloop
  endfacet
  facet normal 0.000000 0.000000 1.000000
    outer loop
      vertex -10.973001 9.000000 2.000000
      vertex -7.523001 15.700001 2.000000
      vertex -10.973001 13.500000 2.000000
    endloop
  endfacet
  facet normal 0.000000 0.000000 1.000000
    outer loop
      vertex -10.973001 13.500000 2.000000
      vertex -12.573000 13.500000 2.000000
      vertex -12.573000 9.000000 2.000000
    endloop
  endfacet
  facet normal 0.000000 0.000000 1.000000
    outer loop
      vertex -7.523001 15.700001 2.000000
      vertex -10.973001 15.700001 2.000000
      vertex -10.973001 13.500000 2.000000
    endloop
  endfacet
  facet normal 0.000000 -0.000000 1.000000
    outer loop
      vertex -12.573000 1.299999 2.000000
      vertex -12.573000 9.000000 2.000000
      vertex -18.973001 1.299999 2.000000
    endloop
  endfacet
  facet normal 0.000000 0.000000 1.000000
    outer loop
      vertex -18.973001 1.299999 2.000000
      vertex -12.573000 9.000000 2.000000
      vertex -12.573000 13.500000 2.000000
    endloop
  endfacet
  facet normal 0.000000 0.000000 1.000000
    outer loop
      vertex -18.973001 1.299999 2.000000
      vertex -12.573000 15.700001 2.000000
      vertex -18.973001 9.000000 2.000000
    endloop
  endfacet
  facet normal 0.000000 -0.000000 1.000000
    outer loop
      vertex -20.573000 1.299999 2.000000
      vertex -20.573000 9.000000 2.000000
      vertex -23.523001 1.299999 2.000000
    endloop
  endfacet
  facet normal 0.000000 0.000000 1.000000
    outer loop
      vertex -23.523001 1.299999 2.000000
      vertex -20.573000 9.000000 2.000000
      vertex -20.573000 13.500000 2.000000
    endloop
  endfacet
  facet normal 0.000000 0.000000 1.000000
    outer loop
      vertex -18.973001 1.299999 2.000000
      vertex -12.573000 13.500000 2.000000
      vertex -12.573000 15.700001 2.000000
    endloop
  endfacet
  facet normal 0.000000 0.000000 1.000000
    outer loop
      vertex -12.573000 15.700001 2.000000
      vertex -18.973001 13.500000 2.000000
      vertex -18.973001 9.000000 2.000000
    endloop
  endfacet
  facet normal 0.000000 0.000000 1.000000
    outer loop
      vertex -12.573000 15.700001 2.000000
      vertex -18.973001 15.700001 2.000000
      vertex -18.973001 13.500000 2.000000
    endloop
  endfacet
  facet normal -1.000000 0.000000 0.000000
    outer loop
      vertex -24.226999 -35.500000 2.000000
      vertex -24.226999 28.500000 2.000000
      vertex -24.226999 35.500000 0.000000
    endloop
  endfacet
  facet normal 0.000000 -0.000000 1.000000
    outer loop
      vertex -18.973001 9.000000 2.000000
      vertex -18.973001 13.500000 2.000000
      vertex -20.573000 9.000000 2.000000
    endloop
  endfacet
  facet normal 0.000000 0.000000 1.000000
    outer loop
      vertex -20.573000 9.000000 2.000000
      vertex -18.973001 13.500000 2.000000
      vertex -20.573000 13.500000 2.000000
    endloop
  endfacet
  facet normal 0.000000 0.000000 1.000000
    outer loop
      vertex -23.523001 1.299999 2.000000
      vertex -20.573000 13.500000 2.000000
      vertex -20.573000 15.700001 2.000000
    endloop
  endfacet
  facet normal 0.000000 0.000000 1.000000
    outer loop
      vertex -23.523001 1.299999 2.000000
      vertex -20.573000 15.700001 2.000000
      vertex -23.523001 15.700001 2.000000
    endloop
  endfacet
  facet normal 0.000000 -0.000000 1.000000
    outer loop
      vertex -23.523001 1.299999 2.000000
      vertex -23.523001 15.700001 2.000000
      vertex -24.226999 28.500000 2.000000
    endloop
  endfacet
  facet normal 0.000000 0.000000 1.000000
    outer loop
      vertex 2.827000 25.700001 2.000000
      vertex -7.523001 23.700001 2.000000
      vertex -0.173000 13.900002 2.000000
    endloop
  endfacet
  facet normal 0.000000 0.000000 1.000000
    outer loop
      vertex -0.173000 13.900002 2.000000
      vertex -7.523001 23.700001 2.000000
      vertex -7.523001 17.299999 2.000000
    endloop
  endfacet
  facet normal 0.000000 0.000000 1.000000
    outer loop
      vertex 2.827000 25.700001 2.000000
      vertex -7.523001 25.299999 2.000000
      vertex -7.523001 23.700001 2.000000
    endloop
  endfacet
  facet normal 0.000000 -0.000000 1.000000
    outer loop
      vertex -7.523001 17.299999 2.000000
      vertex -7.523001 23.700001 2.000000
      vertex -10.973001 17.299999 2.000000
    endloop
  endfacet
  facet normal 0.000000 0.000000 1.000000
    outer loop
      vertex -10.973001 17.299999 2.000000
      vertex -7.523001 23.700001 2.000000
      vertex -10.973001 23.700001 2.000000
    endloop
  endfacet
  facet normal 0.000000 1.000000 0.000000
    outer loop
      vertex 24.226999 35.500000 2.000000
      vertex -24.226999 35.500000 0.000000
      vertex -15.226999 35.500000 2.000000
    endloop
  endfacet
  facet normal 0.000000 0.000000 1.000000
    outer loop
      vertex 2.827000 25.700001 2.000000
      vertex -10.973001 29.500000 2.000000
      vertex -7.523001 25.299999 2.000000
    endloop
  endfacet
  facet normal 0.000000 0.000000 1.000000
    outer loop
      vertex 2.827000 25.700001 2.000000
      vertex -11.523001 31.699997 2.000000
      vertex -10.973001 29.500000 2.000000
    endloop
  endfacet
  facet normal 0.000000 0.000000 1.000000
    outer loop
      vertex 2.827000 25.700001 2.000000
      vertex -11.523001 33.300003 2.000000
      vertex -11.523001 31.699997 2.000000
    endloop
  endfacet
  facet normal 0.000000 0.000000 1.000000
    outer loop
      vertex -7.523001 25.299999 2.000000
      vertex -10.973001 29.500000 2.000000
      vertex -10.973001 25.299999 2.000000
    endloop
  endfacet
  facet normal 0.000000 0.000000 1.000000
    outer loop
      vertex -10.973001 29.500000 2.000000
      vertex -11.523001 31.699997 2.000000
      vertex -12.573000 29.500000 2.000000
    endloop
  endfacet
  facet normal 0.000000 0.000000 1.000000
    outer loop
      vertex 2.827000 25.700001 2.000000
      vertex -15.226999 35.500000 2.000000
      vertex -11.523001 33.300003 2.000000
    endloop
  endfacet
  facet normal 0.000000 -0.000000 1.000000
    outer loop
      vertex -12.573000 17.299999 2.000000
      vertex -12.573000 23.700001 2.000000
      vertex -18.973001 17.299999 2.000000
    endloop
  endfacet
  facet normal 0.000000 0.000000 1.000000
    outer loop
      vertex -18.973001 17.299999 2.000000
      vertex -12.573000 23.700001 2.000000
      vertex -18.973001 23.700001 2.000000
    endloop
  endfacet
  facet normal 0.000000 0.000000 1.000000
    outer loop
      vertex -12.573000 25.299999 2.000000
      vertex -15.226999 28.500000 2.000000
      vertex -18.973001 25.299999 2.000000
    endloop
  endfacet
  facet normal 0.000000 -0.000000 1.000000
    outer loop
      vertex -20.573000 17.299999 2.000000
      vertex -20.573000 23.700001 2.000000
      vertex -23.523001 17.299999 2.000000
    endloop
  endfacet
  facet normal 0.000000 0.000000 1.000000
    outer loop
      vertex -23.523001 17.299999 2.000000
      vertex -20.573000 23.700001 2.000000
      vertex -23.523001 23.700001 2.000000
    endloop
  endfacet
  facet normal 0.000000 -0.000000 1.000000
    outer loop
      vertex -23.523001 15.700001 2.000000
      vertex -23.523001 17.299999 2.000000
      vertex -24.226999 28.500000 2.000000
    endloop
  endfacet
  facet normal 0.000000 -0.000000 1.000000
    outer loop
      vertex -23.523001 17.299999 2.000000
      vertex -23.523001 23.700001 2.000000
      vertex -24.226999 28.500000 2.000000
    endloop
  endfacet
  facet normal 0.000000 -0.000000 1.000000
    outer loop
      vertex -20.573000 25.299999 2.000000
      vertex -20.573000 28.500000 2.000000
      vertex -23.523001 25.299999 2.000000
    endloop
  endfacet
  facet normal 0.000000 -0.000000 1.000000
    outer loop
      vertex -23.523001 23.700001 2.000000
      vertex -23.523001 25.299999 2.000000
      vertex -24.226999 28.500000 2.000000
    endloop
  endfacet
  facet normal 0.000000 -0.000000 1.000000
    outer loop
      vertex -12.573000 25.299999 2.000000
      vertex -12.573000 29.500000 2.000000
      vertex -15.226999 28.500000 2.000000
    endloop
  endfacet
  facet normal 0.000000 0.000000 1.000000
    outer loop
      vertex -11.523001 31.699997 2.000000
      vertex -15.226999 31.699997 2.000000
      vertex -12.573000 29.500000 2.000000
    endloop
  endfacet
  facet normal 0.000000 0.000000 1.000000
    outer loop
      vertex -12.573000 29.500000 2.000000
      vertex -15.226999 31.699997 2.000000
      vertex -15.226999 28.500000 2.000000
    endloop
  endfacet
  facet normal 0.000000 0.000000 1.000000
    outer loop
      vertex -18.973001 25.299999 2.000000
      vertex -15.226999 28.500000 2.000000
      vertex -18.973001 28.500000 2.000000
    endloop
  endfacet
  facet normal 0.000000 0.000000 1.000000
    outer loop
      vertex -11.523001 33.300003 2.000000
      vertex -15.226999 35.500000 2.000000
      vertex -15.226999 33.300003 2.000000
    endloop
  endfacet
  facet normal -1.000000 0.000000 0.000000
    outer loop
      vertex -24.226999 35.500000 0.000000
      vertex -24.226999 28.500000 2.000000
      vertex -24.226999 35.500000 2.000000
    endloop
  endfacet
  facet normal 0.000000 1.000000 0.000000
    outer loop
      vertex -24.226999 35.500000 0.000000
      vertex -24.226999 35.500000 2.000000
      vertex -15.226999 35.500000 2.000000
    endloop
  endfacet
  facet normal 0.000000 -0.000000 1.000000
    outer loop
      vertex -23.523001 25.299999 2.000000
      vertex -20.573000 28.500000 2.000000
      vertex -24.226999 28.500000 2.000000
    endloop
  endfacet
  facet normal 1.000000 0.000000 0.000000
    outer loop
      vertex -7.523001 -0.299999 2.000000
      vertex -7.523001 1.299999 2.000000
      vertex -7.523001 1.299999 4.000000
    endloop
  endfacet
  facet normal 0.000000 1.000000 0.000000
    outer loop
      vertex -7.523001 1.299999 2.000000
      vertex -10.973001 1.299999 2.000000
      vertex -10.973001 1.299999 4.000000
    endloop
  endfacet
  facet normal 1.000000 0.000000 0.000000
    outer loop
      vertex -10.973001 1.299999 2.000000
      vertex -10.973001 9.000000 2.000000
      vertex -10.973001 1.299999 4.000000
    endloop
  endfacet
  facet normal 1.000000 0.000000 0.000000
    outer loop
      vertex -7.523001 -0.299999 2.000000
      vertex -7.523001 1.299999 4.000000
      vertex -7.523001 -0.299999 4.000000
    endloop
  endfacet
  facet normal 0.000000 1.000000 -0.000000
    outer loop
      vertex -7.523001 1.299999 2.000000
      vertex -10.973001 1.299999 4.000000
      vertex -7.523001 1.299999 4.000000
    endloop
  endfacet
  facet normal 1.000000 0.000000 -0.000000
    outer loop
      vertex -10.973001 9.000000 2.000000
      vertex -10.973001 9.000000 4.000000
      vertex -10.973001 1.299999 4.000000
    endloop
  endfacet
  facet normal -1.000000 0.000000 0.000000
    outer loop
      vertex -0.173000 8.500000 2.000000
      vertex -0.173000 10.876476 3.292593
      vertex -0.173000 13.900002 2.000000
    endloop
  endfacet
  facet normal -1.000000 0.000000 0.000000
    outer loop
      vertex -0.173000 8.500000 2.000000
      vertex -0.173000 10.575001 3.417468
      vertex -0.173000 10.876476 3.292593
    endloop
  endfacet
  facet normal -1.000000 0.000000 0.000000
    outer loop
      vertex -0.173000 8.500000 2.000000
      vertex -0.173000 10.316116 3.616117
      vertex -0.173000 10.575001 3.417468
    endloop
  endfacet
  facet normal -1.000000 0.000000 0.000000
    outer loop
      vertex -0.173000 13.900002 2.000000
      vertex -0.173000 10.876476 3.292593
      vertex -0.173000 11.200001 3.250000
    endloop
  endfacet
  facet normal -1.000000 0.000000 0.000000
    outer loop
      vertex -0.173000 13.900002 2.000000
      vertex -0.173000 11.200001 3.250000
      vertex -0.173000 11.523525 3.292593
    endloop
  endfacet
  facet normal -1.000000 0.000000 0.000000
    outer loop
      vertex -0.173000 13.900002 2.000000
      vertex -0.173000 11.523525 3.292593
      vertex -0.173000 11.825001 3.417468
    endloop
  endfacet
  facet normal -1.000000 0.000000 0.000000
    outer loop
      vertex -0.173000 13.900002 2.000000
      vertex -0.173000 11.825001 3.417468
      vertex -0.173000 12.083885 3.616117
    endloop
  endfacet
  facet normal -1.000000 0.000000 0.000000
    outer loop
      vertex -0.173000 8.500000 2.000000
      vertex -0.173000 10.117470 3.875000
      vertex -0.173000 10.316116 3.616117
    endloop
  endfacet
  facet normal -1.000000 0.000000 0.000000
    outer loop
      vertex -0.173000 8.500000 2.000000
      vertex -0.173000 9.992592 4.176476
      vertex -0.173000 10.117470 3.875000
    endloop
  endfacet
  facet normal -1.000000 0.000000 0.000000
    outer loop
      vertex -0.173000 13.900002 2.000000
      vertex -0.173000 12.083885 3.616117
      vertex -0.173000 12.282532 3.875000
    endloop
  endfacet
  facet normal -1.000000 0.000000 0.000000
    outer loop
      vertex -0.173000 13.900002 2.000000
      vertex -0.173000 12.282532 3.875000
      vertex -0.173000 12.407406 4.176476
    endloop
  endfacet
  facet normal 0.000000 1.000000 -0.000000
    outer loop
      vertex -10.973001 9.000000 2.000000
      vertex -12.573000 9.000000 2.000000
      vertex -10.973001 9.000000 4.000000
    endloop
  endfacet
  facet normal 1.000000 0.000000 0.000000
    outer loop
      vertex -7.523001 15.700001 2.000000
      vertex -7.523001 17.299999 2.000000
      vertex -7.523001 17.299999 4.000000
    endloop
  endfacet
  facet normal 0.000000 -1.000000 0.000000
    outer loop
      vertex -7.523001 15.700001 2.000000
      vertex -7.523001 15.700001 4.000000
      vertex -10.973001 15.700001 2.000000
    endloop
  endfacet
  facet normal 1.000000 0.000000 0.000000
    outer loop
      vertex -10.973001 13.500000 2.000000
      vertex -10.973001 15.700001 2.000000
      vertex -10.973001 13.500000 4.000000
    endloop
  endfacet
  facet normal 0.000000 -1.000000 0.000000
    outer loop
      vertex -10.973001 13.500000 2.000000
      vertex -12.573000 13.500000 4.000000
      vertex -12.573000 13.500000 2.000000
    endloop
  endfacet
  facet normal 0.000000 1.000000 0.000000
    outer loop
      vertex -7.523001 17.299999 2.000000
      vertex -10.973001 17.299999 2.000000
      vertex -10.973001 17.299999 4.000000
    endloop
  endfacet
  facet normal 0.000000 1.000000 0.000000
    outer loop
      vertex -12.573000 9.000000 2.000000
      vertex -12.573000 9.000000 4.000000
      vertex -10.973001 9.000000 4.000000
    endloop
  endfacet
  facet normal 1.000000 0.000000 0.000000
    outer loop
      vertex -7.523001 15.700001 2.000000
      vertex -7.523001 17.299999 4.000000
      vertex -7.523001 15.700001 4.000000
    endloop
  endfacet
  facet normal 0.000000 1.000000 -0.000000
    outer loop
      vertex -7.523001 17.299999 2.000000
      vertex -10.973001 17.299999 4.000000
      vertex -7.523001 17.299999 4.000000
    endloop
  endfacet
  facet normal 0.000000 -1.000000 0.000000
    outer loop
      vertex -10.973001 13.500000 2.000000
      vertex -10.973001 13.500000 4.000000
      vertex -12.573000 13.500000 4.000000
    endloop
  endfacet
  facet normal 1.000000 0.000000 -0.000000
    outer loop
      vertex -10.973001 15.700001 2.000000
      vertex -10.973001 15.700001 4.000000
      vertex -10.973001 13.500000 4.000000
    endloop
  endfacet
  facet normal 0.000000 -1.000000 0.000000
    outer loop
      vertex -10.973001 15.700001 2.000000
      vertex -7.523001 15.700001 4.000000
      vertex -10.973001 15.700001 4.000000
    endloop
  endfacet
  facet normal 0.000000 -0.000000 1.000000
    outer loop
      vertex -7.523001 -0.299999 4.000000
      vertex -7.523001 1.299999 4.000000
      vertex -10.973001 0.955002 4.000000
    endloop
  endfacet
  facet normal 0.000000 0.000000 1.000000
    outer loop
      vertex -7.523001 -0.299999 4.000000
      vertex -10.973001 0.955002 4.000000
      vertex -10.973001 -0.299999 4.000000
    endloop
  endfacet
  facet normal 0.000000 0.000000 1.000000
    outer loop
      vertex -7.523001 1.299999 4.000000
      vertex -10.973001 1.299999 4.000000
      vertex -10.973001 0.955002 4.000000
    endloop
  endfacet
  facet normal 0.000000 0.000000 1.000000
    outer loop
      vertex -12.573000 -0.299999 4.000000
      vertex -10.973001 0.955002 4.000000
      vertex -12.573000 0.794998 4.000000
    endloop
  endfacet
  facet normal 0.000000 -0.000000 1.000000
    outer loop
      vertex -10.973001 0.955002 4.000000
      vertex -10.973001 1.299999 4.000000
      vertex -12.573000 1.299999 4.000000
    endloop
  endfacet
  facet normal 0.000000 -0.000000 1.000000
    outer loop
      vertex -10.973001 1.299999 4.000000
      vertex -10.973001 9.000000 4.000000
      vertex -12.573000 1.299999 4.000000
    endloop
  endfacet
  facet normal 0.000000 0.000000 1.000000
    outer loop
      vertex -10.973001 9.000000 4.000000
      vertex -12.573000 9.000000 4.000000
      vertex -12.573000 1.299999 4.000000
    endloop
  endfacet
  facet normal -1.000000 0.000000 0.000000
    outer loop
      vertex -0.173000 8.500000 2.000000
      vertex -0.173000 9.950001 4.500000
      vertex -0.173000 9.992592 4.176476
    endloop
  endfacet
  facet normal -1.000000 0.000000 0.000000
    outer loop
      vertex -0.173000 8.500000 2.000000
      vertex -0.173000 9.992592 4.823524
      vertex -0.173000 9.950001 4.500000
    endloop
  endfacet
  facet normal -1.000000 0.000000 0.000000
    outer loop
      vertex -0.173000 13.900002 2.000000
      vertex -0.173000 12.407406 4.176476
      vertex -0.173000 13.900002 7.000000
    endloop
  endfacet
  facet normal 0.000000 -0.000000 1.000000
    outer loop
      vertex -10.973001 13.500000 4.000000
      vertex -10.973001 15.700001 4.000000
      vertex -12.573000 13.500000 4.000000
    endloop
  endfacet
  facet normal 0.000000 0.000000 1.000000
    outer loop
      vertex -10.973001 15.700001 4.000000
      vertex -12.573000 15.700001 4.000000
      vertex -12.573000 13.500000 4.000000
    endloop
  endfacet
  facet normal 0.000000 -0.000000 1.000000
    outer loop
      vertex -7.523001 15.700001 4.000000
      vertex -7.523001 17.299999 4.000000
      vertex -12.240171 16.828281 4.000000
    endloop
  endfacet
  facet normal 0.000000 0.000000 1.000000
    outer loop
      vertex -7.523001 15.700001 4.000000
      vertex -12.573000 16.495453 4.000000
      vertex -10.973001 15.700001 4.000000
    endloop
  endfacet
  facet normal 0.000000 0.000000 1.000000
    outer loop
      vertex -7.523001 17.299999 4.000000
      vertex -10.973001 17.299999 4.000000
      vertex -12.240171 16.828281 4.000000
    endloop
  endfacet
  facet normal 0.000000 0.000000 1.000000
    outer loop
      vertex -7.523001 15.700001 4.000000
      vertex -12.240171 16.828281 4.000000
      vertex -12.573000 16.495453 4.000000
    endloop
  endfacet
  facet normal 0.000000 0.000000 1.000000
    outer loop
      vertex -10.973001 15.700001 4.000000
      vertex -12.573000 16.495453 4.000000
      vertex -12.573000 15.700001 4.000000
    endloop
  endfacet
  facet normal 0.000000 0.000000 1.000000
    outer loop
      vertex -10.973001 17.299999 4.000000
      vertex -12.573000 17.299999 4.000000
      vertex -12.240171 16.828281 4.000000
    endloop
  endfacet
  facet normal 0.000000 1.000000 0.000000
    outer loop
      vertex -12.573000 1.299999 2.000000
      vertex -18.973001 1.299999 2.000000
      vertex -18.973001 1.299999 4.000000
    endloop
  endfacet
  facet normal -1.000000 0.000000 0.000000
    outer loop
      vertex -12.573000 1.299999 2.000000
      vertex -12.573000 9.000000 4.000000
      vertex -12.573000 9.000000 2.000000
    endloop
  endfacet
  facet normal 0.000000 1.000000 -0.000000
    outer loop
      vertex -12.573000 1.299999 2.000000
      vertex -18.973001 1.299999 4.000000
      vertex -12.573000 1.299999 4.000000
    endloop
  endfacet
  facet normal -1.000000 0.000000 0.000000
    outer loop
      vertex -12.573000 1.299999 2.000000
      vertex -12.573000 1.299999 4.000000
      vertex -12.573000 9.000000 4.000000
    endloop
  endfacet
  facet normal 1.000000 0.000000 0.000000
    outer loop
      vertex -18.973001 1.299999 2.000000
      vertex -18.973001 9.000000 2.000000
      vertex -18.973001 1.299999 4.000000
    endloop
  endfacet
  facet normal 0.000000 1.000000 0.000000
    outer loop
      vertex -20.573000 1.299999 2.000000
      vertex -23.523001 1.299999 2.000000
      vertex -23.523001 1.299999 4.000000
    endloop
  endfacet
  facet normal -1.000000 0.000000 0.000000
    outer loop
      vertex -23.523001 -0.299999 2.000000
      vertex -23.523001 -0.299999 4.000000
      vertex -23.523001 1.299999 2.000000
    endloop
  endfacet
  facet normal -1.000000 0.000000 0.000000
    outer loop
      vertex -20.573000 1.299999 2.000000
      vertex -20.573000 9.000000 4.000000
      vertex -20.573000 9.000000 2.000000
    endloop
  endfacet
  facet normal -1.000000 0.000000 0.000000
    outer loop
      vertex -20.573000 1.299999 2.000000
      vertex -20.573000 1.299999 4.000000
      vertex -20.573000 9.000000 4.000000
    endloop
  endfacet
  facet normal 0.000000 1.000000 -0.000000
    outer loop
      vertex -20.573000 1.299999 2.000000
      vertex -23.523001 1.299999 4.000000
      vertex -20.573000 1.299999 4.000000
    endloop
  endfacet
  facet normal -1.000000 0.000000 0.000000
    outer loop
      vertex -23.523001 -0.299999 4.000000
      vertex -23.523001 1.299999 4.000000
      vertex -23.523001 1.299999 2.000000
    endloop
  endfacet
  facet normal 1.000000 0.000000 -0.000000
    outer loop
      vertex -18.973001 9.000000 2.000000
      vertex -18.973001 9.000000 4.000000
      vertex -18.973001 1.299999 4.000000
    endloop
  endfacet
  facet normal -1.000000 0.000000 0.000000
    outer loop
      vertex -12.573000 13.500000 2.000000
      vertex -12.573000 15.700001 4.000000
      vertex -12.573000 15.700001 2.000000
    endloop
  endfacet
  facet normal 0.000000 -1.000000 0.000000
    outer loop
      vertex -12.573000 15.700001 2.000000
      vertex -12.573000 15.700001 4.000000
      vertex -18.973001 15.700001 2.000000
    endloop
  endfacet
  facet normal 0.000000 1.000000 0.000000
    outer loop
      vertex -12.573000 17.299999 2.000000
      vertex -18.973001 17.299999 2.000000
      vertex -18.973001 17.299999 4.000000
    endloop
  endfacet
  facet normal -1.000000 0.000000 0.000000
    outer loop
      vertex -12.573000 13.500000 2.000000
      vertex -12.573000 13.500000 4.000000
      vertex -12.573000 15.700001 4.000000
    endloop
  endfacet
  facet normal 0.000000 1.000000 -0.000000
    outer loop
      vertex -12.573000 17.299999 2.000000
      vertex -18.973001 17.299999 4.000000
      vertex -12.573000 17.299999 4.000000
    endloop
  endfacet
  facet normal 0.000000 -1.000000 0.000000
    outer loop
      vertex -18.973001 15.700001 2.000000
      vertex -12.573000 15.700001 4.000000
      vertex -18.973001 15.700001 4.000000
    endloop
  endfacet
  facet normal 0.000000 1.000000 -0.000000
    outer loop
      vertex -18.973001 9.000000 2.000000
      vertex -20.573000 9.000000 2.000000
      vertex -18.973001 9.000000 4.000000
    endloop
  endfacet
  facet normal 1.000000 0.000000 0.000000
    outer loop
      vertex -18.973001 13.500000 2.000000
      vertex -18.973001 15.700001 2.000000
      vertex -18.973001 13.500000 4.000000
    endloop
  endfacet
  facet normal 0.000000 -1.000000 0.000000
    outer loop
      vertex -18.973001 13.500000 2.000000
      vertex -20.573000 13.500000 4.000000
      vertex -20.573000 13.500000 2.000000
    endloop
  endfacet
  facet normal -1.000000 0.000000 0.000000
    outer loop
      vertex -20.573000 13.500000 2.000000
      vertex -20.573000 15.700001 4.000000
      vertex -20.573000 15.700001 2.000000
    endloop
  endfacet
  facet normal 0.000000 -1.000000 0.000000
    outer loop
      vertex -20.573000 15.700001 2.000000
      vertex -20.573000 15.700001 4.000000
      vertex -23.523001 15.700001 2.000000
    endloop
  endfacet
  facet normal 0.000000 1.000000 0.000000
    outer loop
      vertex -20.573000 17.299999 2.000000
      vertex -23.523001 17.299999 2.000000
      vertex -23.523001 17.299999 4.000000
    endloop
  endfacet
  facet normal -1.000000 0.000000 0.000000
    outer loop
      vertex -23.523001 15.700001 2.000000
      vertex -23.523001 15.700001 4.000000
      vertex -23.523001 17.299999 2.000000
    endloop
  endfacet
  facet normal 0.000000 1.000000 0.000000
    outer loop
      vertex -20.573000 9.000000 2.000000
      vertex -20.573000 9.000000 4.000000
      vertex -18.973001 9.000000 4.000000
    endloop
  endfacet
  facet normal 0.000000 -1.000000 0.000000
    outer loop
      vertex -18.973001 13.500000 2.000000
      vertex -18.973001 13.500000 4.000000
      vertex -20.573000 13.500000 4.000000
    endloop
  endfacet
  facet normal 1.000000 0.000000 -0.000000
    outer loop
      vertex -18.973001 15.700001 2.000000
      vertex -18.973001 15.700001 4.000000
      vertex -18.973001 13.500000 4.000000
    endloop
  endfacet
  facet normal -1.000000 0.000000 0.000000
    outer loop
      vertex -20.573000 13.500000 2.000000
      vertex -20.573000 13.500000 4.000000
      vertex -20.573000 15.700001 4.000000
    endloop
  endfacet
  facet normal 0.000000 -1.000000 0.000000
    outer loop
      vertex -23.523001 15.700001 2.000000
      vertex -20.573000 15.700001 4.000000
      vertex -23.523001 15.700001 4.000000
    endloop
  endfacet
  facet normal 0.000000 1.000000 -0.000000
    outer loop
      vertex -20.573000 17.299999 2.000000
      vertex -23.523001 17.299999 4.000000
      vertex -20.573000 17.299999 4.000000
    endloop
  endfacet
  facet normal -1.000000 0.000000 0.000000
    outer loop
      vertex -23.523001 17.299999 2.000000
      vertex -23.523001 15.700001 4.000000
      vertex -23.523001 17.299999 4.000000
    endloop
  endfacet
  facet normal 0.000000 -0.000000 1.000000
    outer loop
      vertex -12.573000 -0.299999 4.000000
      vertex -12.573000 0.794998 4.000000
      vertex -18.973001 0.154999 4.000000
    endloop
  endfacet
  facet normal 0.000000 0.000000 1.000000
    outer loop
      vertex -10.973001 0.955002 4.000000
      vertex -12.573000 1.299999 4.000000
      vertex -18.973001 1.299999 4.000000
    endloop
  endfacet
  facet normal 0.000000 0.000000 1.000000
    outer loop
      vertex -10.973001 0.955002 4.000000
      vertex -23.523001 1.299999 4.000000
      vertex -12.573000 0.794998 4.000000
    endloop
  endfacet
  facet normal 0.000000 0.000000 1.000000
    outer loop
      vertex -10.973001 0.955002 4.000000
      vertex -18.973001 1.299999 4.000000
      vertex -20.573000 1.299999 4.000000
    endloop
  endfacet
  facet normal 0.000000 0.000000 1.000000
    outer loop
      vertex -12.573000 0.794998 4.000000
      vertex -23.523001 1.299999 4.000000
      vertex -18.973001 0.154999 4.000000
    endloop
  endfacet
  facet normal 0.000000 0.000000 1.000000
    outer loop
      vertex -10.973001 0.955002 4.000000
      vertex -20.573000 1.299999 4.000000
      vertex -23.523001 1.299999 4.000000
    endloop
  endfacet
  facet normal 0.000000 -0.000000 1.000000
    outer loop
      vertex -20.573000 -0.005001 4.000000
      vertex -18.973001 0.154999 4.000000
      vertex -23.523001 1.299999 4.000000
    endloop
  endfacet
  facet normal 0.000000 -0.000000 1.000000
    outer loop
      vertex -18.973001 1.299999 4.000000
      vertex -18.973001 9.000000 4.000000
      vertex -20.573000 1.299999 4.000000
    endloop
  endfacet
  facet normal 0.000000 0.000000 1.000000
    outer loop
      vertex -20.573000 -0.005001 4.000000
      vertex -23.523001 1.299999 4.000000
      vertex -23.523001 -0.299999 4.000000
    endloop
  endfacet
  facet normal 0.000000 0.000000 1.000000
    outer loop
      vertex -20.573000 1.299999 4.000000
      vertex -18.973001 9.000000 4.000000
      vertex -20.573000 9.000000 4.000000
    endloop
  endfacet
  facet normal 0.000000 0.000000 1.000000
    outer loop
      vertex -12.573000 16.495453 4.000000
      vertex -12.240171 16.828281 4.000000
      vertex -12.573000 16.794998 4.000000
    endloop
  endfacet
  facet normal 0.000000 -0.000000 1.000000
    outer loop
      vertex -12.573000 15.700001 4.000000
      vertex -12.573000 16.495453 4.000000
      vertex -18.973001 15.700001 4.000000
    endloop
  endfacet
  facet normal 0.000000 -0.000000 1.000000
    outer loop
      vertex -12.573000 16.495453 4.000000
      vertex -12.573000 16.794998 4.000000
      vertex -18.973001 16.154999 4.000000
    endloop
  endfacet
  facet normal 0.000000 0.000000 1.000000
    outer loop
      vertex -12.240171 16.828281 4.000000
      vertex -12.573000 17.299999 4.000000
      vertex -18.973001 17.299999 4.000000
    endloop
  endfacet
  facet normal 0.000000 0.000000 1.000000
    outer loop
      vertex -12.240171 16.828281 4.000000
      vertex -23.523001 17.299999 4.000000
      vertex -12.573000 16.794998 4.000000
    endloop
  endfacet
  facet normal 0.000000 0.000000 1.000000
    outer loop
      vertex -12.573000 16.495453 4.000000
      vertex -18.973001 16.154999 4.000000
      vertex -18.973001 15.700001 4.000000
    endloop
  endfacet
  facet normal 0.000000 0.000000 1.000000
    outer loop
      vertex -12.240171 16.828281 4.000000
      vertex -18.973001 17.299999 4.000000
      vertex -20.573000 17.299999 4.000000
    endloop
  endfacet
  facet normal 0.000000 -0.000000 1.000000
    outer loop
      vertex -18.973001 13.500000 4.000000
      vertex -18.973001 15.700001 4.000000
      vertex -20.573000 13.500000 4.000000
    endloop
  endfacet
  facet normal 0.000000 0.000000 1.000000
    outer loop
      vertex -20.573000 13.500000 4.000000
      vertex -18.973001 15.700001 4.000000
      vertex -18.973001 16.154999 4.000000
    endloop
  endfacet
  facet normal 0.000000 0.000000 1.000000
    outer loop
      vertex -20.573000 13.500000 4.000000
      vertex -18.973001 16.154999 4.000000
      vertex -20.573000 15.700001 4.000000
    endloop
  endfacet
  facet normal 0.000000 0.000000 1.000000
    outer loop
      vertex -12.573000 16.794998 4.000000
      vertex -23.523001 17.299999 4.000000
      vertex -18.973001 16.154999 4.000000
    endloop
  endfacet
  facet normal 0.000000 0.000000 1.000000
    outer loop
      vertex -12.240171 16.828281 4.000000
      vertex -20.573000 17.299999 4.000000
      vertex -23.523001 17.299999 4.000000
    endloop
  endfacet
  facet normal 0.000000 0.000000 1.000000
    outer loop
      vertex -18.973001 16.154999 4.000000
      vertex -20.573000 15.994999 4.000000
      vertex -20.573000 15.700001 4.000000
    endloop
  endfacet
  facet normal 0.000000 0.000000 1.000000
    outer loop
      vertex -18.973001 16.154999 4.000000
      vertex -23.523001 17.299999 4.000000
      vertex -20.573000 15.994999 4.000000
    endloop
  endfacet
  facet normal 0.000000 -0.000000 1.000000
    outer loop
      vertex -20.573000 15.700001 4.000000
      vertex -20.573000 15.994999 4.000000
      vertex -23.523001 15.700001 4.000000
    endloop
  endfacet
  facet normal 0.000000 0.000000 1.000000
    outer loop
      vertex -20.573000 15.994999 4.000000
      vertex -23.523001 17.299999 4.000000
      vertex -23.523001 15.700001 4.000000
    endloop
  endfacet
  facet normal 1.000000 0.000000 0.000000
    outer loop
      vertex -10.973001 17.299999 2.000000
      vertex -10.973001 23.700001 2.000000
      vertex -10.973001 17.299999 4.000000
    endloop
  endfacet
  facet normal 0.000000 -1.000000 0.000000
    outer loop
      vertex -7.523001 23.700001 2.000000
      vertex -7.523001 23.700001 4.000000
      vertex -10.973001 23.700001 2.000000
    endloop
  endfacet
  facet normal 1.000000 0.000000 0.000000
    outer loop
      vertex -7.523001 23.700001 2.000000
      vertex -7.523001 25.299999 2.000000
      vertex -7.523001 25.299999 4.000000
    endloop
  endfacet
  facet normal 0.000000 1.000000 0.000000
    outer loop
      vertex -7.523001 25.299999 2.000000
      vertex -10.973001 25.299999 2.000000
      vertex -10.973001 25.299999 4.000000
    endloop
  endfacet
  facet normal 1.000000 0.000000 -0.000000
    outer loop
      vertex -10.973001 23.700001 2.000000
      vertex -10.973001 23.700001 4.000000
      vertex -10.973001 17.299999 4.000000
    endloop
  endfacet
  facet normal 1.000000 0.000000 0.000000
    outer loop
      vertex -7.523001 23.700001 2.000000
      vertex -7.523001 25.299999 4.000000
      vertex -7.523001 23.700001 4.000000
    endloop
  endfacet
  facet normal 0.000000 1.000000 -0.000000
    outer loop
      vertex -7.523001 25.299999 2.000000
      vertex -10.973001 25.299999 4.000000
      vertex -7.523001 25.299999 4.000000
    endloop
  endfacet
  facet normal 0.000000 -1.000000 0.000000
    outer loop
      vertex -10.973001 23.700001 2.000000
      vertex -7.523001 23.700001 4.000000
      vertex -10.973001 23.700001 4.000000
    endloop
  endfacet
  facet normal 1.000000 0.000000 0.000000
    outer loop
      vertex -10.973001 25.299999 2.000000
      vertex -10.973001 29.500000 2.000000
      vertex -10.973001 25.299999 4.000000
    endloop
  endfacet
  facet normal 0.000000 1.000000 -0.000000
    outer loop
      vertex -10.973001 29.500000 2.000000
      vertex -12.573000 29.500000 2.000000
      vertex -10.973001 29.500000 4.000000
    endloop
  endfacet
  facet normal 1.000000 0.000000 0.000000
    outer loop
      vertex -11.523001 31.699997 2.000000
      vertex -11.523001 33.300003 2.000000
      vertex -11.523001 33.300003 4.000000
    endloop
  endfacet
  facet normal 1.000000 0.000000 -0.000000
    outer loop
      vertex -10.973001 29.500000 2.000000
      vertex -10.973001 29.500000 4.000000
      vertex -10.973001 25.299999 4.000000
    endloop
  endfacet
  facet normal 0.000000 1.000000 0.000000
    outer loop
      vertex -12.573000 29.500000 2.000000
      vertex -12.573000 29.500000 4.000000
      vertex -10.973001 29.500000 4.000000
    endloop
  endfacet
  facet normal 1.000000 0.000000 0.000000
    outer loop
      vertex -11.523001 31.699997 2.000000
      vertex -11.523001 33.300003 4.000000
      vertex -11.523001 31.699997 4.000000
    endloop
  endfacet
  facet normal 0.000000 -0.000000 1.000000
    outer loop
      vertex -10.973001 17.299999 4.000000
      vertex -10.973001 23.700001 4.000000
      vertex -12.573000 17.299999 4.000000
    endloop
  endfacet
  facet normal 0.000000 0.000000 1.000000
    outer loop
      vertex -12.573000 17.299999 4.000000
      vertex -10.973001 23.700001 4.000000
      vertex -12.573000 23.700001 4.000000
    endloop
  endfacet
  facet normal 0.000000 -0.000000 1.000000
    outer loop
      vertex -7.523001 23.700001 4.000000
      vertex -7.523001 25.299999 4.000000
      vertex -11.432093 24.909092 4.000000
    endloop
  endfacet
  facet normal 0.000000 0.000000 1.000000
    outer loop
      vertex -7.523001 23.700001 4.000000
      vertex -12.573000 23.768181 4.000000
      vertex -10.973001 23.700001 4.000000
    endloop
  endfacet
  facet normal 0.000000 0.000000 1.000000
    outer loop
      vertex -7.523001 23.700001 4.000000
      vertex -11.432093 24.909092 4.000000
      vertex -12.573000 23.768181 4.000000
    endloop
  endfacet
  facet normal 0.000000 0.000000 1.000000
    outer loop
      vertex -10.973001 23.700001 4.000000
      vertex -12.573000 23.768181 4.000000
      vertex -12.573000 23.700001 4.000000
    endloop
  endfacet
  facet normal 0.000000 0.000000 1.000000
    outer loop
      vertex -7.523001 25.299999 4.000000
      vertex -10.973001 25.299999 4.000000
      vertex -11.432093 24.909092 4.000000
    endloop
  endfacet
  facet normal 0.000000 0.000000 1.000000
    outer loop
      vertex -10.973001 25.299999 4.000000
      vertex -12.573000 25.299999 4.000000
      vertex -11.432093 24.909092 4.000000
    endloop
  endfacet
  facet normal 0.000000 -0.000000 1.000000
    outer loop
      vertex -10.973001 25.299999 4.000000
      vertex -10.973001 29.500000 4.000000
      vertex -12.573000 25.299999 4.000000
    endloop
  endfacet
  facet normal 0.000000 0.000000 1.000000
    outer loop
      vertex -10.973001 29.500000 4.000000
      vertex -12.573000 29.500000 4.000000
      vertex -12.573000 25.299999 4.000000
    endloop
  endfacet
  facet normal -1.000000 0.000000 0.000000
    outer loop
      vertex -12.573000 17.299999 2.000000
      vertex -12.573000 23.700001 4.000000
      vertex -12.573000 23.700001 2.000000
    endloop
  endfacet
  facet normal 0.000000 -1.000000 0.000000
    outer loop
      vertex -12.573000 23.700001 2.000000
      vertex -12.573000 23.700001 4.000000
      vertex -18.973001 23.700001 2.000000
    endloop
  endfacet
  facet normal 0.000000 1.000000 0.000000
    outer loop
      vertex -12.573000 25.299999 2.000000
      vertex -18.973001 25.299999 2.000000
      vertex -18.973001 25.299999 4.000000
    endloop
  endfacet
  facet normal -1.000000 0.000000 0.000000
    outer loop
      vertex -12.573000 17.299999 2.000000
      vertex -12.573000 17.299999 4.000000
      vertex -12.573000 23.700001 4.000000
    endloop
  endfacet
  facet normal 0.000000 1.000000 -0.000000
    outer loop
      vertex -12.573000 25.299999 2.000000
      vertex -18.973001 25.299999 4.000000
      vertex -12.573000 25.299999 4.000000
    endloop
  endfacet
  facet normal 0.000000 -1.000000 0.000000
    outer loop
      vertex -18.973001 23.700001 2.000000
      vertex -12.573000 23.700001 4.000000
      vertex -18.973001 23.700001 4.000000
    endloop
  endfacet
  facet normal 1.000000 0.000000 0.000000
    outer loop
      vertex -18.973001 17.299999 2.000000
      vertex -18.973001 23.700001 2.000000
      vertex -18.973001 17.299999 4.000000
    endloop
  endfacet
  facet normal -1.000000 0.000000 0.000000
    outer loop
      vertex -20.573000 17.299999 2.000000
      vertex -20.573000 23.700001 4.000000
      vertex -20.573000 23.700001 2.000000
    endloop
  endfacet
  facet normal -1.000000 0.000000 0.000000
    outer loop
      vertex -20.573000 25.299999 2.000000
      vertex -20.573000 25.299999 4.000000
      vertex -20.573000 28.500000 2.000000
    endloop
  endfacet
  facet normal 0.000000 -1.000000 0.000000
    outer loop
      vertex -20.573000 23.700001 2.000000
      vertex -20.573000 23.700001 4.000000
      vertex -23.523001 23.700001 2.000000
    endloop
  endfacet
  facet normal -1.000000 0.000000 0.000000
    outer loop
      vertex -23.523001 23.700001 2.000000
      vertex -23.523001 23.700001 4.000000
      vertex -23.523001 25.299999 2.000000
    endloop
  endfacet
  facet normal 0.000000 1.000000 0.000000
    outer loop
      vertex -20.573000 25.299999 2.000000
      vertex -23.523001 25.299999 2.000000
      vertex -23.523001 25.299999 4.000000
    endloop
  endfacet
  facet normal -1.000000 0.000000 0.000000
    outer loop
      vertex -20.573000 17.299999 2.000000
      vertex -20.573000 17.299999 4.000000
      vertex -20.573000 23.700001 4.000000
    endloop
  endfacet
  facet normal 1.000000 0.000000 -0.000000
    outer loop
      vertex -18.973001 23.700001 2.000000
      vertex -18.973001 23.700001 4.000000
      vertex -18.973001 17.299999 4.000000
    endloop
  endfacet
  facet normal 1.000000 0.000000 0.000000
    outer loop
      vertex -18.973001 25.299999 2.000000
      vertex -18.973001 28.500000 4.000000
      vertex -18.973001 25.299999 4.000000
    endloop
  endfacet
  facet normal 0.000000 -1.000000 0.000000
    outer loop
      vertex -23.523001 23.700001 2.000000
      vertex -20.573000 23.700001 4.000000
      vertex -23.523001 23.700001 4.000000
    endloop
  endfacet
  facet normal 0.000000 1.000000 -0.000000
    outer loop
      vertex -20.573000 25.299999 2.000000
      vertex -23.523001 25.299999 4.000000
      vertex -20.573000 25.299999 4.000000
    endloop
  endfacet
  facet normal -1.000000 0.000000 0.000000
    outer loop
      vertex -23.523001 25.299999 2.000000
      vertex -23.523001 23.700001 4.000000
      vertex -23.523001 25.299999 4.000000
    endloop
  endfacet
  facet normal -1.000000 0.000000 0.000000
    outer loop
      vertex -12.573000 25.299999 2.000000
      vertex -12.573000 29.500000 4.000000
      vertex -12.573000 29.500000 2.000000
    endloop
  endfacet
  facet normal 0.000000 -1.000000 0.000000
    outer loop
      vertex -15.226999 28.500000 2.000000
      vertex -18.973001 28.500000 4.000000
      vertex -18.973001 28.500000 2.000000
    endloop
  endfacet
  facet normal 1.000000 0.000000 0.000000
    outer loop
      vertex -15.226999 28.500000 2.000000
      vertex -15.226999 31.699997 2.000000
      vertex -15.226999 31.699997 4.000000
    endloop
  endfacet
  facet normal 0.000000 -1.000000 0.000000
    outer loop
      vertex -11.523001 31.699997 2.000000
      vertex -11.523001 31.699997 4.000000
      vertex -15.226999 31.699997 2.000000
    endloop
  endfacet
  facet normal 0.000000 1.000000 0.000000
    outer loop
      vertex -11.523001 33.300003 2.000000
      vertex -15.226999 33.300003 2.000000
      vertex -15.226999 33.300003 4.000000
    endloop
  endfacet
  facet normal 1.000000 0.000000 0.000000
    outer loop
      vertex -15.226999 33.300003 2.000000
      vertex -15.226999 35.500000 2.000000
      vertex -15.226999 33.300003 4.000000
    endloop
  endfacet
  facet normal -1.000000 0.000000 0.000000
    outer loop
      vertex -12.573000 25.299999 2.000000
      vertex -12.573000 25.299999 4.000000
      vertex -12.573000 29.500000 4.000000
    endloop
  endfacet
  facet normal 0.000000 -1.000000 0.000000
    outer loop
      vertex -15.226999 31.699997 2.000000
      vertex -11.523001 31.699997 4.000000
      vertex -15.226999 31.699997 4.000000
    endloop
  endfacet
  facet normal 0.000000 1.000000 -0.000000
    outer loop
      vertex -11.523001 33.300003 2.000000
      vertex -15.226999 33.300003 4.000000
      vertex -11.523001 33.300003 4.000000
    endloop
  endfacet
  facet normal 1.000000 0.000000 0.000000
    outer loop
      vertex -18.973001 25.299999 2.000000
      vertex -18.973001 28.500000 2.000000
      vertex -18.973001 28.500000 4.000000
    endloop
  endfacet
  facet normal 0.000000 -1.000000 0.000000
    outer loop
      vertex -20.573000 28.500000 2.000000
      vertex -20.573000 28.500000 4.000000
      vertex -24.226999 28.500000 2.000000
    endloop
  endfacet
  facet normal -1.000000 0.000000 0.000000
    outer loop
      vertex -24.226999 28.500000 2.000000
      vertex -24.226999 32.323524 4.292593
      vertex -24.226999 35.500000 2.000000
    endloop
  endfacet
  facet normal -1.000000 0.000000 0.000000
    outer loop
      vertex -20.573000 28.500000 2.000000
      vertex -20.573000 25.299999 4.000000
      vertex -20.573000 28.500000 4.000000
    endloop
  endfacet
  facet normal 0.000000 -0.000000 1.000000
    outer loop
      vertex -12.573000 23.700001 4.000000
      vertex -12.573000 23.768181 4.000000
      vertex -18.973001 23.700001 4.000000
    endloop
  endfacet
  facet normal 0.000000 -0.000000 1.000000
    outer loop
      vertex -12.573000 23.768181 4.000000
      vertex -12.573000 24.794998 4.000000
      vertex -18.973001 24.154999 4.000000
    endloop
  endfacet
  facet normal 0.000000 0.000000 1.000000
    outer loop
      vertex -11.432093 24.909092 4.000000
      vertex -12.573000 24.794998 4.000000
      vertex -12.573000 23.768181 4.000000
    endloop
  endfacet
  facet normal 0.000000 0.000000 1.000000
    outer loop
      vertex -11.432093 24.909092 4.000000
      vertex -12.573000 25.299999 4.000000
      vertex -18.973001 25.299999 4.000000
    endloop
  endfacet
  facet normal 0.000000 0.000000 1.000000
    outer loop
      vertex -12.573000 23.768181 4.000000
      vertex -18.973001 24.154999 4.000000
      vertex -18.973001 23.700001 4.000000
    endloop
  endfacet
  facet normal 0.000000 0.000000 1.000000
    outer loop
      vertex -11.432093 24.909092 4.000000
      vertex -23.523001 25.299999 4.000000
      vertex -12.573000 24.794998 4.000000
    endloop
  endfacet
  facet normal 0.000000 0.000000 1.000000
    outer loop
      vertex -11.432093 24.909092 4.000000
      vertex -18.973001 25.299999 4.000000
      vertex -20.573000 25.299999 4.000000
    endloop
  endfacet
  facet normal 0.000000 -0.000000 1.000000
    outer loop
      vertex -18.973001 17.299999 4.000000
      vertex -18.973001 23.700001 4.000000
      vertex -20.573000 17.299999 4.000000
    endloop
  endfacet
  facet normal 0.000000 0.000000 1.000000
    outer loop
      vertex -20.573000 17.299999 4.000000
      vertex -18.973001 23.700001 4.000000
      vertex -18.973001 24.154999 4.000000
    endloop
  endfacet
  facet normal 0.000000 0.000000 1.000000
    outer loop
      vertex -20.573000 17.299999 4.000000
      vertex -18.973001 24.154999 4.000000
      vertex -20.573000 23.700001 4.000000
    endloop
  endfacet
  facet normal 0.000000 0.000000 1.000000
    outer loop
      vertex -18.973001 24.154999 4.000000
      vertex -20.573000 23.994999 4.000000
      vertex -20.573000 23.700001 4.000000
    endloop
  endfacet
  facet normal 0.000000 0.000000 1.000000
    outer loop
      vertex -12.573000 24.794998 4.000000
      vertex -23.523001 25.299999 4.000000
      vertex -18.973001 24.154999 4.000000
    endloop
  endfacet
  facet normal 0.000000 0.000000 1.000000
    outer loop
      vertex -11.432093 24.909092 4.000000
      vertex -20.573000 25.299999 4.000000
      vertex -23.523001 25.299999 4.000000
    endloop
  endfacet
  facet normal 0.000000 0.000000 1.000000
    outer loop
      vertex -18.973001 24.154999 4.000000
      vertex -23.523001 25.299999 4.000000
      vertex -20.573000 23.994999 4.000000
    endloop
  endfacet
  facet normal 0.000000 0.000000 1.000000
    outer loop
      vertex -18.973001 25.299999 4.000000
      vertex -20.573000 28.500000 4.000000
      vertex -20.573000 25.299999 4.000000
    endloop
  endfacet
  facet normal 0.000000 -0.000000 1.000000
    outer loop
      vertex -20.573000 23.700001 4.000000
      vertex -20.573000 23.994999 4.000000
      vertex -23.523001 23.700001 4.000000
    endloop
  endfacet
  facet normal 0.000000 0.000000 1.000000
    outer loop
      vertex -20.573000 23.994999 4.000000
      vertex -23.523001 25.299999 4.000000
      vertex -23.523001 23.700001 4.000000
    endloop
  endfacet
  facet normal 1.000000 0.000000 0.000000
    outer loop
      vertex -15.226999 28.500000 2.000000
      vertex -15.226999 31.699997 4.000000
      vertex -15.226999 31.676476 4.292593
    endloop
  endfacet
  facet normal 1.000000 0.000000 0.000000
    outer loop
      vertex -15.226999 28.500000 2.000000
      vertex -15.226999 31.676476 4.292593
      vertex -15.226999 31.375000 4.417468
    endloop
  endfacet
  facet normal 1.000000 0.000000 0.000000
    outer loop
      vertex -15.226999 28.500000 2.000000
      vertex -15.226999 31.375000 4.417468
      vertex -15.226999 31.116119 4.616117
    endloop
  endfacet
  facet normal 1.000000 0.000000 0.000000
    outer loop
      vertex -15.226999 28.500000 2.000000
      vertex -15.226999 31.116119 4.616117
      vertex -15.226999 30.917465 4.875000
    endloop
  endfacet
  facet normal 1.000000 0.000000 0.000000
    outer loop
      vertex -15.226999 35.500000 2.000000
      vertex -15.226999 32.883881 4.616117
      vertex -15.226999 33.300003 4.000000
    endloop
  endfacet
  facet normal 1.000000 0.000000 0.000000
    outer loop
      vertex -15.226999 35.500000 2.000000
      vertex -15.226999 33.082535 4.875000
      vertex -15.226999 32.883881 4.616117
    endloop
  endfacet
  facet normal 1.000000 0.000000 0.000000
    outer loop
      vertex -15.226999 28.500000 2.000000
      vertex -15.226999 30.917465 4.875000
      vertex -15.226999 30.792595 5.176476
    endloop
  endfacet
  facet normal 1.000000 0.000000 0.000000
    outer loop
      vertex -15.226999 28.500000 2.000000
      vertex -15.226999 30.792595 5.176476
      vertex -15.226999 30.750000 5.500000
    endloop
  endfacet
  facet normal 1.000000 0.000000 0.000000
    outer loop
      vertex -15.226999 28.500000 2.000000
      vertex -15.226999 30.750000 5.500000
      vertex -15.226999 30.792595 5.823524
    endloop
  endfacet
  facet normal 0.000000 -0.000000 1.000000
    outer loop
      vertex -11.523001 31.699997 4.000000
      vertex -11.523001 33.300003 4.000000
      vertex -15.226999 31.699997 4.000000
    endloop
  endfacet
  facet normal 0.000000 0.000000 1.000000
    outer loop
      vertex -11.523001 33.300003 4.000000
      vertex -15.226999 33.300003 4.000000
      vertex -15.226999 31.699997 4.000000
    endloop
  endfacet
  facet normal 1.000000 0.000000 -0.000000
    outer loop
      vertex -15.226999 31.699997 4.000000
      vertex -15.226999 32.000000 4.250000
      vertex -15.226999 31.676476 4.292593
    endloop
  endfacet
  facet normal 1.000000 0.000000 0.000000
    outer loop
      vertex -15.226999 31.699997 4.000000
      vertex -15.226999 32.323524 4.292593
      vertex -15.226999 32.000000 4.250000
    endloop
  endfacet
  facet normal 1.000000 0.000000 0.000000
    outer loop
      vertex -15.226999 31.699997 4.000000
      vertex -15.226999 33.300003 4.000000
      vertex -15.226999 32.625000 4.417468
    endloop
  endfacet
  facet normal 1.000000 0.000000 0.000000
    outer loop
      vertex -15.226999 35.500000 2.000000
      vertex -15.226999 33.207405 5.176476
      vertex -15.226999 33.082535 4.875000
    endloop
  endfacet
  facet normal 1.000000 0.000000 0.000000
    outer loop
      vertex -15.226999 31.699997 4.000000
      vertex -15.226999 32.625000 4.417468
      vertex -15.226999 32.323524 4.292593
    endloop
  endfacet
  facet normal 1.000000 0.000000 0.000000
    outer loop
      vertex -15.226999 33.300003 4.000000
      vertex -15.226999 32.883881 4.616117
      vertex -15.226999 32.625000 4.417468
    endloop
  endfacet
  facet normal 0.000000 0.130525 0.991445
    outer loop
      vertex -15.226999 32.000000 4.250000
      vertex -20.827002 32.000000 4.250000
      vertex -15.226999 31.676476 4.292593
    endloop
  endfacet
  facet normal 0.000000 0.382684 0.923879
    outer loop
      vertex -15.226999 31.676476 4.292593
      vertex -20.827002 31.676476 4.292593
      vertex -15.226999 31.375000 4.417468
    endloop
  endfacet
  facet normal 0.000000 -0.130525 0.991445
    outer loop
      vertex -15.226999 32.000000 4.250000
      vertex -15.226999 32.323524 4.292593
      vertex -20.827002 32.323524 4.292593
    endloop
  endfacet
  facet normal 0.000000 0.608766 0.793350
    outer loop
      vertex -15.226999 31.375000 4.417468
      vertex -20.827002 31.375000 4.417468
      vertex -15.226999 31.116119 4.616117
    endloop
  endfacet
  facet normal 0.000000 -0.382684 0.923879
    outer loop
      vertex -15.226999 32.323524 4.292593
      vertex -15.226999 32.625000 4.417468
      vertex -20.827002 32.625000 4.417468
    endloop
  endfacet
  facet normal -1.000000 0.000000 0.000000
    outer loop
      vertex -24.226999 28.500000 2.000000
      vertex -24.226999 31.676476 4.292593
      vertex -24.226999 32.000000 4.250000
    endloop
  endfacet
  facet normal -1.000000 0.000000 0.000000
    outer loop
      vertex -24.226999 28.500000 2.000000
      vertex -24.226999 32.000000 4.250000
      vertex -24.226999 32.323524 4.292593
    endloop
  endfacet
  facet normal -1.000000 0.000000 0.000000
    outer loop
      vertex -24.226999 28.500000 2.000000
      vertex -24.226999 31.375000 4.417468
      vertex -24.226999 31.676476 4.292593
    endloop
  endfacet
  facet normal 0.000000 0.499999 0.866026
    outer loop
      vertex -22.627001 32.000000 3.132864
      vertex -22.627001 29.949997 4.316432
      vertex -20.827002 29.949997 4.316432
    endloop
  endfacet
  facet normal -1.000000 0.000000 0.000000
    outer loop
      vertex -24.226999 28.500000 2.000000
      vertex -24.226999 31.116119 4.616117
      vertex -24.226999 31.375000 4.417468
    endloop
  endfacet
  facet normal -1.000000 0.000000 0.000000
    outer loop
      vertex -24.226999 28.500000 2.000000
      vertex -24.226999 30.917465 4.875000
      vertex -24.226999 31.116119 4.616117
    endloop
  endfacet
  facet normal -1.000000 0.000000 0.000000
    outer loop
      vertex -20.827002 32.000000 3.132864
      vertex -20.827002 31.676476 4.292593
      vertex -20.827002 32.000000 4.250000
    endloop
  endfacet
  facet normal -1.000000 0.000000 0.000000
    outer loop
      vertex -20.827002 32.000000 3.132864
      vertex -20.827002 32.000000 4.250000
      vertex -20.827002 32.323524 4.292593
    endloop
  endfacet
  facet normal -1.000000 0.000000 0.000000
    outer loop
      vertex -20.827002 32.000000 3.132864
      vertex -20.827002 32.323524 4.292593
      vertex -20.827002 34.050003 4.316432
    endloop
  endfacet
  facet normal 0.000000 0.499999 0.866026
    outer loop
      vertex -20.827002 32.000000 3.132864
      vertex -22.627001 32.000000 3.132864
      vertex -20.827002 29.949997 4.316432
    endloop
  endfacet
  facet normal 0.000000 -0.499999 0.866026
    outer loop
      vertex -20.827002 32.000000 3.132864
      vertex -22.627001 34.050003 4.316432
      vertex -22.627001 32.000000 3.132864
    endloop
  endfacet
  facet normal -1.000000 0.000000 0.000000
    outer loop
      vertex -24.226999 35.500000 2.000000
      vertex -24.226999 32.323524 4.292593
      vertex -24.226999 32.625000 4.417468
    endloop
  endfacet
  facet normal 1.000000 0.000000 0.000000
    outer loop
      vertex -22.627001 32.000000 3.132864
      vertex -22.627001 31.676476 4.292593
      vertex -22.627001 29.949997 4.316432
    endloop
  endfacet
  facet normal 1.000000 0.000000 -0.000000
    outer loop
      vertex -22.627001 32.000000 3.132864
      vertex -22.627001 32.000000 4.250000
      vertex -22.627001 31.676476 4.292593
    endloop
  endfacet
  facet normal 1.000000 0.000000 0.000000
    outer loop
      vertex -22.627001 32.000000 3.132864
      vertex -22.627001 32.323524 4.292593
      vertex -22.627001 32.000000 4.250000
    endloop
  endfacet
  facet normal 1.000000 0.000000 0.000000
    outer loop
      vertex -22.627001 32.000000 3.132864
      vertex -22.627001 34.050003 4.316432
      vertex -22.627001 32.323524 4.292593
    endloop
  endfacet
  facet normal 0.000000 -0.499999 0.866026
    outer loop
      vertex -20.827002 32.000000 3.132864
      vertex -20.827002 34.050003 4.316432
      vertex -22.627001 34.050003 4.316432
    endloop
  endfacet
  facet normal -1.000000 0.000000 0.000000
    outer loop
      vertex -24.226999 35.500000 2.000000
      vertex -24.226999 32.625000 4.417468
      vertex -24.226999 32.883881 4.616117
    endloop
  endfacet
  facet normal -1.000000 0.000000 0.000000
    outer loop
      vertex -24.226999 35.500000 2.000000
      vertex -24.226999 32.883881 4.616117
      vertex -24.226999 33.082535 4.875000
    endloop
  endfacet
  facet normal 0.000000 -0.000000 1.000000
    outer loop
      vertex -18.973001 25.299999 4.000000
      vertex -18.973001 28.500000 4.000000
      vertex -20.573000 28.500000 4.000000
    endloop
  endfacet
  facet normal -1.000000 0.000000 0.000000
    outer loop
      vertex -20.827002 29.949997 4.316432
      vertex -20.827002 31.116119 4.616117
      vertex -20.827002 31.375000 4.417468
    endloop
  endfacet
  facet normal -1.000000 0.000000 0.000000
    outer loop
      vertex -24.226999 28.500000 2.000000
      vertex -24.226999 30.792595 5.176476
      vertex -24.226999 30.917465 4.875000
    endloop
  endfacet
  facet normal 1.000000 -0.000000 0.000000
    outer loop
      vertex -22.627001 29.949997 4.316432
      vertex -22.627001 31.676476 4.292593
      vertex -22.627001 31.375000 4.417468
    endloop
  endfacet
  facet normal 1.000000 0.000000 0.000000
    outer loop
      vertex -22.627001 29.949997 4.316432
      vertex -22.627001 31.375000 4.417468
      vertex -22.627001 31.116119 4.616117
    endloop
  endfacet
  facet normal -1.000000 0.000000 0.000000
    outer loop
      vertex -20.827002 32.000000 3.132864
      vertex -20.827002 29.949997 4.316432
      vertex -20.827002 31.375000 4.417468
    endloop
  endfacet
  facet normal -1.000000 0.000000 0.000000
    outer loop
      vertex -20.827002 32.000000 3.132864
      vertex -20.827002 31.375000 4.417468
      vertex -20.827002 31.676476 4.292593
    endloop
  endfacet
  facet normal 0.000000 0.130525 0.991445
    outer loop
      vertex -15.226999 31.676476 4.292593
      vertex -20.827002 32.000000 4.250000
      vertex -20.827002 31.676476 4.292593
    endloop
  endfacet
  facet normal 0.000000 -0.130525 0.991445
    outer loop
      vertex -15.226999 32.000000 4.250000
      vertex -20.827002 32.323524 4.292593
      vertex -20.827002 32.000000 4.250000
    endloop
  endfacet
  facet normal 0.000000 -0.382684 0.923879
    outer loop
      vertex -15.226999 32.323524 4.292593
      vertex -20.827002 32.625000 4.417468
      vertex -20.827002 32.323524 4.292593
    endloop
  endfacet
  facet normal 0.000000 0.382684 0.923879
    outer loop
      vertex -15.226999 31.375000 4.417468
      vertex -20.827002 31.676476 4.292593
      vertex -20.827002 31.375000 4.417468
    endloop
  endfacet
  facet normal 0.000000 -0.608766 0.793350
    outer loop
      vertex -15.226999 32.625000 4.417468
      vertex -20.827002 32.883881 4.616117
      vertex -20.827002 32.625000 4.417468
    endloop
  endfacet
  facet normal -1.000000 0.000000 0.000000
    outer loop
      vertex -20.827002 32.323524 4.292593
      vertex -20.827002 32.625000 4.417468
      vertex -20.827002 34.050003 4.316432
    endloop
  endfacet
  facet normal -1.000000 0.000000 0.000000
    outer loop
      vertex -20.827002 32.625000 4.417468
      vertex -20.827002 32.883881 4.616117
      vertex -20.827002 34.050003 4.316432
    endloop
  endfacet
  facet normal 0.000000 1.000000 -0.000000
    outer loop
      vertex -15.226999 35.500000 2.000000
      vertex -24.226999 35.500000 2.000000
      vertex -15.226999 35.500000 9.000000
    endloop
  endfacet
  facet normal -1.000000 0.000000 0.000000
    outer loop
      vertex -24.226999 35.500000 2.000000
      vertex -24.226999 33.082535 4.875000
      vertex -24.226999 33.207405 5.176476
    endloop
  endfacet
  facet normal 1.000000 0.000000 0.000000
    outer loop
      vertex -22.627001 32.323524 4.292593
      vertex -22.627001 34.050003 4.316432
      vertex -22.627001 32.625000 4.417468
    endloop
  endfacet
  facet normal 1.000000 -0.000000 0.000000
    outer loop
      vertex -22.627001 32.625000 4.417468
      vertex -22.627001 34.050003 4.316432
      vertex -22.627001 32.883881 4.616117
    endloop
  endfacet
  facet normal 0.000000 0.130525 0.991445
    outer loop
      vertex -22.627001 32.000000 4.250000
      vertex -24.226999 32.000000 4.250000
      vertex -22.627001 31.676476 4.292593
    endloop
  endfacet
  facet normal 0.000000 0.382684 0.923879
    outer loop
      vertex -22.627001 31.676476 4.292593
      vertex -24.226999 31.676476 4.292593
      vertex -22.627001 31.375000 4.417468
    endloop
  endfacet
  facet normal 0.000000 0.130525 0.991445
    outer loop
      vertex -22.627001 31.676476 4.292593
      vertex -24.226999 32.000000 4.250000
      vertex -24.226999 31.676476 4.292593
    endloop
  endfacet
  facet normal 0.000000 -0.130525 0.991445
    outer loop
      vertex -22.627001 32.000000 4.250000
      vertex -24.226999 32.323524 4.292593
      vertex -24.226999 32.000000 4.250000
    endloop
  endfacet
  facet normal 0.000000 -0.130525 0.991445
    outer loop
      vertex -22.627001 32.000000 4.250000
      vertex -22.627001 32.323524 4.292593
      vertex -24.226999 32.323524 4.292593
    endloop
  endfacet
  facet normal 0.000000 -0.382684 0.923879
    outer loop
      vertex -22.627001 32.323524 4.292593
      vertex -24.226999 32.625000 4.417468
      vertex -24.226999 32.323524 4.292593
    endloop
  endfacet
  facet normal 0.000000 0.608766 0.793350
    outer loop
      vertex -22.627001 31.375000 4.417468
      vertex -24.226999 31.375000 4.417468
      vertex -22.627001 31.116119 4.616117
    endloop
  endfacet
  facet normal 0.000000 0.382684 0.923879
    outer loop
      vertex -22.627001 31.375000 4.417468
      vertex -24.226999 31.676476 4.292593
      vertex -24.226999 31.375000 4.417468
    endloop
  endfacet
  facet normal 0.000000 -0.382684 0.923879
    outer loop
      vertex -22.627001 32.323524 4.292593
      vertex -22.627001 32.625000 4.417468
      vertex -24.226999 32.625000 4.417468
    endloop
  endfacet
  facet normal 0.000000 -0.608766 0.793350
    outer loop
      vertex -22.627001 32.625000 4.417468
      vertex -24.226999 32.883881 4.616117
      vertex -24.226999 32.625000 4.417468
    endloop
  endfacet
  facet normal -1.000000 0.000000 0.000000
    outer loop
      vertex -24.226999 35.500000 2.000000
      vertex -24.226999 33.207405 5.176476
      vertex -24.226999 33.250000 5.500000
    endloop
  endfacet
  facet normal -1.000000 0.000000 0.000000
    outer loop
      vertex -24.226999 35.500000 2.000000
      vertex -24.226999 33.250000 5.500000
      vertex -24.226999 33.207405 5.823524
    endloop
  endfacet
  facet normal 0.000000 0.991445 -0.130526
    outer loop
      vertex 21.026999 -33.000000 4.506000
      vertex 14.026999 -33.000000 4.506000
      vertex 21.026999 -32.957407 4.829524
    endloop
  endfacet
  facet normal 1.000000 0.000000 0.000000
    outer loop
      vertex 21.026999 -34.500000 2.000000
      vertex 21.026999 -32.957407 4.829524
      vertex 21.026999 -34.500000 8.006000
    endloop
  endfacet
  facet normal 0.000000 0.923879 -0.382684
    outer loop
      vertex 21.026999 -32.957407 4.829524
      vertex 14.026999 -32.957407 4.829524
      vertex 21.026999 -32.832532 5.131000
    endloop
  endfacet
  facet normal 0.000000 -0.991445 -0.130526
    outer loop
      vertex 21.026999 -30.500000 4.506000
      vertex 21.026999 -30.542593 4.829524
      vertex 14.026999 -30.542593 4.829524
    endloop
  endfacet
  facet normal 1.000000 0.000000 0.000000
    outer loop
      vertex 21.026999 -30.542593 4.182476
      vertex 21.026999 -29.890000 6.216000
      vertex 21.026999 -30.500000 4.506000
    endloop
  endfacet
  facet normal 0.000000 -0.923879 -0.382684
    outer loop
      vertex 21.026999 -30.542593 4.829524
      vertex 21.026999 -30.667468 5.131000
      vertex 14.026999 -30.667468 5.131000
    endloop
  endfacet
  facet normal 0.000000 0.793353 -0.608761
    outer loop
      vertex 21.026999 -32.832532 5.131000
      vertex 14.026999 -32.832532 5.131000
      vertex 21.026999 -32.633883 5.389884
    endloop
  endfacet
  facet normal 0.000000 0.608762 -0.793353
    outer loop
      vertex 21.026999 -32.633883 5.389884
      vertex 14.026999 -32.633883 5.389884
      vertex 21.026999 -32.375000 5.588532
    endloop
  endfacet
  facet normal 1.000000 0.000000 -0.000000
    outer loop
      vertex 21.026999 -30.500000 4.506000
      vertex 21.026999 -29.890000 6.216000
      vertex 21.026999 -30.542593 4.829524
    endloop
  endfacet
  facet normal 0.000000 -0.793353 -0.608762
    outer loop
      vertex 21.026999 -30.667468 5.131000
      vertex 21.026999 -30.866117 5.389884
      vertex 14.026999 -30.866117 5.389884
    endloop
  endfacet
  facet normal 1.000000 0.000000 -0.000000
    outer loop
      vertex 21.026999 -30.542593 4.829524
      vertex 21.026999 -29.890000 6.216000
      vertex 21.026999 -30.667468 5.131000
    endloop
  endfacet
  facet normal 1.000000 0.000000 0.000000
    outer loop
      vertex 21.026999 -30.542593 4.182476
      vertex 21.026999 -29.000000 6.216000
      vertex 21.026999 -29.890000 6.216000
    endloop
  endfacet
  facet normal -0.000000 -0.608762 -0.793353
    outer loop
      vertex 21.026999 -31.125000 5.588532
      vertex 14.026999 -31.125000 5.588532
      vertex 21.026999 -30.866117 5.389884
    endloop
  endfacet
  facet normal 0.000000 0.991445 -0.130526
    outer loop
      vertex 21.026999 -32.957407 4.829524
      vertex 14.026999 -33.000000 4.506000
      vertex 14.026999 -32.957407 4.829524
    endloop
  endfacet
  facet normal 0.000000 0.923879 -0.382684
    outer loop
      vertex 21.026999 -32.832532 5.131000
      vertex 14.026999 -32.957407 4.829524
      vertex 14.026999 -32.832532 5.131000
    endloop
  endfacet
  facet normal 0.000000 1.000000 0.000000
    outer loop
      vertex 12.226999 -33.800000 3.322432
      vertex 12.226999 -33.800000 5.689568
      vertex 14.026999 -33.800000 5.689568
    endloop
  endfacet
  facet normal -1.000000 0.000000 0.000000
    outer loop
      vertex 14.026999 -32.957407 4.182476
      vertex 14.026999 -33.800000 5.689568
      vertex 14.026999 -33.000000 4.506000
    endloop
  endfacet
  facet normal -1.000000 0.000000 0.000000
    outer loop
      vertex 14.026999 -33.000000 4.506000
      vertex 14.026999 -33.800000 5.689568
      vertex 14.026999 -32.957407 4.829524
    endloop
  endfacet
  facet normal -0.000000 -0.991445 -0.130526
    outer loop
      vertex 21.026999 -30.500000 4.506000
      vertex 14.026999 -30.542593 4.829524
      vertex 14.026999 -30.500000 4.506000
    endloop
  endfacet
  facet normal 0.000000 1.000000 0.000000
    outer loop
      vertex 12.226999 -29.000000 2.000000
      vertex 12.226999 -29.000000 6.216000
      vertex 21.026999 -29.000000 6.216000
    endloop
  endfacet
  facet normal -0.000000 -0.923879 -0.382684
    outer loop
      vertex 21.026999 -30.542593 4.829524
      vertex 14.026999 -30.667468 5.131000
      vertex 14.026999 -30.542593 4.829524
    endloop
  endfacet
  facet normal -1.000000 0.000000 0.000000
    outer loop
      vertex 14.026999 -29.700000 3.322432
      vertex 14.026999 -30.542593 4.829524
      vertex 14.026999 -29.700000 5.689568
    endloop
  endfacet
  facet normal -1.000000 0.000000 0.000000
    outer loop
      vertex 12.226999 -29.000000 2.000000
      vertex 12.226999 -29.700000 5.689568
      vertex 12.226999 -29.000000 6.216000
    endloop
  endfacet
  facet normal 0.000000 -1.000000 0.000000
    outer loop
      vertex 14.026999 -29.700000 3.322432
      vertex 14.026999 -29.700000 5.689568
      vertex 12.226999 -29.700000 5.689568
    endloop
  endfacet
  facet normal 0.000000 0.793353 -0.608761
    outer loop
      vertex 21.026999 -32.633883 5.389884
      vertex 14.026999 -32.832532 5.131000
      vertex 14.026999 -32.633883 5.389884
    endloop
  endfacet
  facet normal 0.000000 0.608762 -0.793353
    outer loop
      vertex 21.026999 -32.375000 5.588532
      vertex 14.026999 -32.633883 5.389884
      vertex 14.026999 -32.375000 5.588532
    endloop
  endfacet
  facet normal -1.000000 0.000000 0.000000
    outer loop
      vertex 14.026999 -32.957407 4.829524
      vertex 14.026999 -33.800000 5.689568
      vertex 14.026999 -32.832532 5.131000
    endloop
  endfacet
  facet normal -1.000000 0.000000 0.000000
    outer loop
      vertex 14.026999 -32.832532 5.131000
      vertex 14.026999 -33.800000 5.689568
      vertex 14.026999 -32.633883 5.389884
    endloop
  endfacet
  facet normal -1.000000 0.000000 0.000000
    outer loop
      vertex 14.026999 -32.633883 5.389884
      vertex 14.026999 -33.800000 5.689568
      vertex 14.026999 -32.375000 5.588532
    endloop
  endfacet
  facet normal -0.000000 -0.793353 -0.608762
    outer loop
      vertex 21.026999 -30.667468 5.131000
      vertex 14.026999 -30.866117 5.389884
      vertex 14.026999 -30.667468 5.131000
    endloop
  endfacet
  facet normal -0.000000 -0.608762 -0.793353
    outer loop
      vertex 21.026999 -30.866117 5.389884
      vertex 14.026999 -31.125000 5.588532
      vertex 14.026999 -30.866117 5.389884
    endloop
  endfacet
  facet normal -1.000000 0.000000 0.000000
    outer loop
      vertex 14.026999 -30.542593 4.829524
      vertex 14.026999 -30.667468 5.131000
      vertex 14.026999 -29.700000 5.689568
    endloop
  endfacet
  facet normal -1.000000 0.000000 0.000000
    outer loop
      vertex 14.026999 -30.667468 5.131000
      vertex 14.026999 -30.866117 5.389884
      vertex 14.026999 -29.700000 5.689568
    endloop
  endfacet
  facet normal -1.000000 0.000000 0.000000
    outer loop
      vertex 14.026999 -31.125000 5.588532
      vertex 14.026999 -29.700000 5.689568
      vertex 14.026999 -30.866117 5.389884
    endloop
  endfacet
  facet normal 0.000000 0.382684 -0.923879
    outer loop
      vertex 21.026999 -32.375000 5.588532
      vertex 14.026999 -32.375000 5.588532
      vertex 21.026999 -32.073524 5.713408
    endloop
  endfacet
  facet normal 0.000000 -0.382684 -0.923879
    outer loop
      vertex 21.026999 -31.125000 5.588532
      vertex 21.026999 -31.426476 5.713408
      vertex 14.026999 -31.426476 5.713408
    endloop
  endfacet
  facet normal 0.000000 0.130526 -0.991445
    outer loop
      vertex 21.026999 -32.073524 5.713408
      vertex 14.026999 -32.073524 5.713408
      vertex 21.026999 -31.750000 5.756000
    endloop
  endfacet
  facet normal -0.000000 -0.130526 -0.991445
    outer loop
      vertex 21.026999 -31.750000 5.756000
      vertex 14.026999 -31.750000 5.756000
      vertex 21.026999 -31.426476 5.713408
    endloop
  endfacet
  facet normal 1.000000 0.000000 -0.000000
    outer loop
      vertex 21.026999 -32.957407 4.829524
      vertex 21.026999 -32.832532 5.131000
      vertex 21.026999 -34.500000 8.006000
    endloop
  endfacet
  facet normal 1.000000 0.000000 -0.000000
    outer loop
      vertex 21.026999 -32.832532 5.131000
      vertex 21.026999 -32.633883 5.389884
      vertex 21.026999 -34.500000 8.006000
    endloop
  endfacet
  facet normal 1.000000 0.000000 -0.000000
    outer loop
      vertex 21.026999 -30.667468 5.131000
      vertex 21.026999 -29.890000 8.006000
      vertex 21.026999 -30.866117 5.389884
    endloop
  endfacet
  facet normal 1.000000 0.000000 -0.000000
    outer loop
      vertex 21.026999 -32.633883 5.389884
      vertex 21.026999 -32.375000 5.588532
      vertex 21.026999 -34.500000 8.006000
    endloop
  endfacet
  facet normal 1.000000 0.000000 -0.000000
    outer loop
      vertex 21.026999 -32.375000 5.588532
      vertex 21.026999 -32.073524 5.713408
      vertex 21.026999 -34.500000 8.006000
    endloop
  endfacet
  facet normal 1.000000 0.000000 -0.000000
    outer loop
      vertex 21.026999 -32.073524 5.713408
      vertex 21.026999 -31.750000 5.756000
      vertex 21.026999 -34.500000 8.006000
    endloop
  endfacet
  facet normal 1.000000 -0.000000 -0.000000
    outer loop
      vertex 21.026999 -31.750000 5.756000
      vertex 21.026999 -31.426476 5.713408
      vertex 21.026999 -34.500000 8.006000
    endloop
  endfacet
  facet normal 1.000000 -0.000000 0.000000
    outer loop
      vertex 21.026999 -31.125000 5.588532
      vertex 21.026999 -30.866117 5.389884
      vertex 21.026999 -29.890000 8.006000
    endloop
  endfacet
  facet normal 1.000000 0.000000 -0.000000
    outer loop
      vertex 21.026999 -31.125000 5.588532
      vertex 21.026999 -29.890000 8.006000
      vertex 21.026999 -31.426476 5.713408
    endloop
  endfacet
  facet normal 1.000000 0.000000 0.000000
    outer loop
      vertex 21.026999 -30.667468 5.131000
      vertex 21.026999 -29.890000 6.216000
      vertex 21.026999 -29.890000 8.006000
    endloop
  endfacet
  facet normal 0.000000 0.382684 -0.923879
    outer loop
      vertex 14.026999 -32.375000 5.588532
      vertex 14.026999 -32.073524 5.713408
      vertex 21.026999 -32.073524 5.713408
    endloop
  endfacet
  facet normal -0.000000 -0.382684 -0.923879
    outer loop
      vertex 21.026999 -31.125000 5.588532
      vertex 14.026999 -31.426476 5.713408
      vertex 14.026999 -31.125000 5.588532
    endloop
  endfacet
  facet normal 0.000000 0.130526 -0.991445
    outer loop
      vertex 21.026999 -31.750000 5.756000
      vertex 14.026999 -32.073524 5.713408
      vertex 14.026999 -31.750000 5.756000
    endloop
  endfacet
  facet normal -0.000000 -0.130526 -0.991445
    outer loop
      vertex 21.026999 -31.426476 5.713408
      vertex 14.026999 -31.750000 5.756000
      vertex 14.026999 -31.426476 5.713408
    endloop
  endfacet
  facet normal 0.000000 -1.000000 0.000000
    outer loop
      vertex 21.026999 -34.500000 2.000000
      vertex 21.026999 -34.500000 8.006000
      vertex 12.226999 -34.500000 8.006000
    endloop
  endfacet
  facet normal -1.000000 0.000000 0.000000
    outer loop
      vertex 12.226999 -33.800000 3.322432
      vertex 12.226999 -34.500000 8.006000
      vertex 12.226999 -33.800000 5.689568
    endloop
  endfacet
  facet normal -1.000000 0.000000 0.000000
    outer loop
      vertex 14.026999 -32.375000 5.588532
      vertex 14.026999 -33.800000 5.689568
      vertex 14.026999 -31.750000 6.873136
    endloop
  endfacet
  facet normal -1.000000 0.000000 0.000000
    outer loop
      vertex 14.026999 -32.375000 5.588532
      vertex 14.026999 -31.750000 6.873136
      vertex 14.026999 -32.073524 5.713408
    endloop
  endfacet
  facet normal -1.000000 0.000000 0.000000
    outer loop
      vertex 14.026999 -32.073524 5.713408
      vertex 14.026999 -31.750000 6.873136
      vertex 14.026999 -31.750000 5.756000
    endloop
  endfacet
  facet normal -1.000000 0.000000 0.000000
    outer loop
      vertex 14.026999 -31.750000 5.756000
      vertex 14.026999 -31.750000 6.873136
      vertex 14.026999 -31.426476 5.713408
    endloop
  endfacet
  facet normal 0.000000 0.500000 -0.866025
    outer loop
      vertex 14.026999 -33.800000 5.689568
      vertex 12.226999 -33.800000 5.689568
      vertex 14.026999 -31.750000 6.873136
    endloop
  endfacet
  facet normal -1.000000 0.000000 0.000000
    outer loop
      vertex 14.026999 -31.125000 5.588532
      vertex 14.026999 -31.426476 5.713408
      vertex 14.026999 -29.700000 5.689568
    endloop
  endfacet
  facet normal -1.000000 0.000000 0.000000
    outer loop
      vertex 14.026999 -31.426476 5.713408
      vertex 14.026999 -31.750000 6.873136
      vertex 14.026999 -29.700000 5.689568
    endloop
  endfacet
  facet normal -1.000000 0.000000 0.000000
    outer loop
      vertex 12.226999 -29.700000 5.689568
      vertex 12.226999 -29.890000 6.216000
      vertex 12.226999 -29.000000 6.216000
    endloop
  endfacet
  facet normal -0.000000 -0.500000 -0.866025
    outer loop
      vertex 14.026999 -29.700000 5.689568
      vertex 12.226999 -31.750000 6.873136
      vertex 12.226999 -29.700000 5.689568
    endloop
  endfacet
  facet normal 0.000000 0.500000 -0.866025
    outer loop
      vertex 12.226999 -33.800000 5.689568
      vertex 12.226999 -31.750000 6.873136
      vertex 14.026999 -31.750000 6.873136
    endloop
  endfacet
  facet normal 0.000000 -0.500000 -0.866025
    outer loop
      vertex 14.026999 -29.700000 5.689568
      vertex 14.026999 -31.750000 6.873136
      vertex 12.226999 -31.750000 6.873136
    endloop
  endfacet
  facet normal 0.000000 -0.000000 1.000000
    outer loop
      vertex 21.026999 -29.890000 6.216000
      vertex 21.026999 -29.000000 6.216000
      vertex 12.226999 -29.890000 6.216000
    endloop
  endfacet
  facet normal 0.000000 0.000000 1.000000
    outer loop
      vertex 21.026999 -29.000000 6.216000
      vertex 12.226999 -29.000000 6.216000
      vertex 12.226999 -29.890000 6.216000
    endloop
  endfacet
  facet normal -1.000000 0.000000 0.000000
    outer loop
      vertex 12.226999 -29.700000 5.689568
      vertex 12.226999 -31.750000 6.873136
      vertex 12.226999 -29.890000 6.216000
    endloop
  endfacet
  facet normal -1.000000 0.000000 0.000000
    outer loop
      vertex 6.126999 -5.367136 4.500000
      vertex 6.126999 -4.207409 4.823524
      vertex 6.126999 -4.250000 4.500000
    endloop
  endfacet
  facet normal -1.000000 0.000000 0.000000
    outer loop
      vertex 6.126999 -5.367136 4.500000
      vertex 6.126999 -4.082531 5.125000
      vertex 6.126999 -4.207409 4.823524
    endloop
  endfacet
  facet normal 0.000000 0.991446 -0.130521
    outer loop
      vertex 10.827000 -4.250000 4.500000
      vertex 6.126999 -4.250000 4.500000
      vertex 10.827000 -4.207409 4.823524
    endloop
  endfacet
  facet normal 0.000000 -0.991446 -0.130521
    outer loop
      vertex 10.827000 -1.750000 4.500000
      vertex 10.827000 -1.792591 4.823524
      vertex 6.126999 -1.792591 4.823524
    endloop
  endfacet
  facet normal 0.000000 0.923877 -0.382690
    outer loop
      vertex 10.827000 -4.207409 4.823524
      vertex 6.126999 -4.207409 4.823524
      vertex 10.827000 -4.082531 5.125000
    endloop
  endfacet
  facet normal 1.000000 0.000000 0.000000
    outer loop
      vertex 10.827000 -0.299999 4.000000
      vertex 10.827000 0.000000 4.000000
      vertex 10.827000 0.000000 7.000000
    endloop
  endfacet
  facet normal 0.000000 -0.923877 -0.382690
    outer loop
      vertex 10.827000 -1.792591 4.823524
      vertex 10.827000 -1.917469 5.125000
      vertex 6.126999 -1.917469 5.125000
    endloop
  endfacet
  facet normal 0.000000 0.991446 -0.130521
    outer loop
      vertex 10.827000 -4.207409 4.823524
      vertex 6.126999 -4.250000 4.500000
      vertex 6.126999 -4.207409 4.823524
    endloop
  endfacet
  facet normal -0.000000 -0.991446 -0.130521
    outer loop
      vertex 10.827000 -1.750000 4.500000
      vertex 6.126999 -1.792591 4.823524
      vertex 6.126999 -1.750000 4.500000
    endloop
  endfacet
  facet normal 0.000000 0.923877 -0.382690
    outer loop
      vertex 6.126999 -4.207409 4.823524
      vertex 6.126999 -4.082531 5.125000
      vertex 10.827000 -4.082531 5.125000
    endloop
  endfacet
  facet normal -0.000000 -0.923877 -0.382690
    outer loop
      vertex 10.827000 -1.792591 4.823524
      vertex 6.126999 -1.917469 5.125000
      vertex 6.126999 -1.792591 4.823524
    endloop
  endfacet
  facet normal -1.000000 0.000000 0.000000
    outer loop
      vertex 6.126999 -0.299999 4.000000
      vertex 6.126999 0.000000 6.550000
      vertex 6.126999 0.000000 4.000000
    endloop
  endfacet
  facet normal -1.000000 0.000000 0.000000
    outer loop
      vertex 6.126999 -0.299999 4.000000
      vertex 6.126999 -1.792591 4.176476
      vertex 6.126999 0.000000 6.550000
    endloop
  endfacet
  facet normal 1.000000 0.000000 0.000000
    outer loop
      vertex 10.827000 -4.207409 4.176476
      vertex 10.827000 -4.250000 4.500000
      vertex 10.827000 -6.000000 7.000000
    endloop
  endfacet
  facet normal 1.000000 0.000000 -0.000000
    outer loop
      vertex 10.827000 -4.250000 4.500000
      vertex 10.827000 -4.207409 4.823524
      vertex 10.827000 -6.000000 7.000000
    endloop
  endfacet
  facet normal 0.000000 -1.000000 0.000000
    outer loop
      vertex 10.827000 -6.000000 2.000000
      vertex 10.827000 -6.000000 7.000000
      vertex 2.827000 -6.000000 7.000000
    endloop
  endfacet
  facet normal -1.000000 0.000000 0.000000
    outer loop
      vertex 6.126999 -5.367136 4.500000
      vertex 6.126999 -4.183567 6.550000
      vertex 6.126999 -4.082531 5.125000
    endloop
  endfacet
  facet normal 0.000000 0.793356 -0.608758
    outer loop
      vertex 10.827000 -4.082531 5.125000
      vertex 6.126999 -4.082531 5.125000
      vertex 10.827000 -3.883884 5.383883
    endloop
  endfacet
  facet normal 1.000000 0.000000 -0.000000
    outer loop
      vertex 10.827000 -0.299999 4.000000
      vertex 10.827000 0.000000 7.000000
      vertex 10.827000 -1.792591 4.823524
    endloop
  endfacet
  facet normal 0.000000 -0.793356 -0.608758
    outer loop
      vertex 10.827000 -1.917469 5.125000
      vertex 10.827000 -2.116116 5.383883
      vertex 6.126999 -2.116116 5.383883
    endloop
  endfacet
  facet normal 0.000000 0.608760 -0.793354
    outer loop
      vertex 10.827000 -3.883884 5.383883
      vertex 6.126999 -3.883884 5.383883
      vertex 10.827000 -3.625000 5.582532
    endloop
  endfacet
  facet normal 0.000000 0.382684 -0.923879
    outer loop
      vertex 10.827000 -3.625000 5.582532
      vertex 6.126999 -3.625000 5.582532
      vertex 10.827000 -3.323524 5.707407
    endloop
  endfacet
  facet normal -0.000000 -0.608760 -0.793354
    outer loop
      vertex 10.827000 -2.375000 5.582532
      vertex 6.126999 -2.375000 5.582532
      vertex 10.827000 -2.116116 5.383883
    endloop
  endfacet
  facet normal 0.000000 0.793356 -0.608758
    outer loop
      vertex 10.827000 -3.883884 5.383883
      vertex 6.126999 -4.082531 5.125000
      vertex 6.126999 -3.883884 5.383883
    endloop
  endfacet
  facet normal -0.000000 -0.793356 -0.608758
    outer loop
      vertex 10.827000 -1.917469 5.125000
      vertex 6.126999 -2.116116 5.383883
      vertex 6.126999 -1.917469 5.125000
    endloop
  endfacet
  facet normal -1.000000 0.000000 0.000000
    outer loop
      vertex 6.126999 -1.792591 4.176476
      vertex 6.126999 -1.750000 4.500000
      vertex 6.126999 0.000000 6.550000
    endloop
  endfacet
  facet normal -1.000000 0.000000 0.000000
    outer loop
      vertex 6.126999 -1.750000 4.500000
      vertex 6.126999 -1.792591 4.823524
      vertex 6.126999 0.000000 6.550000
    endloop
  endfacet
  facet normal 0.000000 0.608760 -0.793354
    outer loop
      vertex 10.827000 -3.625000 5.582532
      vertex 6.126999 -3.883884 5.383883
      vertex 6.126999 -3.625000 5.582532
    endloop
  endfacet
  facet normal -0.000000 -0.382684 -0.923879
    outer loop
      vertex 10.827000 -2.375000 5.582532
      vertex 6.126999 -2.676476 5.707407
      vertex 6.126999 -2.375000 5.582532
    endloop
  endfacet
  facet normal -0.000000 -0.608760 -0.793354
    outer loop
      vertex 10.827000 -2.116116 5.383883
      vertex 6.126999 -2.375000 5.582532
      vertex 6.126999 -2.116116 5.383883
    endloop
  endfacet
  facet normal -1.000000 0.000000 0.000000
    outer loop
      vertex 6.126999 -1.792591 4.823524
      vertex 6.126999 -1.917469 5.125000
      vertex 6.126999 0.000000 6.550000
    endloop
  endfacet
  facet normal 1.000000 0.000000 0.000000
    outer loop
      vertex 4.427000 -5.367136 4.500000
      vertex 4.427000 -4.250000 4.500000
      vertex 4.427000 -4.207409 4.823524
    endloop
  endfacet
  facet normal 1.000000 0.000000 0.000000
    outer loop
      vertex 4.427000 -5.367136 4.500000
      vertex 4.427000 -4.207409 4.823524
      vertex 4.427000 -4.082531 5.125000
    endloop
  endfacet
  facet normal -1.000000 0.000000 0.000000
    outer loop
      vertex 2.827000 -6.000000 2.000000
      vertex 2.827000 -6.000000 7.000000
      vertex 2.827000 -4.207409 4.823524
    endloop
  endfacet
  facet normal 0.000000 0.991446 -0.130521
    outer loop
      vertex 4.427000 -4.250000 4.500000
      vertex 2.827000 -4.250000 4.500000
      vertex 4.427000 -4.207409 4.823524
    endloop
  endfacet
  facet normal 0.000000 0.991446 -0.130521
    outer loop
      vertex 4.427000 -4.207409 4.823524
      vertex 2.827000 -4.250000 4.500000
      vertex 2.827000 -4.207409 4.823524
    endloop
  endfacet
  facet normal -0.000000 -0.991446 -0.130521
    outer loop
      vertex 4.427000 -1.750000 4.500000
      vertex 2.827000 -1.792591 4.823524
      vertex 2.827000 -1.750000 4.500000
    endloop
  endfacet
  facet normal 0.000000 -0.991446 -0.130521
    outer loop
      vertex 4.427000 -1.750000 4.500000
      vertex 4.427000 -1.792591 4.823524
      vertex 2.827000 -1.792591 4.823524
    endloop
  endfacet
  facet normal 0.000000 0.923877 -0.382690
    outer loop
      vertex 4.427000 -4.207409 4.823524
      vertex 2.827000 -4.207409 4.823524
      vertex 4.427000 -4.082531 5.125000
    endloop
  endfacet
  facet normal 0.000000 0.923877 -0.382690
    outer loop
      vertex 2.827000 -4.207409 4.823524
      vertex 2.827000 -4.082531 5.125000
      vertex 4.427000 -4.082531 5.125000
    endloop
  endfacet
  facet normal 1.000000 0.000000 0.000000
    outer loop
      vertex 4.427000 -0.299999 4.000000
      vertex 4.427000 0.000000 4.000000
      vertex 4.427000 0.000000 6.550000
    endloop
  endfacet
  facet normal 0.000000 -0.923877 -0.382690
    outer loop
      vertex 4.427000 -1.792591 4.823524
      vertex 4.427000 -1.917469 5.125000
      vertex 2.827000 -1.917469 5.125000
    endloop
  endfacet
  facet normal -0.000000 -0.923877 -0.382690
    outer loop
      vertex 4.427000 -1.792591 4.823524
      vertex 2.827000 -1.917469 5.125000
      vertex 2.827000 -1.792591 4.823524
    endloop
  endfacet
  facet normal 0.000000 0.866025 -0.500000
    outer loop
      vertex 6.126999 -5.367136 4.500000
      vertex 4.427000 -5.367136 4.500000
      vertex 4.427000 -4.183567 6.550000
    endloop
  endfacet
  facet normal 1.000000 0.000000 0.000000
    outer loop
      vertex 4.427000 -5.367136 4.500000
      vertex 4.427000 -4.082531 5.125000
      vertex 4.427000 -4.183567 6.550000
    endloop
  endfacet
  facet normal 0.000000 0.793356 -0.608758
    outer loop
      vertex 4.427000 -4.082531 5.125000
      vertex 2.827000 -4.082531 5.125000
      vertex 4.427000 -3.883884 5.383883
    endloop
  endfacet
  facet normal 0.000000 0.793356 -0.608758
    outer loop
      vertex 4.427000 -3.883884 5.383883
      vertex 2.827000 -4.082531 5.125000
      vertex 2.827000 -3.883884 5.383883
    endloop
  endfacet
  facet normal 0.000000 -0.793356 -0.608758
    outer loop
      vertex 4.427000 -1.917469 5.125000
      vertex 4.427000 -2.116116 5.383883
      vertex 2.827000 -2.116116 5.383883
    endloop
  endfacet
  facet normal -0.000000 -0.793356 -0.608758
    outer loop
      vertex 4.427000 -1.917469 5.125000
      vertex 2.827000 -2.116116 5.383883
      vertex 2.827000 -1.917469 5.125000
    endloop
  endfacet
  facet normal 1.000000 0.000000 -0.000000
    outer loop
      vertex 4.427000 -0.299999 4.000000
      vertex 4.427000 0.000000 6.550000
      vertex 4.427000 -1.917469 5.125000
    endloop
  endfacet
  facet normal 0.000000 0.608760 -0.793354
    outer loop
      vertex 4.427000 -3.883884 5.383883
      vertex 2.827000 -3.883884 5.383883
      vertex 4.427000 -3.625000 5.582532
    endloop
  endfacet
  facet normal 0.000000 0.382684 -0.923879
    outer loop
      vertex 4.427000 -3.625000 5.582532
      vertex 2.827000 -3.625000 5.582532
      vertex 4.427000 -3.323524 5.707407
    endloop
  endfacet
  facet normal 0.000000 0.608760 -0.793354
    outer loop
      vertex 4.427000 -3.625000 5.582532
      vertex 2.827000 -3.883884 5.383883
      vertex 2.827000 -3.625000 5.582532
    endloop
  endfacet
  facet normal 1.000000 -0.000000 0.000000
    outer loop
      vertex 4.427000 -2.375000 5.582532
      vertex 4.427000 -2.116116 5.383883
      vertex 4.427000 -2.337463 5.647544
    endloop
  endfacet
  facet normal -0.000000 -0.608760 -0.793354
    outer loop
      vertex 4.427000 -2.375000 5.582532
      vertex 2.827000 -2.375000 5.582532
      vertex 4.427000 -2.116116 5.383883
    endloop
  endfacet
  facet normal -0.000000 -0.382684 -0.923879
    outer loop
      vertex 4.427000 -2.375000 5.582532
      vertex 2.827000 -2.676476 5.707407
      vertex 2.827000 -2.375000 5.582532
    endloop
  endfacet
  facet normal -0.000000 -0.608760 -0.793354
    outer loop
      vertex 4.427000 -2.116116 5.383883
      vertex 2.827000 -2.375000 5.582532
      vertex 2.827000 -2.116116 5.383883
    endloop
  endfacet
  facet normal -1.000000 0.000000 0.000000
    outer loop
      vertex 2.827000 -1.792591 4.176476
      vertex 2.827000 -1.750000 4.500000
      vertex 2.827000 0.000000 7.000000
    endloop
  endfacet
  facet normal -1.000000 0.000000 0.000000
    outer loop
      vertex 2.827000 -1.750000 4.500000
      vertex 2.827000 -1.792591 4.823524
      vertex 2.827000 0.000000 7.000000
    endloop
  endfacet
  facet normal 1.000000 0.000000 -0.000000
    outer loop
      vertex 10.827000 -4.207409 4.823524
      vertex 10.827000 -4.082531 5.125000
      vertex 10.827000 -6.000000 7.000000
    endloop
  endfacet
  facet normal 1.000000 0.000000 -0.000000
    outer loop
      vertex 10.827000 -4.082531 5.125000
      vertex 10.827000 -3.883884 5.383883
      vertex 10.827000 -6.000000 7.000000
    endloop
  endfacet
  facet normal 1.000000 0.000000 -0.000000
    outer loop
      vertex 10.827000 -3.883884 5.383883
      vertex 10.827000 -3.625000 5.582532
      vertex 10.827000 -6.000000 7.000000
    endloop
  endfacet
  facet normal 0.000000 -0.382684 -0.923879
    outer loop
      vertex 10.827000 -2.375000 5.582532
      vertex 10.827000 -2.676476 5.707407
      vertex 6.126999 -2.676476 5.707407
    endloop
  endfacet
  facet normal 0.000000 0.130525 -0.991445
    outer loop
      vertex 10.827000 -3.323524 5.707407
      vertex 6.126999 -3.323524 5.707407
      vertex 10.827000 -3.000000 5.750000
    endloop
  endfacet
  facet normal -0.000000 -0.130525 -0.991445
    outer loop
      vertex 10.827000 -3.000000 5.750000
      vertex 6.126999 -3.000000 5.750000
      vertex 10.827000 -2.676476 5.707407
    endloop
  endfacet
  facet normal 1.000000 0.000000 -0.000000
    outer loop
      vertex 10.827000 -1.792591 4.823524
      vertex 10.827000 0.000000 7.000000
      vertex 10.827000 -1.917469 5.125000
    endloop
  endfacet
  facet normal 1.000000 0.000000 -0.000000
    outer loop
      vertex 10.827000 -1.917469 5.125000
      vertex 10.827000 0.000000 7.000000
      vertex 10.827000 -2.116116 5.383883
    endloop
  endfacet
  facet normal 1.000000 0.000000 -0.000000
    outer loop
      vertex 10.827000 -3.625000 5.582532
      vertex 10.827000 -3.323524 5.707407
      vertex 10.827000 -6.000000 7.000000
    endloop
  endfacet
  facet normal 1.000000 0.000000 -0.000000
    outer loop
      vertex 10.827000 -3.323524 5.707407
      vertex 10.827000 -3.000000 5.750000
      vertex 10.827000 -6.000000 7.000000
    endloop
  endfacet
  facet normal 1.000000 -0.000000 -0.000000
    outer loop
      vertex 10.827000 -3.000000 5.750000
      vertex 10.827000 -2.676476 5.707407
      vertex 10.827000 -6.000000 7.000000
    endloop
  endfacet
  facet normal 1.000000 -0.000000 0.000000
    outer loop
      vertex 10.827000 -2.375000 5.582532
      vertex 10.827000 -2.116116 5.383883
      vertex 10.827000 0.000000 7.000000
    endloop
  endfacet
  facet normal 1.000000 0.000000 -0.000000
    outer loop
      vertex 10.827000 -2.375000 5.582532
      vertex 10.827000 0.000000 7.000000
      vertex 10.827000 -2.676476 5.707407
    endloop
  endfacet
  facet normal 0.000000 0.382684 -0.923879
    outer loop
      vertex 6.126999 -3.625000 5.582532
      vertex 6.126999 -3.323524 5.707407
      vertex 10.827000 -3.323524 5.707407
    endloop
  endfacet
  facet normal -0.000000 -0.130525 -0.991445
    outer loop
      vertex 10.827000 -2.676476 5.707407
      vertex 6.126999 -3.000000 5.750000
      vertex 6.126999 -2.676476 5.707407
    endloop
  endfacet
  facet normal 0.000000 0.130525 -0.991445
    outer loop
      vertex 10.827000 -3.000000 5.750000
      vertex 6.126999 -3.323524 5.707407
      vertex 6.126999 -3.000000 5.750000
    endloop
  endfacet
  facet normal -1.000000 0.000000 0.000000
    outer loop
      vertex 6.126999 -4.082531 5.125000
      vertex 6.126999 -4.183567 6.550000
      vertex 6.126999 -3.883884 5.383883
    endloop
  endfacet
  facet normal -1.000000 0.000000 0.000000
    outer loop
      vertex 6.126999 -3.883884 5.383883
      vertex 6.126999 -4.183567 6.550000
      vertex 6.126999 -3.625000 5.582532
    endloop
  endfacet
  facet normal -1.000000 0.000000 0.000000
    outer loop
      vertex 6.126999 -1.917469 5.125000
      vertex 6.126999 -2.116116 5.383883
      vertex 6.126999 0.000000 6.550000
    endloop
  endfacet
  facet normal -1.000000 0.000000 0.000000
    outer loop
      vertex 6.126999 -2.375000 5.582532
      vertex 6.126999 -1.816433 6.550000
      vertex 6.126999 -2.116116 5.383883
    endloop
  endfacet
  facet normal -1.000000 0.000000 0.000000
    outer loop
      vertex 6.126999 -3.625000 5.582532
      vertex 6.126999 -4.183567 6.550000
      vertex 6.126999 -3.323524 5.707407
    endloop
  endfacet
  facet normal -1.000000 0.000000 0.000000
    outer loop
      vertex 6.126999 -2.375000 5.582532
      vertex 6.126999 -2.676476 5.707407
      vertex 6.126999 -1.816433 6.550000
    endloop
  endfacet
  facet normal -1.000000 0.000000 0.000000
    outer loop
      vertex 6.126999 -3.323524 5.707407
      vertex 6.126999 -1.816433 6.550000
      vertex 6.126999 -3.000000 5.750000
    endloop
  endfacet
  facet normal -1.000000 0.000000 0.000000
    outer loop
      vertex 6.126999 -3.000000 5.750000
      vertex 6.126999 -1.816433 6.550000
      vertex 6.126999 -2.676476 5.707407
    endloop
  endfacet
  facet normal -1.000000 0.000000 0.000000
    outer loop
      vertex 6.126999 -2.116116 5.383883
      vertex 6.126999 -1.816433 6.550000
      vertex 6.126999 0.000000 6.550000
    endloop
  endfacet
  facet normal 1.000000 0.000000 -0.000000
    outer loop
      vertex 10.827000 -2.676476 5.707407
      vertex 10.827000 0.000000 7.000000
      vertex 10.827000 -6.000000 7.000000
    endloop
  endfacet
  facet normal -1.000000 0.000000 0.000000
    outer loop
      vertex 6.126999 -3.323524 5.707407
      vertex 6.126999 -4.183567 6.550000
      vertex 6.126999 -1.816433 6.550000
    endloop
  endfacet
  facet normal 0.000000 0.866025 -0.500000
    outer loop
      vertex 6.126999 -5.367136 4.500000
      vertex 4.427000 -4.183567 6.550000
      vertex 6.126999 -4.183567 6.550000
    endloop
  endfacet
  facet normal -1.000000 0.000000 0.000000
    outer loop
      vertex 2.827000 -4.207409 4.823524
      vertex 2.827000 -6.000000 7.000000
      vertex 2.827000 -4.082531 5.125000
    endloop
  endfacet
  facet normal -1.000000 0.000000 0.000000
    outer loop
      vertex 2.827000 -4.082531 5.125000
      vertex 2.827000 -6.000000 7.000000
      vertex 2.827000 -3.883884 5.383883
    endloop
  endfacet
  facet normal -1.000000 0.000000 0.000000
    outer loop
      vertex 2.827000 -3.883884 5.383883
      vertex 2.827000 -6.000000 7.000000
      vertex 2.827000 -3.625000 5.582532
    endloop
  endfacet
  facet normal 1.000000 0.000000 -0.000000
    outer loop
      vertex 4.427000 -4.082531 5.125000
      vertex 4.427000 -3.883884 5.383883
      vertex 4.427000 -4.183567 6.550000
    endloop
  endfacet
  facet normal 0.000000 0.382684 -0.923879
    outer loop
      vertex 2.827000 -3.625000 5.582532
      vertex 2.827000 -3.323524 5.707407
      vertex 4.427000 -3.323524 5.707407
    endloop
  endfacet
  facet normal 1.000000 0.000000 -0.000000
    outer loop
      vertex 4.427000 -2.375000 5.582532
      vertex 4.427000 -2.337463 5.647544
      vertex 4.427000 -2.676476 5.707407
    endloop
  endfacet
  facet normal 0.000000 -0.382684 -0.923879
    outer loop
      vertex 4.427000 -2.375000 5.582532
      vertex 4.427000 -2.676476 5.707407
      vertex 2.827000 -2.676476 5.707407
    endloop
  endfacet
  facet normal 0.000000 0.130525 -0.991445
    outer loop
      vertex 4.427000 -3.323524 5.707407
      vertex 2.827000 -3.323524 5.707407
      vertex 4.427000 -3.000000 5.750000
    endloop
  endfacet
  facet normal -0.000000 -0.130525 -0.991445
    outer loop
      vertex 4.427000 -3.000000 5.750000
      vertex 2.827000 -3.000000 5.750000
      vertex 4.427000 -2.676476 5.707407
    endloop
  endfacet
  facet normal 1.000000 0.000000 0.000000
    outer loop
      vertex 4.427000 -2.337463 5.647544
      vertex 4.427000 -2.504852 5.875548
      vertex 4.427000 -2.676476 5.707407
    endloop
  endfacet
  facet normal -0.000000 -0.130525 -0.991445
    outer loop
      vertex 4.427000 -2.676476 5.707407
      vertex 2.827000 -3.000000 5.750000
      vertex 2.827000 -2.676476 5.707407
    endloop
  endfacet
  facet normal 0.000000 0.130525 -0.991445
    outer loop
      vertex 4.427000 -3.000000 5.750000
      vertex 2.827000 -3.323524 5.707407
      vertex 2.827000 -3.000000 5.750000
    endloop
  endfacet
  facet normal 1.000000 0.000000 -0.000000
    outer loop
      vertex 4.427000 -3.883884 5.383883
      vertex 4.427000 -3.625000 5.582532
      vertex 4.427000 -4.183567 6.550000
    endloop
  endfacet
  facet normal 1.000000 -0.000000 0.000000
    outer loop
      vertex 4.427000 -3.000000 5.750000
      vertex 4.427000 -2.676476 5.707407
      vertex 4.427000 -3.000000 5.888285
    endloop
  endfacet
  facet normal 1.000000 0.000000 -0.000000
    outer loop
      vertex 4.427000 -2.676476 5.707407
      vertex 4.427000 -2.504852 5.875548
      vertex 4.427000 -3.000000 5.888285
    endloop
  endfacet
  facet normal 1.000000 0.000000 -0.000000
    outer loop
      vertex 4.427000 -1.917469 5.125000
      vertex 4.427000 0.000000 6.550000
      vertex 4.427000 -2.116116 5.383883
    endloop
  endfacet
  facet normal 1.000000 0.000000 -0.000000
    outer loop
      vertex 4.427000 -2.116116 5.383883
      vertex 4.427000 -1.816433 6.550000
      vertex 4.427000 -2.337463 5.647544
    endloop
  endfacet
  facet normal 1.000000 0.000000 -0.000000
    outer loop
      vertex 4.427000 -3.625000 5.582532
      vertex 4.427000 -3.323524 5.707407
      vertex 4.427000 -4.183567 6.550000
    endloop
  endfacet
  facet normal 1.000000 0.000000 -0.000000
    outer loop
      vertex 4.427000 -3.323524 5.707407
      vertex 4.427000 -3.000000 5.750000
      vertex 4.427000 -4.183567 6.550000
    endloop
  endfacet
  facet normal 1.000000 0.000000 -0.000000
    outer loop
      vertex 4.427000 -2.337463 5.647544
      vertex 4.427000 -1.816433 6.550000
      vertex 4.427000 -2.504852 5.875548
    endloop
  endfacet
  facet normal 1.000000 0.000000 -0.000000
    outer loop
      vertex 4.427000 -3.000000 5.750000
      vertex 4.427000 -3.000000 5.888285
      vertex 4.427000 -4.183567 6.550000
    endloop
  endfacet
  facet normal 1.000000 -0.000000 0.000000
    outer loop
      vertex 4.427000 -3.000000 5.888285
      vertex 4.427000 -2.504852 5.875548
      vertex 4.427000 -1.816433 6.550000
    endloop
  endfacet
  facet normal 1.000000 0.000000 0.000000
    outer loop
      vertex 4.427000 -2.116116 5.383883
      vertex 4.427000 0.000000 6.550000
      vertex 4.427000 -1.816433 6.550000
    endloop
  endfacet
  facet normal -1.000000 0.000000 0.000000
    outer loop
      vertex 2.827000 -1.792591 4.823524
      vertex 2.827000 -1.917469 5.125000
      vertex 2.827000 0.000000 7.000000
    endloop
  endfacet
  facet normal -1.000000 0.000000 0.000000
    outer loop
      vertex 2.827000 -1.917469 5.125000
      vertex 2.827000 -2.116116 5.383883
      vertex 2.827000 0.000000 7.000000
    endloop
  endfacet
  facet normal -1.000000 0.000000 0.000000
    outer loop
      vertex 2.827000 -3.625000 5.582532
      vertex 2.827000 -6.000000 7.000000
      vertex 2.827000 -3.323524 5.707407
    endloop
  endfacet
  facet normal -1.000000 0.000000 0.000000
    outer loop
      vertex 2.827000 -2.375000 5.582532
      vertex 2.827000 0.000000 7.000000
      vertex 2.827000 -2.116116 5.383883
    endloop
  endfacet
  facet normal -1.000000 0.000000 0.000000
    outer loop
      vertex 2.827000 -2.375000 5.582532
      vertex 2.827000 -2.676476 5.707407
      vertex 2.827000 0.000000 7.000000
    endloop
  endfacet
  facet normal -1.000000 0.000000 0.000000
    outer loop
      vertex 2.827000 -3.323524 5.707407
      vertex 2.827000 0.000000 7.000000
      vertex 2.827000 -3.000000 5.750000
    endloop
  endfacet
  facet normal -1.000000 0.000000 0.000000
    outer loop
      vertex 2.827000 -3.000000 5.750000
      vertex 2.827000 0.000000 7.000000
      vertex 2.827000 -2.676476 5.707407
    endloop
  endfacet
  facet normal 1.000000 0.000000 -0.000000
    outer loop
      vertex 4.427000 -3.000000 5.888285
      vertex 4.427000 -1.816433 6.550000
      vertex 4.427000 -4.183567 6.550000
    endloop
  endfacet
  facet normal 0.000000 0.000000 -1.000000
    outer loop
      vertex 6.126999 -4.183567 6.550000
      vertex 4.427000 -4.183567 6.550000
      vertex 6.126999 -1.816433 6.550000
    endloop
  endfacet
  facet normal -0.000000 0.000000 -1.000000
    outer loop
      vertex 6.126999 -1.816433 6.550000
      vertex 4.427000 -4.183567 6.550000
      vertex 4.427000 -1.816433 6.550000
    endloop
  endfacet
  facet normal 0.000000 0.000000 -1.000000
    outer loop
      vertex 6.126999 -1.816433 6.550000
      vertex 4.427000 -1.816433 6.550000
      vertex 4.427000 0.000000 6.550000
    endloop
  endfacet
  facet normal 0.000000 0.000000 -1.000000
    outer loop
      vertex 6.126999 -1.816433 6.550000
      vertex 4.427000 0.000000 6.550000
      vertex 6.126999 0.000000 6.550000
    endloop
  endfacet
  facet normal -1.000000 0.000000 0.000000
    outer loop
      vertex 2.827000 -3.323524 5.707407
      vertex 2.827000 -6.000000 7.000000
      vertex 2.827000 0.000000 7.000000
    endloop
  endfacet
  facet normal 1.000000 0.000000 -0.000000
    outer loop
      vertex 21.026999 -31.426476 5.713408
      vertex 21.026999 -29.890000 8.006000
      vertex 21.026999 -34.500000 8.006000
    endloop
  endfacet
  facet normal -1.000000 0.000000 0.000000
    outer loop
      vertex 12.226999 -33.800000 5.689568
      vertex 12.226999 -34.500000 8.006000
      vertex 12.226999 -31.750000 6.873136
    endloop
  endfacet
  facet normal 0.000000 1.000000 0.000000
    outer loop
      vertex 21.026999 -29.890000 6.216000
      vertex 12.226999 -29.890000 6.216000
      vertex 12.226999 -29.890000 8.006000
    endloop
  endfacet
  facet normal -1.000000 0.000000 0.000000
    outer loop
      vertex 12.226999 -29.890000 6.216000
      vertex 12.226999 -31.750000 6.873136
      vertex 12.226999 -29.890000 8.006000
    endloop
  endfacet
  facet normal -1.000000 0.000000 0.000000
    outer loop
      vertex 12.226999 -31.750000 6.873136
      vertex 12.226999 -34.500000 8.006000
      vertex 12.226999 -29.890000 8.006000
    endloop
  endfacet
  facet normal 0.000000 1.000000 -0.000000
    outer loop
      vertex 21.026999 -29.890000 6.216000
      vertex 12.226999 -29.890000 8.006000
      vertex 21.026999 -29.890000 8.006000
    endloop
  endfacet
  facet normal 0.000000 -0.000000 1.000000
    outer loop
      vertex 21.026999 -34.500000 8.006000
      vertex 21.026999 -29.890000 8.006000
      vertex 12.226999 -29.890000 8.006000
    endloop
  endfacet
  facet normal 0.000000 0.000000 1.000000
    outer loop
      vertex 21.026999 -34.500000 8.006000
      vertex 12.226999 -29.890000 8.006000
      vertex 12.226999 -34.500000 8.006000
    endloop
  endfacet
  facet normal 0.000000 -0.000000 1.000000
    outer loop
      vertex 10.827000 -6.000000 7.000000
      vertex 10.827000 0.000000 7.000000
      vertex 2.827000 -6.000000 7.000000
    endloop
  endfacet
  facet normal 0.000000 0.000000 1.000000
    outer loop
      vertex 2.827000 -6.000000 7.000000
      vertex 10.827000 0.000000 7.000000
      vertex 2.827000 0.000000 7.000000
    endloop
  endfacet
  facet normal 1.000000 0.000000 -0.000000
    outer loop
      vertex -12.027002 -28.615000 2.000000
      vertex -12.027002 -28.615000 7.008000
      vertex -12.027002 -29.250000 4.504000
    endloop
  endfacet
  facet normal 1.000000 0.000000 -0.000000
    outer loop
      vertex -12.027002 -32.300000 4.000000
      vertex -12.027002 -31.707407 4.180476
      vertex -12.027002 -34.500000 7.008000
    endloop
  endfacet
  facet normal 1.000000 0.000000 0.000000
    outer loop
      vertex -12.027002 -31.707407 4.180476
      vertex -12.027002 -31.750000 4.504000
      vertex -12.027002 -34.500000 7.008000
    endloop
  endfacet
  facet normal 1.000000 0.000000 -0.000000
    outer loop
      vertex -12.027002 -31.750000 4.504000
      vertex -12.027002 -31.707407 4.827524
      vertex -12.027002 -34.500000 7.008000
    endloop
  endfacet
  facet normal 1.000000 0.000000 -0.000000
    outer loop
      vertex -12.027002 -29.250000 4.504000
      vertex -12.027002 -28.615000 7.008000
      vertex -12.027002 -29.292593 4.827524
    endloop
  endfacet
  facet normal 1.000000 0.000000 -0.000000
    outer loop
      vertex -12.027002 -31.707407 4.827524
      vertex -12.027002 -31.582532 5.129000
      vertex -12.027002 -34.500000 7.008000
    endloop
  endfacet
  facet normal 1.000000 0.000000 -0.000000
    outer loop
      vertex -12.027002 -31.582532 5.129000
      vertex -12.027002 -31.383883 5.387884
      vertex -12.027002 -34.500000 7.008000
    endloop
  endfacet
  facet normal 1.000000 0.000000 -0.000000
    outer loop
      vertex -12.027002 -31.383883 5.387884
      vertex -12.027002 -31.125000 5.586532
      vertex -12.027002 -34.500000 7.008000
    endloop
  endfacet
  facet normal 1.000000 0.000000 -0.000000
    outer loop
      vertex -12.027002 -31.125000 5.586532
      vertex -12.027002 -30.823524 5.711407
      vertex -12.027002 -34.500000 7.008000
    endloop
  endfacet
  facet normal 1.000000 0.000000 -0.000000
    outer loop
      vertex -12.027002 -30.823524 5.711407
      vertex -12.027002 -30.500000 5.754000
      vertex -12.027002 -34.500000 7.008000
    endloop
  endfacet
  facet normal 1.000000 0.000000 0.000000
    outer loop
      vertex -12.027002 -30.176476 5.711407
      vertex -12.027002 -34.500000 7.008000
      vertex -12.027002 -30.500000 5.754000
    endloop
  endfacet
  facet normal 1.000000 0.000000 -0.000000
    outer loop
      vertex -12.027002 -29.292593 4.827524
      vertex -12.027002 -28.615000 7.008000
      vertex -12.027002 -29.417468 5.129000
    endloop
  endfacet
  facet normal 1.000000 0.000000 -0.000000
    outer loop
      vertex -12.027002 -29.417468 5.129000
      vertex -12.027002 -28.615000 7.008000
      vertex -12.027002 -29.616117 5.387884
    endloop
  endfacet
  facet normal 1.000000 0.000000 -0.000000
    outer loop
      vertex -12.027002 -29.616117 5.387884
      vertex -12.027002 -28.615000 7.008000
      vertex -12.027002 -29.875000 5.586532
    endloop
  endfacet
  facet normal 1.000000 0.000000 -0.000000
    outer loop
      vertex -12.027002 -29.875000 5.586532
      vertex -12.027002 -28.615000 7.008000
      vertex -12.027002 -30.176476 5.711407
    endloop
  endfacet
  facet normal 1.000000 0.000000 -0.000000
    outer loop
      vertex -12.027002 -30.176476 5.711407
      vertex -12.027002 -28.615000 7.008000
      vertex -12.027002 -34.500000 7.008000
    endloop
  endfacet
  facet normal 0.000000 0.991445 -0.130526
    outer loop
      vertex -12.027002 -31.750000 4.504000
      vertex -17.627001 -31.750000 4.504000
      vertex -12.027002 -31.707407 4.827524
    endloop
  endfacet
  facet normal 0.000000 0.923880 -0.382683
    outer loop
      vertex -12.027002 -31.707407 4.827524
      vertex -17.627001 -31.707407 4.827524
      vertex -12.027002 -31.582532 5.129000
    endloop
  endfacet
  facet normal 0.000000 0.991445 -0.130526
    outer loop
      vertex -12.027002 -31.707407 4.827524
      vertex -17.627001 -31.750000 4.504000
      vertex -17.627001 -31.707407 4.827524
    endloop
  endfacet
  facet normal -1.000000 0.000000 0.000000
    outer loop
      vertex -17.627001 -32.550000 4.504000
      vertex -17.627001 -31.707407 4.827524
      vertex -17.627001 -31.750000 4.504000
    endloop
  endfacet
  facet normal 0.000000 0.923879 -0.382684
    outer loop
      vertex -12.027002 -31.582532 5.129000
      vertex -17.627001 -31.707407 4.827524
      vertex -17.627001 -31.600175 5.086405
    endloop
  endfacet
  facet normal -1.000000 0.000000 0.000000
    outer loop
      vertex -17.627001 -32.550000 4.504000
      vertex -17.627001 -31.600175 5.086405
      vertex -17.627001 -31.707407 4.827524
    endloop
  endfacet
  facet normal 0.000000 -0.991445 -0.130526
    outer loop
      vertex -12.027002 -29.250000 4.504000
      vertex -12.027002 -29.292593 4.827524
      vertex -17.627001 -29.292593 4.827524
    endloop
  endfacet
  facet normal 0.000000 -0.923880 -0.382683
    outer loop
      vertex -12.027002 -29.292593 4.827524
      vertex -12.027002 -29.417468 5.129000
      vertex -17.627001 -29.417468 5.129000
    endloop
  endfacet
  facet normal -0.000000 -0.991445 -0.130526
    outer loop
      vertex -12.027002 -29.250000 4.504000
      vertex -17.627001 -29.292593 4.827524
      vertex -17.627001 -29.250000 4.504000
    endloop
  endfacet
  facet normal -1.000000 0.000000 0.000000
    outer loop
      vertex -17.627001 -29.250000 4.504000
      vertex -17.627001 -29.292593 4.827524
      vertex -17.627001 -28.450000 4.504000
    endloop
  endfacet
  facet normal -0.000000 -0.923880 -0.382683
    outer loop
      vertex -12.027002 -29.292593 4.827524
      vertex -17.627001 -29.417468 5.129000
      vertex -17.627001 -29.292593 4.827524
    endloop
  endfacet
  facet normal 0.000000 -1.000000 0.000000
    outer loop
      vertex -12.027002 -34.500000 2.000000
      vertex -12.027002 -34.500000 7.008000
      vertex -21.027002 -34.500000 7.008000
    endloop
  endfacet
  facet normal 0.000000 0.793353 -0.608762
    outer loop
      vertex -12.027002 -31.582532 5.129000
      vertex -17.627001 -31.582532 5.129000
      vertex -12.027002 -31.383883 5.387884
    endloop
  endfacet
  facet normal 0.000000 0.608761 -0.793354
    outer loop
      vertex -12.027002 -31.383883 5.387884
      vertex -17.627001 -31.383883 5.387884
      vertex -12.027002 -31.125000 5.586532
    endloop
  endfacet
  facet normal 0.000000 0.923881 -0.382681
    outer loop
      vertex -12.027002 -31.582532 5.129000
      vertex -17.627001 -31.600175 5.086405
      vertex -17.627001 -31.582532 5.129000
    endloop
  endfacet
  facet normal 0.000000 0.793353 -0.608762
    outer loop
      vertex -12.027002 -31.383883 5.387884
      vertex -17.627001 -31.582532 5.129000
      vertex -17.627001 -31.383883 5.387884
    endloop
  endfacet
  facet normal 0.000000 0.608761 -0.793354
    outer loop
      vertex -12.027002 -31.125000 5.586532
      vertex -17.627001 -31.383883 5.387884
      vertex -17.627001 -31.125000 5.586532
    endloop
  endfacet
  facet normal -1.000000 0.000000 0.000000
    outer loop
      vertex -17.627001 -32.550000 4.504000
      vertex -17.627001 -32.550000 7.008000
      vertex -17.627001 -31.600175 5.086405
    endloop
  endfacet
  facet normal 0.000000 -0.793353 -0.608762
    outer loop
      vertex -12.027002 -29.417468 5.129000
      vertex -12.027002 -29.616117 5.387884
      vertex -17.627001 -29.616117 5.387884
    endloop
  endfacet
  facet normal 0.000000 1.000000 0.000000
    outer loop
      vertex -12.580000 -28.615000 2.000000
      vertex -12.580000 -28.615000 7.008000
      vertex -12.027002 -28.615000 7.008000
    endloop
  endfacet
  facet normal 1.000000 0.000000 0.000000
    outer loop
      vertex -12.580000 -28.615000 2.000000
      vertex -12.580000 -26.500000 7.008000
      vertex -12.580000 -28.615000 7.008000
    endloop
  endfacet
  facet normal 0.000000 -0.608761 -0.793354
    outer loop
      vertex -12.027002 -29.616117 5.387884
      vertex -12.027002 -29.875000 5.586532
      vertex -17.627001 -29.875000 5.586532
    endloop
  endfacet
  facet normal -0.000000 -0.793353 -0.608762
    outer loop
      vertex -12.027002 -29.417468 5.129000
      vertex -17.627001 -29.616117 5.387884
      vertex -17.627001 -29.417468 5.129000
    endloop
  endfacet
  facet normal -0.000000 -0.608761 -0.793354
    outer loop
      vertex -12.027002 -29.616117 5.387884
      vertex -17.627001 -29.875000 5.586532
      vertex -17.627001 -29.616117 5.387884
    endloop
  endfacet
  facet normal -1.000000 0.000000 0.000000
    outer loop
      vertex -17.627001 -28.450000 4.504000
      vertex -17.627001 -29.292593 4.827524
      vertex -17.627001 -28.450000 7.008000
    endloop
  endfacet
  facet normal -1.000000 0.000000 0.000000
    outer loop
      vertex -21.027002 -34.500000 2.000000
      vertex -21.027002 -34.500000 7.008000
      vertex -21.027002 -31.707407 4.827524
    endloop
  endfacet
  facet normal 1.000000 0.000000 0.000000
    outer loop
      vertex -19.427000 -32.550000 4.504000
      vertex -19.427000 -31.750000 4.504000
      vertex -19.427000 -31.707407 4.827524
    endloop
  endfacet
  facet normal 0.000000 0.991445 -0.130526
    outer loop
      vertex -19.427000 -31.750000 4.504000
      vertex -21.027002 -31.750000 4.504000
      vertex -19.427000 -31.707407 4.827524
    endloop
  endfacet
  facet normal 0.000000 0.991445 -0.130526
    outer loop
      vertex -21.027002 -31.750000 4.504000
      vertex -21.027002 -31.707407 4.827524
      vertex -19.427000 -31.707407 4.827524
    endloop
  endfacet
  facet normal 0.000000 -1.000000 0.000000
    outer loop
      vertex -18.973001 -34.500000 4.000000
      vertex -21.027002 -34.500000 7.008000
      vertex -20.573000 -34.500000 4.000000
    endloop
  endfacet
  facet normal 0.000000 0.923880 -0.382683
    outer loop
      vertex -19.427000 -31.707407 4.827524
      vertex -21.027002 -31.707407 4.827524
      vertex -19.427000 -31.582532 5.129000
    endloop
  endfacet
  facet normal 0.000000 0.923880 -0.382683
    outer loop
      vertex -21.027002 -31.707407 4.827524
      vertex -21.027002 -31.582532 5.129000
      vertex -19.427000 -31.582532 5.129000
    endloop
  endfacet
  facet normal 1.000000 0.000000 -0.000000
    outer loop
      vertex -19.427000 -29.250000 4.504000
      vertex -19.427000 -28.450000 4.504000
      vertex -19.427000 -29.292593 4.827524
    endloop
  endfacet
  facet normal -0.000000 -0.991445 -0.130526
    outer loop
      vertex -19.427000 -29.250000 4.504000
      vertex -21.027002 -29.292593 4.827524
      vertex -21.027002 -29.250000 4.504000
    endloop
  endfacet
  facet normal 0.000000 -0.991445 -0.130526
    outer loop
      vertex -19.427000 -29.250000 4.504000
      vertex -19.427000 -29.292593 4.827524
      vertex -21.027002 -29.292593 4.827524
    endloop
  endfacet
  facet normal 1.000000 0.000000 0.000000
    outer loop
      vertex -19.427000 -28.450000 4.504000
      vertex -19.427000 -29.399825 5.086405
      vertex -19.427000 -29.292593 4.827524
    endloop
  endfacet
  facet normal -0.000000 -0.923879 -0.382684
    outer loop
      vertex -19.427000 -29.292593 4.827524
      vertex -19.427000 -29.399825 5.086405
      vertex -21.027002 -29.417468 5.129000
    endloop
  endfacet
  facet normal -0.000000 -0.923880 -0.382683
    outer loop
      vertex -19.427000 -29.292593 4.827524
      vertex -21.027002 -29.417468 5.129000
      vertex -21.027002 -29.292593 4.827524
    endloop
  endfacet
  facet normal 0.000000 1.000000 0.000000
    outer loop
      vertex -17.627001 -32.550000 4.504000
      vertex -19.427000 -32.550000 4.504000
      vertex -19.427000 -32.550000 7.008000
    endloop
  endfacet
  facet normal 0.000000 0.793353 -0.608762
    outer loop
      vertex -19.427000 -31.582532 5.129000
      vertex -21.027002 -31.582532 5.129000
      vertex -19.427000 -31.383883 5.387884
    endloop
  endfacet
  facet normal 0.000000 0.793353 -0.608762
    outer loop
      vertex -21.027002 -31.582532 5.129000
      vertex -21.027002 -31.383883 5.387884
      vertex -19.427000 -31.383883 5.387884
    endloop
  endfacet
  facet normal 1.000000 0.000000 0.000000
    outer loop
      vertex -19.427000 -32.550000 4.504000
      vertex -19.427000 -31.707407 4.827524
      vertex -19.427000 -32.550000 7.008000
    endloop
  endfacet
  facet normal 0.000000 0.608761 -0.793354
    outer loop
      vertex -19.427000 -31.383883 5.387884
      vertex -21.027002 -31.383883 5.387884
      vertex -19.427000 -31.125000 5.586532
    endloop
  endfacet
  facet normal 0.000000 0.608761 -0.793354
    outer loop
      vertex -19.427000 -31.125000 5.586532
      vertex -21.027002 -31.383883 5.387884
      vertex -21.027002 -31.125000 5.586532
    endloop
  endfacet
  facet normal 0.000000 -0.923881 -0.382681
    outer loop
      vertex -19.427000 -29.399825 5.086405
      vertex -19.427000 -29.417468 5.129000
      vertex -21.027002 -29.417468 5.129000
    endloop
  endfacet
  facet normal 0.000000 -0.793353 -0.608762
    outer loop
      vertex -19.427000 -29.417468 5.129000
      vertex -19.427000 -29.616117 5.387884
      vertex -21.027002 -29.616117 5.387884
    endloop
  endfacet
  facet normal -0.000000 -0.793353 -0.608762
    outer loop
      vertex -19.427000 -29.417468 5.129000
      vertex -21.027002 -29.616117 5.387884
      vertex -21.027002 -29.417468 5.129000
    endloop
  endfacet
  facet normal 0.000000 -1.000000 0.000000
    outer loop
      vertex -17.627001 -28.450000 4.504000
      vertex -17.627001 -28.450000 7.008000
      vertex -19.427000 -28.450000 4.504000
    endloop
  endfacet
  facet normal -1.000000 0.000000 0.000000
    outer loop
      vertex -21.027002 -29.292593 4.180476
      vertex -21.027002 -29.250000 4.504000
      vertex -21.027002 -26.500000 7.008000
    endloop
  endfacet
  facet normal -0.000000 -0.608761 -0.793354
    outer loop
      vertex -19.427000 -29.616117 5.387884
      vertex -21.027002 -29.875000 5.586532
      vertex -21.027002 -29.616117 5.387884
    endloop
  endfacet
  facet normal 0.000000 -0.608761 -0.793354
    outer loop
      vertex -19.427000 -29.616117 5.387884
      vertex -19.427000 -29.875000 5.586532
      vertex -21.027002 -29.875000 5.586532
    endloop
  endfacet
  facet normal 1.000000 0.000000 0.000000
    outer loop
      vertex -19.427000 -28.450000 4.504000
      vertex -19.427000 -28.578950 6.929120
      vertex -19.427000 -29.399825 5.086405
    endloop
  endfacet
  facet normal -1.000000 0.000000 0.000000
    outer loop
      vertex -21.027002 -29.250000 4.504000
      vertex -21.027002 -29.292593 4.827524
      vertex -21.027002 -26.500000 7.008000
    endloop
  endfacet
  facet normal 0.000000 1.000000 -0.000000
    outer loop
      vertex -12.580000 -26.500000 2.000000
      vertex -21.027002 -26.500000 7.008000
      vertex -12.580000 -26.500000 7.008000
    endloop
  endfacet
  facet normal 0.000000 1.000000 0.000000
    outer loop
      vertex -18.973001 -26.500000 4.000000
      vertex -20.573000 -26.500000 4.000000
      vertex -21.027002 -26.500000 7.008000
    endloop
  endfacet
  facet normal -1.000000 0.000000 0.000000
    outer loop
      vertex -17.627001 -31.600175 5.086405
      vertex -17.627001 -32.550000 7.008000
      vertex -17.627001 -31.582532 5.129000
    endloop
  endfacet
  facet normal -1.000000 0.000000 0.000000
    outer loop
      vertex -17.627001 -31.582532 5.129000
      vertex -17.627001 -32.550000 7.008000
      vertex -17.627001 -31.383883 5.387884
    endloop
  endfacet
  facet normal -1.000000 0.000000 0.000000
    outer loop
      vertex -17.627001 -31.383883 5.387884
      vertex -17.627001 -32.550000 7.008000
      vertex -17.627001 -31.125000 5.586532
    endloop
  endfacet
  facet normal -1.000000 0.000000 0.000000
    outer loop
      vertex -17.627001 -31.125000 5.586532
      vertex -17.627001 -32.550000 7.008000
      vertex -17.627001 -30.823524 5.711407
    endloop
  endfacet
  facet normal -1.000000 0.000000 0.000000
    outer loop
      vertex -17.627001 -30.823524 5.711407
      vertex -17.627001 -32.550000 7.008000
      vertex -17.627001 -30.500000 5.754000
    endloop
  endfacet
  facet normal 0.000000 0.382684 -0.923879
    outer loop
      vertex -12.027002 -31.125000 5.586532
      vertex -17.627001 -31.125000 5.586532
      vertex -12.027002 -30.823524 5.711407
    endloop
  endfacet
  facet normal 0.000000 -0.382684 -0.923879
    outer loop
      vertex -12.027002 -29.875000 5.586532
      vertex -12.027002 -30.176476 5.711407
      vertex -17.627001 -30.176476 5.711407
    endloop
  endfacet
  facet normal 0.000000 0.130527 -0.991445
    outer loop
      vertex -12.027002 -30.823524 5.711407
      vertex -17.627001 -30.823524 5.711407
      vertex -12.027002 -30.500000 5.754000
    endloop
  endfacet
  facet normal 0.000000 -0.130527 -0.991445
    outer loop
      vertex -12.027002 -30.176476 5.711407
      vertex -12.027002 -30.500000 5.754000
      vertex -17.627001 -30.500000 5.754000
    endloop
  endfacet
  facet normal 0.000000 0.382684 -0.923879
    outer loop
      vertex -12.027002 -30.823524 5.711407
      vertex -17.627001 -31.125000 5.586532
      vertex -17.627001 -30.823524 5.711407
    endloop
  endfacet
  facet normal -0.000000 -0.382684 -0.923879
    outer loop
      vertex -12.027002 -29.875000 5.586532
      vertex -17.627001 -30.176476 5.711407
      vertex -17.627001 -29.875000 5.586532
    endloop
  endfacet
  facet normal 0.000000 0.130527 -0.991445
    outer loop
      vertex -12.027002 -30.500000 5.754000
      vertex -17.627001 -30.823524 5.711407
      vertex -17.627001 -30.500000 5.754000
    endloop
  endfacet
  facet normal -0.000000 -0.130527 -0.991445
    outer loop
      vertex -12.027002 -30.176476 5.711407
      vertex -17.627001 -30.500000 5.754000
      vertex -17.627001 -30.176476 5.711407
    endloop
  endfacet
  facet normal -1.000000 0.000000 0.000000
    outer loop
      vertex -17.627001 -29.292593 4.827524
      vertex -17.627001 -29.417468 5.129000
      vertex -17.627001 -28.450000 7.008000
    endloop
  endfacet
  facet normal -1.000000 0.000000 0.000000
    outer loop
      vertex -17.627001 -29.417468 5.129000
      vertex -17.627001 -29.616117 5.387884
      vertex -17.627001 -28.450000 7.008000
    endloop
  endfacet
  facet normal -1.000000 0.000000 0.000000
    outer loop
      vertex -17.627001 -29.616117 5.387884
      vertex -17.627001 -29.875000 5.586532
      vertex -17.627001 -28.450000 7.008000
    endloop
  endfacet
  facet normal -1.000000 0.000000 0.000000
    outer loop
      vertex -17.627001 -29.875000 5.586532
      vertex -17.627001 -30.176476 5.711407
      vertex -17.627001 -28.450000 7.008000
    endloop
  endfacet
  facet normal -1.000000 0.000000 0.000000
    outer loop
      vertex -17.627001 -30.176476 5.711407
      vertex -17.627001 -30.500000 5.754000
      vertex -17.627001 -28.450000 7.008000
    endloop
  endfacet
  facet normal -1.000000 0.000000 0.000000
    outer loop
      vertex -17.627001 -30.500000 5.754000
      vertex -17.627001 -32.550000 7.008000
      vertex -17.627001 -28.450000 7.008000
    endloop
  endfacet
  facet normal 1.000000 0.000000 -0.000000
    outer loop
      vertex -19.427000 -31.707407 4.827524
      vertex -19.427000 -31.582532 5.129000
      vertex -19.427000 -32.550000 7.008000
    endloop
  endfacet
  facet normal 1.000000 0.000000 -0.000000
    outer loop
      vertex -19.427000 -31.582532 5.129000
      vertex -19.427000 -31.383883 5.387884
      vertex -19.427000 -32.550000 7.008000
    endloop
  endfacet
  facet normal -1.000000 0.000000 0.000000
    outer loop
      vertex -21.027002 -31.707407 4.827524
      vertex -21.027002 -34.500000 7.008000
      vertex -21.027002 -31.582532 5.129000
    endloop
  endfacet
  facet normal -1.000000 0.000000 0.000000
    outer loop
      vertex -21.027002 -31.582532 5.129000
      vertex -21.027002 -34.500000 7.008000
      vertex -21.027002 -31.383883 5.387884
    endloop
  endfacet
  facet normal 1.000000 0.000000 -0.000000
    outer loop
      vertex -19.427000 -31.383883 5.387884
      vertex -19.427000 -31.125000 5.586532
      vertex -19.427000 -32.550000 7.008000
    endloop
  endfacet
  facet normal 0.000000 1.000000 -0.000000
    outer loop
      vertex -17.627001 -32.550000 4.504000
      vertex -19.427000 -32.550000 7.008000
      vertex -17.627001 -32.550000 7.008000
    endloop
  endfacet
  facet normal 1.000000 0.000000 -0.000000
    outer loop
      vertex -19.427000 -31.125000 5.586532
      vertex -19.427000 -30.823524 5.711407
      vertex -19.427000 -32.550000 7.008000
    endloop
  endfacet
  facet normal -1.000000 0.000000 0.000000
    outer loop
      vertex -21.027002 -31.383883 5.387884
      vertex -21.027002 -34.500000 7.008000
      vertex -21.027002 -31.125000 5.586532
    endloop
  endfacet
  facet normal -1.000000 0.000000 0.000000
    outer loop
      vertex -21.027002 -31.125000 5.586532
      vertex -21.027002 -34.500000 7.008000
      vertex -21.027002 -30.823524 5.711407
    endloop
  endfacet
  facet normal 1.000000 0.000000 -0.000000
    outer loop
      vertex -19.427000 -29.399825 5.086405
      vertex -19.427000 -28.578950 6.929120
      vertex -19.427000 -29.417468 5.129000
    endloop
  endfacet
  facet normal 1.000000 0.000000 -0.000000
    outer loop
      vertex -19.427000 -29.417468 5.129000
      vertex -19.427000 -28.578950 6.929120
      vertex -19.427000 -29.616117 5.387884
    endloop
  endfacet
  facet normal 0.000000 0.382684 -0.923879
    outer loop
      vertex -19.427000 -31.125000 5.586532
      vertex -21.027002 -31.125000 5.586532
      vertex -19.427000 -30.823524 5.711407
    endloop
  endfacet
  facet normal 0.000000 -0.382684 -0.923879
    outer loop
      vertex -19.427000 -29.875000 5.586532
      vertex -19.427000 -30.176476 5.711407
      vertex -21.027002 -30.176476 5.711407
    endloop
  endfacet
  facet normal 0.000000 0.130527 -0.991445
    outer loop
      vertex -19.427000 -30.823524 5.711407
      vertex -21.027002 -30.823524 5.711407
      vertex -19.427000 -30.500000 5.754000
    endloop
  endfacet
  facet normal 0.000000 -0.130527 -0.991445
    outer loop
      vertex -19.427000 -30.176476 5.711407
      vertex -19.427000 -30.500000 5.754000
      vertex -21.027002 -30.500000 5.754000
    endloop
  endfacet
  facet normal 0.000000 0.382684 -0.923879
    outer loop
      vertex -21.027002 -31.125000 5.586532
      vertex -21.027002 -30.823524 5.711407
      vertex -19.427000 -30.823524 5.711407
    endloop
  endfacet
  facet normal -0.000000 -0.382684 -0.923879
    outer loop
      vertex -19.427000 -29.875000 5.586532
      vertex -21.027002 -30.176476 5.711407
      vertex -21.027002 -29.875000 5.586532
    endloop
  endfacet
  facet normal 0.000000 0.130527 -0.991445
    outer loop
      vertex -19.427000 -30.500000 5.754000
      vertex -21.027002 -30.823524 5.711407
      vertex -21.027002 -30.500000 5.754000
    endloop
  endfacet
  facet normal -0.000000 -0.130527 -0.991445
    outer loop
      vertex -19.427000 -30.176476 5.711407
      vertex -21.027002 -30.500000 5.754000
      vertex -21.027002 -30.176476 5.711407
    endloop
  endfacet
  facet normal -1.000000 0.000000 0.000000
    outer loop
      vertex -21.027002 -29.292593 4.827524
      vertex -21.027002 -29.417468 5.129000
      vertex -21.027002 -26.500000 7.008000
    endloop
  endfacet
  facet normal -1.000000 0.000000 0.000000
    outer loop
      vertex -21.027002 -29.417468 5.129000
      vertex -21.027002 -29.616117 5.387884
      vertex -21.027002 -26.500000 7.008000
    endloop
  endfacet
  facet normal 1.000000 0.000000 -0.000000
    outer loop
      vertex -19.427000 -29.616117 5.387884
      vertex -19.427000 -28.578950 6.929120
      vertex -19.427000 -29.875000 5.586532
    endloop
  endfacet
  facet normal 1.000000 0.000000 0.000000
    outer loop
      vertex -19.427000 -30.823524 5.711407
      vertex -19.427000 -30.500000 5.754000
      vertex -19.427000 -28.599483 6.926342
    endloop
  endfacet
  facet normal 1.000000 0.000000 -0.000000
    outer loop
      vertex -19.427000 -29.875000 5.586532
      vertex -19.427000 -28.578950 6.929120
      vertex -19.427000 -30.176476 5.711407
    endloop
  endfacet
  facet normal 1.000000 0.000000 -0.000000
    outer loop
      vertex -19.427000 -30.176476 5.711407
      vertex -19.427000 -28.578950 6.929120
      vertex -19.427000 -30.500000 5.754000
    endloop
  endfacet
  facet normal -1.000000 0.000000 0.000000
    outer loop
      vertex -21.027002 -29.875000 5.586532
      vertex -21.027002 -30.176476 5.711407
      vertex -21.027002 -26.500000 7.008000
    endloop
  endfacet
  facet normal -1.000000 0.000000 0.000000
    outer loop
      vertex -21.027002 -30.823524 5.711407
      vertex -21.027002 -26.500000 7.008000
      vertex -21.027002 -30.500000 5.754000
    endloop
  endfacet
  facet normal -1.000000 0.000000 0.000000
    outer loop
      vertex -21.027002 -30.176476 5.711407
      vertex -21.027002 -30.500000 5.754000
      vertex -21.027002 -26.500000 7.008000
    endloop
  endfacet
  facet normal 0.000000 -1.000000 0.000000
    outer loop
      vertex -19.427000 -28.450000 4.504000
      vertex -17.627001 -28.450000 7.008000
      vertex -19.427000 -28.450000 7.008000
    endloop
  endfacet
  facet normal 1.000000 0.000000 0.000000
    outer loop
      vertex -19.427000 -28.450000 4.504000
      vertex -19.427000 -28.464508 7.008000
      vertex -19.427000 -28.578950 6.929120
    endloop
  endfacet
  facet normal 1.000000 0.000000 -0.000000
    outer loop
      vertex -19.427000 -28.450000 4.504000
      vertex -19.427000 -28.450000 7.008000
      vertex -19.427000 -28.464508 7.008000
    endloop
  endfacet
  facet normal -1.000000 0.000000 0.000000
    outer loop
      vertex -21.027002 -29.616117 5.387884
      vertex -21.027002 -29.875000 5.586532
      vertex -21.027002 -26.500000 7.008000
    endloop
  endfacet
  facet normal 1.000000 0.000000 -0.000000
    outer loop
      vertex -19.427000 -30.823524 5.711407
      vertex -19.427000 -28.466309 7.008000
      vertex -19.427000 -32.550000 7.008000
    endloop
  endfacet
  facet normal 1.000000 0.000000 0.000000
    outer loop
      vertex -19.427000 -30.500000 5.754000
      vertex -19.427000 -28.578950 6.929120
      vertex -19.427000 -28.599483 6.926342
    endloop
  endfacet
  facet normal 1.000000 0.000000 0.000000
    outer loop
      vertex -19.427000 -30.823524 5.711407
      vertex -19.427000 -28.599483 6.926342
      vertex -19.427000 -28.466309 7.008000
    endloop
  endfacet
  facet normal -1.000000 0.000000 0.000000
    outer loop
      vertex -21.027002 -30.823524 5.711407
      vertex -21.027002 -34.500000 7.008000
      vertex -21.027002 -26.500000 7.008000
    endloop
  endfacet
  facet normal 0.000000 0.000000 1.000000
    outer loop
      vertex -12.027002 -34.500000 7.008000
      vertex -12.580000 -28.615000 7.008000
      vertex -17.627001 -32.550000 7.008000
    endloop
  endfacet
  facet normal 0.000000 0.000000 1.000000
    outer loop
      vertex -12.027002 -34.500000 7.008000
      vertex -19.427000 -32.550000 7.008000
      vertex -21.027002 -34.500000 7.008000
    endloop
  endfacet
  facet normal 0.000000 0.000000 1.000000
    outer loop
      vertex -12.027002 -34.500000 7.008000
      vertex -17.627001 -32.550000 7.008000
      vertex -19.427000 -32.550000 7.008000
    endloop
  endfacet
  facet normal 0.000000 -0.000000 1.000000
    outer loop
      vertex -12.027002 -34.500000 7.008000
      vertex -12.027002 -28.615000 7.008000
      vertex -12.580000 -28.615000 7.008000
    endloop
  endfacet
  facet normal 0.000000 0.000000 1.000000
    outer loop
      vertex -17.627001 -32.550000 7.008000
      vertex -12.580000 -28.615000 7.008000
      vertex -12.580000 -26.500000 7.008000
    endloop
  endfacet
  facet normal 0.000000 0.000000 1.000000
    outer loop
      vertex -17.627001 -32.550000 7.008000
      vertex -12.580000 -26.500000 7.008000
      vertex -17.627001 -28.450000 7.008000
    endloop
  endfacet
  facet normal 0.000000 -0.000000 1.000000
    outer loop
      vertex -17.627001 -28.450000 7.008000
      vertex -12.580000 -26.500000 7.008000
      vertex -21.027002 -26.500000 7.008000
    endloop
  endfacet
  facet normal 0.000000 0.000000 1.000000
    outer loop
      vertex -21.027002 -34.500000 7.008000
      vertex -19.427000 -32.550000 7.008000
      vertex -19.427000 -28.466309 7.008000
    endloop
  endfacet
  facet normal 0.000000 0.000000 1.000000
    outer loop
      vertex -21.027002 -34.500000 7.008000
      vertex -19.427000 -28.464508 7.008000
      vertex -19.427000 -28.450000 7.008000
    endloop
  endfacet
  facet normal 0.000000 0.000000 1.000000
    outer loop
      vertex -21.027002 -34.500000 7.008000
      vertex -19.427000 -28.466309 7.008000
      vertex -19.427000 -28.464508 7.008000
    endloop
  endfacet
  facet normal 0.000000 0.000000 1.000000
    outer loop
      vertex -21.027002 -34.500000 7.008000
      vertex -19.427000 -28.450000 7.008000
      vertex -21.027002 -26.500000 7.008000
    endloop
  endfacet
  facet normal 1.000000 0.000000 -0.000000
    outer loop
      vertex -19.427000 -28.578950 6.929120
      vertex -19.427000 -28.464508 7.008000
      vertex -19.427000 -28.599483 6.926342
    endloop
  endfacet
  facet normal 1.000000 0.000000 0.000000
    outer loop
      vertex -19.427000 -28.599483 6.926342
      vertex -19.427000 -28.464508 7.008000
      vertex -19.427000 -28.466309 7.008000
    endloop
  endfacet
  facet normal 0.000000 0.000000 1.000000
    outer loop
      vertex -17.627001 -28.450000 7.008000
      vertex -21.027002 -26.500000 7.008000
      vertex -19.427000 -28.450000 7.008000
    endloop
  endfacet
  facet normal 0.000000 1.000000 0.000000
    outer loop
      vertex 10.827000 0.000000 4.000000
      vertex 6.126999 0.000000 4.000000
      vertex 6.126999 0.000000 6.550000
    endloop
  endfacet
  facet normal 0.000000 1.000000 -0.000000
    outer loop
      vertex 4.427000 0.000000 4.000000
      vertex 3.976999 0.000000 4.000000
      vertex 4.427000 0.000000 6.550000
    endloop
  endfacet
  facet normal -1.000000 0.000000 0.000000
    outer loop
      vertex 3.126999 8.500000 4.000000
      vertex 3.126999 8.500000 6.550000
      vertex 3.126999 9.299999 4.000000
    endloop
  endfacet
  facet normal 0.000000 -1.000000 0.000000
    outer loop
      vertex 3.427000 8.500000 4.000000
      vertex 3.427000 8.500000 7.000000
      vertex 3.126999 8.500000 4.000000
    endloop
  endfacet
  facet normal 0.000000 -1.000000 0.000000
    outer loop
      vertex 1.427000 8.500000 4.000000
      vertex 1.427000 8.500000 6.550000
      vertex 0.976999 8.500000 4.000000
    endloop
  endfacet
  facet normal 1.000000 0.000000 0.000000
    outer loop
      vertex 1.427000 8.500000 4.000000
      vertex 1.427000 9.299999 4.000000
      vertex 1.427000 8.500000 6.550000
    endloop
  endfacet
  facet normal 0.000000 0.991446 -0.130521
    outer loop
      vertex 3.427000 9.950001 4.500000
      vertex 3.126999 9.950001 4.500000
      vertex 3.427000 9.992592 4.823524
    endloop
  endfacet
  facet normal -1.000000 0.000000 0.000000
    outer loop
      vertex 3.126999 9.299999 4.000000
      vertex 3.126999 10.117470 5.125000
      vertex 3.126999 9.992592 4.823524
    endloop
  endfacet
  facet normal 0.000000 0.991446 -0.130521
    outer loop
      vertex 3.126999 9.950001 4.500000
      vertex 3.126999 9.992592 4.823524
      vertex 3.427000 9.992592 4.823524
    endloop
  endfacet
  facet normal -0.000000 -0.991444 -0.130533
    outer loop
      vertex 3.427000 12.450001 4.500000
      vertex 3.126999 12.407406 4.823524
      vertex 3.126999 12.450001 4.500000
    endloop
  endfacet
  facet normal -1.000000 0.000000 0.000000
    outer loop
      vertex 3.126999 12.450001 4.500000
      vertex 3.126999 12.407406 4.823524
      vertex 3.126999 13.567135 4.500000
    endloop
  endfacet
  facet normal 0.000000 -0.991444 -0.130533
    outer loop
      vertex 3.427000 12.450001 4.500000
      vertex 3.427000 12.407406 4.823524
      vertex 3.126999 12.407406 4.823524
    endloop
  endfacet
  facet normal 1.000000 0.000000 0.000000
    outer loop
      vertex 3.427000 8.500000 4.000000
      vertex 3.427000 9.992592 4.176476
      vertex 3.427000 8.500000 7.000000
    endloop
  endfacet
  facet normal 0.000000 0.923877 -0.382690
    outer loop
      vertex 3.427000 9.992592 4.823524
      vertex 3.126999 9.992592 4.823524
      vertex 3.427000 10.117470 5.125000
    endloop
  endfacet
  facet normal 0.000000 0.923877 -0.382690
    outer loop
      vertex 3.126999 9.992592 4.823524
      vertex 3.126999 10.117470 5.125000
      vertex 3.427000 10.117470 5.125000
    endloop
  endfacet
  facet normal -1.000000 0.000000 0.000000
    outer loop
      vertex 3.126999 12.407406 4.823524
      vertex 3.126999 12.282532 5.125000
      vertex 3.126999 13.567135 4.500000
    endloop
  endfacet
  facet normal -0.000000 -0.923881 -0.382680
    outer loop
      vertex 3.427000 12.407406 4.823524
      vertex 3.126999 12.282532 5.125000
      vertex 3.126999 12.407406 4.823524
    endloop
  endfacet
  facet normal 0.000000 -0.923881 -0.382680
    outer loop
      vertex 3.427000 12.407406 4.823524
      vertex 3.427000 12.282532 5.125000
      vertex 3.126999 12.282532 5.125000
    endloop
  endfacet
  facet normal 0.000000 0.991446 -0.130521
    outer loop
      vertex 1.427000 9.950001 4.500000
      vertex -0.173000 9.950001 4.500000
      vertex 1.427000 9.992592 4.823524
    endloop
  endfacet
  facet normal 0.000000 0.991446 -0.130521
    outer loop
      vertex 1.427000 9.992592 4.823524
      vertex -0.173000 9.950001 4.500000
      vertex -0.173000 9.992592 4.823524
    endloop
  endfacet
  facet normal 1.000000 0.000000 -0.000000
    outer loop
      vertex 1.427000 12.450001 4.500000
      vertex 1.427000 13.567135 4.500000
      vertex 1.427000 12.407406 4.823524
    endloop
  endfacet
  facet normal -0.000000 -0.991444 -0.130533
    outer loop
      vertex 1.427000 12.450001 4.500000
      vertex -0.173000 12.407406 4.823524
      vertex -0.173000 12.450001 4.500000
    endloop
  endfacet
  facet normal 0.000000 -0.991444 -0.130533
    outer loop
      vertex 1.427000 12.450001 4.500000
      vertex 1.427000 12.407406 4.823524
      vertex -0.173000 12.407406 4.823524
    endloop
  endfacet
  facet normal 0.000000 0.923877 -0.382690
    outer loop
      vertex 1.427000 9.992592 4.823524
      vertex -0.173000 9.992592 4.823524
      vertex 1.427000 10.117470 5.125000
    endloop
  endfacet
  facet normal 0.000000 0.923877 -0.382690
    outer loop
      vertex 1.427000 10.117470 5.125000
      vertex -0.173000 9.992592 4.823524
      vertex -0.173000 10.117470 5.125000
    endloop
  endfacet
  facet normal 1.000000 -0.000000 -0.000000
    outer loop
      vertex 1.427000 12.407406 4.823524
      vertex 1.427000 13.567135 4.500000
      vertex 1.427000 12.282532 5.125000
    endloop
  endfacet
  facet normal 0.000000 -0.923881 -0.382680
    outer loop
      vertex 1.427000 12.407406 4.823524
      vertex 1.427000 12.282532 5.125000
      vertex -0.173000 12.282532 5.125000
    endloop
  endfacet
  facet normal -0.000000 -0.923881 -0.382680
    outer loop
      vertex 1.427000 12.407406 4.823524
      vertex -0.173000 12.282532 5.125000
      vertex -0.173000 12.407406 4.823524
    endloop
  endfacet
  facet normal 1.000000 0.000000 -0.000000
    outer loop
      vertex 3.427000 13.900002 2.000000
      vertex 3.427000 13.900002 7.000000
      vertex 3.427000 12.407406 4.823524
    endloop
  endfacet
  facet normal -1.000000 0.000000 0.000000
    outer loop
      vertex 3.126999 9.299999 4.000000
      vertex 3.126999 8.500000 6.550000
      vertex 3.126999 10.117470 5.125000
    endloop
  endfacet
  facet normal 1.000000 0.000000 0.000000
    outer loop
      vertex 3.427000 9.992592 4.176476
      vertex 3.427000 9.950001 4.500000
      vertex 3.427000 8.500000 7.000000
    endloop
  endfacet
  facet normal 0.000000 0.793356 -0.608758
    outer loop
      vertex 3.427000 10.117470 5.125000
      vertex 3.126999 10.117470 5.125000
      vertex 3.427000 10.316116 5.383883
    endloop
  endfacet
  facet normal 0.000000 0.793356 -0.608758
    outer loop
      vertex 3.126999 10.117470 5.125000
      vertex 3.126999 10.316116 5.383883
      vertex 3.427000 10.316116 5.383883
    endloop
  endfacet
  facet normal 0.000000 -0.793356 -0.608758
    outer loop
      vertex 3.427000 12.282532 5.125000
      vertex 3.427000 12.083885 5.383883
      vertex 3.126999 12.083885 5.383883
    endloop
  endfacet
  facet normal -0.000000 -0.793356 -0.608758
    outer loop
      vertex 3.427000 12.282532 5.125000
      vertex 3.126999 12.083885 5.383883
      vertex 3.126999 12.282532 5.125000
    endloop
  endfacet
  facet normal 1.000000 0.000000 -0.000000
    outer loop
      vertex 3.427000 9.950001 4.500000
      vertex 3.427000 9.992592 4.823524
      vertex 3.427000 8.500000 7.000000
    endloop
  endfacet
  facet normal 0.000000 0.608760 -0.793354
    outer loop
      vertex 3.427000 10.316116 5.383883
      vertex 3.126999 10.316116 5.383883
      vertex 3.427000 10.575001 5.582532
    endloop
  endfacet
  facet normal 0.000000 0.608760 -0.793354
    outer loop
      vertex 3.126999 10.316116 5.383883
      vertex 3.126999 10.575001 5.582532
      vertex 3.427000 10.575001 5.582532
    endloop
  endfacet
  facet normal 0.000000 0.382684 -0.923879
    outer loop
      vertex 3.427000 10.575001 5.582532
      vertex 3.126999 10.575001 5.582532
      vertex 3.427000 10.876476 5.707407
    endloop
  endfacet
  facet normal -1.000000 0.000000 0.000000
    outer loop
      vertex 3.126999 10.316116 5.383883
      vertex 3.126999 10.734806 5.846202
      vertex 3.126999 10.575001 5.582532
    endloop
  endfacet
  facet normal -0.000000 -0.608760 -0.793354
    outer loop
      vertex 3.427000 12.083885 5.383883
      vertex 3.126999 11.825001 5.582532
      vertex 3.126999 12.083885 5.383883
    endloop
  endfacet
  facet normal -1.000000 0.000000 0.000000
    outer loop
      vertex 3.126999 13.567135 4.500000
      vertex 3.126999 12.282532 5.125000
      vertex 3.126999 12.383568 6.550000
    endloop
  endfacet
  facet normal 0.000000 -0.608760 -0.793354
    outer loop
      vertex 3.427000 12.083885 5.383883
      vertex 3.427000 11.825001 5.582532
      vertex 3.126999 11.825001 5.582532
    endloop
  endfacet
  facet normal -0.000000 -0.382684 -0.923879
    outer loop
      vertex 3.427000 11.825001 5.582532
      vertex 3.126999 11.523525 5.707407
      vertex 3.126999 11.825001 5.582532
    endloop
  endfacet
  facet normal 1.000000 0.000000 -0.000000
    outer loop
      vertex 1.427000 9.299999 4.000000
      vertex 1.427000 9.992592 4.823524
      vertex 1.427000 8.500000 6.550000
    endloop
  endfacet
  facet normal 0.000000 0.793356 -0.608758
    outer loop
      vertex 1.427000 10.117470 5.125000
      vertex -0.173000 10.117470 5.125000
      vertex 1.427000 10.316116 5.383883
    endloop
  endfacet
  facet normal 0.000000 0.793356 -0.608758
    outer loop
      vertex 1.427000 10.316116 5.383883
      vertex -0.173000 10.117470 5.125000
      vertex -0.173000 10.316116 5.383883
    endloop
  endfacet
  facet normal -0.000000 -0.866026 -0.500000
    outer loop
      vertex 3.126999 13.567135 4.500000
      vertex 3.126999 12.383568 6.550000
      vertex 1.427000 13.567135 4.500000
    endloop
  endfacet
  facet normal 0.000000 -0.793356 -0.608758
    outer loop
      vertex 1.427000 12.282532 5.125000
      vertex 1.427000 12.083885 5.383883
      vertex -0.173000 12.083885 5.383883
    endloop
  endfacet
  facet normal -0.000000 -0.793356 -0.608758
    outer loop
      vertex 1.427000 12.282532 5.125000
      vertex -0.173000 12.083885 5.383883
      vertex -0.173000 12.282532 5.125000
    endloop
  endfacet
  facet normal 0.000000 0.608760 -0.793354
    outer loop
      vertex 1.427000 10.316116 5.383883
      vertex -0.173000 10.316116 5.383883
      vertex 1.427000 10.575001 5.582532
    endloop
  endfacet
  facet normal 1.000000 0.000000 -0.000000
    outer loop
      vertex 1.427000 9.992592 4.823524
      vertex 1.427000 10.117470 5.125000
      vertex 1.427000 8.500000 6.550000
    endloop
  endfacet
  facet normal 0.000000 0.382684 -0.923879
    outer loop
      vertex 1.427000 10.575001 5.582532
      vertex -0.173000 10.575001 5.582532
      vertex 1.427000 10.876476 5.707407
    endloop
  endfacet
  facet normal 0.000000 0.608760 -0.793354
    outer loop
      vertex 1.427000 10.575001 5.582532
      vertex -0.173000 10.316116 5.383883
      vertex -0.173000 10.575001 5.582532
    endloop
  endfacet
  facet normal -0.000000 -0.608760 -0.793354
    outer loop
      vertex 1.427000 12.083885 5.383883
      vertex -0.173000 11.825001 5.582532
      vertex -0.173000 12.083885 5.383883
    endloop
  endfacet
  facet normal 1.000000 0.000000 0.000000
    outer loop
      vertex 1.427000 13.567135 4.500000
      vertex 1.427000 12.383568 6.550000
      vertex 1.427000 12.282532 5.125000
    endloop
  endfacet
  facet normal 0.000000 -0.608760 -0.793354
    outer loop
      vertex 1.427000 12.083885 5.383883
      vertex 1.427000 11.825001 5.582532
      vertex -0.173000 11.825001 5.582532
    endloop
  endfacet
  facet normal -0.000000 -0.382684 -0.923879
    outer loop
      vertex 1.427000 11.825001 5.582532
      vertex -0.173000 11.523525 5.707407
      vertex -0.173000 11.825001 5.582532
    endloop
  endfacet
  facet normal 0.000000 1.000000 0.000000
    outer loop
      vertex -0.173000 13.900002 2.000000
      vertex -0.173000 13.900002 7.000000
      vertex 3.427000 13.900002 7.000000
    endloop
  endfacet
  facet normal 0.000000 1.000000 -0.000000
    outer loop
      vertex 10.827000 0.000000 4.000000
      vertex 6.126999 0.000000 6.550000
      vertex 10.827000 0.000000 7.000000
    endloop
  endfacet
  facet normal 0.000000 1.000000 -0.000000
    outer loop
      vertex 6.126999 0.000000 6.550000
      vertex 4.427000 0.000000 6.550000
      vertex 10.827000 0.000000 7.000000
    endloop
  endfacet
  facet normal 0.000000 1.000000 -0.000000
    outer loop
      vertex 3.976999 0.000000 4.000000
      vertex 2.827000 0.000000 7.000000
      vertex 4.427000 0.000000 6.550000
    endloop
  endfacet
  facet normal 0.000000 -1.000000 0.000000
    outer loop
      vertex 3.126999 8.500000 4.000000
      vertex 3.427000 8.500000 7.000000
      vertex 3.126999 8.500000 6.550000
    endloop
  endfacet
  facet normal 0.000000 -1.000000 0.000000
    outer loop
      vertex 0.976999 8.500000 4.000000
      vertex 1.427000 8.500000 6.550000
      vertex -0.173000 8.500000 7.000000
    endloop
  endfacet
  facet normal 0.000000 -1.000000 0.000000
    outer loop
      vertex 3.126999 8.500000 6.550000
      vertex 3.427000 8.500000 7.000000
      vertex 1.427000 8.500000 6.550000
    endloop
  endfacet
  facet normal 1.000000 0.000000 -0.000000
    outer loop
      vertex 3.427000 9.992592 4.823524
      vertex 3.427000 10.117470 5.125000
      vertex 3.427000 8.500000 7.000000
    endloop
  endfacet
  facet normal -1.000000 0.000000 0.000000
    outer loop
      vertex 3.126999 10.117470 5.125000
      vertex 3.126999 8.500000 6.550000
      vertex 3.126999 10.316116 5.383883
    endloop
  endfacet
  facet normal 0.000000 0.382684 -0.923879
    outer loop
      vertex 3.126999 10.575001 5.582532
      vertex 3.126999 10.876476 5.707407
      vertex 3.427000 10.876476 5.707407
    endloop
  endfacet
  facet normal -1.000000 0.000000 0.000000
    outer loop
      vertex 3.126999 10.575001 5.582532
      vertex 3.126999 10.734806 5.846202
      vertex 3.126999 10.876476 5.707407
    endloop
  endfacet
  facet normal 0.000000 0.130525 -0.991445
    outer loop
      vertex 3.427000 10.876476 5.707407
      vertex 3.126999 10.876476 5.707407
      vertex 3.427000 11.200001 5.750000
    endloop
  endfacet
  facet normal 0.000000 0.130525 -0.991445
    outer loop
      vertex 3.126999 10.876476 5.707407
      vertex 3.126999 11.200001 5.750000
      vertex 3.427000 11.200001 5.750000
    endloop
  endfacet
  facet normal 1.000000 0.000000 -0.000000
    outer loop
      vertex 3.427000 10.117470 5.125000
      vertex 3.427000 10.316116 5.383883
      vertex 3.427000 8.500000 7.000000
    endloop
  endfacet
  facet normal -1.000000 0.000000 0.000000
    outer loop
      vertex 3.126999 10.876476 5.707407
      vertex 3.126999 11.200001 5.888285
      vertex 3.126999 11.200001 5.750000
    endloop
  endfacet
  facet normal -1.000000 0.000000 0.000000
    outer loop
      vertex 3.126999 10.876476 5.707407
      vertex 3.126999 10.734806 5.846202
      vertex 3.126999 11.200001 5.888285
    endloop
  endfacet
  facet normal 0.000000 -0.382684 -0.923879
    outer loop
      vertex 3.427000 11.825001 5.582532
      vertex 3.427000 11.523525 5.707407
      vertex 3.126999 11.523525 5.707407
    endloop
  endfacet
  facet normal -0.000000 -0.130525 -0.991445
    outer loop
      vertex 3.427000 11.523525 5.707407
      vertex 3.126999 11.200001 5.750000
      vertex 3.126999 11.523525 5.707407
    endloop
  endfacet
  facet normal 0.000000 -0.130525 -0.991445
    outer loop
      vertex 3.427000 11.523525 5.707407
      vertex 3.427000 11.200001 5.750000
      vertex 3.126999 11.200001 5.750000
    endloop
  endfacet
  facet normal -1.000000 0.000000 0.000000
    outer loop
      vertex 3.126999 12.282532 5.125000
      vertex 3.126999 12.083885 5.383883
      vertex 3.126999 12.383568 6.550000
    endloop
  endfacet
  facet normal 1.000000 0.000000 -0.000000
    outer loop
      vertex 3.427000 12.407406 4.823524
      vertex 3.427000 13.900002 7.000000
      vertex 3.427000 12.282532 5.125000
    endloop
  endfacet
  facet normal -1.000000 0.000000 0.000000
    outer loop
      vertex 3.126999 12.083885 5.383883
      vertex 3.126999 11.825001 5.582532
      vertex 3.126999 12.383568 6.550000
    endloop
  endfacet
  facet normal 1.000000 0.000000 -0.000000
    outer loop
      vertex 3.427000 12.282532 5.125000
      vertex 3.427000 13.900002 7.000000
      vertex 3.427000 12.083885 5.383883
    endloop
  endfacet
  facet normal 1.000000 0.000000 -0.000000
    outer loop
      vertex 3.427000 10.316116 5.383883
      vertex 3.427000 10.575001 5.582532
      vertex 3.427000 8.500000 7.000000
    endloop
  endfacet
  facet normal -1.000000 0.000000 0.000000
    outer loop
      vertex 3.126999 10.316116 5.383883
      vertex 3.126999 10.016434 6.550000
      vertex 3.126999 10.734806 5.846202
    endloop
  endfacet
  facet normal 1.000000 0.000000 -0.000000
    outer loop
      vertex 3.427000 10.575001 5.582532
      vertex 3.427000 10.876476 5.707407
      vertex 3.427000 8.500000 7.000000
    endloop
  endfacet
  facet normal -1.000000 0.000000 0.000000
    outer loop
      vertex 3.126999 10.316116 5.383883
      vertex 3.126999 8.500000 6.550000
      vertex 3.126999 10.016434 6.550000
    endloop
  endfacet
  facet normal -1.000000 0.000000 0.000000
    outer loop
      vertex 3.126999 10.734806 5.846202
      vertex 3.126999 10.016434 6.550000
      vertex 3.126999 11.200001 5.888285
    endloop
  endfacet
  facet normal -1.000000 0.000000 0.000000
    outer loop
      vertex 3.126999 11.825001 5.582532
      vertex 3.126999 11.523525 5.707407
      vertex 3.126999 12.383568 6.550000
    endloop
  endfacet
  facet normal -1.000000 0.000000 0.000000
    outer loop
      vertex 3.126999 11.523525 5.707407
      vertex 3.126999 11.200001 5.750000
      vertex 3.126999 12.383568 6.550000
    endloop
  endfacet
  facet normal 1.000000 0.000000 -0.000000
    outer loop
      vertex 3.427000 12.083885 5.383883
      vertex 3.427000 13.900002 7.000000
      vertex 3.427000 11.825001 5.582532
    endloop
  endfacet
  facet normal -1.000000 0.000000 0.000000
    outer loop
      vertex 3.126999 11.200001 5.750000
      vertex 3.126999 11.200001 5.888285
      vertex 3.126999 12.383568 6.550000
    endloop
  endfacet
  facet normal 1.000000 0.000000 0.000000
    outer loop
      vertex 3.427000 10.876476 5.707407
      vertex 3.427000 11.200001 5.750000
      vertex 3.427000 13.900002 7.000000
    endloop
  endfacet
  facet normal 1.000000 0.000000 -0.000000
    outer loop
      vertex 3.427000 11.825001 5.582532
      vertex 3.427000 13.900002 7.000000
      vertex 3.427000 11.523525 5.707407
    endloop
  endfacet
  facet normal 1.000000 0.000000 -0.000000
    outer loop
      vertex 3.427000 11.523525 5.707407
      vertex 3.427000 13.900002 7.000000
      vertex 3.427000 11.200001 5.750000
    endloop
  endfacet
  facet normal 1.000000 0.000000 -0.000000
    outer loop
      vertex 1.427000 10.117470 5.125000
      vertex 1.427000 10.316116 5.383883
      vertex 1.427000 8.500000 6.550000
    endloop
  endfacet
  facet normal 0.000000 0.130525 -0.991445
    outer loop
      vertex 1.427000 10.876476 5.707407
      vertex -0.173000 10.876476 5.707407
      vertex 1.427000 11.200001 5.750000
    endloop
  endfacet
  facet normal 0.000000 0.382684 -0.923879
    outer loop
      vertex 1.427000 10.876476 5.707407
      vertex -0.173000 10.575001 5.582532
      vertex -0.173000 10.876476 5.707407
    endloop
  endfacet
  facet normal 0.000000 0.130525 -0.991445
    outer loop
      vertex 1.427000 11.200001 5.750000
      vertex -0.173000 10.876476 5.707407
      vertex -0.173000 11.200001 5.750000
    endloop
  endfacet
  facet normal 1.000000 0.000000 -0.000000
    outer loop
      vertex 1.427000 10.316116 5.383883
      vertex 1.427000 10.575001 5.582532
      vertex 1.427000 10.016434 6.550000
    endloop
  endfacet
  facet normal 0.000000 -0.866026 -0.500000
    outer loop
      vertex 1.427000 13.567135 4.500000
      vertex 3.126999 12.383568 6.550000
      vertex 1.427000 12.383568 6.550000
    endloop
  endfacet
  facet normal 0.000000 -0.382684 -0.923879
    outer loop
      vertex 1.427000 11.825001 5.582532
      vertex 1.427000 11.523525 5.707407
      vertex -0.173000 11.523525 5.707407
    endloop
  endfacet
  facet normal 0.000000 -0.130525 -0.991445
    outer loop
      vertex 1.427000 11.523525 5.707407
      vertex 1.427000 11.200001 5.750000
      vertex -0.173000 11.200001 5.750000
    endloop
  endfacet
  facet normal -0.000000 -0.130525 -0.991445
    outer loop
      vertex 1.427000 11.523525 5.707407
      vertex -0.173000 11.200001 5.750000
      vertex -0.173000 11.523525 5.707407
    endloop
  endfacet
  facet normal 1.000000 0.000000 -0.000000
    outer loop
      vertex 1.427000 12.282532 5.125000
      vertex 1.427000 12.383568 6.550000
      vertex 1.427000 12.083885 5.383883
    endloop
  endfacet
  facet normal 1.000000 0.000000 -0.000000
    outer loop
      vertex 1.427000 12.083885 5.383883
      vertex 1.427000 12.383568 6.550000
      vertex 1.427000 11.825001 5.582532
    endloop
  endfacet
  facet normal 1.000000 0.000000 -0.000000
    outer loop
      vertex 1.427000 10.575001 5.582532
      vertex 1.427000 10.876476 5.707407
      vertex 1.427000 10.016434 6.550000
    endloop
  endfacet
  facet normal 1.000000 0.000000 -0.000000
    outer loop
      vertex 1.427000 10.876476 5.707407
      vertex 1.427000 11.200001 5.750000
      vertex 1.427000 10.016434 6.550000
    endloop
  endfacet
  facet normal 1.000000 0.000000 0.000000
    outer loop
      vertex 1.427000 11.523525 5.707407
      vertex 1.427000 10.016434 6.550000
      vertex 1.427000 11.200001 5.750000
    endloop
  endfacet
  facet normal 1.000000 0.000000 0.000000
    outer loop
      vertex 1.427000 10.316116 5.383883
      vertex 1.427000 10.016434 6.550000
      vertex 1.427000 8.500000 6.550000
    endloop
  endfacet
  facet normal 1.000000 0.000000 -0.000000
    outer loop
      vertex 1.427000 11.825001 5.582532
      vertex 1.427000 12.383568 6.550000
      vertex 1.427000 11.523525 5.707407
    endloop
  endfacet
  facet normal -1.000000 0.000000 0.000000
    outer loop
      vertex 3.126999 11.200001 5.888285
      vertex 3.126999 10.016434 6.550000
      vertex 3.126999 12.383568 6.550000
    endloop
  endfacet
  facet normal 1.000000 0.000000 -0.000000
    outer loop
      vertex 3.427000 10.876476 5.707407
      vertex 3.427000 13.900002 7.000000
      vertex 3.427000 8.500000 7.000000
    endloop
  endfacet
  facet normal 1.000000 0.000000 -0.000000
    outer loop
      vertex 1.427000 11.523525 5.707407
      vertex 1.427000 12.383568 6.550000
      vertex 1.427000 10.016434 6.550000
    endloop
  endfacet
  facet normal 0.000000 0.000000 -1.000000
    outer loop
      vertex 3.126999 8.500000 6.550000
      vertex 1.427000 10.016434 6.550000
      vertex 3.126999 10.016434 6.550000
    endloop
  endfacet
  facet normal 0.000000 0.000000 -1.000000
    outer loop
      vertex 3.126999 8.500000 6.550000
      vertex 1.427000 8.500000 6.550000
      vertex 1.427000 10.016434 6.550000
    endloop
  endfacet
  facet normal 0.000000 0.000000 -1.000000
    outer loop
      vertex 3.126999 10.016434 6.550000
      vertex 1.427000 10.016434 6.550000
      vertex 3.126999 12.383568 6.550000
    endloop
  endfacet
  facet normal -0.000000 0.000000 -1.000000
    outer loop
      vertex 3.126999 12.383568 6.550000
      vertex 1.427000 10.016434 6.550000
      vertex 1.427000 12.383568 6.550000
    endloop
  endfacet
  facet normal 0.000000 1.000000 -0.000000
    outer loop
      vertex 4.427000 0.000000 6.550000
      vertex 2.827000 0.000000 7.000000
      vertex 10.827000 0.000000 7.000000
    endloop
  endfacet
  facet normal 0.000000 -1.000000 0.000000
    outer loop
      vertex 1.427000 8.500000 6.550000
      vertex 3.427000 8.500000 7.000000
      vertex -0.173000 8.500000 7.000000
    endloop
  endfacet
  facet normal 0.000000 -0.000000 1.000000
    outer loop
      vertex 3.427000 8.500000 7.000000
      vertex 3.427000 13.900002 7.000000
      vertex -0.173000 8.500000 7.000000
    endloop
  endfacet
  facet normal 0.000000 0.000000 1.000000
    outer loop
      vertex 3.427000 13.900002 7.000000
      vertex -0.173000 13.900002 7.000000
      vertex -0.173000 8.500000 7.000000
    endloop
  endfacet
  facet normal -1.000000 0.000000 0.000000
    outer loop
      vertex -0.173000 8.500000 2.000000
      vertex -0.173000 8.500000 7.000000
      vertex -0.173000 9.992592 4.823524
    endloop
  endfacet
  facet normal -1.000000 0.000000 0.000000
    outer loop
      vertex -0.173000 12.407406 4.176476
      vertex -0.173000 12.450001 4.500000
      vertex -0.173000 13.900002 7.000000
    endloop
  endfacet
  facet normal -1.000000 0.000000 0.000000
    outer loop
      vertex -0.173000 12.450001 4.500000
      vertex -0.173000 12.407406 4.823524
      vertex -0.173000 13.900002 7.000000
    endloop
  endfacet
  facet normal -1.000000 0.000000 0.000000
    outer loop
      vertex -0.173000 9.992592 4.823524
      vertex -0.173000 8.500000 7.000000
      vertex -0.173000 10.117470 5.125000
    endloop
  endfacet
  facet normal -1.000000 0.000000 0.000000
    outer loop
      vertex -0.173000 10.117470 5.125000
      vertex -0.173000 8.500000 7.000000
      vertex -0.173000 10.316116 5.383883
    endloop
  endfacet
  facet normal -1.000000 0.000000 0.000000
    outer loop
      vertex -0.173000 12.407406 4.823524
      vertex -0.173000 12.282532 5.125000
      vertex -0.173000 13.900002 7.000000
    endloop
  endfacet
  facet normal -1.000000 0.000000 0.000000
    outer loop
      vertex -0.173000 12.282532 5.125000
      vertex -0.173000 12.083885 5.383883
      vertex -0.173000 13.900002 7.000000
    endloop
  endfacet
  facet normal -1.000000 0.000000 0.000000
    outer loop
      vertex -0.173000 10.316116 5.383883
      vertex -0.173000 8.500000 7.000000
      vertex -0.173000 10.575001 5.582532
    endloop
  endfacet
  facet normal -1.000000 0.000000 0.000000
    outer loop
      vertex -0.173000 10.575001 5.582532
      vertex -0.173000 8.500000 7.000000
      vertex -0.173000 10.876476 5.707407
    endloop
  endfacet
  facet normal -1.000000 0.000000 0.000000
    outer loop
      vertex -0.173000 10.876476 5.707407
      vertex -0.173000 8.500000 7.000000
      vertex -0.173000 11.200001 5.750000
    endloop
  endfacet
  facet normal -1.000000 0.000000 0.000000
    outer loop
      vertex -0.173000 11.523525 5.707407
      vertex -0.173000 11.200001 5.750000
      vertex -0.173000 8.500000 7.000000
    endloop
  endfacet
  facet normal -1.000000 0.000000 0.000000
    outer loop
      vertex -0.173000 12.083885 5.383883
      vertex -0.173000 11.825001 5.582532
      vertex -0.173000 13.900002 7.000000
    endloop
  endfacet
  facet normal -1.000000 0.000000 0.000000
    outer loop
      vertex -0.173000 11.825001 5.582532
      vertex -0.173000 11.523525 5.707407
      vertex -0.173000 13.900002 7.000000
    endloop
  endfacet
  facet normal -1.000000 0.000000 0.000000
    outer loop
      vertex -0.173000 11.523525 5.707407
      vertex -0.173000 8.500000 7.000000
      vertex -0.173000 13.900002 7.000000
    endloop
  endfacet
  facet normal 0.000000 0.793345 0.608773
    outer loop
      vertex -15.226999 30.917465 4.875000
      vertex -15.226999 31.116119 4.616117
      vertex -20.827002 31.116119 4.616117
    endloop
  endfacet
  facet normal 0.000000 0.923885 0.382670
    outer loop
      vertex -15.226999 30.917465 4.875000
      vertex -20.827002 30.917465 4.875000
      vertex -15.226999 30.792595 5.176476
    endloop
  endfacet
  facet normal 0.000000 -0.608766 0.793350
    outer loop
      vertex -15.226999 32.625000 4.417468
      vertex -15.226999 32.883881 4.616117
      vertex -20.827002 32.883881 4.616117
    endloop
  endfacet
  facet normal 0.000000 -0.793345 0.608773
    outer loop
      vertex -15.226999 32.883881 4.616117
      vertex -15.226999 33.082535 4.875000
      vertex -20.827002 33.082535 4.875000
    endloop
  endfacet
  facet normal 0.000000 0.991444 0.130533
    outer loop
      vertex -15.226999 30.792595 5.176476
      vertex -20.827002 30.792595 5.176476
      vertex -15.226999 30.750000 5.500000
    endloop
  endfacet
  facet normal 1.000000 0.000000 0.000000
    outer loop
      vertex -15.226999 28.500000 2.000000
      vertex -15.226999 30.792595 5.823524
      vertex -15.226999 28.500000 9.000000
    endloop
  endfacet
  facet normal 0.000000 0.991444 -0.130533
    outer loop
      vertex -15.226999 30.750000 5.500000
      vertex -20.827002 30.750000 5.500000
      vertex -15.226999 30.792595 5.823524
    endloop
  endfacet
  facet normal 0.000000 -0.923885 0.382670
    outer loop
      vertex -15.226999 33.082535 4.875000
      vertex -15.226999 33.207405 5.176476
      vertex -20.827002 33.207405 5.176476
    endloop
  endfacet
  facet normal 0.000000 -0.991444 0.130533
    outer loop
      vertex -15.226999 33.207405 5.176476
      vertex -15.226999 33.250000 5.500000
      vertex -20.827002 33.250000 5.500000
    endloop
  endfacet
  facet normal 1.000000 0.000000 -0.000000
    outer loop
      vertex -15.226999 35.500000 2.000000
      vertex -15.226999 35.500000 9.000000
      vertex -15.226999 33.207405 5.176476
    endloop
  endfacet
  facet normal -1.000000 0.000000 0.000000
    outer loop
      vertex -20.827002 29.949997 4.316432
      vertex -20.827002 30.917465 4.875000
      vertex -20.827002 31.116119 4.616117
    endloop
  endfacet
  facet normal 0.000000 -1.000000 0.000000
    outer loop
      vertex -15.226999 28.500000 2.000000
      vertex -24.226999 28.500000 9.000000
      vertex -18.973001 28.500000 4.000000
    endloop
  endfacet
  facet normal 0.000000 0.793345 0.608773
    outer loop
      vertex -15.226999 30.917465 4.875000
      vertex -20.827002 31.116119 4.616117
      vertex -20.827002 30.917465 4.875000
    endloop
  endfacet
  facet normal -1.000000 0.000000 0.000000
    outer loop
      vertex -20.827002 29.949997 4.316432
      vertex -20.827002 30.792595 5.176476
      vertex -20.827002 30.917465 4.875000
    endloop
  endfacet
  facet normal -1.000000 0.000000 0.000000
    outer loop
      vertex -20.827002 29.949997 4.316432
      vertex -20.827002 29.949997 5.500000
      vertex -20.827002 30.792595 5.176476
    endloop
  endfacet
  facet normal 1.000000 0.000000 0.000000
    outer loop
      vertex -22.627001 29.949997 4.316432
      vertex -22.627001 31.116119 4.616117
      vertex -22.627001 30.917465 4.875000
    endloop
  endfacet
  facet normal 0.000000 1.000000 0.000000
    outer loop
      vertex -20.827002 29.949997 4.316432
      vertex -22.627001 29.949997 4.316432
      vertex -22.627001 29.949997 5.500000
    endloop
  endfacet
  facet normal 0.000000 0.793345 0.608773
    outer loop
      vertex -22.627001 30.917465 4.875000
      vertex -22.627001 31.116119 4.616117
      vertex -24.226999 31.116119 4.616117
    endloop
  endfacet
  facet normal 0.000000 -1.000000 0.000000
    outer loop
      vertex -24.226999 28.500000 2.000000
      vertex -20.573000 28.500000 4.000000
      vertex -24.226999 28.500000 9.000000
    endloop
  endfacet
  facet normal 1.000000 0.000000 0.000000
    outer loop
      vertex -22.627001 29.949997 4.316432
      vertex -22.627001 30.917465 4.875000
      vertex -22.627001 30.792595 5.176476
    endloop
  endfacet
  facet normal 1.000000 0.000000 0.000000
    outer loop
      vertex -22.627001 29.949997 4.316432
      vertex -22.627001 30.792595 5.176476
      vertex -22.627001 29.949997 5.500000
    endloop
  endfacet
  facet normal 0.000000 0.793345 0.608773
    outer loop
      vertex -22.627001 30.917465 4.875000
      vertex -24.226999 31.116119 4.616117
      vertex -24.226999 30.917465 4.875000
    endloop
  endfacet
  facet normal 0.000000 0.923885 0.382670
    outer loop
      vertex -22.627001 30.917465 4.875000
      vertex -24.226999 30.917465 4.875000
      vertex -22.627001 30.792595 5.176476
    endloop
  endfacet
  facet normal 0.000000 0.608766 0.793350
    outer loop
      vertex -20.827002 31.375000 4.417468
      vertex -20.827002 31.116119 4.616117
      vertex -15.226999 31.116119 4.616117
    endloop
  endfacet
  facet normal 0.000000 -0.793345 0.608773
    outer loop
      vertex -15.226999 32.883881 4.616117
      vertex -20.827002 33.082535 4.875000
      vertex -20.827002 32.883881 4.616117
    endloop
  endfacet
  facet normal -1.000000 0.000000 0.000000
    outer loop
      vertex -20.827002 34.050003 4.316432
      vertex -20.827002 32.883881 4.616117
      vertex -20.827002 33.082535 4.875000
    endloop
  endfacet
  facet normal 0.000000 -0.923885 0.382670
    outer loop
      vertex -15.226999 33.082535 4.875000
      vertex -20.827002 33.207405 5.176476
      vertex -20.827002 33.082535 4.875000
    endloop
  endfacet
  facet normal -1.000000 0.000000 0.000000
    outer loop
      vertex -20.827002 34.050003 4.316432
      vertex -20.827002 33.082535 4.875000
      vertex -20.827002 33.207405 5.176476
    endloop
  endfacet
  facet normal -1.000000 0.000000 0.000000
    outer loop
      vertex -20.827002 34.050003 4.316432
      vertex -20.827002 33.207405 5.176476
      vertex -20.827002 34.050003 5.500000
    endloop
  endfacet
  facet normal 0.000000 0.608766 0.793350
    outer loop
      vertex -24.226999 31.375000 4.417468
      vertex -24.226999 31.116119 4.616117
      vertex -22.627001 31.116119 4.616117
    endloop
  endfacet
  facet normal 0.000000 -0.608766 0.793350
    outer loop
      vertex -22.627001 32.625000 4.417468
      vertex -22.627001 32.883881 4.616117
      vertex -24.226999 32.883881 4.616117
    endloop
  endfacet
  facet normal 0.000000 -0.793345 0.608773
    outer loop
      vertex -22.627001 32.883881 4.616117
      vertex -24.226999 33.082535 4.875000
      vertex -24.226999 32.883881 4.616117
    endloop
  endfacet
  facet normal 1.000000 0.000000 0.000000
    outer loop
      vertex -22.627001 34.050003 4.316432
      vertex -22.627001 33.082535 4.875000
      vertex -22.627001 32.883881 4.616117
    endloop
  endfacet
  facet normal 0.000000 -1.000000 0.000000
    outer loop
      vertex -20.827002 34.050003 4.316432
      vertex -20.827002 34.050003 5.500000
      vertex -22.627001 34.050003 4.316432
    endloop
  endfacet
  facet normal 0.000000 -0.793345 0.608773
    outer loop
      vertex -22.627001 32.883881 4.616117
      vertex -22.627001 33.082535 4.875000
      vertex -24.226999 33.082535 4.875000
    endloop
  endfacet
  facet normal 0.000000 -0.923885 0.382670
    outer loop
      vertex -22.627001 33.082535 4.875000
      vertex -24.226999 33.207405 5.176476
      vertex -24.226999 33.082535 4.875000
    endloop
  endfacet
  facet normal 1.000000 0.000000 0.000000
    outer loop
      vertex -22.627001 34.050003 4.316432
      vertex -22.627001 33.207405 5.176476
      vertex -22.627001 33.082535 4.875000
    endloop
  endfacet
  facet normal 1.000000 0.000000 -0.000000
    outer loop
      vertex -22.627001 34.050003 4.316432
      vertex -22.627001 34.050003 5.500000
      vertex -22.627001 33.207405 5.176476
    endloop
  endfacet
  facet normal 0.000000 0.923885 0.382670
    outer loop
      vertex -15.226999 30.792595 5.176476
      vertex -20.827002 30.917465 4.875000
      vertex -20.827002 30.792595 5.176476
    endloop
  endfacet
  facet normal 0.000000 0.991444 0.130533
    outer loop
      vertex -15.226999 30.750000 5.500000
      vertex -20.827002 30.792595 5.176476
      vertex -20.827002 30.750000 5.500000
    endloop
  endfacet
  facet normal -1.000000 0.000000 0.000000
    outer loop
      vertex -20.827002 30.792595 5.176476
      vertex -20.827002 29.949997 5.500000
      vertex -20.827002 30.750000 5.500000
    endloop
  endfacet
  facet normal -1.000000 0.000000 0.000000
    outer loop
      vertex -20.827002 29.949997 5.500000
      vertex -20.827002 30.792595 5.823524
      vertex -20.827002 30.750000 5.500000
    endloop
  endfacet
  facet normal 0.000000 1.000000 -0.000000
    outer loop
      vertex -20.827002 29.949997 4.316432
      vertex -22.627001 29.949997 5.500000
      vertex -20.827002 29.949997 5.500000
    endloop
  endfacet
  facet normal 0.000000 0.923885 0.382670
    outer loop
      vertex -24.226999 30.917465 4.875000
      vertex -24.226999 30.792595 5.176476
      vertex -22.627001 30.792595 5.176476
    endloop
  endfacet
  facet normal 0.000000 0.991444 0.130533
    outer loop
      vertex -22.627001 30.792595 5.176476
      vertex -24.226999 30.792595 5.176476
      vertex -22.627001 30.750000 5.500000
    endloop
  endfacet
  facet normal 1.000000 0.000000 0.000000
    outer loop
      vertex -22.627001 30.792595 5.176476
      vertex -22.627001 30.750000 5.500000
      vertex -22.627001 29.949997 5.500000
    endloop
  endfacet
  facet normal 1.000000 0.000000 0.000000
    outer loop
      vertex -22.627001 29.949997 5.500000
      vertex -22.627001 30.750000 5.500000
      vertex -22.627001 30.792595 5.823524
    endloop
  endfacet
  facet normal -1.000000 0.000000 0.000000
    outer loop
      vertex -24.226999 28.500000 2.000000
      vertex -24.226999 28.500000 9.000000
      vertex -24.226999 30.792595 5.176476
    endloop
  endfacet
  facet normal 0.000000 0.991444 0.130533
    outer loop
      vertex -24.226999 30.792595 5.176476
      vertex -24.226999 30.750000 5.500000
      vertex -22.627001 30.750000 5.500000
    endloop
  endfacet
  facet normal 0.000000 0.991444 -0.130533
    outer loop
      vertex -22.627001 30.750000 5.500000
      vertex -24.226999 30.750000 5.500000
      vertex -22.627001 30.792595 5.823524
    endloop
  endfacet
  facet normal 0.000000 -0.991444 0.130533
    outer loop
      vertex -15.226999 33.207405 5.176476
      vertex -20.827002 33.250000 5.500000
      vertex -20.827002 33.207405 5.176476
    endloop
  endfacet
  facet normal -0.000000 -0.991444 -0.130533
    outer loop
      vertex -15.226999 33.250000 5.500000
      vertex -20.827002 33.207405 5.823524
      vertex -20.827002 33.250000 5.500000
    endloop
  endfacet
  facet normal -1.000000 0.000000 0.000000
    outer loop
      vertex -20.827002 33.207405 5.176476
      vertex -20.827002 33.250000 5.500000
      vertex -20.827002 34.050003 5.500000
    endloop
  endfacet
  facet normal -1.000000 0.000000 0.000000
    outer loop
      vertex -20.827002 33.250000 5.500000
      vertex -20.827002 33.207405 5.823524
      vertex -20.827002 34.050003 5.500000
    endloop
  endfacet
  facet normal 0.000000 -0.923885 0.382670
    outer loop
      vertex -22.627001 33.082535 4.875000
      vertex -22.627001 33.207405 5.176476
      vertex -24.226999 33.207405 5.176476
    endloop
  endfacet
  facet normal 0.000000 -0.991444 0.130533
    outer loop
      vertex -22.627001 33.207405 5.176476
      vertex -24.226999 33.250000 5.500000
      vertex -24.226999 33.207405 5.176476
    endloop
  endfacet
  facet normal 0.000000 -1.000000 0.000000
    outer loop
      vertex -22.627001 34.050003 4.316432
      vertex -20.827002 34.050003 5.500000
      vertex -22.627001 34.050003 5.500000
    endloop
  endfacet
  facet normal 0.000000 -0.991444 0.130533
    outer loop
      vertex -22.627001 33.207405 5.176476
      vertex -22.627001 33.250000 5.500000
      vertex -24.226999 33.250000 5.500000
    endloop
  endfacet
  facet normal -0.000000 -0.991444 -0.130533
    outer loop
      vertex -22.627001 33.250000 5.500000
      vertex -24.226999 33.207405 5.823524
      vertex -24.226999 33.250000 5.500000
    endloop
  endfacet
  facet normal 1.000000 0.000000 0.000000
    outer loop
      vertex -22.627001 33.207405 5.176476
      vertex -22.627001 34.050003 5.500000
      vertex -22.627001 33.250000 5.500000
    endloop
  endfacet
  facet normal 1.000000 0.000000 -0.000000
    outer loop
      vertex -22.627001 33.250000 5.500000
      vertex -22.627001 34.050003 5.500000
      vertex -22.627001 33.207405 5.823524
    endloop
  endfacet
  facet normal -1.000000 0.000000 0.000000
    outer loop
      vertex -24.226999 35.500000 2.000000
      vertex -24.226999 33.207405 5.823524
      vertex -24.226999 35.500000 9.000000
    endloop
  endfacet
  facet normal 0.000000 0.923885 -0.382670
    outer loop
      vertex -15.226999 30.792595 5.823524
      vertex -20.827002 30.792595 5.823524
      vertex -15.226999 30.917465 6.125000
    endloop
  endfacet
  facet normal 0.000000 -0.991444 -0.130533
    outer loop
      vertex -15.226999 33.250000 5.500000
      vertex -15.226999 33.207405 5.823524
      vertex -20.827002 33.207405 5.823524
    endloop
  endfacet
  facet normal 0.000000 -0.923885 -0.382670
    outer loop
      vertex -15.226999 33.207405 5.823524
      vertex -15.226999 33.082535 6.125000
      vertex -20.827002 33.082535 6.125000
    endloop
  endfacet
  facet normal 0.000000 0.793345 -0.608773
    outer loop
      vertex -15.226999 30.917465 6.125000
      vertex -20.827002 30.917465 6.125000
      vertex -15.226999 31.116119 6.383883
    endloop
  endfacet
  facet normal 0.000000 -0.793345 -0.608773
    outer loop
      vertex -15.226999 33.082535 6.125000
      vertex -15.226999 32.883881 6.383883
      vertex -20.827002 32.883881 6.383883
    endloop
  endfacet
  facet normal 0.000000 0.608766 -0.793350
    outer loop
      vertex -15.226999 31.116119 6.383883
      vertex -20.827002 31.116119 6.383883
      vertex -15.226999 31.375000 6.582532
    endloop
  endfacet
  facet normal 0.000000 -0.608766 -0.793350
    outer loop
      vertex -15.226999 32.883881 6.383883
      vertex -15.226999 32.625000 6.582532
      vertex -20.827002 32.625000 6.582532
    endloop
  endfacet
  facet normal 0.000000 0.382684 -0.923879
    outer loop
      vertex -15.226999 31.375000 6.582532
      vertex -20.827002 31.375000 6.582532
      vertex -15.226999 31.676476 6.707407
    endloop
  endfacet
  facet normal 0.000000 0.130525 -0.991445
    outer loop
      vertex -15.226999 31.676476 6.707407
      vertex -20.827002 31.676476 6.707407
      vertex -15.226999 32.000000 6.750000
    endloop
  endfacet
  facet normal 0.000000 -0.130525 -0.991445
    outer loop
      vertex -15.226999 32.323524 6.707407
      vertex -15.226999 32.000000 6.750000
      vertex -20.827002 32.000000 6.750000
    endloop
  endfacet
  facet normal 0.000000 -0.382684 -0.923879
    outer loop
      vertex -15.226999 32.625000 6.582532
      vertex -15.226999 32.323524 6.707407
      vertex -20.827002 32.323524 6.707407
    endloop
  endfacet
  facet normal 1.000000 0.000000 0.000000
    outer loop
      vertex -15.226999 33.207405 5.176476
      vertex -15.226999 35.500000 9.000000
      vertex -15.226999 33.250000 5.500000
    endloop
  endfacet
  facet normal 0.000000 0.991444 -0.130533
    outer loop
      vertex -20.827002 30.750000 5.500000
      vertex -20.827002 30.792595 5.823524
      vertex -15.226999 30.792595 5.823524
    endloop
  endfacet
  facet normal -1.000000 0.000000 0.000000
    outer loop
      vertex -20.827002 29.949997 5.500000
      vertex -20.827002 30.917465 6.125000
      vertex -20.827002 30.792595 5.823524
    endloop
  endfacet
  facet normal 0.000000 0.923885 -0.382670
    outer loop
      vertex -15.226999 30.917465 6.125000
      vertex -20.827002 30.792595 5.823524
      vertex -20.827002 30.917465 6.125000
    endloop
  endfacet
  facet normal -1.000000 0.000000 0.000000
    outer loop
      vertex -20.827002 29.949997 5.500000
      vertex -20.827002 31.116119 6.383883
      vertex -20.827002 30.917465 6.125000
    endloop
  endfacet
  facet normal 0.000000 -1.000000 0.000000
    outer loop
      vertex -18.973001 28.500000 4.000000
      vertex -24.226999 28.500000 9.000000
      vertex -20.573000 28.500000 4.000000
    endloop
  endfacet
  facet normal 1.000000 0.000000 0.000000
    outer loop
      vertex -22.627001 29.949997 5.500000
      vertex -22.627001 30.792595 5.823524
      vertex -22.627001 30.917465 6.125000
    endloop
  endfacet
  facet normal 0.000000 0.991444 -0.130533
    outer loop
      vertex -24.226999 30.750000 5.500000
      vertex -24.226999 30.792595 5.823524
      vertex -22.627001 30.792595 5.823524
    endloop
  endfacet
  facet normal 1.000000 0.000000 0.000000
    outer loop
      vertex -22.627001 29.949997 5.500000
      vertex -22.627001 30.917465 6.125000
      vertex -22.627001 31.116119 6.383883
    endloop
  endfacet
  facet normal 0.000000 0.923885 -0.382670
    outer loop
      vertex -22.627001 30.792595 5.823524
      vertex -24.226999 30.792595 5.823524
      vertex -22.627001 30.917465 6.125000
    endloop
  endfacet
  facet normal 0.000000 0.923885 -0.382670
    outer loop
      vertex -24.226999 30.792595 5.823524
      vertex -24.226999 30.917465 6.125000
      vertex -22.627001 30.917465 6.125000
    endloop
  endfacet
  facet normal -0.000000 -0.923885 -0.382670
    outer loop
      vertex -15.226999 33.207405 5.823524
      vertex -20.827002 33.082535 6.125000
      vertex -20.827002 33.207405 5.823524
    endloop
  endfacet
  facet normal 0.000000 -0.991444 -0.130533
    outer loop
      vertex -22.627001 33.250000 5.500000
      vertex -22.627001 33.207405 5.823524
      vertex -24.226999 33.207405 5.823524
    endloop
  endfacet
  facet normal 1.000000 0.000000 0.000000
    outer loop
      vertex -22.627001 34.050003 5.500000
      vertex -22.627001 33.082535 6.125000
      vertex -22.627001 33.207405 5.823524
    endloop
  endfacet
  facet normal 0.000000 -0.923885 -0.382670
    outer loop
      vertex -22.627001 33.207405 5.823524
      vertex -22.627001 33.082535 6.125000
      vertex -24.226999 33.082535 6.125000
    endloop
  endfacet
  facet normal -0.000000 -0.923885 -0.382670
    outer loop
      vertex -22.627001 33.207405 5.823524
      vertex -24.226999 33.082535 6.125000
      vertex -24.226999 33.207405 5.823524
    endloop
  endfacet
  facet normal 1.000000 0.000000 0.000000
    outer loop
      vertex -22.627001 34.050003 5.500000
      vertex -22.627001 32.883881 6.383883
      vertex -22.627001 33.082535 6.125000
    endloop
  endfacet
  facet normal 0.000000 0.793345 -0.608773
    outer loop
      vertex -15.226999 31.116119 6.383883
      vertex -20.827002 30.917465 6.125000
      vertex -20.827002 31.116119 6.383883
    endloop
  endfacet
  facet normal -1.000000 0.000000 0.000000
    outer loop
      vertex -20.827002 29.949997 5.500000
      vertex -20.827002 31.332512 6.683568
      vertex -20.827002 31.116119 6.383883
    endloop
  endfacet
  facet normal 0.000000 -1.000000 0.000000
    outer loop
      vertex -15.226999 28.500000 2.000000
      vertex -15.226999 28.500000 9.000000
      vertex -24.226999 28.500000 9.000000
    endloop
  endfacet
  facet normal 0.000000 0.793345 -0.608773
    outer loop
      vertex -22.627001 30.917465 6.125000
      vertex -24.226999 30.917465 6.125000
      vertex -22.627001 31.116119 6.383883
    endloop
  endfacet
  facet normal 0.000000 0.793345 -0.608773
    outer loop
      vertex -24.226999 30.917465 6.125000
      vertex -24.226999 31.116119 6.383883
      vertex -22.627001 31.116119 6.383883
    endloop
  endfacet
  facet normal 0.000000 1.000000 0.000000
    outer loop
      vertex -20.827002 29.949997 5.500000
      vertex -22.627001 29.949997 5.500000
      vertex -22.627001 29.949997 9.000000
    endloop
  endfacet
  facet normal -1.000000 0.000000 0.000000
    outer loop
      vertex -24.226999 30.792595 5.176476
      vertex -24.226999 28.500000 9.000000
      vertex -24.226999 30.750000 5.500000
    endloop
  endfacet
  facet normal -0.000000 -0.793345 -0.608773
    outer loop
      vertex -15.226999 33.082535 6.125000
      vertex -20.827002 32.883881 6.383883
      vertex -20.827002 33.082535 6.125000
    endloop
  endfacet
  facet normal -0.000000 -0.608766 -0.793350
    outer loop
      vertex -15.226999 32.883881 6.383883
      vertex -20.827002 32.625000 6.582532
      vertex -20.827002 32.883881 6.383883
    endloop
  endfacet
  facet normal 0.000000 0.608766 -0.793350
    outer loop
      vertex -15.226999 31.375000 6.582532
      vertex -20.827002 31.116119 6.383883
      vertex -20.827002 31.375000 6.582532
    endloop
  endfacet
  facet normal -0.000002 0.382708 -0.923869
    outer loop
      vertex -15.226999 31.676476 6.707407
      vertex -20.827002 31.375000 6.582532
      vertex -20.827002 31.386749 6.587399
    endloop
  endfacet
  facet normal 0.000000 0.382683 -0.923880
    outer loop
      vertex -15.226999 31.676476 6.707407
      vertex -20.827002 31.386749 6.587399
      vertex -20.827002 31.676476 6.707407
    endloop
  endfacet
  facet normal 0.000000 0.130525 -0.991445
    outer loop
      vertex -20.827002 31.676476 6.707407
      vertex -20.827002 32.000000 6.750000
      vertex -15.226999 32.000000 6.750000
    endloop
  endfacet
  facet normal -0.000000 -0.382684 -0.923879
    outer loop
      vertex -15.226999 32.625000 6.582532
      vertex -20.827002 32.323524 6.707407
      vertex -20.827002 32.625000 6.582532
    endloop
  endfacet
  facet normal -0.000000 -0.130525 -0.991445
    outer loop
      vertex -15.226999 32.323524 6.707407
      vertex -20.827002 32.000000 6.750000
      vertex -20.827002 32.323524 6.707407
    endloop
  endfacet
  facet normal -1.000000 0.000000 0.000000
    outer loop
      vertex -20.827002 31.116119 6.383883
      vertex -20.827002 31.332512 6.683568
      vertex -20.827002 31.375000 6.582532
    endloop
  endfacet
  facet normal -1.000000 0.000000 0.000000
    outer loop
      vertex -20.827002 31.375000 6.582532
      vertex -20.827002 31.332512 6.683568
      vertex -20.827002 31.386749 6.587399
    endloop
  endfacet
  facet normal -1.000000 0.000000 0.000000
    outer loop
      vertex -20.827002 31.386749 6.587399
      vertex -20.827002 31.332512 6.683568
      vertex -20.827002 31.676476 6.707407
    endloop
  endfacet
  facet normal 1.000000 0.000000 0.000000
    outer loop
      vertex -22.627001 34.050003 5.500000
      vertex -22.627001 32.667488 6.683568
      vertex -22.627001 32.883881 6.383883
    endloop
  endfacet
  facet normal 0.000000 -0.793345 -0.608773
    outer loop
      vertex -22.627001 33.082535 6.125000
      vertex -22.627001 32.883881 6.383883
      vertex -24.226999 32.883881 6.383883
    endloop
  endfacet
  facet normal -0.000000 -0.793345 -0.608773
    outer loop
      vertex -22.627001 33.082535 6.125000
      vertex -24.226999 32.883881 6.383883
      vertex -24.226999 33.082535 6.125000
    endloop
  endfacet
  facet normal 0.000000 0.608766 -0.793350
    outer loop
      vertex -22.627001 31.116119 6.383883
      vertex -24.226999 31.116119 6.383883
      vertex -22.627001 31.375000 6.582532
    endloop
  endfacet
  facet normal -0.000000 -0.608766 -0.793350
    outer loop
      vertex -22.627001 32.883881 6.383883
      vertex -24.226999 32.625000 6.582532
      vertex -24.226999 32.883881 6.383883
    endloop
  endfacet
  facet normal 1.000000 0.000000 0.000000
    outer loop
      vertex -22.627001 32.883881 6.383883
      vertex -22.627001 32.667488 6.683568
      vertex -22.627001 32.625000 6.582532
    endloop
  endfacet
  facet normal 1.000000 0.000000 -0.000000
    outer loop
      vertex -22.627001 32.625000 6.582532
      vertex -22.627001 32.667488 6.683568
      vertex -22.627001 32.613251 6.587399
    endloop
  endfacet
  facet normal 1.000000 0.000000 -0.000000
    outer loop
      vertex -22.627001 32.613251 6.587399
      vertex -22.627001 32.667488 6.683568
      vertex -22.627001 32.527878 6.622763
    endloop
  endfacet
  facet normal 1.000000 0.000000 -0.000000
    outer loop
      vertex -22.627001 32.527878 6.622763
      vertex -22.627001 32.667488 6.683568
      vertex -22.627001 32.323524 6.707407
    endloop
  endfacet
  facet normal 0.000000 0.608766 -0.793350
    outer loop
      vertex -24.226999 31.116119 6.383883
      vertex -24.226999 31.375000 6.582532
      vertex -22.627001 31.375000 6.582532
    endloop
  endfacet
  facet normal 0.000000 -0.608766 -0.793350
    outer loop
      vertex -22.627001 32.883881 6.383883
      vertex -22.627001 32.625000 6.582532
      vertex -24.226999 32.625000 6.582532
    endloop
  endfacet
  facet normal 0.000000 0.382684 -0.923879
    outer loop
      vertex -22.627001 31.375000 6.582532
      vertex -24.226999 31.375000 6.582532
      vertex -22.627001 31.676476 6.707407
    endloop
  endfacet
  facet normal 0.000000 0.130525 -0.991445
    outer loop
      vertex -22.627001 31.676476 6.707407
      vertex -24.226999 31.676476 6.707407
      vertex -22.627001 32.000000 6.750000
    endloop
  endfacet
  facet normal 0.000000 -0.130525 -0.991445
    outer loop
      vertex -22.627001 32.323524 6.707407
      vertex -22.627001 32.000000 6.750000
      vertex -24.226999 32.000000 6.750000
    endloop
  endfacet
  facet normal 0.000000 0.382684 -0.923879
    outer loop
      vertex -22.627001 31.676476 6.707407
      vertex -24.226999 31.375000 6.582532
      vertex -24.226999 31.676476 6.707407
    endloop
  endfacet
  facet normal 0.000000 0.130525 -0.991445
    outer loop
      vertex -24.226999 31.676476 6.707407
      vertex -24.226999 32.000000 6.750000
      vertex -22.627001 32.000000 6.750000
    endloop
  endfacet
  facet normal 0.000005 -0.382708 -0.923869
    outer loop
      vertex -22.627001 32.625000 6.582532
      vertex -22.627001 32.613251 6.587399
      vertex -24.226999 32.323524 6.707407
    endloop
  endfacet
  facet normal 0.000002 -0.382693 -0.923876
    outer loop
      vertex -22.627001 32.613251 6.587399
      vertex -22.627001 32.527878 6.622763
      vertex -24.226999 32.323524 6.707407
    endloop
  endfacet
  facet normal 0.000000 -0.382679 -0.923881
    outer loop
      vertex -22.627001 32.527878 6.622763
      vertex -22.627001 32.323524 6.707407
      vertex -24.226999 32.323524 6.707407
    endloop
  endfacet
  facet normal -0.000000 -0.382684 -0.923879
    outer loop
      vertex -22.627001 32.625000 6.582532
      vertex -24.226999 32.323524 6.707407
      vertex -24.226999 32.625000 6.582532
    endloop
  endfacet
  facet normal -0.000000 -0.130525 -0.991445
    outer loop
      vertex -22.627001 32.323524 6.707407
      vertex -24.226999 32.000000 6.750000
      vertex -24.226999 32.323524 6.707407
    endloop
  endfacet
  facet normal 0.000000 -1.000000 0.000000
    outer loop
      vertex -20.827002 34.050003 5.500000
      vertex -20.827002 34.050003 9.000000
      vertex -22.627001 34.050003 5.500000
    endloop
  endfacet
  facet normal 0.000000 1.000000 0.000000
    outer loop
      vertex -24.226999 35.500000 2.000000
      vertex -24.226999 35.500000 9.000000
      vertex -15.226999 35.500000 9.000000
    endloop
  endfacet
  facet normal 1.000000 0.000000 -0.000000
    outer loop
      vertex -15.226999 30.792595 5.823524
      vertex -15.226999 30.917465 6.125000
      vertex -15.226999 28.500000 9.000000
    endloop
  endfacet
  facet normal 1.000000 0.000000 -0.000000
    outer loop
      vertex -15.226999 30.917465 6.125000
      vertex -15.226999 31.116119 6.383883
      vertex -15.226999 28.500000 9.000000
    endloop
  endfacet
  facet normal 1.000000 0.000000 -0.000000
    outer loop
      vertex -15.226999 33.250000 5.500000
      vertex -15.226999 35.500000 9.000000
      vertex -15.226999 33.207405 5.823524
    endloop
  endfacet
  facet normal 1.000000 0.000000 -0.000000
    outer loop
      vertex -15.226999 33.207405 5.823524
      vertex -15.226999 35.500000 9.000000
      vertex -15.226999 33.082535 6.125000
    endloop
  endfacet
  facet normal 1.000000 0.000000 -0.000000
    outer loop
      vertex -15.226999 33.082535 6.125000
      vertex -15.226999 35.500000 9.000000
      vertex -15.226999 32.883881 6.383883
    endloop
  endfacet
  facet normal 1.000000 0.000000 -0.000000
    outer loop
      vertex -15.226999 31.116119 6.383883
      vertex -15.226999 31.375000 6.582532
      vertex -15.226999 28.500000 9.000000
    endloop
  endfacet
  facet normal 1.000000 0.000000 -0.000000
    outer loop
      vertex -15.226999 31.375000 6.582532
      vertex -15.226999 31.676476 6.707407
      vertex -15.226999 28.500000 9.000000
    endloop
  endfacet
  facet normal 1.000000 0.000000 -0.000000
    outer loop
      vertex -15.226999 31.676476 6.707407
      vertex -15.226999 32.000000 6.750000
      vertex -15.226999 28.500000 9.000000
    endloop
  endfacet
  facet normal 1.000000 0.000000 0.000000
    outer loop
      vertex -15.226999 32.323524 6.707407
      vertex -15.226999 28.500000 9.000000
      vertex -15.226999 32.000000 6.750000
    endloop
  endfacet
  facet normal 1.000000 0.000000 -0.000000
    outer loop
      vertex -15.226999 32.883881 6.383883
      vertex -15.226999 35.500000 9.000000
      vertex -15.226999 32.625000 6.582532
    endloop
  endfacet
  facet normal 1.000000 0.000000 -0.000000
    outer loop
      vertex -15.226999 32.625000 6.582532
      vertex -15.226999 35.500000 9.000000
      vertex -15.226999 32.323524 6.707407
    endloop
  endfacet
  facet normal -1.000000 0.000000 0.000000
    outer loop
      vertex -20.827002 29.949997 5.500000
      vertex -20.827002 29.949997 9.000000
      vertex -20.827002 31.332512 6.683568
    endloop
  endfacet
  facet normal -1.000000 0.000000 0.000000
    outer loop
      vertex -24.226999 30.750000 5.500000
      vertex -24.226999 28.500000 9.000000
      vertex -24.226999 30.792595 5.823524
    endloop
  endfacet
  facet normal -1.000000 0.000000 0.000000
    outer loop
      vertex -24.226999 30.792595 5.823524
      vertex -24.226999 28.500000 9.000000
      vertex -24.226999 30.917465 6.125000
    endloop
  endfacet
  facet normal -1.000000 0.000000 0.000000
    outer loop
      vertex -24.226999 30.917465 6.125000
      vertex -24.226999 28.500000 9.000000
      vertex -24.226999 31.116119 6.383883
    endloop
  endfacet
  facet normal -1.000000 0.000000 0.000000
    outer loop
      vertex -20.827002 34.050003 5.500000
      vertex -20.827002 33.207405 5.823524
      vertex -20.827002 34.050003 9.000000
    endloop
  endfacet
  facet normal -1.000000 0.000000 0.000000
    outer loop
      vertex -20.827002 33.207405 5.823524
      vertex -20.827002 33.082535 6.125000
      vertex -20.827002 34.050003 9.000000
    endloop
  endfacet
  facet normal -1.000000 0.000000 0.000000
    outer loop
      vertex -20.827002 33.082535 6.125000
      vertex -20.827002 32.883881 6.383883
      vertex -20.827002 34.050003 9.000000
    endloop
  endfacet
  facet normal 1.000000 0.000000 0.000000
    outer loop
      vertex -22.627001 29.949997 5.500000
      vertex -22.627001 31.116119 6.383883
      vertex -22.627001 34.037163 8.988400
    endloop
  endfacet
  facet normal -1.000000 0.000000 0.000000
    outer loop
      vertex -24.226999 33.207405 5.823524
      vertex -24.226999 33.082535 6.125000
      vertex -24.226999 35.500000 9.000000
    endloop
  endfacet
  facet normal 1.000000 0.000000 -0.000000
    outer loop
      vertex -22.627001 34.050003 5.500000
      vertex -22.627001 34.050003 9.000000
      vertex -22.627001 32.667488 6.683568
    endloop
  endfacet
  facet normal -1.000000 0.000000 0.000000
    outer loop
      vertex -24.226999 33.082535 6.125000
      vertex -24.226999 32.883881 6.383883
      vertex -24.226999 35.500000 9.000000
    endloop
  endfacet
  facet normal -1.000000 0.000000 0.000000
    outer loop
      vertex -24.226999 31.116119 6.383883
      vertex -24.226999 28.500000 9.000000
      vertex -24.226999 31.375000 6.582532
    endloop
  endfacet
  facet normal -1.000000 0.000000 0.000000
    outer loop
      vertex -24.226999 31.375000 6.582532
      vertex -24.226999 28.500000 9.000000
      vertex -24.226999 31.676476 6.707407
    endloop
  endfacet
  facet normal 0.000000 1.000000 -0.000000
    outer loop
      vertex -20.827002 29.949997 5.500000
      vertex -22.627001 29.949997 9.000000
      vertex -20.827002 29.949997 9.000000
    endloop
  endfacet
  facet normal -1.000000 0.000000 0.000000
    outer loop
      vertex -20.827002 32.883881 6.383883
      vertex -20.827002 32.625000 6.582532
      vertex -20.827002 34.050003 9.000000
    endloop
  endfacet
  facet normal -1.000000 0.000000 0.000000
    outer loop
      vertex -20.827002 32.625000 6.582532
      vertex -20.827002 32.323524 6.707407
      vertex -20.827002 34.050003 9.000000
    endloop
  endfacet
  facet normal -1.000000 0.000000 0.000000
    outer loop
      vertex -20.827002 31.332512 6.683568
      vertex -20.827002 34.050003 9.000000
      vertex -20.827002 31.676476 6.707407
    endloop
  endfacet
  facet normal -1.000000 0.000000 0.000000
    outer loop
      vertex -20.827002 31.676476 6.707407
      vertex -20.827002 34.050003 9.000000
      vertex -20.827002 32.000000 6.750000
    endloop
  endfacet
  facet normal -1.000000 0.000000 0.000000
    outer loop
      vertex -20.827002 32.323524 6.707407
      vertex -20.827002 32.000000 6.750000
      vertex -20.827002 34.050003 9.000000
    endloop
  endfacet
  facet normal 1.000000 0.000000 0.000000
    outer loop
      vertex -22.627001 31.116119 6.383883
      vertex -22.627001 31.375000 6.582532
      vertex -22.627001 34.037163 8.988400
    endloop
  endfacet
  facet normal 1.000000 0.000000 0.000000
    outer loop
      vertex -22.627001 31.375000 6.582532
      vertex -22.627001 31.676476 6.707407
      vertex -22.627001 34.037163 8.988400
    endloop
  endfacet
  facet normal 1.000000 0.000000 0.000000
    outer loop
      vertex -22.627001 31.676476 6.707407
      vertex -22.627001 32.000000 6.750000
      vertex -22.627001 34.037163 8.988400
    endloop
  endfacet
  facet normal 1.000000 0.000000 -0.000000
    outer loop
      vertex -22.627001 32.323524 6.707407
      vertex -22.627001 34.037163 8.988400
      vertex -22.627001 32.000000 6.750000
    endloop
  endfacet
  facet normal 1.000000 -0.000000 0.000000
    outer loop
      vertex -22.627001 32.323524 6.707407
      vertex -22.627001 32.667488 6.683568
      vertex -22.627001 34.037163 8.988400
    endloop
  endfacet
  facet normal -1.000000 0.000000 0.000000
    outer loop
      vertex -24.226999 31.676476 6.707407
      vertex -24.226999 35.500000 9.000000
      vertex -24.226999 32.000000 6.750000
    endloop
  endfacet
  facet normal -1.000000 0.000000 0.000000
    outer loop
      vertex -24.226999 32.323524 6.707407
      vertex -24.226999 32.000000 6.750000
      vertex -24.226999 35.500000 9.000000
    endloop
  endfacet
  facet normal -1.000000 0.000000 0.000000
    outer loop
      vertex -24.226999 32.883881 6.383883
      vertex -24.226999 32.625000 6.582532
      vertex -24.226999 35.500000 9.000000
    endloop
  endfacet
  facet normal -1.000000 0.000000 0.000000
    outer loop
      vertex -24.226999 32.625000 6.582532
      vertex -24.226999 32.323524 6.707407
      vertex -24.226999 35.500000 9.000000
    endloop
  endfacet
  facet normal 1.000000 0.000000 0.000000
    outer loop
      vertex -22.627001 29.949997 5.500000
      vertex -22.627001 34.044060 9.000000
      vertex -22.627001 29.949997 9.000000
    endloop
  endfacet
  facet normal 1.000000 0.000000 0.000000
    outer loop
      vertex -22.627001 29.949997 5.500000
      vertex -22.627001 34.037163 8.988400
      vertex -22.627001 34.044060 9.000000
    endloop
  endfacet
  facet normal 0.000000 -1.000000 0.000000
    outer loop
      vertex -22.627001 34.050003 5.500000
      vertex -20.827002 34.050003 9.000000
      vertex -22.627001 34.050003 9.000000
    endloop
  endfacet
  facet normal 1.000000 0.000000 -0.000000
    outer loop
      vertex -15.226999 32.323524 6.707407
      vertex -15.226999 35.500000 9.000000
      vertex -15.226999 28.500000 9.000000
    endloop
  endfacet
  facet normal 0.000000 -0.000000 1.000000
    outer loop
      vertex -15.226999 28.500000 9.000000
      vertex -15.226999 35.500000 9.000000
      vertex -20.827002 29.949997 9.000000
    endloop
  endfacet
  facet normal -1.000000 0.000000 0.000000
    outer loop
      vertex -20.827002 31.332512 6.683568
      vertex -20.827002 29.949997 9.000000
      vertex -20.827002 34.050003 9.000000
    endloop
  endfacet
  facet normal -1.000000 0.000000 0.000000
    outer loop
      vertex -24.226999 31.676476 6.707407
      vertex -24.226999 28.500000 9.000000
      vertex -24.226999 35.500000 9.000000
    endloop
  endfacet
  facet normal 1.000000 0.000000 0.000000
    outer loop
      vertex -22.627001 32.667488 6.683568
      vertex -22.627001 34.050003 9.000000
      vertex -22.627001 34.037163 8.988400
    endloop
  endfacet
  facet normal 0.000000 0.000000 1.000000
    outer loop
      vertex -15.226999 28.500000 9.000000
      vertex -20.827002 29.949997 9.000000
      vertex -22.627001 29.949997 9.000000
    endloop
  endfacet
  facet normal 0.000000 0.000000 1.000000
    outer loop
      vertex -15.226999 28.500000 9.000000
      vertex -22.627001 29.949997 9.000000
      vertex -24.226999 28.500000 9.000000
    endloop
  endfacet
  facet normal 0.000000 0.000000 1.000000
    outer loop
      vertex -24.226999 28.500000 9.000000
      vertex -22.627001 29.949997 9.000000
      vertex -22.627001 34.044060 9.000000
    endloop
  endfacet
  facet normal 0.000000 0.000000 1.000000
    outer loop
      vertex -15.226999 35.500000 9.000000
      vertex -20.827002 34.050003 9.000000
      vertex -20.827002 29.949997 9.000000
    endloop
  endfacet
  facet normal 0.000000 0.000000 1.000000
    outer loop
      vertex -15.226999 35.500000 9.000000
      vertex -22.627001 34.050003 9.000000
      vertex -20.827002 34.050003 9.000000
    endloop
  endfacet
  facet normal 0.000000 0.000000 1.000000
    outer loop
      vertex -15.226999 35.500000 9.000000
      vertex -24.226999 35.500000 9.000000
      vertex -22.627001 34.050003 9.000000
    endloop
  endfacet
  facet normal 0.000000 0.000000 1.000000
    outer loop
      vertex -24.226999 28.500000 9.000000
      vertex -22.627001 34.044060 9.000000
      vertex -22.627001 34.050003 9.000000
    endloop
  endfacet
  facet normal 0.000000 0.000000 1.000000
    outer loop
      vertex -24.226999 28.500000 9.000000
      vertex -22.627001 34.050003 9.000000
      vertex -24.226999 35.500000 9.000000
    endloop
  endfacet
  facet normal 1.000000 0.000000 0.000000
    outer loop
      vertex -22.627001 34.037163 8.988400
      vertex -22.627001 34.050003 9.000000
      vertex -22.627001 34.044060 9.000000
    endloop
  endfacet
endsolid OpenSCAD_Model
