solid OpenSCAD_Model
  facet normal -1 0 0
    outer loop
      vertex 0 7 1.5
      vertex 0 4.93759 4.68926
      vertex 0 7 9
    endloop
  endfacet
  facet normal -1 0 0
    outer loop
      vertex 0 4.90059 4.87529
      vertex 0 7 9
      vertex 0 4.93759 4.68926
    endloop
  endfacet
  facet normal -1 0 0
    outer loop
      vertex 0 4.83962 5.05489
      vertex 0 7 9
      vertex 0 4.90059 4.87529
    endloop
  endfacet
  facet normal -1 0 0
    outer loop
      vertex 0 4.75574 5.225
      vertex 0 7 9
      vertex 0 4.83962 5.05489
    endloop
  endfacet
  facet normal -1 0 0
    outer loop
      vertex 0 4.65036 5.3827
      vertex 0 7 9
      vertex 0 4.75574 5.225
    endloop
  endfacet
  facet normal -1 0 0
    outer loop
      vertex 0 4.5253 5.5253
      vertex 0 7 9
      vertex 0 4.65036 5.3827
    endloop
  endfacet
  facet normal -1 0 0
    outer loop
      vertex 0 4.3827 5.65036
      vertex 0 7 9
      vertex 0 4.5253 5.5253
    endloop
  endfacet
  facet normal -1 0 0
    outer loop
      vertex 0 4.225 5.75574
      vertex 0 7 9
      vertex 0 4.3827 5.65036
    endloop
  endfacet
  facet normal -1 0 0
    outer loop
      vertex 0 4.05489 5.83962
      vertex 0 7 9
      vertex 0 4.225 5.75574
    endloop
  endfacet
  facet normal -1 0 0
    outer loop
      vertex 0 3.87529 5.90059
      vertex 0 7 9
      vertex 0 4.05489 5.83962
    endloop
  endfacet
  facet normal -1 0 0
    outer loop
      vertex 0 3.68926 5.93759
      vertex 0 7 9
      vertex 0 3.87529 5.90059
    endloop
  endfacet
  facet normal -1 0 0
    outer loop
      vertex 0 3.5 5.95
      vertex 0 7 9
      vertex 0 3.68926 5.93759
    endloop
  endfacet
  facet normal -1 0 0
    outer loop
      vertex 0 0 9
      vertex 0 3.5 5.95
      vertex 0 3.31074 5.93759
    endloop
  endfacet
  facet normal -1 0 0
    outer loop
      vertex 0 0 9
      vertex 0 3.31074 5.93759
      vertex 0 3.12471 5.90059
    endloop
  endfacet
  facet normal -1 0 0
    outer loop
      vertex 0 0 9
      vertex 0 3.12471 5.90059
      vertex 0 2.94511 5.83962
    endloop
  endfacet
  facet normal -1 0 0
    outer loop
      vertex 0 0 9
      vertex 0 2.94511 5.83962
      vertex 0 2.775 5.75574
    endloop
  endfacet
  facet normal -1 0 0
    outer loop
      vertex 0 0 9
      vertex 0 2.775 5.75574
      vertex 0 2.6173 5.65036
    endloop
  endfacet
  facet normal -1 0 0
    outer loop
      vertex 0 0 9
      vertex 0 2.05 4.5
      vertex 0 0 0
    endloop
  endfacet
  facet normal -1 0 0
    outer loop
      vertex 0 2.05 4.5
      vertex 0 0 9
      vertex 0 2.0624 4.68926
    endloop
  endfacet
  facet normal -1 0 0
    outer loop
      vertex 0 2.0624 4.68926
      vertex 0 0 9
      vertex 0 2.09941 4.87529
    endloop
  endfacet
  facet normal -1 0 0
    outer loop
      vertex 0 3.5 5.95
      vertex 0 0 9
      vertex 0 7 9
    endloop
  endfacet
  facet normal -1 0 0
    outer loop
      vertex 0 2.47469 5.5253
      vertex 0 0 9
      vertex 0 2.6173 5.65036
    endloop
  endfacet
  facet normal -1 0 0
    outer loop
      vertex 0 2.34964 5.3827
      vertex 0 0 9
      vertex 0 2.47469 5.5253
    endloop
  endfacet
  facet normal -1 0 0
    outer loop
      vertex 0 2.24426 5.225
      vertex 0 0 9
      vertex 0 2.34964 5.3827
    endloop
  endfacet
  facet normal -1 0 0
    outer loop
      vertex 0 2.16037 5.05489
      vertex 0 0 9
      vertex 0 2.24426 5.225
    endloop
  endfacet
  facet normal -1 0 0
    outer loop
      vertex 0 2.09941 4.87529
      vertex 0 0 9
      vertex 0 2.16037 5.05489
    endloop
  endfacet
  facet normal -1 0 0
    outer loop
      vertex 0 79 44
      vertex 0 76.95 48.5
      vertex 0 79 53
    endloop
  endfacet
  facet normal -1 0 0
    outer loop
      vertex 0 79 44
      vertex 0 76.9376 48.3107
      vertex 0 76.95 48.5
    endloop
  endfacet
  facet normal -1 0 0
    outer loop
      vertex 0 79 44
      vertex 0 76.9006 48.1247
      vertex 0 76.9376 48.3107
    endloop
  endfacet
  facet normal -1 0 0
    outer loop
      vertex 0 79 44
      vertex 0 76.8396 47.9451
      vertex 0 76.9006 48.1247
    endloop
  endfacet
  facet normal -1 0 0
    outer loop
      vertex 0 79 44
      vertex 0 76.7557 47.775
      vertex 0 76.8396 47.9451
    endloop
  endfacet
  facet normal -1 0 0
    outer loop
      vertex 0 79 44
      vertex 0 76.6504 47.6173
      vertex 0 76.7557 47.775
    endloop
  endfacet
  facet normal -1 0 0
    outer loop
      vertex 0 79 44
      vertex 0 76.5253 47.4747
      vertex 0 76.6504 47.6173
    endloop
  endfacet
  facet normal -1 0 0
    outer loop
      vertex 0 79 44
      vertex 0 76.3827 47.3496
      vertex 0 76.5253 47.4747
    endloop
  endfacet
  facet normal -1 0 0
    outer loop
      vertex 0 79 44
      vertex 0 76.225 47.2443
      vertex 0 76.3827 47.3496
    endloop
  endfacet
  facet normal -1 0 0
    outer loop
      vertex 0 79 44
      vertex 0 76.0549 47.1604
      vertex 0 76.225 47.2443
    endloop
  endfacet
  facet normal -1 0 0
    outer loop
      vertex 0 79 44
      vertex 0 75.8753 47.0994
      vertex 0 76.0549 47.1604
    endloop
  endfacet
  facet normal -1 0 0
    outer loop
      vertex 0 79 44
      vertex 0 75.6893 47.0624
      vertex 0 75.8753 47.0994
    endloop
  endfacet
  facet normal -1 0 0
    outer loop
      vertex 0 79 44
      vertex 0 75.5 47.05
      vertex 0 75.6893 47.0624
    endloop
  endfacet
  facet normal -1 0 0
    outer loop
      vertex 0 72 44
      vertex 0 75.5 47.05
      vertex 0 79 44
    endloop
  endfacet
  facet normal -1 -0 0
    outer loop
      vertex 0 75.5 47.05
      vertex 0 72 44
      vertex 0 75.3107 47.0624
    endloop
  endfacet
  facet normal -1 -0 0
    outer loop
      vertex 0 75.3107 47.0624
      vertex 0 72 44
      vertex 0 75.1247 47.0994
    endloop
  endfacet
  facet normal -1 -0 0
    outer loop
      vertex 0 75.1247 47.0994
      vertex 0 72 44
      vertex 0 74.9451 47.1604
    endloop
  endfacet
  facet normal -1 -0 0
    outer loop
      vertex 0 74.9451 47.1604
      vertex 0 72 44
      vertex 0 74.775 47.2443
    endloop
  endfacet
  facet normal -1 -0 0
    outer loop
      vertex 0 74.0624 48.3107
      vertex 0 72 44
      vertex 0 74.05 48.5
    endloop
  endfacet
  facet normal -1 -0 0
    outer loop
      vertex 0 74.0994 48.1247
      vertex 0 72 44
      vertex 0 74.0624 48.3107
    endloop
  endfacet
  facet normal -1 -0 0
    outer loop
      vertex 0 74.1604 47.9451
      vertex 0 72 44
      vertex 0 74.0994 48.1247
    endloop
  endfacet
  facet normal -1 -0 0
    outer loop
      vertex 0 74.2443 47.775
      vertex 0 72 44
      vertex 0 74.1604 47.9451
    endloop
  endfacet
  facet normal -1 -0 0
    outer loop
      vertex 0 74.3496 47.6173
      vertex 0 72 44
      vertex 0 74.2443 47.775
    endloop
  endfacet
  facet normal -1 -0 0
    outer loop
      vertex 0 74.4747 47.4747
      vertex 0 72 44
      vertex 0 74.3496 47.6173
    endloop
  endfacet
  facet normal -1 -0 0
    outer loop
      vertex 0 74.6173 47.3496
      vertex 0 72 44
      vertex 0 74.4747 47.4747
    endloop
  endfacet
  facet normal -1 -0 0
    outer loop
      vertex 0 74.775 47.2443
      vertex 0 72 44
      vertex 0 74.6173 47.3496
    endloop
  endfacet
  facet normal -1 0 0
    outer loop
      vertex 0 79 44
      vertex 0 81 0
      vertex 0 79 1.5
    endloop
  endfacet
  facet normal -1 0 0
    outer loop
      vertex 0 81 0
      vertex 0 7 1.5
      vertex 0 79 1.5
    endloop
  endfacet
  facet normal -1 0 0
    outer loop
      vertex 0 4.93759 4.68926
      vertex 0 7 1.5
      vertex 0 4.95 4.5
    endloop
  endfacet
  facet normal -1 0 0
    outer loop
      vertex 0 7 1.5
      vertex 0 4.93759 4.31074
      vertex 0 4.95 4.5
    endloop
  endfacet
  facet normal -1 0 0
    outer loop
      vertex 0 7 1.5
      vertex 0 4.90059 4.12471
      vertex 0 4.93759 4.31074
    endloop
  endfacet
  facet normal -1 0 0
    outer loop
      vertex 0 7 1.5
      vertex 0 4.83962 3.94511
      vertex 0 4.90059 4.12471
    endloop
  endfacet
  facet normal -1 0 0
    outer loop
      vertex 0 7 1.5
      vertex 0 4.75574 3.775
      vertex 0 4.83962 3.94511
    endloop
  endfacet
  facet normal -1 0 0
    outer loop
      vertex 0 7 1.5
      vertex 0 4.65036 3.6173
      vertex 0 4.75574 3.775
    endloop
  endfacet
  facet normal -1 0 0
    outer loop
      vertex 0 7 1.5
      vertex 0 4.5253 3.47469
      vertex 0 4.65036 3.6173
    endloop
  endfacet
  facet normal -1 0 0
    outer loop
      vertex 0 7 1.5
      vertex 0 4.3827 3.34964
      vertex 0 4.5253 3.47469
    endloop
  endfacet
  facet normal -1 0 0
    outer loop
      vertex 0 7 1.5
      vertex 0 4.225 3.24426
      vertex 0 4.3827 3.34964
    endloop
  endfacet
  facet normal -1 0 0
    outer loop
      vertex 0 7 1.5
      vertex 0 4.05489 3.16037
      vertex 0 4.225 3.24426
    endloop
  endfacet
  facet normal -1 0 0
    outer loop
      vertex 0 7 1.5
      vertex 0 3.87529 3.09941
      vertex 0 4.05489 3.16037
    endloop
  endfacet
  facet normal -1 0 0
    outer loop
      vertex 0 7 1.5
      vertex 0 3.68926 3.0624
      vertex 0 3.87529 3.09941
    endloop
  endfacet
  facet normal -1 0 0
    outer loop
      vertex 0 7 1.5
      vertex 0 3.5 3.05
      vertex 0 3.68926 3.0624
    endloop
  endfacet
  facet normal -1 0 0
    outer loop
      vertex 0 0 0
      vertex 0 3.5 3.05
      vertex 0 7 1.5
    endloop
  endfacet
  facet normal -1 -0 0
    outer loop
      vertex 0 3.5 3.05
      vertex 0 0 0
      vertex 0 3.31074 3.0624
    endloop
  endfacet
  facet normal -1 -0 0
    outer loop
      vertex 0 3.31074 3.0624
      vertex 0 0 0
      vertex 0 3.12471 3.09941
    endloop
  endfacet
  facet normal -1 -0 0
    outer loop
      vertex 0 2.0624 4.31074
      vertex 0 0 0
      vertex 0 2.05 4.5
    endloop
  endfacet
  facet normal -1 -0 0
    outer loop
      vertex 0 2.09941 4.12471
      vertex 0 0 0
      vertex 0 2.0624 4.31074
    endloop
  endfacet
  facet normal -1 -0 0
    outer loop
      vertex 0 2.16037 3.94511
      vertex 0 0 0
      vertex 0 2.09941 4.12471
    endloop
  endfacet
  facet normal -1 -0 0
    outer loop
      vertex 0 2.24426 3.775
      vertex 0 0 0
      vertex 0 2.16037 3.94511
    endloop
  endfacet
  facet normal -1 -0 0
    outer loop
      vertex 0 2.34964 3.6173
      vertex 0 0 0
      vertex 0 2.24426 3.775
    endloop
  endfacet
  facet normal -1 -0 0
    outer loop
      vertex 0 2.47469 3.47469
      vertex 0 0 0
      vertex 0 2.34964 3.6173
    endloop
  endfacet
  facet normal -1 -0 0
    outer loop
      vertex 0 2.6173 3.34964
      vertex 0 0 0
      vertex 0 2.47469 3.47469
    endloop
  endfacet
  facet normal -1 -0 0
    outer loop
      vertex 0 2.775 3.24426
      vertex 0 0 0
      vertex 0 2.6173 3.34964
    endloop
  endfacet
  facet normal -1 -0 0
    outer loop
      vertex 0 2.94511 3.16037
      vertex 0 0 0
      vertex 0 2.775 3.24426
    endloop
  endfacet
  facet normal -1 -0 0
    outer loop
      vertex 0 3.12471 3.09941
      vertex 0 0 0
      vertex 0 2.94511 3.16037
    endloop
  endfacet
  facet normal -1 0 0
    outer loop
      vertex 0 0 0
      vertex 0 7 1.5
      vertex 0 81 0
    endloop
  endfacet
  facet normal -1 0 0
    outer loop
      vertex 0 81 0
      vertex 0 79 44
      vertex 0 81 56
    endloop
  endfacet
  facet normal -1 0 0
    outer loop
      vertex 0 79 53
      vertex 0 81 56
      vertex 0 79 44
    endloop
  endfacet
  facet normal -1 -0 0
    outer loop
      vertex 0 81 56
      vertex 0 79 53
      vertex 0 79 56
    endloop
  endfacet
  facet normal -1 0 0
    outer loop
      vertex 0 76.9376 48.6893
      vertex 0 79 53
      vertex 0 76.95 48.5
    endloop
  endfacet
  facet normal -1 0 0
    outer loop
      vertex 0 76.9006 48.8753
      vertex 0 79 53
      vertex 0 76.9376 48.6893
    endloop
  endfacet
  facet normal -1 0 0
    outer loop
      vertex 0 76.8396 49.0549
      vertex 0 79 53
      vertex 0 76.9006 48.8753
    endloop
  endfacet
  facet normal -1 0 0
    outer loop
      vertex 0 76.7557 49.225
      vertex 0 79 53
      vertex 0 76.8396 49.0549
    endloop
  endfacet
  facet normal -1 0 0
    outer loop
      vertex 0 76.6504 49.3827
      vertex 0 79 53
      vertex 0 76.7557 49.225
    endloop
  endfacet
  facet normal -1 0 0
    outer loop
      vertex 0 76.5253 49.5253
      vertex 0 79 53
      vertex 0 76.6504 49.3827
    endloop
  endfacet
  facet normal -1 0 0
    outer loop
      vertex 0 76.3827 49.6504
      vertex 0 79 53
      vertex 0 76.5253 49.5253
    endloop
  endfacet
  facet normal -1 0 0
    outer loop
      vertex 0 76.225 49.7557
      vertex 0 79 53
      vertex 0 76.3827 49.6504
    endloop
  endfacet
  facet normal -1 0 0
    outer loop
      vertex 0 76.0549 49.8396
      vertex 0 79 53
      vertex 0 76.225 49.7557
    endloop
  endfacet
  facet normal -1 0 0
    outer loop
      vertex 0 75.8753 49.9006
      vertex 0 79 53
      vertex 0 76.0549 49.8396
    endloop
  endfacet
  facet normal -1 0 0
    outer loop
      vertex 0 75.6893 49.9376
      vertex 0 79 53
      vertex 0 75.8753 49.9006
    endloop
  endfacet
  facet normal -1 0 0
    outer loop
      vertex 0 75.5 49.95
      vertex 0 79 53
      vertex 0 75.6893 49.9376
    endloop
  endfacet
  facet normal -1 0 0
    outer loop
      vertex 0 72 53
      vertex 0 75.5 49.95
      vertex 0 75.3107 49.9376
    endloop
  endfacet
  facet normal -1 0 0
    outer loop
      vertex 0 72 53
      vertex 0 75.3107 49.9376
      vertex 0 75.1247 49.9006
    endloop
  endfacet
  facet normal -1 0 0
    outer loop
      vertex 0 72 53
      vertex 0 75.1247 49.9006
      vertex 0 74.9451 49.8396
    endloop
  endfacet
  facet normal -1 0 0
    outer loop
      vertex 0 72 53
      vertex 0 74.9451 49.8396
      vertex 0 74.775 49.7557
    endloop
  endfacet
  facet normal -1 0 0
    outer loop
      vertex 0 72 53
      vertex 0 74.775 49.7557
      vertex 0 74.6173 49.6504
    endloop
  endfacet
  facet normal -1 0 0
    outer loop
      vertex 0 72 53
      vertex 0 74.05 48.5
      vertex 0 72 44
    endloop
  endfacet
  facet normal -1 0 0
    outer loop
      vertex 0 74.05 48.5
      vertex 0 72 53
      vertex 0 74.0624 48.6893
    endloop
  endfacet
  facet normal -1 0 0
    outer loop
      vertex 0 74.0624 48.6893
      vertex 0 72 53
      vertex 0 74.0994 48.8753
    endloop
  endfacet
  facet normal -1 0 0
    outer loop
      vertex 0 75.5 49.95
      vertex 0 72 53
      vertex 0 79 53
    endloop
  endfacet
  facet normal -1 0 0
    outer loop
      vertex 0 74.4747 49.5253
      vertex 0 72 53
      vertex 0 74.6173 49.6504
    endloop
  endfacet
  facet normal -1 0 0
    outer loop
      vertex 0 74.3496 49.3827
      vertex 0 72 53
      vertex 0 74.4747 49.5253
    endloop
  endfacet
  facet normal -1 0 0
    outer loop
      vertex 0 74.2443 49.225
      vertex 0 72 53
      vertex 0 74.3496 49.3827
    endloop
  endfacet
  facet normal -1 0 0
    outer loop
      vertex 0 74.1604 49.0549
      vertex 0 72 53
      vertex 0 74.2443 49.225
    endloop
  endfacet
  facet normal -1 0 0
    outer loop
      vertex 0 74.0994 48.8753
      vertex 0 72 53
      vertex 0 74.1604 49.0549
    endloop
  endfacet
  facet normal -0 0 1
    outer loop
      vertex 0 7 9
      vertex 7 0 9
      vertex 7 7 9
    endloop
  endfacet
  facet normal 0 0 1
    outer loop
      vertex 7 0 9
      vertex 0 7 9
      vertex 0 0 9
    endloop
  endfacet
  facet normal 1 0 0
    outer loop
      vertex 7 7 9
      vertex 7 4.95 4.5
      vertex 7 7 0
    endloop
  endfacet
  facet normal 1 0 0
    outer loop
      vertex 7 7 9
      vertex 7 4.93759 4.68926
      vertex 7 4.95 4.5
    endloop
  endfacet
  facet normal 1 0 0
    outer loop
      vertex 7 7 9
      vertex 7 4.90059 4.87529
      vertex 7 4.93759 4.68926
    endloop
  endfacet
  facet normal 1 0 0
    outer loop
      vertex 7 7 9
      vertex 7 4.83962 5.05489
      vertex 7 4.90059 4.87529
    endloop
  endfacet
  facet normal 1 0 0
    outer loop
      vertex 7 7 9
      vertex 7 4.75574 5.225
      vertex 7 4.83962 5.05489
    endloop
  endfacet
  facet normal 1 0 0
    outer loop
      vertex 7 7 9
      vertex 7 4.65036 5.3827
      vertex 7 4.75574 5.225
    endloop
  endfacet
  facet normal 1 0 0
    outer loop
      vertex 7 7 9
      vertex 7 4.5253 5.5253
      vertex 7 4.65036 5.3827
    endloop
  endfacet
  facet normal 1 0 0
    outer loop
      vertex 7 7 9
      vertex 7 4.3827 5.65036
      vertex 7 4.5253 5.5253
    endloop
  endfacet
  facet normal 1 0 0
    outer loop
      vertex 7 7 9
      vertex 7 4.225 5.75574
      vertex 7 4.3827 5.65036
    endloop
  endfacet
  facet normal 1 0 0
    outer loop
      vertex 7 7 9
      vertex 7 4.05489 5.83962
      vertex 7 4.225 5.75574
    endloop
  endfacet
  facet normal 1 0 0
    outer loop
      vertex 7 7 9
      vertex 7 3.87529 5.90059
      vertex 7 4.05489 5.83962
    endloop
  endfacet
  facet normal 1 0 0
    outer loop
      vertex 7 7 9
      vertex 7 3.68926 5.93759
      vertex 7 3.87529 5.90059
    endloop
  endfacet
  facet normal 1 0 0
    outer loop
      vertex 7 7 9
      vertex 7 3.5 5.95
      vertex 7 3.68926 5.93759
    endloop
  endfacet
  facet normal 1 -0 0
    outer loop
      vertex 7 0 9
      vertex 7 3.5 5.95
      vertex 7 7 9
    endloop
  endfacet
  facet normal 1 0 0
    outer loop
      vertex 7 3.5 5.95
      vertex 7 0 9
      vertex 7 3.31074 5.93759
    endloop
  endfacet
  facet normal 1 0 0
    outer loop
      vertex 7 3.31074 5.93759
      vertex 7 0 9
      vertex 7 3.12471 5.90059
    endloop
  endfacet
  facet normal 1 0 0
    outer loop
      vertex 7 3.12471 5.90059
      vertex 7 0 9
      vertex 7 2.94511 5.83962
    endloop
  endfacet
  facet normal 1 0 0
    outer loop
      vertex 7 2.94511 5.83962
      vertex 7 0 9
      vertex 7 2.775 5.75574
    endloop
  endfacet
  facet normal 1 0 0
    outer loop
      vertex 7 2.0624 4.68926
      vertex 7 0 9
      vertex 7 2.05 4.5
    endloop
  endfacet
  facet normal 1 0 0
    outer loop
      vertex 7 2.09941 4.87529
      vertex 7 0 9
      vertex 7 2.0624 4.68926
    endloop
  endfacet
  facet normal 1 0 0
    outer loop
      vertex 7 2.16037 5.05489
      vertex 7 0 9
      vertex 7 2.09941 4.87529
    endloop
  endfacet
  facet normal 1 0 0
    outer loop
      vertex 7 2.24426 5.225
      vertex 7 0 9
      vertex 7 2.16037 5.05489
    endloop
  endfacet
  facet normal 1 0 0
    outer loop
      vertex 7 2.34964 5.3827
      vertex 7 0 9
      vertex 7 2.24426 5.225
    endloop
  endfacet
  facet normal 1 0 0
    outer loop
      vertex 7 2.47469 5.5253
      vertex 7 0 9
      vertex 7 2.34964 5.3827
    endloop
  endfacet
  facet normal 1 0 0
    outer loop
      vertex 7 2.6173 5.65036
      vertex 7 0 9
      vertex 7 2.47469 5.5253
    endloop
  endfacet
  facet normal 1 0 0
    outer loop
      vertex 7 2.775 5.75574
      vertex 7 0 9
      vertex 7 2.6173 5.65036
    endloop
  endfacet
  facet normal 1 -0 0
    outer loop
      vertex 7 4.93759 4.31074
      vertex 7 7 0
      vertex 7 4.95 4.5
    endloop
  endfacet
  facet normal 1 -0 0
    outer loop
      vertex 7 4.90059 4.12471
      vertex 7 7 0
      vertex 7 4.93759 4.31074
    endloop
  endfacet
  facet normal 1 -0 0
    outer loop
      vertex 7 4.83962 3.94511
      vertex 7 7 0
      vertex 7 4.90059 4.12471
    endloop
  endfacet
  facet normal 1 -0 0
    outer loop
      vertex 7 4.75574 3.775
      vertex 7 7 0
      vertex 7 4.83962 3.94511
    endloop
  endfacet
  facet normal 1 -0 0
    outer loop
      vertex 7 4.65036 3.6173
      vertex 7 7 0
      vertex 7 4.75574 3.775
    endloop
  endfacet
  facet normal 1 -0 0
    outer loop
      vertex 7 4.5253 3.47469
      vertex 7 7 0
      vertex 7 4.65036 3.6173
    endloop
  endfacet
  facet normal 1 -0 0
    outer loop
      vertex 7 4.3827 3.34964
      vertex 7 7 0
      vertex 7 4.5253 3.47469
    endloop
  endfacet
  facet normal 1 -0 0
    outer loop
      vertex 7 4.225 3.24426
      vertex 7 7 0
      vertex 7 4.3827 3.34964
    endloop
  endfacet
  facet normal 1 -0 0
    outer loop
      vertex 7 4.05489 3.16037
      vertex 7 7 0
      vertex 7 4.225 3.24426
    endloop
  endfacet
  facet normal 1 -0 0
    outer loop
      vertex 7 3.87529 3.09941
      vertex 7 7 0
      vertex 7 4.05489 3.16037
    endloop
  endfacet
  facet normal 1 -0 0
    outer loop
      vertex 7 3.68926 3.0624
      vertex 7 7 0
      vertex 7 3.87529 3.09941
    endloop
  endfacet
  facet normal 1 -0 0
    outer loop
      vertex 7 3.5 3.05
      vertex 7 7 0
      vertex 7 3.68926 3.0624
    endloop
  endfacet
  facet normal 1 0 0
    outer loop
      vertex 7 0 0
      vertex 7 3.5 3.05
      vertex 7 3.31074 3.0624
    endloop
  endfacet
  facet normal 1 0 0
    outer loop
      vertex 7 0 0
      vertex 7 3.31074 3.0624
      vertex 7 3.12471 3.09941
    endloop
  endfacet
  facet normal 1 0 0
    outer loop
      vertex 7 0 0
      vertex 7 3.12471 3.09941
      vertex 7 2.94511 3.16037
    endloop
  endfacet
  facet normal 1 0 0
    outer loop
      vertex 7 0 0
      vertex 7 2.94511 3.16037
      vertex 7 2.775 3.24426
    endloop
  endfacet
  facet normal 1 0 0
    outer loop
      vertex 7 0 0
      vertex 7 2.775 3.24426
      vertex 7 2.6173 3.34964
    endloop
  endfacet
  facet normal 1 0 0
    outer loop
      vertex 7 0 0
      vertex 7 2.05 4.5
      vertex 7 0 9
    endloop
  endfacet
  facet normal 1 0 0
    outer loop
      vertex 7 2.05 4.5
      vertex 7 0 0
      vertex 7 2.0624 4.31074
    endloop
  endfacet
  facet normal 1 0 0
    outer loop
      vertex 7 2.0624 4.31074
      vertex 7 0 0
      vertex 7 2.09941 4.12471
    endloop
  endfacet
  facet normal 1 0 0
    outer loop
      vertex 7 3.5 3.05
      vertex 7 0 0
      vertex 7 7 0
    endloop
  endfacet
  facet normal 1 0 0
    outer loop
      vertex 7 2.47469 3.47469
      vertex 7 0 0
      vertex 7 2.6173 3.34964
    endloop
  endfacet
  facet normal 1 0 0
    outer loop
      vertex 7 2.34964 3.6173
      vertex 7 0 0
      vertex 7 2.47469 3.47469
    endloop
  endfacet
  facet normal 1 0 0
    outer loop
      vertex 7 2.24426 3.775
      vertex 7 0 0
      vertex 7 2.34964 3.6173
    endloop
  endfacet
  facet normal 1 0 0
    outer loop
      vertex 7 2.16037 3.94511
      vertex 7 0 0
      vertex 7 2.24426 3.775
    endloop
  endfacet
  facet normal 1 0 0
    outer loop
      vertex 7 2.09941 4.12471
      vertex 7 0 0
      vertex 7 2.16037 3.94511
    endloop
  endfacet
  facet normal 0 1 0
    outer loop
      vertex 7 7 9
      vertex 1.5 7 1.5
      vertex 0 7 9
    endloop
  endfacet
  facet normal 0 1 -0
    outer loop
      vertex 7 7 0
      vertex 1.5 7 1.5
      vertex 7 7 9
    endloop
  endfacet
  facet normal 0 1 0
    outer loop
      vertex 1.5 7 1.5
      vertex 7 7 0
      vertex 1.5 7 0
    endloop
  endfacet
  facet normal 0 1 0
    outer loop
      vertex 0 7 9
      vertex 1.5 7 1.5
      vertex 0 7 1.5
    endloop
  endfacet
  facet normal 0 0 1
    outer loop
      vertex 0 81 0
      vertex -2 81 0
      vertex 0 0 0
    endloop
  endfacet
  facet normal 0 0 1
    outer loop
      vertex 6 61.4 0
      vertex 3 61.4 0
      vertex 6 55.2 0
    endloop
  endfacet
  facet normal -0 0 1
    outer loop
      vertex 1.5 72 0
      vertex 15 65.4 0
      vertex 59 72 0
    endloop
  endfacet
  facet normal 0 0 1
    outer loop
      vertex 1.5 72 0
      vertex 3 61.4 0
      vertex 3 65.4 0
    endloop
  endfacet
  facet normal 0 0 1
    outer loop
      vertex 1.5 7 0
      vertex 2 16.725 0
      vertex 1.5 72 0
    endloop
  endfacet
  facet normal 0 0 1
    outer loop
      vertex 3 61.4 0
      vertex 1.5 72 0
      vertex 2 16.725 0
    endloop
  endfacet
  facet normal 0 0 1
    outer loop
      vertex 15 65.4 0
      vertex 1.5 72 0
      vertex 3 65.4 0
    endloop
  endfacet
  facet normal -0 0 1
    outer loop
      vertex 6 55.2 0
      vertex 27.822 21.125 0
      vertex 80 55.2 0
    endloop
  endfacet
  facet normal 0 0 1
    outer loop
      vertex 27.822 21.125 0
      vertex 6 55.2 0
      vertex 19.822 21.125 0
    endloop
  endfacet
  facet normal 0 0 1
    outer loop
      vertex 2 16.725 0
      vertex 19.822 21.125 0
      vertex 6 55.2 0
    endloop
  endfacet
  facet normal 0 0 1
    outer loop
      vertex 2 16.725 0
      vertex 6 55.2 0
      vertex 3 61.4 0
    endloop
  endfacet
  facet normal 0 0 1
    outer loop
      vertex 19.822 21.125 0
      vertex 2 16.725 0
      vertex 19.822 16.725 0
    endloop
  endfacet
  facet normal 0 0 1
    outer loop
      vertex 84.5 79 0
      vertex 84.024 16.725 0
      vertex 84.5 7 0
    endloop
  endfacet
  facet normal 0 0 1
    outer loop
      vertex 83 61.4 0
      vertex 84.5 79 0
      vertex 83 65.4 0
    endloop
  endfacet
  facet normal 0 0 1
    outer loop
      vertex 84.5 79 0
      vertex 71 65.4 0
      vertex 83 65.4 0
    endloop
  endfacet
  facet normal -0 0 1
    outer loop
      vertex 59 79 0
      vertex 71 65.4 0
      vertex 84.5 79 0
    endloop
  endfacet
  facet normal -0 0 1
    outer loop
      vertex 59 72 0
      vertex 71 65.4 0
      vertex 59 79 0
    endloop
  endfacet
  facet normal 0 0 1
    outer loop
      vertex 71 65.4 0
      vertex 59 72 0
      vertex 71 63.4 0
    endloop
  endfacet
  facet normal 0 0 1
    outer loop
      vertex 15 63.4 0
      vertex 59 72 0
      vertex 15 65.4 0
    endloop
  endfacet
  facet normal 0 0 1
    outer loop
      vertex 59 72 0
      vertex 15 63.4 0
      vertex 71 63.4 0
    endloop
  endfacet
  facet normal -0 0 1
    outer loop
      vertex 84.024 9.975 0
      vertex 84.5 7 0
      vertex 84.024 16.725 0
    endloop
  endfacet
  facet normal 0 0 1
    outer loop
      vertex 84.024 9.975 0
      vertex 79 7 0
      vertex 84.5 7 0
    endloop
  endfacet
  facet normal 0 0 1
    outer loop
      vertex 78.062 0 0
      vertex 79 7 0
      vertex 78.062 8.5 0
    endloop
  endfacet
  facet normal 0 0 1
    outer loop
      vertex 84.024 9.975 0
      vertex 78.062 8.5 0
      vertex 79 7 0
    endloop
  endfacet
  facet normal 0 0 1
    outer loop
      vertex 84.024 9.975 0
      vertex 7.962 8.5 0
      vertex 78.062 8.5 0
    endloop
  endfacet
  facet normal 0 0 1
    outer loop
      vertex 7.962 8.5 0
      vertex 7 7 0
      vertex 7.962 0 0
    endloop
  endfacet
  facet normal -0 0 1
    outer loop
      vertex 2 9.975 0
      vertex 7.962 8.5 0
      vertex 84.024 9.975 0
    endloop
  endfacet
  facet normal 0 0 1
    outer loop
      vertex 2 9.975 0
      vertex 7 7 0
      vertex 7.962 8.5 0
    endloop
  endfacet
  facet normal 0 0 1
    outer loop
      vertex 2 9.975 0
      vertex 1.5 7 0
      vertex 7 7 0
    endloop
  endfacet
  facet normal 0 0 1
    outer loop
      vertex 2 16.725 0
      vertex 1.5 7 0
      vertex 2 9.975 0
    endloop
  endfacet
  facet normal 0 0 1
    outer loop
      vertex 84.5 79 0
      vertex 83 61.4 0
      vertex 84.024 16.725 0
    endloop
  endfacet
  facet normal 0 0 1
    outer loop
      vertex 80 55.2 0
      vertex 83 61.4 0
      vertex 80 61.4 0
    endloop
  endfacet
  facet normal 0 0 1
    outer loop
      vertex 83 61.4 0
      vertex 80 55.2 0
      vertex 84.024 16.725 0
    endloop
  endfacet
  facet normal -0 0 1
    outer loop
      vertex 27.822 21.125 0
      vertex 84.024 16.725 0
      vertex 80 55.2 0
    endloop
  endfacet
  facet normal 0 0 1
    outer loop
      vertex 84.024 16.725 0
      vertex 27.822 21.125 0
      vertex 27.822 16.725 0
    endloop
  endfacet
  facet normal 0 0 1
    outer loop
      vertex 86 0 0
      vertex 88 81 0
      vertex 86 81 0
    endloop
  endfacet
  facet normal 0 0 1
    outer loop
      vertex 88 81 0
      vertex 86 0 0
      vertex 88 -2 0
    endloop
  endfacet
  facet normal -0 0 1
    outer loop
      vertex 79 0 0
      vertex 88 -2 0
      vertex 86 0 0
    endloop
  endfacet
  facet normal 0 0 1
    outer loop
      vertex 79 7 0
      vertex 78.062 0 0
      vertex 79 0 0
    endloop
  endfacet
  facet normal 0 0 1
    outer loop
      vertex 76.012 -2 0
      vertex 79 0 0
      vertex 78.062 0 0
    endloop
  endfacet
  facet normal 0 0 1
    outer loop
      vertex 76.012 -2 0
      vertex 78.062 0 0
      vertex 76.012 0 0
    endloop
  endfacet
  facet normal 0 0 1
    outer loop
      vertex 79 0 0
      vertex 76.012 -2 0
      vertex 88 -2 0
    endloop
  endfacet
  facet normal -0 0 1
    outer loop
      vertex 7.962 0 0
      vertex 10.012 -2 0
      vertex 10.012 0 0
    endloop
  endfacet
  facet normal 0 0 1
    outer loop
      vertex 7 0 0
      vertex 7.962 0 0
      vertex 7 7 0
    endloop
  endfacet
  facet normal -0 0 1
    outer loop
      vertex 7 0 0
      vertex 10.012 -2 0
      vertex 7.962 0 0
    endloop
  endfacet
  facet normal 0 0 1
    outer loop
      vertex -2 -2 0
      vertex 7 0 0
      vertex 0 0 0
    endloop
  endfacet
  facet normal 0 0 1
    outer loop
      vertex 7 0 0
      vertex -2 -2 0
      vertex 10.012 -2 0
    endloop
  endfacet
  facet normal 0 0 1
    outer loop
      vertex -2 -2 0
      vertex 0 0 0
      vertex -2 81 0
    endloop
  endfacet
  facet normal 0 -1 0
    outer loop
      vertex 3.8 0 7.15
      vertex 0 0 9
      vertex 0.599999 0 7.15
    endloop
  endfacet
  facet normal 0 -1 0
    outer loop
      vertex 0 0 9
      vertex 0.599999 0 1.85
      vertex 0.599999 0 7.15
    endloop
  endfacet
  facet normal 0 -1 -0
    outer loop
      vertex 0.599999 0 1.85
      vertex 0 0 0
      vertex 3.8 0 1.85
    endloop
  endfacet
  facet normal 0 -1 0
    outer loop
      vertex 0 0 0
      vertex 0.599999 0 1.85
      vertex 0 0 9
    endloop
  endfacet
  facet normal 0 -1 0
    outer loop
      vertex 0 0 9
      vertex 3.8 0 7.15
      vertex 7 0 9
    endloop
  endfacet
  facet normal 0 -1 0
    outer loop
      vertex 3.8 0 1.85
      vertex 7 0 9
      vertex 3.8 0 7.15
    endloop
  endfacet
  facet normal 0 -1 0
    outer loop
      vertex 3.8 0 1.85
      vertex 7 0 0
      vertex 7 0 9
    endloop
  endfacet
  facet normal 0 -1 0
    outer loop
      vertex 7 0 0
      vertex 3.8 0 1.85
      vertex 0 0 0
    endloop
  endfacet
  facet normal 0 -0.0653782 0.997861
    outer loop
      vertex 0 3.68926 3.0624
      vertex 0.599999 3.5 3.05
      vertex 0.599999 3.68926 3.0624
    endloop
  endfacet
  facet normal 0 -0.0653782 0.997861
    outer loop
      vertex 0.599999 3.5 3.05
      vertex 0 3.68926 3.0624
      vertex 0 3.5 3.05
    endloop
  endfacet
  facet normal 0 -0.0653782 0.997861
    outer loop
      vertex 3.8 3.68926 3.0624
      vertex 7 3.5 3.05
      vertex 7 3.68926 3.0624
    endloop
  endfacet
  facet normal 0 -0.0653782 0.997861
    outer loop
      vertex 7 3.5 3.05
      vertex 3.8 3.68926 3.0624
      vertex 3.8 3.5 3.05
    endloop
  endfacet
  facet normal 0 0.0654307 -0.997857
    outer loop
      vertex 0 3.31074 5.93759
      vertex 0.599999 3.5 5.95
      vertex 0.599999 3.31074 5.93759
    endloop
  endfacet
  facet normal 0 0.0654307 -0.997857
    outer loop
      vertex 0.599999 3.5 5.95
      vertex 0 3.31074 5.93759
      vertex 0 3.5 5.95
    endloop
  endfacet
  facet normal 0 0.0654307 -0.997857
    outer loop
      vertex 3.8 3.31074 5.93759
      vertex 7 3.5 5.95
      vertex 7 3.31074 5.93759
    endloop
  endfacet
  facet normal 0 0.0654307 -0.997857
    outer loop
      vertex 7 3.5 5.95
      vertex 3.8 3.31074 5.93759
      vertex 3.8 3.5 5.95
    endloop
  endfacet
  facet normal 0 -0.997857 -0.0654307
    outer loop
      vertex 0 4.95 4.5
      vertex 0.599999 4.93759 4.68926
      vertex 0 4.93759 4.68926
    endloop
  endfacet
  facet normal 0 -0.997857 -0.0654307
    outer loop
      vertex 0.599999 4.93759 4.68926
      vertex 0 4.95 4.5
      vertex 0.599999 4.95 4.5
    endloop
  endfacet
  facet normal 0 -0.997857 -0.0654307
    outer loop
      vertex 3.8 4.95 4.5
      vertex 7 4.93759 4.68926
      vertex 3.8 4.93759 4.68926
    endloop
  endfacet
  facet normal 0 -0.997857 -0.0654307
    outer loop
      vertex 7 4.93759 4.68926
      vertex 3.8 4.95 4.5
      vertex 7 4.95 4.5
    endloop
  endfacet
  facet normal 0 0.997861 0.0653782
    outer loop
      vertex 0.599999 2.0624 4.31074
      vertex 0 2.05 4.5
      vertex 0.599999 2.05 4.5
    endloop
  endfacet
  facet normal 0 0.997861 0.0653782
    outer loop
      vertex 0 2.05 4.5
      vertex 0.599999 2.0624 4.31074
      vertex 0 2.0624 4.31074
    endloop
  endfacet
  facet normal 0 0.997861 0.0653782
    outer loop
      vertex 7 2.0624 4.31074
      vertex 3.8 2.05 4.5
      vertex 7 2.05 4.5
    endloop
  endfacet
  facet normal 0 0.997861 0.0653782
    outer loop
      vertex 3.8 2.05 4.5
      vertex 7 2.0624 4.31074
      vertex 3.8 2.0624 4.31074
    endloop
  endfacet
  facet normal 0 -0.659355 -0.751832
    outer loop
      vertex 0 4.3827 5.65036
      vertex 0.599999 4.5253 5.5253
      vertex 0.599999 4.3827 5.65036
    endloop
  endfacet
  facet normal -0 -0.659355 -0.751832
    outer loop
      vertex 0.599999 4.5253 5.5253
      vertex 0 4.3827 5.65036
      vertex 0 4.5253 5.5253
    endloop
  endfacet
  facet normal 0 -0.659355 -0.751832
    outer loop
      vertex 3.8 4.3827 5.65036
      vertex 7 4.5253 5.5253
      vertex 7 4.3827 5.65036
    endloop
  endfacet
  facet normal -0 -0.659355 -0.751832
    outer loop
      vertex 7 4.5253 5.5253
      vertex 3.8 4.3827 5.65036
      vertex 3.8 4.5253 5.5253
    endloop
  endfacet
  facet normal 0 -0.896891 -0.442251
    outer loop
      vertex 0 4.83962 5.05489
      vertex 0.599999 4.75574 5.225
      vertex 0 4.75574 5.225
    endloop
  endfacet
  facet normal 0 -0.896891 -0.442251
    outer loop
      vertex 0.599999 4.75574 5.225
      vertex 0 4.83962 5.05489
      vertex 0.599999 4.83962 5.05489
    endloop
  endfacet
  facet normal 0 -0.896891 -0.442251
    outer loop
      vertex 3.8 4.83962 5.05489
      vertex 7 4.75574 5.225
      vertex 3.8 4.75574 5.225
    endloop
  endfacet
  facet normal 0 -0.896891 -0.442251
    outer loop
      vertex 7 4.75574 5.225
      vertex 3.8 4.83962 5.05489
      vertex 7 4.83962 5.05489
    endloop
  endfacet
  facet normal -0 0.321411 0.94694
    outer loop
      vertex 0 3.12471 3.09941
      vertex 0.599999 2.94511 3.16037
      vertex 0.599999 3.12471 3.09941
    endloop
  endfacet
  facet normal 0 0.321411 0.94694
    outer loop
      vertex 0.599999 2.94511 3.16037
      vertex 0 3.12471 3.09941
      vertex 0 2.94511 3.16037
    endloop
  endfacet
  facet normal -0 0.321411 0.94694
    outer loop
      vertex 3.8 3.12471 3.09941
      vertex 7 2.94511 3.16037
      vertex 7 3.12471 3.09941
    endloop
  endfacet
  facet normal 0 0.321411 0.94694
    outer loop
      vertex 7 2.94511 3.16037
      vertex 3.8 3.12471 3.09941
      vertex 3.8 2.94511 3.16037
    endloop
  endfacet
  facet normal 0 -0.195122 0.980779
    outer loop
      vertex 0 3.87529 3.09941
      vertex 0.599999 3.68926 3.0624
      vertex 0.599999 3.87529 3.09941
    endloop
  endfacet
  facet normal 0 -0.195122 0.980779
    outer loop
      vertex 0.599999 3.68926 3.0624
      vertex 0 3.87529 3.09941
      vertex 0 3.68926 3.0624
    endloop
  endfacet
  facet normal 0 -0.195122 0.980779
    outer loop
      vertex 3.8 3.87529 3.09941
      vertex 7 3.68926 3.0624
      vertex 7 3.87529 3.09941
    endloop
  endfacet
  facet normal 0 -0.195122 0.980779
    outer loop
      vertex 7 3.68926 3.0624
      vertex 3.8 3.87529 3.09941
      vertex 3.8 3.68926 3.0624
    endloop
  endfacet
  facet normal 0 -0.946924 0.321458
    outer loop
      vertex 0 4.83962 3.94511
      vertex 0.599999 4.90059 4.12471
      vertex 0 4.90059 4.12471
    endloop
  endfacet
  facet normal 0 -0.946924 0.321458
    outer loop
      vertex 0.599999 4.90059 4.12471
      vertex 0 4.83962 3.94511
      vertex 0.599999 4.83962 3.94511
    endloop
  endfacet
  facet normal 0 -0.946924 0.321458
    outer loop
      vertex 3.8 4.83962 3.94511
      vertex 7 4.90059 4.12471
      vertex 3.8 4.90059 4.12471
    endloop
  endfacet
  facet normal 0 -0.946924 0.321458
    outer loop
      vertex 7 4.90059 4.12471
      vertex 3.8 4.83962 3.94511
      vertex 7 4.83962 3.94511
    endloop
  endfacet
  facet normal 0 -0.83145 0.5556
    outer loop
      vertex 0 4.65036 3.6173
      vertex 0.599999 4.75574 3.775
      vertex 0 4.75574 3.775
    endloop
  endfacet
  facet normal 0 -0.83145 0.5556
    outer loop
      vertex 0.599999 4.75574 3.775
      vertex 0 4.65036 3.6173
      vertex 0.599999 4.65036 3.6173
    endloop
  endfacet
  facet normal 0 -0.83145 0.5556
    outer loop
      vertex 3.8 4.65036 3.6173
      vertex 7 4.75574 3.775
      vertex 3.8 4.75574 3.775
    endloop
  endfacet
  facet normal 0 -0.83145 0.5556
    outer loop
      vertex 7 4.75574 3.775
      vertex 3.8 4.65036 3.6173
      vertex 7 4.65036 3.6173
    endloop
  endfacet
  facet normal 0 -0.321458 -0.946924
    outer loop
      vertex 0 3.87529 5.90059
      vertex 0.599999 4.05489 5.83962
      vertex 0.599999 3.87529 5.90059
    endloop
  endfacet
  facet normal -0 -0.321458 -0.946924
    outer loop
      vertex 0.599999 4.05489 5.83962
      vertex 0 3.87529 5.90059
      vertex 0 4.05489 5.83962
    endloop
  endfacet
  facet normal 0 -0.321458 -0.946924
    outer loop
      vertex 3.8 3.87529 5.90059
      vertex 7 4.05489 5.83962
      vertex 7 3.87529 5.90059
    endloop
  endfacet
  facet normal -0 -0.321458 -0.946924
    outer loop
      vertex 7 4.05489 5.83962
      vertex 3.8 3.87529 5.90059
      vertex 3.8 4.05489 5.83962
    endloop
  endfacet
  facet normal 0 -0.5556 -0.83145
    outer loop
      vertex 0 4.225 5.75574
      vertex 0.599999 4.3827 5.65036
      vertex 0.599999 4.225 5.75574
    endloop
  endfacet
  facet normal -0 -0.5556 -0.83145
    outer loop
      vertex 0.599999 4.3827 5.65036
      vertex 0 4.225 5.75574
      vertex 0 4.3827 5.65036
    endloop
  endfacet
  facet normal 0 -0.5556 -0.83145
    outer loop
      vertex 3.8 4.225 5.75574
      vertex 7 4.3827 5.65036
      vertex 7 4.225 5.75574
    endloop
  endfacet
  facet normal -0 -0.5556 -0.83145
    outer loop
      vertex 7 4.3827 5.65036
      vertex 3.8 4.225 5.75574
      vertex 3.8 4.3827 5.65036
    endloop
  endfacet
  facet normal 0 -0.980789 -0.195072
    outer loop
      vertex 0 4.93759 4.68926
      vertex 0.599999 4.90059 4.87529
      vertex 0 4.90059 4.87529
    endloop
  endfacet
  facet normal 0 -0.980789 -0.195072
    outer loop
      vertex 0.599999 4.90059 4.87529
      vertex 0 4.93759 4.68926
      vertex 0.599999 4.93759 4.68926
    endloop
  endfacet
  facet normal 0 -0.980789 -0.195072
    outer loop
      vertex 3.8 4.93759 4.68926
      vertex 7 4.90059 4.87529
      vertex 3.8 4.90059 4.87529
    endloop
  endfacet
  facet normal 0 -0.980789 -0.195072
    outer loop
      vertex 7 4.90059 4.87529
      vertex 3.8 4.93759 4.68926
      vertex 7 4.93759 4.68926
    endloop
  endfacet
  facet normal 0 0.896871 0.442293
    outer loop
      vertex 0.599999 2.24426 3.775
      vertex 0 2.16037 3.94511
      vertex 0.599999 2.16037 3.94511
    endloop
  endfacet
  facet normal 0 0.896871 0.442293
    outer loop
      vertex 0 2.16037 3.94511
      vertex 0.599999 2.24426 3.775
      vertex 0 2.24426 3.775
    endloop
  endfacet
  facet normal 0 0.896871 0.442293
    outer loop
      vertex 7 2.24426 3.775
      vertex 3.8 2.16037 3.94511
      vertex 7 2.16037 3.94511
    endloop
  endfacet
  facet normal 0 0.896871 0.442293
    outer loop
      vertex 3.8 2.16037 3.94511
      vertex 7 2.24426 3.775
      vertex 3.8 2.24426 3.775
    endloop
  endfacet
  facet normal 0 -0.321411 0.94694
    outer loop
      vertex 0 4.05489 3.16037
      vertex 0.599999 3.87529 3.09941
      vertex 0.599999 4.05489 3.16037
    endloop
  endfacet
  facet normal 0 -0.321411 0.94694
    outer loop
      vertex 0.599999 3.87529 3.09941
      vertex 0 4.05489 3.16037
      vertex 0 3.87529 3.09941
    endloop
  endfacet
  facet normal 0 -0.321411 0.94694
    outer loop
      vertex 3.8 4.05489 3.16037
      vertex 7 3.87529 3.09941
      vertex 7 4.05489 3.16037
    endloop
  endfacet
  facet normal 0 -0.321411 0.94694
    outer loop
      vertex 7 3.87529 3.09941
      vertex 3.8 4.05489 3.16037
      vertex 3.8 3.87529 3.09941
    endloop
  endfacet
  facet normal 0 -0.751854 0.659329
    outer loop
      vertex 0 4.5253 3.47469
      vertex 0.599999 4.65036 3.6173
      vertex 0 4.65036 3.6173
    endloop
  endfacet
  facet normal 0 -0.751854 0.659329
    outer loop
      vertex 0.599999 4.65036 3.6173
      vertex 0 4.5253 3.47469
      vertex 0.599999 4.5253 3.47469
    endloop
  endfacet
  facet normal 0 -0.751854 0.659329
    outer loop
      vertex 3.8 4.5253 3.47469
      vertex 7 4.65036 3.6173
      vertex 3.8 4.65036 3.6173
    endloop
  endfacet
  facet normal 0 -0.751854 0.659329
    outer loop
      vertex 7 4.65036 3.6173
      vertex 3.8 4.5253 3.47469
      vertex 7 4.5253 3.47469
    endloop
  endfacet
  facet normal 0 -0.5556 0.83145
    outer loop
      vertex 0 4.3827 3.34964
      vertex 0.599999 4.225 3.24426
      vertex 0.599999 4.3827 3.34964
    endloop
  endfacet
  facet normal 0 -0.5556 0.83145
    outer loop
      vertex 0.599999 4.225 3.24426
      vertex 0 4.3827 3.34964
      vertex 0 4.225 3.24426
    endloop
  endfacet
  facet normal 0 -0.5556 0.83145
    outer loop
      vertex 3.8 4.3827 3.34964
      vertex 7 4.225 3.24426
      vertex 7 4.3827 3.34964
    endloop
  endfacet
  facet normal 0 -0.5556 0.83145
    outer loop
      vertex 7 4.225 3.24426
      vertex 3.8 4.3827 3.34964
      vertex 3.8 4.225 3.24426
    endloop
  endfacet
  facet normal 0 -0.980789 0.195072
    outer loop
      vertex 0 4.90059 4.12471
      vertex 0.599999 4.93759 4.31074
      vertex 0 4.93759 4.31074
    endloop
  endfacet
  facet normal 0 -0.980789 0.195072
    outer loop
      vertex 0.599999 4.93759 4.31074
      vertex 0 4.90059 4.12471
      vertex 0.599999 4.90059 4.12471
    endloop
  endfacet
  facet normal 0 -0.980789 0.195072
    outer loop
      vertex 3.8 4.90059 4.12471
      vertex 7 4.93759 4.31074
      vertex 3.8 4.93759 4.31074
    endloop
  endfacet
  facet normal 0 -0.980789 0.195072
    outer loop
      vertex 7 4.93759 4.31074
      vertex 3.8 4.90059 4.12471
      vertex 7 4.90059 4.12471
    endloop
  endfacet
  facet normal 0 -0.896891 0.442251
    outer loop
      vertex 0 4.75574 3.775
      vertex 0.599999 4.83962 3.94511
      vertex 0 4.83962 3.94511
    endloop
  endfacet
  facet normal 0 -0.896891 0.442251
    outer loop
      vertex 0.599999 4.83962 3.94511
      vertex 0 4.75574 3.775
      vertex 0.599999 4.75574 3.775
    endloop
  endfacet
  facet normal 0 -0.896891 0.442251
    outer loop
      vertex 3.8 4.75574 3.775
      vertex 7 4.83962 3.94511
      vertex 3.8 4.83962 3.94511
    endloop
  endfacet
  facet normal 0 -0.896891 0.442251
    outer loop
      vertex 7 4.83962 3.94511
      vertex 3.8 4.75574 3.775
      vertex 7 4.75574 3.775
    endloop
  endfacet
  facet normal 0 -0.442251 -0.896891
    outer loop
      vertex 0 4.05489 5.83962
      vertex 0.599999 4.225 5.75574
      vertex 0.599999 4.05489 5.83962
    endloop
  endfacet
  facet normal -0 -0.442251 -0.896891
    outer loop
      vertex 0.599999 4.225 5.75574
      vertex 0 4.05489 5.83962
      vertex 0 4.225 5.75574
    endloop
  endfacet
  facet normal 0 -0.442251 -0.896891
    outer loop
      vertex 3.8 4.05489 5.83962
      vertex 7 4.225 5.75574
      vertex 7 4.05489 5.83962
    endloop
  endfacet
  facet normal -0 -0.442251 -0.896891
    outer loop
      vertex 7 4.225 5.75574
      vertex 3.8 4.05489 5.83962
      vertex 3.8 4.225 5.75574
    endloop
  endfacet
  facet normal 0 -0.195072 -0.980789
    outer loop
      vertex 0 3.68926 5.93759
      vertex 0.599999 3.87529 5.90059
      vertex 0.599999 3.68926 5.93759
    endloop
  endfacet
  facet normal -0 -0.195072 -0.980789
    outer loop
      vertex 0.599999 3.87529 5.90059
      vertex 0 3.68926 5.93759
      vertex 0 3.87529 5.90059
    endloop
  endfacet
  facet normal 0 -0.195072 -0.980789
    outer loop
      vertex 3.8 3.68926 5.93759
      vertex 7 3.87529 5.90059
      vertex 7 3.68926 5.93759
    endloop
  endfacet
  facet normal -0 -0.195072 -0.980789
    outer loop
      vertex 7 3.87529 5.90059
      vertex 3.8 3.68926 5.93759
      vertex 3.8 3.87529 5.90059
    endloop
  endfacet
  facet normal 0 -0.0654307 -0.997857
    outer loop
      vertex 0 3.5 5.95
      vertex 0.599999 3.68926 5.93759
      vertex 0.599999 3.5 5.95
    endloop
  endfacet
  facet normal -0 -0.0654307 -0.997857
    outer loop
      vertex 0.599999 3.68926 5.93759
      vertex 0 3.5 5.95
      vertex 0 3.68926 5.93759
    endloop
  endfacet
  facet normal 0 -0.0654307 -0.997857
    outer loop
      vertex 3.8 3.5 5.95
      vertex 7 3.68926 5.93759
      vertex 7 3.5 5.95
    endloop
  endfacet
  facet normal -0 -0.0654307 -0.997857
    outer loop
      vertex 7 3.68926 5.93759
      vertex 3.8 3.5 5.95
      vertex 3.8 3.68926 5.93759
    endloop
  endfacet
  facet normal 0 -0.83145 -0.5556
    outer loop
      vertex 0 4.75574 5.225
      vertex 0.599999 4.65036 5.3827
      vertex 0 4.65036 5.3827
    endloop
  endfacet
  facet normal 0 -0.83145 -0.5556
    outer loop
      vertex 0.599999 4.65036 5.3827
      vertex 0 4.75574 5.225
      vertex 0.599999 4.75574 5.225
    endloop
  endfacet
  facet normal 0 -0.83145 -0.5556
    outer loop
      vertex 3.8 4.75574 5.225
      vertex 7 4.65036 5.3827
      vertex 3.8 4.65036 5.3827
    endloop
  endfacet
  facet normal 0 -0.83145 -0.5556
    outer loop
      vertex 7 4.65036 5.3827
      vertex 3.8 4.75574 5.225
      vertex 7 4.75574 5.225
    endloop
  endfacet
  facet normal 0 -0.751832 -0.659355
    outer loop
      vertex 0 4.65036 5.3827
      vertex 0.599999 4.5253 5.5253
      vertex 0 4.5253 5.5253
    endloop
  endfacet
  facet normal 0 -0.751832 -0.659355
    outer loop
      vertex 0.599999 4.5253 5.5253
      vertex 0 4.65036 5.3827
      vertex 0.599999 4.65036 5.3827
    endloop
  endfacet
  facet normal 0 -0.751832 -0.659355
    outer loop
      vertex 3.8 4.65036 5.3827
      vertex 7 4.5253 5.5253
      vertex 3.8 4.5253 5.5253
    endloop
  endfacet
  facet normal 0 -0.751832 -0.659355
    outer loop
      vertex 7 4.5253 5.5253
      vertex 3.8 4.65036 5.3827
      vertex 7 4.65036 5.3827
    endloop
  endfacet
  facet normal 0 -0.946924 -0.321458
    outer loop
      vertex 0 4.90059 4.87529
      vertex 0.599999 4.83962 5.05489
      vertex 0 4.83962 5.05489
    endloop
  endfacet
  facet normal 0 -0.946924 -0.321458
    outer loop
      vertex 0.599999 4.83962 5.05489
      vertex 0 4.90059 4.87529
      vertex 0.599999 4.90059 4.87529
    endloop
  endfacet
  facet normal 0 -0.946924 -0.321458
    outer loop
      vertex 3.8 4.90059 4.87529
      vertex 7 4.83962 5.05489
      vertex 3.8 4.83962 5.05489
    endloop
  endfacet
  facet normal 0 -0.946924 -0.321458
    outer loop
      vertex 7 4.83962 5.05489
      vertex 3.8 4.90059 4.87529
      vertex 7 4.90059 4.87529
    endloop
  endfacet
  facet normal 0 0.83145 0.5556
    outer loop
      vertex 0.599999 2.34964 3.6173
      vertex 0 2.24426 3.775
      vertex 0.599999 2.24426 3.775
    endloop
  endfacet
  facet normal 0 0.83145 0.5556
    outer loop
      vertex 0 2.24426 3.775
      vertex 0.599999 2.34964 3.6173
      vertex 0 2.34964 3.6173
    endloop
  endfacet
  facet normal 0 0.83145 0.5556
    outer loop
      vertex 7 2.34964 3.6173
      vertex 3.8 2.24426 3.775
      vertex 7 2.24426 3.775
    endloop
  endfacet
  facet normal 0 0.83145 0.5556
    outer loop
      vertex 3.8 2.24426 3.775
      vertex 7 2.34964 3.6173
      vertex 3.8 2.34964 3.6173
    endloop
  endfacet
  facet normal -0 0.659299 0.751881
    outer loop
      vertex 0 2.6173 3.34964
      vertex 0.599999 2.47469 3.47469
      vertex 0.599999 2.6173 3.34964
    endloop
  endfacet
  facet normal 0 0.659299 0.751881
    outer loop
      vertex 0.599999 2.47469 3.47469
      vertex 0 2.6173 3.34964
      vertex 0 2.47469 3.47469
    endloop
  endfacet
  facet normal -0 0.659299 0.751881
    outer loop
      vertex 3.8 2.6173 3.34964
      vertex 7 2.47469 3.47469
      vertex 7 2.6173 3.34964
    endloop
  endfacet
  facet normal 0 0.659299 0.751881
    outer loop
      vertex 7 2.47469 3.47469
      vertex 3.8 2.6173 3.34964
      vertex 3.8 2.47469 3.47469
    endloop
  endfacet
  facet normal -0 0.442293 0.896871
    outer loop
      vertex 0 2.94511 3.16037
      vertex 0.599999 2.775 3.24426
      vertex 0.599999 2.94511 3.16037
    endloop
  endfacet
  facet normal 0 0.442293 0.896871
    outer loop
      vertex 0.599999 2.775 3.24426
      vertex 0 2.94511 3.16037
      vertex 0 2.775 3.24426
    endloop
  endfacet
  facet normal -0 0.442293 0.896871
    outer loop
      vertex 3.8 2.94511 3.16037
      vertex 7 2.775 3.24426
      vertex 7 2.94511 3.16037
    endloop
  endfacet
  facet normal 0 0.442293 0.896871
    outer loop
      vertex 7 2.775 3.24426
      vertex 3.8 2.94511 3.16037
      vertex 3.8 2.775 3.24426
    endloop
  endfacet
  facet normal -0 0.195122 0.980779
    outer loop
      vertex 0 3.31074 3.0624
      vertex 0.599999 3.12471 3.09941
      vertex 0.599999 3.31074 3.0624
    endloop
  endfacet
  facet normal 0 0.195122 0.980779
    outer loop
      vertex 0.599999 3.12471 3.09941
      vertex 0 3.31074 3.0624
      vertex 0 3.12471 3.09941
    endloop
  endfacet
  facet normal -0 0.195122 0.980779
    outer loop
      vertex 3.8 3.31074 3.0624
      vertex 7 3.12471 3.09941
      vertex 7 3.31074 3.0624
    endloop
  endfacet
  facet normal 0 0.195122 0.980779
    outer loop
      vertex 7 3.12471 3.09941
      vertex 3.8 3.31074 3.0624
      vertex 3.8 3.12471 3.09941
    endloop
  endfacet
  facet normal 0 -0.442293 0.896871
    outer loop
      vertex 0 4.225 3.24426
      vertex 0.599999 4.05489 3.16037
      vertex 0.599999 4.225 3.24426
    endloop
  endfacet
  facet normal 0 -0.442293 0.896871
    outer loop
      vertex 0.599999 4.05489 3.16037
      vertex 0 4.225 3.24426
      vertex 0 4.05489 3.16037
    endloop
  endfacet
  facet normal 0 -0.442293 0.896871
    outer loop
      vertex 3.8 4.225 3.24426
      vertex 7 4.05489 3.16037
      vertex 7 4.225 3.24426
    endloop
  endfacet
  facet normal 0 -0.442293 0.896871
    outer loop
      vertex 7 4.05489 3.16037
      vertex 3.8 4.225 3.24426
      vertex 3.8 4.05489 3.16037
    endloop
  endfacet
  facet normal 0 -0.659325 0.751858
    outer loop
      vertex 0 4.5253 3.47469
      vertex 0.599999 4.3827 3.34964
      vertex 0.599999 4.5253 3.47469
    endloop
  endfacet
  facet normal 0 -0.659325 0.751858
    outer loop
      vertex 0.599999 4.3827 3.34964
      vertex 0 4.5253 3.47469
      vertex 0 4.3827 3.34964
    endloop
  endfacet
  facet normal 0 -0.659325 0.751858
    outer loop
      vertex 3.8 4.5253 3.47469
      vertex 7 4.3827 3.34964
      vertex 7 4.5253 3.47469
    endloop
  endfacet
  facet normal 0 -0.659325 0.751858
    outer loop
      vertex 7 4.3827 3.34964
      vertex 3.8 4.5253 3.47469
      vertex 3.8 4.3827 3.34964
    endloop
  endfacet
  facet normal 0 -0.997857 0.0654307
    outer loop
      vertex 0 4.93759 4.31074
      vertex 0.599999 4.95 4.5
      vertex 0 4.95 4.5
    endloop
  endfacet
  facet normal 0 -0.997857 0.0654307
    outer loop
      vertex 0.599999 4.95 4.5
      vertex 0 4.93759 4.31074
      vertex 0.599999 4.93759 4.31074
    endloop
  endfacet
  facet normal 0 -0.997857 0.0654307
    outer loop
      vertex 3.8 4.93759 4.31074
      vertex 7 4.95 4.5
      vertex 3.8 4.95 4.5
    endloop
  endfacet
  facet normal 0 -0.997857 0.0654307
    outer loop
      vertex 7 4.95 4.5
      vertex 3.8 4.93759 4.31074
      vertex 7 4.93759 4.31074
    endloop
  endfacet
  facet normal -0 0.5556 0.83145
    outer loop
      vertex 0 2.775 3.24426
      vertex 0.599999 2.6173 3.34964
      vertex 0.599999 2.775 3.24426
    endloop
  endfacet
  facet normal 0 0.5556 0.83145
    outer loop
      vertex 0.599999 2.6173 3.34964
      vertex 0 2.775 3.24426
      vertex 0 2.6173 3.34964
    endloop
  endfacet
  facet normal -0 0.5556 0.83145
    outer loop
      vertex 3.8 2.775 3.24426
      vertex 7 2.6173 3.34964
      vertex 7 2.775 3.24426
    endloop
  endfacet
  facet normal 0 0.5556 0.83145
    outer loop
      vertex 7 2.6173 3.34964
      vertex 3.8 2.775 3.24426
      vertex 3.8 2.6173 3.34964
    endloop
  endfacet
  facet normal -0 0.0653782 0.997861
    outer loop
      vertex 0 3.5 3.05
      vertex 0.599999 3.31074 3.0624
      vertex 0.599999 3.5 3.05
    endloop
  endfacet
  facet normal 0 0.0653782 0.997861
    outer loop
      vertex 0.599999 3.31074 3.0624
      vertex 0 3.5 3.05
      vertex 0 3.31074 3.0624
    endloop
  endfacet
  facet normal -0 0.0653782 0.997861
    outer loop
      vertex 3.8 3.5 3.05
      vertex 7 3.31074 3.0624
      vertex 7 3.5 3.05
    endloop
  endfacet
  facet normal 0 0.0653782 0.997861
    outer loop
      vertex 7 3.31074 3.0624
      vertex 3.8 3.5 3.05
      vertex 3.8 3.31074 3.0624
    endloop
  endfacet
  facet normal 0 0.751858 -0.659325
    outer loop
      vertex 0.599999 2.34964 5.3827
      vertex 0 2.47469 5.5253
      vertex 0.599999 2.47469 5.5253
    endloop
  endfacet
  facet normal 0 0.751858 -0.659325
    outer loop
      vertex 0 2.47469 5.5253
      vertex 0.599999 2.34964 5.3827
      vertex 0 2.34964 5.3827
    endloop
  endfacet
  facet normal 0 0.751858 -0.659325
    outer loop
      vertex 7 2.34964 5.3827
      vertex 3.8 2.47469 5.5253
      vertex 7 2.47469 5.5253
    endloop
  endfacet
  facet normal 0 0.751858 -0.659325
    outer loop
      vertex 3.8 2.47469 5.5253
      vertex 7 2.34964 5.3827
      vertex 3.8 2.34964 5.3827
    endloop
  endfacet
  facet normal 0 0.195072 -0.980789
    outer loop
      vertex 0 3.12471 5.90059
      vertex 0.599999 3.31074 5.93759
      vertex 0.599999 3.12471 5.90059
    endloop
  endfacet
  facet normal 0 0.195072 -0.980789
    outer loop
      vertex 0.599999 3.31074 5.93759
      vertex 0 3.12471 5.90059
      vertex 0 3.31074 5.93759
    endloop
  endfacet
  facet normal 0 0.195072 -0.980789
    outer loop
      vertex 3.8 3.12471 5.90059
      vertex 7 3.31074 5.93759
      vertex 7 3.12471 5.90059
    endloop
  endfacet
  facet normal 0 0.195072 -0.980789
    outer loop
      vertex 7 3.31074 5.93759
      vertex 3.8 3.12471 5.90059
      vertex 3.8 3.31074 5.93759
    endloop
  endfacet
  facet normal 0 0.442251 -0.896891
    outer loop
      vertex 0 2.775 5.75574
      vertex 0.599999 2.94511 5.83962
      vertex 0.599999 2.775 5.75574
    endloop
  endfacet
  facet normal 0 0.442251 -0.896891
    outer loop
      vertex 0.599999 2.94511 5.83962
      vertex 0 2.775 5.75574
      vertex 0 2.94511 5.83962
    endloop
  endfacet
  facet normal 0 0.442251 -0.896891
    outer loop
      vertex 3.8 2.775 5.75574
      vertex 7 2.94511 5.83962
      vertex 7 2.775 5.75574
    endloop
  endfacet
  facet normal 0 0.442251 -0.896891
    outer loop
      vertex 7 2.94511 5.83962
      vertex 3.8 2.775 5.75574
      vertex 3.8 2.94511 5.83962
    endloop
  endfacet
  facet normal 0 0.94694 0.321411
    outer loop
      vertex 0.599999 2.16037 3.94511
      vertex 0 2.09941 4.12471
      vertex 0.599999 2.09941 4.12471
    endloop
  endfacet
  facet normal 0 0.94694 0.321411
    outer loop
      vertex 0 2.09941 4.12471
      vertex 0.599999 2.16037 3.94511
      vertex 0 2.16037 3.94511
    endloop
  endfacet
  facet normal 0 0.94694 0.321411
    outer loop
      vertex 7 2.16037 3.94511
      vertex 3.8 2.09941 4.12471
      vertex 7 2.09941 4.12471
    endloop
  endfacet
  facet normal 0 0.94694 0.321411
    outer loop
      vertex 3.8 2.09941 4.12471
      vertex 7 2.16037 3.94511
      vertex 3.8 2.16037 3.94511
    endloop
  endfacet
  facet normal 0 0.980779 0.195122
    outer loop
      vertex 0.599999 2.09941 4.12471
      vertex 0 2.0624 4.31074
      vertex 0.599999 2.0624 4.31074
    endloop
  endfacet
  facet normal 0 0.980779 0.195122
    outer loop
      vertex 0 2.0624 4.31074
      vertex 0.599999 2.09941 4.12471
      vertex 0 2.09941 4.12471
    endloop
  endfacet
  facet normal 0 0.980779 0.195122
    outer loop
      vertex 7 2.09941 4.12471
      vertex 3.8 2.0624 4.31074
      vertex 7 2.0624 4.31074
    endloop
  endfacet
  facet normal 0 0.980779 0.195122
    outer loop
      vertex 3.8 2.0624 4.31074
      vertex 7 2.09941 4.12471
      vertex 3.8 2.09941 4.12471
    endloop
  endfacet
  facet normal 0 0.751881 0.659299
    outer loop
      vertex 0.599999 2.47469 3.47469
      vertex 0 2.34964 3.6173
      vertex 0.599999 2.34964 3.6173
    endloop
  endfacet
  facet normal 0 0.751881 0.659299
    outer loop
      vertex 0 2.34964 3.6173
      vertex 0.599999 2.47469 3.47469
      vertex 0 2.47469 3.47469
    endloop
  endfacet
  facet normal 0 0.751881 0.659299
    outer loop
      vertex 7 2.47469 3.47469
      vertex 3.8 2.34964 3.6173
      vertex 7 2.34964 3.6173
    endloop
  endfacet
  facet normal 0 0.751881 0.659299
    outer loop
      vertex 3.8 2.34964 3.6173
      vertex 7 2.47469 3.47469
      vertex 3.8 2.47469 3.47469
    endloop
  endfacet
  facet normal 0 0.997861 -0.0653782
    outer loop
      vertex 0.599999 2.05 4.5
      vertex 0 2.0624 4.68926
      vertex 0.599999 2.0624 4.68926
    endloop
  endfacet
  facet normal 0 0.997861 -0.0653782
    outer loop
      vertex 0 2.0624 4.68926
      vertex 0.599999 2.05 4.5
      vertex 0 2.05 4.5
    endloop
  endfacet
  facet normal 0 0.997861 -0.0653782
    outer loop
      vertex 7 2.05 4.5
      vertex 3.8 2.0624 4.68926
      vertex 7 2.0624 4.68926
    endloop
  endfacet
  facet normal 0 0.997861 -0.0653782
    outer loop
      vertex 3.8 2.0624 4.68926
      vertex 7 2.05 4.5
      vertex 3.8 2.05 4.5
    endloop
  endfacet
  facet normal 0 0.980779 -0.195122
    outer loop
      vertex 0.599999 2.0624 4.68926
      vertex 0 2.09941 4.87529
      vertex 0.599999 2.09941 4.87529
    endloop
  endfacet
  facet normal 0 0.980779 -0.195122
    outer loop
      vertex 0 2.09941 4.87529
      vertex 0.599999 2.0624 4.68926
      vertex 0 2.0624 4.68926
    endloop
  endfacet
  facet normal 0 0.980779 -0.195122
    outer loop
      vertex 7 2.0624 4.68926
      vertex 3.8 2.09941 4.87529
      vertex 7 2.09941 4.87529
    endloop
  endfacet
  facet normal 0 0.980779 -0.195122
    outer loop
      vertex 3.8 2.09941 4.87529
      vertex 7 2.0624 4.68926
      vertex 3.8 2.0624 4.68926
    endloop
  endfacet
  facet normal 0 0.659329 -0.751854
    outer loop
      vertex 0 2.47469 5.5253
      vertex 0.599999 2.6173 5.65036
      vertex 0.599999 2.47469 5.5253
    endloop
  endfacet
  facet normal 0 0.659329 -0.751854
    outer loop
      vertex 0.599999 2.6173 5.65036
      vertex 0 2.47469 5.5253
      vertex 0 2.6173 5.65036
    endloop
  endfacet
  facet normal 0 0.659329 -0.751854
    outer loop
      vertex 3.8 2.47469 5.5253
      vertex 7 2.6173 5.65036
      vertex 7 2.47469 5.5253
    endloop
  endfacet
  facet normal 0 0.659329 -0.751854
    outer loop
      vertex 7 2.6173 5.65036
      vertex 3.8 2.47469 5.5253
      vertex 3.8 2.6173 5.65036
    endloop
  endfacet
  facet normal 0 0.5556 -0.83145
    outer loop
      vertex 0 2.6173 5.65036
      vertex 0.599999 2.775 5.75574
      vertex 0.599999 2.6173 5.65036
    endloop
  endfacet
  facet normal 0 0.5556 -0.83145
    outer loop
      vertex 0.599999 2.775 5.75574
      vertex 0 2.6173 5.65036
      vertex 0 2.775 5.75574
    endloop
  endfacet
  facet normal 0 0.5556 -0.83145
    outer loop
      vertex 3.8 2.6173 5.65036
      vertex 7 2.775 5.75574
      vertex 7 2.6173 5.65036
    endloop
  endfacet
  facet normal 0 0.5556 -0.83145
    outer loop
      vertex 7 2.775 5.75574
      vertex 3.8 2.6173 5.65036
      vertex 3.8 2.775 5.75574
    endloop
  endfacet
  facet normal 0 0.321458 -0.946924
    outer loop
      vertex 0 2.94511 5.83962
      vertex 0.599999 3.12471 5.90059
      vertex 0.599999 2.94511 5.83962
    endloop
  endfacet
  facet normal 0 0.321458 -0.946924
    outer loop
      vertex 0.599999 3.12471 5.90059
      vertex 0 2.94511 5.83962
      vertex 0 3.12471 5.90059
    endloop
  endfacet
  facet normal 0 0.321458 -0.946924
    outer loop
      vertex 3.8 2.94511 5.83962
      vertex 7 3.12471 5.90059
      vertex 7 2.94511 5.83962
    endloop
  endfacet
  facet normal 0 0.321458 -0.946924
    outer loop
      vertex 7 3.12471 5.90059
      vertex 3.8 2.94511 5.83962
      vertex 3.8 3.12471 5.90059
    endloop
  endfacet
  facet normal 0 0.83145 -0.5556
    outer loop
      vertex 0.599999 2.24426 5.225
      vertex 0 2.34964 5.3827
      vertex 0.599999 2.34964 5.3827
    endloop
  endfacet
  facet normal 0 0.83145 -0.5556
    outer loop
      vertex 0 2.34964 5.3827
      vertex 0.599999 2.24426 5.225
      vertex 0 2.24426 5.225
    endloop
  endfacet
  facet normal 0 0.83145 -0.5556
    outer loop
      vertex 7 2.24426 5.225
      vertex 3.8 2.34964 5.3827
      vertex 7 2.34964 5.3827
    endloop
  endfacet
  facet normal 0 0.83145 -0.5556
    outer loop
      vertex 3.8 2.34964 5.3827
      vertex 7 2.24426 5.225
      vertex 3.8 2.24426 5.225
    endloop
  endfacet
  facet normal 0 0.94694 -0.321411
    outer loop
      vertex 0.599999 2.09941 4.87529
      vertex 0 2.16037 5.05489
      vertex 0.599999 2.16037 5.05489
    endloop
  endfacet
  facet normal 0 0.94694 -0.321411
    outer loop
      vertex 0 2.16037 5.05489
      vertex 0.599999 2.09941 4.87529
      vertex 0 2.09941 4.87529
    endloop
  endfacet
  facet normal 0 0.94694 -0.321411
    outer loop
      vertex 7 2.09941 4.87529
      vertex 3.8 2.16037 5.05489
      vertex 7 2.16037 5.05489
    endloop
  endfacet
  facet normal 0 0.94694 -0.321411
    outer loop
      vertex 3.8 2.16037 5.05489
      vertex 7 2.09941 4.87529
      vertex 3.8 2.09941 4.87529
    endloop
  endfacet
  facet normal 0 0.896871 -0.442293
    outer loop
      vertex 0.599999 2.16037 5.05489
      vertex 0 2.24426 5.225
      vertex 0.599999 2.24426 5.225
    endloop
  endfacet
  facet normal 0 0.896871 -0.442293
    outer loop
      vertex 0 2.24426 5.225
      vertex 0.599999 2.16037 5.05489
      vertex 0 2.16037 5.05489
    endloop
  endfacet
  facet normal 0 0.896871 -0.442293
    outer loop
      vertex 7 2.16037 5.05489
      vertex 3.8 2.24426 5.225
      vertex 7 2.24426 5.225
    endloop
  endfacet
  facet normal 0 0.896871 -0.442293
    outer loop
      vertex 3.8 2.24426 5.225
      vertex 7 2.16037 5.05489
      vertex 3.8 2.16037 5.05489
    endloop
  endfacet
  facet normal 0 -0.866025 -0.5
    outer loop
      vertex 0.599999 6.55996 4.5
      vertex 3.8 5.02998 7.15
      vertex 0.599999 5.02998 7.15
    endloop
  endfacet
  facet normal 0 -0.866025 -0.5
    outer loop
      vertex 3.8 5.02998 7.15
      vertex 0.599999 6.55996 4.5
      vertex 3.8 6.55996 4.5
    endloop
  endfacet
  facet normal 0 0 -1
    outer loop
      vertex 0.599999 0 7.15
      vertex 3.8 5.02998 7.15
      vertex 3.8 0 7.15
    endloop
  endfacet
  facet normal -0 0 -1
    outer loop
      vertex 3.8 5.02998 7.15
      vertex 0.599999 0 7.15
      vertex 0.599999 5.02998 7.15
    endloop
  endfacet
  facet normal -0 0 1
    outer loop
      vertex 0.599999 5.02998 1.85
      vertex 3.8 0 1.85
      vertex 3.8 5.02998 1.85
    endloop
  endfacet
  facet normal 0 0 1
    outer loop
      vertex 3.8 0 1.85
      vertex 0.599999 5.02998 1.85
      vertex 0.599999 0 1.85
    endloop
  endfacet
  facet normal -1 0 0
    outer loop
      vertex 3.8 4.75574 3.775
      vertex 3.8 6.55996 4.5
      vertex 3.8 5.02998 1.85
    endloop
  endfacet
  facet normal -1 0 0
    outer loop
      vertex 3.8 4.93759 4.68926
      vertex 3.8 6.55996 4.5
      vertex 3.8 4.95 4.5
    endloop
  endfacet
  facet normal -1 -0 0
    outer loop
      vertex 3.8 6.55996 4.5
      vertex 3.8 4.93759 4.31074
      vertex 3.8 4.95 4.5
    endloop
  endfacet
  facet normal -1 0 0
    outer loop
      vertex 3.8 6.55996 4.5
      vertex 3.8 4.90059 4.12471
      vertex 3.8 4.93759 4.31074
    endloop
  endfacet
  facet normal -1 0 0
    outer loop
      vertex 3.8 6.55996 4.5
      vertex 3.8 4.83962 3.94511
      vertex 3.8 4.90059 4.12471
    endloop
  endfacet
  facet normal -1 0 0
    outer loop
      vertex 3.8 6.55996 4.5
      vertex 3.8 4.75574 3.775
      vertex 3.8 4.83962 3.94511
    endloop
  endfacet
  facet normal -1 0 0
    outer loop
      vertex 3.8 5.02998 1.85
      vertex 3.8 4.65036 3.6173
      vertex 3.8 4.75574 3.775
    endloop
  endfacet
  facet normal -1 0 0
    outer loop
      vertex 3.8 5.02998 1.85
      vertex 3.8 4.5253 3.47469
      vertex 3.8 4.65036 3.6173
    endloop
  endfacet
  facet normal -1 0 0
    outer loop
      vertex 3.8 5.02998 1.85
      vertex 3.8 4.3827 3.34964
      vertex 3.8 4.5253 3.47469
    endloop
  endfacet
  facet normal -1 0 0
    outer loop
      vertex 3.8 5.02998 1.85
      vertex 3.8 4.225 3.24426
      vertex 3.8 4.3827 3.34964
    endloop
  endfacet
  facet normal -1 0 0
    outer loop
      vertex 3.8 5.02998 1.85
      vertex 3.8 4.05489 3.16037
      vertex 3.8 4.225 3.24426
    endloop
  endfacet
  facet normal -1 0 0
    outer loop
      vertex 3.8 5.02998 1.85
      vertex 3.8 3.87529 3.09941
      vertex 3.8 4.05489 3.16037
    endloop
  endfacet
  facet normal -1 0 0
    outer loop
      vertex 3.8 5.02998 1.85
      vertex 3.8 3.68926 3.0624
      vertex 3.8 3.87529 3.09941
    endloop
  endfacet
  facet normal -1 0 0
    outer loop
      vertex 3.8 5.02998 1.85
      vertex 3.8 3.5 3.05
      vertex 3.8 3.68926 3.0624
    endloop
  endfacet
  facet normal -1 0 0
    outer loop
      vertex 3.8 5.02998 1.85
      vertex 3.8 3.31074 3.0624
      vertex 3.8 3.5 3.05
    endloop
  endfacet
  facet normal -1 0 0
    outer loop
      vertex 3.8 5.02998 1.85
      vertex 3.8 3.12471 3.09941
      vertex 3.8 3.31074 3.0624
    endloop
  endfacet
  facet normal -1 0 0
    outer loop
      vertex 3.8 0 1.85
      vertex 3.8 3.12471 3.09941
      vertex 3.8 5.02998 1.85
    endloop
  endfacet
  facet normal -1 -0 0
    outer loop
      vertex 3.8 3.12471 3.09941
      vertex 3.8 0 1.85
      vertex 3.8 2.94511 3.16037
    endloop
  endfacet
  facet normal -1 -0 0
    outer loop
      vertex 3.8 2.0624 4.31074
      vertex 3.8 0 1.85
      vertex 3.8 2.05 4.5
    endloop
  endfacet
  facet normal -1 -0 0
    outer loop
      vertex 3.8 2.09941 4.12471
      vertex 3.8 0 1.85
      vertex 3.8 2.0624 4.31074
    endloop
  endfacet
  facet normal -1 -0 0
    outer loop
      vertex 3.8 2.16037 3.94511
      vertex 3.8 0 1.85
      vertex 3.8 2.09941 4.12471
    endloop
  endfacet
  facet normal -1 -0 0
    outer loop
      vertex 3.8 2.24426 3.775
      vertex 3.8 0 1.85
      vertex 3.8 2.16037 3.94511
    endloop
  endfacet
  facet normal -1 -0 0
    outer loop
      vertex 3.8 2.34964 3.6173
      vertex 3.8 0 1.85
      vertex 3.8 2.24426 3.775
    endloop
  endfacet
  facet normal -1 -0 0
    outer loop
      vertex 3.8 2.47469 3.47469
      vertex 3.8 0 1.85
      vertex 3.8 2.34964 3.6173
    endloop
  endfacet
  facet normal -1 -0 0
    outer loop
      vertex 3.8 2.6173 3.34964
      vertex 3.8 0 1.85
      vertex 3.8 2.47469 3.47469
    endloop
  endfacet
  facet normal -1 -0 0
    outer loop
      vertex 3.8 2.775 3.24426
      vertex 3.8 0 1.85
      vertex 3.8 2.6173 3.34964
    endloop
  endfacet
  facet normal -1 -0 0
    outer loop
      vertex 3.8 2.94511 3.16037
      vertex 3.8 0 1.85
      vertex 3.8 2.775 3.24426
    endloop
  endfacet
  facet normal -1 0 0
    outer loop
      vertex 3.8 4.90059 4.87529
      vertex 3.8 6.55996 4.5
      vertex 3.8 4.93759 4.68926
    endloop
  endfacet
  facet normal -1 0 0
    outer loop
      vertex 3.8 4.83962 5.05489
      vertex 3.8 6.55996 4.5
      vertex 3.8 4.90059 4.87529
    endloop
  endfacet
  facet normal -1 0 0
    outer loop
      vertex 3.8 4.75574 5.225
      vertex 3.8 6.55996 4.5
      vertex 3.8 4.83962 5.05489
    endloop
  endfacet
  facet normal -1 0 0
    outer loop
      vertex 3.8 6.55996 4.5
      vertex 3.8 4.75574 5.225
      vertex 3.8 5.02998 7.15
    endloop
  endfacet
  facet normal -1 0 0
    outer loop
      vertex 3.8 4.65036 5.3827
      vertex 3.8 5.02998 7.15
      vertex 3.8 4.75574 5.225
    endloop
  endfacet
  facet normal -1 0 0
    outer loop
      vertex 3.8 4.5253 5.5253
      vertex 3.8 5.02998 7.15
      vertex 3.8 4.65036 5.3827
    endloop
  endfacet
  facet normal -1 0 0
    outer loop
      vertex 3.8 4.3827 5.65036
      vertex 3.8 5.02998 7.15
      vertex 3.8 4.5253 5.5253
    endloop
  endfacet
  facet normal -1 0 0
    outer loop
      vertex 3.8 4.225 5.75574
      vertex 3.8 5.02998 7.15
      vertex 3.8 4.3827 5.65036
    endloop
  endfacet
  facet normal -1 0 0
    outer loop
      vertex 3.8 4.05489 5.83962
      vertex 3.8 5.02998 7.15
      vertex 3.8 4.225 5.75574
    endloop
  endfacet
  facet normal -1 0 0
    outer loop
      vertex 3.8 3.87529 5.90059
      vertex 3.8 5.02998 7.15
      vertex 3.8 4.05489 5.83962
    endloop
  endfacet
  facet normal -1 0 0
    outer loop
      vertex 3.8 3.68926 5.93759
      vertex 3.8 5.02998 7.15
      vertex 3.8 3.87529 5.90059
    endloop
  endfacet
  facet normal -1 0 0
    outer loop
      vertex 3.8 3.5 5.95
      vertex 3.8 5.02998 7.15
      vertex 3.8 3.68926 5.93759
    endloop
  endfacet
  facet normal -1 0 0
    outer loop
      vertex 3.8 3.31074 5.93759
      vertex 3.8 5.02998 7.15
      vertex 3.8 3.5 5.95
    endloop
  endfacet
  facet normal -1 0 0
    outer loop
      vertex 3.8 3.12471 5.90059
      vertex 3.8 5.02998 7.15
      vertex 3.8 3.31074 5.93759
    endloop
  endfacet
  facet normal -1 0 0
    outer loop
      vertex 3.8 0 7.15
      vertex 3.8 3.12471 5.90059
      vertex 3.8 2.94511 5.83962
    endloop
  endfacet
  facet normal -1 0 0
    outer loop
      vertex 3.8 0 7.15
      vertex 3.8 2.94511 5.83962
      vertex 3.8 2.775 5.75574
    endloop
  endfacet
  facet normal -1 0 0
    outer loop
      vertex 3.8 0 7.15
      vertex 3.8 2.05 4.5
      vertex 3.8 0 1.85
    endloop
  endfacet
  facet normal -1 0 0
    outer loop
      vertex 3.8 2.05 4.5
      vertex 3.8 0 7.15
      vertex 3.8 2.0624 4.68926
    endloop
  endfacet
  facet normal -1 0 0
    outer loop
      vertex 3.8 2.0624 4.68926
      vertex 3.8 0 7.15
      vertex 3.8 2.09941 4.87529
    endloop
  endfacet
  facet normal -1 0 0
    outer loop
      vertex 3.8 2.09941 4.87529
      vertex 3.8 0 7.15
      vertex 3.8 2.16037 5.05489
    endloop
  endfacet
  facet normal -1 0 0
    outer loop
      vertex 3.8 3.12471 5.90059
      vertex 3.8 0 7.15
      vertex 3.8 5.02998 7.15
    endloop
  endfacet
  facet normal -1 0 0
    outer loop
      vertex 3.8 2.6173 5.65036
      vertex 3.8 0 7.15
      vertex 3.8 2.775 5.75574
    endloop
  endfacet
  facet normal -1 0 0
    outer loop
      vertex 3.8 2.47469 5.5253
      vertex 3.8 0 7.15
      vertex 3.8 2.6173 5.65036
    endloop
  endfacet
  facet normal -1 0 0
    outer loop
      vertex 3.8 2.34964 5.3827
      vertex 3.8 0 7.15
      vertex 3.8 2.47469 5.5253
    endloop
  endfacet
  facet normal -1 0 0
    outer loop
      vertex 3.8 2.24426 5.225
      vertex 3.8 0 7.15
      vertex 3.8 2.34964 5.3827
    endloop
  endfacet
  facet normal -1 0 0
    outer loop
      vertex 3.8 2.16037 5.05489
      vertex 3.8 0 7.15
      vertex 3.8 2.24426 5.225
    endloop
  endfacet
  facet normal 1 -0 0
    outer loop
      vertex 0.599999 4.75574 5.225
      vertex 0.599999 6.55996 4.5
      vertex 0.599999 5.02998 7.15
    endloop
  endfacet
  facet normal 1 0 0
    outer loop
      vertex 0.599999 4.93759 4.31074
      vertex 0.599999 6.55996 4.5
      vertex 0.599999 4.95 4.5
    endloop
  endfacet
  facet normal 1 0 0
    outer loop
      vertex 0.599999 6.55996 4.5
      vertex 0.599999 4.93759 4.68926
      vertex 0.599999 4.95 4.5
    endloop
  endfacet
  facet normal 1 0 0
    outer loop
      vertex 0.599999 6.55996 4.5
      vertex 0.599999 4.90059 4.87529
      vertex 0.599999 4.93759 4.68926
    endloop
  endfacet
  facet normal 1 0 0
    outer loop
      vertex 0.599999 6.55996 4.5
      vertex 0.599999 4.83962 5.05489
      vertex 0.599999 4.90059 4.87529
    endloop
  endfacet
  facet normal 1 0 0
    outer loop
      vertex 0.599999 6.55996 4.5
      vertex 0.599999 4.75574 5.225
      vertex 0.599999 4.83962 5.05489
    endloop
  endfacet
  facet normal 1 0 0
    outer loop
      vertex 0.599999 5.02998 7.15
      vertex 0.599999 4.65036 5.3827
      vertex 0.599999 4.75574 5.225
    endloop
  endfacet
  facet normal 1 0 0
    outer loop
      vertex 0.599999 5.02998 7.15
      vertex 0.599999 4.5253 5.5253
      vertex 0.599999 4.65036 5.3827
    endloop
  endfacet
  facet normal 1 0 0
    outer loop
      vertex 0.599999 5.02998 7.15
      vertex 0.599999 4.3827 5.65036
      vertex 0.599999 4.5253 5.5253
    endloop
  endfacet
  facet normal 1 0 0
    outer loop
      vertex 0.599999 5.02998 7.15
      vertex 0.599999 4.225 5.75574
      vertex 0.599999 4.3827 5.65036
    endloop
  endfacet
  facet normal 1 0 0
    outer loop
      vertex 0.599999 5.02998 7.15
      vertex 0.599999 4.05489 5.83962
      vertex 0.599999 4.225 5.75574
    endloop
  endfacet
  facet normal 1 0 0
    outer loop
      vertex 0.599999 5.02998 7.15
      vertex 0.599999 3.87529 5.90059
      vertex 0.599999 4.05489 5.83962
    endloop
  endfacet
  facet normal 1 0 0
    outer loop
      vertex 0.599999 5.02998 7.15
      vertex 0.599999 3.68926 5.93759
      vertex 0.599999 3.87529 5.90059
    endloop
  endfacet
  facet normal 1 0 0
    outer loop
      vertex 0.599999 5.02998 7.15
      vertex 0.599999 3.5 5.95
      vertex 0.599999 3.68926 5.93759
    endloop
  endfacet
  facet normal 1 0 0
    outer loop
      vertex 0.599999 5.02998 7.15
      vertex 0.599999 3.31074 5.93759
      vertex 0.599999 3.5 5.95
    endloop
  endfacet
  facet normal 1 0 0
    outer loop
      vertex 0.599999 5.02998 7.15
      vertex 0.599999 3.12471 5.90059
      vertex 0.599999 3.31074 5.93759
    endloop
  endfacet
  facet normal 1 -0 0
    outer loop
      vertex 0.599999 0 7.15
      vertex 0.599999 3.12471 5.90059
      vertex 0.599999 5.02998 7.15
    endloop
  endfacet
  facet normal 1 0 0
    outer loop
      vertex 0.599999 3.12471 5.90059
      vertex 0.599999 0 7.15
      vertex 0.599999 2.94511 5.83962
    endloop
  endfacet
  facet normal 1 0 0
    outer loop
      vertex 0.599999 2.0624 4.68926
      vertex 0.599999 0 7.15
      vertex 0.599999 2.05 4.5
    endloop
  endfacet
  facet normal 1 0 0
    outer loop
      vertex 0.599999 2.09941 4.87529
      vertex 0.599999 0 7.15
      vertex 0.599999 2.0624 4.68926
    endloop
  endfacet
  facet normal 1 0 0
    outer loop
      vertex 0.599999 2.16037 5.05489
      vertex 0.599999 0 7.15
      vertex 0.599999 2.09941 4.87529
    endloop
  endfacet
  facet normal 1 0 0
    outer loop
      vertex 0.599999 2.24426 5.225
      vertex 0.599999 0 7.15
      vertex 0.599999 2.16037 5.05489
    endloop
  endfacet
  facet normal 1 0 0
    outer loop
      vertex 0.599999 2.34964 5.3827
      vertex 0.599999 0 7.15
      vertex 0.599999 2.24426 5.225
    endloop
  endfacet
  facet normal 1 0 0
    outer loop
      vertex 0.599999 2.47469 5.5253
      vertex 0.599999 0 7.15
      vertex 0.599999 2.34964 5.3827
    endloop
  endfacet
  facet normal 1 0 0
    outer loop
      vertex 0.599999 2.6173 5.65036
      vertex 0.599999 0 7.15
      vertex 0.599999 2.47469 5.5253
    endloop
  endfacet
  facet normal 1 0 0
    outer loop
      vertex 0.599999 2.775 5.75574
      vertex 0.599999 0 7.15
      vertex 0.599999 2.6173 5.65036
    endloop
  endfacet
  facet normal 1 0 0
    outer loop
      vertex 0.599999 2.94511 5.83962
      vertex 0.599999 0 7.15
      vertex 0.599999 2.775 5.75574
    endloop
  endfacet
  facet normal 1 0 0
    outer loop
      vertex 0.599999 4.90059 4.12471
      vertex 0.599999 6.55996 4.5
      vertex 0.599999 4.93759 4.31074
    endloop
  endfacet
  facet normal 1 0 0
    outer loop
      vertex 0.599999 4.83962 3.94511
      vertex 0.599999 6.55996 4.5
      vertex 0.599999 4.90059 4.12471
    endloop
  endfacet
  facet normal 1 0 0
    outer loop
      vertex 0.599999 4.75574 3.775
      vertex 0.599999 6.55996 4.5
      vertex 0.599999 4.83962 3.94511
    endloop
  endfacet
  facet normal 1 0 0
    outer loop
      vertex 0.599999 6.55996 4.5
      vertex 0.599999 4.75574 3.775
      vertex 0.599999 5.02998 1.85
    endloop
  endfacet
  facet normal 1 -0 0
    outer loop
      vertex 0.599999 4.65036 3.6173
      vertex 0.599999 5.02998 1.85
      vertex 0.599999 4.75574 3.775
    endloop
  endfacet
  facet normal 1 -0 0
    outer loop
      vertex 0.599999 4.5253 3.47469
      vertex 0.599999 5.02998 1.85
      vertex 0.599999 4.65036 3.6173
    endloop
  endfacet
  facet normal 1 -0 0
    outer loop
      vertex 0.599999 4.3827 3.34964
      vertex 0.599999 5.02998 1.85
      vertex 0.599999 4.5253 3.47469
    endloop
  endfacet
  facet normal 1 -0 0
    outer loop
      vertex 0.599999 4.225 3.24426
      vertex 0.599999 5.02998 1.85
      vertex 0.599999 4.3827 3.34964
    endloop
  endfacet
  facet normal 1 -0 0
    outer loop
      vertex 0.599999 4.05489 3.16037
      vertex 0.599999 5.02998 1.85
      vertex 0.599999 4.225 3.24426
    endloop
  endfacet
  facet normal 1 -0 0
    outer loop
      vertex 0.599999 3.87529 3.09941
      vertex 0.599999 5.02998 1.85
      vertex 0.599999 4.05489 3.16037
    endloop
  endfacet
  facet normal 1 -0 0
    outer loop
      vertex 0.599999 3.68926 3.0624
      vertex 0.599999 5.02998 1.85
      vertex 0.599999 3.87529 3.09941
    endloop
  endfacet
  facet normal 1 -0 0
    outer loop
      vertex 0.599999 3.5 3.05
      vertex 0.599999 5.02998 1.85
      vertex 0.599999 3.68926 3.0624
    endloop
  endfacet
  facet normal 1 0 0
    outer loop
      vertex 0.599999 3.31074 3.0624
      vertex 0.599999 5.02998 1.85
      vertex 0.599999 3.5 3.05
    endloop
  endfacet
  facet normal 1 0 0
    outer loop
      vertex 0.599999 3.12471 3.09941
      vertex 0.599999 5.02998 1.85
      vertex 0.599999 3.31074 3.0624
    endloop
  endfacet
  facet normal 1 0 0
    outer loop
      vertex 0.599999 0 1.85
      vertex 0.599999 3.12471 3.09941
      vertex 0.599999 2.94511 3.16037
    endloop
  endfacet
  facet normal 1 0 0
    outer loop
      vertex 0.599999 0 1.85
      vertex 0.599999 2.94511 3.16037
      vertex 0.599999 2.775 3.24426
    endloop
  endfacet
  facet normal 1 0 0
    outer loop
      vertex 0.599999 0 1.85
      vertex 0.599999 2.05 4.5
      vertex 0.599999 0 7.15
    endloop
  endfacet
  facet normal 1 0 0
    outer loop
      vertex 0.599999 2.05 4.5
      vertex 0.599999 0 1.85
      vertex 0.599999 2.0624 4.31074
    endloop
  endfacet
  facet normal 1 0 0
    outer loop
      vertex 0.599999 2.0624 4.31074
      vertex 0.599999 0 1.85
      vertex 0.599999 2.09941 4.12471
    endloop
  endfacet
  facet normal 1 0 0
    outer loop
      vertex 0.599999 2.09941 4.12471
      vertex 0.599999 0 1.85
      vertex 0.599999 2.16037 3.94511
    endloop
  endfacet
  facet normal 1 0 0
    outer loop
      vertex 0.599999 3.12471 3.09941
      vertex 0.599999 0 1.85
      vertex 0.599999 5.02998 1.85
    endloop
  endfacet
  facet normal 1 0 0
    outer loop
      vertex 0.599999 2.6173 3.34964
      vertex 0.599999 0 1.85
      vertex 0.599999 2.775 3.24426
    endloop
  endfacet
  facet normal 1 0 0
    outer loop
      vertex 0.599999 2.47469 3.47469
      vertex 0.599999 0 1.85
      vertex 0.599999 2.6173 3.34964
    endloop
  endfacet
  facet normal 1 0 0
    outer loop
      vertex 0.599999 2.34964 3.6173
      vertex 0.599999 0 1.85
      vertex 0.599999 2.47469 3.47469
    endloop
  endfacet
  facet normal 1 0 0
    outer loop
      vertex 0.599999 2.24426 3.775
      vertex 0.599999 0 1.85
      vertex 0.599999 2.34964 3.6173
    endloop
  endfacet
  facet normal 1 0 0
    outer loop
      vertex 0.599999 2.16037 3.94511
      vertex 0.599999 0 1.85
      vertex 0.599999 2.24426 3.775
    endloop
  endfacet
  facet normal 0 -0.866025 0.5
    outer loop
      vertex 0.599999 5.02998 1.85
      vertex 3.8 6.55996 4.5
      vertex 0.599999 6.55996 4.5
    endloop
  endfacet
  facet normal 0 -0.866025 0.5
    outer loop
      vertex 3.8 6.55996 4.5
      vertex 0.599999 5.02998 1.85
      vertex 3.8 5.02998 1.85
    endloop
  endfacet
  facet normal -1 0 0
    outer loop
      vertex 79 7 0
      vertex 79 4.95 4.5
      vertex 79 7 9
    endloop
  endfacet
  facet normal -1 0 0
    outer loop
      vertex 79 7 0
      vertex 79 4.93759 4.31074
      vertex 79 4.95 4.5
    endloop
  endfacet
  facet normal -1 0 0
    outer loop
      vertex 79 7 0
      vertex 79 4.90059 4.12471
      vertex 79 4.93759 4.31074
    endloop
  endfacet
  facet normal -1 0 0
    outer loop
      vertex 79 7 0
      vertex 79 4.83962 3.94511
      vertex 79 4.90059 4.12471
    endloop
  endfacet
  facet normal -1 0 0
    outer loop
      vertex 79 7 0
      vertex 79 4.75574 3.775
      vertex 79 4.83962 3.94511
    endloop
  endfacet
  facet normal -1 0 0
    outer loop
      vertex 79 7 0
      vertex 79 4.65036 3.6173
      vertex 79 4.75574 3.775
    endloop
  endfacet
  facet normal -1 0 0
    outer loop
      vertex 79 7 0
      vertex 79 4.5253 3.47469
      vertex 79 4.65036 3.6173
    endloop
  endfacet
  facet normal -1 0 0
    outer loop
      vertex 79 7 0
      vertex 79 4.3827 3.34964
      vertex 79 4.5253 3.47469
    endloop
  endfacet
  facet normal -1 0 0
    outer loop
      vertex 79 7 0
      vertex 79 4.225 3.24426
      vertex 79 4.3827 3.34964
    endloop
  endfacet
  facet normal -1 0 0
    outer loop
      vertex 79 7 0
      vertex 79 4.05489 3.16037
      vertex 79 4.225 3.24426
    endloop
  endfacet
  facet normal -1 0 0
    outer loop
      vertex 79 7 0
      vertex 79 3.87529 3.09941
      vertex 79 4.05489 3.16037
    endloop
  endfacet
  facet normal -1 0 0
    outer loop
      vertex 79 7 0
      vertex 79 3.68926 3.0624
      vertex 79 3.87529 3.09941
    endloop
  endfacet
  facet normal -1 0 0
    outer loop
      vertex 79 7 0
      vertex 79 3.5 3.05
      vertex 79 3.68926 3.0624
    endloop
  endfacet
  facet normal -1 0 0
    outer loop
      vertex 79 0 0
      vertex 79 3.5 3.05
      vertex 79 7 0
    endloop
  endfacet
  facet normal -1 -0 0
    outer loop
      vertex 79 3.5 3.05
      vertex 79 0 0
      vertex 79 3.31074 3.0624
    endloop
  endfacet
  facet normal -1 -0 0
    outer loop
      vertex 79 3.31074 3.0624
      vertex 79 0 0
      vertex 79 3.12471 3.09941
    endloop
  endfacet
  facet normal -1 -0 0
    outer loop
      vertex 79 3.12471 3.09941
      vertex 79 0 0
      vertex 79 2.94511 3.16037
    endloop
  endfacet
  facet normal -1 -0 0
    outer loop
      vertex 79 2.94511 3.16037
      vertex 79 0 0
      vertex 79 2.775 3.24426
    endloop
  endfacet
  facet normal -1 -0 0
    outer loop
      vertex 79 2.0624 4.31074
      vertex 79 0 0
      vertex 79 2.05 4.5
    endloop
  endfacet
  facet normal -1 -0 0
    outer loop
      vertex 79 2.09941 4.12471
      vertex 79 0 0
      vertex 79 2.0624 4.31074
    endloop
  endfacet
  facet normal -1 -0 0
    outer loop
      vertex 79 2.16037 3.94511
      vertex 79 0 0
      vertex 79 2.09941 4.12471
    endloop
  endfacet
  facet normal -1 -0 0
    outer loop
      vertex 79 2.24426 3.775
      vertex 79 0 0
      vertex 79 2.16037 3.94511
    endloop
  endfacet
  facet normal -1 -0 0
    outer loop
      vertex 79 2.34964 3.6173
      vertex 79 0 0
      vertex 79 2.24426 3.775
    endloop
  endfacet
  facet normal -1 -0 0
    outer loop
      vertex 79 2.47469 3.47469
      vertex 79 0 0
      vertex 79 2.34964 3.6173
    endloop
  endfacet
  facet normal -1 -0 0
    outer loop
      vertex 79 2.6173 3.34964
      vertex 79 0 0
      vertex 79 2.47469 3.47469
    endloop
  endfacet
  facet normal -1 -0 0
    outer loop
      vertex 79 2.775 3.24426
      vertex 79 0 0
      vertex 79 2.6173 3.34964
    endloop
  endfacet
  facet normal -1 0 0
    outer loop
      vertex 79 4.93759 4.68926
      vertex 79 7 9
      vertex 79 4.95 4.5
    endloop
  endfacet
  facet normal -1 0 0
    outer loop
      vertex 79 4.90059 4.87529
      vertex 79 7 9
      vertex 79 4.93759 4.68926
    endloop
  endfacet
  facet normal -1 0 0
    outer loop
      vertex 79 4.83962 5.05489
      vertex 79 7 9
      vertex 79 4.90059 4.87529
    endloop
  endfacet
  facet normal -1 0 0
    outer loop
      vertex 79 4.75574 5.225
      vertex 79 7 9
      vertex 79 4.83962 5.05489
    endloop
  endfacet
  facet normal -1 0 0
    outer loop
      vertex 79 4.65036 5.3827
      vertex 79 7 9
      vertex 79 4.75574 5.225
    endloop
  endfacet
  facet normal -1 0 0
    outer loop
      vertex 79 4.5253 5.5253
      vertex 79 7 9
      vertex 79 4.65036 5.3827
    endloop
  endfacet
  facet normal -1 0 0
    outer loop
      vertex 79 4.3827 5.65036
      vertex 79 7 9
      vertex 79 4.5253 5.5253
    endloop
  endfacet
  facet normal -1 0 0
    outer loop
      vertex 79 4.225 5.75574
      vertex 79 7 9
      vertex 79 4.3827 5.65036
    endloop
  endfacet
  facet normal -1 0 0
    outer loop
      vertex 79 4.05489 5.83962
      vertex 79 7 9
      vertex 79 4.225 5.75574
    endloop
  endfacet
  facet normal -1 0 0
    outer loop
      vertex 79 3.87529 5.90059
      vertex 79 7 9
      vertex 79 4.05489 5.83962
    endloop
  endfacet
  facet normal -1 0 0
    outer loop
      vertex 79 3.68926 5.93759
      vertex 79 7 9
      vertex 79 3.87529 5.90059
    endloop
  endfacet
  facet normal -1 0 0
    outer loop
      vertex 79 3.5 5.95
      vertex 79 7 9
      vertex 79 3.68926 5.93759
    endloop
  endfacet
  facet normal -1 0 0
    outer loop
      vertex 79 0 9
      vertex 79 3.5 5.95
      vertex 79 3.31074 5.93759
    endloop
  endfacet
  facet normal -1 0 0
    outer loop
      vertex 79 0 9
      vertex 79 3.31074 5.93759
      vertex 79 3.12471 5.90059
    endloop
  endfacet
  facet normal -1 0 0
    outer loop
      vertex 79 0 9
      vertex 79 3.12471 5.90059
      vertex 79 2.94511 5.83962
    endloop
  endfacet
  facet normal -1 0 0
    outer loop
      vertex 79 0 9
      vertex 79 2.94511 5.83962
      vertex 79 2.775 5.75574
    endloop
  endfacet
  facet normal -1 0 0
    outer loop
      vertex 79 0 9
      vertex 79 2.775 5.75574
      vertex 79 2.6173 5.65036
    endloop
  endfacet
  facet normal -1 0 0
    outer loop
      vertex 79 0 9
      vertex 79 2.05 4.5
      vertex 79 0 0
    endloop
  endfacet
  facet normal -1 0 0
    outer loop
      vertex 79 2.05 4.5
      vertex 79 0 9
      vertex 79 2.0624 4.68926
    endloop
  endfacet
  facet normal -1 0 0
    outer loop
      vertex 79 2.0624 4.68926
      vertex 79 0 9
      vertex 79 2.09941 4.87529
    endloop
  endfacet
  facet normal -1 0 0
    outer loop
      vertex 79 3.5 5.95
      vertex 79 0 9
      vertex 79 7 9
    endloop
  endfacet
  facet normal -1 0 0
    outer loop
      vertex 79 2.47469 5.5253
      vertex 79 0 9
      vertex 79 2.6173 5.65036
    endloop
  endfacet
  facet normal -1 0 0
    outer loop
      vertex 79 2.34964 5.3827
      vertex 79 0 9
      vertex 79 2.47469 5.5253
    endloop
  endfacet
  facet normal -1 0 0
    outer loop
      vertex 79 2.24426 5.225
      vertex 79 0 9
      vertex 79 2.34964 5.3827
    endloop
  endfacet
  facet normal -1 0 0
    outer loop
      vertex 79 2.16037 5.05489
      vertex 79 0 9
      vertex 79 2.24426 5.225
    endloop
  endfacet
  facet normal -1 0 0
    outer loop
      vertex 79 2.09941 4.87529
      vertex 79 0 9
      vertex 79 2.16037 5.05489
    endloop
  endfacet
  facet normal -0 0 1
    outer loop
      vertex 79 7 9
      vertex 86 0 9
      vertex 86 7 9
    endloop
  endfacet
  facet normal 0 0 1
    outer loop
      vertex 86 0 9
      vertex 79 7 9
      vertex 79 0 9
    endloop
  endfacet
  facet normal 1 -0 0
    outer loop
      vertex 86 4.93759 4.68926
      vertex 86 7 1.5
      vertex 86 7 9
    endloop
  endfacet
  facet normal 1 0 0
    outer loop
      vertex 86 7 1.5
      vertex 86 4.93759 4.68926
      vertex 86 4.95 4.5
    endloop
  endfacet
  facet normal 1 0 0
    outer loop
      vertex 86 7 9
      vertex 86 4.90059 4.87529
      vertex 86 4.93759 4.68926
    endloop
  endfacet
  facet normal 1 0 0
    outer loop
      vertex 86 7 9
      vertex 86 4.83962 5.05489
      vertex 86 4.90059 4.87529
    endloop
  endfacet
  facet normal 1 0 0
    outer loop
      vertex 86 7 9
      vertex 86 4.75574 5.225
      vertex 86 4.83962 5.05489
    endloop
  endfacet
  facet normal 1 0 0
    outer loop
      vertex 86 7 9
      vertex 86 4.65036 5.3827
      vertex 86 4.75574 5.225
    endloop
  endfacet
  facet normal 1 0 0
    outer loop
      vertex 86 7 9
      vertex 86 4.5253 5.5253
      vertex 86 4.65036 5.3827
    endloop
  endfacet
  facet normal 1 0 0
    outer loop
      vertex 86 7 9
      vertex 86 4.3827 5.65036
      vertex 86 4.5253 5.5253
    endloop
  endfacet
  facet normal 1 0 0
    outer loop
      vertex 86 7 9
      vertex 86 4.225 5.75574
      vertex 86 4.3827 5.65036
    endloop
  endfacet
  facet normal 1 0 0
    outer loop
      vertex 86 7 9
      vertex 86 4.05489 5.83962
      vertex 86 4.225 5.75574
    endloop
  endfacet
  facet normal 1 0 0
    outer loop
      vertex 86 7 9
      vertex 86 3.87529 5.90059
      vertex 86 4.05489 5.83962
    endloop
  endfacet
  facet normal 1 0 0
    outer loop
      vertex 86 7 9
      vertex 86 3.68926 5.93759
      vertex 86 3.87529 5.90059
    endloop
  endfacet
  facet normal 1 0 0
    outer loop
      vertex 86 7 9
      vertex 86 3.5 5.95
      vertex 86 3.68926 5.93759
    endloop
  endfacet
  facet normal 1 -0 0
    outer loop
      vertex 86 0 9
      vertex 86 3.5 5.95
      vertex 86 7 9
    endloop
  endfacet
  facet normal 1 0 0
    outer loop
      vertex 86 3.5 5.95
      vertex 86 0 9
      vertex 86 3.31074 5.93759
    endloop
  endfacet
  facet normal 1 0 0
    outer loop
      vertex 86 3.31074 5.93759
      vertex 86 0 9
      vertex 86 3.12471 5.90059
    endloop
  endfacet
  facet normal 1 0 0
    outer loop
      vertex 86 3.12471 5.90059
      vertex 86 0 9
      vertex 86 2.94511 5.83962
    endloop
  endfacet
  facet normal 1 0 0
    outer loop
      vertex 86 2.94511 5.83962
      vertex 86 0 9
      vertex 86 2.775 5.75574
    endloop
  endfacet
  facet normal 1 0 0
    outer loop
      vertex 86 2.0624 4.68926
      vertex 86 0 9
      vertex 86 2.05 4.5
    endloop
  endfacet
  facet normal 1 0 0
    outer loop
      vertex 86 2.09941 4.87529
      vertex 86 0 9
      vertex 86 2.0624 4.68926
    endloop
  endfacet
  facet normal 1 0 0
    outer loop
      vertex 86 2.16037 5.05489
      vertex 86 0 9
      vertex 86 2.09941 4.87529
    endloop
  endfacet
  facet normal 1 0 0
    outer loop
      vertex 86 2.24426 5.225
      vertex 86 0 9
      vertex 86 2.16037 5.05489
    endloop
  endfacet
  facet normal 1 0 0
    outer loop
      vertex 86 2.34964 5.3827
      vertex 86 0 9
      vertex 86 2.24426 5.225
    endloop
  endfacet
  facet normal 1 0 0
    outer loop
      vertex 86 2.47469 5.5253
      vertex 86 0 9
      vertex 86 2.34964 5.3827
    endloop
  endfacet
  facet normal 1 0 0
    outer loop
      vertex 86 2.6173 5.65036
      vertex 86 0 9
      vertex 86 2.47469 5.5253
    endloop
  endfacet
  facet normal 1 0 0
    outer loop
      vertex 86 2.775 5.75574
      vertex 86 0 9
      vertex 86 2.6173 5.65036
    endloop
  endfacet
  facet normal 1 0 0
    outer loop
      vertex 86 76.9376 48.3107
      vertex 86 79 53
      vertex 86 76.95 48.5
    endloop
  endfacet
  facet normal 1 0 0
    outer loop
      vertex 86 79 53
      vertex 86 76.9376 48.6893
      vertex 86 76.95 48.5
    endloop
  endfacet
  facet normal 1 0 0
    outer loop
      vertex 86 79 53
      vertex 86 76.9006 48.8753
      vertex 86 76.9376 48.6893
    endloop
  endfacet
  facet normal 1 0 0
    outer loop
      vertex 86 79 53
      vertex 86 76.8396 49.0549
      vertex 86 76.9006 48.8753
    endloop
  endfacet
  facet normal 1 0 0
    outer loop
      vertex 86 79 53
      vertex 86 76.7557 49.225
      vertex 86 76.8396 49.0549
    endloop
  endfacet
  facet normal 1 0 0
    outer loop
      vertex 86 79 53
      vertex 86 76.6504 49.3827
      vertex 86 76.7557 49.225
    endloop
  endfacet
  facet normal 1 0 0
    outer loop
      vertex 86 79 53
      vertex 86 76.5253 49.5253
      vertex 86 76.6504 49.3827
    endloop
  endfacet
  facet normal 1 0 0
    outer loop
      vertex 86 79 53
      vertex 86 76.3827 49.6504
      vertex 86 76.5253 49.5253
    endloop
  endfacet
  facet normal 1 0 0
    outer loop
      vertex 86 79 53
      vertex 86 76.225 49.7557
      vertex 86 76.3827 49.6504
    endloop
  endfacet
  facet normal 1 0 0
    outer loop
      vertex 86 79 53
      vertex 86 76.0549 49.8396
      vertex 86 76.225 49.7557
    endloop
  endfacet
  facet normal 1 0 0
    outer loop
      vertex 86 79 53
      vertex 86 75.8753 49.9006
      vertex 86 76.0549 49.8396
    endloop
  endfacet
  facet normal 1 0 0
    outer loop
      vertex 86 79 53
      vertex 86 75.6893 49.9376
      vertex 86 75.8753 49.9006
    endloop
  endfacet
  facet normal 1 0 0
    outer loop
      vertex 86 79 53
      vertex 86 75.5 49.95
      vertex 86 75.6893 49.9376
    endloop
  endfacet
  facet normal 1 -0 0
    outer loop
      vertex 86 72 53
      vertex 86 75.5 49.95
      vertex 86 79 53
    endloop
  endfacet
  facet normal 1 0 0
    outer loop
      vertex 86 75.5 49.95
      vertex 86 72 53
      vertex 86 75.3107 49.9376
    endloop
  endfacet
  facet normal 1 0 0
    outer loop
      vertex 86 75.3107 49.9376
      vertex 86 72 53
      vertex 86 75.1247 49.9006
    endloop
  endfacet
  facet normal 1 0 0
    outer loop
      vertex 86 75.1247 49.9006
      vertex 86 72 53
      vertex 86 74.9451 49.8396
    endloop
  endfacet
  facet normal 1 0 0
    outer loop
      vertex 86 74.9451 49.8396
      vertex 86 72 53
      vertex 86 74.775 49.7557
    endloop
  endfacet
  facet normal 1 0 0
    outer loop
      vertex 86 74.0624 48.6893
      vertex 86 72 53
      vertex 86 74.05 48.5
    endloop
  endfacet
  facet normal 1 0 0
    outer loop
      vertex 86 74.0994 48.8753
      vertex 86 72 53
      vertex 86 74.0624 48.6893
    endloop
  endfacet
  facet normal 1 0 0
    outer loop
      vertex 86 74.1604 49.0549
      vertex 86 72 53
      vertex 86 74.0994 48.8753
    endloop
  endfacet
  facet normal 1 0 0
    outer loop
      vertex 86 74.2443 49.225
      vertex 86 72 53
      vertex 86 74.1604 49.0549
    endloop
  endfacet
  facet normal 1 0 0
    outer loop
      vertex 86 74.3496 49.3827
      vertex 86 72 53
      vertex 86 74.2443 49.225
    endloop
  endfacet
  facet normal 1 0 0
    outer loop
      vertex 86 74.4747 49.5253
      vertex 86 72 53
      vertex 86 74.3496 49.3827
    endloop
  endfacet
  facet normal 1 0 0
    outer loop
      vertex 86 74.6173 49.6504
      vertex 86 72 53
      vertex 86 74.4747 49.5253
    endloop
  endfacet
  facet normal 1 0 0
    outer loop
      vertex 86 74.775 49.7557
      vertex 86 72 53
      vertex 86 74.6173 49.6504
    endloop
  endfacet
  facet normal 1 0 0
    outer loop
      vertex 86 79 53
      vertex 86 81 56
      vertex 86 79 56
    endloop
  endfacet
  facet normal 1 0 0
    outer loop
      vertex 86 79 40.5
      vertex 86 81 56
      vertex 86 79 53
    endloop
  endfacet
  facet normal 1 0 0
    outer loop
      vertex 86 81 56
      vertex 86 79 40.5
      vertex 86 81 0
    endloop
  endfacet
  facet normal 1 -0 0
    outer loop
      vertex 86 79 1.5
      vertex 86 81 0
      vertex 86 79 40.5
    endloop
  endfacet
  facet normal 1 -0 0
    outer loop
      vertex 86 7 1.5
      vertex 86 81 0
      vertex 86 79 1.5
    endloop
  endfacet
  facet normal 1 -0 0
    outer loop
      vertex 86 4.93759 4.31074
      vertex 86 7 1.5
      vertex 86 4.95 4.5
    endloop
  endfacet
  facet normal 1 -0 0
    outer loop
      vertex 86 4.90059 4.12471
      vertex 86 7 1.5
      vertex 86 4.93759 4.31074
    endloop
  endfacet
  facet normal 1 -0 0
    outer loop
      vertex 86 4.83962 3.94511
      vertex 86 7 1.5
      vertex 86 4.90059 4.12471
    endloop
  endfacet
  facet normal 1 -0 0
    outer loop
      vertex 86 4.75574 3.775
      vertex 86 7 1.5
      vertex 86 4.83962 3.94511
    endloop
  endfacet
  facet normal 1 -0 0
    outer loop
      vertex 86 4.65036 3.6173
      vertex 86 7 1.5
      vertex 86 4.75574 3.775
    endloop
  endfacet
  facet normal 1 -0 0
    outer loop
      vertex 86 4.5253 3.47469
      vertex 86 7 1.5
      vertex 86 4.65036 3.6173
    endloop
  endfacet
  facet normal 1 -0 0
    outer loop
      vertex 86 4.3827 3.34964
      vertex 86 7 1.5
      vertex 86 4.5253 3.47469
    endloop
  endfacet
  facet normal 1 -0 0
    outer loop
      vertex 86 4.225 3.24426
      vertex 86 7 1.5
      vertex 86 4.3827 3.34964
    endloop
  endfacet
  facet normal 1 -0 0
    outer loop
      vertex 86 4.05489 3.16037
      vertex 86 7 1.5
      vertex 86 4.225 3.24426
    endloop
  endfacet
  facet normal 1 -0 0
    outer loop
      vertex 86 3.87529 3.09941
      vertex 86 7 1.5
      vertex 86 4.05489 3.16037
    endloop
  endfacet
  facet normal 1 -0 0
    outer loop
      vertex 86 3.68926 3.0624
      vertex 86 7 1.5
      vertex 86 3.87529 3.09941
    endloop
  endfacet
  facet normal 1 -0 0
    outer loop
      vertex 86 3.5 3.05
      vertex 86 7 1.5
      vertex 86 3.68926 3.0624
    endloop
  endfacet
  facet normal 1 0 0
    outer loop
      vertex 86 0 0
      vertex 86 3.5 3.05
      vertex 86 3.31074 3.0624
    endloop
  endfacet
  facet normal 1 0 0
    outer loop
      vertex 86 0 0
      vertex 86 3.31074 3.0624
      vertex 86 3.12471 3.09941
    endloop
  endfacet
  facet normal 1 0 0
    outer loop
      vertex 86 0 0
      vertex 86 3.12471 3.09941
      vertex 86 2.94511 3.16037
    endloop
  endfacet
  facet normal 1 0 0
    outer loop
      vertex 86 0 0
      vertex 86 2.05 4.5
      vertex 86 0 9
    endloop
  endfacet
  facet normal 1 0 0
    outer loop
      vertex 86 2.05 4.5
      vertex 86 0 0
      vertex 86 2.0624 4.31074
    endloop
  endfacet
  facet normal 1 0 0
    outer loop
      vertex 86 2.0624 4.31074
      vertex 86 0 0
      vertex 86 2.09941 4.12471
    endloop
  endfacet
  facet normal 1 0 0
    outer loop
      vertex 86 7 1.5
      vertex 86 0 0
      vertex 86 81 0
    endloop
  endfacet
  facet normal 1 0 0
    outer loop
      vertex 86 3.5 3.05
      vertex 86 0 0
      vertex 86 7 1.5
    endloop
  endfacet
  facet normal 1 0 0
    outer loop
      vertex 86 2.775 3.24426
      vertex 86 0 0
      vertex 86 2.94511 3.16037
    endloop
  endfacet
  facet normal 1 0 0
    outer loop
      vertex 86 2.6173 3.34964
      vertex 86 0 0
      vertex 86 2.775 3.24426
    endloop
  endfacet
  facet normal 1 0 0
    outer loop
      vertex 86 2.47469 3.47469
      vertex 86 0 0
      vertex 86 2.6173 3.34964
    endloop
  endfacet
  facet normal 1 0 0
    outer loop
      vertex 86 2.34964 3.6173
      vertex 86 0 0
      vertex 86 2.47469 3.47469
    endloop
  endfacet
  facet normal 1 0 0
    outer loop
      vertex 86 2.24426 3.775
      vertex 86 0 0
      vertex 86 2.34964 3.6173
    endloop
  endfacet
  facet normal 1 0 0
    outer loop
      vertex 86 2.16037 3.94511
      vertex 86 0 0
      vertex 86 2.24426 3.775
    endloop
  endfacet
  facet normal 1 0 0
    outer loop
      vertex 86 2.09941 4.12471
      vertex 86 0 0
      vertex 86 2.16037 3.94511
    endloop
  endfacet
  facet normal 1 0 0
    outer loop
      vertex 86 79 53
      vertex 86 76.9376 48.3107
      vertex 86 79 40.5
    endloop
  endfacet
  facet normal 1 -0 0
    outer loop
      vertex 86 76.9006 48.1247
      vertex 86 79 40.5
      vertex 86 76.9376 48.3107
    endloop
  endfacet
  facet normal 1 -0 0
    outer loop
      vertex 86 76.8396 47.9451
      vertex 86 79 40.5
      vertex 86 76.9006 48.1247
    endloop
  endfacet
  facet normal 1 -0 0
    outer loop
      vertex 86 76.7557 47.775
      vertex 86 79 40.5
      vertex 86 76.8396 47.9451
    endloop
  endfacet
  facet normal 1 -0 0
    outer loop
      vertex 86 76.6504 47.6173
      vertex 86 79 40.5
      vertex 86 76.7557 47.775
    endloop
  endfacet
  facet normal 1 -0 0
    outer loop
      vertex 86 76.5253 47.4747
      vertex 86 79 40.5
      vertex 86 76.6504 47.6173
    endloop
  endfacet
  facet normal 1 -0 0
    outer loop
      vertex 86 76.3827 47.3496
      vertex 86 79 40.5
      vertex 86 76.5253 47.4747
    endloop
  endfacet
  facet normal 1 -0 0
    outer loop
      vertex 86 76.225 47.2443
      vertex 86 79 40.5
      vertex 86 76.3827 47.3496
    endloop
  endfacet
  facet normal 1 -0 0
    outer loop
      vertex 86 76.0549 47.1604
      vertex 86 79 40.5
      vertex 86 76.225 47.2443
    endloop
  endfacet
  facet normal 1 -0 0
    outer loop
      vertex 86 75.8753 47.0994
      vertex 86 79 40.5
      vertex 86 76.0549 47.1604
    endloop
  endfacet
  facet normal 1 -0 0
    outer loop
      vertex 86 75.6893 47.0624
      vertex 86 79 40.5
      vertex 86 75.8753 47.0994
    endloop
  endfacet
  facet normal 1 -0 0
    outer loop
      vertex 86 75.5 47.05
      vertex 86 79 40.5
      vertex 86 75.6893 47.0624
    endloop
  endfacet
  facet normal 1 0 0
    outer loop
      vertex 86 72 40.5
      vertex 86 75.5 47.05
      vertex 86 75.3107 47.0624
    endloop
  endfacet
  facet normal 1 0 0
    outer loop
      vertex 86 72 40.5
      vertex 86 75.3107 47.0624
      vertex 86 75.1247 47.0994
    endloop
  endfacet
  facet normal 1 0 0
    outer loop
      vertex 86 72 40.5
      vertex 86 75.1247 47.0994
      vertex 86 74.9451 47.1604
    endloop
  endfacet
  facet normal 1 0 0
    outer loop
      vertex 86 72 40.5
      vertex 86 74.9451 47.1604
      vertex 86 74.775 47.2443
    endloop
  endfacet
  facet normal 1 0 0
    outer loop
      vertex 86 72 40.5
      vertex 86 74.775 47.2443
      vertex 86 74.6173 47.3496
    endloop
  endfacet
  facet normal 1 0 0
    outer loop
      vertex 86 72 40.5
      vertex 86 74.6173 47.3496
      vertex 86 74.4747 47.4747
    endloop
  endfacet
  facet normal 1 0 0
    outer loop
      vertex 86 72 40.5
      vertex 86 74.4747 47.4747
      vertex 86 74.3496 47.6173
    endloop
  endfacet
  facet normal 1 0 0
    outer loop
      vertex 86 72 40.5
      vertex 86 74.3496 47.6173
      vertex 86 74.2443 47.775
    endloop
  endfacet
  facet normal 1 0 0
    outer loop
      vertex 86 72 53
      vertex 86 74.0624 48.3107
      vertex 86 74.05 48.5
    endloop
  endfacet
  facet normal 1 0 0
    outer loop
      vertex 86 72 40.5
      vertex 86 74.0624 48.3107
      vertex 86 72 53
    endloop
  endfacet
  facet normal 1 0 0
    outer loop
      vertex 86 74.0624 48.3107
      vertex 86 72 40.5
      vertex 86 74.0994 48.1247
    endloop
  endfacet
  facet normal 1 0 0
    outer loop
      vertex 86 75.5 47.05
      vertex 86 72 40.5
      vertex 86 79 40.5
    endloop
  endfacet
  facet normal 1 0 0
    outer loop
      vertex 86 74.1604 47.9451
      vertex 86 72 40.5
      vertex 86 74.2443 47.775
    endloop
  endfacet
  facet normal 1 0 0
    outer loop
      vertex 86 74.0994 48.1247
      vertex 86 72 40.5
      vertex 86 74.1604 47.9451
    endloop
  endfacet
  facet normal 0 -1 0
    outer loop
      vertex 79 0 9
      vertex 82.2 0 7.15
      vertex 86 0 9
    endloop
  endfacet
  facet normal 0 -1 0
    outer loop
      vertex 79 0 9
      vertex 82.2 0 1.85
      vertex 82.2 0 7.15
    endloop
  endfacet
  facet normal 0 -1 0
    outer loop
      vertex 86 0 0
      vertex 82.2 0 1.85
      vertex 79 0 0
    endloop
  endfacet
  facet normal 0 -1 0
    outer loop
      vertex 79 0 0
      vertex 82.2 0 1.85
      vertex 79 0 9
    endloop
  endfacet
  facet normal 0 -1 0
    outer loop
      vertex 85.4 0 7.15
      vertex 86 0 9
      vertex 82.2 0 7.15
    endloop
  endfacet
  facet normal 0 -1 0
    outer loop
      vertex 85.4 0 1.85
      vertex 86 0 9
      vertex 85.4 0 7.15
    endloop
  endfacet
  facet normal 0 -1 0
    outer loop
      vertex 85.4 0 1.85
      vertex 86 0 0
      vertex 86 0 9
    endloop
  endfacet
  facet normal 0 -1 0
    outer loop
      vertex 82.2 0 1.85
      vertex 86 0 0
      vertex 85.4 0 1.85
    endloop
  endfacet
  facet normal 0 1 0
    outer loop
      vertex 84.5 7 1.5
      vertex 86 7 9
      vertex 86 7 1.5
    endloop
  endfacet
  facet normal 0 1 0
    outer loop
      vertex 86 7 9
      vertex 84.5 7 1.5
      vertex 79 7 9
    endloop
  endfacet
  facet normal 0 1 0
    outer loop
      vertex 79 7 0
      vertex 84.5 7 1.5
      vertex 84.5 7 0
    endloop
  endfacet
  facet normal 0 1 0
    outer loop
      vertex 84.5 7 1.5
      vertex 79 7 0
      vertex 79 7 9
    endloop
  endfacet
  facet normal 0 -0.0653782 0.997861
    outer loop
      vertex 79 3.68926 3.0624
      vertex 82.2 3.5 3.05
      vertex 82.2 3.68926 3.0624
    endloop
  endfacet
  facet normal 0 -0.0653782 0.997861
    outer loop
      vertex 82.2 3.5 3.05
      vertex 79 3.68926 3.0624
      vertex 79 3.5 3.05
    endloop
  endfacet
  facet normal 0 -0.0653782 0.997861
    outer loop
      vertex 85.4 3.68926 3.0624
      vertex 86 3.5 3.05
      vertex 86 3.68926 3.0624
    endloop
  endfacet
  facet normal 0 -0.0653782 0.997861
    outer loop
      vertex 86 3.5 3.05
      vertex 85.4 3.68926 3.0624
      vertex 85.4 3.5 3.05
    endloop
  endfacet
  facet normal 0 0.0654307 -0.997857
    outer loop
      vertex 79 3.31074 5.93759
      vertex 82.2 3.5 5.95
      vertex 82.2 3.31074 5.93759
    endloop
  endfacet
  facet normal 0 0.0654307 -0.997857
    outer loop
      vertex 82.2 3.5 5.95
      vertex 79 3.31074 5.93759
      vertex 79 3.5 5.95
    endloop
  endfacet
  facet normal 0 0.0654307 -0.997857
    outer loop
      vertex 85.4 3.31074 5.93759
      vertex 86 3.5 5.95
      vertex 86 3.31074 5.93759
    endloop
  endfacet
  facet normal 0 0.0654307 -0.997857
    outer loop
      vertex 86 3.5 5.95
      vertex 85.4 3.31074 5.93759
      vertex 85.4 3.5 5.95
    endloop
  endfacet
  facet normal 0 -0.997857 -0.0654307
    outer loop
      vertex 79 4.95 4.5
      vertex 82.2 4.93759 4.68926
      vertex 79 4.93759 4.68926
    endloop
  endfacet
  facet normal 0 -0.997857 -0.0654307
    outer loop
      vertex 82.2 4.93759 4.68926
      vertex 79 4.95 4.5
      vertex 82.2 4.95 4.5
    endloop
  endfacet
  facet normal 0 -0.997857 -0.0654307
    outer loop
      vertex 85.4 4.95 4.5
      vertex 86 4.93759 4.68926
      vertex 85.4 4.93759 4.68926
    endloop
  endfacet
  facet normal 0 -0.997857 -0.0654307
    outer loop
      vertex 86 4.93759 4.68926
      vertex 85.4 4.95 4.5
      vertex 86 4.95 4.5
    endloop
  endfacet
  facet normal 0 0.997861 0.0653782
    outer loop
      vertex 82.2 2.0624 4.31074
      vertex 79 2.05 4.5
      vertex 82.2 2.05 4.5
    endloop
  endfacet
  facet normal 0 0.997861 0.0653782
    outer loop
      vertex 79 2.05 4.5
      vertex 82.2 2.0624 4.31074
      vertex 79 2.0624 4.31074
    endloop
  endfacet
  facet normal 0 0.997861 0.0653782
    outer loop
      vertex 86 2.0624 4.31074
      vertex 85.4 2.05 4.5
      vertex 86 2.05 4.5
    endloop
  endfacet
  facet normal 0 0.997861 0.0653782
    outer loop
      vertex 85.4 2.05 4.5
      vertex 86 2.0624 4.31074
      vertex 85.4 2.0624 4.31074
    endloop
  endfacet
  facet normal 0 -0.659355 -0.751832
    outer loop
      vertex 79 4.3827 5.65036
      vertex 82.2 4.5253 5.5253
      vertex 82.2 4.3827 5.65036
    endloop
  endfacet
  facet normal -0 -0.659355 -0.751832
    outer loop
      vertex 82.2 4.5253 5.5253
      vertex 79 4.3827 5.65036
      vertex 79 4.5253 5.5253
    endloop
  endfacet
  facet normal 0 -0.659355 -0.751832
    outer loop
      vertex 85.4 4.3827 5.65036
      vertex 86 4.5253 5.5253
      vertex 86 4.3827 5.65036
    endloop
  endfacet
  facet normal -0 -0.659355 -0.751832
    outer loop
      vertex 86 4.5253 5.5253
      vertex 85.4 4.3827 5.65036
      vertex 85.4 4.5253 5.5253
    endloop
  endfacet
  facet normal 0 -0.896891 -0.442251
    outer loop
      vertex 79 4.83962 5.05489
      vertex 82.2 4.75574 5.225
      vertex 79 4.75574 5.225
    endloop
  endfacet
  facet normal 0 -0.896891 -0.442251
    outer loop
      vertex 82.2 4.75574 5.225
      vertex 79 4.83962 5.05489
      vertex 82.2 4.83962 5.05489
    endloop
  endfacet
  facet normal 0 -0.896891 -0.442251
    outer loop
      vertex 85.4 4.83962 5.05489
      vertex 86 4.75574 5.225
      vertex 85.4 4.75574 5.225
    endloop
  endfacet
  facet normal 0 -0.896891 -0.442251
    outer loop
      vertex 86 4.75574 5.225
      vertex 85.4 4.83962 5.05489
      vertex 86 4.83962 5.05489
    endloop
  endfacet
  facet normal 0 -0.195122 0.980779
    outer loop
      vertex 79 3.87529 3.09941
      vertex 82.2 3.68926 3.0624
      vertex 82.2 3.87529 3.09941
    endloop
  endfacet
  facet normal 0 -0.195122 0.980779
    outer loop
      vertex 82.2 3.68926 3.0624
      vertex 79 3.87529 3.09941
      vertex 79 3.68926 3.0624
    endloop
  endfacet
  facet normal 0 -0.195122 0.980779
    outer loop
      vertex 85.4 3.87529 3.09941
      vertex 86 3.68926 3.0624
      vertex 86 3.87529 3.09941
    endloop
  endfacet
  facet normal 0 -0.195122 0.980779
    outer loop
      vertex 86 3.68926 3.0624
      vertex 85.4 3.87529 3.09941
      vertex 85.4 3.68926 3.0624
    endloop
  endfacet
  facet normal 0 -0.83145 0.5556
    outer loop
      vertex 79 4.65036 3.6173
      vertex 82.2 4.75574 3.775
      vertex 79 4.75574 3.775
    endloop
  endfacet
  facet normal 0 -0.83145 0.5556
    outer loop
      vertex 82.2 4.75574 3.775
      vertex 79 4.65036 3.6173
      vertex 82.2 4.65036 3.6173
    endloop
  endfacet
  facet normal 0 -0.83145 0.5556
    outer loop
      vertex 85.4 4.65036 3.6173
      vertex 86 4.75574 3.775
      vertex 85.4 4.75574 3.775
    endloop
  endfacet
  facet normal 0 -0.83145 0.5556
    outer loop
      vertex 86 4.75574 3.775
      vertex 85.4 4.65036 3.6173
      vertex 86 4.65036 3.6173
    endloop
  endfacet
  facet normal 0 -0.442251 -0.896891
    outer loop
      vertex 79 4.05489 5.83962
      vertex 82.2 4.225 5.75574
      vertex 82.2 4.05489 5.83962
    endloop
  endfacet
  facet normal -0 -0.442251 -0.896891
    outer loop
      vertex 82.2 4.225 5.75574
      vertex 79 4.05489 5.83962
      vertex 79 4.225 5.75574
    endloop
  endfacet
  facet normal 0 -0.442251 -0.896891
    outer loop
      vertex 85.4 4.05489 5.83962
      vertex 86 4.225 5.75574
      vertex 86 4.05489 5.83962
    endloop
  endfacet
  facet normal -0 -0.442251 -0.896891
    outer loop
      vertex 86 4.225 5.75574
      vertex 85.4 4.05489 5.83962
      vertex 85.4 4.225 5.75574
    endloop
  endfacet
  facet normal 0 -0.5556 -0.83145
    outer loop
      vertex 79 4.225 5.75574
      vertex 82.2 4.3827 5.65036
      vertex 82.2 4.225 5.75574
    endloop
  endfacet
  facet normal -0 -0.5556 -0.83145
    outer loop
      vertex 82.2 4.3827 5.65036
      vertex 79 4.225 5.75574
      vertex 79 4.3827 5.65036
    endloop
  endfacet
  facet normal 0 -0.5556 -0.83145
    outer loop
      vertex 85.4 4.225 5.75574
      vertex 86 4.3827 5.65036
      vertex 86 4.225 5.75574
    endloop
  endfacet
  facet normal -0 -0.5556 -0.83145
    outer loop
      vertex 86 4.3827 5.65036
      vertex 85.4 4.225 5.75574
      vertex 85.4 4.3827 5.65036
    endloop
  endfacet
  facet normal 0 -0.751832 -0.659355
    outer loop
      vertex 79 4.65036 5.3827
      vertex 82.2 4.5253 5.5253
      vertex 79 4.5253 5.5253
    endloop
  endfacet
  facet normal 0 -0.751832 -0.659355
    outer loop
      vertex 82.2 4.5253 5.5253
      vertex 79 4.65036 5.3827
      vertex 82.2 4.65036 5.3827
    endloop
  endfacet
  facet normal 0 -0.751832 -0.659355
    outer loop
      vertex 85.4 4.65036 5.3827
      vertex 86 4.5253 5.5253
      vertex 85.4 4.5253 5.5253
    endloop
  endfacet
  facet normal 0 -0.751832 -0.659355
    outer loop
      vertex 86 4.5253 5.5253
      vertex 85.4 4.65036 5.3827
      vertex 86 4.65036 5.3827
    endloop
  endfacet
  facet normal 0 -0.980789 -0.195072
    outer loop
      vertex 79 4.93759 4.68926
      vertex 82.2 4.90059 4.87529
      vertex 79 4.90059 4.87529
    endloop
  endfacet
  facet normal 0 -0.980789 -0.195072
    outer loop
      vertex 82.2 4.90059 4.87529
      vertex 79 4.93759 4.68926
      vertex 82.2 4.93759 4.68926
    endloop
  endfacet
  facet normal 0 -0.980789 -0.195072
    outer loop
      vertex 85.4 4.93759 4.68926
      vertex 86 4.90059 4.87529
      vertex 85.4 4.90059 4.87529
    endloop
  endfacet
  facet normal 0 -0.980789 -0.195072
    outer loop
      vertex 86 4.90059 4.87529
      vertex 85.4 4.93759 4.68926
      vertex 86 4.93759 4.68926
    endloop
  endfacet
  facet normal 0 0.980779 0.195122
    outer loop
      vertex 82.2 2.09941 4.12471
      vertex 79 2.0624 4.31074
      vertex 82.2 2.0624 4.31074
    endloop
  endfacet
  facet normal 0 0.980779 0.195122
    outer loop
      vertex 79 2.0624 4.31074
      vertex 82.2 2.09941 4.12471
      vertex 79 2.09941 4.12471
    endloop
  endfacet
  facet normal 0 0.980779 0.195122
    outer loop
      vertex 86 2.09941 4.12471
      vertex 85.4 2.0624 4.31074
      vertex 86 2.0624 4.31074
    endloop
  endfacet
  facet normal 0 0.980779 0.195122
    outer loop
      vertex 85.4 2.0624 4.31074
      vertex 86 2.09941 4.12471
      vertex 85.4 2.09941 4.12471
    endloop
  endfacet
  facet normal 0 -0.321411 0.94694
    outer loop
      vertex 79 4.05489 3.16037
      vertex 82.2 3.87529 3.09941
      vertex 82.2 4.05489 3.16037
    endloop
  endfacet
  facet normal 0 -0.321411 0.94694
    outer loop
      vertex 82.2 3.87529 3.09941
      vertex 79 4.05489 3.16037
      vertex 79 3.87529 3.09941
    endloop
  endfacet
  facet normal 0 -0.321411 0.94694
    outer loop
      vertex 85.4 4.05489 3.16037
      vertex 86 3.87529 3.09941
      vertex 86 4.05489 3.16037
    endloop
  endfacet
  facet normal 0 -0.321411 0.94694
    outer loop
      vertex 86 3.87529 3.09941
      vertex 85.4 4.05489 3.16037
      vertex 85.4 3.87529 3.09941
    endloop
  endfacet
  facet normal 0 -0.751854 0.659329
    outer loop
      vertex 79 4.5253 3.47469
      vertex 82.2 4.65036 3.6173
      vertex 79 4.65036 3.6173
    endloop
  endfacet
  facet normal 0 -0.751854 0.659329
    outer loop
      vertex 82.2 4.65036 3.6173
      vertex 79 4.5253 3.47469
      vertex 82.2 4.5253 3.47469
    endloop
  endfacet
  facet normal 0 -0.751854 0.659329
    outer loop
      vertex 85.4 4.5253 3.47469
      vertex 86 4.65036 3.6173
      vertex 85.4 4.65036 3.6173
    endloop
  endfacet
  facet normal 0 -0.751854 0.659329
    outer loop
      vertex 86 4.65036 3.6173
      vertex 85.4 4.5253 3.47469
      vertex 86 4.5253 3.47469
    endloop
  endfacet
  facet normal 0 -0.5556 0.83145
    outer loop
      vertex 79 4.3827 3.34964
      vertex 82.2 4.225 3.24426
      vertex 82.2 4.3827 3.34964
    endloop
  endfacet
  facet normal 0 -0.5556 0.83145
    outer loop
      vertex 82.2 4.225 3.24426
      vertex 79 4.3827 3.34964
      vertex 79 4.225 3.24426
    endloop
  endfacet
  facet normal 0 -0.5556 0.83145
    outer loop
      vertex 85.4 4.3827 3.34964
      vertex 86 4.225 3.24426
      vertex 86 4.3827 3.34964
    endloop
  endfacet
  facet normal 0 -0.5556 0.83145
    outer loop
      vertex 86 4.225 3.24426
      vertex 85.4 4.3827 3.34964
      vertex 85.4 4.225 3.24426
    endloop
  endfacet
  facet normal 0 -0.980789 0.195072
    outer loop
      vertex 79 4.90059 4.12471
      vertex 82.2 4.93759 4.31074
      vertex 79 4.93759 4.31074
    endloop
  endfacet
  facet normal 0 -0.980789 0.195072
    outer loop
      vertex 82.2 4.93759 4.31074
      vertex 79 4.90059 4.12471
      vertex 82.2 4.90059 4.12471
    endloop
  endfacet
  facet normal 0 -0.980789 0.195072
    outer loop
      vertex 85.4 4.90059 4.12471
      vertex 86 4.93759 4.31074
      vertex 85.4 4.93759 4.31074
    endloop
  endfacet
  facet normal 0 -0.980789 0.195072
    outer loop
      vertex 86 4.93759 4.31074
      vertex 85.4 4.90059 4.12471
      vertex 86 4.90059 4.12471
    endloop
  endfacet
  facet normal 0 -0.997857 0.0654307
    outer loop
      vertex 79 4.93759 4.31074
      vertex 82.2 4.95 4.5
      vertex 79 4.95 4.5
    endloop
  endfacet
  facet normal 0 -0.997857 0.0654307
    outer loop
      vertex 82.2 4.95 4.5
      vertex 79 4.93759 4.31074
      vertex 82.2 4.93759 4.31074
    endloop
  endfacet
  facet normal 0 -0.997857 0.0654307
    outer loop
      vertex 85.4 4.93759 4.31074
      vertex 86 4.95 4.5
      vertex 85.4 4.95 4.5
    endloop
  endfacet
  facet normal 0 -0.997857 0.0654307
    outer loop
      vertex 86 4.95 4.5
      vertex 85.4 4.93759 4.31074
      vertex 86 4.93759 4.31074
    endloop
  endfacet
  facet normal 0 -0.896891 0.442251
    outer loop
      vertex 79 4.75574 3.775
      vertex 82.2 4.83962 3.94511
      vertex 79 4.83962 3.94511
    endloop
  endfacet
  facet normal 0 -0.896891 0.442251
    outer loop
      vertex 82.2 4.83962 3.94511
      vertex 79 4.75574 3.775
      vertex 82.2 4.75574 3.775
    endloop
  endfacet
  facet normal 0 -0.896891 0.442251
    outer loop
      vertex 85.4 4.75574 3.775
      vertex 86 4.83962 3.94511
      vertex 85.4 4.83962 3.94511
    endloop
  endfacet
  facet normal 0 -0.896891 0.442251
    outer loop
      vertex 86 4.83962 3.94511
      vertex 85.4 4.75574 3.775
      vertex 86 4.75574 3.775
    endloop
  endfacet
  facet normal 0 -0.946924 0.321458
    outer loop
      vertex 79 4.83962 3.94511
      vertex 82.2 4.90059 4.12471
      vertex 79 4.90059 4.12471
    endloop
  endfacet
  facet normal 0 -0.946924 0.321458
    outer loop
      vertex 82.2 4.90059 4.12471
      vertex 79 4.83962 3.94511
      vertex 82.2 4.83962 3.94511
    endloop
  endfacet
  facet normal 0 -0.946924 0.321458
    outer loop
      vertex 85.4 4.83962 3.94511
      vertex 86 4.90059 4.12471
      vertex 85.4 4.90059 4.12471
    endloop
  endfacet
  facet normal 0 -0.946924 0.321458
    outer loop
      vertex 86 4.90059 4.12471
      vertex 85.4 4.83962 3.94511
      vertex 86 4.83962 3.94511
    endloop
  endfacet
  facet normal 0 -0.321458 -0.946924
    outer loop
      vertex 79 3.87529 5.90059
      vertex 82.2 4.05489 5.83962
      vertex 82.2 3.87529 5.90059
    endloop
  endfacet
  facet normal -0 -0.321458 -0.946924
    outer loop
      vertex 82.2 4.05489 5.83962
      vertex 79 3.87529 5.90059
      vertex 79 4.05489 5.83962
    endloop
  endfacet
  facet normal 0 -0.321458 -0.946924
    outer loop
      vertex 85.4 3.87529 5.90059
      vertex 86 4.05489 5.83962
      vertex 86 3.87529 5.90059
    endloop
  endfacet
  facet normal -0 -0.321458 -0.946924
    outer loop
      vertex 86 4.05489 5.83962
      vertex 85.4 3.87529 5.90059
      vertex 85.4 4.05489 5.83962
    endloop
  endfacet
  facet normal 0 -0.0654307 -0.997857
    outer loop
      vertex 79 3.5 5.95
      vertex 82.2 3.68926 5.93759
      vertex 82.2 3.5 5.95
    endloop
  endfacet
  facet normal -0 -0.0654307 -0.997857
    outer loop
      vertex 82.2 3.68926 5.93759
      vertex 79 3.5 5.95
      vertex 79 3.68926 5.93759
    endloop
  endfacet
  facet normal 0 -0.0654307 -0.997857
    outer loop
      vertex 85.4 3.5 5.95
      vertex 86 3.68926 5.93759
      vertex 86 3.5 5.95
    endloop
  endfacet
  facet normal -0 -0.0654307 -0.997857
    outer loop
      vertex 86 3.68926 5.93759
      vertex 85.4 3.5 5.95
      vertex 85.4 3.68926 5.93759
    endloop
  endfacet
  facet normal 0 -0.946924 -0.321458
    outer loop
      vertex 79 4.90059 4.87529
      vertex 82.2 4.83962 5.05489
      vertex 79 4.83962 5.05489
    endloop
  endfacet
  facet normal 0 -0.946924 -0.321458
    outer loop
      vertex 82.2 4.83962 5.05489
      vertex 79 4.90059 4.87529
      vertex 82.2 4.90059 4.87529
    endloop
  endfacet
  facet normal 0 -0.946924 -0.321458
    outer loop
      vertex 85.4 4.90059 4.87529
      vertex 86 4.83962 5.05489
      vertex 85.4 4.83962 5.05489
    endloop
  endfacet
  facet normal 0 -0.946924 -0.321458
    outer loop
      vertex 86 4.83962 5.05489
      vertex 85.4 4.90059 4.87529
      vertex 86 4.90059 4.87529
    endloop
  endfacet
  facet normal -0 0.0653782 0.997861
    outer loop
      vertex 79 3.5 3.05
      vertex 82.2 3.31074 3.0624
      vertex 82.2 3.5 3.05
    endloop
  endfacet
  facet normal 0 0.0653782 0.997861
    outer loop
      vertex 82.2 3.31074 3.0624
      vertex 79 3.5 3.05
      vertex 79 3.31074 3.0624
    endloop
  endfacet
  facet normal -0 0.0653782 0.997861
    outer loop
      vertex 85.4 3.5 3.05
      vertex 86 3.31074 3.0624
      vertex 86 3.5 3.05
    endloop
  endfacet
  facet normal 0 0.0653782 0.997861
    outer loop
      vertex 86 3.31074 3.0624
      vertex 85.4 3.5 3.05
      vertex 85.4 3.31074 3.0624
    endloop
  endfacet
  facet normal -0 0.659299 0.751881
    outer loop
      vertex 79 2.6173 3.34964
      vertex 82.2 2.47469 3.47469
      vertex 82.2 2.6173 3.34964
    endloop
  endfacet
  facet normal 0 0.659299 0.751881
    outer loop
      vertex 82.2 2.47469 3.47469
      vertex 79 2.6173 3.34964
      vertex 79 2.47469 3.47469
    endloop
  endfacet
  facet normal -0 0.659299 0.751881
    outer loop
      vertex 85.4 2.6173 3.34964
      vertex 86 2.47469 3.47469
      vertex 86 2.6173 3.34964
    endloop
  endfacet
  facet normal 0 0.659299 0.751881
    outer loop
      vertex 86 2.47469 3.47469
      vertex 85.4 2.6173 3.34964
      vertex 85.4 2.47469 3.47469
    endloop
  endfacet
  facet normal -0 0.442293 0.896871
    outer loop
      vertex 79 2.94511 3.16037
      vertex 82.2 2.775 3.24426
      vertex 82.2 2.94511 3.16037
    endloop
  endfacet
  facet normal 0 0.442293 0.896871
    outer loop
      vertex 82.2 2.775 3.24426
      vertex 79 2.94511 3.16037
      vertex 79 2.775 3.24426
    endloop
  endfacet
  facet normal -0 0.442293 0.896871
    outer loop
      vertex 85.4 2.94511 3.16037
      vertex 86 2.775 3.24426
      vertex 86 2.94511 3.16037
    endloop
  endfacet
  facet normal 0 0.442293 0.896871
    outer loop
      vertex 86 2.775 3.24426
      vertex 85.4 2.94511 3.16037
      vertex 85.4 2.775 3.24426
    endloop
  endfacet
  facet normal -0 0.195122 0.980779
    outer loop
      vertex 79 3.31074 3.0624
      vertex 82.2 3.12471 3.09941
      vertex 82.2 3.31074 3.0624
    endloop
  endfacet
  facet normal 0 0.195122 0.980779
    outer loop
      vertex 82.2 3.12471 3.09941
      vertex 79 3.31074 3.0624
      vertex 79 3.12471 3.09941
    endloop
  endfacet
  facet normal -0 0.195122 0.980779
    outer loop
      vertex 85.4 3.31074 3.0624
      vertex 86 3.12471 3.09941
      vertex 86 3.31074 3.0624
    endloop
  endfacet
  facet normal 0 0.195122 0.980779
    outer loop
      vertex 86 3.12471 3.09941
      vertex 85.4 3.31074 3.0624
      vertex 85.4 3.12471 3.09941
    endloop
  endfacet
  facet normal 0 0.896871 0.442293
    outer loop
      vertex 82.2 2.24426 3.775
      vertex 79 2.16037 3.94511
      vertex 82.2 2.16037 3.94511
    endloop
  endfacet
  facet normal 0 0.896871 0.442293
    outer loop
      vertex 79 2.16037 3.94511
      vertex 82.2 2.24426 3.775
      vertex 79 2.24426 3.775
    endloop
  endfacet
  facet normal 0 0.896871 0.442293
    outer loop
      vertex 86 2.24426 3.775
      vertex 85.4 2.16037 3.94511
      vertex 86 2.16037 3.94511
    endloop
  endfacet
  facet normal 0 0.896871 0.442293
    outer loop
      vertex 85.4 2.16037 3.94511
      vertex 86 2.24426 3.775
      vertex 85.4 2.24426 3.775
    endloop
  endfacet
  facet normal 0 -0.442293 0.896871
    outer loop
      vertex 79 4.225 3.24426
      vertex 82.2 4.05489 3.16037
      vertex 82.2 4.225 3.24426
    endloop
  endfacet
  facet normal 0 -0.442293 0.896871
    outer loop
      vertex 82.2 4.05489 3.16037
      vertex 79 4.225 3.24426
      vertex 79 4.05489 3.16037
    endloop
  endfacet
  facet normal 0 -0.442293 0.896871
    outer loop
      vertex 85.4 4.225 3.24426
      vertex 86 4.05489 3.16037
      vertex 86 4.225 3.24426
    endloop
  endfacet
  facet normal 0 -0.442293 0.896871
    outer loop
      vertex 86 4.05489 3.16037
      vertex 85.4 4.225 3.24426
      vertex 85.4 4.05489 3.16037
    endloop
  endfacet
  facet normal 0 -0.659325 0.751858
    outer loop
      vertex 79 4.5253 3.47469
      vertex 82.2 4.3827 3.34964
      vertex 82.2 4.5253 3.47469
    endloop
  endfacet
  facet normal 0 -0.659325 0.751858
    outer loop
      vertex 82.2 4.3827 3.34964
      vertex 79 4.5253 3.47469
      vertex 79 4.3827 3.34964
    endloop
  endfacet
  facet normal 0 -0.659325 0.751858
    outer loop
      vertex 85.4 4.5253 3.47469
      vertex 86 4.3827 3.34964
      vertex 86 4.5253 3.47469
    endloop
  endfacet
  facet normal 0 -0.659325 0.751858
    outer loop
      vertex 86 4.3827 3.34964
      vertex 85.4 4.5253 3.47469
      vertex 85.4 4.3827 3.34964
    endloop
  endfacet
  facet normal 0 -0.195072 -0.980789
    outer loop
      vertex 79 3.68926 5.93759
      vertex 82.2 3.87529 5.90059
      vertex 82.2 3.68926 5.93759
    endloop
  endfacet
  facet normal -0 -0.195072 -0.980789
    outer loop
      vertex 82.2 3.87529 5.90059
      vertex 79 3.68926 5.93759
      vertex 79 3.87529 5.90059
    endloop
  endfacet
  facet normal 0 -0.195072 -0.980789
    outer loop
      vertex 85.4 3.68926 5.93759
      vertex 86 3.87529 5.90059
      vertex 86 3.68926 5.93759
    endloop
  endfacet
  facet normal -0 -0.195072 -0.980789
    outer loop
      vertex 86 3.87529 5.90059
      vertex 85.4 3.68926 5.93759
      vertex 85.4 3.87529 5.90059
    endloop
  endfacet
  facet normal 0 -0.83145 -0.5556
    outer loop
      vertex 79 4.75574 5.225
      vertex 82.2 4.65036 5.3827
      vertex 79 4.65036 5.3827
    endloop
  endfacet
  facet normal 0 -0.83145 -0.5556
    outer loop
      vertex 82.2 4.65036 5.3827
      vertex 79 4.75574 5.225
      vertex 82.2 4.75574 5.225
    endloop
  endfacet
  facet normal 0 -0.83145 -0.5556
    outer loop
      vertex 85.4 4.75574 5.225
      vertex 86 4.65036 5.3827
      vertex 85.4 4.65036 5.3827
    endloop
  endfacet
  facet normal 0 -0.83145 -0.5556
    outer loop
      vertex 86 4.65036 5.3827
      vertex 85.4 4.75574 5.225
      vertex 86 4.75574 5.225
    endloop
  endfacet
  facet normal 0 0.83145 0.5556
    outer loop
      vertex 82.2 2.34964 3.6173
      vertex 79 2.24426 3.775
      vertex 82.2 2.24426 3.775
    endloop
  endfacet
  facet normal 0 0.83145 0.5556
    outer loop
      vertex 79 2.24426 3.775
      vertex 82.2 2.34964 3.6173
      vertex 79 2.34964 3.6173
    endloop
  endfacet
  facet normal 0 0.83145 0.5556
    outer loop
      vertex 86 2.34964 3.6173
      vertex 85.4 2.24426 3.775
      vertex 86 2.24426 3.775
    endloop
  endfacet
  facet normal 0 0.83145 0.5556
    outer loop
      vertex 85.4 2.24426 3.775
      vertex 86 2.34964 3.6173
      vertex 85.4 2.34964 3.6173
    endloop
  endfacet
  facet normal -0 0.321411 0.94694
    outer loop
      vertex 79 3.12471 3.09941
      vertex 82.2 2.94511 3.16037
      vertex 82.2 3.12471 3.09941
    endloop
  endfacet
  facet normal 0 0.321411 0.94694
    outer loop
      vertex 82.2 2.94511 3.16037
      vertex 79 3.12471 3.09941
      vertex 79 2.94511 3.16037
    endloop
  endfacet
  facet normal -0 0.321411 0.94694
    outer loop
      vertex 85.4 3.12471 3.09941
      vertex 86 2.94511 3.16037
      vertex 86 3.12471 3.09941
    endloop
  endfacet
  facet normal 0 0.321411 0.94694
    outer loop
      vertex 86 2.94511 3.16037
      vertex 85.4 3.12471 3.09941
      vertex 85.4 2.94511 3.16037
    endloop
  endfacet
  facet normal -0 0.5556 0.83145
    outer loop
      vertex 79 2.775 3.24426
      vertex 82.2 2.6173 3.34964
      vertex 82.2 2.775 3.24426
    endloop
  endfacet
  facet normal 0 0.5556 0.83145
    outer loop
      vertex 82.2 2.6173 3.34964
      vertex 79 2.775 3.24426
      vertex 79 2.6173 3.34964
    endloop
  endfacet
  facet normal -0 0.5556 0.83145
    outer loop
      vertex 85.4 2.775 3.24426
      vertex 86 2.6173 3.34964
      vertex 86 2.775 3.24426
    endloop
  endfacet
  facet normal 0 0.5556 0.83145
    outer loop
      vertex 86 2.6173 3.34964
      vertex 85.4 2.775 3.24426
      vertex 85.4 2.6173 3.34964
    endloop
  endfacet
  facet normal 0 0.751858 -0.659325
    outer loop
      vertex 82.2 2.34964 5.3827
      vertex 79 2.47469 5.5253
      vertex 82.2 2.47469 5.5253
    endloop
  endfacet
  facet normal 0 0.751858 -0.659325
    outer loop
      vertex 79 2.47469 5.5253
      vertex 82.2 2.34964 5.3827
      vertex 79 2.34964 5.3827
    endloop
  endfacet
  facet normal 0 0.751858 -0.659325
    outer loop
      vertex 86 2.34964 5.3827
      vertex 85.4 2.47469 5.5253
      vertex 86 2.47469 5.5253
    endloop
  endfacet
  facet normal 0 0.751858 -0.659325
    outer loop
      vertex 85.4 2.47469 5.5253
      vertex 86 2.34964 5.3827
      vertex 85.4 2.34964 5.3827
    endloop
  endfacet
  facet normal 0 0.195072 -0.980789
    outer loop
      vertex 79 3.12471 5.90059
      vertex 82.2 3.31074 5.93759
      vertex 82.2 3.12471 5.90059
    endloop
  endfacet
  facet normal 0 0.195072 -0.980789
    outer loop
      vertex 82.2 3.31074 5.93759
      vertex 79 3.12471 5.90059
      vertex 79 3.31074 5.93759
    endloop
  endfacet
  facet normal 0 0.195072 -0.980789
    outer loop
      vertex 85.4 3.12471 5.90059
      vertex 86 3.31074 5.93759
      vertex 86 3.12471 5.90059
    endloop
  endfacet
  facet normal 0 0.195072 -0.980789
    outer loop
      vertex 86 3.31074 5.93759
      vertex 85.4 3.12471 5.90059
      vertex 85.4 3.31074 5.93759
    endloop
  endfacet
  facet normal 0 0.442251 -0.896891
    outer loop
      vertex 79 2.775 5.75574
      vertex 82.2 2.94511 5.83962
      vertex 82.2 2.775 5.75574
    endloop
  endfacet
  facet normal 0 0.442251 -0.896891
    outer loop
      vertex 82.2 2.94511 5.83962
      vertex 79 2.775 5.75574
      vertex 79 2.94511 5.83962
    endloop
  endfacet
  facet normal 0 0.442251 -0.896891
    outer loop
      vertex 85.4 2.775 5.75574
      vertex 86 2.94511 5.83962
      vertex 86 2.775 5.75574
    endloop
  endfacet
  facet normal 0 0.442251 -0.896891
    outer loop
      vertex 86 2.94511 5.83962
      vertex 85.4 2.775 5.75574
      vertex 85.4 2.94511 5.83962
    endloop
  endfacet
  facet normal 0 0.94694 0.321411
    outer loop
      vertex 82.2 2.16037 3.94511
      vertex 79 2.09941 4.12471
      vertex 82.2 2.09941 4.12471
    endloop
  endfacet
  facet normal 0 0.94694 0.321411
    outer loop
      vertex 79 2.09941 4.12471
      vertex 82.2 2.16037 3.94511
      vertex 79 2.16037 3.94511
    endloop
  endfacet
  facet normal 0 0.94694 0.321411
    outer loop
      vertex 86 2.16037 3.94511
      vertex 85.4 2.09941 4.12471
      vertex 86 2.09941 4.12471
    endloop
  endfacet
  facet normal 0 0.94694 0.321411
    outer loop
      vertex 85.4 2.09941 4.12471
      vertex 86 2.16037 3.94511
      vertex 85.4 2.16037 3.94511
    endloop
  endfacet
  facet normal 0 0.751881 0.659299
    outer loop
      vertex 82.2 2.47469 3.47469
      vertex 79 2.34964 3.6173
      vertex 82.2 2.34964 3.6173
    endloop
  endfacet
  facet normal 0 0.751881 0.659299
    outer loop
      vertex 79 2.34964 3.6173
      vertex 82.2 2.47469 3.47469
      vertex 79 2.47469 3.47469
    endloop
  endfacet
  facet normal 0 0.751881 0.659299
    outer loop
      vertex 86 2.47469 3.47469
      vertex 85.4 2.34964 3.6173
      vertex 86 2.34964 3.6173
    endloop
  endfacet
  facet normal 0 0.751881 0.659299
    outer loop
      vertex 85.4 2.34964 3.6173
      vertex 86 2.47469 3.47469
      vertex 85.4 2.47469 3.47469
    endloop
  endfacet
  facet normal 0 0.997861 -0.0653782
    outer loop
      vertex 82.2 2.05 4.5
      vertex 79 2.0624 4.68926
      vertex 82.2 2.0624 4.68926
    endloop
  endfacet
  facet normal 0 0.997861 -0.0653782
    outer loop
      vertex 79 2.0624 4.68926
      vertex 82.2 2.05 4.5
      vertex 79 2.05 4.5
    endloop
  endfacet
  facet normal 0 0.997861 -0.0653782
    outer loop
      vertex 86 2.05 4.5
      vertex 85.4 2.0624 4.68926
      vertex 86 2.0624 4.68926
    endloop
  endfacet
  facet normal 0 0.997861 -0.0653782
    outer loop
      vertex 85.4 2.0624 4.68926
      vertex 86 2.05 4.5
      vertex 85.4 2.05 4.5
    endloop
  endfacet
  facet normal 0 0.980779 -0.195122
    outer loop
      vertex 82.2 2.0624 4.68926
      vertex 79 2.09941 4.87529
      vertex 82.2 2.09941 4.87529
    endloop
  endfacet
  facet normal 0 0.980779 -0.195122
    outer loop
      vertex 79 2.09941 4.87529
      vertex 82.2 2.0624 4.68926
      vertex 79 2.0624 4.68926
    endloop
  endfacet
  facet normal 0 0.980779 -0.195122
    outer loop
      vertex 86 2.0624 4.68926
      vertex 85.4 2.09941 4.87529
      vertex 86 2.09941 4.87529
    endloop
  endfacet
  facet normal 0 0.980779 -0.195122
    outer loop
      vertex 85.4 2.09941 4.87529
      vertex 86 2.0624 4.68926
      vertex 85.4 2.0624 4.68926
    endloop
  endfacet
  facet normal 0 0.659329 -0.751854
    outer loop
      vertex 79 2.47469 5.5253
      vertex 82.2 2.6173 5.65036
      vertex 82.2 2.47469 5.5253
    endloop
  endfacet
  facet normal 0 0.659329 -0.751854
    outer loop
      vertex 82.2 2.6173 5.65036
      vertex 79 2.47469 5.5253
      vertex 79 2.6173 5.65036
    endloop
  endfacet
  facet normal 0 0.659329 -0.751854
    outer loop
      vertex 85.4 2.47469 5.5253
      vertex 86 2.6173 5.65036
      vertex 86 2.47469 5.5253
    endloop
  endfacet
  facet normal 0 0.659329 -0.751854
    outer loop
      vertex 86 2.6173 5.65036
      vertex 85.4 2.47469 5.5253
      vertex 85.4 2.6173 5.65036
    endloop
  endfacet
  facet normal 0 0.5556 -0.83145
    outer loop
      vertex 79 2.6173 5.65036
      vertex 82.2 2.775 5.75574
      vertex 82.2 2.6173 5.65036
    endloop
  endfacet
  facet normal 0 0.5556 -0.83145
    outer loop
      vertex 82.2 2.775 5.75574
      vertex 79 2.6173 5.65036
      vertex 79 2.775 5.75574
    endloop
  endfacet
  facet normal 0 0.5556 -0.83145
    outer loop
      vertex 85.4 2.6173 5.65036
      vertex 86 2.775 5.75574
      vertex 86 2.6173 5.65036
    endloop
  endfacet
  facet normal 0 0.5556 -0.83145
    outer loop
      vertex 86 2.775 5.75574
      vertex 85.4 2.6173 5.65036
      vertex 85.4 2.775 5.75574
    endloop
  endfacet
  facet normal 0 0.321458 -0.946924
    outer loop
      vertex 79 2.94511 5.83962
      vertex 82.2 3.12471 5.90059
      vertex 82.2 2.94511 5.83962
    endloop
  endfacet
  facet normal 0 0.321458 -0.946924
    outer loop
      vertex 82.2 3.12471 5.90059
      vertex 79 2.94511 5.83962
      vertex 79 3.12471 5.90059
    endloop
  endfacet
  facet normal 0 0.321458 -0.946924
    outer loop
      vertex 85.4 2.94511 5.83962
      vertex 86 3.12471 5.90059
      vertex 86 2.94511 5.83962
    endloop
  endfacet
  facet normal 0 0.321458 -0.946924
    outer loop
      vertex 86 3.12471 5.90059
      vertex 85.4 2.94511 5.83962
      vertex 85.4 3.12471 5.90059
    endloop
  endfacet
  facet normal 0 0.83145 -0.5556
    outer loop
      vertex 82.2 2.24426 5.225
      vertex 79 2.34964 5.3827
      vertex 82.2 2.34964 5.3827
    endloop
  endfacet
  facet normal 0 0.83145 -0.5556
    outer loop
      vertex 79 2.34964 5.3827
      vertex 82.2 2.24426 5.225
      vertex 79 2.24426 5.225
    endloop
  endfacet
  facet normal 0 0.83145 -0.5556
    outer loop
      vertex 86 2.24426 5.225
      vertex 85.4 2.34964 5.3827
      vertex 86 2.34964 5.3827
    endloop
  endfacet
  facet normal 0 0.83145 -0.5556
    outer loop
      vertex 85.4 2.34964 5.3827
      vertex 86 2.24426 5.225
      vertex 85.4 2.24426 5.225
    endloop
  endfacet
  facet normal 0 0.94694 -0.321411
    outer loop
      vertex 82.2 2.09941 4.87529
      vertex 79 2.16037 5.05489
      vertex 82.2 2.16037 5.05489
    endloop
  endfacet
  facet normal 0 0.94694 -0.321411
    outer loop
      vertex 79 2.16037 5.05489
      vertex 82.2 2.09941 4.87529
      vertex 79 2.09941 4.87529
    endloop
  endfacet
  facet normal 0 0.94694 -0.321411
    outer loop
      vertex 86 2.09941 4.87529
      vertex 85.4 2.16037 5.05489
      vertex 86 2.16037 5.05489
    endloop
  endfacet
  facet normal 0 0.94694 -0.321411
    outer loop
      vertex 85.4 2.16037 5.05489
      vertex 86 2.09941 4.87529
      vertex 85.4 2.09941 4.87529
    endloop
  endfacet
  facet normal 0 0.896871 -0.442293
    outer loop
      vertex 82.2 2.16037 5.05489
      vertex 79 2.24426 5.225
      vertex 82.2 2.24426 5.225
    endloop
  endfacet
  facet normal 0 0.896871 -0.442293
    outer loop
      vertex 79 2.24426 5.225
      vertex 82.2 2.16037 5.05489
      vertex 79 2.16037 5.05489
    endloop
  endfacet
  facet normal 0 0.896871 -0.442293
    outer loop
      vertex 86 2.16037 5.05489
      vertex 85.4 2.24426 5.225
      vertex 86 2.24426 5.225
    endloop
  endfacet
  facet normal 0 0.896871 -0.442293
    outer loop
      vertex 85.4 2.24426 5.225
      vertex 86 2.16037 5.05489
      vertex 85.4 2.16037 5.05489
    endloop
  endfacet
  facet normal 0 -0.866025 -0.5
    outer loop
      vertex 82.2 6.55996 4.5
      vertex 85.4 5.02998 7.15
      vertex 82.2 5.02998 7.15
    endloop
  endfacet
  facet normal 0 -0.866025 -0.5
    outer loop
      vertex 85.4 5.02998 7.15
      vertex 82.2 6.55996 4.5
      vertex 85.4 6.55996 4.5
    endloop
  endfacet
  facet normal 0 0 -1
    outer loop
      vertex 82.2 0 7.15
      vertex 85.4 5.02998 7.15
      vertex 85.4 0 7.15
    endloop
  endfacet
  facet normal -0 0 -1
    outer loop
      vertex 85.4 5.02998 7.15
      vertex 82.2 0 7.15
      vertex 82.2 5.02998 7.15
    endloop
  endfacet
  facet normal -0 0 1
    outer loop
      vertex 82.2 5.02998 1.85
      vertex 85.4 0 1.85
      vertex 85.4 5.02998 1.85
    endloop
  endfacet
  facet normal 0 0 1
    outer loop
      vertex 85.4 0 1.85
      vertex 82.2 5.02998 1.85
      vertex 82.2 0 1.85
    endloop
  endfacet
  facet normal -1 0 0
    outer loop
      vertex 85.4 4.75574 3.775
      vertex 85.4 6.55996 4.5
      vertex 85.4 5.02998 1.85
    endloop
  endfacet
  facet normal -1 0 0
    outer loop
      vertex 85.4 4.93759 4.68926
      vertex 85.4 6.55996 4.5
      vertex 85.4 4.95 4.5
    endloop
  endfacet
  facet normal -1 -0 0
    outer loop
      vertex 85.4 6.55996 4.5
      vertex 85.4 4.93759 4.31074
      vertex 85.4 4.95 4.5
    endloop
  endfacet
  facet normal -1 0 0
    outer loop
      vertex 85.4 6.55996 4.5
      vertex 85.4 4.90059 4.12471
      vertex 85.4 4.93759 4.31074
    endloop
  endfacet
  facet normal -1 0 0
    outer loop
      vertex 85.4 6.55996 4.5
      vertex 85.4 4.83962 3.94511
      vertex 85.4 4.90059 4.12471
    endloop
  endfacet
  facet normal -1 0 0
    outer loop
      vertex 85.4 6.55996 4.5
      vertex 85.4 4.75574 3.775
      vertex 85.4 4.83962 3.94511
    endloop
  endfacet
  facet normal -1 0 0
    outer loop
      vertex 85.4 5.02998 1.85
      vertex 85.4 4.65036 3.6173
      vertex 85.4 4.75574 3.775
    endloop
  endfacet
  facet normal -1 0 0
    outer loop
      vertex 85.4 5.02998 1.85
      vertex 85.4 4.5253 3.47469
      vertex 85.4 4.65036 3.6173
    endloop
  endfacet
  facet normal -1 0 0
    outer loop
      vertex 85.4 5.02998 1.85
      vertex 85.4 4.3827 3.34964
      vertex 85.4 4.5253 3.47469
    endloop
  endfacet
  facet normal -1 0 0
    outer loop
      vertex 85.4 5.02998 1.85
      vertex 85.4 4.225 3.24426
      vertex 85.4 4.3827 3.34964
    endloop
  endfacet
  facet normal -1 0 0
    outer loop
      vertex 85.4 5.02998 1.85
      vertex 85.4 4.05489 3.16037
      vertex 85.4 4.225 3.24426
    endloop
  endfacet
  facet normal -1 0 0
    outer loop
      vertex 85.4 5.02998 1.85
      vertex 85.4 3.87529 3.09941
      vertex 85.4 4.05489 3.16037
    endloop
  endfacet
  facet normal -1 0 0
    outer loop
      vertex 85.4 5.02998 1.85
      vertex 85.4 3.68926 3.0624
      vertex 85.4 3.87529 3.09941
    endloop
  endfacet
  facet normal -1 0 0
    outer loop
      vertex 85.4 5.02998 1.85
      vertex 85.4 3.5 3.05
      vertex 85.4 3.68926 3.0624
    endloop
  endfacet
  facet normal -1 0 0
    outer loop
      vertex 85.4 5.02998 1.85
      vertex 85.4 3.31074 3.0624
      vertex 85.4 3.5 3.05
    endloop
  endfacet
  facet normal -1 0 0
    outer loop
      vertex 85.4 5.02998 1.85
      vertex 85.4 3.12471 3.09941
      vertex 85.4 3.31074 3.0624
    endloop
  endfacet
  facet normal -1 0 0
    outer loop
      vertex 85.4 0 1.85
      vertex 85.4 3.12471 3.09941
      vertex 85.4 5.02998 1.85
    endloop
  endfacet
  facet normal -1 -0 0
    outer loop
      vertex 85.4 3.12471 3.09941
      vertex 85.4 0 1.85
      vertex 85.4 2.94511 3.16037
    endloop
  endfacet
  facet normal -1 -0 0
    outer loop
      vertex 85.4 2.0624 4.31074
      vertex 85.4 0 1.85
      vertex 85.4 2.05 4.5
    endloop
  endfacet
  facet normal -1 -0 0
    outer loop
      vertex 85.4 2.09941 4.12471
      vertex 85.4 0 1.85
      vertex 85.4 2.0624 4.31074
    endloop
  endfacet
  facet normal -1 -0 0
    outer loop
      vertex 85.4 2.16037 3.94511
      vertex 85.4 0 1.85
      vertex 85.4 2.09941 4.12471
    endloop
  endfacet
  facet normal -1 -0 0
    outer loop
      vertex 85.4 2.24426 3.775
      vertex 85.4 0 1.85
      vertex 85.4 2.16037 3.94511
    endloop
  endfacet
  facet normal -1 -0 0
    outer loop
      vertex 85.4 2.34964 3.6173
      vertex 85.4 0 1.85
      vertex 85.4 2.24426 3.775
    endloop
  endfacet
  facet normal -1 -0 0
    outer loop
      vertex 85.4 2.47469 3.47469
      vertex 85.4 0 1.85
      vertex 85.4 2.34964 3.6173
    endloop
  endfacet
  facet normal -1 -0 0
    outer loop
      vertex 85.4 2.6173 3.34964
      vertex 85.4 0 1.85
      vertex 85.4 2.47469 3.47469
    endloop
  endfacet
  facet normal -1 -0 0
    outer loop
      vertex 85.4 2.775 3.24426
      vertex 85.4 0 1.85
      vertex 85.4 2.6173 3.34964
    endloop
  endfacet
  facet normal -1 -0 0
    outer loop
      vertex 85.4 2.94511 3.16037
      vertex 85.4 0 1.85
      vertex 85.4 2.775 3.24426
    endloop
  endfacet
  facet normal -1 0 0
    outer loop
      vertex 85.4 4.90059 4.87529
      vertex 85.4 6.55996 4.5
      vertex 85.4 4.93759 4.68926
    endloop
  endfacet
  facet normal -1 0 0
    outer loop
      vertex 85.4 4.83962 5.05489
      vertex 85.4 6.55996 4.5
      vertex 85.4 4.90059 4.87529
    endloop
  endfacet
  facet normal -1 0 0
    outer loop
      vertex 85.4 4.75574 5.225
      vertex 85.4 6.55996 4.5
      vertex 85.4 4.83962 5.05489
    endloop
  endfacet
  facet normal -1 0 0
    outer loop
      vertex 85.4 6.55996 4.5
      vertex 85.4 4.75574 5.225
      vertex 85.4 5.02998 7.15
    endloop
  endfacet
  facet normal -1 0 0
    outer loop
      vertex 85.4 4.65036 5.3827
      vertex 85.4 5.02998 7.15
      vertex 85.4 4.75574 5.225
    endloop
  endfacet
  facet normal -1 0 0
    outer loop
      vertex 85.4 4.5253 5.5253
      vertex 85.4 5.02998 7.15
      vertex 85.4 4.65036 5.3827
    endloop
  endfacet
  facet normal -1 0 0
    outer loop
      vertex 85.4 4.3827 5.65036
      vertex 85.4 5.02998 7.15
      vertex 85.4 4.5253 5.5253
    endloop
  endfacet
  facet normal -1 0 0
    outer loop
      vertex 85.4 4.225 5.75574
      vertex 85.4 5.02998 7.15
      vertex 85.4 4.3827 5.65036
    endloop
  endfacet
  facet normal -1 0 0
    outer loop
      vertex 85.4 4.05489 5.83962
      vertex 85.4 5.02998 7.15
      vertex 85.4 4.225 5.75574
    endloop
  endfacet
  facet normal -1 0 0
    outer loop
      vertex 85.4 3.87529 5.90059
      vertex 85.4 5.02998 7.15
      vertex 85.4 4.05489 5.83962
    endloop
  endfacet
  facet normal -1 0 0
    outer loop
      vertex 85.4 3.68926 5.93759
      vertex 85.4 5.02998 7.15
      vertex 85.4 3.87529 5.90059
    endloop
  endfacet
  facet normal -1 0 0
    outer loop
      vertex 85.4 3.5 5.95
      vertex 85.4 5.02998 7.15
      vertex 85.4 3.68926 5.93759
    endloop
  endfacet
  facet normal -1 0 0
    outer loop
      vertex 85.4 3.31074 5.93759
      vertex 85.4 5.02998 7.15
      vertex 85.4 3.5 5.95
    endloop
  endfacet
  facet normal -1 0 0
    outer loop
      vertex 85.4 3.12471 5.90059
      vertex 85.4 5.02998 7.15
      vertex 85.4 3.31074 5.93759
    endloop
  endfacet
  facet normal -1 0 0
    outer loop
      vertex 85.4 0 7.15
      vertex 85.4 3.12471 5.90059
      vertex 85.4 2.94511 5.83962
    endloop
  endfacet
  facet normal -1 0 0
    outer loop
      vertex 85.4 0 7.15
      vertex 85.4 2.94511 5.83962
      vertex 85.4 2.775 5.75574
    endloop
  endfacet
  facet normal -1 0 0
    outer loop
      vertex 85.4 0 7.15
      vertex 85.4 2.05 4.5
      vertex 85.4 0 1.85
    endloop
  endfacet
  facet normal -1 0 0
    outer loop
      vertex 85.4 2.05 4.5
      vertex 85.4 0 7.15
      vertex 85.4 2.0624 4.68926
    endloop
  endfacet
  facet normal -1 0 0
    outer loop
      vertex 85.4 2.0624 4.68926
      vertex 85.4 0 7.15
      vertex 85.4 2.09941 4.87529
    endloop
  endfacet
  facet normal -1 0 0
    outer loop
      vertex 85.4 2.09941 4.87529
      vertex 85.4 0 7.15
      vertex 85.4 2.16037 5.05489
    endloop
  endfacet
  facet normal -1 0 0
    outer loop
      vertex 85.4 3.12471 5.90059
      vertex 85.4 0 7.15
      vertex 85.4 5.02998 7.15
    endloop
  endfacet
  facet normal -1 0 0
    outer loop
      vertex 85.4 2.6173 5.65036
      vertex 85.4 0 7.15
      vertex 85.4 2.775 5.75574
    endloop
  endfacet
  facet normal -1 0 0
    outer loop
      vertex 85.4 2.47469 5.5253
      vertex 85.4 0 7.15
      vertex 85.4 2.6173 5.65036
    endloop
  endfacet
  facet normal -1 0 0
    outer loop
      vertex 85.4 2.34964 5.3827
      vertex 85.4 0 7.15
      vertex 85.4 2.47469 5.5253
    endloop
  endfacet
  facet normal -1 0 0
    outer loop
      vertex 85.4 2.24426 5.225
      vertex 85.4 0 7.15
      vertex 85.4 2.34964 5.3827
    endloop
  endfacet
  facet normal -1 0 0
    outer loop
      vertex 85.4 2.16037 5.05489
      vertex 85.4 0 7.15
      vertex 85.4 2.24426 5.225
    endloop
  endfacet
  facet normal 1 -0 0
    outer loop
      vertex 82.2 4.75574 5.225
      vertex 82.2 6.55996 4.5
      vertex 82.2 5.02998 7.15
    endloop
  endfacet
  facet normal 1 0 0
    outer loop
      vertex 82.2 4.93759 4.31074
      vertex 82.2 6.55996 4.5
      vertex 82.2 4.95 4.5
    endloop
  endfacet
  facet normal 1 0 0
    outer loop
      vertex 82.2 6.55996 4.5
      vertex 82.2 4.93759 4.68926
      vertex 82.2 4.95 4.5
    endloop
  endfacet
  facet normal 1 0 0
    outer loop
      vertex 82.2 6.55996 4.5
      vertex 82.2 4.90059 4.87529
      vertex 82.2 4.93759 4.68926
    endloop
  endfacet
  facet normal 1 0 0
    outer loop
      vertex 82.2 6.55996 4.5
      vertex 82.2 4.83962 5.05489
      vertex 82.2 4.90059 4.87529
    endloop
  endfacet
  facet normal 1 0 0
    outer loop
      vertex 82.2 6.55996 4.5
      vertex 82.2 4.75574 5.225
      vertex 82.2 4.83962 5.05489
    endloop
  endfacet
  facet normal 1 0 0
    outer loop
      vertex 82.2 5.02998 7.15
      vertex 82.2 4.65036 5.3827
      vertex 82.2 4.75574 5.225
    endloop
  endfacet
  facet normal 1 0 0
    outer loop
      vertex 82.2 5.02998 7.15
      vertex 82.2 4.5253 5.5253
      vertex 82.2 4.65036 5.3827
    endloop
  endfacet
  facet normal 1 0 0
    outer loop
      vertex 82.2 5.02998 7.15
      vertex 82.2 4.3827 5.65036
      vertex 82.2 4.5253 5.5253
    endloop
  endfacet
  facet normal 1 0 0
    outer loop
      vertex 82.2 5.02998 7.15
      vertex 82.2 4.225 5.75574
      vertex 82.2 4.3827 5.65036
    endloop
  endfacet
  facet normal 1 0 0
    outer loop
      vertex 82.2 5.02998 7.15
      vertex 82.2 4.05489 5.83962
      vertex 82.2 4.225 5.75574
    endloop
  endfacet
  facet normal 1 0 0
    outer loop
      vertex 82.2 5.02998 7.15
      vertex 82.2 3.87529 5.90059
      vertex 82.2 4.05489 5.83962
    endloop
  endfacet
  facet normal 1 0 0
    outer loop
      vertex 82.2 5.02998 7.15
      vertex 82.2 3.68926 5.93759
      vertex 82.2 3.87529 5.90059
    endloop
  endfacet
  facet normal 1 0 0
    outer loop
      vertex 82.2 5.02998 7.15
      vertex 82.2 3.5 5.95
      vertex 82.2 3.68926 5.93759
    endloop
  endfacet
  facet normal 1 0 0
    outer loop
      vertex 82.2 5.02998 7.15
      vertex 82.2 3.31074 5.93759
      vertex 82.2 3.5 5.95
    endloop
  endfacet
  facet normal 1 0 0
    outer loop
      vertex 82.2 5.02998 7.15
      vertex 82.2 3.12471 5.90059
      vertex 82.2 3.31074 5.93759
    endloop
  endfacet
  facet normal 1 -0 0
    outer loop
      vertex 82.2 0 7.15
      vertex 82.2 3.12471 5.90059
      vertex 82.2 5.02998 7.15
    endloop
  endfacet
  facet normal 1 0 0
    outer loop
      vertex 82.2 3.12471 5.90059
      vertex 82.2 0 7.15
      vertex 82.2 2.94511 5.83962
    endloop
  endfacet
  facet normal 1 0 0
    outer loop
      vertex 82.2 2.0624 4.68926
      vertex 82.2 0 7.15
      vertex 82.2 2.05 4.5
    endloop
  endfacet
  facet normal 1 0 0
    outer loop
      vertex 82.2 2.09941 4.87529
      vertex 82.2 0 7.15
      vertex 82.2 2.0624 4.68926
    endloop
  endfacet
  facet normal 1 0 0
    outer loop
      vertex 82.2 2.16037 5.05489
      vertex 82.2 0 7.15
      vertex 82.2 2.09941 4.87529
    endloop
  endfacet
  facet normal 1 0 0
    outer loop
      vertex 82.2 2.24426 5.225
      vertex 82.2 0 7.15
      vertex 82.2 2.16037 5.05489
    endloop
  endfacet
  facet normal 1 0 0
    outer loop
      vertex 82.2 2.34964 5.3827
      vertex 82.2 0 7.15
      vertex 82.2 2.24426 5.225
    endloop
  endfacet
  facet normal 1 0 0
    outer loop
      vertex 82.2 2.47469 5.5253
      vertex 82.2 0 7.15
      vertex 82.2 2.34964 5.3827
    endloop
  endfacet
  facet normal 1 0 0
    outer loop
      vertex 82.2 2.6173 5.65036
      vertex 82.2 0 7.15
      vertex 82.2 2.47469 5.5253
    endloop
  endfacet
  facet normal 1 0 0
    outer loop
      vertex 82.2 2.775 5.75574
      vertex 82.2 0 7.15
      vertex 82.2 2.6173 5.65036
    endloop
  endfacet
  facet normal 1 0 0
    outer loop
      vertex 82.2 2.94511 5.83962
      vertex 82.2 0 7.15
      vertex 82.2 2.775 5.75574
    endloop
  endfacet
  facet normal 1 0 0
    outer loop
      vertex 82.2 4.90059 4.12471
      vertex 82.2 6.55996 4.5
      vertex 82.2 4.93759 4.31074
    endloop
  endfacet
  facet normal 1 0 0
    outer loop
      vertex 82.2 4.83962 3.94511
      vertex 82.2 6.55996 4.5
      vertex 82.2 4.90059 4.12471
    endloop
  endfacet
  facet normal 1 0 0
    outer loop
      vertex 82.2 4.75574 3.775
      vertex 82.2 6.55996 4.5
      vertex 82.2 4.83962 3.94511
    endloop
  endfacet
  facet normal 1 0 0
    outer loop
      vertex 82.2 6.55996 4.5
      vertex 82.2 4.75574 3.775
      vertex 82.2 5.02998 1.85
    endloop
  endfacet
  facet normal 1 -0 0
    outer loop
      vertex 82.2 4.65036 3.6173
      vertex 82.2 5.02998 1.85
      vertex 82.2 4.75574 3.775
    endloop
  endfacet
  facet normal 1 -0 0
    outer loop
      vertex 82.2 4.5253 3.47469
      vertex 82.2 5.02998 1.85
      vertex 82.2 4.65036 3.6173
    endloop
  endfacet
  facet normal 1 -0 0
    outer loop
      vertex 82.2 4.3827 3.34964
      vertex 82.2 5.02998 1.85
      vertex 82.2 4.5253 3.47469
    endloop
  endfacet
  facet normal 1 -0 0
    outer loop
      vertex 82.2 4.225 3.24426
      vertex 82.2 5.02998 1.85
      vertex 82.2 4.3827 3.34964
    endloop
  endfacet
  facet normal 1 -0 0
    outer loop
      vertex 82.2 4.05489 3.16037
      vertex 82.2 5.02998 1.85
      vertex 82.2 4.225 3.24426
    endloop
  endfacet
  facet normal 1 -0 0
    outer loop
      vertex 82.2 3.87529 3.09941
      vertex 82.2 5.02998 1.85
      vertex 82.2 4.05489 3.16037
    endloop
  endfacet
  facet normal 1 -0 0
    outer loop
      vertex 82.2 3.68926 3.0624
      vertex 82.2 5.02998 1.85
      vertex 82.2 3.87529 3.09941
    endloop
  endfacet
  facet normal 1 -0 0
    outer loop
      vertex 82.2 3.5 3.05
      vertex 82.2 5.02998 1.85
      vertex 82.2 3.68926 3.0624
    endloop
  endfacet
  facet normal 1 0 0
    outer loop
      vertex 82.2 3.31074 3.0624
      vertex 82.2 5.02998 1.85
      vertex 82.2 3.5 3.05
    endloop
  endfacet
  facet normal 1 0 0
    outer loop
      vertex 82.2 3.12471 3.09941
      vertex 82.2 5.02998 1.85
      vertex 82.2 3.31074 3.0624
    endloop
  endfacet
  facet normal 1 0 0
    outer loop
      vertex 82.2 0 1.85
      vertex 82.2 3.12471 3.09941
      vertex 82.2 2.94511 3.16037
    endloop
  endfacet
  facet normal 1 0 0
    outer loop
      vertex 82.2 0 1.85
      vertex 82.2 2.94511 3.16037
      vertex 82.2 2.775 3.24426
    endloop
  endfacet
  facet normal 1 0 0
    outer loop
      vertex 82.2 0 1.85
      vertex 82.2 2.05 4.5
      vertex 82.2 0 7.15
    endloop
  endfacet
  facet normal 1 0 0
    outer loop
      vertex 82.2 2.05 4.5
      vertex 82.2 0 1.85
      vertex 82.2 2.0624 4.31074
    endloop
  endfacet
  facet normal 1 0 0
    outer loop
      vertex 82.2 2.0624 4.31074
      vertex 82.2 0 1.85
      vertex 82.2 2.09941 4.12471
    endloop
  endfacet
  facet normal 1 0 0
    outer loop
      vertex 82.2 2.09941 4.12471
      vertex 82.2 0 1.85
      vertex 82.2 2.16037 3.94511
    endloop
  endfacet
  facet normal 1 0 0
    outer loop
      vertex 82.2 3.12471 3.09941
      vertex 82.2 0 1.85
      vertex 82.2 5.02998 1.85
    endloop
  endfacet
  facet normal 1 0 0
    outer loop
      vertex 82.2 2.6173 3.34964
      vertex 82.2 0 1.85
      vertex 82.2 2.775 3.24426
    endloop
  endfacet
  facet normal 1 0 0
    outer loop
      vertex 82.2 2.47469 3.47469
      vertex 82.2 0 1.85
      vertex 82.2 2.6173 3.34964
    endloop
  endfacet
  facet normal 1 0 0
    outer loop
      vertex 82.2 2.34964 3.6173
      vertex 82.2 0 1.85
      vertex 82.2 2.47469 3.47469
    endloop
  endfacet
  facet normal 1 0 0
    outer loop
      vertex 82.2 2.24426 3.775
      vertex 82.2 0 1.85
      vertex 82.2 2.34964 3.6173
    endloop
  endfacet
  facet normal 1 0 0
    outer loop
      vertex 82.2 2.16037 3.94511
      vertex 82.2 0 1.85
      vertex 82.2 2.24426 3.775
    endloop
  endfacet
  facet normal 0 -0.866025 0.5
    outer loop
      vertex 82.2 5.02998 1.85
      vertex 85.4 6.55996 4.5
      vertex 82.2 6.55996 4.5
    endloop
  endfacet
  facet normal 0 -0.866025 0.5
    outer loop
      vertex 85.4 6.55996 4.5
      vertex 82.2 5.02998 1.85
      vertex 85.4 5.02998 1.85
    endloop
  endfacet
  facet normal -0 0 1
    outer loop
      vertex 0 79 53
      vertex 7 72 53
      vertex 7 79 53
    endloop
  endfacet
  facet normal 0 0 1
    outer loop
      vertex 7 72 53
      vertex 0 79 53
      vertex 0 72 53
    endloop
  endfacet
  facet normal 1 0 0
    outer loop
      vertex 7 76.9376 48.3107
      vertex 7 79 53
      vertex 7 76.95 48.5
    endloop
  endfacet
  facet normal 1 0 0
    outer loop
      vertex 7 79 53
      vertex 7 76.9376 48.6893
      vertex 7 76.95 48.5
    endloop
  endfacet
  facet normal 1 0 0
    outer loop
      vertex 7 79 53
      vertex 7 76.9006 48.8753
      vertex 7 76.9376 48.6893
    endloop
  endfacet
  facet normal 1 0 0
    outer loop
      vertex 7 79 53
      vertex 7 76.8396 49.0549
      vertex 7 76.9006 48.8753
    endloop
  endfacet
  facet normal 1 0 0
    outer loop
      vertex 7 79 53
      vertex 7 76.7557 49.225
      vertex 7 76.8396 49.0549
    endloop
  endfacet
  facet normal 1 0 0
    outer loop
      vertex 7 79 53
      vertex 7 76.6504 49.3827
      vertex 7 76.7557 49.225
    endloop
  endfacet
  facet normal 1 0 0
    outer loop
      vertex 7 79 53
      vertex 7 76.5253 49.5253
      vertex 7 76.6504 49.3827
    endloop
  endfacet
  facet normal 1 0 0
    outer loop
      vertex 7 79 53
      vertex 7 76.3827 49.6504
      vertex 7 76.5253 49.5253
    endloop
  endfacet
  facet normal 1 0 0
    outer loop
      vertex 7 79 53
      vertex 7 76.225 49.7557
      vertex 7 76.3827 49.6504
    endloop
  endfacet
  facet normal 1 0 0
    outer loop
      vertex 7 79 53
      vertex 7 76.0549 49.8396
      vertex 7 76.225 49.7557
    endloop
  endfacet
  facet normal 1 0 0
    outer loop
      vertex 7 79 53
      vertex 7 75.8753 49.9006
      vertex 7 76.0549 49.8396
    endloop
  endfacet
  facet normal 1 0 0
    outer loop
      vertex 7 79 53
      vertex 7 75.6893 49.9376
      vertex 7 75.8753 49.9006
    endloop
  endfacet
  facet normal 1 0 0
    outer loop
      vertex 7 79 53
      vertex 7 75.5 49.95
      vertex 7 75.6893 49.9376
    endloop
  endfacet
  facet normal 1 -0 0
    outer loop
      vertex 7 72 53
      vertex 7 75.5 49.95
      vertex 7 79 53
    endloop
  endfacet
  facet normal 1 0 0
    outer loop
      vertex 7 75.5 49.95
      vertex 7 72 53
      vertex 7 75.3107 49.9376
    endloop
  endfacet
  facet normal 1 0 0
    outer loop
      vertex 7 75.3107 49.9376
      vertex 7 72 53
      vertex 7 75.1247 49.9006
    endloop
  endfacet
  facet normal 1 0 0
    outer loop
      vertex 7 75.1247 49.9006
      vertex 7 72 53
      vertex 7 74.9451 49.8396
    endloop
  endfacet
  facet normal 1 0 0
    outer loop
      vertex 7 74.9451 49.8396
      vertex 7 72 53
      vertex 7 74.775 49.7557
    endloop
  endfacet
  facet normal 1 0 0
    outer loop
      vertex 7 74.0624 48.6893
      vertex 7 72 53
      vertex 7 74.05 48.5
    endloop
  endfacet
  facet normal 1 0 0
    outer loop
      vertex 7 74.0994 48.8753
      vertex 7 72 53
      vertex 7 74.0624 48.6893
    endloop
  endfacet
  facet normal 1 0 0
    outer loop
      vertex 7 74.1604 49.0549
      vertex 7 72 53
      vertex 7 74.0994 48.8753
    endloop
  endfacet
  facet normal 1 0 0
    outer loop
      vertex 7 74.2443 49.225
      vertex 7 72 53
      vertex 7 74.1604 49.0549
    endloop
  endfacet
  facet normal 1 0 0
    outer loop
      vertex 7 74.3496 49.3827
      vertex 7 72 53
      vertex 7 74.2443 49.225
    endloop
  endfacet
  facet normal 1 0 0
    outer loop
      vertex 7 74.4747 49.5253
      vertex 7 72 53
      vertex 7 74.3496 49.3827
    endloop
  endfacet
  facet normal 1 0 0
    outer loop
      vertex 7 74.6173 49.6504
      vertex 7 72 53
      vertex 7 74.4747 49.5253
    endloop
  endfacet
  facet normal 1 0 0
    outer loop
      vertex 7 74.775 49.7557
      vertex 7 72 53
      vertex 7 74.6173 49.6504
    endloop
  endfacet
  facet normal 1 0 0
    outer loop
      vertex 7 79 53
      vertex 7 76.9376 48.3107
      vertex 7 79 40.5
    endloop
  endfacet
  facet normal 1 -0 0
    outer loop
      vertex 7 76.9006 48.1247
      vertex 7 79 40.5
      vertex 7 76.9376 48.3107
    endloop
  endfacet
  facet normal 1 -0 0
    outer loop
      vertex 7 76.8396 47.9451
      vertex 7 79 40.5
      vertex 7 76.9006 48.1247
    endloop
  endfacet
  facet normal 1 -0 0
    outer loop
      vertex 7 76.7557 47.775
      vertex 7 79 40.5
      vertex 7 76.8396 47.9451
    endloop
  endfacet
  facet normal 1 -0 0
    outer loop
      vertex 7 76.6504 47.6173
      vertex 7 79 40.5
      vertex 7 76.7557 47.775
    endloop
  endfacet
  facet normal 1 -0 0
    outer loop
      vertex 7 76.5253 47.4747
      vertex 7 79 40.5
      vertex 7 76.6504 47.6173
    endloop
  endfacet
  facet normal 1 -0 0
    outer loop
      vertex 7 76.3827 47.3496
      vertex 7 79 40.5
      vertex 7 76.5253 47.4747
    endloop
  endfacet
  facet normal 1 -0 0
    outer loop
      vertex 7 76.225 47.2443
      vertex 7 79 40.5
      vertex 7 76.3827 47.3496
    endloop
  endfacet
  facet normal 1 -0 0
    outer loop
      vertex 7 76.0549 47.1604
      vertex 7 79 40.5
      vertex 7 76.225 47.2443
    endloop
  endfacet
  facet normal 1 -0 0
    outer loop
      vertex 7 75.8753 47.0994
      vertex 7 79 40.5
      vertex 7 76.0549 47.1604
    endloop
  endfacet
  facet normal 1 -0 0
    outer loop
      vertex 7 75.6893 47.0624
      vertex 7 79 40.5
      vertex 7 75.8753 47.0994
    endloop
  endfacet
  facet normal 1 -0 0
    outer loop
      vertex 7 75.5 47.05
      vertex 7 79 40.5
      vertex 7 75.6893 47.0624
    endloop
  endfacet
  facet normal 1 0 0
    outer loop
      vertex 7 72 40.5
      vertex 7 75.5 47.05
      vertex 7 75.3107 47.0624
    endloop
  endfacet
  facet normal 1 0 0
    outer loop
      vertex 7 72 40.5
      vertex 7 75.3107 47.0624
      vertex 7 75.1247 47.0994
    endloop
  endfacet
  facet normal 1 0 0
    outer loop
      vertex 7 72 40.5
      vertex 7 75.1247 47.0994
      vertex 7 74.9451 47.1604
    endloop
  endfacet
  facet normal 1 0 0
    outer loop
      vertex 7 72 40.5
      vertex 7 74.9451 47.1604
      vertex 7 74.775 47.2443
    endloop
  endfacet
  facet normal 1 0 0
    outer loop
      vertex 7 72 40.5
      vertex 7 74.775 47.2443
      vertex 7 74.6173 47.3496
    endloop
  endfacet
  facet normal 1 0 0
    outer loop
      vertex 7 72 40.5
      vertex 7 74.6173 47.3496
      vertex 7 74.4747 47.4747
    endloop
  endfacet
  facet normal 1 0 0
    outer loop
      vertex 7 72 40.5
      vertex 7 74.4747 47.4747
      vertex 7 74.3496 47.6173
    endloop
  endfacet
  facet normal 1 0 0
    outer loop
      vertex 7 72 40.5
      vertex 7 74.3496 47.6173
      vertex 7 74.2443 47.775
    endloop
  endfacet
  facet normal 1 0 0
    outer loop
      vertex 7 72 53
      vertex 7 74.0624 48.3107
      vertex 7 74.05 48.5
    endloop
  endfacet
  facet normal 1 0 0
    outer loop
      vertex 7 72 40.5
      vertex 7 74.0624 48.3107
      vertex 7 72 53
    endloop
  endfacet
  facet normal 1 0 0
    outer loop
      vertex 7 74.0624 48.3107
      vertex 7 72 40.5
      vertex 7 74.0994 48.1247
    endloop
  endfacet
  facet normal 1 0 0
    outer loop
      vertex 7 75.5 47.05
      vertex 7 72 40.5
      vertex 7 79 40.5
    endloop
  endfacet
  facet normal 1 0 0
    outer loop
      vertex 7 74.1604 47.9451
      vertex 7 72 40.5
      vertex 7 74.2443 47.775
    endloop
  endfacet
  facet normal 1 0 0
    outer loop
      vertex 7 74.0994 48.1247
      vertex 7 72 40.5
      vertex 7 74.1604 47.9451
    endloop
  endfacet
  facet normal 0 -1 -0
    outer loop
      vertex 67.187 79 35.4952
      vertex 65.4967 79 8.8497
      vertex 67.4967 79 35.6003
    endloop
  endfacet
  facet normal 0 -1 0
    outer loop
      vertex 78.7233 79 35.6003
      vertex 81.9937 79 9.01861
      vertex 82.32 79 9.04
    endloop
  endfacet
  facet normal 0 -1 0
    outer loop
      vertex 65.79 79 8.70506
      vertex 67.4967 79 35.6003
      vertex 65.4967 79 8.8497
    endloop
  endfacet
  facet normal 0 -1 0
    outer loop
      vertex 78.7233 79 35.6003
      vertex 81.673 79 8.95481
      vertex 81.9937 79 9.01861
    endloop
  endfacet
  facet normal 0 -1 -0
    outer loop
      vertex 67.4967 79 35.6003
      vertex 65.79 79 8.70506
      vertex 78.7233 79 35.6003
    endloop
  endfacet
  facet normal 0 -1 0
    outer loop
      vertex 78.7233 79 35.6003
      vertex 81.3633 79 8.8497
      vertex 81.673 79 8.95481
    endloop
  endfacet
  facet normal 0 -1 0
    outer loop
      vertex 81.07 79 8.70506
      vertex 78.7233 79 35.6003
      vertex 65.79 79 8.70506
    endloop
  endfacet
  facet normal 0 -1 0
    outer loop
      vertex 78.7233 79 35.6003
      vertex 81.07 79 8.70506
      vertex 81.3633 79 8.8497
    endloop
  endfacet
  facet normal 0 -1 0
    outer loop
      vertex 66.0619 79 8.52338
      vertex 81.07 79 8.70506
      vertex 65.79 79 8.70506
    endloop
  endfacet
  facet normal 0 -1 0
    outer loop
      vertex 66.0619 79 8.52338
      vertex 80.7981 79 8.52338
      vertex 81.07 79 8.70506
    endloop
  endfacet
  facet normal 0 -1 0
    outer loop
      vertex 66.3078 79 8.30777
      vertex 80.7981 79 8.52338
      vertex 66.0619 79 8.52338
    endloop
  endfacet
  facet normal 0 -1 0
    outer loop
      vertex 66.3078 79 8.30777
      vertex 80.5522 79 8.30777
      vertex 80.7981 79 8.52338
    endloop
  endfacet
  facet normal 0 -1 0
    outer loop
      vertex 66.5234 79 8.0619
      vertex 80.5522 79 8.30777
      vertex 66.3078 79 8.30777
    endloop
  endfacet
  facet normal 0 -1 0
    outer loop
      vertex 66.5234 79 8.0619
      vertex 80.3366 79 8.0619
      vertex 80.5522 79 8.30777
    endloop
  endfacet
  facet normal 0 -1 0
    outer loop
      vertex 66.7051 79 7.79
      vertex 80.3366 79 8.0619
      vertex 66.5234 79 8.0619
    endloop
  endfacet
  facet normal 0 -1 0
    outer loop
      vertex 66.7051 79 7.79
      vertex 80.1549 79 7.79
      vertex 80.3366 79 8.0619
    endloop
  endfacet
  facet normal 0 -1 0
    outer loop
      vertex 66.8497 79 7.49671
      vertex 80.1549 79 7.79
      vertex 66.7051 79 7.79
    endloop
  endfacet
  facet normal 0 -1 0
    outer loop
      vertex 66.8497 79 7.49671
      vertex 80.0103 79 7.49671
      vertex 80.1549 79 7.79
    endloop
  endfacet
  facet normal 0 -1 0
    outer loop
      vertex 66.9548 79 7.18705
      vertex 80.0103 79 7.49671
      vertex 66.8497 79 7.49671
    endloop
  endfacet
  facet normal 0 -1 0
    outer loop
      vertex 66.9548 79 7.18705
      vertex 79.9052 79 7.18705
      vertex 80.0103 79 7.49671
    endloop
  endfacet
  facet normal 0 -1 0
    outer loop
      vertex 67.0186 79 6.86631
      vertex 79.9052 79 7.18705
      vertex 66.9548 79 7.18705
    endloop
  endfacet
  facet normal 0 -1 0
    outer loop
      vertex 67.0186 79 6.86631
      vertex 79.8414 79 6.86631
      vertex 79.9052 79 7.18705
    endloop
  endfacet
  facet normal 0 -1 0
    outer loop
      vertex 67.04 79 6.54
      vertex 79.8414 79 6.86631
      vertex 67.0186 79 6.86631
    endloop
  endfacet
  facet normal 0 -1 0
    outer loop
      vertex 67.04 79 6.54
      vertex 79.82 79 6.54
      vertex 79.8414 79 6.86631
    endloop
  endfacet
  facet normal 0 -1 0
    outer loop
      vertex 67.0186 79 6.21368
      vertex 79.82 79 6.54
      vertex 67.04 79 6.54
    endloop
  endfacet
  facet normal 0 -1 0
    outer loop
      vertex 67.0186 79 6.21368
      vertex 79.8414 79 6.21368
      vertex 79.82 79 6.54
    endloop
  endfacet
  facet normal 0 -1 0
    outer loop
      vertex 66.9548 79 5.89295
      vertex 79.8414 79 6.21368
      vertex 67.0186 79 6.21368
    endloop
  endfacet
  facet normal 0 -1 0
    outer loop
      vertex 66.9548 79 5.89295
      vertex 79.9052 79 5.89295
      vertex 79.8414 79 6.21368
    endloop
  endfacet
  facet normal 0 -1 0
    outer loop
      vertex 66.8497 79 5.58329
      vertex 79.9052 79 5.89295
      vertex 66.9548 79 5.89295
    endloop
  endfacet
  facet normal 0 -1 0
    outer loop
      vertex 66.8497 79 5.58329
      vertex 80.0103 79 5.58329
      vertex 79.9052 79 5.89295
    endloop
  endfacet
  facet normal 0 -1 0
    outer loop
      vertex 66.7051 79 5.29
      vertex 80.0103 79 5.58329
      vertex 66.8497 79 5.58329
    endloop
  endfacet
  facet normal 0 -1 0
    outer loop
      vertex 66.7051 79 5.29
      vertex 80.1549 79 5.29
      vertex 80.0103 79 5.58329
    endloop
  endfacet
  facet normal 0 -1 0
    outer loop
      vertex 66.5234 79 5.0181
      vertex 80.1549 79 5.29
      vertex 66.7051 79 5.29
    endloop
  endfacet
  facet normal 0 -1 0
    outer loop
      vertex 66.5234 79 5.0181
      vertex 80.3366 79 5.0181
      vertex 80.1549 79 5.29
    endloop
  endfacet
  facet normal 0 -1 0
    outer loop
      vertex 66.3078 79 4.77223
      vertex 80.3366 79 5.0181
      vertex 66.5234 79 5.0181
    endloop
  endfacet
  facet normal 0 -1 0
    outer loop
      vertex 66.3078 79 4.77223
      vertex 80.5522 79 4.77223
      vertex 80.3366 79 5.0181
    endloop
  endfacet
  facet normal 0 -1 0
    outer loop
      vertex 66.0619 79 4.55662
      vertex 80.5522 79 4.77223
      vertex 66.3078 79 4.77223
    endloop
  endfacet
  facet normal 0 -1 0
    outer loop
      vertex 66.0619 79 4.55662
      vertex 80.7981 79 4.55662
      vertex 80.5522 79 4.77223
    endloop
  endfacet
  facet normal 0 -1 0
    outer loop
      vertex 84.5 79 0
      vertex 66.0619 79 4.55662
      vertex 65.79 79 4.37494
    endloop
  endfacet
  facet normal 0 -1 0
    outer loop
      vertex 66.0619 79 4.55662
      vertex 84.5 79 0
      vertex 80.7981 79 4.55662
    endloop
  endfacet
  facet normal 0 -1 0
    outer loop
      vertex 84.5 79 0
      vertex 65.79 79 4.37494
      vertex 65.4967 79 4.2303
    endloop
  endfacet
  facet normal 0 -1 0
    outer loop
      vertex 80.7981 79 4.55662
      vertex 84.5 79 0
      vertex 81.07 79 4.37494
    endloop
  endfacet
  facet normal 0 -1 0
    outer loop
      vertex 59 79 0
      vertex 65.4967 79 4.2303
      vertex 65.187 79 4.12519
    endloop
  endfacet
  facet normal 0 -1 0
    outer loop
      vertex 81.07 79 4.37494
      vertex 84.5 79 0
      vertex 81.3633 79 4.2303
    endloop
  endfacet
  facet normal 0 -1 0
    outer loop
      vertex 59 79 0
      vertex 65.187 79 4.12519
      vertex 64.8663 79 4.06139
    endloop
  endfacet
  facet normal 0 -1 0
    outer loop
      vertex 81.3633 79 4.2303
      vertex 84.5 79 0
      vertex 81.673 79 4.12519
    endloop
  endfacet
  facet normal 0 -1 0
    outer loop
      vertex 59 79 0
      vertex 64.8663 79 4.06139
      vertex 64.54 79 4.04
    endloop
  endfacet
  facet normal 0 -1 0
    outer loop
      vertex 81.673 79 4.12519
      vertex 84.5 79 0
      vertex 81.9937 79 4.06139
    endloop
  endfacet
  facet normal 0 -1 0
    outer loop
      vertex 55.8 79 34.8
      vertex 7 79 40.5
      vertex 4.2 79 34.8
    endloop
  endfacet
  facet normal 0 -1 0
    outer loop
      vertex 7 79 40.5
      vertex 55.8 79 34.8
      vertex 55.8 79 36
    endloop
  endfacet
  facet normal 0 -1 0
    outer loop
      vertex 67.4967 79 40.2197
      vertex 79 79 53
      vertex 67.187 79 40.3248
    endloop
  endfacet
  facet normal 0 -1 0
    outer loop
      vertex 79 79 44
      vertex 79.3537 79 40.3886
      vertex 79.68 79 40.41
    endloop
  endfacet
  facet normal 0 -1 -0
    outer loop
      vertex 79 79 53
      vertex 67.4967 79 40.2197
      vertex 79 79 44
    endloop
  endfacet
  facet normal 0 -1 0
    outer loop
      vertex 79 79 44
      vertex 79.033 79 40.3248
      vertex 79.3537 79 40.3886
    endloop
  endfacet
  facet normal 0 -1 0
    outer loop
      vertex 67.79 79 40.0751
      vertex 79 79 44
      vertex 67.4967 79 40.2197
    endloop
  endfacet
  facet normal 0 -1 -0
    outer loop
      vertex 79 79 44
      vertex 78.7233 79 40.2197
      vertex 79.033 79 40.3248
    endloop
  endfacet
  facet normal 0 -1 0
    outer loop
      vertex 68.0619 79 39.8934
      vertex 79 79 44
      vertex 67.79 79 40.0751
    endloop
  endfacet
  facet normal 0 -1 0
    outer loop
      vertex 79 79 44
      vertex 78.43 79 40.0751
      vertex 78.7233 79 40.2197
    endloop
  endfacet
  facet normal 0 -1 0
    outer loop
      vertex 68.3078 79 39.6778
      vertex 79 79 44
      vertex 68.0619 79 39.8934
    endloop
  endfacet
  facet normal 0 -1 0
    outer loop
      vertex 79 79 44
      vertex 78.1581 79 39.8934
      vertex 78.43 79 40.0751
    endloop
  endfacet
  facet normal 0 -1 0
    outer loop
      vertex 68.5234 79 39.4319
      vertex 79 79 44
      vertex 68.3078 79 39.6778
    endloop
  endfacet
  facet normal 0 -1 0
    outer loop
      vertex 79 79 44
      vertex 77.9122 79 39.6778
      vertex 78.1581 79 39.8934
    endloop
  endfacet
  facet normal 0 -1 0
    outer loop
      vertex 77.6966 79 39.4319
      vertex 79 79 44
      vertex 68.5234 79 39.4319
    endloop
  endfacet
  facet normal 0 -1 0
    outer loop
      vertex 79 79 44
      vertex 77.6966 79 39.4319
      vertex 77.9122 79 39.6778
    endloop
  endfacet
  facet normal 0 -1 0
    outer loop
      vertex 68.7051 79 39.16
      vertex 77.6966 79 39.4319
      vertex 68.5234 79 39.4319
    endloop
  endfacet
  facet normal 0 -1 0
    outer loop
      vertex 68.7051 79 39.16
      vertex 77.5149 79 39.16
      vertex 77.6966 79 39.4319
    endloop
  endfacet
  facet normal 0 -1 0
    outer loop
      vertex 68.8497 79 38.8667
      vertex 77.5149 79 39.16
      vertex 68.7051 79 39.16
    endloop
  endfacet
  facet normal 0 -1 0
    outer loop
      vertex 68.8497 79 38.8667
      vertex 77.3703 79 38.8667
      vertex 77.5149 79 39.16
    endloop
  endfacet
  facet normal 0 -1 0
    outer loop
      vertex 68.9548 79 38.557
      vertex 77.3703 79 38.8667
      vertex 68.8497 79 38.8667
    endloop
  endfacet
  facet normal 0 -1 0
    outer loop
      vertex 68.9548 79 38.557
      vertex 77.2652 79 38.557
      vertex 77.3703 79 38.8667
    endloop
  endfacet
  facet normal 0 -1 0
    outer loop
      vertex 69.0186 79 38.2363
      vertex 77.2652 79 38.557
      vertex 68.9548 79 38.557
    endloop
  endfacet
  facet normal 0 -1 0
    outer loop
      vertex 69.0186 79 38.2363
      vertex 77.2014 79 38.2363
      vertex 77.2652 79 38.557
    endloop
  endfacet
  facet normal 0 -1 0
    outer loop
      vertex 69.04 79 37.91
      vertex 77.2014 79 38.2363
      vertex 69.0186 79 38.2363
    endloop
  endfacet
  facet normal 0 -1 0
    outer loop
      vertex 69.04 79 37.91
      vertex 77.18 79 37.91
      vertex 77.2014 79 38.2363
    endloop
  endfacet
  facet normal 0 -1 0
    outer loop
      vertex 69.0186 79 37.5837
      vertex 77.18 79 37.91
      vertex 69.04 79 37.91
    endloop
  endfacet
  facet normal 0 -1 0
    outer loop
      vertex 69.0186 79 37.5837
      vertex 77.2014 79 37.5837
      vertex 77.18 79 37.91
    endloop
  endfacet
  facet normal 0 -1 0
    outer loop
      vertex 68.9548 79 37.263
      vertex 77.2014 79 37.5837
      vertex 69.0186 79 37.5837
    endloop
  endfacet
  facet normal 0 -1 0
    outer loop
      vertex 68.9548 79 37.263
      vertex 77.2652 79 37.263
      vertex 77.2014 79 37.5837
    endloop
  endfacet
  facet normal 0 -1 0
    outer loop
      vertex 68.8497 79 36.9533
      vertex 77.2652 79 37.263
      vertex 68.9548 79 37.263
    endloop
  endfacet
  facet normal 0 -1 0
    outer loop
      vertex 68.8497 79 36.9533
      vertex 77.3703 79 36.9533
      vertex 77.2652 79 37.263
    endloop
  endfacet
  facet normal 0 -1 0
    outer loop
      vertex 68.7051 79 36.66
      vertex 77.3703 79 36.9533
      vertex 68.8497 79 36.9533
    endloop
  endfacet
  facet normal 0 -1 0
    outer loop
      vertex 68.7051 79 36.66
      vertex 77.5149 79 36.66
      vertex 77.3703 79 36.9533
    endloop
  endfacet
  facet normal 0 -1 0
    outer loop
      vertex 68.5234 79 36.3881
      vertex 77.5149 79 36.66
      vertex 68.7051 79 36.66
    endloop
  endfacet
  facet normal 0 -1 0
    outer loop
      vertex 68.5234 79 36.3881
      vertex 77.6966 79 36.3881
      vertex 77.5149 79 36.66
    endloop
  endfacet
  facet normal 0 -1 0
    outer loop
      vertex 68.3078 79 36.1422
      vertex 77.6966 79 36.3881
      vertex 68.5234 79 36.3881
    endloop
  endfacet
  facet normal 0 -1 0
    outer loop
      vertex 68.3078 79 36.1422
      vertex 77.9122 79 36.1422
      vertex 77.6966 79 36.3881
    endloop
  endfacet
  facet normal 0 -1 0
    outer loop
      vertex 68.0619 79 35.9266
      vertex 77.9122 79 36.1422
      vertex 68.3078 79 36.1422
    endloop
  endfacet
  facet normal 0 -1 0
    outer loop
      vertex 68.0619 79 35.9266
      vertex 78.1581 79 35.9266
      vertex 77.9122 79 36.1422
    endloop
  endfacet
  facet normal 0 -1 0
    outer loop
      vertex 67.79 79 35.7449
      vertex 78.1581 79 35.9266
      vertex 68.0619 79 35.9266
    endloop
  endfacet
  facet normal 0 -1 0
    outer loop
      vertex 67.79 79 35.7449
      vertex 78.43 79 35.7449
      vertex 78.1581 79 35.9266
    endloop
  endfacet
  facet normal 0 -1 0
    outer loop
      vertex 67.4967 79 35.6003
      vertex 78.43 79 35.7449
      vertex 67.79 79 35.7449
    endloop
  endfacet
  facet normal 0 -1 0
    outer loop
      vertex 67.4967 79 35.6003
      vertex 78.7233 79 35.6003
      vertex 78.43 79 35.7449
    endloop
  endfacet
  facet normal 0 -1 0
    outer loop
      vertex 65.187 79 8.95481
      vertex 66.8663 79 35.4314
      vertex 64.8663 79 9.01861
    endloop
  endfacet
  facet normal 0 -1 -0
    outer loop
      vertex 66.8663 79 35.4314
      vertex 65.187 79 8.95481
      vertex 67.187 79 35.4952
    endloop
  endfacet
  facet normal 0 -1 -0
    outer loop
      vertex 66.54 79 35.41
      vertex 64.8663 79 9.01861
      vertex 66.8663 79 35.4314
    endloop
  endfacet
  facet normal 0 -1 0
    outer loop
      vertex 65.4967 79 8.8497
      vertex 67.187 79 35.4952
      vertex 65.187 79 8.95481
    endloop
  endfacet
  facet normal 0 -1 0
    outer loop
      vertex 64.8663 79 9.01861
      vertex 66.54 79 35.41
      vertex 64.54 79 9.04
    endloop
  endfacet
  facet normal 0 -1 0
    outer loop
      vertex 78.7233 79 35.6003
      vertex 82.32 79 9.04
      vertex 79.033 79 35.4952
    endloop
  endfacet
  facet normal 0 -1 0
    outer loop
      vertex 1 79 36
      vertex 3.5 79 44
      vertex 0 79 44
    endloop
  endfacet
  facet normal 0 -1 0
    outer loop
      vertex 67.187 79 40.3248
      vertex 79 79 53
      vertex 66.8663 79 40.3886
    endloop
  endfacet
  facet normal 0 -1 0
    outer loop
      vertex 7 79 53
      vertex 66.2137 79 40.3886
      vertex 66.54 79 40.41
    endloop
  endfacet
  facet normal 0 -1 0
    outer loop
      vertex 7 79 53
      vertex 65.893 79 40.3248
      vertex 66.2137 79 40.3886
    endloop
  endfacet
  facet normal 0 -1 0
    outer loop
      vertex 7 79 53
      vertex 65.5833 79 40.2197
      vertex 65.893 79 40.3248
    endloop
  endfacet
  facet normal 0 -1 0
    outer loop
      vertex 7 79 53
      vertex 65.29 79 40.0751
      vertex 65.5833 79 40.2197
    endloop
  endfacet
  facet normal 0 -1 0
    outer loop
      vertex 7 79 53
      vertex 55.8 79 36
      vertex 65.29 79 40.0751
    endloop
  endfacet
  facet normal 0 -1 0
    outer loop
      vertex 65.29 79 40.0751
      vertex 55.8 79 36
      vertex 65.0181 79 39.8934
    endloop
  endfacet
  facet normal 0 -1 0
    outer loop
      vertex 65.0181 79 39.8934
      vertex 55.8 79 36
      vertex 64.7722 79 39.6778
    endloop
  endfacet
  facet normal 0 -1 0
    outer loop
      vertex 57 79 36
      vertex 64.7722 79 39.6778
      vertex 55.8 79 36
    endloop
  endfacet
  facet normal 0 -1 0
    outer loop
      vertex 64.7722 79 39.6778
      vertex 57 79 36
      vertex 64.5566 79 39.4319
    endloop
  endfacet
  facet normal 0 -1 0
    outer loop
      vertex 59 79 36
      vertex 64.5566 79 39.4319
      vertex 57 79 36
    endloop
  endfacet
  facet normal 0 -1 0
    outer loop
      vertex 64.5566 79 39.4319
      vertex 59 79 36
      vertex 64.3749 79 39.16
    endloop
  endfacet
  facet normal 0 -1 0
    outer loop
      vertex 64.3749 79 39.16
      vertex 59 79 36
      vertex 64.2303 79 38.8667
    endloop
  endfacet
  facet normal 0 -1 0
    outer loop
      vertex 64.2303 79 38.8667
      vertex 59 79 36
      vertex 64.1252 79 38.557
    endloop
  endfacet
  facet normal 0 -1 0
    outer loop
      vertex 64.1252 79 38.557
      vertex 59 79 36
      vertex 64.0614 79 38.2363
    endloop
  endfacet
  facet normal 0 -1 0
    outer loop
      vertex 64.0614 79 38.2363
      vertex 59 79 36
      vertex 64.04 79 37.91
    endloop
  endfacet
  facet normal 0 -1 -0
    outer loop
      vertex 64.04 79 37.91
      vertex 59 79 36
      vertex 64.0614 79 37.5837
    endloop
  endfacet
  facet normal 0 -1 -0
    outer loop
      vertex 64.0614 79 37.5837
      vertex 59 79 36
      vertex 64.1252 79 37.263
    endloop
  endfacet
  facet normal 0 -1 -0
    outer loop
      vertex 64.1252 79 37.263
      vertex 59 79 36
      vertex 64.2303 79 36.9533
    endloop
  endfacet
  facet normal 0 -1 -0
    outer loop
      vertex 3.5 79 44
      vertex 3 79 36
      vertex 7 79 40.5
    endloop
  endfacet
  facet normal 0 -1 0
    outer loop
      vertex 3.5 79 44
      vertex 1 79 36
      vertex 3 79 36
    endloop
  endfacet
  facet normal 0 -1 0
    outer loop
      vertex 0 79 1.5
      vertex 1 79 36
      vertex 0 79 44
    endloop
  endfacet
  facet normal 0 -1 -0
    outer loop
      vertex 1 79 36
      vertex 0 79 1.5
      vertex 1 79 1.5
    endloop
  endfacet
  facet normal 0 -1 0
    outer loop
      vertex 66.54 79 40.41
      vertex 79 79 53
      vertex 7 79 53
    endloop
  endfacet
  facet normal 0 -1 0
    outer loop
      vertex 55.8 79 36
      vertex 7 79 53
      vertex 7 79 40.5
    endloop
  endfacet
  facet normal 0 -1 0
    outer loop
      vertex 66.8663 79 40.3886
      vertex 79 79 53
      vertex 66.54 79 40.41
    endloop
  endfacet
  facet normal 0 -1 0
    outer loop
      vertex 79 79 44
      vertex 86 79 40.5
      vertex 82.5 79 44
    endloop
  endfacet
  facet normal 0 -1 0
    outer loop
      vertex 7 79 53
      vertex 0 79 56
      vertex 0 79 53
    endloop
  endfacet
  facet normal 0 -1 0
    outer loop
      vertex 0 79 56
      vertex 7 79 53
      vertex 86 79 56
    endloop
  endfacet
  facet normal 0 -1 0
    outer loop
      vertex 79 79 53
      vertex 86 79 56
      vertex 7 79 53
    endloop
  endfacet
  facet normal 0 -1 -0
    outer loop
      vertex 86 79 56
      vertex 79 79 53
      vertex 86 79 53
    endloop
  endfacet
  facet normal 0 -1 0
    outer loop
      vertex 80.0063 79 40.3886
      vertex 79 79 44
      vertex 79.68 79 40.41
    endloop
  endfacet
  facet normal 0 -1 0
    outer loop
      vertex 80.327 79 40.3248
      vertex 79 79 44
      vertex 80.0063 79 40.3886
    endloop
  endfacet
  facet normal 0 -1 0
    outer loop
      vertex 80.6367 79 40.2197
      vertex 79 79 44
      vertex 80.327 79 40.3248
    endloop
  endfacet
  facet normal 0 -1 0
    outer loop
      vertex 80.93 79 40.0751
      vertex 79 79 44
      vertex 80.6367 79 40.2197
    endloop
  endfacet
  facet normal 0 -1 0
    outer loop
      vertex 79 79 44
      vertex 80.93 79 40.0751
      vertex 86 79 40.5
    endloop
  endfacet
  facet normal 0 -1 0
    outer loop
      vertex 81.2019 79 39.8934
      vertex 86 79 40.5
      vertex 80.93 79 40.0751
    endloop
  endfacet
  facet normal 0 -1 0
    outer loop
      vertex 81.4478 79 39.6778
      vertex 86 79 40.5
      vertex 81.2019 79 39.8934
    endloop
  endfacet
  facet normal 0 -1 0
    outer loop
      vertex 81.6634 79 39.4319
      vertex 86 79 40.5
      vertex 81.4478 79 39.6778
    endloop
  endfacet
  facet normal 0 -1 0
    outer loop
      vertex 81.8451 79 39.16
      vertex 86 79 40.5
      vertex 81.6634 79 39.4319
    endloop
  endfacet
  facet normal 0 -1 0
    outer loop
      vertex 81.9897 79 38.8667
      vertex 86 79 40.5
      vertex 81.8451 79 39.16
    endloop
  endfacet
  facet normal 0 -1 0
    outer loop
      vertex 82.0948 79 38.557
      vertex 86 79 40.5
      vertex 81.9897 79 38.8667
    endloop
  endfacet
  facet normal 0 -1 0
    outer loop
      vertex 82.1586 79 38.2363
      vertex 86 79 40.5
      vertex 82.0948 79 38.557
    endloop
  endfacet
  facet normal 0 -1 0
    outer loop
      vertex 82.18 79 37.91
      vertex 86 79 40.5
      vertex 82.1586 79 38.2363
    endloop
  endfacet
  facet normal 0 -1 0
    outer loop
      vertex 82.1586 79 37.5837
      vertex 86 79 40.5
      vertex 82.18 79 37.91
    endloop
  endfacet
  facet normal 0 -1 0
    outer loop
      vertex 82.0948 79 37.263
      vertex 86 79 40.5
      vertex 82.1586 79 37.5837
    endloop
  endfacet
  facet normal 0 -1 0
    outer loop
      vertex 81.9897 79 36.9533
      vertex 86 79 40.5
      vertex 82.0948 79 37.263
    endloop
  endfacet
  facet normal 0 -1 0
    outer loop
      vertex 81.8451 79 36.66
      vertex 86 79 40.5
      vertex 81.9897 79 36.9533
    endloop
  endfacet
  facet normal 0 -1 0
    outer loop
      vertex 81.6634 79 36.3881
      vertex 86 79 40.5
      vertex 81.8451 79 36.66
    endloop
  endfacet
  facet normal 0 -1 0
    outer loop
      vertex 83.8419 79 8.52338
      vertex 81.6634 79 36.3881
      vertex 81.4478 79 36.1422
    endloop
  endfacet
  facet normal 0 -1 0
    outer loop
      vertex 79.3537 79 35.4314
      vertex 82.32 79 9.04
      vertex 79.68 79 35.41
    endloop
  endfacet
  facet normal 0 -1 0
    outer loop
      vertex 79.68 79 35.41
      vertex 82.32 79 9.04
      vertex 80.0063 79 35.4314
    endloop
  endfacet
  facet normal 0 -1 0
    outer loop
      vertex 80.0063 79 35.4314
      vertex 82.32 79 9.04
      vertex 80.327 79 35.4952
    endloop
  endfacet
  facet normal 0 -1 0
    outer loop
      vertex 82.6463 79 9.01861
      vertex 80.327 79 35.4952
      vertex 82.32 79 9.04
    endloop
  endfacet
  facet normal 0 -1 0
    outer loop
      vertex 80.327 79 35.4952
      vertex 82.6463 79 9.01861
      vertex 80.6367 79 35.6003
    endloop
  endfacet
  facet normal 0 -1 0
    outer loop
      vertex 82.967 79 8.95481
      vertex 80.6367 79 35.6003
      vertex 82.6463 79 9.01861
    endloop
  endfacet
  facet normal 0 -1 0
    outer loop
      vertex 80.6367 79 35.6003
      vertex 82.967 79 8.95481
      vertex 80.93 79 35.7449
    endloop
  endfacet
  facet normal 0 -1 0
    outer loop
      vertex 83.2767 79 8.8497
      vertex 80.93 79 35.7449
      vertex 82.967 79 8.95481
    endloop
  endfacet
  facet normal 0 -1 0
    outer loop
      vertex 80.93 79 35.7449
      vertex 83.2767 79 8.8497
      vertex 81.2019 79 35.9266
    endloop
  endfacet
  facet normal 0 -1 0
    outer loop
      vertex 83.57 79 8.70506
      vertex 81.2019 79 35.9266
      vertex 83.2767 79 8.8497
    endloop
  endfacet
  facet normal 0 -1 0
    outer loop
      vertex 81.2019 79 35.9266
      vertex 83.57 79 8.70506
      vertex 81.4478 79 36.1422
    endloop
  endfacet
  facet normal 0 -1 0
    outer loop
      vertex 83.8419 79 8.52338
      vertex 81.4478 79 36.1422
      vertex 83.57 79 8.70506
    endloop
  endfacet
  facet normal 0 -1 0
    outer loop
      vertex 81.6634 79 36.3881
      vertex 83.8419 79 8.52338
      vertex 84.0878 79 8.30777
    endloop
  endfacet
  facet normal 0 -1 0
    outer loop
      vertex 81.6634 79 36.3881
      vertex 84.0878 79 8.30777
      vertex 86 79 40.5
    endloop
  endfacet
  facet normal 0 -1 0
    outer loop
      vertex 84.3034 79 8.0619
      vertex 86 79 40.5
      vertex 84.0878 79 8.30777
    endloop
  endfacet
  facet normal 0 -1 0
    outer loop
      vertex 84.4851 79 7.79
      vertex 86 79 40.5
      vertex 84.3034 79 8.0619
    endloop
  endfacet
  facet normal 0 -1 0
    outer loop
      vertex 84.6297 79 7.49671
      vertex 86 79 40.5
      vertex 84.4851 79 7.79
    endloop
  endfacet
  facet normal 0 -1 0
    outer loop
      vertex 84.7348 79 7.18705
      vertex 86 79 40.5
      vertex 84.6297 79 7.49671
    endloop
  endfacet
  facet normal 0 -1 0
    outer loop
      vertex 84.7986 79 6.86631
      vertex 86 79 40.5
      vertex 84.7348 79 7.18705
    endloop
  endfacet
  facet normal 0 -1 0
    outer loop
      vertex 86 79 1.5
      vertex 84.7986 79 6.86631
      vertex 84.82 79 6.54
    endloop
  endfacet
  facet normal 0 -1 0
    outer loop
      vertex 84.5 79 1.5
      vertex 82.6463 79 4.06139
      vertex 82.32 79 4.04
    endloop
  endfacet
  facet normal 0 -1 0
    outer loop
      vertex 84.5 79 1.5
      vertex 82.967 79 4.12519
      vertex 82.6463 79 4.06139
    endloop
  endfacet
  facet normal 0 -1 0
    outer loop
      vertex 84.5 79 1.5
      vertex 83.2767 79 4.2303
      vertex 82.967 79 4.12519
    endloop
  endfacet
  facet normal 0 -1 0
    outer loop
      vertex 84.5 79 1.5
      vertex 83.57 79 4.37494
      vertex 83.2767 79 4.2303
    endloop
  endfacet
  facet normal 0 -1 0
    outer loop
      vertex 84.5 79 1.5
      vertex 83.8419 79 4.55662
      vertex 83.57 79 4.37494
    endloop
  endfacet
  facet normal 0 -1 0
    outer loop
      vertex 84.5 79 1.5
      vertex 84.0878 79 4.77223
      vertex 83.8419 79 4.55662
    endloop
  endfacet
  facet normal 0 -1 0
    outer loop
      vertex 86 79 1.5
      vertex 84.0878 79 4.77223
      vertex 84.5 79 1.5
    endloop
  endfacet
  facet normal 0 -1 0
    outer loop
      vertex 84.0878 79 4.77223
      vertex 86 79 1.5
      vertex 84.3034 79 5.0181
    endloop
  endfacet
  facet normal 0 -1 0
    outer loop
      vertex 84.3034 79 5.0181
      vertex 86 79 1.5
      vertex 84.4851 79 5.29
    endloop
  endfacet
  facet normal 0 -1 0
    outer loop
      vertex 84.4851 79 5.29
      vertex 86 79 1.5
      vertex 84.6297 79 5.58329
    endloop
  endfacet
  facet normal 0 -1 0
    outer loop
      vertex 84.6297 79 5.58329
      vertex 86 79 1.5
      vertex 84.7348 79 5.89295
    endloop
  endfacet
  facet normal 0 -1 0
    outer loop
      vertex 84.7348 79 5.89295
      vertex 86 79 1.5
      vertex 84.7986 79 6.21368
    endloop
  endfacet
  facet normal 0 -1 0
    outer loop
      vertex 84.7986 79 6.86631
      vertex 86 79 1.5
      vertex 86 79 40.5
    endloop
  endfacet
  facet normal 0 -1 0
    outer loop
      vertex 84.7986 79 6.21368
      vertex 86 79 1.5
      vertex 84.82 79 6.54
    endloop
  endfacet
  facet normal 0 -1 0
    outer loop
      vertex 4.2 79 36
      vertex 7 79 40.5
      vertex 3 79 36
    endloop
  endfacet
  facet normal 0 -1 0
    outer loop
      vertex 4.2 79 34.8
      vertex 7 79 40.5
      vertex 4.2 79 36
    endloop
  endfacet
  facet normal 0 -1 -0
    outer loop
      vertex 64.2303 79 36.9533
      vertex 59 79 36
      vertex 64.3749 79 36.66
    endloop
  endfacet
  facet normal 0 -1 -0
    outer loop
      vertex 64.3749 79 36.66
      vertex 59 79 36
      vertex 64.5566 79 36.3881
    endloop
  endfacet
  facet normal 0 -1 -0
    outer loop
      vertex 64.5566 79 36.3881
      vertex 59 79 36
      vertex 64.7722 79 36.1422
    endloop
  endfacet
  facet normal 0 -1 0
    outer loop
      vertex 59 79 36
      vertex 65.0181 79 35.9266
      vertex 64.7722 79 36.1422
    endloop
  endfacet
  facet normal 0 -1 0
    outer loop
      vertex 59 79 36
      vertex 65.29 79 35.7449
      vertex 65.0181 79 35.9266
    endloop
  endfacet
  facet normal 0 -1 0
    outer loop
      vertex 59 79 36
      vertex 65.5833 79 35.6003
      vertex 65.29 79 35.7449
    endloop
  endfacet
  facet normal 0 -1 0
    outer loop
      vertex 59 79 36
      vertex 65.893 79 35.4952
      vertex 65.5833 79 35.6003
    endloop
  endfacet
  facet normal 0 -1 0
    outer loop
      vertex 64.2137 79 9.01861
      vertex 65.893 79 35.4952
      vertex 59 79 36
    endloop
  endfacet
  facet normal 0 -1 0
    outer loop
      vertex 79.033 79 35.4952
      vertex 82.32 79 9.04
      vertex 79.3537 79 35.4314
    endloop
  endfacet
  facet normal 0 -1 -0
    outer loop
      vertex 66.2137 79 35.4314
      vertex 64.54 79 9.04
      vertex 66.54 79 35.41
    endloop
  endfacet
  facet normal 0 -1 -0
    outer loop
      vertex 65.893 79 35.4952
      vertex 64.2137 79 9.01861
      vertex 66.2137 79 35.4314
    endloop
  endfacet
  facet normal 0 -1 0
    outer loop
      vertex 66.2137 79 35.4314
      vertex 64.2137 79 9.01861
      vertex 64.54 79 9.04
    endloop
  endfacet
  facet normal 0 -1 0
    outer loop
      vertex 59 79 36
      vertex 63.893 79 8.95481
      vertex 64.2137 79 9.01861
    endloop
  endfacet
  facet normal 0 -1 0
    outer loop
      vertex 59 79 36
      vertex 63.5833 79 8.8497
      vertex 63.893 79 8.95481
    endloop
  endfacet
  facet normal 0 -1 0
    outer loop
      vertex 59 79 36
      vertex 63.29 79 8.70506
      vertex 63.5833 79 8.8497
    endloop
  endfacet
  facet normal 0 -1 0
    outer loop
      vertex 59 79 36
      vertex 63.0181 79 8.52338
      vertex 63.29 79 8.70506
    endloop
  endfacet
  facet normal 0 -1 0
    outer loop
      vertex 59 79 36
      vertex 62.7722 79 8.30777
      vertex 63.0181 79 8.52338
    endloop
  endfacet
  facet normal 0 -1 0
    outer loop
      vertex 59 79 36
      vertex 62.5566 79 8.0619
      vertex 62.7722 79 8.30777
    endloop
  endfacet
  facet normal 0 -1 0
    outer loop
      vertex 59 79 36
      vertex 62.3749 79 7.79
      vertex 62.5566 79 8.0619
    endloop
  endfacet
  facet normal 0 -1 0
    outer loop
      vertex 59 79 36
      vertex 62.2303 79 7.49671
      vertex 62.3749 79 7.79
    endloop
  endfacet
  facet normal 0 -1 0
    outer loop
      vertex 59 79 36
      vertex 62.1252 79 7.18705
      vertex 62.2303 79 7.49671
    endloop
  endfacet
  facet normal 0 -1 0
    outer loop
      vertex 59 79 0
      vertex 62.1252 79 7.18705
      vertex 59 79 36
    endloop
  endfacet
  facet normal 0 -1 0
    outer loop
      vertex 62.1252 79 7.18705
      vertex 59 79 0
      vertex 62.0614 79 6.86631
    endloop
  endfacet
  facet normal 0 -1 0
    outer loop
      vertex 62.0614 79 6.86631
      vertex 59 79 0
      vertex 62.04 79 6.54
    endloop
  endfacet
  facet normal -0 -1 -0
    outer loop
      vertex 84.5 79 1.5
      vertex 81.9937 79 4.06139
      vertex 84.5 79 0
    endloop
  endfacet
  facet normal 0 -1 0
    outer loop
      vertex 59 79 0
      vertex 64.54 79 4.04
      vertex 64.2137 79 4.06139
    endloop
  endfacet
  facet normal 0 -1 -0
    outer loop
      vertex 62.04 79 6.54
      vertex 59 79 0
      vertex 62.0614 79 6.21368
    endloop
  endfacet
  facet normal 0 -1 0
    outer loop
      vertex 59 79 0
      vertex 62.1252 79 5.89295
      vertex 62.0614 79 6.21368
    endloop
  endfacet
  facet normal 0 -1 0
    outer loop
      vertex 59 79 0
      vertex 62.2303 79 5.58329
      vertex 62.1252 79 5.89295
    endloop
  endfacet
  facet normal 0 -1 0
    outer loop
      vertex 59 79 0
      vertex 62.3749 79 5.29
      vertex 62.2303 79 5.58329
    endloop
  endfacet
  facet normal 0 -1 0
    outer loop
      vertex 59 79 0
      vertex 62.5566 79 5.0181
      vertex 62.3749 79 5.29
    endloop
  endfacet
  facet normal 0 -1 0
    outer loop
      vertex 59 79 0
      vertex 62.7722 79 4.77223
      vertex 62.5566 79 5.0181
    endloop
  endfacet
  facet normal 0 -1 0
    outer loop
      vertex 59 79 0
      vertex 63.0181 79 4.55662
      vertex 62.7722 79 4.77223
    endloop
  endfacet
  facet normal 0 -1 0
    outer loop
      vertex 59 79 0
      vertex 63.29 79 4.37494
      vertex 63.0181 79 4.55662
    endloop
  endfacet
  facet normal 0 -1 0
    outer loop
      vertex 59 79 0
      vertex 63.5833 79 4.2303
      vertex 63.29 79 4.37494
    endloop
  endfacet
  facet normal 0 -1 0
    outer loop
      vertex 59 79 0
      vertex 63.893 79 4.12519
      vertex 63.5833 79 4.2303
    endloop
  endfacet
  facet normal 0 -1 0
    outer loop
      vertex 59 79 0
      vertex 64.2137 79 4.06139
      vertex 63.893 79 4.12519
    endloop
  endfacet
  facet normal 0 -1 -0
    outer loop
      vertex 65.4967 79 4.2303
      vertex 59 79 0
      vertex 84.5 79 0
    endloop
  endfacet
  facet normal 0 -1 0
    outer loop
      vertex 81.9937 79 4.06139
      vertex 84.5 79 1.5
      vertex 82.32 79 4.04
    endloop
  endfacet
  facet normal 0 -1 -0
    outer loop
      vertex 4.2 79 34.8
      vertex 3 79 2
      vertex 55.8 79 34.8
    endloop
  endfacet
  facet normal 0 -1 0
    outer loop
      vertex 4.2 79 34.8
      vertex 3 79 33.6
      vertex 3 79 2
    endloop
  endfacet
  facet normal 0 -1 0
    outer loop
      vertex 57 79 2
      vertex 55.8 79 34.8
      vertex 3 79 2
    endloop
  endfacet
  facet normal -0 -1 -0
    outer loop
      vertex 57 79 33.6
      vertex 55.8 79 34.8
      vertex 57 79 2
    endloop
  endfacet
  facet normal 0 0 -1
    outer loop
      vertex 0 72 44
      vertex 3.5 79 44
      vertex 3.5 72 44
    endloop
  endfacet
  facet normal -0 0 -1
    outer loop
      vertex 3.5 79 44
      vertex 0 72 44
      vertex 0 79 44
    endloop
  endfacet
  facet normal 0 -1 0
    outer loop
      vertex 3.8 72 51.15
      vertex 0 72 53
      vertex 0.599999 72 51.15
    endloop
  endfacet
  facet normal 0 -1 0
    outer loop
      vertex 0 72 53
      vertex 0.599999 72 45.85
      vertex 0.599999 72 51.15
    endloop
  endfacet
  facet normal 0 -1 0
    outer loop
      vertex 3.5 72 44
      vertex 0.599999 72 45.85
      vertex 0 72 44
    endloop
  endfacet
  facet normal 0 -1 0
    outer loop
      vertex 0 72 44
      vertex 0.599999 72 45.85
      vertex 0 72 53
    endloop
  endfacet
  facet normal 0 -1 0
    outer loop
      vertex 0 72 53
      vertex 3.8 72 51.15
      vertex 7 72 53
    endloop
  endfacet
  facet normal 0 -1 0
    outer loop
      vertex 3.8 72 45.85
      vertex 7 72 53
      vertex 3.8 72 51.15
    endloop
  endfacet
  facet normal 0 -1 0
    outer loop
      vertex 0.599999 72 45.85
      vertex 3.5 72 44
      vertex 3.8 72 45.85
    endloop
  endfacet
  facet normal 0 -1 0
    outer loop
      vertex 7 72 40.5
      vertex 3.8 72 45.85
      vertex 3.5 72 44
    endloop
  endfacet
  facet normal 0 -1 0
    outer loop
      vertex 3.8 72 45.85
      vertex 7 72 40.5
      vertex 7 72 53
    endloop
  endfacet
  facet normal -0.707107 0 -0.707107
    outer loop
      vertex 7 72 40.5
      vertex 3.5 79 44
      vertex 7 79 40.5
    endloop
  endfacet
  facet normal -0.707107 -0 -0.707107
    outer loop
      vertex 3.5 79 44
      vertex 7 72 40.5
      vertex 3.5 72 44
    endloop
  endfacet
  facet normal 0 -0.0653644 0.997861
    outer loop
      vertex 0 75.6893 47.0624
      vertex 0.599999 75.5 47.05
      vertex 0.599999 75.6893 47.0624
    endloop
  endfacet
  facet normal 0 -0.0653644 0.997861
    outer loop
      vertex 0.599999 75.5 47.05
      vertex 0 75.6893 47.0624
      vertex 0 75.5 47.05
    endloop
  endfacet
  facet normal 0 -0.0653644 0.997861
    outer loop
      vertex 3.8 75.6893 47.0624
      vertex 7 75.5 47.05
      vertex 7 75.6893 47.0624
    endloop
  endfacet
  facet normal 0 -0.0653644 0.997861
    outer loop
      vertex 7 75.5 47.05
      vertex 3.8 75.6893 47.0624
      vertex 3.8 75.5 47.05
    endloop
  endfacet
  facet normal 0 0.0653644 -0.997861
    outer loop
      vertex 0 75.3107 49.9376
      vertex 0.599999 75.5 49.95
      vertex 0.599999 75.3107 49.9376
    endloop
  endfacet
  facet normal 0 0.0653644 -0.997861
    outer loop
      vertex 0.599999 75.5 49.95
      vertex 0 75.3107 49.9376
      vertex 0 75.5 49.95
    endloop
  endfacet
  facet normal 0 0.0653644 -0.997861
    outer loop
      vertex 3.8 75.3107 49.9376
      vertex 7 75.5 49.95
      vertex 7 75.3107 49.9376
    endloop
  endfacet
  facet normal 0 0.0653644 -0.997861
    outer loop
      vertex 7 75.5 49.95
      vertex 3.8 75.3107 49.9376
      vertex 3.8 75.5 49.95
    endloop
  endfacet
  facet normal 0 -0.997861 -0.0653644
    outer loop
      vertex 0 76.95 48.5
      vertex 0.599999 76.9376 48.6893
      vertex 0 76.9376 48.6893
    endloop
  endfacet
  facet normal 0 -0.997861 -0.0653644
    outer loop
      vertex 0.599999 76.9376 48.6893
      vertex 0 76.95 48.5
      vertex 0.599999 76.95 48.5
    endloop
  endfacet
  facet normal 0 -0.997861 -0.0653644
    outer loop
      vertex 3.8 76.95 48.5
      vertex 7 76.9376 48.6893
      vertex 3.8 76.9376 48.6893
    endloop
  endfacet
  facet normal 0 -0.997861 -0.0653644
    outer loop
      vertex 7 76.9376 48.6893
      vertex 3.8 76.95 48.5
      vertex 7 76.95 48.5
    endloop
  endfacet
  facet normal 0 0.997861 0.0653644
    outer loop
      vertex 0.599999 74.0624 48.3107
      vertex 0 74.05 48.5
      vertex 0.599999 74.05 48.5
    endloop
  endfacet
  facet normal 0 0.997861 0.0653644
    outer loop
      vertex 0 74.05 48.5
      vertex 0.599999 74.0624 48.3107
      vertex 0 74.0624 48.3107
    endloop
  endfacet
  facet normal 0 0.997861 0.0653644
    outer loop
      vertex 7 74.0624 48.3107
      vertex 3.8 74.05 48.5
      vertex 7 74.05 48.5
    endloop
  endfacet
  facet normal 0 0.997861 0.0653644
    outer loop
      vertex 3.8 74.05 48.5
      vertex 7 74.0624 48.3107
      vertex 3.8 74.0624 48.3107
    endloop
  endfacet
  facet normal 0 -0.659474 -0.751727
    outer loop
      vertex 0 76.3827 49.6504
      vertex 0.599999 76.5253 49.5253
      vertex 0.599999 76.3827 49.6504
    endloop
  endfacet
  facet normal -0 -0.659474 -0.751727
    outer loop
      vertex 0.599999 76.5253 49.5253
      vertex 0 76.3827 49.6504
      vertex 0 76.5253 49.5253
    endloop
  endfacet
  facet normal 0 -0.659474 -0.751727
    outer loop
      vertex 3.8 76.3827 49.6504
      vertex 7 76.5253 49.5253
      vertex 7 76.3827 49.6504
    endloop
  endfacet
  facet normal -0 -0.659474 -0.751727
    outer loop
      vertex 7 76.5253 49.5253
      vertex 3.8 76.3827 49.6504
      vertex 3.8 76.5253 49.5253
    endloop
  endfacet
  facet normal 0 -0.896839 -0.442356
    outer loop
      vertex 0 76.8396 49.0549
      vertex 0.599999 76.7557 49.225
      vertex 0 76.7557 49.225
    endloop
  endfacet
  facet normal 0 -0.896839 -0.442356
    outer loop
      vertex 0.599999 76.7557 49.225
      vertex 0 76.8396 49.0549
      vertex 0.599999 76.8396 49.0549
    endloop
  endfacet
  facet normal 0 -0.896839 -0.442356
    outer loop
      vertex 3.8 76.8396 49.0549
      vertex 7 76.7557 49.225
      vertex 3.8 76.7557 49.225
    endloop
  endfacet
  facet normal 0 -0.896839 -0.442356
    outer loop
      vertex 7 76.7557 49.225
      vertex 3.8 76.8396 49.0549
      vertex 7 76.8396 49.0549
    endloop
  endfacet
  facet normal 0 -0.195102 0.980783
    outer loop
      vertex 0 75.8753 47.0994
      vertex 0.599999 75.6893 47.0624
      vertex 0.599999 75.8753 47.0994
    endloop
  endfacet
  facet normal 0 -0.195102 0.980783
    outer loop
      vertex 0.599999 75.6893 47.0624
      vertex 0 75.8753 47.0994
      vertex 0 75.6893 47.0624
    endloop
  endfacet
  facet normal 0 -0.195102 0.980783
    outer loop
      vertex 3.8 75.8753 47.0994
      vertex 7 75.6893 47.0624
      vertex 7 75.8753 47.0994
    endloop
  endfacet
  facet normal 0 -0.195102 0.980783
    outer loop
      vertex 7 75.6893 47.0624
      vertex 3.8 75.8753 47.0994
      vertex 3.8 75.6893 47.0624
    endloop
  endfacet
  facet normal 0 -0.831644 0.555309
    outer loop
      vertex 0 76.6504 47.6173
      vertex 0.599999 76.7557 47.775
      vertex 0 76.7557 47.775
    endloop
  endfacet
  facet normal 0 -0.831644 0.555309
    outer loop
      vertex 0.599999 76.7557 47.775
      vertex 0 76.6504 47.6173
      vertex 0.599999 76.6504 47.6173
    endloop
  endfacet
  facet normal 0 -0.831644 0.555309
    outer loop
      vertex 3.8 76.6504 47.6173
      vertex 7 76.7557 47.775
      vertex 3.8 76.7557 47.775
    endloop
  endfacet
  facet normal 0 -0.831644 0.555309
    outer loop
      vertex 7 76.7557 47.775
      vertex 3.8 76.6504 47.6173
      vertex 7 76.6504 47.6173
    endloop
  endfacet
  facet normal 0 -0.442356 -0.896839
    outer loop
      vertex 0 76.0549 49.8396
      vertex 0.599999 76.225 49.7557
      vertex 0.599999 76.0549 49.8396
    endloop
  endfacet
  facet normal -0 -0.442356 -0.896839
    outer loop
      vertex 0.599999 76.225 49.7557
      vertex 0 76.0549 49.8396
      vertex 0 76.225 49.7557
    endloop
  endfacet
  facet normal 0 -0.442356 -0.896839
    outer loop
      vertex 3.8 76.0549 49.8396
      vertex 7 76.225 49.7557
      vertex 7 76.0549 49.8396
    endloop
  endfacet
  facet normal -0 -0.442356 -0.896839
    outer loop
      vertex 7 76.225 49.7557
      vertex 3.8 76.0549 49.8396
      vertex 3.8 76.225 49.7557
    endloop
  endfacet
  facet normal 0 -0.555309 -0.831644
    outer loop
      vertex 0 76.225 49.7557
      vertex 0.599999 76.3827 49.6504
      vertex 0.599999 76.225 49.7557
    endloop
  endfacet
  facet normal -0 -0.555309 -0.831644
    outer loop
      vertex 0.599999 76.3827 49.6504
      vertex 0 76.225 49.7557
      vertex 0 76.3827 49.6504
    endloop
  endfacet
  facet normal 0 -0.555309 -0.831644
    outer loop
      vertex 3.8 76.225 49.7557
      vertex 7 76.3827 49.6504
      vertex 7 76.225 49.7557
    endloop
  endfacet
  facet normal -0 -0.555309 -0.831644
    outer loop
      vertex 7 76.3827 49.6504
      vertex 3.8 76.225 49.7557
      vertex 3.8 76.3827 49.6504
    endloop
  endfacet
  facet normal 0 -0.751727 -0.659474
    outer loop
      vertex 0 76.6504 49.3827
      vertex 0.599999 76.5253 49.5253
      vertex 0 76.5253 49.5253
    endloop
  endfacet
  facet normal 0 -0.751727 -0.659474
    outer loop
      vertex 0.599999 76.5253 49.5253
      vertex 0 76.6504 49.3827
      vertex 0.599999 76.6504 49.3827
    endloop
  endfacet
  facet normal 0 -0.751727 -0.659474
    outer loop
      vertex 3.8 76.6504 49.3827
      vertex 7 76.5253 49.5253
      vertex 3.8 76.5253 49.5253
    endloop
  endfacet
  facet normal 0 -0.751727 -0.659474
    outer loop
      vertex 7 76.5253 49.5253
      vertex 3.8 76.6504 49.3827
      vertex 7 76.6504 49.3827
    endloop
  endfacet
  facet normal 0 -0.980783 -0.195102
    outer loop
      vertex 0 76.9376 48.6893
      vertex 0.599999 76.9006 48.8753
      vertex 0 76.9006 48.8753
    endloop
  endfacet
  facet normal 0 -0.980783 -0.195102
    outer loop
      vertex 0.599999 76.9006 48.8753
      vertex 0 76.9376 48.6893
      vertex 0.599999 76.9376 48.6893
    endloop
  endfacet
  facet normal 0 -0.980783 -0.195102
    outer loop
      vertex 3.8 76.9376 48.6893
      vertex 7 76.9006 48.8753
      vertex 3.8 76.9006 48.8753
    endloop
  endfacet
  facet normal 0 -0.980783 -0.195102
    outer loop
      vertex 7 76.9006 48.8753
      vertex 3.8 76.9376 48.6893
      vertex 7 76.9376 48.6893
    endloop
  endfacet
  facet normal 0 0.980783 0.195102
    outer loop
      vertex 0.599999 74.0994 48.1247
      vertex 0 74.0624 48.3107
      vertex 0.599999 74.0624 48.3107
    endloop
  endfacet
  facet normal 0 0.980783 0.195102
    outer loop
      vertex 0 74.0624 48.3107
      vertex 0.599999 74.0994 48.1247
      vertex 0 74.0994 48.1247
    endloop
  endfacet
  facet normal 0 0.980783 0.195102
    outer loop
      vertex 7 74.0994 48.1247
      vertex 3.8 74.0624 48.3107
      vertex 7 74.0624 48.3107
    endloop
  endfacet
  facet normal 0 0.980783 0.195102
    outer loop
      vertex 3.8 74.0624 48.3107
      vertex 7 74.0994 48.1247
      vertex 3.8 74.0994 48.1247
    endloop
  endfacet
  facet normal 0 -0.3216 0.946876
    outer loop
      vertex 0 76.0549 47.1604
      vertex 0.599999 75.8753 47.0994
      vertex 0.599999 76.0549 47.1604
    endloop
  endfacet
  facet normal 0 -0.3216 0.946876
    outer loop
      vertex 0.599999 75.8753 47.0994
      vertex 0 76.0549 47.1604
      vertex 0 75.8753 47.0994
    endloop
  endfacet
  facet normal 0 -0.3216 0.946876
    outer loop
      vertex 3.8 76.0549 47.1604
      vertex 7 75.8753 47.0994
      vertex 7 76.0549 47.1604
    endloop
  endfacet
  facet normal 0 -0.3216 0.946876
    outer loop
      vertex 7 75.8753 47.0994
      vertex 3.8 76.0549 47.1604
      vertex 3.8 75.8753 47.0994
    endloop
  endfacet
  facet normal 0 -0.751727 0.659474
    outer loop
      vertex 0 76.5253 47.4747
      vertex 0.599999 76.6504 47.6173
      vertex 0 76.6504 47.6173
    endloop
  endfacet
  facet normal 0 -0.751727 0.659474
    outer loop
      vertex 0.599999 76.6504 47.6173
      vertex 0 76.5253 47.4747
      vertex 0.599999 76.5253 47.4747
    endloop
  endfacet
  facet normal 0 -0.751727 0.659474
    outer loop
      vertex 3.8 76.5253 47.4747
      vertex 7 76.6504 47.6173
      vertex 3.8 76.6504 47.6173
    endloop
  endfacet
  facet normal 0 -0.751727 0.659474
    outer loop
      vertex 7 76.6504 47.6173
      vertex 3.8 76.5253 47.4747
      vertex 7 76.5253 47.4747
    endloop
  endfacet
  facet normal 0 -0.555309 0.831644
    outer loop
      vertex 0 76.3827 47.3496
      vertex 0.599999 76.225 47.2443
      vertex 0.599999 76.3827 47.3496
    endloop
  endfacet
  facet normal 0 -0.555309 0.831644
    outer loop
      vertex 0.599999 76.225 47.2443
      vertex 0 76.3827 47.3496
      vertex 0 76.225 47.2443
    endloop
  endfacet
  facet normal 0 -0.555309 0.831644
    outer loop
      vertex 3.8 76.3827 47.3496
      vertex 7 76.225 47.2443
      vertex 7 76.3827 47.3496
    endloop
  endfacet
  facet normal 0 -0.555309 0.831644
    outer loop
      vertex 7 76.225 47.2443
      vertex 3.8 76.3827 47.3496
      vertex 3.8 76.225 47.2443
    endloop
  endfacet
  facet normal 0 -0.980783 0.195102
    outer loop
      vertex 0 76.9006 48.1247
      vertex 0.599999 76.9376 48.3107
      vertex 0 76.9376 48.3107
    endloop
  endfacet
  facet normal 0 -0.980783 0.195102
    outer loop
      vertex 0.599999 76.9376 48.3107
      vertex 0 76.9006 48.1247
      vertex 0.599999 76.9006 48.1247
    endloop
  endfacet
  facet normal 0 -0.980783 0.195102
    outer loop
      vertex 3.8 76.9006 48.1247
      vertex 7 76.9376 48.3107
      vertex 3.8 76.9376 48.3107
    endloop
  endfacet
  facet normal 0 -0.980783 0.195102
    outer loop
      vertex 7 76.9376 48.3107
      vertex 3.8 76.9006 48.1247
      vertex 7 76.9006 48.1247
    endloop
  endfacet
  facet normal 0 -0.896839 0.442356
    outer loop
      vertex 0 76.7557 47.775
      vertex 0.599999 76.8396 47.9451
      vertex 0 76.8396 47.9451
    endloop
  endfacet
  facet normal 0 -0.896839 0.442356
    outer loop
      vertex 0.599999 76.8396 47.9451
      vertex 0 76.7557 47.775
      vertex 0.599999 76.7557 47.775
    endloop
  endfacet
  facet normal 0 -0.896839 0.442356
    outer loop
      vertex 3.8 76.7557 47.775
      vertex 7 76.8396 47.9451
      vertex 3.8 76.8396 47.9451
    endloop
  endfacet
  facet normal 0 -0.896839 0.442356
    outer loop
      vertex 7 76.8396 47.9451
      vertex 3.8 76.7557 47.775
      vertex 7 76.7557 47.775
    endloop
  endfacet
  facet normal 0 -0.946876 0.3216
    outer loop
      vertex 0 76.8396 47.9451
      vertex 0.599999 76.9006 48.1247
      vertex 0 76.9006 48.1247
    endloop
  endfacet
  facet normal 0 -0.946876 0.3216
    outer loop
      vertex 0.599999 76.9006 48.1247
      vertex 0 76.8396 47.9451
      vertex 0.599999 76.8396 47.9451
    endloop
  endfacet
  facet normal 0 -0.946876 0.3216
    outer loop
      vertex 3.8 76.8396 47.9451
      vertex 7 76.9006 48.1247
      vertex 3.8 76.9006 48.1247
    endloop
  endfacet
  facet normal 0 -0.946876 0.3216
    outer loop
      vertex 7 76.9006 48.1247
      vertex 3.8 76.8396 47.9451
      vertex 7 76.8396 47.9451
    endloop
  endfacet
  facet normal 0 -0.3216 -0.946876
    outer loop
      vertex 0 75.8753 49.9006
      vertex 0.599999 76.0549 49.8396
      vertex 0.599999 75.8753 49.9006
    endloop
  endfacet
  facet normal -0 -0.3216 -0.946876
    outer loop
      vertex 0.599999 76.0549 49.8396
      vertex 0 75.8753 49.9006
      vertex 0 76.0549 49.8396
    endloop
  endfacet
  facet normal 0 -0.3216 -0.946876
    outer loop
      vertex 3.8 75.8753 49.9006
      vertex 7 76.0549 49.8396
      vertex 7 75.8753 49.9006
    endloop
  endfacet
  facet normal -0 -0.3216 -0.946876
    outer loop
      vertex 7 76.0549 49.8396
      vertex 3.8 75.8753 49.9006
      vertex 3.8 76.0549 49.8396
    endloop
  endfacet
  facet normal 0 -0.0653644 -0.997861
    outer loop
      vertex 0 75.5 49.95
      vertex 0.599999 75.6893 49.9376
      vertex 0.599999 75.5 49.95
    endloop
  endfacet
  facet normal -0 -0.0653644 -0.997861
    outer loop
      vertex 0.599999 75.6893 49.9376
      vertex 0 75.5 49.95
      vertex 0 75.6893 49.9376
    endloop
  endfacet
  facet normal 0 -0.0653644 -0.997861
    outer loop
      vertex 3.8 75.5 49.95
      vertex 7 75.6893 49.9376
      vertex 7 75.5 49.95
    endloop
  endfacet
  facet normal -0 -0.0653644 -0.997861
    outer loop
      vertex 7 75.6893 49.9376
      vertex 3.8 75.5 49.95
      vertex 3.8 75.6893 49.9376
    endloop
  endfacet
  facet normal -0 0.659474 0.751727
    outer loop
      vertex 0 74.6173 47.3496
      vertex 0.599999 74.4747 47.4747
      vertex 0.599999 74.6173 47.3496
    endloop
  endfacet
  facet normal 0 0.659474 0.751727
    outer loop
      vertex 0.599999 74.4747 47.4747
      vertex 0 74.6173 47.3496
      vertex 0 74.4747 47.4747
    endloop
  endfacet
  facet normal -0 0.659474 0.751727
    outer loop
      vertex 3.8 74.6173 47.3496
      vertex 7 74.4747 47.4747
      vertex 7 74.6173 47.3496
    endloop
  endfacet
  facet normal 0 0.659474 0.751727
    outer loop
      vertex 7 74.4747 47.4747
      vertex 3.8 74.6173 47.3496
      vertex 3.8 74.4747 47.4747
    endloop
  endfacet
  facet normal -0 0.442356 0.896839
    outer loop
      vertex 0 74.9451 47.1604
      vertex 0.599999 74.775 47.2443
      vertex 0.599999 74.9451 47.1604
    endloop
  endfacet
  facet normal 0 0.442356 0.896839
    outer loop
      vertex 0.599999 74.775 47.2443
      vertex 0 74.9451 47.1604
      vertex 0 74.775 47.2443
    endloop
  endfacet
  facet normal -0 0.442356 0.896839
    outer loop
      vertex 3.8 74.9451 47.1604
      vertex 7 74.775 47.2443
      vertex 7 74.9451 47.1604
    endloop
  endfacet
  facet normal 0 0.442356 0.896839
    outer loop
      vertex 7 74.775 47.2443
      vertex 3.8 74.9451 47.1604
      vertex 3.8 74.775 47.2443
    endloop
  endfacet
  facet normal -0 0.195102 0.980783
    outer loop
      vertex 0 75.3107 47.0624
      vertex 0.599999 75.1247 47.0994
      vertex 0.599999 75.3107 47.0624
    endloop
  endfacet
  facet normal 0 0.195102 0.980783
    outer loop
      vertex 0.599999 75.1247 47.0994
      vertex 0 75.3107 47.0624
      vertex 0 75.1247 47.0994
    endloop
  endfacet
  facet normal -0 0.195102 0.980783
    outer loop
      vertex 3.8 75.3107 47.0624
      vertex 7 75.1247 47.0994
      vertex 7 75.3107 47.0624
    endloop
  endfacet
  facet normal 0 0.195102 0.980783
    outer loop
      vertex 7 75.1247 47.0994
      vertex 3.8 75.3107 47.0624
      vertex 3.8 75.1247 47.0994
    endloop
  endfacet
  facet normal 0 0.896839 0.442356
    outer loop
      vertex 0.599999 74.2443 47.775
      vertex 0 74.1604 47.9451
      vertex 0.599999 74.1604 47.9451
    endloop
  endfacet
  facet normal 0 0.896839 0.442356
    outer loop
      vertex 0 74.1604 47.9451
      vertex 0.599999 74.2443 47.775
      vertex 0 74.2443 47.775
    endloop
  endfacet
  facet normal 0 0.896839 0.442356
    outer loop
      vertex 7 74.2443 47.775
      vertex 3.8 74.1604 47.9451
      vertex 7 74.1604 47.9451
    endloop
  endfacet
  facet normal 0 0.896839 0.442356
    outer loop
      vertex 3.8 74.1604 47.9451
      vertex 7 74.2443 47.775
      vertex 3.8 74.2443 47.775
    endloop
  endfacet
  facet normal 0 -0.442356 0.896839
    outer loop
      vertex 0 76.225 47.2443
      vertex 0.599999 76.0549 47.1604
      vertex 0.599999 76.225 47.2443
    endloop
  endfacet
  facet normal 0 -0.442356 0.896839
    outer loop
      vertex 0.599999 76.0549 47.1604
      vertex 0 76.225 47.2443
      vertex 0 76.0549 47.1604
    endloop
  endfacet
  facet normal 0 -0.442356 0.896839
    outer loop
      vertex 3.8 76.225 47.2443
      vertex 7 76.0549 47.1604
      vertex 7 76.225 47.2443
    endloop
  endfacet
  facet normal 0 -0.442356 0.896839
    outer loop
      vertex 7 76.0549 47.1604
      vertex 3.8 76.225 47.2443
      vertex 3.8 76.0549 47.1604
    endloop
  endfacet
  facet normal 0 -0.659474 0.751727
    outer loop
      vertex 0 76.5253 47.4747
      vertex 0.599999 76.3827 47.3496
      vertex 0.599999 76.5253 47.4747
    endloop
  endfacet
  facet normal 0 -0.659474 0.751727
    outer loop
      vertex 0.599999 76.3827 47.3496
      vertex 0 76.5253 47.4747
      vertex 0 76.3827 47.3496
    endloop
  endfacet
  facet normal 0 -0.659474 0.751727
    outer loop
      vertex 3.8 76.5253 47.4747
      vertex 7 76.3827 47.3496
      vertex 7 76.5253 47.4747
    endloop
  endfacet
  facet normal 0 -0.659474 0.751727
    outer loop
      vertex 7 76.3827 47.3496
      vertex 3.8 76.5253 47.4747
      vertex 3.8 76.3827 47.3496
    endloop
  endfacet
  facet normal 0 -0.997861 0.0653644
    outer loop
      vertex 0 76.9376 48.3107
      vertex 0.599999 76.95 48.5
      vertex 0 76.95 48.5
    endloop
  endfacet
  facet normal 0 -0.997861 0.0653644
    outer loop
      vertex 0.599999 76.95 48.5
      vertex 0 76.9376 48.3107
      vertex 0.599999 76.9376 48.3107
    endloop
  endfacet
  facet normal 0 -0.997861 0.0653644
    outer loop
      vertex 3.8 76.9376 48.3107
      vertex 7 76.95 48.5
      vertex 3.8 76.95 48.5
    endloop
  endfacet
  facet normal 0 -0.997861 0.0653644
    outer loop
      vertex 7 76.95 48.5
      vertex 3.8 76.9376 48.3107
      vertex 7 76.9376 48.3107
    endloop
  endfacet
  facet normal 0 -0.195102 -0.980783
    outer loop
      vertex 0 75.6893 49.9376
      vertex 0.599999 75.8753 49.9006
      vertex 0.599999 75.6893 49.9376
    endloop
  endfacet
  facet normal -0 -0.195102 -0.980783
    outer loop
      vertex 0.599999 75.8753 49.9006
      vertex 0 75.6893 49.9376
      vertex 0 75.8753 49.9006
    endloop
  endfacet
  facet normal 0 -0.195102 -0.980783
    outer loop
      vertex 3.8 75.6893 49.9376
      vertex 7 75.8753 49.9006
      vertex 7 75.6893 49.9376
    endloop
  endfacet
  facet normal -0 -0.195102 -0.980783
    outer loop
      vertex 7 75.8753 49.9006
      vertex 3.8 75.6893 49.9376
      vertex 3.8 75.8753 49.9006
    endloop
  endfacet
  facet normal 0 -0.831644 -0.555309
    outer loop
      vertex 0 76.7557 49.225
      vertex 0.599999 76.6504 49.3827
      vertex 0 76.6504 49.3827
    endloop
  endfacet
  facet normal 0 -0.831644 -0.555309
    outer loop
      vertex 0.599999 76.6504 49.3827
      vertex 0 76.7557 49.225
      vertex 0.599999 76.7557 49.225
    endloop
  endfacet
  facet normal 0 -0.831644 -0.555309
    outer loop
      vertex 3.8 76.7557 49.225
      vertex 7 76.6504 49.3827
      vertex 3.8 76.6504 49.3827
    endloop
  endfacet
  facet normal 0 -0.831644 -0.555309
    outer loop
      vertex 7 76.6504 49.3827
      vertex 3.8 76.7557 49.225
      vertex 7 76.7557 49.225
    endloop
  endfacet
  facet normal 0 -0.946876 -0.3216
    outer loop
      vertex 0 76.9006 48.8753
      vertex 0.599999 76.8396 49.0549
      vertex 0 76.8396 49.0549
    endloop
  endfacet
  facet normal 0 -0.946876 -0.3216
    outer loop
      vertex 0.599999 76.8396 49.0549
      vertex 0 76.9006 48.8753
      vertex 0.599999 76.9006 48.8753
    endloop
  endfacet
  facet normal 0 -0.946876 -0.3216
    outer loop
      vertex 3.8 76.9006 48.8753
      vertex 7 76.8396 49.0549
      vertex 3.8 76.8396 49.0549
    endloop
  endfacet
  facet normal 0 -0.946876 -0.3216
    outer loop
      vertex 7 76.8396 49.0549
      vertex 3.8 76.9006 48.8753
      vertex 7 76.9006 48.8753
    endloop
  endfacet
  facet normal 0 0.831644 0.555309
    outer loop
      vertex 0.599999 74.3496 47.6173
      vertex 0 74.2443 47.775
      vertex 0.599999 74.2443 47.775
    endloop
  endfacet
  facet normal 0 0.831644 0.555309
    outer loop
      vertex 0 74.2443 47.775
      vertex 0.599999 74.3496 47.6173
      vertex 0 74.3496 47.6173
    endloop
  endfacet
  facet normal 0 0.831644 0.555309
    outer loop
      vertex 7 74.3496 47.6173
      vertex 3.8 74.2443 47.775
      vertex 7 74.2443 47.775
    endloop
  endfacet
  facet normal 0 0.831644 0.555309
    outer loop
      vertex 3.8 74.2443 47.775
      vertex 7 74.3496 47.6173
      vertex 3.8 74.3496 47.6173
    endloop
  endfacet
  facet normal -0 0.3216 0.946876
    outer loop
      vertex 0 75.1247 47.0994
      vertex 0.599999 74.9451 47.1604
      vertex 0.599999 75.1247 47.0994
    endloop
  endfacet
  facet normal 0 0.3216 0.946876
    outer loop
      vertex 0.599999 74.9451 47.1604
      vertex 0 75.1247 47.0994
      vertex 0 74.9451 47.1604
    endloop
  endfacet
  facet normal -0 0.3216 0.946876
    outer loop
      vertex 3.8 75.1247 47.0994
      vertex 7 74.9451 47.1604
      vertex 7 75.1247 47.0994
    endloop
  endfacet
  facet normal 0 0.3216 0.946876
    outer loop
      vertex 7 74.9451 47.1604
      vertex 3.8 75.1247 47.0994
      vertex 3.8 74.9451 47.1604
    endloop
  endfacet
  facet normal -0 0.555309 0.831644
    outer loop
      vertex 0 74.775 47.2443
      vertex 0.599999 74.6173 47.3496
      vertex 0.599999 74.775 47.2443
    endloop
  endfacet
  facet normal 0 0.555309 0.831644
    outer loop
      vertex 0.599999 74.6173 47.3496
      vertex 0 74.775 47.2443
      vertex 0 74.6173 47.3496
    endloop
  endfacet
  facet normal -0 0.555309 0.831644
    outer loop
      vertex 3.8 74.775 47.2443
      vertex 7 74.6173 47.3496
      vertex 7 74.775 47.2443
    endloop
  endfacet
  facet normal 0 0.555309 0.831644
    outer loop
      vertex 7 74.6173 47.3496
      vertex 3.8 74.775 47.2443
      vertex 3.8 74.6173 47.3496
    endloop
  endfacet
  facet normal -0 0.0653644 0.997861
    outer loop
      vertex 0 75.5 47.05
      vertex 0.599999 75.3107 47.0624
      vertex 0.599999 75.5 47.05
    endloop
  endfacet
  facet normal 0 0.0653644 0.997861
    outer loop
      vertex 0.599999 75.3107 47.0624
      vertex 0 75.5 47.05
      vertex 0 75.3107 47.0624
    endloop
  endfacet
  facet normal -0 0.0653644 0.997861
    outer loop
      vertex 3.8 75.5 47.05
      vertex 7 75.3107 47.0624
      vertex 7 75.5 47.05
    endloop
  endfacet
  facet normal 0 0.0653644 0.997861
    outer loop
      vertex 7 75.3107 47.0624
      vertex 3.8 75.5 47.05
      vertex 3.8 75.3107 47.0624
    endloop
  endfacet
  facet normal 0 0.751727 -0.659474
    outer loop
      vertex 0.599999 74.3496 49.3827
      vertex 0 74.4747 49.5253
      vertex 0.599999 74.4747 49.5253
    endloop
  endfacet
  facet normal 0 0.751727 -0.659474
    outer loop
      vertex 0 74.4747 49.5253
      vertex 0.599999 74.3496 49.3827
      vertex 0 74.3496 49.3827
    endloop
  endfacet
  facet normal 0 0.751727 -0.659474
    outer loop
      vertex 7 74.3496 49.3827
      vertex 3.8 74.4747 49.5253
      vertex 7 74.4747 49.5253
    endloop
  endfacet
  facet normal 0 0.751727 -0.659474
    outer loop
      vertex 3.8 74.4747 49.5253
      vertex 7 74.3496 49.3827
      vertex 3.8 74.3496 49.3827
    endloop
  endfacet
  facet normal 0 0.195102 -0.980783
    outer loop
      vertex 0 75.1247 49.9006
      vertex 0.599999 75.3107 49.9376
      vertex 0.599999 75.1247 49.9006
    endloop
  endfacet
  facet normal 0 0.195102 -0.980783
    outer loop
      vertex 0.599999 75.3107 49.9376
      vertex 0 75.1247 49.9006
      vertex 0 75.3107 49.9376
    endloop
  endfacet
  facet normal 0 0.195102 -0.980783
    outer loop
      vertex 3.8 75.1247 49.9006
      vertex 7 75.3107 49.9376
      vertex 7 75.1247 49.9006
    endloop
  endfacet
  facet normal 0 0.195102 -0.980783
    outer loop
      vertex 7 75.3107 49.9376
      vertex 3.8 75.1247 49.9006
      vertex 3.8 75.3107 49.9376
    endloop
  endfacet
  facet normal 0 0.442356 -0.896839
    outer loop
      vertex 0 74.775 49.7557
      vertex 0.599999 74.9451 49.8396
      vertex 0.599999 74.775 49.7557
    endloop
  endfacet
  facet normal 0 0.442356 -0.896839
    outer loop
      vertex 0.599999 74.9451 49.8396
      vertex 0 74.775 49.7557
      vertex 0 74.9451 49.8396
    endloop
  endfacet
  facet normal 0 0.442356 -0.896839
    outer loop
      vertex 3.8 74.775 49.7557
      vertex 7 74.9451 49.8396
      vertex 7 74.775 49.7557
    endloop
  endfacet
  facet normal 0 0.442356 -0.896839
    outer loop
      vertex 7 74.9451 49.8396
      vertex 3.8 74.775 49.7557
      vertex 3.8 74.9451 49.8396
    endloop
  endfacet
  facet normal 0 0.946876 0.3216
    outer loop
      vertex 0.599999 74.1604 47.9451
      vertex 0 74.0994 48.1247
      vertex 0.599999 74.0994 48.1247
    endloop
  endfacet
  facet normal 0 0.946876 0.3216
    outer loop
      vertex 0 74.0994 48.1247
      vertex 0.599999 74.1604 47.9451
      vertex 0 74.1604 47.9451
    endloop
  endfacet
  facet normal 0 0.946876 0.3216
    outer loop
      vertex 7 74.1604 47.9451
      vertex 3.8 74.0994 48.1247
      vertex 7 74.0994 48.1247
    endloop
  endfacet
  facet normal 0 0.946876 0.3216
    outer loop
      vertex 3.8 74.0994 48.1247
      vertex 7 74.1604 47.9451
      vertex 3.8 74.1604 47.9451
    endloop
  endfacet
  facet normal 0 0.751727 0.659474
    outer loop
      vertex 0.599999 74.4747 47.4747
      vertex 0 74.3496 47.6173
      vertex 0.599999 74.3496 47.6173
    endloop
  endfacet
  facet normal 0 0.751727 0.659474
    outer loop
      vertex 0 74.3496 47.6173
      vertex 0.599999 74.4747 47.4747
      vertex 0 74.4747 47.4747
    endloop
  endfacet
  facet normal 0 0.751727 0.659474
    outer loop
      vertex 7 74.4747 47.4747
      vertex 3.8 74.3496 47.6173
      vertex 7 74.3496 47.6173
    endloop
  endfacet
  facet normal 0 0.751727 0.659474
    outer loop
      vertex 3.8 74.3496 47.6173
      vertex 7 74.4747 47.4747
      vertex 3.8 74.4747 47.4747
    endloop
  endfacet
  facet normal 0 0.997861 -0.0653644
    outer loop
      vertex 0.599999 74.05 48.5
      vertex 0 74.0624 48.6893
      vertex 0.599999 74.0624 48.6893
    endloop
  endfacet
  facet normal 0 0.997861 -0.0653644
    outer loop
      vertex 0 74.0624 48.6893
      vertex 0.599999 74.05 48.5
      vertex 0 74.05 48.5
    endloop
  endfacet
  facet normal 0 0.997861 -0.0653644
    outer loop
      vertex 7 74.05 48.5
      vertex 3.8 74.0624 48.6893
      vertex 7 74.0624 48.6893
    endloop
  endfacet
  facet normal 0 0.997861 -0.0653644
    outer loop
      vertex 3.8 74.0624 48.6893
      vertex 7 74.05 48.5
      vertex 3.8 74.05 48.5
    endloop
  endfacet
  facet normal 0 0.980783 -0.195102
    outer loop
      vertex 0.599999 74.0624 48.6893
      vertex 0 74.0994 48.8753
      vertex 0.599999 74.0994 48.8753
    endloop
  endfacet
  facet normal 0 0.980783 -0.195102
    outer loop
      vertex 0 74.0994 48.8753
      vertex 0.599999 74.0624 48.6893
      vertex 0 74.0624 48.6893
    endloop
  endfacet
  facet normal 0 0.980783 -0.195102
    outer loop
      vertex 7 74.0624 48.6893
      vertex 3.8 74.0994 48.8753
      vertex 7 74.0994 48.8753
    endloop
  endfacet
  facet normal 0 0.980783 -0.195102
    outer loop
      vertex 3.8 74.0994 48.8753
      vertex 7 74.0624 48.6893
      vertex 3.8 74.0624 48.6893
    endloop
  endfacet
  facet normal 0 0.659474 -0.751727
    outer loop
      vertex 0 74.4747 49.5253
      vertex 0.599999 74.6173 49.6504
      vertex 0.599999 74.4747 49.5253
    endloop
  endfacet
  facet normal 0 0.659474 -0.751727
    outer loop
      vertex 0.599999 74.6173 49.6504
      vertex 0 74.4747 49.5253
      vertex 0 74.6173 49.6504
    endloop
  endfacet
  facet normal 0 0.659474 -0.751727
    outer loop
      vertex 3.8 74.4747 49.5253
      vertex 7 74.6173 49.6504
      vertex 7 74.4747 49.5253
    endloop
  endfacet
  facet normal 0 0.659474 -0.751727
    outer loop
      vertex 7 74.6173 49.6504
      vertex 3.8 74.4747 49.5253
      vertex 3.8 74.6173 49.6504
    endloop
  endfacet
  facet normal 0 0.555309 -0.831644
    outer loop
      vertex 0 74.6173 49.6504
      vertex 0.599999 74.775 49.7557
      vertex 0.599999 74.6173 49.6504
    endloop
  endfacet
  facet normal 0 0.555309 -0.831644
    outer loop
      vertex 0.599999 74.775 49.7557
      vertex 0 74.6173 49.6504
      vertex 0 74.775 49.7557
    endloop
  endfacet
  facet normal 0 0.555309 -0.831644
    outer loop
      vertex 3.8 74.6173 49.6504
      vertex 7 74.775 49.7557
      vertex 7 74.6173 49.6504
    endloop
  endfacet
  facet normal 0 0.555309 -0.831644
    outer loop
      vertex 7 74.775 49.7557
      vertex 3.8 74.6173 49.6504
      vertex 3.8 74.775 49.7557
    endloop
  endfacet
  facet normal 0 0.3216 -0.946876
    outer loop
      vertex 0 74.9451 49.8396
      vertex 0.599999 75.1247 49.9006
      vertex 0.599999 74.9451 49.8396
    endloop
  endfacet
  facet normal 0 0.3216 -0.946876
    outer loop
      vertex 0.599999 75.1247 49.9006
      vertex 0 74.9451 49.8396
      vertex 0 75.1247 49.9006
    endloop
  endfacet
  facet normal 0 0.3216 -0.946876
    outer loop
      vertex 3.8 74.9451 49.8396
      vertex 7 75.1247 49.9006
      vertex 7 74.9451 49.8396
    endloop
  endfacet
  facet normal 0 0.3216 -0.946876
    outer loop
      vertex 7 75.1247 49.9006
      vertex 3.8 74.9451 49.8396
      vertex 3.8 75.1247 49.9006
    endloop
  endfacet
  facet normal 0 0.831644 -0.555309
    outer loop
      vertex 0.599999 74.2443 49.225
      vertex 0 74.3496 49.3827
      vertex 0.599999 74.3496 49.3827
    endloop
  endfacet
  facet normal 0 0.831644 -0.555309
    outer loop
      vertex 0 74.3496 49.3827
      vertex 0.599999 74.2443 49.225
      vertex 0 74.2443 49.225
    endloop
  endfacet
  facet normal 0 0.831644 -0.555309
    outer loop
      vertex 7 74.2443 49.225
      vertex 3.8 74.3496 49.3827
      vertex 7 74.3496 49.3827
    endloop
  endfacet
  facet normal 0 0.831644 -0.555309
    outer loop
      vertex 3.8 74.3496 49.3827
      vertex 7 74.2443 49.225
      vertex 3.8 74.2443 49.225
    endloop
  endfacet
  facet normal 0 0.946876 -0.3216
    outer loop
      vertex 0.599999 74.0994 48.8753
      vertex 0 74.1604 49.0549
      vertex 0.599999 74.1604 49.0549
    endloop
  endfacet
  facet normal 0 0.946876 -0.3216
    outer loop
      vertex 0 74.1604 49.0549
      vertex 0.599999 74.0994 48.8753
      vertex 0 74.0994 48.8753
    endloop
  endfacet
  facet normal 0 0.946876 -0.3216
    outer loop
      vertex 7 74.0994 48.8753
      vertex 3.8 74.1604 49.0549
      vertex 7 74.1604 49.0549
    endloop
  endfacet
  facet normal 0 0.946876 -0.3216
    outer loop
      vertex 3.8 74.1604 49.0549
      vertex 7 74.0994 48.8753
      vertex 3.8 74.0994 48.8753
    endloop
  endfacet
  facet normal 0 0.896839 -0.442356
    outer loop
      vertex 0.599999 74.1604 49.0549
      vertex 0 74.2443 49.225
      vertex 0.599999 74.2443 49.225
    endloop
  endfacet
  facet normal 0 0.896839 -0.442356
    outer loop
      vertex 0 74.2443 49.225
      vertex 0.599999 74.1604 49.0549
      vertex 0 74.1604 49.0549
    endloop
  endfacet
  facet normal 0 0.896839 -0.442356
    outer loop
      vertex 7 74.1604 49.0549
      vertex 3.8 74.2443 49.225
      vertex 7 74.2443 49.225
    endloop
  endfacet
  facet normal 0 0.896839 -0.442356
    outer loop
      vertex 3.8 74.2443 49.225
      vertex 7 74.1604 49.0549
      vertex 3.8 74.1604 49.0549
    endloop
  endfacet
  facet normal 0 -0.866022 -0.500005
    outer loop
      vertex 0.599999 78.56 48.5
      vertex 3.8 77.03 51.15
      vertex 0.599999 77.03 51.15
    endloop
  endfacet
  facet normal 0 -0.866022 -0.500005
    outer loop
      vertex 3.8 77.03 51.15
      vertex 0.599999 78.56 48.5
      vertex 3.8 78.56 48.5
    endloop
  endfacet
  facet normal 0 0 -1
    outer loop
      vertex 0.599999 72 51.15
      vertex 3.8 77.03 51.15
      vertex 3.8 72 51.15
    endloop
  endfacet
  facet normal -0 0 -1
    outer loop
      vertex 3.8 77.03 51.15
      vertex 0.599999 72 51.15
      vertex 0.599999 77.03 51.15
    endloop
  endfacet
  facet normal -0 0 1
    outer loop
      vertex 0.599999 77.03 45.85
      vertex 3.8 72 45.85
      vertex 3.8 77.03 45.85
    endloop
  endfacet
  facet normal 0 0 1
    outer loop
      vertex 3.8 72 45.85
      vertex 0.599999 77.03 45.85
      vertex 0.599999 72 45.85
    endloop
  endfacet
  facet normal -1 0 0
    outer loop
      vertex 3.8 76.7557 47.775
      vertex 3.8 78.56 48.5
      vertex 3.8 77.03 45.85
    endloop
  endfacet
  facet normal -1 0 0
    outer loop
      vertex 3.8 76.9376 48.6893
      vertex 3.8 78.56 48.5
      vertex 3.8 76.95 48.5
    endloop
  endfacet
  facet normal -1 -0 0
    outer loop
      vertex 3.8 78.56 48.5
      vertex 3.8 76.9376 48.3107
      vertex 3.8 76.95 48.5
    endloop
  endfacet
  facet normal -1 0 0
    outer loop
      vertex 3.8 78.56 48.5
      vertex 3.8 76.9006 48.1247
      vertex 3.8 76.9376 48.3107
    endloop
  endfacet
  facet normal -1 0 0
    outer loop
      vertex 3.8 78.56 48.5
      vertex 3.8 76.8396 47.9451
      vertex 3.8 76.9006 48.1247
    endloop
  endfacet
  facet normal -1 0 0
    outer loop
      vertex 3.8 78.56 48.5
      vertex 3.8 76.7557 47.775
      vertex 3.8 76.8396 47.9451
    endloop
  endfacet
  facet normal -1 0 0
    outer loop
      vertex 3.8 77.03 45.85
      vertex 3.8 76.6504 47.6173
      vertex 3.8 76.7557 47.775
    endloop
  endfacet
  facet normal -1 0 0
    outer loop
      vertex 3.8 77.03 45.85
      vertex 3.8 76.5253 47.4747
      vertex 3.8 76.6504 47.6173
    endloop
  endfacet
  facet normal -1 0 0
    outer loop
      vertex 3.8 77.03 45.85
      vertex 3.8 76.3827 47.3496
      vertex 3.8 76.5253 47.4747
    endloop
  endfacet
  facet normal -1 0 0
    outer loop
      vertex 3.8 77.03 45.85
      vertex 3.8 76.225 47.2443
      vertex 3.8 76.3827 47.3496
    endloop
  endfacet
  facet normal -1 0 0
    outer loop
      vertex 3.8 77.03 45.85
      vertex 3.8 76.0549 47.1604
      vertex 3.8 76.225 47.2443
    endloop
  endfacet
  facet normal -1 0 0
    outer loop
      vertex 3.8 77.03 45.85
      vertex 3.8 75.8753 47.0994
      vertex 3.8 76.0549 47.1604
    endloop
  endfacet
  facet normal -1 0 0
    outer loop
      vertex 3.8 77.03 45.85
      vertex 3.8 75.6893 47.0624
      vertex 3.8 75.8753 47.0994
    endloop
  endfacet
  facet normal -1 0 0
    outer loop
      vertex 3.8 77.03 45.85
      vertex 3.8 75.5 47.05
      vertex 3.8 75.6893 47.0624
    endloop
  endfacet
  facet normal -1 0 0
    outer loop
      vertex 3.8 77.03 45.85
      vertex 3.8 75.3107 47.0624
      vertex 3.8 75.5 47.05
    endloop
  endfacet
  facet normal -1 0 0
    outer loop
      vertex 3.8 77.03 45.85
      vertex 3.8 75.1247 47.0994
      vertex 3.8 75.3107 47.0624
    endloop
  endfacet
  facet normal -1 0 0
    outer loop
      vertex 3.8 72 45.85
      vertex 3.8 75.1247 47.0994
      vertex 3.8 77.03 45.85
    endloop
  endfacet
  facet normal -1 -0 0
    outer loop
      vertex 3.8 75.1247 47.0994
      vertex 3.8 72 45.85
      vertex 3.8 74.9451 47.1604
    endloop
  endfacet
  facet normal -1 -0 0
    outer loop
      vertex 3.8 74.0624 48.3107
      vertex 3.8 72 45.85
      vertex 3.8 74.05 48.5
    endloop
  endfacet
  facet normal -1 -0 0
    outer loop
      vertex 3.8 74.0994 48.1247
      vertex 3.8 72 45.85
      vertex 3.8 74.0624 48.3107
    endloop
  endfacet
  facet normal -1 -0 0
    outer loop
      vertex 3.8 74.1604 47.9451
      vertex 3.8 72 45.85
      vertex 3.8 74.0994 48.1247
    endloop
  endfacet
  facet normal -1 -0 0
    outer loop
      vertex 3.8 74.2443 47.775
      vertex 3.8 72 45.85
      vertex 3.8 74.1604 47.9451
    endloop
  endfacet
  facet normal -1 -0 0
    outer loop
      vertex 3.8 74.3496 47.6173
      vertex 3.8 72 45.85
      vertex 3.8 74.2443 47.775
    endloop
  endfacet
  facet normal -1 -0 0
    outer loop
      vertex 3.8 74.4747 47.4747
      vertex 3.8 72 45.85
      vertex 3.8 74.3496 47.6173
    endloop
  endfacet
  facet normal -1 -0 0
    outer loop
      vertex 3.8 74.6173 47.3496
      vertex 3.8 72 45.85
      vertex 3.8 74.4747 47.4747
    endloop
  endfacet
  facet normal -1 -0 0
    outer loop
      vertex 3.8 74.775 47.2443
      vertex 3.8 72 45.85
      vertex 3.8 74.6173 47.3496
    endloop
  endfacet
  facet normal -1 -0 0
    outer loop
      vertex 3.8 74.9451 47.1604
      vertex 3.8 72 45.85
      vertex 3.8 74.775 47.2443
    endloop
  endfacet
  facet normal -1 0 0
    outer loop
      vertex 3.8 76.9006 48.8753
      vertex 3.8 78.56 48.5
      vertex 3.8 76.9376 48.6893
    endloop
  endfacet
  facet normal -1 0 0
    outer loop
      vertex 3.8 76.8396 49.0549
      vertex 3.8 78.56 48.5
      vertex 3.8 76.9006 48.8753
    endloop
  endfacet
  facet normal -1 0 0
    outer loop
      vertex 3.8 76.7557 49.225
      vertex 3.8 78.56 48.5
      vertex 3.8 76.8396 49.0549
    endloop
  endfacet
  facet normal -1 0 0
    outer loop
      vertex 3.8 78.56 48.5
      vertex 3.8 76.7557 49.225
      vertex 3.8 77.03 51.15
    endloop
  endfacet
  facet normal -1 0 0
    outer loop
      vertex 3.8 76.6504 49.3827
      vertex 3.8 77.03 51.15
      vertex 3.8 76.7557 49.225
    endloop
  endfacet
  facet normal -1 0 0
    outer loop
      vertex 3.8 76.5253 49.5253
      vertex 3.8 77.03 51.15
      vertex 3.8 76.6504 49.3827
    endloop
  endfacet
  facet normal -1 0 0
    outer loop
      vertex 3.8 76.3827 49.6504
      vertex 3.8 77.03 51.15
      vertex 3.8 76.5253 49.5253
    endloop
  endfacet
  facet normal -1 0 0
    outer loop
      vertex 3.8 76.225 49.7557
      vertex 3.8 77.03 51.15
      vertex 3.8 76.3827 49.6504
    endloop
  endfacet
  facet normal -1 0 0
    outer loop
      vertex 3.8 76.0549 49.8396
      vertex 3.8 77.03 51.15
      vertex 3.8 76.225 49.7557
    endloop
  endfacet
  facet normal -1 0 0
    outer loop
      vertex 3.8 75.8753 49.9006
      vertex 3.8 77.03 51.15
      vertex 3.8 76.0549 49.8396
    endloop
  endfacet
  facet normal -1 0 0
    outer loop
      vertex 3.8 75.6893 49.9376
      vertex 3.8 77.03 51.15
      vertex 3.8 75.8753 49.9006
    endloop
  endfacet
  facet normal -1 0 0
    outer loop
      vertex 3.8 75.5 49.95
      vertex 3.8 77.03 51.15
      vertex 3.8 75.6893 49.9376
    endloop
  endfacet
  facet normal -1 0 0
    outer loop
      vertex 3.8 75.3107 49.9376
      vertex 3.8 77.03 51.15
      vertex 3.8 75.5 49.95
    endloop
  endfacet
  facet normal -1 0 0
    outer loop
      vertex 3.8 75.1247 49.9006
      vertex 3.8 77.03 51.15
      vertex 3.8 75.3107 49.9376
    endloop
  endfacet
  facet normal -1 0 0
    outer loop
      vertex 3.8 72 51.15
      vertex 3.8 75.1247 49.9006
      vertex 3.8 74.9451 49.8396
    endloop
  endfacet
  facet normal -1 0 0
    outer loop
      vertex 3.8 72 51.15
      vertex 3.8 74.9451 49.8396
      vertex 3.8 74.775 49.7557
    endloop
  endfacet
  facet normal -1 0 0
    outer loop
      vertex 3.8 72 51.15
      vertex 3.8 74.05 48.5
      vertex 3.8 72 45.85
    endloop
  endfacet
  facet normal -1 0 0
    outer loop
      vertex 3.8 74.05 48.5
      vertex 3.8 72 51.15
      vertex 3.8 74.0624 48.6893
    endloop
  endfacet
  facet normal -1 0 0
    outer loop
      vertex 3.8 74.0624 48.6893
      vertex 3.8 72 51.15
      vertex 3.8 74.0994 48.8753
    endloop
  endfacet
  facet normal -1 0 0
    outer loop
      vertex 3.8 74.0994 48.8753
      vertex 3.8 72 51.15
      vertex 3.8 74.1604 49.0549
    endloop
  endfacet
  facet normal -1 0 0
    outer loop
      vertex 3.8 75.1247 49.9006
      vertex 3.8 72 51.15
      vertex 3.8 77.03 51.15
    endloop
  endfacet
  facet normal -1 0 0
    outer loop
      vertex 3.8 74.6173 49.6504
      vertex 3.8 72 51.15
      vertex 3.8 74.775 49.7557
    endloop
  endfacet
  facet normal -1 0 0
    outer loop
      vertex 3.8 74.4747 49.5253
      vertex 3.8 72 51.15
      vertex 3.8 74.6173 49.6504
    endloop
  endfacet
  facet normal -1 0 0
    outer loop
      vertex 3.8 74.3496 49.3827
      vertex 3.8 72 51.15
      vertex 3.8 74.4747 49.5253
    endloop
  endfacet
  facet normal -1 0 0
    outer loop
      vertex 3.8 74.2443 49.225
      vertex 3.8 72 51.15
      vertex 3.8 74.3496 49.3827
    endloop
  endfacet
  facet normal -1 0 0
    outer loop
      vertex 3.8 74.1604 49.0549
      vertex 3.8 72 51.15
      vertex 3.8 74.2443 49.225
    endloop
  endfacet
  facet normal 1 -0 0
    outer loop
      vertex 0.599999 76.7557 49.225
      vertex 0.599999 78.56 48.5
      vertex 0.599999 77.03 51.15
    endloop
  endfacet
  facet normal 1 0 0
    outer loop
      vertex 0.599999 76.9376 48.3107
      vertex 0.599999 78.56 48.5
      vertex 0.599999 76.95 48.5
    endloop
  endfacet
  facet normal 1 0 0
    outer loop
      vertex 0.599999 78.56 48.5
      vertex 0.599999 76.9376 48.6893
      vertex 0.599999 76.95 48.5
    endloop
  endfacet
  facet normal 1 0 0
    outer loop
      vertex 0.599999 78.56 48.5
      vertex 0.599999 76.9006 48.8753
      vertex 0.599999 76.9376 48.6893
    endloop
  endfacet
  facet normal 1 0 0
    outer loop
      vertex 0.599999 78.56 48.5
      vertex 0.599999 76.8396 49.0549
      vertex 0.599999 76.9006 48.8753
    endloop
  endfacet
  facet normal 1 0 0
    outer loop
      vertex 0.599999 78.56 48.5
      vertex 0.599999 76.7557 49.225
      vertex 0.599999 76.8396 49.0549
    endloop
  endfacet
  facet normal 1 0 0
    outer loop
      vertex 0.599999 77.03 51.15
      vertex 0.599999 76.6504 49.3827
      vertex 0.599999 76.7557 49.225
    endloop
  endfacet
  facet normal 1 0 0
    outer loop
      vertex 0.599999 77.03 51.15
      vertex 0.599999 76.5253 49.5253
      vertex 0.599999 76.6504 49.3827
    endloop
  endfacet
  facet normal 1 0 0
    outer loop
      vertex 0.599999 77.03 51.15
      vertex 0.599999 76.3827 49.6504
      vertex 0.599999 76.5253 49.5253
    endloop
  endfacet
  facet normal 1 0 0
    outer loop
      vertex 0.599999 77.03 51.15
      vertex 0.599999 76.225 49.7557
      vertex 0.599999 76.3827 49.6504
    endloop
  endfacet
  facet normal 1 0 0
    outer loop
      vertex 0.599999 77.03 51.15
      vertex 0.599999 76.0549 49.8396
      vertex 0.599999 76.225 49.7557
    endloop
  endfacet
  facet normal 1 0 0
    outer loop
      vertex 0.599999 77.03 51.15
      vertex 0.599999 75.8753 49.9006
      vertex 0.599999 76.0549 49.8396
    endloop
  endfacet
  facet normal 1 0 0
    outer loop
      vertex 0.599999 77.03 51.15
      vertex 0.599999 75.6893 49.9376
      vertex 0.599999 75.8753 49.9006
    endloop
  endfacet
  facet normal 1 0 0
    outer loop
      vertex 0.599999 77.03 51.15
      vertex 0.599999 75.5 49.95
      vertex 0.599999 75.6893 49.9376
    endloop
  endfacet
  facet normal 1 0 0
    outer loop
      vertex 0.599999 77.03 51.15
      vertex 0.599999 75.3107 49.9376
      vertex 0.599999 75.5 49.95
    endloop
  endfacet
  facet normal 1 0 0
    outer loop
      vertex 0.599999 77.03 51.15
      vertex 0.599999 75.1247 49.9006
      vertex 0.599999 75.3107 49.9376
    endloop
  endfacet
  facet normal 1 -0 0
    outer loop
      vertex 0.599999 72 51.15
      vertex 0.599999 75.1247 49.9006
      vertex 0.599999 77.03 51.15
    endloop
  endfacet
  facet normal 1 0 0
    outer loop
      vertex 0.599999 75.1247 49.9006
      vertex 0.599999 72 51.15
      vertex 0.599999 74.9451 49.8396
    endloop
  endfacet
  facet normal 1 0 0
    outer loop
      vertex 0.599999 74.0624 48.6893
      vertex 0.599999 72 51.15
      vertex 0.599999 74.05 48.5
    endloop
  endfacet
  facet normal 1 0 0
    outer loop
      vertex 0.599999 74.0994 48.8753
      vertex 0.599999 72 51.15
      vertex 0.599999 74.0624 48.6893
    endloop
  endfacet
  facet normal 1 0 0
    outer loop
      vertex 0.599999 74.1604 49.0549
      vertex 0.599999 72 51.15
      vertex 0.599999 74.0994 48.8753
    endloop
  endfacet
  facet normal 1 0 0
    outer loop
      vertex 0.599999 74.2443 49.225
      vertex 0.599999 72 51.15
      vertex 0.599999 74.1604 49.0549
    endloop
  endfacet
  facet normal 1 0 0
    outer loop
      vertex 0.599999 74.3496 49.3827
      vertex 0.599999 72 51.15
      vertex 0.599999 74.2443 49.225
    endloop
  endfacet
  facet normal 1 0 0
    outer loop
      vertex 0.599999 74.4747 49.5253
      vertex 0.599999 72 51.15
      vertex 0.599999 74.3496 49.3827
    endloop
  endfacet
  facet normal 1 0 0
    outer loop
      vertex 0.599999 74.6173 49.6504
      vertex 0.599999 72 51.15
      vertex 0.599999 74.4747 49.5253
    endloop
  endfacet
  facet normal 1 0 0
    outer loop
      vertex 0.599999 74.775 49.7557
      vertex 0.599999 72 51.15
      vertex 0.599999 74.6173 49.6504
    endloop
  endfacet
  facet normal 1 0 0
    outer loop
      vertex 0.599999 74.9451 49.8396
      vertex 0.599999 72 51.15
      vertex 0.599999 74.775 49.7557
    endloop
  endfacet
  facet normal 1 0 0
    outer loop
      vertex 0.599999 76.9006 48.1247
      vertex 0.599999 78.56 48.5
      vertex 0.599999 76.9376 48.3107
    endloop
  endfacet
  facet normal 1 0 0
    outer loop
      vertex 0.599999 76.8396 47.9451
      vertex 0.599999 78.56 48.5
      vertex 0.599999 76.9006 48.1247
    endloop
  endfacet
  facet normal 1 0 0
    outer loop
      vertex 0.599999 76.7557 47.775
      vertex 0.599999 78.56 48.5
      vertex 0.599999 76.8396 47.9451
    endloop
  endfacet
  facet normal 1 0 0
    outer loop
      vertex 0.599999 78.56 48.5
      vertex 0.599999 76.7557 47.775
      vertex 0.599999 77.03 45.85
    endloop
  endfacet
  facet normal 1 -0 0
    outer loop
      vertex 0.599999 76.6504 47.6173
      vertex 0.599999 77.03 45.85
      vertex 0.599999 76.7557 47.775
    endloop
  endfacet
  facet normal 1 -0 0
    outer loop
      vertex 0.599999 76.5253 47.4747
      vertex 0.599999 77.03 45.85
      vertex 0.599999 76.6504 47.6173
    endloop
  endfacet
  facet normal 1 -0 0
    outer loop
      vertex 0.599999 76.3827 47.3496
      vertex 0.599999 77.03 45.85
      vertex 0.599999 76.5253 47.4747
    endloop
  endfacet
  facet normal 1 -0 0
    outer loop
      vertex 0.599999 76.225 47.2443
      vertex 0.599999 77.03 45.85
      vertex 0.599999 76.3827 47.3496
    endloop
  endfacet
  facet normal 1 -0 0
    outer loop
      vertex 0.599999 76.0549 47.1604
      vertex 0.599999 77.03 45.85
      vertex 0.599999 76.225 47.2443
    endloop
  endfacet
  facet normal 1 -0 0
    outer loop
      vertex 0.599999 75.8753 47.0994
      vertex 0.599999 77.03 45.85
      vertex 0.599999 76.0549 47.1604
    endloop
  endfacet
  facet normal 1 -0 0
    outer loop
      vertex 0.599999 75.6893 47.0624
      vertex 0.599999 77.03 45.85
      vertex 0.599999 75.8753 47.0994
    endloop
  endfacet
  facet normal 1 -0 0
    outer loop
      vertex 0.599999 75.5 47.05
      vertex 0.599999 77.03 45.85
      vertex 0.599999 75.6893 47.0624
    endloop
  endfacet
  facet normal 1 0 0
    outer loop
      vertex 0.599999 75.3107 47.0624
      vertex 0.599999 77.03 45.85
      vertex 0.599999 75.5 47.05
    endloop
  endfacet
  facet normal 1 0 0
    outer loop
      vertex 0.599999 75.1247 47.0994
      vertex 0.599999 77.03 45.85
      vertex 0.599999 75.3107 47.0624
    endloop
  endfacet
  facet normal 1 0 0
    outer loop
      vertex 0.599999 72 45.85
      vertex 0.599999 75.1247 47.0994
      vertex 0.599999 74.9451 47.1604
    endloop
  endfacet
  facet normal 1 0 0
    outer loop
      vertex 0.599999 72 45.85
      vertex 0.599999 74.9451 47.1604
      vertex 0.599999 74.775 47.2443
    endloop
  endfacet
  facet normal 1 0 0
    outer loop
      vertex 0.599999 72 45.85
      vertex 0.599999 74.05 48.5
      vertex 0.599999 72 51.15
    endloop
  endfacet
  facet normal 1 0 0
    outer loop
      vertex 0.599999 74.05 48.5
      vertex 0.599999 72 45.85
      vertex 0.599999 74.0624 48.3107
    endloop
  endfacet
  facet normal 1 0 0
    outer loop
      vertex 0.599999 74.0624 48.3107
      vertex 0.599999 72 45.85
      vertex 0.599999 74.0994 48.1247
    endloop
  endfacet
  facet normal 1 0 0
    outer loop
      vertex 0.599999 74.0994 48.1247
      vertex 0.599999 72 45.85
      vertex 0.599999 74.1604 47.9451
    endloop
  endfacet
  facet normal 1 0 0
    outer loop
      vertex 0.599999 75.1247 47.0994
      vertex 0.599999 72 45.85
      vertex 0.599999 77.03 45.85
    endloop
  endfacet
  facet normal 1 0 0
    outer loop
      vertex 0.599999 74.6173 47.3496
      vertex 0.599999 72 45.85
      vertex 0.599999 74.775 47.2443
    endloop
  endfacet
  facet normal 1 0 0
    outer loop
      vertex 0.599999 74.4747 47.4747
      vertex 0.599999 72 45.85
      vertex 0.599999 74.6173 47.3496
    endloop
  endfacet
  facet normal 1 0 0
    outer loop
      vertex 0.599999 74.3496 47.6173
      vertex 0.599999 72 45.85
      vertex 0.599999 74.4747 47.4747
    endloop
  endfacet
  facet normal 1 0 0
    outer loop
      vertex 0.599999 74.2443 47.775
      vertex 0.599999 72 45.85
      vertex 0.599999 74.3496 47.6173
    endloop
  endfacet
  facet normal 1 0 0
    outer loop
      vertex 0.599999 74.1604 47.9451
      vertex 0.599999 72 45.85
      vertex 0.599999 74.2443 47.775
    endloop
  endfacet
  facet normal 0 -0.866022 0.500005
    outer loop
      vertex 0.599999 77.03 45.85
      vertex 3.8 78.56 48.5
      vertex 0.599999 78.56 48.5
    endloop
  endfacet
  facet normal 0 -0.866022 0.500005
    outer loop
      vertex 3.8 78.56 48.5
      vertex 0.599999 77.03 45.85
      vertex 3.8 77.03 45.85
    endloop
  endfacet
  facet normal -1 0 0
    outer loop
      vertex 79 79 44
      vertex 79 76.95 48.5
      vertex 79 79 53
    endloop
  endfacet
  facet normal -1 0 0
    outer loop
      vertex 79 79 44
      vertex 79 76.9376 48.3107
      vertex 79 76.95 48.5
    endloop
  endfacet
  facet normal -1 0 0
    outer loop
      vertex 79 79 44
      vertex 79 76.9006 48.1247
      vertex 79 76.9376 48.3107
    endloop
  endfacet
  facet normal -1 0 0
    outer loop
      vertex 79 79 44
      vertex 79 76.8396 47.9451
      vertex 79 76.9006 48.1247
    endloop
  endfacet
  facet normal -1 0 0
    outer loop
      vertex 79 79 44
      vertex 79 76.7557 47.775
      vertex 79 76.8396 47.9451
    endloop
  endfacet
  facet normal -1 0 0
    outer loop
      vertex 79 79 44
      vertex 79 76.6504 47.6173
      vertex 79 76.7557 47.775
    endloop
  endfacet
  facet normal -1 0 0
    outer loop
      vertex 79 79 44
      vertex 79 76.5253 47.4747
      vertex 79 76.6504 47.6173
    endloop
  endfacet
  facet normal -1 0 0
    outer loop
      vertex 79 79 44
      vertex 79 76.3827 47.3496
      vertex 79 76.5253 47.4747
    endloop
  endfacet
  facet normal -1 0 0
    outer loop
      vertex 79 79 44
      vertex 79 76.225 47.2443
      vertex 79 76.3827 47.3496
    endloop
  endfacet
  facet normal -1 0 0
    outer loop
      vertex 79 79 44
      vertex 79 76.0549 47.1604
      vertex 79 76.225 47.2443
    endloop
  endfacet
  facet normal -1 0 0
    outer loop
      vertex 79 79 44
      vertex 79 75.8753 47.0994
      vertex 79 76.0549 47.1604
    endloop
  endfacet
  facet normal -1 0 0
    outer loop
      vertex 79 79 44
      vertex 79 75.6893 47.0624
      vertex 79 75.8753 47.0994
    endloop
  endfacet
  facet normal -1 0 0
    outer loop
      vertex 79 79 44
      vertex 79 75.5 47.05
      vertex 79 75.6893 47.0624
    endloop
  endfacet
  facet normal -1 0 0
    outer loop
      vertex 79 72 44
      vertex 79 75.5 47.05
      vertex 79 79 44
    endloop
  endfacet
  facet normal -1 -0 0
    outer loop
      vertex 79 75.5 47.05
      vertex 79 72 44
      vertex 79 75.3107 47.0624
    endloop
  endfacet
  facet normal -1 -0 0
    outer loop
      vertex 79 75.3107 47.0624
      vertex 79 72 44
      vertex 79 75.1247 47.0994
    endloop
  endfacet
  facet normal -1 -0 0
    outer loop
      vertex 79 75.1247 47.0994
      vertex 79 72 44
      vertex 79 74.9451 47.1604
    endloop
  endfacet
  facet normal -1 -0 0
    outer loop
      vertex 79 74.9451 47.1604
      vertex 79 72 44
      vertex 79 74.775 47.2443
    endloop
  endfacet
  facet normal -1 -0 0
    outer loop
      vertex 79 74.0624 48.3107
      vertex 79 72 44
      vertex 79 74.05 48.5
    endloop
  endfacet
  facet normal -1 -0 0
    outer loop
      vertex 79 74.0994 48.1247
      vertex 79 72 44
      vertex 79 74.0624 48.3107
    endloop
  endfacet
  facet normal -1 -0 0
    outer loop
      vertex 79 74.1604 47.9451
      vertex 79 72 44
      vertex 79 74.0994 48.1247
    endloop
  endfacet
  facet normal -1 -0 0
    outer loop
      vertex 79 74.2443 47.775
      vertex 79 72 44
      vertex 79 74.1604 47.9451
    endloop
  endfacet
  facet normal -1 -0 0
    outer loop
      vertex 79 74.3496 47.6173
      vertex 79 72 44
      vertex 79 74.2443 47.775
    endloop
  endfacet
  facet normal -1 -0 0
    outer loop
      vertex 79 74.4747 47.4747
      vertex 79 72 44
      vertex 79 74.3496 47.6173
    endloop
  endfacet
  facet normal -1 -0 0
    outer loop
      vertex 79 74.6173 47.3496
      vertex 79 72 44
      vertex 79 74.4747 47.4747
    endloop
  endfacet
  facet normal -1 -0 0
    outer loop
      vertex 79 74.775 47.2443
      vertex 79 72 44
      vertex 79 74.6173 47.3496
    endloop
  endfacet
  facet normal -1 0 0
    outer loop
      vertex 79 76.9376 48.6893
      vertex 79 79 53
      vertex 79 76.95 48.5
    endloop
  endfacet
  facet normal -1 0 0
    outer loop
      vertex 79 76.9006 48.8753
      vertex 79 79 53
      vertex 79 76.9376 48.6893
    endloop
  endfacet
  facet normal -1 0 0
    outer loop
      vertex 79 76.8396 49.0549
      vertex 79 79 53
      vertex 79 76.9006 48.8753
    endloop
  endfacet
  facet normal -1 0 0
    outer loop
      vertex 79 76.7557 49.225
      vertex 79 79 53
      vertex 79 76.8396 49.0549
    endloop
  endfacet
  facet normal -1 0 0
    outer loop
      vertex 79 76.6504 49.3827
      vertex 79 79 53
      vertex 79 76.7557 49.225
    endloop
  endfacet
  facet normal -1 0 0
    outer loop
      vertex 79 76.5253 49.5253
      vertex 79 79 53
      vertex 79 76.6504 49.3827
    endloop
  endfacet
  facet normal -1 0 0
    outer loop
      vertex 79 76.3827 49.6504
      vertex 79 79 53
      vertex 79 76.5253 49.5253
    endloop
  endfacet
  facet normal -1 0 0
    outer loop
      vertex 79 76.225 49.7557
      vertex 79 79 53
      vertex 79 76.3827 49.6504
    endloop
  endfacet
  facet normal -1 0 0
    outer loop
      vertex 79 76.0549 49.8396
      vertex 79 79 53
      vertex 79 76.225 49.7557
    endloop
  endfacet
  facet normal -1 0 0
    outer loop
      vertex 79 75.8753 49.9006
      vertex 79 79 53
      vertex 79 76.0549 49.8396
    endloop
  endfacet
  facet normal -1 0 0
    outer loop
      vertex 79 75.6893 49.9376
      vertex 79 79 53
      vertex 79 75.8753 49.9006
    endloop
  endfacet
  facet normal -1 0 0
    outer loop
      vertex 79 75.5 49.95
      vertex 79 79 53
      vertex 79 75.6893 49.9376
    endloop
  endfacet
  facet normal -1 0 0
    outer loop
      vertex 79 72 53
      vertex 79 75.5 49.95
      vertex 79 75.3107 49.9376
    endloop
  endfacet
  facet normal -1 0 0
    outer loop
      vertex 79 72 53
      vertex 79 75.3107 49.9376
      vertex 79 75.1247 49.9006
    endloop
  endfacet
  facet normal -1 0 0
    outer loop
      vertex 79 72 53
      vertex 79 75.1247 49.9006
      vertex 79 74.9451 49.8396
    endloop
  endfacet
  facet normal -1 0 0
    outer loop
      vertex 79 72 53
      vertex 79 74.9451 49.8396
      vertex 79 74.775 49.7557
    endloop
  endfacet
  facet normal -1 0 0
    outer loop
      vertex 79 72 53
      vertex 79 74.775 49.7557
      vertex 79 74.6173 49.6504
    endloop
  endfacet
  facet normal -1 0 0
    outer loop
      vertex 79 72 53
      vertex 79 74.05 48.5
      vertex 79 72 44
    endloop
  endfacet
  facet normal -1 0 0
    outer loop
      vertex 79 74.05 48.5
      vertex 79 72 53
      vertex 79 74.0624 48.6893
    endloop
  endfacet
  facet normal -1 0 0
    outer loop
      vertex 79 74.0624 48.6893
      vertex 79 72 53
      vertex 79 74.0994 48.8753
    endloop
  endfacet
  facet normal -1 0 0
    outer loop
      vertex 79 75.5 49.95
      vertex 79 72 53
      vertex 79 79 53
    endloop
  endfacet
  facet normal -1 0 0
    outer loop
      vertex 79 74.4747 49.5253
      vertex 79 72 53
      vertex 79 74.6173 49.6504
    endloop
  endfacet
  facet normal -1 0 0
    outer loop
      vertex 79 74.3496 49.3827
      vertex 79 72 53
      vertex 79 74.4747 49.5253
    endloop
  endfacet
  facet normal -1 0 0
    outer loop
      vertex 79 74.2443 49.225
      vertex 79 72 53
      vertex 79 74.3496 49.3827
    endloop
  endfacet
  facet normal -1 0 0
    outer loop
      vertex 79 74.1604 49.0549
      vertex 79 72 53
      vertex 79 74.2443 49.225
    endloop
  endfacet
  facet normal -1 0 0
    outer loop
      vertex 79 74.0994 48.8753
      vertex 79 72 53
      vertex 79 74.1604 49.0549
    endloop
  endfacet
  facet normal -0 0 1
    outer loop
      vertex 79 79 53
      vertex 86 72 53
      vertex 86 79 53
    endloop
  endfacet
  facet normal 0 0 1
    outer loop
      vertex 86 72 53
      vertex 79 79 53
      vertex 79 72 53
    endloop
  endfacet
  facet normal 0 0 -1
    outer loop
      vertex 79 72 44
      vertex 82.5 79 44
      vertex 82.5 72 44
    endloop
  endfacet
  facet normal -0 0 -1
    outer loop
      vertex 82.5 79 44
      vertex 79 72 44
      vertex 79 79 44
    endloop
  endfacet
  facet normal 0 -1 0
    outer loop
      vertex 79 72 53
      vertex 82.2 72 51.15
      vertex 86 72 53
    endloop
  endfacet
  facet normal 0 -1 0
    outer loop
      vertex 79 72 53
      vertex 82.2 72 45.85
      vertex 82.2 72 51.15
    endloop
  endfacet
  facet normal 0 -1 0
    outer loop
      vertex 82.5 72 44
      vertex 82.2 72 45.85
      vertex 79 72 44
    endloop
  endfacet
  facet normal 0 -1 0
    outer loop
      vertex 79 72 44
      vertex 82.2 72 45.85
      vertex 79 72 53
    endloop
  endfacet
  facet normal 0 -1 0
    outer loop
      vertex 85.4 72 51.15
      vertex 86 72 53
      vertex 82.2 72 51.15
    endloop
  endfacet
  facet normal 0 -1 0
    outer loop
      vertex 85.4 72 45.85
      vertex 86 72 53
      vertex 85.4 72 51.15
    endloop
  endfacet
  facet normal 0 -1 0
    outer loop
      vertex 82.2 72 45.85
      vertex 82.5 72 44
      vertex 85.4 72 45.85
    endloop
  endfacet
  facet normal 0 -1 0
    outer loop
      vertex 85.4 72 45.85
      vertex 86 72 40.5
      vertex 86 72 53
    endloop
  endfacet
  facet normal 0 -1 0
    outer loop
      vertex 86 72 40.5
      vertex 85.4 72 45.85
      vertex 82.5 72 44
    endloop
  endfacet
  facet normal -0.707107 0 -0.707107
    outer loop
      vertex 86 72 40.5
      vertex 82.5 79 44
      vertex 86 79 40.5
    endloop
  endfacet
  facet normal -0.707107 -0 -0.707107
    outer loop
      vertex 82.5 79 44
      vertex 86 72 40.5
      vertex 82.5 72 44
    endloop
  endfacet
  facet normal 0 -0.0653644 0.997861
    outer loop
      vertex 79 75.6893 47.0624
      vertex 82.2 75.5 47.05
      vertex 82.2 75.6893 47.0624
    endloop
  endfacet
  facet normal 0 -0.0653644 0.997861
    outer loop
      vertex 82.2 75.5 47.05
      vertex 79 75.6893 47.0624
      vertex 79 75.5 47.05
    endloop
  endfacet
  facet normal 0 -0.0653644 0.997861
    outer loop
      vertex 85.4 75.6893 47.0624
      vertex 86 75.5 47.05
      vertex 86 75.6893 47.0624
    endloop
  endfacet
  facet normal 0 -0.0653644 0.997861
    outer loop
      vertex 86 75.5 47.05
      vertex 85.4 75.6893 47.0624
      vertex 85.4 75.5 47.05
    endloop
  endfacet
  facet normal 0 0.0653644 -0.997861
    outer loop
      vertex 79 75.3107 49.9376
      vertex 82.2 75.5 49.95
      vertex 82.2 75.3107 49.9376
    endloop
  endfacet
  facet normal 0 0.0653644 -0.997861
    outer loop
      vertex 82.2 75.5 49.95
      vertex 79 75.3107 49.9376
      vertex 79 75.5 49.95
    endloop
  endfacet
  facet normal 0 0.0653644 -0.997861
    outer loop
      vertex 85.4 75.3107 49.9376
      vertex 86 75.5 49.95
      vertex 86 75.3107 49.9376
    endloop
  endfacet
  facet normal 0 0.0653644 -0.997861
    outer loop
      vertex 86 75.5 49.95
      vertex 85.4 75.3107 49.9376
      vertex 85.4 75.5 49.95
    endloop
  endfacet
  facet normal 0 -0.997861 -0.0653644
    outer loop
      vertex 79 76.95 48.5
      vertex 82.2 76.9376 48.6893
      vertex 79 76.9376 48.6893
    endloop
  endfacet
  facet normal 0 -0.997861 -0.0653644
    outer loop
      vertex 82.2 76.9376 48.6893
      vertex 79 76.95 48.5
      vertex 82.2 76.95 48.5
    endloop
  endfacet
  facet normal 0 -0.997861 -0.0653644
    outer loop
      vertex 85.4 76.95 48.5
      vertex 86 76.9376 48.6893
      vertex 85.4 76.9376 48.6893
    endloop
  endfacet
  facet normal 0 -0.997861 -0.0653644
    outer loop
      vertex 86 76.9376 48.6893
      vertex 85.4 76.95 48.5
      vertex 86 76.95 48.5
    endloop
  endfacet
  facet normal 0 -0.659474 -0.751727
    outer loop
      vertex 79 76.3827 49.6504
      vertex 82.2 76.5253 49.5253
      vertex 82.2 76.3827 49.6504
    endloop
  endfacet
  facet normal -0 -0.659474 -0.751727
    outer loop
      vertex 82.2 76.5253 49.5253
      vertex 79 76.3827 49.6504
      vertex 79 76.5253 49.5253
    endloop
  endfacet
  facet normal 0 -0.659474 -0.751727
    outer loop
      vertex 85.4 76.3827 49.6504
      vertex 86 76.5253 49.5253
      vertex 86 76.3827 49.6504
    endloop
  endfacet
  facet normal -0 -0.659474 -0.751727
    outer loop
      vertex 86 76.5253 49.5253
      vertex 85.4 76.3827 49.6504
      vertex 85.4 76.5253 49.5253
    endloop
  endfacet
  facet normal 0 -0.896839 -0.442356
    outer loop
      vertex 79 76.8396 49.0549
      vertex 82.2 76.7557 49.225
      vertex 79 76.7557 49.225
    endloop
  endfacet
  facet normal 0 -0.896839 -0.442356
    outer loop
      vertex 82.2 76.7557 49.225
      vertex 79 76.8396 49.0549
      vertex 82.2 76.8396 49.0549
    endloop
  endfacet
  facet normal 0 -0.896839 -0.442356
    outer loop
      vertex 85.4 76.8396 49.0549
      vertex 86 76.7557 49.225
      vertex 85.4 76.7557 49.225
    endloop
  endfacet
  facet normal 0 -0.896839 -0.442356
    outer loop
      vertex 86 76.7557 49.225
      vertex 85.4 76.8396 49.0549
      vertex 86 76.8396 49.0549
    endloop
  endfacet
  facet normal 0 -0.195102 0.980783
    outer loop
      vertex 79 75.8753 47.0994
      vertex 82.2 75.6893 47.0624
      vertex 82.2 75.8753 47.0994
    endloop
  endfacet
  facet normal 0 -0.195102 0.980783
    outer loop
      vertex 82.2 75.6893 47.0624
      vertex 79 75.8753 47.0994
      vertex 79 75.6893 47.0624
    endloop
  endfacet
  facet normal 0 -0.195102 0.980783
    outer loop
      vertex 85.4 75.8753 47.0994
      vertex 86 75.6893 47.0624
      vertex 86 75.8753 47.0994
    endloop
  endfacet
  facet normal 0 -0.195102 0.980783
    outer loop
      vertex 86 75.6893 47.0624
      vertex 85.4 75.8753 47.0994
      vertex 85.4 75.6893 47.0624
    endloop
  endfacet
  facet normal 0 -0.946876 0.3216
    outer loop
      vertex 79 76.8396 47.9451
      vertex 82.2 76.9006 48.1247
      vertex 79 76.9006 48.1247
    endloop
  endfacet
  facet normal 0 -0.946876 0.3216
    outer loop
      vertex 82.2 76.9006 48.1247
      vertex 79 76.8396 47.9451
      vertex 82.2 76.8396 47.9451
    endloop
  endfacet
  facet normal 0 -0.946876 0.3216
    outer loop
      vertex 85.4 76.8396 47.9451
      vertex 86 76.9006 48.1247
      vertex 85.4 76.9006 48.1247
    endloop
  endfacet
  facet normal 0 -0.946876 0.3216
    outer loop
      vertex 86 76.9006 48.1247
      vertex 85.4 76.8396 47.9451
      vertex 86 76.8396 47.9451
    endloop
  endfacet
  facet normal 0 -0.831644 0.555309
    outer loop
      vertex 79 76.6504 47.6173
      vertex 82.2 76.7557 47.775
      vertex 79 76.7557 47.775
    endloop
  endfacet
  facet normal 0 -0.831644 0.555309
    outer loop
      vertex 82.2 76.7557 47.775
      vertex 79 76.6504 47.6173
      vertex 82.2 76.6504 47.6173
    endloop
  endfacet
  facet normal 0 -0.831644 0.555309
    outer loop
      vertex 85.4 76.6504 47.6173
      vertex 86 76.7557 47.775
      vertex 85.4 76.7557 47.775
    endloop
  endfacet
  facet normal 0 -0.831644 0.555309
    outer loop
      vertex 86 76.7557 47.775
      vertex 85.4 76.6504 47.6173
      vertex 86 76.6504 47.6173
    endloop
  endfacet
  facet normal 0 -0.442356 -0.896839
    outer loop
      vertex 79 76.0549 49.8396
      vertex 82.2 76.225 49.7557
      vertex 82.2 76.0549 49.8396
    endloop
  endfacet
  facet normal -0 -0.442356 -0.896839
    outer loop
      vertex 82.2 76.225 49.7557
      vertex 79 76.0549 49.8396
      vertex 79 76.225 49.7557
    endloop
  endfacet
  facet normal 0 -0.442356 -0.896839
    outer loop
      vertex 85.4 76.0549 49.8396
      vertex 86 76.225 49.7557
      vertex 86 76.0549 49.8396
    endloop
  endfacet
  facet normal -0 -0.442356 -0.896839
    outer loop
      vertex 86 76.225 49.7557
      vertex 85.4 76.0549 49.8396
      vertex 85.4 76.225 49.7557
    endloop
  endfacet
  facet normal 0 -0.555309 -0.831644
    outer loop
      vertex 79 76.225 49.7557
      vertex 82.2 76.3827 49.6504
      vertex 82.2 76.225 49.7557
    endloop
  endfacet
  facet normal -0 -0.555309 -0.831644
    outer loop
      vertex 82.2 76.3827 49.6504
      vertex 79 76.225 49.7557
      vertex 79 76.3827 49.6504
    endloop
  endfacet
  facet normal 0 -0.555309 -0.831644
    outer loop
      vertex 85.4 76.225 49.7557
      vertex 86 76.3827 49.6504
      vertex 86 76.225 49.7557
    endloop
  endfacet
  facet normal -0 -0.555309 -0.831644
    outer loop
      vertex 86 76.3827 49.6504
      vertex 85.4 76.225 49.7557
      vertex 85.4 76.3827 49.6504
    endloop
  endfacet
  facet normal 0 -0.0653644 -0.997861
    outer loop
      vertex 79 75.5 49.95
      vertex 82.2 75.6893 49.9376
      vertex 82.2 75.5 49.95
    endloop
  endfacet
  facet normal -0 -0.0653644 -0.997861
    outer loop
      vertex 82.2 75.6893 49.9376
      vertex 79 75.5 49.95
      vertex 79 75.6893 49.9376
    endloop
  endfacet
  facet normal 0 -0.0653644 -0.997861
    outer loop
      vertex 85.4 75.5 49.95
      vertex 86 75.6893 49.9376
      vertex 86 75.5 49.95
    endloop
  endfacet
  facet normal -0 -0.0653644 -0.997861
    outer loop
      vertex 86 75.6893 49.9376
      vertex 85.4 75.5 49.95
      vertex 85.4 75.6893 49.9376
    endloop
  endfacet
  facet normal 0 -0.751727 -0.659474
    outer loop
      vertex 79 76.6504 49.3827
      vertex 82.2 76.5253 49.5253
      vertex 79 76.5253 49.5253
    endloop
  endfacet
  facet normal 0 -0.751727 -0.659474
    outer loop
      vertex 82.2 76.5253 49.5253
      vertex 79 76.6504 49.3827
      vertex 82.2 76.6504 49.3827
    endloop
  endfacet
  facet normal 0 -0.751727 -0.659474
    outer loop
      vertex 85.4 76.6504 49.3827
      vertex 86 76.5253 49.5253
      vertex 85.4 76.5253 49.5253
    endloop
  endfacet
  facet normal 0 -0.751727 -0.659474
    outer loop
      vertex 86 76.5253 49.5253
      vertex 85.4 76.6504 49.3827
      vertex 86 76.6504 49.3827
    endloop
  endfacet
  facet normal 0 -0.980783 -0.195102
    outer loop
      vertex 79 76.9376 48.6893
      vertex 82.2 76.9006 48.8753
      vertex 79 76.9006 48.8753
    endloop
  endfacet
  facet normal 0 -0.980783 -0.195102
    outer loop
      vertex 82.2 76.9006 48.8753
      vertex 79 76.9376 48.6893
      vertex 82.2 76.9376 48.6893
    endloop
  endfacet
  facet normal 0 -0.980783 -0.195102
    outer loop
      vertex 85.4 76.9376 48.6893
      vertex 86 76.9006 48.8753
      vertex 85.4 76.9006 48.8753
    endloop
  endfacet
  facet normal 0 -0.980783 -0.195102
    outer loop
      vertex 86 76.9006 48.8753
      vertex 85.4 76.9376 48.6893
      vertex 86 76.9376 48.6893
    endloop
  endfacet
  facet normal -0 0.0653644 0.997861
    outer loop
      vertex 79 75.5 47.05
      vertex 82.2 75.3107 47.0624
      vertex 82.2 75.5 47.05
    endloop
  endfacet
  facet normal 0 0.0653644 0.997861
    outer loop
      vertex 82.2 75.3107 47.0624
      vertex 79 75.5 47.05
      vertex 79 75.3107 47.0624
    endloop
  endfacet
  facet normal -0 0.0653644 0.997861
    outer loop
      vertex 85.4 75.5 47.05
      vertex 86 75.3107 47.0624
      vertex 86 75.5 47.05
    endloop
  endfacet
  facet normal 0 0.0653644 0.997861
    outer loop
      vertex 86 75.3107 47.0624
      vertex 85.4 75.5 47.05
      vertex 85.4 75.3107 47.0624
    endloop
  endfacet
  facet normal 0 0.980783 0.195102
    outer loop
      vertex 82.2 74.0994 48.1247
      vertex 79 74.0624 48.3107
      vertex 82.2 74.0624 48.3107
    endloop
  endfacet
  facet normal 0 0.980783 0.195102
    outer loop
      vertex 79 74.0624 48.3107
      vertex 82.2 74.0994 48.1247
      vertex 79 74.0994 48.1247
    endloop
  endfacet
  facet normal 0 0.980783 0.195102
    outer loop
      vertex 86 74.0994 48.1247
      vertex 85.4 74.0624 48.3107
      vertex 86 74.0624 48.3107
    endloop
  endfacet
  facet normal 0 0.980783 0.195102
    outer loop
      vertex 85.4 74.0624 48.3107
      vertex 86 74.0994 48.1247
      vertex 85.4 74.0994 48.1247
    endloop
  endfacet
  facet normal 0 -0.3216 0.946876
    outer loop
      vertex 79 76.0549 47.1604
      vertex 82.2 75.8753 47.0994
      vertex 82.2 76.0549 47.1604
    endloop
  endfacet
  facet normal 0 -0.3216 0.946876
    outer loop
      vertex 82.2 75.8753 47.0994
      vertex 79 76.0549 47.1604
      vertex 79 75.8753 47.0994
    endloop
  endfacet
  facet normal 0 -0.3216 0.946876
    outer loop
      vertex 85.4 76.0549 47.1604
      vertex 86 75.8753 47.0994
      vertex 86 76.0549 47.1604
    endloop
  endfacet
  facet normal 0 -0.3216 0.946876
    outer loop
      vertex 86 75.8753 47.0994
      vertex 85.4 76.0549 47.1604
      vertex 85.4 75.8753 47.0994
    endloop
  endfacet
  facet normal 0 -0.751727 0.659474
    outer loop
      vertex 79 76.5253 47.4747
      vertex 82.2 76.6504 47.6173
      vertex 79 76.6504 47.6173
    endloop
  endfacet
  facet normal 0 -0.751727 0.659474
    outer loop
      vertex 82.2 76.6504 47.6173
      vertex 79 76.5253 47.4747
      vertex 82.2 76.5253 47.4747
    endloop
  endfacet
  facet normal 0 -0.751727 0.659474
    outer loop
      vertex 85.4 76.5253 47.4747
      vertex 86 76.6504 47.6173
      vertex 85.4 76.6504 47.6173
    endloop
  endfacet
  facet normal 0 -0.751727 0.659474
    outer loop
      vertex 86 76.6504 47.6173
      vertex 85.4 76.5253 47.4747
      vertex 86 76.5253 47.4747
    endloop
  endfacet
  facet normal 0 -0.555309 0.831644
    outer loop
      vertex 79 76.3827 47.3496
      vertex 82.2 76.225 47.2443
      vertex 82.2 76.3827 47.3496
    endloop
  endfacet
  facet normal 0 -0.555309 0.831644
    outer loop
      vertex 82.2 76.225 47.2443
      vertex 79 76.3827 47.3496
      vertex 79 76.225 47.2443
    endloop
  endfacet
  facet normal 0 -0.555309 0.831644
    outer loop
      vertex 85.4 76.3827 47.3496
      vertex 86 76.225 47.2443
      vertex 86 76.3827 47.3496
    endloop
  endfacet
  facet normal 0 -0.555309 0.831644
    outer loop
      vertex 86 76.225 47.2443
      vertex 85.4 76.3827 47.3496
      vertex 85.4 76.225 47.2443
    endloop
  endfacet
  facet normal 0 -0.980783 0.195102
    outer loop
      vertex 79 76.9006 48.1247
      vertex 82.2 76.9376 48.3107
      vertex 79 76.9376 48.3107
    endloop
  endfacet
  facet normal 0 -0.980783 0.195102
    outer loop
      vertex 82.2 76.9376 48.3107
      vertex 79 76.9006 48.1247
      vertex 82.2 76.9006 48.1247
    endloop
  endfacet
  facet normal 0 -0.980783 0.195102
    outer loop
      vertex 85.4 76.9006 48.1247
      vertex 86 76.9376 48.3107
      vertex 85.4 76.9376 48.3107
    endloop
  endfacet
  facet normal 0 -0.980783 0.195102
    outer loop
      vertex 86 76.9376 48.3107
      vertex 85.4 76.9006 48.1247
      vertex 86 76.9006 48.1247
    endloop
  endfacet
  facet normal 0 -0.997861 0.0653644
    outer loop
      vertex 79 76.9376 48.3107
      vertex 82.2 76.95 48.5
      vertex 79 76.95 48.5
    endloop
  endfacet
  facet normal 0 -0.997861 0.0653644
    outer loop
      vertex 82.2 76.95 48.5
      vertex 79 76.9376 48.3107
      vertex 82.2 76.9376 48.3107
    endloop
  endfacet
  facet normal 0 -0.997861 0.0653644
    outer loop
      vertex 85.4 76.9376 48.3107
      vertex 86 76.95 48.5
      vertex 85.4 76.95 48.5
    endloop
  endfacet
  facet normal 0 -0.997861 0.0653644
    outer loop
      vertex 86 76.95 48.5
      vertex 85.4 76.9376 48.3107
      vertex 86 76.9376 48.3107
    endloop
  endfacet
  facet normal 0 -0.896839 0.442356
    outer loop
      vertex 79 76.7557 47.775
      vertex 82.2 76.8396 47.9451
      vertex 79 76.8396 47.9451
    endloop
  endfacet
  facet normal 0 -0.896839 0.442356
    outer loop
      vertex 82.2 76.8396 47.9451
      vertex 79 76.7557 47.775
      vertex 82.2 76.7557 47.775
    endloop
  endfacet
  facet normal 0 -0.896839 0.442356
    outer loop
      vertex 85.4 76.7557 47.775
      vertex 86 76.8396 47.9451
      vertex 85.4 76.8396 47.9451
    endloop
  endfacet
  facet normal 0 -0.896839 0.442356
    outer loop
      vertex 86 76.8396 47.9451
      vertex 85.4 76.7557 47.775
      vertex 86 76.7557 47.775
    endloop
  endfacet
  facet normal 0 -0.3216 -0.946876
    outer loop
      vertex 79 75.8753 49.9006
      vertex 82.2 76.0549 49.8396
      vertex 82.2 75.8753 49.9006
    endloop
  endfacet
  facet normal -0 -0.3216 -0.946876
    outer loop
      vertex 82.2 76.0549 49.8396
      vertex 79 75.8753 49.9006
      vertex 79 76.0549 49.8396
    endloop
  endfacet
  facet normal 0 -0.3216 -0.946876
    outer loop
      vertex 85.4 75.8753 49.9006
      vertex 86 76.0549 49.8396
      vertex 86 75.8753 49.9006
    endloop
  endfacet
  facet normal -0 -0.3216 -0.946876
    outer loop
      vertex 86 76.0549 49.8396
      vertex 85.4 75.8753 49.9006
      vertex 85.4 76.0549 49.8396
    endloop
  endfacet
  facet normal 0 -0.195102 -0.980783
    outer loop
      vertex 79 75.6893 49.9376
      vertex 82.2 75.8753 49.9006
      vertex 82.2 75.6893 49.9376
    endloop
  endfacet
  facet normal -0 -0.195102 -0.980783
    outer loop
      vertex 82.2 75.8753 49.9006
      vertex 79 75.6893 49.9376
      vertex 79 75.8753 49.9006
    endloop
  endfacet
  facet normal 0 -0.195102 -0.980783
    outer loop
      vertex 85.4 75.6893 49.9376
      vertex 86 75.8753 49.9006
      vertex 86 75.6893 49.9376
    endloop
  endfacet
  facet normal -0 -0.195102 -0.980783
    outer loop
      vertex 86 75.8753 49.9006
      vertex 85.4 75.6893 49.9376
      vertex 85.4 75.8753 49.9006
    endloop
  endfacet
  facet normal -0 0.555309 0.831644
    outer loop
      vertex 79 74.775 47.2443
      vertex 82.2 74.6173 47.3496
      vertex 82.2 74.775 47.2443
    endloop
  endfacet
  facet normal 0 0.555309 0.831644
    outer loop
      vertex 82.2 74.6173 47.3496
      vertex 79 74.775 47.2443
      vertex 79 74.6173 47.3496
    endloop
  endfacet
  facet normal -0 0.555309 0.831644
    outer loop
      vertex 85.4 74.775 47.2443
      vertex 86 74.6173 47.3496
      vertex 86 74.775 47.2443
    endloop
  endfacet
  facet normal 0 0.555309 0.831644
    outer loop
      vertex 86 74.6173 47.3496
      vertex 85.4 74.775 47.2443
      vertex 85.4 74.6173 47.3496
    endloop
  endfacet
  facet normal -0 0.195102 0.980783
    outer loop
      vertex 79 75.3107 47.0624
      vertex 82.2 75.1247 47.0994
      vertex 82.2 75.3107 47.0624
    endloop
  endfacet
  facet normal 0 0.195102 0.980783
    outer loop
      vertex 82.2 75.1247 47.0994
      vertex 79 75.3107 47.0624
      vertex 79 75.1247 47.0994
    endloop
  endfacet
  facet normal -0 0.195102 0.980783
    outer loop
      vertex 85.4 75.3107 47.0624
      vertex 86 75.1247 47.0994
      vertex 86 75.3107 47.0624
    endloop
  endfacet
  facet normal 0 0.195102 0.980783
    outer loop
      vertex 86 75.1247 47.0994
      vertex 85.4 75.3107 47.0624
      vertex 85.4 75.1247 47.0994
    endloop
  endfacet
  facet normal 0 0.442356 -0.896839
    outer loop
      vertex 79 74.775 49.7557
      vertex 82.2 74.9451 49.8396
      vertex 82.2 74.775 49.7557
    endloop
  endfacet
  facet normal 0 0.442356 -0.896839
    outer loop
      vertex 82.2 74.9451 49.8396
      vertex 79 74.775 49.7557
      vertex 79 74.9451 49.8396
    endloop
  endfacet
  facet normal 0 0.442356 -0.896839
    outer loop
      vertex 85.4 74.775 49.7557
      vertex 86 74.9451 49.8396
      vertex 86 74.775 49.7557
    endloop
  endfacet
  facet normal 0 0.442356 -0.896839
    outer loop
      vertex 86 74.9451 49.8396
      vertex 85.4 74.775 49.7557
      vertex 85.4 74.9451 49.8396
    endloop
  endfacet
  facet normal 0 0.896839 0.442356
    outer loop
      vertex 82.2 74.2443 47.775
      vertex 79 74.1604 47.9451
      vertex 82.2 74.1604 47.9451
    endloop
  endfacet
  facet normal 0 0.896839 0.442356
    outer loop
      vertex 79 74.1604 47.9451
      vertex 82.2 74.2443 47.775
      vertex 79 74.2443 47.775
    endloop
  endfacet
  facet normal 0 0.896839 0.442356
    outer loop
      vertex 86 74.2443 47.775
      vertex 85.4 74.1604 47.9451
      vertex 86 74.1604 47.9451
    endloop
  endfacet
  facet normal 0 0.896839 0.442356
    outer loop
      vertex 85.4 74.1604 47.9451
      vertex 86 74.2443 47.775
      vertex 85.4 74.2443 47.775
    endloop
  endfacet
  facet normal 0 0.946876 0.3216
    outer loop
      vertex 82.2 74.1604 47.9451
      vertex 79 74.0994 48.1247
      vertex 82.2 74.0994 48.1247
    endloop
  endfacet
  facet normal 0 0.946876 0.3216
    outer loop
      vertex 79 74.0994 48.1247
      vertex 82.2 74.1604 47.9451
      vertex 79 74.1604 47.9451
    endloop
  endfacet
  facet normal 0 0.946876 0.3216
    outer loop
      vertex 86 74.1604 47.9451
      vertex 85.4 74.0994 48.1247
      vertex 86 74.0994 48.1247
    endloop
  endfacet
  facet normal 0 0.946876 0.3216
    outer loop
      vertex 85.4 74.0994 48.1247
      vertex 86 74.1604 47.9451
      vertex 85.4 74.1604 47.9451
    endloop
  endfacet
  facet normal 0 -0.442356 0.896839
    outer loop
      vertex 79 76.225 47.2443
      vertex 82.2 76.0549 47.1604
      vertex 82.2 76.225 47.2443
    endloop
  endfacet
  facet normal 0 -0.442356 0.896839
    outer loop
      vertex 82.2 76.0549 47.1604
      vertex 79 76.225 47.2443
      vertex 79 76.0549 47.1604
    endloop
  endfacet
  facet normal 0 -0.442356 0.896839
    outer loop
      vertex 85.4 76.225 47.2443
      vertex 86 76.0549 47.1604
      vertex 86 76.225 47.2443
    endloop
  endfacet
  facet normal 0 -0.442356 0.896839
    outer loop
      vertex 86 76.0549 47.1604
      vertex 85.4 76.225 47.2443
      vertex 85.4 76.0549 47.1604
    endloop
  endfacet
  facet normal 0 -0.659474 0.751727
    outer loop
      vertex 79 76.5253 47.4747
      vertex 82.2 76.3827 47.3496
      vertex 82.2 76.5253 47.4747
    endloop
  endfacet
  facet normal 0 -0.659474 0.751727
    outer loop
      vertex 82.2 76.3827 47.3496
      vertex 79 76.5253 47.4747
      vertex 79 76.3827 47.3496
    endloop
  endfacet
  facet normal 0 -0.659474 0.751727
    outer loop
      vertex 85.4 76.5253 47.4747
      vertex 86 76.3827 47.3496
      vertex 86 76.5253 47.4747
    endloop
  endfacet
  facet normal 0 -0.659474 0.751727
    outer loop
      vertex 86 76.3827 47.3496
      vertex 85.4 76.5253 47.4747
      vertex 85.4 76.3827 47.3496
    endloop
  endfacet
  facet normal 0 -0.831644 -0.555309
    outer loop
      vertex 79 76.7557 49.225
      vertex 82.2 76.6504 49.3827
      vertex 79 76.6504 49.3827
    endloop
  endfacet
  facet normal 0 -0.831644 -0.555309
    outer loop
      vertex 82.2 76.6504 49.3827
      vertex 79 76.7557 49.225
      vertex 82.2 76.7557 49.225
    endloop
  endfacet
  facet normal 0 -0.831644 -0.555309
    outer loop
      vertex 85.4 76.7557 49.225
      vertex 86 76.6504 49.3827
      vertex 85.4 76.6504 49.3827
    endloop
  endfacet
  facet normal 0 -0.831644 -0.555309
    outer loop
      vertex 86 76.6504 49.3827
      vertex 85.4 76.7557 49.225
      vertex 86 76.7557 49.225
    endloop
  endfacet
  facet normal 0 -0.946876 -0.3216
    outer loop
      vertex 79 76.9006 48.8753
      vertex 82.2 76.8396 49.0549
      vertex 79 76.8396 49.0549
    endloop
  endfacet
  facet normal 0 -0.946876 -0.3216
    outer loop
      vertex 82.2 76.8396 49.0549
      vertex 79 76.9006 48.8753
      vertex 82.2 76.9006 48.8753
    endloop
  endfacet
  facet normal 0 -0.946876 -0.3216
    outer loop
      vertex 85.4 76.9006 48.8753
      vertex 86 76.8396 49.0549
      vertex 85.4 76.8396 49.0549
    endloop
  endfacet
  facet normal 0 -0.946876 -0.3216
    outer loop
      vertex 86 76.8396 49.0549
      vertex 85.4 76.9006 48.8753
      vertex 86 76.9006 48.8753
    endloop
  endfacet
  facet normal 0 0.831644 0.555309
    outer loop
      vertex 82.2 74.3496 47.6173
      vertex 79 74.2443 47.775
      vertex 82.2 74.2443 47.775
    endloop
  endfacet
  facet normal 0 0.831644 0.555309
    outer loop
      vertex 79 74.2443 47.775
      vertex 82.2 74.3496 47.6173
      vertex 79 74.3496 47.6173
    endloop
  endfacet
  facet normal 0 0.831644 0.555309
    outer loop
      vertex 86 74.3496 47.6173
      vertex 85.4 74.2443 47.775
      vertex 86 74.2443 47.775
    endloop
  endfacet
  facet normal 0 0.831644 0.555309
    outer loop
      vertex 85.4 74.2443 47.775
      vertex 86 74.3496 47.6173
      vertex 85.4 74.3496 47.6173
    endloop
  endfacet
  facet normal -0 0.659474 0.751727
    outer loop
      vertex 79 74.6173 47.3496
      vertex 82.2 74.4747 47.4747
      vertex 82.2 74.6173 47.3496
    endloop
  endfacet
  facet normal 0 0.659474 0.751727
    outer loop
      vertex 82.2 74.4747 47.4747
      vertex 79 74.6173 47.3496
      vertex 79 74.4747 47.4747
    endloop
  endfacet
  facet normal -0 0.659474 0.751727
    outer loop
      vertex 85.4 74.6173 47.3496
      vertex 86 74.4747 47.4747
      vertex 86 74.6173 47.3496
    endloop
  endfacet
  facet normal 0 0.659474 0.751727
    outer loop
      vertex 86 74.4747 47.4747
      vertex 85.4 74.6173 47.3496
      vertex 85.4 74.4747 47.4747
    endloop
  endfacet
  facet normal -0 0.442356 0.896839
    outer loop
      vertex 79 74.9451 47.1604
      vertex 82.2 74.775 47.2443
      vertex 82.2 74.9451 47.1604
    endloop
  endfacet
  facet normal 0 0.442356 0.896839
    outer loop
      vertex 82.2 74.775 47.2443
      vertex 79 74.9451 47.1604
      vertex 79 74.775 47.2443
    endloop
  endfacet
  facet normal -0 0.442356 0.896839
    outer loop
      vertex 85.4 74.9451 47.1604
      vertex 86 74.775 47.2443
      vertex 86 74.9451 47.1604
    endloop
  endfacet
  facet normal 0 0.442356 0.896839
    outer loop
      vertex 86 74.775 47.2443
      vertex 85.4 74.9451 47.1604
      vertex 85.4 74.775 47.2443
    endloop
  endfacet
  facet normal -0 0.3216 0.946876
    outer loop
      vertex 79 75.1247 47.0994
      vertex 82.2 74.9451 47.1604
      vertex 82.2 75.1247 47.0994
    endloop
  endfacet
  facet normal 0 0.3216 0.946876
    outer loop
      vertex 82.2 74.9451 47.1604
      vertex 79 75.1247 47.0994
      vertex 79 74.9451 47.1604
    endloop
  endfacet
  facet normal -0 0.3216 0.946876
    outer loop
      vertex 85.4 75.1247 47.0994
      vertex 86 74.9451 47.1604
      vertex 86 75.1247 47.0994
    endloop
  endfacet
  facet normal 0 0.3216 0.946876
    outer loop
      vertex 86 74.9451 47.1604
      vertex 85.4 75.1247 47.0994
      vertex 85.4 74.9451 47.1604
    endloop
  endfacet
  facet normal 0 0.997861 0.0653644
    outer loop
      vertex 82.2 74.0624 48.3107
      vertex 79 74.05 48.5
      vertex 82.2 74.05 48.5
    endloop
  endfacet
  facet normal 0 0.997861 0.0653644
    outer loop
      vertex 79 74.05 48.5
      vertex 82.2 74.0624 48.3107
      vertex 79 74.0624 48.3107
    endloop
  endfacet
  facet normal 0 0.997861 0.0653644
    outer loop
      vertex 86 74.0624 48.3107
      vertex 85.4 74.05 48.5
      vertex 86 74.05 48.5
    endloop
  endfacet
  facet normal 0 0.997861 0.0653644
    outer loop
      vertex 85.4 74.05 48.5
      vertex 86 74.0624 48.3107
      vertex 85.4 74.0624 48.3107
    endloop
  endfacet
  facet normal 0 0.946876 -0.3216
    outer loop
      vertex 82.2 74.0994 48.8753
      vertex 79 74.1604 49.0549
      vertex 82.2 74.1604 49.0549
    endloop
  endfacet
  facet normal 0 0.946876 -0.3216
    outer loop
      vertex 79 74.1604 49.0549
      vertex 82.2 74.0994 48.8753
      vertex 79 74.0994 48.8753
    endloop
  endfacet
  facet normal 0 0.946876 -0.3216
    outer loop
      vertex 86 74.0994 48.8753
      vertex 85.4 74.1604 49.0549
      vertex 86 74.1604 49.0549
    endloop
  endfacet
  facet normal 0 0.946876 -0.3216
    outer loop
      vertex 85.4 74.1604 49.0549
      vertex 86 74.0994 48.8753
      vertex 85.4 74.0994 48.8753
    endloop
  endfacet
  facet normal 0 0.751727 -0.659474
    outer loop
      vertex 82.2 74.3496 49.3827
      vertex 79 74.4747 49.5253
      vertex 82.2 74.4747 49.5253
    endloop
  endfacet
  facet normal 0 0.751727 -0.659474
    outer loop
      vertex 79 74.4747 49.5253
      vertex 82.2 74.3496 49.3827
      vertex 79 74.3496 49.3827
    endloop
  endfacet
  facet normal 0 0.751727 -0.659474
    outer loop
      vertex 86 74.3496 49.3827
      vertex 85.4 74.4747 49.5253
      vertex 86 74.4747 49.5253
    endloop
  endfacet
  facet normal 0 0.751727 -0.659474
    outer loop
      vertex 85.4 74.4747 49.5253
      vertex 86 74.3496 49.3827
      vertex 85.4 74.3496 49.3827
    endloop
  endfacet
  facet normal 0 0.195102 -0.980783
    outer loop
      vertex 79 75.1247 49.9006
      vertex 82.2 75.3107 49.9376
      vertex 82.2 75.1247 49.9006
    endloop
  endfacet
  facet normal 0 0.195102 -0.980783
    outer loop
      vertex 82.2 75.3107 49.9376
      vertex 79 75.1247 49.9006
      vertex 79 75.3107 49.9376
    endloop
  endfacet
  facet normal 0 0.195102 -0.980783
    outer loop
      vertex 85.4 75.1247 49.9006
      vertex 86 75.3107 49.9376
      vertex 86 75.1247 49.9006
    endloop
  endfacet
  facet normal 0 0.195102 -0.980783
    outer loop
      vertex 86 75.3107 49.9376
      vertex 85.4 75.1247 49.9006
      vertex 85.4 75.3107 49.9376
    endloop
  endfacet
  facet normal 0 0.751727 0.659474
    outer loop
      vertex 82.2 74.4747 47.4747
      vertex 79 74.3496 47.6173
      vertex 82.2 74.3496 47.6173
    endloop
  endfacet
  facet normal 0 0.751727 0.659474
    outer loop
      vertex 79 74.3496 47.6173
      vertex 82.2 74.4747 47.4747
      vertex 79 74.4747 47.4747
    endloop
  endfacet
  facet normal 0 0.751727 0.659474
    outer loop
      vertex 86 74.4747 47.4747
      vertex 85.4 74.3496 47.6173
      vertex 86 74.3496 47.6173
    endloop
  endfacet
  facet normal 0 0.751727 0.659474
    outer loop
      vertex 85.4 74.3496 47.6173
      vertex 86 74.4747 47.4747
      vertex 85.4 74.4747 47.4747
    endloop
  endfacet
  facet normal 0 0.997861 -0.0653644
    outer loop
      vertex 82.2 74.05 48.5
      vertex 79 74.0624 48.6893
      vertex 82.2 74.0624 48.6893
    endloop
  endfacet
  facet normal 0 0.997861 -0.0653644
    outer loop
      vertex 79 74.0624 48.6893
      vertex 82.2 74.05 48.5
      vertex 79 74.05 48.5
    endloop
  endfacet
  facet normal 0 0.997861 -0.0653644
    outer loop
      vertex 86 74.05 48.5
      vertex 85.4 74.0624 48.6893
      vertex 86 74.0624 48.6893
    endloop
  endfacet
  facet normal 0 0.997861 -0.0653644
    outer loop
      vertex 85.4 74.0624 48.6893
      vertex 86 74.05 48.5
      vertex 85.4 74.05 48.5
    endloop
  endfacet
  facet normal 0 0.659474 -0.751727
    outer loop
      vertex 79 74.4747 49.5253
      vertex 82.2 74.6173 49.6504
      vertex 82.2 74.4747 49.5253
    endloop
  endfacet
  facet normal 0 0.659474 -0.751727
    outer loop
      vertex 82.2 74.6173 49.6504
      vertex 79 74.4747 49.5253
      vertex 79 74.6173 49.6504
    endloop
  endfacet
  facet normal 0 0.659474 -0.751727
    outer loop
      vertex 85.4 74.4747 49.5253
      vertex 86 74.6173 49.6504
      vertex 86 74.4747 49.5253
    endloop
  endfacet
  facet normal 0 0.659474 -0.751727
    outer loop
      vertex 86 74.6173 49.6504
      vertex 85.4 74.4747 49.5253
      vertex 85.4 74.6173 49.6504
    endloop
  endfacet
  facet normal 0 0.555309 -0.831644
    outer loop
      vertex 79 74.6173 49.6504
      vertex 82.2 74.775 49.7557
      vertex 82.2 74.6173 49.6504
    endloop
  endfacet
  facet normal 0 0.555309 -0.831644
    outer loop
      vertex 82.2 74.775 49.7557
      vertex 79 74.6173 49.6504
      vertex 79 74.775 49.7557
    endloop
  endfacet
  facet normal 0 0.555309 -0.831644
    outer loop
      vertex 85.4 74.6173 49.6504
      vertex 86 74.775 49.7557
      vertex 86 74.6173 49.6504
    endloop
  endfacet
  facet normal 0 0.555309 -0.831644
    outer loop
      vertex 86 74.775 49.7557
      vertex 85.4 74.6173 49.6504
      vertex 85.4 74.775 49.7557
    endloop
  endfacet
  facet normal 0 0.3216 -0.946876
    outer loop
      vertex 79 74.9451 49.8396
      vertex 82.2 75.1247 49.9006
      vertex 82.2 74.9451 49.8396
    endloop
  endfacet
  facet normal 0 0.3216 -0.946876
    outer loop
      vertex 82.2 75.1247 49.9006
      vertex 79 74.9451 49.8396
      vertex 79 75.1247 49.9006
    endloop
  endfacet
  facet normal 0 0.3216 -0.946876
    outer loop
      vertex 85.4 74.9451 49.8396
      vertex 86 75.1247 49.9006
      vertex 86 74.9451 49.8396
    endloop
  endfacet
  facet normal 0 0.3216 -0.946876
    outer loop
      vertex 86 75.1247 49.9006
      vertex 85.4 74.9451 49.8396
      vertex 85.4 75.1247 49.9006
    endloop
  endfacet
  facet normal 0 0.980783 -0.195102
    outer loop
      vertex 82.2 74.0624 48.6893
      vertex 79 74.0994 48.8753
      vertex 82.2 74.0994 48.8753
    endloop
  endfacet
  facet normal 0 0.980783 -0.195102
    outer loop
      vertex 79 74.0994 48.8753
      vertex 82.2 74.0624 48.6893
      vertex 79 74.0624 48.6893
    endloop
  endfacet
  facet normal 0 0.980783 -0.195102
    outer loop
      vertex 86 74.0624 48.6893
      vertex 85.4 74.0994 48.8753
      vertex 86 74.0994 48.8753
    endloop
  endfacet
  facet normal 0 0.980783 -0.195102
    outer loop
      vertex 85.4 74.0994 48.8753
      vertex 86 74.0624 48.6893
      vertex 85.4 74.0624 48.6893
    endloop
  endfacet
  facet normal 0 0.831644 -0.555309
    outer loop
      vertex 82.2 74.2443 49.225
      vertex 79 74.3496 49.3827
      vertex 82.2 74.3496 49.3827
    endloop
  endfacet
  facet normal 0 0.831644 -0.555309
    outer loop
      vertex 79 74.3496 49.3827
      vertex 82.2 74.2443 49.225
      vertex 79 74.2443 49.225
    endloop
  endfacet
  facet normal 0 0.831644 -0.555309
    outer loop
      vertex 86 74.2443 49.225
      vertex 85.4 74.3496 49.3827
      vertex 86 74.3496 49.3827
    endloop
  endfacet
  facet normal 0 0.831644 -0.555309
    outer loop
      vertex 85.4 74.3496 49.3827
      vertex 86 74.2443 49.225
      vertex 85.4 74.2443 49.225
    endloop
  endfacet
  facet normal 0 0.896839 -0.442356
    outer loop
      vertex 82.2 74.1604 49.0549
      vertex 79 74.2443 49.225
      vertex 82.2 74.2443 49.225
    endloop
  endfacet
  facet normal 0 0.896839 -0.442356
    outer loop
      vertex 79 74.2443 49.225
      vertex 82.2 74.1604 49.0549
      vertex 79 74.1604 49.0549
    endloop
  endfacet
  facet normal 0 0.896839 -0.442356
    outer loop
      vertex 86 74.1604 49.0549
      vertex 85.4 74.2443 49.225
      vertex 86 74.2443 49.225
    endloop
  endfacet
  facet normal 0 0.896839 -0.442356
    outer loop
      vertex 85.4 74.2443 49.225
      vertex 86 74.1604 49.0549
      vertex 85.4 74.1604 49.0549
    endloop
  endfacet
  facet normal 0 -0.866022 -0.500005
    outer loop
      vertex 82.2 78.56 48.5
      vertex 85.4 77.03 51.15
      vertex 82.2 77.03 51.15
    endloop
  endfacet
  facet normal 0 -0.866022 -0.500005
    outer loop
      vertex 85.4 77.03 51.15
      vertex 82.2 78.56 48.5
      vertex 85.4 78.56 48.5
    endloop
  endfacet
  facet normal 0 0 -1
    outer loop
      vertex 82.2 72 51.15
      vertex 85.4 77.03 51.15
      vertex 85.4 72 51.15
    endloop
  endfacet
  facet normal -0 0 -1
    outer loop
      vertex 85.4 77.03 51.15
      vertex 82.2 72 51.15
      vertex 82.2 77.03 51.15
    endloop
  endfacet
  facet normal -0 0 1
    outer loop
      vertex 82.2 77.03 45.85
      vertex 85.4 72 45.85
      vertex 85.4 77.03 45.85
    endloop
  endfacet
  facet normal 0 0 1
    outer loop
      vertex 85.4 72 45.85
      vertex 82.2 77.03 45.85
      vertex 82.2 72 45.85
    endloop
  endfacet
  facet normal -1 0 0
    outer loop
      vertex 85.4 76.7557 47.775
      vertex 85.4 78.56 48.5
      vertex 85.4 77.03 45.85
    endloop
  endfacet
  facet normal -1 0 0
    outer loop
      vertex 85.4 76.9376 48.6893
      vertex 85.4 78.56 48.5
      vertex 85.4 76.95 48.5
    endloop
  endfacet
  facet normal -1 -0 0
    outer loop
      vertex 85.4 78.56 48.5
      vertex 85.4 76.9376 48.3107
      vertex 85.4 76.95 48.5
    endloop
  endfacet
  facet normal -1 0 0
    outer loop
      vertex 85.4 78.56 48.5
      vertex 85.4 76.9006 48.1247
      vertex 85.4 76.9376 48.3107
    endloop
  endfacet
  facet normal -1 0 0
    outer loop
      vertex 85.4 78.56 48.5
      vertex 85.4 76.8396 47.9451
      vertex 85.4 76.9006 48.1247
    endloop
  endfacet
  facet normal -1 0 0
    outer loop
      vertex 85.4 78.56 48.5
      vertex 85.4 76.7557 47.775
      vertex 85.4 76.8396 47.9451
    endloop
  endfacet
  facet normal -1 0 0
    outer loop
      vertex 85.4 77.03 45.85
      vertex 85.4 76.6504 47.6173
      vertex 85.4 76.7557 47.775
    endloop
  endfacet
  facet normal -1 0 0
    outer loop
      vertex 85.4 77.03 45.85
      vertex 85.4 76.5253 47.4747
      vertex 85.4 76.6504 47.6173
    endloop
  endfacet
  facet normal -1 0 0
    outer loop
      vertex 85.4 77.03 45.85
      vertex 85.4 76.3827 47.3496
      vertex 85.4 76.5253 47.4747
    endloop
  endfacet
  facet normal -1 0 0
    outer loop
      vertex 85.4 77.03 45.85
      vertex 85.4 76.225 47.2443
      vertex 85.4 76.3827 47.3496
    endloop
  endfacet
  facet normal -1 0 0
    outer loop
      vertex 85.4 77.03 45.85
      vertex 85.4 76.0549 47.1604
      vertex 85.4 76.225 47.2443
    endloop
  endfacet
  facet normal -1 0 0
    outer loop
      vertex 85.4 77.03 45.85
      vertex 85.4 75.8753 47.0994
      vertex 85.4 76.0549 47.1604
    endloop
  endfacet
  facet normal -1 0 0
    outer loop
      vertex 85.4 77.03 45.85
      vertex 85.4 75.6893 47.0624
      vertex 85.4 75.8753 47.0994
    endloop
  endfacet
  facet normal -1 0 0
    outer loop
      vertex 85.4 77.03 45.85
      vertex 85.4 75.5 47.05
      vertex 85.4 75.6893 47.0624
    endloop
  endfacet
  facet normal -1 0 0
    outer loop
      vertex 85.4 77.03 45.85
      vertex 85.4 75.3107 47.0624
      vertex 85.4 75.5 47.05
    endloop
  endfacet
  facet normal -1 0 0
    outer loop
      vertex 85.4 77.03 45.85
      vertex 85.4 75.1247 47.0994
      vertex 85.4 75.3107 47.0624
    endloop
  endfacet
  facet normal -1 0 0
    outer loop
      vertex 85.4 72 45.85
      vertex 85.4 75.1247 47.0994
      vertex 85.4 77.03 45.85
    endloop
  endfacet
  facet normal -1 -0 0
    outer loop
      vertex 85.4 75.1247 47.0994
      vertex 85.4 72 45.85
      vertex 85.4 74.9451 47.1604
    endloop
  endfacet
  facet normal -1 -0 0
    outer loop
      vertex 85.4 74.0624 48.3107
      vertex 85.4 72 45.85
      vertex 85.4 74.05 48.5
    endloop
  endfacet
  facet normal -1 -0 0
    outer loop
      vertex 85.4 74.0994 48.1247
      vertex 85.4 72 45.85
      vertex 85.4 74.0624 48.3107
    endloop
  endfacet
  facet normal -1 -0 0
    outer loop
      vertex 85.4 74.1604 47.9451
      vertex 85.4 72 45.85
      vertex 85.4 74.0994 48.1247
    endloop
  endfacet
  facet normal -1 -0 0
    outer loop
      vertex 85.4 74.2443 47.775
      vertex 85.4 72 45.85
      vertex 85.4 74.1604 47.9451
    endloop
  endfacet
  facet normal -1 -0 0
    outer loop
      vertex 85.4 74.3496 47.6173
      vertex 85.4 72 45.85
      vertex 85.4 74.2443 47.775
    endloop
  endfacet
  facet normal -1 -0 0
    outer loop
      vertex 85.4 74.4747 47.4747
      vertex 85.4 72 45.85
      vertex 85.4 74.3496 47.6173
    endloop
  endfacet
  facet normal -1 -0 0
    outer loop
      vertex 85.4 74.6173 47.3496
      vertex 85.4 72 45.85
      vertex 85.4 74.4747 47.4747
    endloop
  endfacet
  facet normal -1 -0 0
    outer loop
      vertex 85.4 74.775 47.2443
      vertex 85.4 72 45.85
      vertex 85.4 74.6173 47.3496
    endloop
  endfacet
  facet normal -1 -0 0
    outer loop
      vertex 85.4 74.9451 47.1604
      vertex 85.4 72 45.85
      vertex 85.4 74.775 47.2443
    endloop
  endfacet
  facet normal -1 0 0
    outer loop
      vertex 85.4 76.9006 48.8753
      vertex 85.4 78.56 48.5
      vertex 85.4 76.9376 48.6893
    endloop
  endfacet
  facet normal -1 0 0
    outer loop
      vertex 85.4 76.8396 49.0549
      vertex 85.4 78.56 48.5
      vertex 85.4 76.9006 48.8753
    endloop
  endfacet
  facet normal -1 0 0
    outer loop
      vertex 85.4 76.7557 49.225
      vertex 85.4 78.56 48.5
      vertex 85.4 76.8396 49.0549
    endloop
  endfacet
  facet normal -1 0 0
    outer loop
      vertex 85.4 78.56 48.5
      vertex 85.4 76.7557 49.225
      vertex 85.4 77.03 51.15
    endloop
  endfacet
  facet normal -1 0 0
    outer loop
      vertex 85.4 76.6504 49.3827
      vertex 85.4 77.03 51.15
      vertex 85.4 76.7557 49.225
    endloop
  endfacet
  facet normal -1 0 0
    outer loop
      vertex 85.4 76.5253 49.5253
      vertex 85.4 77.03 51.15
      vertex 85.4 76.6504 49.3827
    endloop
  endfacet
  facet normal -1 0 0
    outer loop
      vertex 85.4 76.3827 49.6504
      vertex 85.4 77.03 51.15
      vertex 85.4 76.5253 49.5253
    endloop
  endfacet
  facet normal -1 0 0
    outer loop
      vertex 85.4 76.225 49.7557
      vertex 85.4 77.03 51.15
      vertex 85.4 76.3827 49.6504
    endloop
  endfacet
  facet normal -1 0 0
    outer loop
      vertex 85.4 76.0549 49.8396
      vertex 85.4 77.03 51.15
      vertex 85.4 76.225 49.7557
    endloop
  endfacet
  facet normal -1 0 0
    outer loop
      vertex 85.4 75.8753 49.9006
      vertex 85.4 77.03 51.15
      vertex 85.4 76.0549 49.8396
    endloop
  endfacet
  facet normal -1 0 0
    outer loop
      vertex 85.4 75.6893 49.9376
      vertex 85.4 77.03 51.15
      vertex 85.4 75.8753 49.9006
    endloop
  endfacet
  facet normal -1 0 0
    outer loop
      vertex 85.4 75.5 49.95
      vertex 85.4 77.03 51.15
      vertex 85.4 75.6893 49.9376
    endloop
  endfacet
  facet normal -1 0 0
    outer loop
      vertex 85.4 75.3107 49.9376
      vertex 85.4 77.03 51.15
      vertex 85.4 75.5 49.95
    endloop
  endfacet
  facet normal -1 0 0
    outer loop
      vertex 85.4 75.1247 49.9006
      vertex 85.4 77.03 51.15
      vertex 85.4 75.3107 49.9376
    endloop
  endfacet
  facet normal -1 0 0
    outer loop
      vertex 85.4 72 51.15
      vertex 85.4 75.1247 49.9006
      vertex 85.4 74.9451 49.8396
    endloop
  endfacet
  facet normal -1 0 0
    outer loop
      vertex 85.4 72 51.15
      vertex 85.4 74.9451 49.8396
      vertex 85.4 74.775 49.7557
    endloop
  endfacet
  facet normal -1 0 0
    outer loop
      vertex 85.4 72 51.15
      vertex 85.4 74.05 48.5
      vertex 85.4 72 45.85
    endloop
  endfacet
  facet normal -1 0 0
    outer loop
      vertex 85.4 74.05 48.5
      vertex 85.4 72 51.15
      vertex 85.4 74.0624 48.6893
    endloop
  endfacet
  facet normal -1 0 0
    outer loop
      vertex 85.4 74.0624 48.6893
      vertex 85.4 72 51.15
      vertex 85.4 74.0994 48.8753
    endloop
  endfacet
  facet normal -1 0 0
    outer loop
      vertex 85.4 74.0994 48.8753
      vertex 85.4 72 51.15
      vertex 85.4 74.1604 49.0549
    endloop
  endfacet
  facet normal -1 0 0
    outer loop
      vertex 85.4 75.1247 49.9006
      vertex 85.4 72 51.15
      vertex 85.4 77.03 51.15
    endloop
  endfacet
  facet normal -1 0 0
    outer loop
      vertex 85.4 74.6173 49.6504
      vertex 85.4 72 51.15
      vertex 85.4 74.775 49.7557
    endloop
  endfacet
  facet normal -1 0 0
    outer loop
      vertex 85.4 74.4747 49.5253
      vertex 85.4 72 51.15
      vertex 85.4 74.6173 49.6504
    endloop
  endfacet
  facet normal -1 0 0
    outer loop
      vertex 85.4 74.3496 49.3827
      vertex 85.4 72 51.15
      vertex 85.4 74.4747 49.5253
    endloop
  endfacet
  facet normal -1 0 0
    outer loop
      vertex 85.4 74.2443 49.225
      vertex 85.4 72 51.15
      vertex 85.4 74.3496 49.3827
    endloop
  endfacet
  facet normal -1 0 0
    outer loop
      vertex 85.4 74.1604 49.0549
      vertex 85.4 72 51.15
      vertex 85.4 74.2443 49.225
    endloop
  endfacet
  facet normal 1 -0 0
    outer loop
      vertex 82.2 76.7557 49.225
      vertex 82.2 78.56 48.5
      vertex 82.2 77.03 51.15
    endloop
  endfacet
  facet normal 1 0 0
    outer loop
      vertex 82.2 76.9376 48.3107
      vertex 82.2 78.56 48.5
      vertex 82.2 76.95 48.5
    endloop
  endfacet
  facet normal 1 0 0
    outer loop
      vertex 82.2 78.56 48.5
      vertex 82.2 76.9376 48.6893
      vertex 82.2 76.95 48.5
    endloop
  endfacet
  facet normal 1 0 0
    outer loop
      vertex 82.2 78.56 48.5
      vertex 82.2 76.9006 48.8753
      vertex 82.2 76.9376 48.6893
    endloop
  endfacet
  facet normal 1 0 0
    outer loop
      vertex 82.2 78.56 48.5
      vertex 82.2 76.8396 49.0549
      vertex 82.2 76.9006 48.8753
    endloop
  endfacet
  facet normal 1 0 0
    outer loop
      vertex 82.2 78.56 48.5
      vertex 82.2 76.7557 49.225
      vertex 82.2 76.8396 49.0549
    endloop
  endfacet
  facet normal 1 0 0
    outer loop
      vertex 82.2 77.03 51.15
      vertex 82.2 76.6504 49.3827
      vertex 82.2 76.7557 49.225
    endloop
  endfacet
  facet normal 1 0 0
    outer loop
      vertex 82.2 77.03 51.15
      vertex 82.2 76.5253 49.5253
      vertex 82.2 76.6504 49.3827
    endloop
  endfacet
  facet normal 1 0 0
    outer loop
      vertex 82.2 77.03 51.15
      vertex 82.2 76.3827 49.6504
      vertex 82.2 76.5253 49.5253
    endloop
  endfacet
  facet normal 1 0 0
    outer loop
      vertex 82.2 77.03 51.15
      vertex 82.2 76.225 49.7557
      vertex 82.2 76.3827 49.6504
    endloop
  endfacet
  facet normal 1 0 0
    outer loop
      vertex 82.2 77.03 51.15
      vertex 82.2 76.0549 49.8396
      vertex 82.2 76.225 49.7557
    endloop
  endfacet
  facet normal 1 0 0
    outer loop
      vertex 82.2 77.03 51.15
      vertex 82.2 75.8753 49.9006
      vertex 82.2 76.0549 49.8396
    endloop
  endfacet
  facet normal 1 0 0
    outer loop
      vertex 82.2 77.03 51.15
      vertex 82.2 75.6893 49.9376
      vertex 82.2 75.8753 49.9006
    endloop
  endfacet
  facet normal 1 0 0
    outer loop
      vertex 82.2 77.03 51.15
      vertex 82.2 75.5 49.95
      vertex 82.2 75.6893 49.9376
    endloop
  endfacet
  facet normal 1 0 0
    outer loop
      vertex 82.2 77.03 51.15
      vertex 82.2 75.3107 49.9376
      vertex 82.2 75.5 49.95
    endloop
  endfacet
  facet normal 1 0 0
    outer loop
      vertex 82.2 77.03 51.15
      vertex 82.2 75.1247 49.9006
      vertex 82.2 75.3107 49.9376
    endloop
  endfacet
  facet normal 1 -0 0
    outer loop
      vertex 82.2 72 51.15
      vertex 82.2 75.1247 49.9006
      vertex 82.2 77.03 51.15
    endloop
  endfacet
  facet normal 1 0 0
    outer loop
      vertex 82.2 75.1247 49.9006
      vertex 82.2 72 51.15
      vertex 82.2 74.9451 49.8396
    endloop
  endfacet
  facet normal 1 0 0
    outer loop
      vertex 82.2 74.0624 48.6893
      vertex 82.2 72 51.15
      vertex 82.2 74.05 48.5
    endloop
  endfacet
  facet normal 1 0 0
    outer loop
      vertex 82.2 74.0994 48.8753
      vertex 82.2 72 51.15
      vertex 82.2 74.0624 48.6893
    endloop
  endfacet
  facet normal 1 0 0
    outer loop
      vertex 82.2 74.1604 49.0549
      vertex 82.2 72 51.15
      vertex 82.2 74.0994 48.8753
    endloop
  endfacet
  facet normal 1 0 0
    outer loop
      vertex 82.2 74.2443 49.225
      vertex 82.2 72 51.15
      vertex 82.2 74.1604 49.0549
    endloop
  endfacet
  facet normal 1 0 0
    outer loop
      vertex 82.2 74.3496 49.3827
      vertex 82.2 72 51.15
      vertex 82.2 74.2443 49.225
    endloop
  endfacet
  facet normal 1 0 0
    outer loop
      vertex 82.2 74.4747 49.5253
      vertex 82.2 72 51.15
      vertex 82.2 74.3496 49.3827
    endloop
  endfacet
  facet normal 1 0 0
    outer loop
      vertex 82.2 74.6173 49.6504
      vertex 82.2 72 51.15
      vertex 82.2 74.4747 49.5253
    endloop
  endfacet
  facet normal 1 0 0
    outer loop
      vertex 82.2 74.775 49.7557
      vertex 82.2 72 51.15
      vertex 82.2 74.6173 49.6504
    endloop
  endfacet
  facet normal 1 0 0
    outer loop
      vertex 82.2 74.9451 49.8396
      vertex 82.2 72 51.15
      vertex 82.2 74.775 49.7557
    endloop
  endfacet
  facet normal 1 0 0
    outer loop
      vertex 82.2 76.9006 48.1247
      vertex 82.2 78.56 48.5
      vertex 82.2 76.9376 48.3107
    endloop
  endfacet
  facet normal 1 0 0
    outer loop
      vertex 82.2 76.8396 47.9451
      vertex 82.2 78.56 48.5
      vertex 82.2 76.9006 48.1247
    endloop
  endfacet
  facet normal 1 0 0
    outer loop
      vertex 82.2 76.7557 47.775
      vertex 82.2 78.56 48.5
      vertex 82.2 76.8396 47.9451
    endloop
  endfacet
  facet normal 1 0 0
    outer loop
      vertex 82.2 78.56 48.5
      vertex 82.2 76.7557 47.775
      vertex 82.2 77.03 45.85
    endloop
  endfacet
  facet normal 1 -0 0
    outer loop
      vertex 82.2 76.6504 47.6173
      vertex 82.2 77.03 45.85
      vertex 82.2 76.7557 47.775
    endloop
  endfacet
  facet normal 1 -0 0
    outer loop
      vertex 82.2 76.5253 47.4747
      vertex 82.2 77.03 45.85
      vertex 82.2 76.6504 47.6173
    endloop
  endfacet
  facet normal 1 -0 0
    outer loop
      vertex 82.2 76.3827 47.3496
      vertex 82.2 77.03 45.85
      vertex 82.2 76.5253 47.4747
    endloop
  endfacet
  facet normal 1 -0 0
    outer loop
      vertex 82.2 76.225 47.2443
      vertex 82.2 77.03 45.85
      vertex 82.2 76.3827 47.3496
    endloop
  endfacet
  facet normal 1 -0 0
    outer loop
      vertex 82.2 76.0549 47.1604
      vertex 82.2 77.03 45.85
      vertex 82.2 76.225 47.2443
    endloop
  endfacet
  facet normal 1 -0 0
    outer loop
      vertex 82.2 75.8753 47.0994
      vertex 82.2 77.03 45.85
      vertex 82.2 76.0549 47.1604
    endloop
  endfacet
  facet normal 1 -0 0
    outer loop
      vertex 82.2 75.6893 47.0624
      vertex 82.2 77.03 45.85
      vertex 82.2 75.8753 47.0994
    endloop
  endfacet
  facet normal 1 -0 0
    outer loop
      vertex 82.2 75.5 47.05
      vertex 82.2 77.03 45.85
      vertex 82.2 75.6893 47.0624
    endloop
  endfacet
  facet normal 1 0 0
    outer loop
      vertex 82.2 75.3107 47.0624
      vertex 82.2 77.03 45.85
      vertex 82.2 75.5 47.05
    endloop
  endfacet
  facet normal 1 0 0
    outer loop
      vertex 82.2 75.1247 47.0994
      vertex 82.2 77.03 45.85
      vertex 82.2 75.3107 47.0624
    endloop
  endfacet
  facet normal 1 0 0
    outer loop
      vertex 82.2 72 45.85
      vertex 82.2 75.1247 47.0994
      vertex 82.2 74.9451 47.1604
    endloop
  endfacet
  facet normal 1 0 0
    outer loop
      vertex 82.2 72 45.85
      vertex 82.2 74.9451 47.1604
      vertex 82.2 74.775 47.2443
    endloop
  endfacet
  facet normal 1 0 0
    outer loop
      vertex 82.2 72 45.85
      vertex 82.2 74.05 48.5
      vertex 82.2 72 51.15
    endloop
  endfacet
  facet normal 1 0 0
    outer loop
      vertex 82.2 74.05 48.5
      vertex 82.2 72 45.85
      vertex 82.2 74.0624 48.3107
    endloop
  endfacet
  facet normal 1 0 0
    outer loop
      vertex 82.2 74.0624 48.3107
      vertex 82.2 72 45.85
      vertex 82.2 74.0994 48.1247
    endloop
  endfacet
  facet normal 1 0 0
    outer loop
      vertex 82.2 74.0994 48.1247
      vertex 82.2 72 45.85
      vertex 82.2 74.1604 47.9451
    endloop
  endfacet
  facet normal 1 0 0
    outer loop
      vertex 82.2 75.1247 47.0994
      vertex 82.2 72 45.85
      vertex 82.2 77.03 45.85
    endloop
  endfacet
  facet normal 1 0 0
    outer loop
      vertex 82.2 74.6173 47.3496
      vertex 82.2 72 45.85
      vertex 82.2 74.775 47.2443
    endloop
  endfacet
  facet normal 1 0 0
    outer loop
      vertex 82.2 74.4747 47.4747
      vertex 82.2 72 45.85
      vertex 82.2 74.6173 47.3496
    endloop
  endfacet
  facet normal 1 0 0
    outer loop
      vertex 82.2 74.3496 47.6173
      vertex 82.2 72 45.85
      vertex 82.2 74.4747 47.4747
    endloop
  endfacet
  facet normal 1 0 0
    outer loop
      vertex 82.2 74.2443 47.775
      vertex 82.2 72 45.85
      vertex 82.2 74.3496 47.6173
    endloop
  endfacet
  facet normal 1 0 0
    outer loop
      vertex 82.2 74.1604 47.9451
      vertex 82.2 72 45.85
      vertex 82.2 74.2443 47.775
    endloop
  endfacet
  facet normal 0 -0.866022 0.500005
    outer loop
      vertex 82.2 77.03 45.85
      vertex 85.4 78.56 48.5
      vertex 82.2 78.56 48.5
    endloop
  endfacet
  facet normal 0 -0.866022 0.500005
    outer loop
      vertex 85.4 78.56 48.5
      vertex 82.2 77.03 45.85
      vertex 85.4 77.03 45.85
    endloop
  endfacet
  facet normal -1 0 0
    outer loop
      vertex 16 14.425 2
      vertex 16 16.425 5
      vertex 16 16.425 2
    endloop
  endfacet
  facet normal -1 -0 0
    outer loop
      vertex 16 16.425 5
      vertex 16 14.425 2
      vertex 16 14.425 5
    endloop
  endfacet
  facet normal 0 0 1
    outer loop
      vertex 27.822 16.025 5
      vertex 30 16.425 5
      vertex 27.822 16.425 5
    endloop
  endfacet
  facet normal 0 0 1
    outer loop
      vertex 30 16.425 5
      vertex 27.822 16.025 5
      vertex 30 14.425 5
    endloop
  endfacet
  facet normal 0 0 1
    outer loop
      vertex 26.7995 14.425 5
      vertex 27.822 16.025 5
      vertex 26.7995 16.025 5
    endloop
  endfacet
  facet normal 0 0 1
    outer loop
      vertex 27.822 16.025 5
      vertex 26.7995 14.425 5
      vertex 30 14.425 5
    endloop
  endfacet
  facet normal 0 0 1
    outer loop
      vertex 19.822 16.425 5
      vertex 16 16.425 5
      vertex 19.822 16.025 5
    endloop
  endfacet
  facet normal -0 0 1
    outer loop
      vertex 19.822 16.025 5
      vertex 20.8445 14.425 5
      vertex 20.8445 16.025 5
    endloop
  endfacet
  facet normal 0 0 1
    outer loop
      vertex 16 14.425 5
      vertex 19.822 16.025 5
      vertex 16 16.425 5
    endloop
  endfacet
  facet normal 0 0 1
    outer loop
      vertex 19.822 16.025 5
      vertex 16 14.425 5
      vertex 20.8445 14.425 5
    endloop
  endfacet
  facet normal 1 -0 0
    outer loop
      vertex 30 14.425 5
      vertex 30 16.425 2
      vertex 30 16.425 5
    endloop
  endfacet
  facet normal 1 0 0
    outer loop
      vertex 30 16.425 2
      vertex 30 14.425 5
      vertex 30 14.425 2
    endloop
  endfacet
  facet normal 0 1 -0
    outer loop
      vertex 30 16.425 2
      vertex 27.822 16.425 5
      vertex 30 16.425 5
    endloop
  endfacet
  facet normal 0 1 0
    outer loop
      vertex 27.822 16.425 5
      vertex 30 16.425 2
      vertex 27.822 16.425 2
    endloop
  endfacet
  facet normal 0 1 -0
    outer loop
      vertex 19.822 16.425 2
      vertex 16 16.425 5
      vertex 19.822 16.425 5
    endloop
  endfacet
  facet normal 0 1 0
    outer loop
      vertex 16 16.425 5
      vertex 19.822 16.425 2
      vertex 16 16.425 2
    endloop
  endfacet
  facet normal 0 -1 0
    outer loop
      vertex 26.822 14.425 4.657
      vertex 30 14.425 5
      vertex 26.7995 14.425 5
    endloop
  endfacet
  facet normal 0 -1 0
    outer loop
      vertex 26.7963 14.425 4.26542
      vertex 30 14.425 5
      vertex 26.822 14.425 4.657
    endloop
  endfacet
  facet normal 0 -1 0
    outer loop
      vertex 26.7198 14.425 3.88054
      vertex 30 14.425 5
      vertex 26.7963 14.425 4.26542
    endloop
  endfacet
  facet normal 0 -1 0
    outer loop
      vertex 30 14.425 2
      vertex 26.7198 14.425 3.88054
      vertex 26.5936 14.425 3.50895
    endloop
  endfacet
  facet normal 0 -1 0
    outer loop
      vertex 30 14.425 2
      vertex 26.5936 14.425 3.50895
      vertex 26.4201 14.425 3.157
    endloop
  endfacet
  facet normal 0 -1 0
    outer loop
      vertex 30 14.425 2
      vertex 26.4201 14.425 3.157
      vertex 26.2021 14.425 2.83072
    endloop
  endfacet
  facet normal 0 -1 0
    outer loop
      vertex 30 14.425 2
      vertex 26.2021 14.425 2.83072
      vertex 25.9433 14.425 2.53568
    endloop
  endfacet
  facet normal 0 -1 0
    outer loop
      vertex 30 14.425 2
      vertex 25.9433 14.425 2.53568
      vertex 25.6483 14.425 2.27694
    endloop
  endfacet
  facet normal 0 -1 0
    outer loop
      vertex 30 14.425 2
      vertex 25.6483 14.425 2.27694
      vertex 25.322 14.425 2.05892
    endloop
  endfacet
  facet normal 0 -1 0
    outer loop
      vertex 26.7198 14.425 3.88054
      vertex 30 14.425 2
      vertex 30 14.425 5
    endloop
  endfacet
  facet normal 0 -1 0
    outer loop
      vertex 30 14.425 2
      vertex 25.322 14.425 2.05892
      vertex 25.2025 14.425 2
    endloop
  endfacet
  facet normal 0 -1 0
    outer loop
      vertex 16 14.425 5
      vertex 20.822 14.425 4.657
      vertex 20.8445 14.425 5
    endloop
  endfacet
  facet normal 0 -1 0
    outer loop
      vertex 16 14.425 5
      vertex 20.8477 14.425 4.26542
      vertex 20.822 14.425 4.657
    endloop
  endfacet
  facet normal 0 -1 0
    outer loop
      vertex 16 14.425 5
      vertex 20.9242 14.425 3.88054
      vertex 20.8477 14.425 4.26542
    endloop
  endfacet
  facet normal 0 -1 0
    outer loop
      vertex 16 14.425 2
      vertex 20.9242 14.425 3.88054
      vertex 16 14.425 5
    endloop
  endfacet
  facet normal 0 -1 -0
    outer loop
      vertex 20.9242 14.425 3.88054
      vertex 16 14.425 2
      vertex 21.0504 14.425 3.50895
    endloop
  endfacet
  facet normal 0 -1 -0
    outer loop
      vertex 21.0504 14.425 3.50895
      vertex 16 14.425 2
      vertex 21.2239 14.425 3.157
    endloop
  endfacet
  facet normal 0 -1 -0
    outer loop
      vertex 21.2239 14.425 3.157
      vertex 16 14.425 2
      vertex 21.4419 14.425 2.83072
    endloop
  endfacet
  facet normal 0 -1 -0
    outer loop
      vertex 21.4419 14.425 2.83072
      vertex 16 14.425 2
      vertex 21.7007 14.425 2.53568
    endloop
  endfacet
  facet normal 0 -1 -0
    outer loop
      vertex 21.7007 14.425 2.53568
      vertex 16 14.425 2
      vertex 21.9957 14.425 2.27694
    endloop
  endfacet
  facet normal 0 -1 -0
    outer loop
      vertex 21.9957 14.425 2.27694
      vertex 16 14.425 2
      vertex 22.322 14.425 2.05892
    endloop
  endfacet
  facet normal 0 -1 -0
    outer loop
      vertex 22.322 14.425 2.05892
      vertex 16 14.425 2
      vertex 22.4415 14.425 2
    endloop
  endfacet
  facet normal -1 0 0
    outer loop
      vertex 37 14.425 2
      vertex 37 16.425 5
      vertex 37 16.425 2
    endloop
  endfacet
  facet normal -1 -0 0
    outer loop
      vertex 37 16.425 5
      vertex 37 14.425 2
      vertex 37 14.425 5
    endloop
  endfacet
  facet normal -0 0 1
    outer loop
      vertex 37 16.425 5
      vertex 84.024 14.425 5
      vertex 84.024 16.425 5
    endloop
  endfacet
  facet normal 0 0 1
    outer loop
      vertex 84.024 14.425 5
      vertex 37 16.425 5
      vertex 37 14.425 5
    endloop
  endfacet
  facet normal 1 0 0
    outer loop
      vertex 84.024 11.975 5
      vertex 84.024 9.975 5
      vertex 84.024 11.975 2
    endloop
  endfacet
  facet normal 1 0 0
    outer loop
      vertex 84.024 16.425 5
      vertex 84.024 14.425 5
      vertex 84.024 16.425 2
    endloop
  endfacet
  facet normal 1 -0 0
    outer loop
      vertex 84.024 16.425 2
      vertex 84.024 16.725 0
      vertex 84.024 16.725 2
    endloop
  endfacet
  facet normal 1 0 0
    outer loop
      vertex 84.024 14.425 2
      vertex 84.024 16.425 2
      vertex 84.024 14.425 5
    endloop
  endfacet
  facet normal 1 0 0
    outer loop
      vertex 84.024 16.425 2
      vertex 84.024 14.425 2
      vertex 84.024 16.725 0
    endloop
  endfacet
  facet normal 1 0 0
    outer loop
      vertex 84.024 9.975 0
      vertex 84.024 14.425 2
      vertex 84.024 11.975 2
    endloop
  endfacet
  facet normal 1 0 0
    outer loop
      vertex 84.024 14.425 2
      vertex 84.024 9.975 0
      vertex 84.024 16.725 0
    endloop
  endfacet
  facet normal 1 0 0
    outer loop
      vertex 84.024 9.975 0
      vertex 84.024 11.975 2
      vertex 84.024 9.975 5
    endloop
  endfacet
  facet normal 0 1 -0
    outer loop
      vertex 84.024 16.425 2
      vertex 37 16.425 5
      vertex 84.024 16.425 5
    endloop
  endfacet
  facet normal 0 1 0
    outer loop
      vertex 37 16.425 5
      vertex 84.024 16.425 2
      vertex 37 16.425 2
    endloop
  endfacet
  facet normal 0 -1 0
    outer loop
      vertex 37 14.425 2
      vertex 84.024 14.425 5
      vertex 37 14.425 5
    endloop
  endfacet
  facet normal 0 -1 -0
    outer loop
      vertex 84.024 14.425 5
      vertex 37 14.425 2
      vertex 84.024 14.425 2
    endloop
  endfacet
  facet normal -1 0 0
    outer loop
      vertex 3 61.4 0
      vertex 3 65.4 53
      vertex 3 65.4 0
    endloop
  endfacet
  facet normal -1 -0 0
    outer loop
      vertex 3 65.4 53
      vertex 3 61.4 0
      vertex 3 61.4 53
    endloop
  endfacet
  facet normal 0 0 1
    outer loop
      vertex 15 65.4 53
      vertex 9 61.4 53
      vertex 15 61.4 53
    endloop
  endfacet
  facet normal -0 0 1
    outer loop
      vertex 3 65.4 53
      vertex 9 61.4 53
      vertex 15 65.4 53
    endloop
  endfacet
  facet normal 0 0 1
    outer loop
      vertex 9 61.4 53
      vertex 3 65.4 53
      vertex 3 61.4 53
    endloop
  endfacet
  facet normal 1 0 0
    outer loop
      vertex 15 65.4 53
      vertex 15 63.4 3
      vertex 15 65.4 0
    endloop
  endfacet
  facet normal 1 -0 0
    outer loop
      vertex 15 61.4 53
      vertex 15 63.4 3
      vertex 15 65.4 53
    endloop
  endfacet
  facet normal 1 0 0
    outer loop
      vertex 15 63.4 3
      vertex 15 61.4 53
      vertex 15 61.4 3
    endloop
  endfacet
  facet normal 1 0 0
    outer loop
      vertex 15 65.4 0
      vertex 15 63.4 3
      vertex 15 63.4 0
    endloop
  endfacet
  facet normal 0 -1 0
    outer loop
      vertex 3 61.4 53
      vertex 8.60842 61.4 52.9743
      vertex 9 61.4 53
    endloop
  endfacet
  facet normal 0 -1 0
    outer loop
      vertex 3 61.4 53
      vertex 8.22354 61.4 52.8978
      vertex 8.60842 61.4 52.9743
    endloop
  endfacet
  facet normal 0 -1 0
    outer loop
      vertex 3 61.4 53
      vertex 7.85195 61.4 52.7716
      vertex 8.22354 61.4 52.8978
    endloop
  endfacet
  facet normal 0 -1 0
    outer loop
      vertex 3 61.4 53
      vertex 7.5 61.4 52.5981
      vertex 7.85195 61.4 52.7716
    endloop
  endfacet
  facet normal 0 -1 0
    outer loop
      vertex 3 61.4 53
      vertex 7.17372 61.4 52.3801
      vertex 7.5 61.4 52.5981
    endloop
  endfacet
  facet normal 0 -1 0
    outer loop
      vertex 3 61.4 53
      vertex 6.87868 61.4 52.1213
      vertex 7.17372 61.4 52.3801
    endloop
  endfacet
  facet normal 0 -1 0
    outer loop
      vertex 3 61.4 53
      vertex 6.61994 61.4 51.8263
      vertex 6.87868 61.4 52.1213
    endloop
  endfacet
  facet normal 0 -1 0
    outer loop
      vertex 3 61.4 53
      vertex 6.40192 61.4 51.5
      vertex 6.61994 61.4 51.8263
    endloop
  endfacet
  facet normal 0 -1 0
    outer loop
      vertex 3 61.4 53
      vertex 6.22836 61.4 51.148
      vertex 6.40192 61.4 51.5
    endloop
  endfacet
  facet normal 0 -1 0
    outer loop
      vertex 3 61.4 53
      vertex 6.10222 61.4 50.7765
      vertex 6.22836 61.4 51.148
    endloop
  endfacet
  facet normal 0 -1 0
    outer loop
      vertex 3 61.4 53
      vertex 6.02567 61.4 50.3916
      vertex 6.10222 61.4 50.7765
    endloop
  endfacet
  facet normal 0 -1 0
    outer loop
      vertex 3 61.4 53
      vertex 6 61.4 50
      vertex 6.02567 61.4 50.3916
    endloop
  endfacet
  facet normal 0 -1 0
    outer loop
      vertex 3 61.4 53
      vertex 6.02567 61.4 49.6084
      vertex 6 61.4 50
    endloop
  endfacet
  facet normal 0 -1 0
    outer loop
      vertex 3 61.4 53
      vertex 6.10222 61.4 49.2235
      vertex 6.02567 61.4 49.6084
    endloop
  endfacet
  facet normal 0 -1 0
    outer loop
      vertex 3 61.4 53
      vertex 6.22836 61.4 48.852
      vertex 6.10222 61.4 49.2235
    endloop
  endfacet
  facet normal 0 -1 0
    outer loop
      vertex 6.5 61.4 42
      vertex 6.22836 61.4 48.852
      vertex 3 61.4 53
    endloop
  endfacet
  facet normal 0 -1 0
    outer loop
      vertex 6.22836 61.4 48.852
      vertex 6.5 61.4 42
      vertex 6.40192 61.4 48.5
    endloop
  endfacet
  facet normal 0 -1 -0
    outer loop
      vertex 8.60842 61.4 47.0257
      vertex 6.5 61.4 42
      vertex 9 61.4 47
    endloop
  endfacet
  facet normal 0 -1 -0
    outer loop
      vertex 8.22354 61.4 47.1022
      vertex 6.5 61.4 42
      vertex 8.60842 61.4 47.0257
    endloop
  endfacet
  facet normal 0 -1 -0
    outer loop
      vertex 7.85195 61.4 47.2284
      vertex 6.5 61.4 42
      vertex 8.22354 61.4 47.1022
    endloop
  endfacet
  facet normal 0 -1 -0
    outer loop
      vertex 7.5 61.4 47.4019
      vertex 6.5 61.4 42
      vertex 7.85195 61.4 47.2284
    endloop
  endfacet
  facet normal 0 -1 -0
    outer loop
      vertex 7.17372 61.4 47.6199
      vertex 6.5 61.4 42
      vertex 7.5 61.4 47.4019
    endloop
  endfacet
  facet normal 0 -1 -0
    outer loop
      vertex 6.87868 61.4 47.8787
      vertex 6.5 61.4 42
      vertex 7.17372 61.4 47.6199
    endloop
  endfacet
  facet normal 0 -1 -0
    outer loop
      vertex 6.61994 61.4 48.1737
      vertex 6.5 61.4 42
      vertex 6.87868 61.4 47.8787
    endloop
  endfacet
  facet normal 0 -1 0
    outer loop
      vertex 6.40192 61.4 48.5
      vertex 6.5 61.4 42
      vertex 6.61994 61.4 48.1737
    endloop
  endfacet
  facet normal 0 -1 0
    outer loop
      vertex 3 61.4 53
      vertex 6.5 61.4 30
      vertex 6.5 61.4 42
    endloop
  endfacet
  facet normal 0 -1 0
    outer loop
      vertex 6.5 61.4 30
      vertex 9 61.4 7
      vertex 12.5 61.4 30
    endloop
  endfacet
  facet normal 0 -1 0
    outer loop
      vertex 3 61.4 0
      vertex 6.5 61.4 30
      vertex 3 61.4 53
    endloop
  endfacet
  facet normal 0 -1 0
    outer loop
      vertex 6.5 61.4 30
      vertex 8.60842 61.4 6.97433
      vertex 9 61.4 7
    endloop
  endfacet
  facet normal 0 -1 0
    outer loop
      vertex 6.5 61.4 30
      vertex 8.22354 61.4 6.89778
      vertex 8.60842 61.4 6.97433
    endloop
  endfacet
  facet normal 0 -1 0
    outer loop
      vertex 6.5 61.4 30
      vertex 7.85195 61.4 6.77164
      vertex 8.22354 61.4 6.89778
    endloop
  endfacet
  facet normal 0 -1 0
    outer loop
      vertex 6.5 61.4 30
      vertex 7.5 61.4 6.59808
      vertex 7.85195 61.4 6.77164
    endloop
  endfacet
  facet normal 0 -1 0
    outer loop
      vertex 6.5 61.4 30
      vertex 7.17372 61.4 6.38006
      vertex 7.5 61.4 6.59808
    endloop
  endfacet
  facet normal 0 -1 0
    outer loop
      vertex 6.5 61.4 30
      vertex 6.87868 61.4 6.12132
      vertex 7.17372 61.4 6.38006
    endloop
  endfacet
  facet normal 0 -1 0
    outer loop
      vertex 6.5 61.4 30
      vertex 6.61994 61.4 5.82628
      vertex 6.87868 61.4 6.12132
    endloop
  endfacet
  facet normal 0 -1 -0
    outer loop
      vertex 6.5 61.4 30
      vertex 6.40192 61.4 5.5
      vertex 6.61994 61.4 5.82628
    endloop
  endfacet
  facet normal -0 -1 0
    outer loop
      vertex 6.22836 61.4 5.14805
      vertex 6.5 61.4 30
      vertex 3 61.4 0
    endloop
  endfacet
  facet normal 0 -1 0
    outer loop
      vertex 6.5 61.4 30
      vertex 6.22836 61.4 5.14805
      vertex 6.40192 61.4 5.5
    endloop
  endfacet
  facet normal 0 -1 0
    outer loop
      vertex 6.22836 61.4 5.14805
      vertex 3 61.4 0
      vertex 6.10222 61.4 4.77646
    endloop
  endfacet
  facet normal 0 -1 0
    outer loop
      vertex 6.10222 61.4 4.77646
      vertex 3 61.4 0
      vertex 6.02567 61.4 4.39158
    endloop
  endfacet
  facet normal 0 -1 -0
    outer loop
      vertex 8.22354 61.4 1.10222
      vertex 6 61.4 1
      vertex 8.60842 61.4 1.02567
    endloop
  endfacet
  facet normal 0 -1 -0
    outer loop
      vertex 7.85195 61.4 1.22836
      vertex 6 61.4 1
      vertex 8.22354 61.4 1.10222
    endloop
  endfacet
  facet normal 0 -1 -0
    outer loop
      vertex 7.5 61.4 1.40192
      vertex 6 61.4 1
      vertex 7.85195 61.4 1.22836
    endloop
  endfacet
  facet normal 0 -1 -0
    outer loop
      vertex 7.17372 61.4 1.61994
      vertex 6 61.4 1
      vertex 7.5 61.4 1.40192
    endloop
  endfacet
  facet normal 0 -1 -0
    outer loop
      vertex 6.87868 61.4 1.87868
      vertex 6 61.4 1
      vertex 7.17372 61.4 1.61994
    endloop
  endfacet
  facet normal 0 -1 -0
    outer loop
      vertex 6.61994 61.4 2.17372
      vertex 6 61.4 1
      vertex 6.87868 61.4 1.87868
    endloop
  endfacet
  facet normal 0 -1 -0
    outer loop
      vertex 6.40192 61.4 2.5
      vertex 6 61.4 1
      vertex 6.61994 61.4 2.17372
    endloop
  endfacet
  facet normal 0 -1 -0
    outer loop
      vertex 6.22836 61.4 2.85195
      vertex 6 61.4 1
      vertex 6.40192 61.4 2.5
    endloop
  endfacet
  facet normal 0 -1 0
    outer loop
      vertex 3 61.4 0
      vertex 6.22836 61.4 2.85195
      vertex 6.10222 61.4 3.22354
    endloop
  endfacet
  facet normal 0 -1 0
    outer loop
      vertex 3 61.4 0
      vertex 6.10222 61.4 3.22354
      vertex 6.02567 61.4 3.60842
    endloop
  endfacet
  facet normal 0 -1 0
    outer loop
      vertex 3 61.4 0
      vertex 6.02567 61.4 3.60842
      vertex 6 61.4 4
    endloop
  endfacet
  facet normal 0 -1 0
    outer loop
      vertex 6.02567 61.4 4.39158
      vertex 3 61.4 0
      vertex 6 61.4 4
    endloop
  endfacet
  facet normal 0 -1 0
    outer loop
      vertex 6.22836 61.4 2.85195
      vertex 3 61.4 0
      vertex 6 61.4 1
    endloop
  endfacet
  facet normal 0 -1 -0
    outer loop
      vertex 6 61.4 1
      vertex 3 61.4 0
      vertex 6 61.4 0
    endloop
  endfacet
  facet normal 0 -1 0
    outer loop
      vertex 9.39158 61.4 52.9743
      vertex 15 61.4 53
      vertex 9 61.4 53
    endloop
  endfacet
  facet normal 0 -1 0
    outer loop
      vertex 9.77646 61.4 52.8978
      vertex 15 61.4 53
      vertex 9.39158 61.4 52.9743
    endloop
  endfacet
  facet normal 0 -1 0
    outer loop
      vertex 10.148 61.4 52.7716
      vertex 15 61.4 53
      vertex 9.77646 61.4 52.8978
    endloop
  endfacet
  facet normal 0 -1 0
    outer loop
      vertex 10.5 61.4 52.5981
      vertex 15 61.4 53
      vertex 10.148 61.4 52.7716
    endloop
  endfacet
  facet normal 0 -1 0
    outer loop
      vertex 10.8263 61.4 52.3801
      vertex 15 61.4 53
      vertex 10.5 61.4 52.5981
    endloop
  endfacet
  facet normal 0 -1 0
    outer loop
      vertex 11.1213 61.4 52.1213
      vertex 15 61.4 53
      vertex 10.8263 61.4 52.3801
    endloop
  endfacet
  facet normal 0 -1 0
    outer loop
      vertex 11.3801 61.4 51.8263
      vertex 15 61.4 53
      vertex 11.1213 61.4 52.1213
    endloop
  endfacet
  facet normal 0 -1 0
    outer loop
      vertex 11.5981 61.4 51.5
      vertex 15 61.4 53
      vertex 11.3801 61.4 51.8263
    endloop
  endfacet
  facet normal 0 -1 0
    outer loop
      vertex 11.7716 61.4 51.148
      vertex 15 61.4 53
      vertex 11.5981 61.4 51.5
    endloop
  endfacet
  facet normal 0 -1 0
    outer loop
      vertex 11.8978 61.4 50.7765
      vertex 15 61.4 53
      vertex 11.7716 61.4 51.148
    endloop
  endfacet
  facet normal 0 -1 0
    outer loop
      vertex 11.9743 61.4 50.3916
      vertex 15 61.4 53
      vertex 11.8978 61.4 50.7765
    endloop
  endfacet
  facet normal 0 -1 0
    outer loop
      vertex 12 61.4 50
      vertex 15 61.4 53
      vertex 11.9743 61.4 50.3916
    endloop
  endfacet
  facet normal 0 -1 0
    outer loop
      vertex 11.9743 61.4 49.6084
      vertex 15 61.4 53
      vertex 12 61.4 50
    endloop
  endfacet
  facet normal 0 -1 0
    outer loop
      vertex 11.8978 61.4 49.2235
      vertex 15 61.4 53
      vertex 11.9743 61.4 49.6084
    endloop
  endfacet
  facet normal 0 -1 0
    outer loop
      vertex 11.7716 61.4 48.852
      vertex 15 61.4 53
      vertex 11.8978 61.4 49.2235
    endloop
  endfacet
  facet normal 0 -1 0
    outer loop
      vertex 12.5 61.4 42
      vertex 11.7716 61.4 48.852
      vertex 11.5981 61.4 48.5
    endloop
  endfacet
  facet normal 0 -1 0
    outer loop
      vertex 12.5 61.4 42
      vertex 11.5981 61.4 48.5
      vertex 11.3801 61.4 48.1737
    endloop
  endfacet
  facet normal 0 -1 0
    outer loop
      vertex 6.5 61.4 42
      vertex 9.39158 61.4 47.0257
      vertex 9 61.4 47
    endloop
  endfacet
  facet normal 0 -1 0
    outer loop
      vertex 12.5 61.4 42
      vertex 9.39158 61.4 47.0257
      vertex 6.5 61.4 42
    endloop
  endfacet
  facet normal 0 -1 0
    outer loop
      vertex 9.39158 61.4 47.0257
      vertex 12.5 61.4 42
      vertex 9.77646 61.4 47.1022
    endloop
  endfacet
  facet normal 0 -1 0
    outer loop
      vertex 9.77646 61.4 47.1022
      vertex 12.5 61.4 42
      vertex 10.148 61.4 47.2284
    endloop
  endfacet
  facet normal 0 -1 0
    outer loop
      vertex 10.148 61.4 47.2284
      vertex 12.5 61.4 42
      vertex 10.5 61.4 47.4019
    endloop
  endfacet
  facet normal 0 -1 0
    outer loop
      vertex 10.5 61.4 47.4019
      vertex 12.5 61.4 42
      vertex 10.8263 61.4 47.6199
    endloop
  endfacet
  facet normal 0 -1 0
    outer loop
      vertex 10.8263 61.4 47.6199
      vertex 12.5 61.4 42
      vertex 11.1213 61.4 47.8787
    endloop
  endfacet
  facet normal 0 -1 0
    outer loop
      vertex 11.1213 61.4 47.8787
      vertex 12.5 61.4 42
      vertex 11.3801 61.4 48.1737
    endloop
  endfacet
  facet normal 0 -1 0
    outer loop
      vertex 11.7716 61.4 48.852
      vertex 12.5 61.4 42
      vertex 15 61.4 53
    endloop
  endfacet
  facet normal 0 -1 0
    outer loop
      vertex 12.5 61.4 30
      vertex 15 61.4 53
      vertex 12.5 61.4 42
    endloop
  endfacet
  facet normal 0 -1 0
    outer loop
      vertex 9.39158 61.4 6.97433
      vertex 12.5 61.4 30
      vertex 9 61.4 7
    endloop
  endfacet
  facet normal 0 -1 0
    outer loop
      vertex 9.77646 61.4 6.89778
      vertex 12.5 61.4 30
      vertex 9.39158 61.4 6.97433
    endloop
  endfacet
  facet normal 0 -1 0
    outer loop
      vertex 10.148 61.4 6.77164
      vertex 12.5 61.4 30
      vertex 9.77646 61.4 6.89778
    endloop
  endfacet
  facet normal 0 -1 0
    outer loop
      vertex 10.5 61.4 6.59808
      vertex 12.5 61.4 30
      vertex 10.148 61.4 6.77164
    endloop
  endfacet
  facet normal 0 -1 0
    outer loop
      vertex 10.8263 61.4 6.38006
      vertex 12.5 61.4 30
      vertex 10.5 61.4 6.59808
    endloop
  endfacet
  facet normal 0 -1 0
    outer loop
      vertex 11.1213 61.4 6.12132
      vertex 12.5 61.4 30
      vertex 10.8263 61.4 6.38006
    endloop
  endfacet
  facet normal 0 -1 0
    outer loop
      vertex 15 61.4 3
      vertex 12.5 61.4 30
      vertex 11.1213 61.4 6.12132
    endloop
  endfacet
  facet normal 0 -1 0
    outer loop
      vertex 15 61.4 3
      vertex 11.1213 61.4 6.12132
      vertex 11.3801 61.4 5.82628
    endloop
  endfacet
  facet normal 0 -1 0
    outer loop
      vertex 15 61.4 3
      vertex 11.3801 61.4 5.82628
      vertex 11.5981 61.4 5.5
    endloop
  endfacet
  facet normal 0 -1 0
    outer loop
      vertex 15 61.4 3
      vertex 11.5981 61.4 5.5
      vertex 11.7716 61.4 5.14805
    endloop
  endfacet
  facet normal 0 -1 0
    outer loop
      vertex 15 61.4 3
      vertex 11.7716 61.4 5.14805
      vertex 11.8978 61.4 4.77646
    endloop
  endfacet
  facet normal 0 -1 0
    outer loop
      vertex 15 61.4 3
      vertex 11.8978 61.4 4.77646
      vertex 11.9743 61.4 4.39158
    endloop
  endfacet
  facet normal 0 -1 0
    outer loop
      vertex 15 61.4 3
      vertex 11.9743 61.4 4.39158
      vertex 12 61.4 4
    endloop
  endfacet
  facet normal 0 -1 0
    outer loop
      vertex 12.5 61.4 30
      vertex 15 61.4 3
      vertex 15 61.4 53
    endloop
  endfacet
  facet normal 0 -1 0
    outer loop
      vertex 11.9743 61.4 3.60842
      vertex 15 61.4 3
      vertex 12 61.4 4
    endloop
  endfacet
  facet normal 0 -1 0
    outer loop
      vertex 11.8978 61.4 3.22354
      vertex 15 61.4 3
      vertex 11.9743 61.4 3.60842
    endloop
  endfacet
  facet normal 0 -1 0
    outer loop
      vertex 11.5981 61.4 2.5
      vertex 15 61.4 3
      vertex 11.7716 61.4 2.85195
    endloop
  endfacet
  facet normal 0 -1 0
    outer loop
      vertex 11.7716 61.4 2.85195
      vertex 15 61.4 3
      vertex 11.8978 61.4 3.22354
    endloop
  endfacet
  facet normal 0 -1 0
    outer loop
      vertex 71 61.4 53
      vertex 76.6084 61.4 52.9743
      vertex 77 61.4 53
    endloop
  endfacet
  facet normal 0 -1 0
    outer loop
      vertex 71 61.4 53
      vertex 76.2235 61.4 52.8978
      vertex 76.6084 61.4 52.9743
    endloop
  endfacet
  facet normal 0 -1 0
    outer loop
      vertex 71 61.4 53
      vertex 75.852 61.4 52.7716
      vertex 76.2235 61.4 52.8978
    endloop
  endfacet
  facet normal 0 -1 0
    outer loop
      vertex 71 61.4 53
      vertex 75.5 61.4 52.5981
      vertex 75.852 61.4 52.7716
    endloop
  endfacet
  facet normal 0 -1 0
    outer loop
      vertex 71 61.4 53
      vertex 75.1737 61.4 52.3801
      vertex 75.5 61.4 52.5981
    endloop
  endfacet
  facet normal 0 -1 0
    outer loop
      vertex 71 61.4 53
      vertex 74.8787 61.4 52.1213
      vertex 75.1737 61.4 52.3801
    endloop
  endfacet
  facet normal 0 -1 0
    outer loop
      vertex 71 61.4 53
      vertex 74.6199 61.4 51.8263
      vertex 74.8787 61.4 52.1213
    endloop
  endfacet
  facet normal 0 -1 0
    outer loop
      vertex 71 61.4 53
      vertex 74.4019 61.4 51.5
      vertex 74.6199 61.4 51.8263
    endloop
  endfacet
  facet normal 0 -1 0
    outer loop
      vertex 71 61.4 53
      vertex 74.2284 61.4 51.148
      vertex 74.4019 61.4 51.5
    endloop
  endfacet
  facet normal 0 -1 0
    outer loop
      vertex 71 61.4 53
      vertex 74.1022 61.4 50.7765
      vertex 74.2284 61.4 51.148
    endloop
  endfacet
  facet normal 0 -1 0
    outer loop
      vertex 71 61.4 53
      vertex 74.0257 61.4 50.3916
      vertex 74.1022 61.4 50.7765
    endloop
  endfacet
  facet normal 0 -1 0
    outer loop
      vertex 71 61.4 53
      vertex 74 61.4 50
      vertex 74.0257 61.4 50.3916
    endloop
  endfacet
  facet normal 0 -1 0
    outer loop
      vertex 71 61.4 53
      vertex 74.0257 61.4 49.6084
      vertex 74 61.4 50
    endloop
  endfacet
  facet normal 0 -1 0
    outer loop
      vertex 71 61.4 53
      vertex 74.1022 61.4 49.2235
      vertex 74.0257 61.4 49.6084
    endloop
  endfacet
  facet normal 0 -1 0
    outer loop
      vertex 71 61.4 53
      vertex 74.2284 61.4 48.852
      vertex 74.1022 61.4 49.2235
    endloop
  endfacet
  facet normal 0 -1 0
    outer loop
      vertex 74.5 61.4 42
      vertex 74.2284 61.4 48.852
      vertex 71 61.4 53
    endloop
  endfacet
  facet normal 0 -1 0
    outer loop
      vertex 74.2284 61.4 48.852
      vertex 74.5 61.4 42
      vertex 74.4019 61.4 48.5
    endloop
  endfacet
  facet normal 0 -1 -0
    outer loop
      vertex 76.6084 61.4 47.0257
      vertex 74.5 61.4 42
      vertex 77 61.4 47
    endloop
  endfacet
  facet normal 0 -1 -0
    outer loop
      vertex 76.2235 61.4 47.1022
      vertex 74.5 61.4 42
      vertex 76.6084 61.4 47.0257
    endloop
  endfacet
  facet normal 0 -1 -0
    outer loop
      vertex 75.852 61.4 47.2284
      vertex 74.5 61.4 42
      vertex 76.2235 61.4 47.1022
    endloop
  endfacet
  facet normal 0 -1 -0
    outer loop
      vertex 75.5 61.4 47.4019
      vertex 74.5 61.4 42
      vertex 75.852 61.4 47.2284
    endloop
  endfacet
  facet normal 0 -1 -0
    outer loop
      vertex 75.1737 61.4 47.6199
      vertex 74.5 61.4 42
      vertex 75.5 61.4 47.4019
    endloop
  endfacet
  facet normal 0 -1 -0
    outer loop
      vertex 74.8787 61.4 47.8787
      vertex 74.5 61.4 42
      vertex 75.1737 61.4 47.6199
    endloop
  endfacet
  facet normal 0 -1 -0
    outer loop
      vertex 74.6199 61.4 48.1737
      vertex 74.5 61.4 42
      vertex 74.8787 61.4 47.8787
    endloop
  endfacet
  facet normal 0 -1 0
    outer loop
      vertex 74.4019 61.4 48.5
      vertex 74.5 61.4 42
      vertex 74.6199 61.4 48.1737
    endloop
  endfacet
  facet normal 0 -1 0
    outer loop
      vertex 71 61.4 53
      vertex 74.5 61.4 30
      vertex 74.5 61.4 42
    endloop
  endfacet
  facet normal 0 -1 0
    outer loop
      vertex 74.5 61.4 30
      vertex 77 61.4 7
      vertex 80.5 61.4 30
    endloop
  endfacet
  facet normal 0 -1 0
    outer loop
      vertex 71 61.4 3
      vertex 74.5 61.4 30
      vertex 71 61.4 53
    endloop
  endfacet
  facet normal 0 -1 0
    outer loop
      vertex 74.5 61.4 30
      vertex 76.6084 61.4 6.97433
      vertex 77 61.4 7
    endloop
  endfacet
  facet normal 0 -1 0
    outer loop
      vertex 74.5 61.4 30
      vertex 76.2235 61.4 6.89778
      vertex 76.6084 61.4 6.97433
    endloop
  endfacet
  facet normal 0 -1 0
    outer loop
      vertex 74.5 61.4 30
      vertex 75.852 61.4 6.77164
      vertex 76.2235 61.4 6.89778
    endloop
  endfacet
  facet normal 0 -1 0
    outer loop
      vertex 74.5 61.4 30
      vertex 75.5 61.4 6.59808
      vertex 75.852 61.4 6.77164
    endloop
  endfacet
  facet normal 0 -1 0
    outer loop
      vertex 74.5 61.4 30
      vertex 75.1737 61.4 6.38006
      vertex 75.5 61.4 6.59808
    endloop
  endfacet
  facet normal 0 -1 0
    outer loop
      vertex 74.5 61.4 30
      vertex 74.8787 61.4 6.12132
      vertex 75.1737 61.4 6.38006
    endloop
  endfacet
  facet normal 0 -1 -0
    outer loop
      vertex 74.5 61.4 30
      vertex 71 61.4 3
      vertex 74.8787 61.4 6.12132
    endloop
  endfacet
  facet normal 0 -1 0
    outer loop
      vertex 74.8787 61.4 6.12132
      vertex 71 61.4 3
      vertex 74.6199 61.4 5.82628
    endloop
  endfacet
  facet normal 0 -1 0
    outer loop
      vertex 74.6199 61.4 5.82628
      vertex 71 61.4 3
      vertex 74.4019 61.4 5.5
    endloop
  endfacet
  facet normal 0 -1 0
    outer loop
      vertex 74.4019 61.4 5.5
      vertex 71 61.4 3
      vertex 74.2284 61.4 5.14805
    endloop
  endfacet
  facet normal 0 -1 0
    outer loop
      vertex 74.2284 61.4 5.14805
      vertex 71 61.4 3
      vertex 74.1022 61.4 4.77646
    endloop
  endfacet
  facet normal 0 -1 0
    outer loop
      vertex 74.1022 61.4 4.77646
      vertex 71 61.4 3
      vertex 74.0257 61.4 4.39158
    endloop
  endfacet
  facet normal 0 -1 0
    outer loop
      vertex 74.0257 61.4 4.39158
      vertex 71 61.4 3
      vertex 74 61.4 4
    endloop
  endfacet
  facet normal 0 -1 0
    outer loop
      vertex 71 61.4 3
      vertex 74.0257 61.4 3.60842
      vertex 74 61.4 4
    endloop
  endfacet
  facet normal 0 -1 0
    outer loop
      vertex 71 61.4 3
      vertex 74.1022 61.4 3.22354
      vertex 74.0257 61.4 3.60842
    endloop
  endfacet
  facet normal 0 -1 0
    outer loop
      vertex 71 61.4 3
      vertex 74.2284 61.4 2.85195
      vertex 74.1022 61.4 3.22354
    endloop
  endfacet
  facet normal 0 -1 0
    outer loop
      vertex 11.3801 61.4 2.17372
      vertex 15 61.4 3
      vertex 11.5981 61.4 2.5
    endloop
  endfacet
  facet normal 0 -1 0
    outer loop
      vertex 11.1213 61.4 1.87868
      vertex 15 61.4 3
      vertex 11.3801 61.4 2.17372
    endloop
  endfacet
  facet normal 0 -1 0
    outer loop
      vertex 71 61.4 3
      vertex 74.4019 61.4 2.5
      vertex 74.2284 61.4 2.85195
    endloop
  endfacet
  facet normal 0 -1 0
    outer loop
      vertex 10.8263 61.4 1.61994
      vertex 15 61.4 3
      vertex 11.1213 61.4 1.87868
    endloop
  endfacet
  facet normal 0 -1 0
    outer loop
      vertex 71 61.4 3
      vertex 74.6199 61.4 2.17372
      vertex 74.4019 61.4 2.5
    endloop
  endfacet
  facet normal 0 -1 0
    outer loop
      vertex 10.5 61.4 1.40192
      vertex 15 61.4 3
      vertex 10.8263 61.4 1.61994
    endloop
  endfacet
  facet normal 0 -1 0
    outer loop
      vertex 71 61.4 3
      vertex 74.8787 61.4 1.87868
      vertex 74.6199 61.4 2.17372
    endloop
  endfacet
  facet normal 0 -1 0
    outer loop
      vertex 10.148 61.4 1.22836
      vertex 15 61.4 3
      vertex 10.5 61.4 1.40192
    endloop
  endfacet
  facet normal 0 -1 0
    outer loop
      vertex 71 61.4 3
      vertex 75.1737 61.4 1.61994
      vertex 74.8787 61.4 1.87868
    endloop
  endfacet
  facet normal 0 -1 -0
    outer loop
      vertex 15 61.4 3
      vertex 10.148 61.4 1.22836
      vertex 71 61.4 3
    endloop
  endfacet
  facet normal 0 -1 0
    outer loop
      vertex 71 61.4 3
      vertex 75.5 61.4 1.40192
      vertex 75.1737 61.4 1.61994
    endloop
  endfacet
  facet normal 0 -1 0
    outer loop
      vertex 75.852 61.4 1.22836
      vertex 71 61.4 3
      vertex 10.148 61.4 1.22836
    endloop
  endfacet
  facet normal 0 -1 0
    outer loop
      vertex 71 61.4 3
      vertex 75.852 61.4 1.22836
      vertex 75.5 61.4 1.40192
    endloop
  endfacet
  facet normal 0 -1 0
    outer loop
      vertex 9.77646 61.4 1.10222
      vertex 75.852 61.4 1.22836
      vertex 10.148 61.4 1.22836
    endloop
  endfacet
  facet normal 0 -1 0
    outer loop
      vertex 9.77646 61.4 1.10222
      vertex 76.2235 61.4 1.10222
      vertex 75.852 61.4 1.22836
    endloop
  endfacet
  facet normal 0 -1 0
    outer loop
      vertex 9.39158 61.4 1.02567
      vertex 76.2235 61.4 1.10222
      vertex 9.77646 61.4 1.10222
    endloop
  endfacet
  facet normal 0 -1 0
    outer loop
      vertex 9.39158 61.4 1.02567
      vertex 76.6084 61.4 1.02567
      vertex 76.2235 61.4 1.10222
    endloop
  endfacet
  facet normal 0 -1 0
    outer loop
      vertex 9 61.4 1
      vertex 76.6084 61.4 1.02567
      vertex 9.39158 61.4 1.02567
    endloop
  endfacet
  facet normal 0 -1 -0
    outer loop
      vertex 76.6084 61.4 1.02567
      vertex 9 61.4 1
      vertex 77 61.4 1
    endloop
  endfacet
  facet normal 0 -1 0
    outer loop
      vertex 77.3916 61.4 52.9743
      vertex 83 61.4 53
      vertex 77 61.4 53
    endloop
  endfacet
  facet normal 0 -1 0
    outer loop
      vertex 77.7765 61.4 52.8978
      vertex 83 61.4 53
      vertex 77.3916 61.4 52.9743
    endloop
  endfacet
  facet normal 0 -1 0
    outer loop
      vertex 78.148 61.4 52.7716
      vertex 83 61.4 53
      vertex 77.7765 61.4 52.8978
    endloop
  endfacet
  facet normal 0 -1 0
    outer loop
      vertex 78.5 61.4 52.5981
      vertex 83 61.4 53
      vertex 78.148 61.4 52.7716
    endloop
  endfacet
  facet normal 0 -1 0
    outer loop
      vertex 78.8263 61.4 52.3801
      vertex 83 61.4 53
      vertex 78.5 61.4 52.5981
    endloop
  endfacet
  facet normal 0 -1 0
    outer loop
      vertex 79.1213 61.4 52.1213
      vertex 83 61.4 53
      vertex 78.8263 61.4 52.3801
    endloop
  endfacet
  facet normal 0 -1 0
    outer loop
      vertex 79.3801 61.4 51.8263
      vertex 83 61.4 53
      vertex 79.1213 61.4 52.1213
    endloop
  endfacet
  facet normal 0 -1 0
    outer loop
      vertex 79.5981 61.4 51.5
      vertex 83 61.4 53
      vertex 79.3801 61.4 51.8263
    endloop
  endfacet
  facet normal 0 -1 0
    outer loop
      vertex 79.7716 61.4 51.148
      vertex 83 61.4 53
      vertex 79.5981 61.4 51.5
    endloop
  endfacet
  facet normal 0 -1 0
    outer loop
      vertex 79.8978 61.4 50.7765
      vertex 83 61.4 53
      vertex 79.7716 61.4 51.148
    endloop
  endfacet
  facet normal 0 -1 0
    outer loop
      vertex 79.9743 61.4 50.3916
      vertex 83 61.4 53
      vertex 79.8978 61.4 50.7765
    endloop
  endfacet
  facet normal 0 -1 0
    outer loop
      vertex 80 61.4 50
      vertex 83 61.4 53
      vertex 79.9743 61.4 50.3916
    endloop
  endfacet
  facet normal 0 -1 0
    outer loop
      vertex 79.9743 61.4 49.6084
      vertex 83 61.4 53
      vertex 80 61.4 50
    endloop
  endfacet
  facet normal 0 -1 0
    outer loop
      vertex 79.8978 61.4 49.2235
      vertex 83 61.4 53
      vertex 79.9743 61.4 49.6084
    endloop
  endfacet
  facet normal 0 -1 0
    outer loop
      vertex 79.7716 61.4 48.852
      vertex 83 61.4 53
      vertex 79.8978 61.4 49.2235
    endloop
  endfacet
  facet normal 0 -1 0
    outer loop
      vertex 80.5 61.4 42
      vertex 79.7716 61.4 48.852
      vertex 79.5981 61.4 48.5
    endloop
  endfacet
  facet normal 0 -1 0
    outer loop
      vertex 80.5 61.4 42
      vertex 79.5981 61.4 48.5
      vertex 79.3801 61.4 48.1737
    endloop
  endfacet
  facet normal 0 -1 0
    outer loop
      vertex 74.5 61.4 42
      vertex 77.3916 61.4 47.0257
      vertex 77 61.4 47
    endloop
  endfacet
  facet normal 0 -1 0
    outer loop
      vertex 80.5 61.4 42
      vertex 77.3916 61.4 47.0257
      vertex 74.5 61.4 42
    endloop
  endfacet
  facet normal 0 -1 0
    outer loop
      vertex 77.3916 61.4 47.0257
      vertex 80.5 61.4 42
      vertex 77.7765 61.4 47.1022
    endloop
  endfacet
  facet normal 0 -1 0
    outer loop
      vertex 77.7765 61.4 47.1022
      vertex 80.5 61.4 42
      vertex 78.148 61.4 47.2284
    endloop
  endfacet
  facet normal 0 -1 0
    outer loop
      vertex 78.148 61.4 47.2284
      vertex 80.5 61.4 42
      vertex 78.5 61.4 47.4019
    endloop
  endfacet
  facet normal 0 -1 0
    outer loop
      vertex 78.5 61.4 47.4019
      vertex 80.5 61.4 42
      vertex 78.8263 61.4 47.6199
    endloop
  endfacet
  facet normal 0 -1 0
    outer loop
      vertex 78.8263 61.4 47.6199
      vertex 80.5 61.4 42
      vertex 79.1213 61.4 47.8787
    endloop
  endfacet
  facet normal 0 -1 0
    outer loop
      vertex 79.1213 61.4 47.8787
      vertex 80.5 61.4 42
      vertex 79.3801 61.4 48.1737
    endloop
  endfacet
  facet normal 0 -1 0
    outer loop
      vertex 79.7716 61.4 48.852
      vertex 80.5 61.4 42
      vertex 83 61.4 53
    endloop
  endfacet
  facet normal 0 -1 0
    outer loop
      vertex 80.5 61.4 30
      vertex 83 61.4 53
      vertex 80.5 61.4 42
    endloop
  endfacet
  facet normal 0 -1 0
    outer loop
      vertex 77.3916 61.4 6.97433
      vertex 80.5 61.4 30
      vertex 77 61.4 7
    endloop
  endfacet
  facet normal 0 -1 0
    outer loop
      vertex 77.7765 61.4 6.89778
      vertex 80.5 61.4 30
      vertex 77.3916 61.4 6.97433
    endloop
  endfacet
  facet normal 0 -1 0
    outer loop
      vertex 78.148 61.4 6.77164
      vertex 80.5 61.4 30
      vertex 77.7765 61.4 6.89778
    endloop
  endfacet
  facet normal 0 -1 0
    outer loop
      vertex 78.5 61.4 6.59808
      vertex 80.5 61.4 30
      vertex 78.148 61.4 6.77164
    endloop
  endfacet
  facet normal 0 -1 0
    outer loop
      vertex 78.8263 61.4 6.38006
      vertex 80.5 61.4 30
      vertex 78.5 61.4 6.59808
    endloop
  endfacet
  facet normal 0 -1 0
    outer loop
      vertex 79.1213 61.4 6.12132
      vertex 80.5 61.4 30
      vertex 78.8263 61.4 6.38006
    endloop
  endfacet
  facet normal 0 -1 0
    outer loop
      vertex 79.3801 61.4 5.82628
      vertex 80.5 61.4 30
      vertex 79.1213 61.4 6.12132
    endloop
  endfacet
  facet normal 0 -1 0
    outer loop
      vertex 79.5981 61.4 5.5
      vertex 80.5 61.4 30
      vertex 79.3801 61.4 5.82628
    endloop
  endfacet
  facet normal 0 -1 0
    outer loop
      vertex 79.7716 61.4 5.14805
      vertex 80.5 61.4 30
      vertex 79.5981 61.4 5.5
    endloop
  endfacet
  facet normal 0 -1 -0
    outer loop
      vertex 80.5 61.4 30
      vertex 79.7716 61.4 5.14805
      vertex 83 61.4 0
    endloop
  endfacet
  facet normal 0 -1 0
    outer loop
      vertex 83 61.4 0
      vertex 79.7716 61.4 5.14805
      vertex 79.8978 61.4 4.77646
    endloop
  endfacet
  facet normal 0 -1 0
    outer loop
      vertex 83 61.4 0
      vertex 79.8978 61.4 4.77646
      vertex 79.9743 61.4 4.39158
    endloop
  endfacet
  facet normal 0 -1 0
    outer loop
      vertex 83 61.4 0
      vertex 79.9743 61.4 4.39158
      vertex 80 61.4 4
    endloop
  endfacet
  facet normal 0 -1 0
    outer loop
      vertex 80 61.4 1
      vertex 77.3916 61.4 1.02567
      vertex 77 61.4 1
    endloop
  endfacet
  facet normal 0 -1 0
    outer loop
      vertex 80 61.4 1
      vertex 77.7765 61.4 1.10222
      vertex 77.3916 61.4 1.02567
    endloop
  endfacet
  facet normal 0 -1 0
    outer loop
      vertex 80 61.4 1
      vertex 78.148 61.4 1.22836
      vertex 77.7765 61.4 1.10222
    endloop
  endfacet
  facet normal 0 -1 0
    outer loop
      vertex 80 61.4 1
      vertex 78.5 61.4 1.40192
      vertex 78.148 61.4 1.22836
    endloop
  endfacet
  facet normal 0 -1 0
    outer loop
      vertex 80 61.4 1
      vertex 78.8263 61.4 1.61994
      vertex 78.5 61.4 1.40192
    endloop
  endfacet
  facet normal 0 -1 0
    outer loop
      vertex 80 61.4 1
      vertex 79.1213 61.4 1.87868
      vertex 78.8263 61.4 1.61994
    endloop
  endfacet
  facet normal 0 -1 0
    outer loop
      vertex 80 61.4 1
      vertex 79.3801 61.4 2.17372
      vertex 79.1213 61.4 1.87868
    endloop
  endfacet
  facet normal 0 -1 0
    outer loop
      vertex 80 61.4 1
      vertex 79.5981 61.4 2.5
      vertex 79.3801 61.4 2.17372
    endloop
  endfacet
  facet normal 0 -1 0
    outer loop
      vertex 80 61.4 1
      vertex 79.7716 61.4 2.85195
      vertex 79.5981 61.4 2.5
    endloop
  endfacet
  facet normal 0 -1 0
    outer loop
      vertex 83 61.4 0
      vertex 79.7716 61.4 2.85195
      vertex 80 61.4 1
    endloop
  endfacet
  facet normal 0 -1 0
    outer loop
      vertex 79.7716 61.4 2.85195
      vertex 83 61.4 0
      vertex 79.8978 61.4 3.22354
    endloop
  endfacet
  facet normal 0 -1 0
    outer loop
      vertex 79.8978 61.4 3.22354
      vertex 83 61.4 0
      vertex 79.9743 61.4 3.60842
    endloop
  endfacet
  facet normal 0 -1 0
    outer loop
      vertex 79.9743 61.4 3.60842
      vertex 83 61.4 0
      vertex 80 61.4 4
    endloop
  endfacet
  facet normal 0 -1 0
    outer loop
      vertex 83 61.4 0
      vertex 80 61.4 1
      vertex 80 61.4 0
    endloop
  endfacet
  facet normal 0 -1 0
    outer loop
      vertex 80.5 61.4 30
      vertex 83 61.4 0
      vertex 83 61.4 53
    endloop
  endfacet
  facet normal 0 -1 -0
    outer loop
      vertex 8.60842 61.4 1.02567
      vertex 6 61.4 1
      vertex 9 61.4 1
    endloop
  endfacet
  facet normal 0 1 0
    outer loop
      vertex 6.5 65.4 42
      vertex 15 65.4 53
      vertex 12.5 65.4 42
    endloop
  endfacet
  facet normal 0 1 0
    outer loop
      vertex 15 65.4 53
      vertex 12.5 65.4 30
      vertex 12.5 65.4 42
    endloop
  endfacet
  facet normal 0 1 0
    outer loop
      vertex 12.5 65.4 30
      vertex 15 65.4 0
      vertex 6.5 65.4 30
    endloop
  endfacet
  facet normal 0 1 -0
    outer loop
      vertex 15 65.4 0
      vertex 12.5 65.4 30
      vertex 15 65.4 53
    endloop
  endfacet
  facet normal 0 1 0
    outer loop
      vertex 15 65.4 53
      vertex 6.5 65.4 42
      vertex 3 65.4 53
    endloop
  endfacet
  facet normal 0 1 -0
    outer loop
      vertex 6.5 65.4 30
      vertex 3 65.4 53
      vertex 6.5 65.4 42
    endloop
  endfacet
  facet normal 0 1 0
    outer loop
      vertex 6.5 65.4 30
      vertex 3 65.4 0
      vertex 3 65.4 53
    endloop
  endfacet
  facet normal 0 1 0
    outer loop
      vertex 3 65.4 0
      vertex 6.5 65.4 30
      vertex 15 65.4 0
    endloop
  endfacet
  facet normal 1 -0 0
    outer loop
      vertex 6.5 61.4 42
      vertex 6.5 65.4 30
      vertex 6.5 65.4 42
    endloop
  endfacet
  facet normal 1 0 0
    outer loop
      vertex 6.5 65.4 30
      vertex 6.5 61.4 42
      vertex 6.5 61.4 30
    endloop
  endfacet
  facet normal 0 0 -1
    outer loop
      vertex 6.5 61.4 42
      vertex 12.5 65.4 42
      vertex 12.5 61.4 42
    endloop
  endfacet
  facet normal -0 0 -1
    outer loop
      vertex 12.5 65.4 42
      vertex 6.5 61.4 42
      vertex 6.5 65.4 42
    endloop
  endfacet
  facet normal -1 0 0
    outer loop
      vertex 12.5 61.4 30
      vertex 12.5 65.4 42
      vertex 12.5 65.4 30
    endloop
  endfacet
  facet normal -1 -0 0
    outer loop
      vertex 12.5 65.4 42
      vertex 12.5 61.4 30
      vertex 12.5 61.4 42
    endloop
  endfacet
  facet normal -0 0 1
    outer loop
      vertex 6.5 65.4 30
      vertex 12.5 61.4 30
      vertex 12.5 65.4 30
    endloop
  endfacet
  facet normal 0 0 1
    outer loop
      vertex 12.5 61.4 30
      vertex 6.5 65.4 30
      vertex 6.5 61.4 30
    endloop
  endfacet
  facet normal -1 0 0
    outer loop
      vertex 71 63.4 3
      vertex 71 65.4 0
      vertex 71 63.4 0
    endloop
  endfacet
  facet normal -1 0 0
    outer loop
      vertex 71 65.4 0
      vertex 71 63.4 3
      vertex 71 65.4 53
    endloop
  endfacet
  facet normal -1 0 0
    outer loop
      vertex 71 61.4 53
      vertex 71 63.4 3
      vertex 71 61.4 3
    endloop
  endfacet
  facet normal -1 0 0
    outer loop
      vertex 71 63.4 3
      vertex 71 61.4 53
      vertex 71 65.4 53
    endloop
  endfacet
  facet normal 0 0 1
    outer loop
      vertex 83 65.4 53
      vertex 77 61.4 53
      vertex 83 61.4 53
    endloop
  endfacet
  facet normal -0 0 1
    outer loop
      vertex 71 65.4 53
      vertex 77 61.4 53
      vertex 83 65.4 53
    endloop
  endfacet
  facet normal 0 0 1
    outer loop
      vertex 77 61.4 53
      vertex 71 65.4 53
      vertex 71 61.4 53
    endloop
  endfacet
  facet normal 1 -0 0
    outer loop
      vertex 83 61.4 53
      vertex 83 65.4 0
      vertex 83 65.4 53
    endloop
  endfacet
  facet normal 1 0 0
    outer loop
      vertex 83 65.4 0
      vertex 83 61.4 53
      vertex 83 61.4 0
    endloop
  endfacet
  facet normal 0 1 0
    outer loop
      vertex 74.5 65.4 42
      vertex 83 65.4 53
      vertex 80.5 65.4 42
    endloop
  endfacet
  facet normal 0 1 0
    outer loop
      vertex 83 65.4 53
      vertex 80.5 65.4 30
      vertex 80.5 65.4 42
    endloop
  endfacet
  facet normal 0 1 0
    outer loop
      vertex 80.5 65.4 30
      vertex 83 65.4 0
      vertex 74.5 65.4 30
    endloop
  endfacet
  facet normal 0 1 -0
    outer loop
      vertex 83 65.4 0
      vertex 80.5 65.4 30
      vertex 83 65.4 53
    endloop
  endfacet
  facet normal 0 1 0
    outer loop
      vertex 83 65.4 53
      vertex 74.5 65.4 42
      vertex 71 65.4 53
    endloop
  endfacet
  facet normal 0 1 -0
    outer loop
      vertex 74.5 65.4 30
      vertex 71 65.4 53
      vertex 74.5 65.4 42
    endloop
  endfacet
  facet normal 0 1 0
    outer loop
      vertex 74.5 65.4 30
      vertex 71 65.4 0
      vertex 71 65.4 53
    endloop
  endfacet
  facet normal 0 1 0
    outer loop
      vertex 71 65.4 0
      vertex 74.5 65.4 30
      vertex 83 65.4 0
    endloop
  endfacet
  facet normal 1 -0 0
    outer loop
      vertex 74.5 61.4 42
      vertex 74.5 65.4 30
      vertex 74.5 65.4 42
    endloop
  endfacet
  facet normal 1 0 0
    outer loop
      vertex 74.5 65.4 30
      vertex 74.5 61.4 42
      vertex 74.5 61.4 30
    endloop
  endfacet
  facet normal 0 0 -1
    outer loop
      vertex 74.5 61.4 42
      vertex 80.5 65.4 42
      vertex 80.5 61.4 42
    endloop
  endfacet
  facet normal -0 0 -1
    outer loop
      vertex 80.5 65.4 42
      vertex 74.5 61.4 42
      vertex 74.5 65.4 42
    endloop
  endfacet
  facet normal -1 0 0
    outer loop
      vertex 80.5 61.4 30
      vertex 80.5 65.4 42
      vertex 80.5 65.4 30
    endloop
  endfacet
  facet normal -1 -0 0
    outer loop
      vertex 80.5 65.4 42
      vertex 80.5 61.4 30
      vertex 80.5 61.4 42
    endloop
  endfacet
  facet normal -0 0 1
    outer loop
      vertex 74.5 65.4 30
      vertex 80.5 61.4 30
      vertex 80.5 65.4 30
    endloop
  endfacet
  facet normal 0 0 1
    outer loop
      vertex 80.5 61.4 30
      vertex 74.5 65.4 30
      vertex 74.5 61.4 30
    endloop
  endfacet
  facet normal 1 -0 0
    outer loop
      vertex 3 72 33.6
      vertex 3 79 2
      vertex 3 79 33.6
    endloop
  endfacet
  facet normal 1 0 0
    outer loop
      vertex 3 79 2
      vertex 3 72 33.6
      vertex 3 72 2
    endloop
  endfacet
  facet normal -0 0 1
    outer loop
      vertex 3 79 36
      vertex 4.2 72 36
      vertex 4.2 79 36
    endloop
  endfacet
  facet normal 0 0 1
    outer loop
      vertex 4.2 72 36
      vertex 3 79 36
      vertex 3 72 36
    endloop
  endfacet
  facet normal 1 -0 0
    outer loop
      vertex 4.2 72 36
      vertex 4.2 79 34.8
      vertex 4.2 79 36
    endloop
  endfacet
  facet normal 1 0 0
    outer loop
      vertex 4.2 79 34.8
      vertex 4.2 72 36
      vertex 4.2 72 34.8
    endloop
  endfacet
  facet normal 0 -1 0
    outer loop
      vertex 3 72 33.6
      vertex 3 72 36
      vertex 1 72 36
    endloop
  endfacet
  facet normal 0 -1 0
    outer loop
      vertex 3 72 36
      vertex 4.2 72 34.8
      vertex 4.2 72 36
    endloop
  endfacet
  facet normal 0 -1 0
    outer loop
      vertex 3 72 36
      vertex 3 72 33.6
      vertex 4.2 72 34.8
    endloop
  endfacet
  facet normal 0 -1 0
    outer loop
      vertex 1 72 1.5
      vertex 3 72 33.6
      vertex 1 72 36
    endloop
  endfacet
  facet normal 0 -1 0
    outer loop
      vertex 1.5 72 1.5
      vertex 3 72 2
      vertex 1 72 1.5
    endloop
  endfacet
  facet normal 0 -1 -0
    outer loop
      vertex 3 72 33.6
      vertex 1 72 1.5
      vertex 3 72 2
    endloop
  endfacet
  facet normal 0 -1 0
    outer loop
      vertex 55.8 72 34.8
      vertex 57 72 36
      vertex 55.8 72 36
    endloop
  endfacet
  facet normal 0 -1 0
    outer loop
      vertex 57 72 33.6
      vertex 57 72 36
      vertex 55.8 72 34.8
    endloop
  endfacet
  facet normal 0 -1 0
    outer loop
      vertex 57 72 36
      vertex 57 72 33.6
      vertex 59 72 36
    endloop
  endfacet
  facet normal 0 -1 0
    outer loop
      vertex 59 72 0
      vertex 57 72 33.6
      vertex 57 72 2
    endloop
  endfacet
  facet normal 0 -1 0
    outer loop
      vertex 1.5 72 0
      vertex 3 72 2
      vertex 1.5 72 1.5
    endloop
  endfacet
  facet normal 0 -1 -0
    outer loop
      vertex 3 72 2
      vertex 1.5 72 0
      vertex 57 72 2
    endloop
  endfacet
  facet normal 0 -1 0
    outer loop
      vertex 57 72 33.6
      vertex 59 72 0
      vertex 59 72 36
    endloop
  endfacet
  facet normal 0 -1 0
    outer loop
      vertex 59 72 0
      vertex 57 72 2
      vertex 1.5 72 0
    endloop
  endfacet
  facet normal 0.707107 0 -0.707107
    outer loop
      vertex 4.2 72 34.8
      vertex 3 79 33.6
      vertex 4.2 79 34.8
    endloop
  endfacet
  facet normal 0.707107 0 -0.707107
    outer loop
      vertex 3 79 33.6
      vertex 4.2 72 34.8
      vertex 3 72 33.6
    endloop
  endfacet
  facet normal -1 0 0
    outer loop
      vertex 55.8 72 34.8
      vertex 55.8 79 36
      vertex 55.8 79 34.8
    endloop
  endfacet
  facet normal -1 -0 0
    outer loop
      vertex 55.8 79 36
      vertex 55.8 72 34.8
      vertex 55.8 72 36
    endloop
  endfacet
  facet normal -0 0 1
    outer loop
      vertex 55.8 79 36
      vertex 57 72 36
      vertex 57 79 36
    endloop
  endfacet
  facet normal 0 0 1
    outer loop
      vertex 57 72 36
      vertex 55.8 79 36
      vertex 55.8 72 36
    endloop
  endfacet
  facet normal -1 0 0
    outer loop
      vertex 57 72 2
      vertex 57 79 33.6
      vertex 57 79 2
    endloop
  endfacet
  facet normal -1 -0 0
    outer loop
      vertex 57 79 33.6
      vertex 57 72 2
      vertex 57 72 33.6
    endloop
  endfacet
  facet normal -0.707107 0 -0.707107
    outer loop
      vertex 57 72 33.6
      vertex 55.8 79 34.8
      vertex 57 79 33.6
    endloop
  endfacet
  facet normal -0.707107 -0 -0.707107
    outer loop
      vertex 55.8 79 34.8
      vertex 57 72 33.6
      vertex 55.8 72 34.8
    endloop
  endfacet
  facet normal -1 0 0
    outer loop
      vertex 1 72 1.5
      vertex 1 79 36
      vertex 1 79 1.5
    endloop
  endfacet
  facet normal -1 -0 0
    outer loop
      vertex 1 79 36
      vertex 1 72 1.5
      vertex 1 72 36
    endloop
  endfacet
  facet normal -0 0 1
    outer loop
      vertex 1 79 36
      vertex 3 72 36
      vertex 3 79 36
    endloop
  endfacet
  facet normal 0 0 1
    outer loop
      vertex 3 72 36
      vertex 1 79 36
      vertex 1 72 36
    endloop
  endfacet
  facet normal -0 0 1
    outer loop
      vertex 57 79 36
      vertex 59 72 36
      vertex 59 79 36
    endloop
  endfacet
  facet normal 0 0 1
    outer loop
      vertex 59 72 36
      vertex 57 79 36
      vertex 57 72 36
    endloop
  endfacet
  facet normal 1 -0 0
    outer loop
      vertex 59 72 36
      vertex 59 79 0
      vertex 59 79 36
    endloop
  endfacet
  facet normal 1 0 0
    outer loop
      vertex 59 79 0
      vertex 59 72 36
      vertex 59 72 0
    endloop
  endfacet
  facet normal 0.555575 0 -0.831466
    outer loop
      vertex 83.57 76 4.37494
      vertex 83.8419 79 4.55662
      vertex 83.8419 76 4.55662
    endloop
  endfacet
  facet normal 0.555575 0 -0.831466
    outer loop
      vertex 83.8419 79 4.55662
      vertex 83.57 76 4.37494
      vertex 83.57 79 4.37494
    endloop
  endfacet
  facet normal -0.980784 0 -0.195099
    outer loop
      vertex 79.9052 76 5.89295
      vertex 79.8414 79 6.21368
      vertex 79.9052 79 5.89295
    endloop
  endfacet
  facet normal -0.980784 -0 -0.195099
    outer loop
      vertex 79.8414 79 6.21368
      vertex 79.9052 76 5.89295
      vertex 79.8414 76 6.21368
    endloop
  endfacet
  facet normal -0.44229 0 -0.896872
    outer loop
      vertex 81.07 76 4.37494
      vertex 81.3633 79 4.2303
      vertex 81.3633 76 4.2303
    endloop
  endfacet
  facet normal -0.44229 0 -0.896872
    outer loop
      vertex 81.3633 79 4.2303
      vertex 81.07 76 4.37494
      vertex 81.07 79 4.37494
    endloop
  endfacet
  facet normal -0.946944 0 -0.321397
    outer loop
      vertex 80.0103 76 5.58329
      vertex 79.9052 79 5.89295
      vertex 80.0103 79 5.58329
    endloop
  endfacet
  facet normal -0.946944 -0 -0.321397
    outer loop
      vertex 79.9052 79 5.89295
      vertex 80.0103 76 5.58329
      vertex 79.9052 76 5.89295
    endloop
  endfacet
  facet normal 0.896915 -0 0.442204
    outer loop
      vertex 84.4851 76 7.79
      vertex 84.6297 79 7.49671
      vertex 84.4851 79 7.79
    endloop
  endfacet
  facet normal 0.896915 0 0.442204
    outer loop
      vertex 84.6297 79 7.49671
      vertex 84.4851 76 7.79
      vertex 84.6297 76 7.49671
    endloop
  endfacet
  facet normal -0.44229 0 0.896872
    outer loop
      vertex 81.07 79 8.70506
      vertex 81.3633 76 8.8497
      vertex 81.3633 79 8.8497
    endloop
  endfacet
  facet normal -0.44229 0 0.896872
    outer loop
      vertex 81.3633 76 8.8497
      vertex 81.07 79 8.70506
      vertex 81.07 76 8.70506
    endloop
  endfacet
  facet normal 0.896915 0 -0.442204
    outer loop
      vertex 84.6297 76 5.58329
      vertex 84.4851 79 5.29
      vertex 84.6297 79 5.58329
    endloop
  endfacet
  facet normal 0.896915 0 -0.442204
    outer loop
      vertex 84.4851 79 5.29
      vertex 84.6297 76 5.58329
      vertex 84.4851 76 5.29
    endloop
  endfacet
  facet normal 0.831438 0 -0.555617
    outer loop
      vertex 84.4851 76 5.29
      vertex 84.3034 79 5.0181
      vertex 84.4851 79 5.29
    endloop
  endfacet
  facet normal 0.831438 0 -0.555617
    outer loop
      vertex 84.3034 79 5.0181
      vertex 84.4851 76 5.29
      vertex 84.3034 76 5.0181
    endloop
  endfacet
  facet normal 0.321387 0 -0.946948
    outer loop
      vertex 82.967 76 4.12519
      vertex 83.2767 79 4.2303
      vertex 83.2767 76 4.2303
    endloop
  endfacet
  facet normal 0.321387 0 -0.946948
    outer loop
      vertex 83.2767 79 4.2303
      vertex 82.967 76 4.12519
      vertex 82.967 79 4.12519
    endloop
  endfacet
  facet normal 0.195116 0 -0.98078
    outer loop
      vertex 82.6463 76 4.06139
      vertex 82.967 79 4.12519
      vertex 82.967 76 4.12519
    endloop
  endfacet
  facet normal 0.195116 0 -0.98078
    outer loop
      vertex 82.967 79 4.12519
      vertex 82.6463 76 4.06139
      vertex 82.6463 79 4.06139
    endloop
  endfacet
  facet normal -0.997857 0 -0.0654392
    outer loop
      vertex 79.8414 76 6.21368
      vertex 79.82 79 6.54
      vertex 79.8414 79 6.21368
    endloop
  endfacet
  facet normal -0.997857 -0 -0.0654392
    outer loop
      vertex 79.82 79 6.54
      vertex 79.8414 76 6.21368
      vertex 79.82 76 6.54
    endloop
  endfacet
  facet normal -0.831438 0 -0.555617
    outer loop
      vertex 80.3366 76 5.0181
      vertex 80.1549 79 5.29
      vertex 80.3366 79 5.0181
    endloop
  endfacet
  facet normal -0.831438 -0 -0.555617
    outer loop
      vertex 80.1549 79 5.29
      vertex 80.3366 76 5.0181
      vertex 80.1549 76 5.29
    endloop
  endfacet
  facet normal -0.555575 0 -0.831466
    outer loop
      vertex 80.7981 76 4.55662
      vertex 81.07 79 4.37494
      vertex 81.07 76 4.37494
    endloop
  endfacet
  facet normal -0.555575 0 -0.831466
    outer loop
      vertex 81.07 79 4.37494
      vertex 80.7981 76 4.55662
      vertex 80.7981 79 4.55662
    endloop
  endfacet
  facet normal -0.321387 0 -0.946948
    outer loop
      vertex 81.3633 76 4.2303
      vertex 81.673 79 4.12519
      vertex 81.673 76 4.12519
    endloop
  endfacet
  facet normal -0.321387 0 -0.946948
    outer loop
      vertex 81.673 79 4.12519
      vertex 81.3633 76 4.2303
      vertex 81.3633 79 4.2303
    endloop
  endfacet
  facet normal 0.997856 -0 0.0654412
    outer loop
      vertex 84.7986 76 6.86631
      vertex 84.82 79 6.54
      vertex 84.7986 79 6.86631
    endloop
  endfacet
  facet normal 0.997856 0 0.0654412
    outer loop
      vertex 84.82 79 6.54
      vertex 84.7986 76 6.86631
      vertex 84.82 76 6.54
    endloop
  endfacet
  facet normal 0.0654128 0 0.997858
    outer loop
      vertex 82.32 79 9.04
      vertex 82.6463 76 9.01861
      vertex 82.6463 79 9.01861
    endloop
  endfacet
  facet normal 0.0654128 0 0.997858
    outer loop
      vertex 82.6463 76 9.01861
      vertex 82.32 79 9.04
      vertex 82.32 76 9.04
    endloop
  endfacet
  facet normal 0.321387 0 0.946948
    outer loop
      vertex 82.967 79 8.95481
      vertex 83.2767 76 8.8497
      vertex 83.2767 79 8.8497
    endloop
  endfacet
  facet normal 0.321387 0 0.946948
    outer loop
      vertex 83.2767 76 8.8497
      vertex 82.967 79 8.95481
      vertex 82.967 76 8.95481
    endloop
  endfacet
  facet normal 0.44229 0 0.896872
    outer loop
      vertex 83.2767 79 8.8497
      vertex 83.57 76 8.70506
      vertex 83.57 79 8.70506
    endloop
  endfacet
  facet normal 0.44229 0 0.896872
    outer loop
      vertex 83.57 76 8.70506
      vertex 83.2767 79 8.8497
      vertex 83.2767 76 8.8497
    endloop
  endfacet
  facet normal 0.751873 -0 0.659307
    outer loop
      vertex 84.0878 76 8.30777
      vertex 84.3034 79 8.0619
      vertex 84.0878 79 8.30777
    endloop
  endfacet
  facet normal 0.751873 0 0.659307
    outer loop
      vertex 84.3034 79 8.0619
      vertex 84.0878 76 8.30777
      vertex 84.3034 76 8.0619
    endloop
  endfacet
  facet normal -0.0654128 0 0.997858
    outer loop
      vertex 81.9937 79 9.01861
      vertex 82.32 76 9.04
      vertex 82.32 79 9.04
    endloop
  endfacet
  facet normal -0.0654128 0 0.997858
    outer loop
      vertex 82.32 76 9.04
      vertex 81.9937 79 9.01861
      vertex 81.9937 76 9.01861
    endloop
  endfacet
  facet normal -0.659279 0 0.751898
    outer loop
      vertex 80.5522 79 8.30777
      vertex 80.7981 76 8.52338
      vertex 80.7981 79 8.52338
    endloop
  endfacet
  facet normal -0.659279 0 0.751898
    outer loop
      vertex 80.7981 76 8.52338
      vertex 80.5522 79 8.30777
      vertex 80.5522 76 8.30777
    endloop
  endfacet
  facet normal -0.896915 0 0.442204
    outer loop
      vertex 80.0103 76 7.49671
      vertex 80.1549 79 7.79
      vertex 80.0103 79 7.49671
    endloop
  endfacet
  facet normal -0.896915 0 0.442204
    outer loop
      vertex 80.1549 79 7.79
      vertex 80.0103 76 7.49671
      vertex 80.1549 76 7.79
    endloop
  endfacet
  facet normal -0.980785 0 0.195093
    outer loop
      vertex 79.8414 76 6.86631
      vertex 79.9052 79 7.18705
      vertex 79.8414 79 6.86631
    endloop
  endfacet
  facet normal -0.980785 0 0.195093
    outer loop
      vertex 79.9052 79 7.18705
      vertex 79.8414 76 6.86631
      vertex 79.9052 76 7.18705
    endloop
  endfacet
  facet normal 0 -1 0
    outer loop
      vertex 82.32 76 7.39
      vertex 82.32 76 9.04
      vertex 81.9937 76 9.01861
    endloop
  endfacet
  facet normal 0 -1 0
    outer loop
      vertex 82.2091 76 7.38273
      vertex 81.9937 76 9.01861
      vertex 81.673 76 8.95481
    endloop
  endfacet
  facet normal 0 -1 0
    outer loop
      vertex 82.32 76 9.04
      vertex 82.32 76 7.39
      vertex 82.6463 76 9.01861
    endloop
  endfacet
  facet normal 0 -1 0
    outer loop
      vertex 82.1 76 7.36104
      vertex 81.673 76 8.95481
      vertex 81.3633 76 8.8497
    endloop
  endfacet
  facet normal 0 -1 0
    outer loop
      vertex 82.4309 76 7.38273
      vertex 82.6463 76 9.01861
      vertex 82.32 76 7.39
    endloop
  endfacet
  facet normal 0 -1 0
    outer loop
      vertex 81.9947 76 7.3253
      vertex 81.3633 76 8.8497
      vertex 81.07 76 8.70506
    endloop
  endfacet
  facet normal 0 -1 -0
    outer loop
      vertex 82.6463 76 9.01861
      vertex 82.4309 76 7.38273
      vertex 82.967 76 8.95481
    endloop
  endfacet
  facet normal 0 -1 0
    outer loop
      vertex 81.895 76 7.27612
      vertex 81.07 76 8.70506
      vertex 80.7981 76 8.52338
    endloop
  endfacet
  facet normal 0 -1 0
    outer loop
      vertex 82.54 76 7.36104
      vertex 82.967 76 8.95481
      vertex 82.4309 76 7.38273
    endloop
  endfacet
  facet normal 0 -1 0
    outer loop
      vertex 81.8026 76 7.21435
      vertex 80.7981 76 8.52338
      vertex 80.5522 76 8.30777
    endloop
  endfacet
  facet normal 0 -1 -0
    outer loop
      vertex 82.967 76 8.95481
      vertex 82.54 76 7.36104
      vertex 83.2767 76 8.8497
    endloop
  endfacet
  facet normal 0 -1 0
    outer loop
      vertex 81.719 76 7.14104
      vertex 80.5522 76 8.30777
      vertex 80.3366 76 8.0619
    endloop
  endfacet
  facet normal 0 -1 0
    outer loop
      vertex 82.6453 76 7.3253
      vertex 83.2767 76 8.8497
      vertex 82.54 76 7.36104
    endloop
  endfacet
  facet normal 0 -1 0
    outer loop
      vertex 81.6456 76 7.05745
      vertex 80.3366 76 8.0619
      vertex 80.1549 76 7.79
    endloop
  endfacet
  facet normal 0 -1 -0
    outer loop
      vertex 83.2767 76 8.8497
      vertex 82.6453 76 7.3253
      vertex 83.57 76 8.70506
    endloop
  endfacet
  facet normal 0 -1 0
    outer loop
      vertex 81.5839 76 6.965
      vertex 80.1549 76 7.79
      vertex 80.0103 76 7.49671
    endloop
  endfacet
  facet normal 0 -1 0
    outer loop
      vertex 82.745 76 7.27612
      vertex 83.57 76 8.70506
      vertex 82.6453 76 7.3253
    endloop
  endfacet
  facet normal 0 -1 -0
    outer loop
      vertex 83.57 76 8.70506
      vertex 82.745 76 7.27612
      vertex 83.8419 76 8.52338
    endloop
  endfacet
  facet normal 0 -1 0
    outer loop
      vertex 81.9937 76 9.01861
      vertex 82.2091 76 7.38273
      vertex 82.32 76 7.39
    endloop
  endfacet
  facet normal 0 -1 0
    outer loop
      vertex 81.673 76 8.95481
      vertex 82.1 76 7.36104
      vertex 82.2091 76 7.38273
    endloop
  endfacet
  facet normal 0 -1 0
    outer loop
      vertex 81.3633 76 8.8497
      vertex 81.9947 76 7.3253
      vertex 82.1 76 7.36104
    endloop
  endfacet
  facet normal 0 -1 0
    outer loop
      vertex 81.07 76 8.70506
      vertex 81.895 76 7.27612
      vertex 81.9947 76 7.3253
    endloop
  endfacet
  facet normal 0 -1 0
    outer loop
      vertex 80.7981 76 8.52338
      vertex 81.8026 76 7.21435
      vertex 81.895 76 7.27612
    endloop
  endfacet
  facet normal 0 -1 0
    outer loop
      vertex 81.5347 76 6.86528
      vertex 80.0103 76 7.49671
      vertex 79.9052 76 7.18705
    endloop
  endfacet
  facet normal 0 -1 0
    outer loop
      vertex 80.5522 76 8.30777
      vertex 81.719 76 7.14104
      vertex 81.8026 76 7.21435
    endloop
  endfacet
  facet normal 0 -1 0
    outer loop
      vertex 80.3366 76 8.0619
      vertex 81.6456 76 7.05745
      vertex 81.719 76 7.14104
    endloop
  endfacet
  facet normal 0 -1 0
    outer loop
      vertex 80.1549 76 7.79
      vertex 81.5839 76 6.965
      vertex 81.6456 76 7.05745
    endloop
  endfacet
  facet normal 0 -1 0
    outer loop
      vertex 81.499 76 6.76
      vertex 79.9052 76 7.18705
      vertex 79.8414 76 6.86631
    endloop
  endfacet
  facet normal 0 -1 0
    outer loop
      vertex 80.0103 76 7.49671
      vertex 81.5347 76 6.86528
      vertex 81.5839 76 6.965
    endloop
  endfacet
  facet normal 0 -1 0
    outer loop
      vertex 79.9052 76 7.18705
      vertex 81.499 76 6.76
      vertex 81.5347 76 6.86528
    endloop
  endfacet
  facet normal 0 -1 0
    outer loop
      vertex 79.8414 76 6.86631
      vertex 81.4773 76 6.65095
      vertex 81.499 76 6.76
    endloop
  endfacet
  facet normal 0 -1 0
    outer loop
      vertex 79.82 76 6.54
      vertex 81.4773 76 6.65095
      vertex 79.8414 76 6.86631
    endloop
  endfacet
  facet normal 0 -1 0
    outer loop
      vertex 79.82 76 6.54
      vertex 81.47 76 6.54
      vertex 81.4773 76 6.65095
    endloop
  endfacet
  facet normal 0 -1 0
    outer loop
      vertex 79.82 76 6.54
      vertex 81.4773 76 6.42905
      vertex 81.47 76 6.54
    endloop
  endfacet
  facet normal 0 -1 0
    outer loop
      vertex 79.8414 76 6.21368
      vertex 81.4773 76 6.42905
      vertex 79.82 76 6.54
    endloop
  endfacet
  facet normal 0 -1 -0
    outer loop
      vertex 81.4773 76 6.42905
      vertex 79.8414 76 6.21368
      vertex 81.499 76 6.32
    endloop
  endfacet
  facet normal 0 -1 0
    outer loop
      vertex 79.9052 76 5.89295
      vertex 81.499 76 6.32
      vertex 79.8414 76 6.21368
    endloop
  endfacet
  facet normal 0 -1 -0
    outer loop
      vertex 81.499 76 6.32
      vertex 79.9052 76 5.89295
      vertex 81.5347 76 6.21472
    endloop
  endfacet
  facet normal 0 -1 0
    outer loop
      vertex 80.0103 76 5.58329
      vertex 81.5347 76 6.21472
      vertex 79.9052 76 5.89295
    endloop
  endfacet
  facet normal 0 -1 -0
    outer loop
      vertex 81.5347 76 6.21472
      vertex 80.0103 76 5.58329
      vertex 81.5839 76 6.115
    endloop
  endfacet
  facet normal 0 -1 0
    outer loop
      vertex 80.1549 76 5.29
      vertex 81.5839 76 6.115
      vertex 80.0103 76 5.58329
    endloop
  endfacet
  facet normal 0 -1 -0
    outer loop
      vertex 81.5839 76 6.115
      vertex 80.1549 76 5.29
      vertex 81.6456 76 6.02255
    endloop
  endfacet
  facet normal 0 -1 0
    outer loop
      vertex 80.3366 76 5.0181
      vertex 81.6456 76 6.02255
      vertex 80.1549 76 5.29
    endloop
  endfacet
  facet normal 0 -1 -0
    outer loop
      vertex 81.6456 76 6.02255
      vertex 80.3366 76 5.0181
      vertex 81.719 76 5.93896
    endloop
  endfacet
  facet normal 0 -1 0
    outer loop
      vertex 80.5522 76 4.77223
      vertex 81.719 76 5.93896
      vertex 80.3366 76 5.0181
    endloop
  endfacet
  facet normal 0 -1 -0
    outer loop
      vertex 81.719 76 5.93896
      vertex 80.5522 76 4.77223
      vertex 81.8026 76 5.86565
    endloop
  endfacet
  facet normal 0 -1 -0
    outer loop
      vertex 81.8026 76 5.86565
      vertex 80.7981 76 4.55662
      vertex 81.895 76 5.80388
    endloop
  endfacet
  facet normal 0 -1 0
    outer loop
      vertex 80.7981 76 4.55662
      vertex 81.8026 76 5.86565
      vertex 80.5522 76 4.77223
    endloop
  endfacet
  facet normal 0 -1 0
    outer loop
      vertex 82.8374 76 7.21435
      vertex 83.8419 76 8.52338
      vertex 82.745 76 7.27612
    endloop
  endfacet
  facet normal 0 -1 -0
    outer loop
      vertex 83.8419 76 8.52338
      vertex 82.8374 76 7.21435
      vertex 84.0878 76 8.30777
    endloop
  endfacet
  facet normal 0 -1 0
    outer loop
      vertex 82.921 76 7.14104
      vertex 84.0878 76 8.30777
      vertex 82.8374 76 7.21435
    endloop
  endfacet
  facet normal 0 -1 -0
    outer loop
      vertex 84.0878 76 8.30777
      vertex 82.921 76 7.14104
      vertex 84.3034 76 8.0619
    endloop
  endfacet
  facet normal 0 -1 0
    outer loop
      vertex 82.9943 76 7.05745
      vertex 84.3034 76 8.0619
      vertex 82.921 76 7.14104
    endloop
  endfacet
  facet normal 0 -1 -0
    outer loop
      vertex 84.3034 76 8.0619
      vertex 82.9943 76 7.05745
      vertex 84.4851 76 7.79
    endloop
  endfacet
  facet normal 0 -1 0
    outer loop
      vertex 83.0561 76 6.965
      vertex 84.4851 76 7.79
      vertex 82.9943 76 7.05745
    endloop
  endfacet
  facet normal 0 -1 -0
    outer loop
      vertex 84.4851 76 7.79
      vertex 83.0561 76 6.965
      vertex 84.6297 76 7.49671
    endloop
  endfacet
  facet normal 0 -1 0
    outer loop
      vertex 83.1053 76 6.86528
      vertex 84.6297 76 7.49671
      vertex 83.0561 76 6.965
    endloop
  endfacet
  facet normal 0 -1 -0
    outer loop
      vertex 84.6297 76 7.49671
      vertex 83.1053 76 6.86528
      vertex 84.7348 76 7.18705
    endloop
  endfacet
  facet normal 0 -1 0
    outer loop
      vertex 83.141 76 6.76
      vertex 84.7348 76 7.18705
      vertex 83.1053 76 6.86528
    endloop
  endfacet
  facet normal 0 -1 -0
    outer loop
      vertex 84.7348 76 7.18705
      vertex 83.141 76 6.76
      vertex 84.7986 76 6.86631
    endloop
  endfacet
  facet normal 0 -1 0
    outer loop
      vertex 83.1627 76 6.65095
      vertex 84.7986 76 6.86631
      vertex 83.141 76 6.76
    endloop
  endfacet
  facet normal 0 -1 0
    outer loop
      vertex 83.17 76 6.54
      vertex 84.7986 76 6.86631
      vertex 83.1627 76 6.65095
    endloop
  endfacet
  facet normal 0 -1 0
    outer loop
      vertex 83.17 76 6.54
      vertex 84.82 76 6.54
      vertex 84.7986 76 6.86631
    endloop
  endfacet
  facet normal 0 -1 0
    outer loop
      vertex 83.1627 76 6.42905
      vertex 84.82 76 6.54
      vertex 83.17 76 6.54
    endloop
  endfacet
  facet normal 0 -1 0
    outer loop
      vertex 84.7986 76 6.21368
      vertex 83.1627 76 6.42905
      vertex 83.141 76 6.32
    endloop
  endfacet
  facet normal 0 -1 0
    outer loop
      vertex 84.7348 76 5.89295
      vertex 83.141 76 6.32
      vertex 83.1053 76 6.21472
    endloop
  endfacet
  facet normal 0 -1 0
    outer loop
      vertex 83.1627 76 6.42905
      vertex 84.7986 76 6.21368
      vertex 84.82 76 6.54
    endloop
  endfacet
  facet normal 0 -1 0
    outer loop
      vertex 84.6297 76 5.58329
      vertex 83.1053 76 6.21472
      vertex 83.0561 76 6.115
    endloop
  endfacet
  facet normal 0 -1 0
    outer loop
      vertex 84.4851 76 5.29
      vertex 83.0561 76 6.115
      vertex 82.9943 76 6.02255
    endloop
  endfacet
  facet normal 0 -1 0
    outer loop
      vertex 84.3034 76 5.0181
      vertex 82.9943 76 6.02255
      vertex 82.921 76 5.93896
    endloop
  endfacet
  facet normal 0 -1 0
    outer loop
      vertex 83.141 76 6.32
      vertex 84.7348 76 5.89295
      vertex 84.7986 76 6.21368
    endloop
  endfacet
  facet normal 0 -1 0
    outer loop
      vertex 84.0878 76 4.77223
      vertex 82.921 76 5.93896
      vertex 82.8374 76 5.86565
    endloop
  endfacet
  facet normal 0 -1 0
    outer loop
      vertex 83.8419 76 4.55662
      vertex 82.8374 76 5.86565
      vertex 82.745 76 5.80388
    endloop
  endfacet
  facet normal 0 -1 0
    outer loop
      vertex 83.57 76 4.37494
      vertex 82.745 76 5.80388
      vertex 82.6453 76 5.7547
    endloop
  endfacet
  facet normal 0 -1 0
    outer loop
      vertex 83.2767 76 4.2303
      vertex 82.6453 76 5.7547
      vertex 82.54 76 5.71896
    endloop
  endfacet
  facet normal 0 -1 0
    outer loop
      vertex 82.967 76 4.12519
      vertex 82.54 76 5.71896
      vertex 82.4309 76 5.69727
    endloop
  endfacet
  facet normal 0 -1 0
    outer loop
      vertex 83.1053 76 6.21472
      vertex 84.6297 76 5.58329
      vertex 84.7348 76 5.89295
    endloop
  endfacet
  facet normal 0 -1 0
    outer loop
      vertex 82.6463 76 4.06139
      vertex 82.4309 76 5.69727
      vertex 82.32 76 5.69
    endloop
  endfacet
  facet normal 0 -1 0
    outer loop
      vertex 81.07 76 4.37494
      vertex 81.895 76 5.80388
      vertex 80.7981 76 4.55662
    endloop
  endfacet
  facet normal 0 -1 -0
    outer loop
      vertex 81.895 76 5.80388
      vertex 81.07 76 4.37494
      vertex 81.9947 76 5.7547
    endloop
  endfacet
  facet normal 0 -1 0
    outer loop
      vertex 83.0561 76 6.115
      vertex 84.4851 76 5.29
      vertex 84.6297 76 5.58329
    endloop
  endfacet
  facet normal 0 -1 0
    outer loop
      vertex 81.3633 76 4.2303
      vertex 81.9947 76 5.7547
      vertex 81.07 76 4.37494
    endloop
  endfacet
  facet normal 0 -1 0
    outer loop
      vertex 82.9943 76 6.02255
      vertex 84.3034 76 5.0181
      vertex 84.4851 76 5.29
    endloop
  endfacet
  facet normal 0 -1 -0
    outer loop
      vertex 81.9947 76 5.7547
      vertex 81.3633 76 4.2303
      vertex 82.1 76 5.71896
    endloop
  endfacet
  facet normal 0 -1 0
    outer loop
      vertex 82.921 76 5.93896
      vertex 84.0878 76 4.77223
      vertex 84.3034 76 5.0181
    endloop
  endfacet
  facet normal 0 -1 0
    outer loop
      vertex 81.673 76 4.12519
      vertex 82.1 76 5.71896
      vertex 81.3633 76 4.2303
    endloop
  endfacet
  facet normal 0 -1 0
    outer loop
      vertex 82.8374 76 5.86565
      vertex 83.8419 76 4.55662
      vertex 84.0878 76 4.77223
    endloop
  endfacet
  facet normal 0 -1 -0
    outer loop
      vertex 82.1 76 5.71896
      vertex 81.673 76 4.12519
      vertex 82.2091 76 5.69727
    endloop
  endfacet
  facet normal 0 -1 0
    outer loop
      vertex 82.745 76 5.80388
      vertex 83.57 76 4.37494
      vertex 83.8419 76 4.55662
    endloop
  endfacet
  facet normal 0 -1 0
    outer loop
      vertex 81.9937 76 4.06139
      vertex 82.2091 76 5.69727
      vertex 81.673 76 4.12519
    endloop
  endfacet
  facet normal 0 -1 0
    outer loop
      vertex 82.6453 76 5.7547
      vertex 83.2767 76 4.2303
      vertex 83.57 76 4.37494
    endloop
  endfacet
  facet normal 0 -1 -0
    outer loop
      vertex 82.2091 76 5.69727
      vertex 81.9937 76 4.06139
      vertex 82.32 76 5.69
    endloop
  endfacet
  facet normal 0 -1 0
    outer loop
      vertex 82.54 76 5.71896
      vertex 82.967 76 4.12519
      vertex 83.2767 76 4.2303
    endloop
  endfacet
  facet normal 0 -1 0
    outer loop
      vertex 82.32 76 4.04
      vertex 82.32 76 5.69
      vertex 81.9937 76 4.06139
    endloop
  endfacet
  facet normal 0 -1 0
    outer loop
      vertex 82.4309 76 5.69727
      vertex 82.6463 76 4.06139
      vertex 82.967 76 4.12519
    endloop
  endfacet
  facet normal 0 -1 0
    outer loop
      vertex 82.32 76 5.69
      vertex 82.32 76 4.04
      vertex 82.6463 76 4.06139
    endloop
  endfacet
  facet normal 0.946944 0 -0.321397
    outer loop
      vertex 84.7348 76 5.89295
      vertex 84.6297 79 5.58329
      vertex 84.7348 79 5.89295
    endloop
  endfacet
  facet normal 0.946944 0 -0.321397
    outer loop
      vertex 84.6297 79 5.58329
      vertex 84.7348 76 5.89295
      vertex 84.6297 76 5.58329
    endloop
  endfacet
  facet normal 0.751873 0 -0.659307
    outer loop
      vertex 84.3034 76 5.0181
      vertex 84.0878 79 4.77223
      vertex 84.3034 79 5.0181
    endloop
  endfacet
  facet normal 0.751873 0 -0.659307
    outer loop
      vertex 84.0878 79 4.77223
      vertex 84.3034 76 5.0181
      vertex 84.0878 76 4.77223
    endloop
  endfacet
  facet normal 0.659279 0 -0.751898
    outer loop
      vertex 83.8419 76 4.55662
      vertex 84.0878 79 4.77223
      vertex 84.0878 76 4.77223
    endloop
  endfacet
  facet normal 0.659279 0 -0.751898
    outer loop
      vertex 84.0878 79 4.77223
      vertex 83.8419 76 4.55662
      vertex 83.8419 79 4.55662
    endloop
  endfacet
  facet normal -0.0654128 0 -0.997858
    outer loop
      vertex 81.9937 76 4.06139
      vertex 82.32 79 4.04
      vertex 82.32 76 4.04
    endloop
  endfacet
  facet normal -0.0654128 0 -0.997858
    outer loop
      vertex 82.32 79 4.04
      vertex 81.9937 76 4.06139
      vertex 81.9937 79 4.06139
    endloop
  endfacet
  facet normal 0.44229 0 -0.896872
    outer loop
      vertex 83.2767 76 4.2303
      vertex 83.57 79 4.37494
      vertex 83.57 76 4.37494
    endloop
  endfacet
  facet normal 0.44229 0 -0.896872
    outer loop
      vertex 83.57 79 4.37494
      vertex 83.2767 76 4.2303
      vertex 83.2767 79 4.2303
    endloop
  endfacet
  facet normal -0.896915 0 -0.442204
    outer loop
      vertex 80.1549 76 5.29
      vertex 80.0103 79 5.58329
      vertex 80.1549 79 5.29
    endloop
  endfacet
  facet normal -0.896915 -0 -0.442204
    outer loop
      vertex 80.0103 79 5.58329
      vertex 80.1549 76 5.29
      vertex 80.0103 76 5.58329
    endloop
  endfacet
  facet normal -0.195116 0 -0.98078
    outer loop
      vertex 81.673 76 4.12519
      vertex 81.9937 79 4.06139
      vertex 81.9937 76 4.06139
    endloop
  endfacet
  facet normal -0.195116 0 -0.98078
    outer loop
      vertex 81.9937 79 4.06139
      vertex 81.673 76 4.12519
      vertex 81.673 79 4.12519
    endloop
  endfacet
  facet normal -0.659279 0 -0.751898
    outer loop
      vertex 80.5522 76 4.77223
      vertex 80.7981 79 4.55662
      vertex 80.7981 76 4.55662
    endloop
  endfacet
  facet normal -0.659279 0 -0.751898
    outer loop
      vertex 80.7981 79 4.55662
      vertex 80.5522 76 4.77223
      vertex 80.5522 79 4.77223
    endloop
  endfacet
  facet normal -0.751873 0 -0.659307
    outer loop
      vertex 80.5522 76 4.77223
      vertex 80.3366 79 5.0181
      vertex 80.5522 79 4.77223
    endloop
  endfacet
  facet normal -0.751873 -0 -0.659307
    outer loop
      vertex 80.3366 79 5.0181
      vertex 80.5522 76 4.77223
      vertex 80.3366 76 5.0181
    endloop
  endfacet
  facet normal 0.997857 0 -0.0654392
    outer loop
      vertex 84.82 76 6.54
      vertex 84.7986 79 6.21368
      vertex 84.82 79 6.54
    endloop
  endfacet
  facet normal 0.997857 0 -0.0654392
    outer loop
      vertex 84.7986 79 6.21368
      vertex 84.82 76 6.54
      vertex 84.7986 76 6.21368
    endloop
  endfacet
  facet normal 0.195116 0 0.98078
    outer loop
      vertex 82.6463 79 9.01861
      vertex 82.967 76 8.95481
      vertex 82.967 79 8.95481
    endloop
  endfacet
  facet normal 0.195116 0 0.98078
    outer loop
      vertex 82.967 76 8.95481
      vertex 82.6463 79 9.01861
      vertex 82.6463 76 9.01861
    endloop
  endfacet
  facet normal 0.659279 0 0.751898
    outer loop
      vertex 83.8419 79 8.52338
      vertex 84.0878 76 8.30777
      vertex 84.0878 79 8.30777
    endloop
  endfacet
  facet normal 0.659279 0 0.751898
    outer loop
      vertex 84.0878 76 8.30777
      vertex 83.8419 79 8.52338
      vertex 83.8419 76 8.52338
    endloop
  endfacet
  facet normal 0.555575 0 0.831466
    outer loop
      vertex 83.57 79 8.70506
      vertex 83.8419 76 8.52338
      vertex 83.8419 79 8.52338
    endloop
  endfacet
  facet normal 0.555575 0 0.831466
    outer loop
      vertex 83.8419 76 8.52338
      vertex 83.57 79 8.70506
      vertex 83.57 76 8.70506
    endloop
  endfacet
  facet normal 0.831438 -0 0.555617
    outer loop
      vertex 84.3034 76 8.0619
      vertex 84.4851 79 7.79
      vertex 84.3034 79 8.0619
    endloop
  endfacet
  facet normal 0.831438 0 0.555617
    outer loop
      vertex 84.4851 79 7.79
      vertex 84.3034 76 8.0619
      vertex 84.4851 76 7.79
    endloop
  endfacet
  facet normal -0.321387 0 0.946948
    outer loop
      vertex 81.3633 79 8.8497
      vertex 81.673 76 8.95481
      vertex 81.673 79 8.95481
    endloop
  endfacet
  facet normal -0.321387 0 0.946948
    outer loop
      vertex 81.673 76 8.95481
      vertex 81.3633 79 8.8497
      vertex 81.3633 76 8.8497
    endloop
  endfacet
  facet normal -0.555575 0 0.831466
    outer loop
      vertex 80.7981 79 8.52338
      vertex 81.07 76 8.70506
      vertex 81.07 79 8.70506
    endloop
  endfacet
  facet normal -0.555575 0 0.831466
    outer loop
      vertex 81.07 76 8.70506
      vertex 80.7981 79 8.52338
      vertex 80.7981 76 8.52338
    endloop
  endfacet
  facet normal -0.946944 0 0.321397
    outer loop
      vertex 79.9052 76 7.18705
      vertex 80.0103 79 7.49671
      vertex 79.9052 79 7.18705
    endloop
  endfacet
  facet normal -0.946944 0 0.321397
    outer loop
      vertex 80.0103 79 7.49671
      vertex 79.9052 76 7.18705
      vertex 80.0103 76 7.49671
    endloop
  endfacet
  facet normal -0.997856 0 0.0654412
    outer loop
      vertex 79.82 76 6.54
      vertex 79.8414 79 6.86631
      vertex 79.82 79 6.54
    endloop
  endfacet
  facet normal -0.997856 0 0.0654412
    outer loop
      vertex 79.8414 79 6.86631
      vertex 79.82 76 6.54
      vertex 79.8414 76 6.86631
    endloop
  endfacet
  facet normal -0.831438 0 0.555617
    outer loop
      vertex 80.1549 76 7.79
      vertex 80.3366 79 8.0619
      vertex 80.1549 79 7.79
    endloop
  endfacet
  facet normal -0.831438 0 0.555617
    outer loop
      vertex 80.3366 79 8.0619
      vertex 80.1549 76 7.79
      vertex 80.3366 76 8.0619
    endloop
  endfacet
  facet normal 0.980784 0 -0.195099
    outer loop
      vertex 84.7986 76 6.21368
      vertex 84.7348 79 5.89295
      vertex 84.7986 79 6.21368
    endloop
  endfacet
  facet normal 0.980784 0 -0.195099
    outer loop
      vertex 84.7348 79 5.89295
      vertex 84.7986 76 6.21368
      vertex 84.7348 76 5.89295
    endloop
  endfacet
  facet normal 0.0654128 0 -0.997858
    outer loop
      vertex 82.32 76 4.04
      vertex 82.6463 79 4.06139
      vertex 82.6463 76 4.06139
    endloop
  endfacet
  facet normal 0.0654128 0 -0.997858
    outer loop
      vertex 82.6463 79 4.06139
      vertex 82.32 76 4.04
      vertex 82.32 79 4.04
    endloop
  endfacet
  facet normal 0.980785 -0 0.195093
    outer loop
      vertex 84.7348 76 7.18705
      vertex 84.7986 79 6.86631
      vertex 84.7348 79 7.18705
    endloop
  endfacet
  facet normal 0.980785 0 0.195093
    outer loop
      vertex 84.7986 79 6.86631
      vertex 84.7348 76 7.18705
      vertex 84.7986 76 6.86631
    endloop
  endfacet
  facet normal 0.946944 -0 0.321397
    outer loop
      vertex 84.6297 76 7.49671
      vertex 84.7348 79 7.18705
      vertex 84.6297 79 7.49671
    endloop
  endfacet
  facet normal 0.946944 0 0.321397
    outer loop
      vertex 84.7348 79 7.18705
      vertex 84.6297 76 7.49671
      vertex 84.7348 76 7.18705
    endloop
  endfacet
  facet normal -0.195116 0 0.98078
    outer loop
      vertex 81.673 79 8.95481
      vertex 81.9937 76 9.01861
      vertex 81.9937 79 9.01861
    endloop
  endfacet
  facet normal -0.195116 0 0.98078
    outer loop
      vertex 81.9937 76 9.01861
      vertex 81.673 79 8.95481
      vertex 81.673 76 8.95481
    endloop
  endfacet
  facet normal -0.751873 0 0.659307
    outer loop
      vertex 80.3366 76 8.0619
      vertex 80.5522 79 8.30777
      vertex 80.3366 79 8.0619
    endloop
  endfacet
  facet normal -0.751873 0 0.659307
    outer loop
      vertex 80.5522 79 8.30777
      vertex 80.3366 76 8.0619
      vertex 80.5522 76 8.30777
    endloop
  endfacet
  facet normal 0.896915 0 -0.442204
    outer loop
      vertex 66.8497 76 5.58329
      vertex 66.7051 79 5.29
      vertex 66.8497 79 5.58329
    endloop
  endfacet
  facet normal 0.896915 0 -0.442204
    outer loop
      vertex 66.7051 79 5.29
      vertex 66.8497 76 5.58329
      vertex 66.7051 76 5.29
    endloop
  endfacet
  facet normal -0.980784 0 -0.195099
    outer loop
      vertex 62.1252 76 5.89295
      vertex 62.0614 79 6.21368
      vertex 62.1252 79 5.89295
    endloop
  endfacet
  facet normal -0.980784 -0 -0.195099
    outer loop
      vertex 62.0614 79 6.21368
      vertex 62.1252 76 5.89295
      vertex 62.0614 76 6.21368
    endloop
  endfacet
  facet normal 0.831438 0 -0.555617
    outer loop
      vertex 66.7051 76 5.29
      vertex 66.5234 79 5.0181
      vertex 66.7051 79 5.29
    endloop
  endfacet
  facet normal 0.831438 0 -0.555617
    outer loop
      vertex 66.5234 79 5.0181
      vertex 66.7051 76 5.29
      vertex 66.5234 76 5.0181
    endloop
  endfacet
  facet normal 0.321387 0 -0.946948
    outer loop
      vertex 65.187 76 4.12519
      vertex 65.4967 79 4.2303
      vertex 65.4967 76 4.2303
    endloop
  endfacet
  facet normal 0.321387 0 -0.946948
    outer loop
      vertex 65.4967 79 4.2303
      vertex 65.187 76 4.12519
      vertex 65.187 79 4.12519
    endloop
  endfacet
  facet normal -0.44229 0 -0.896872
    outer loop
      vertex 63.29 76 4.37494
      vertex 63.5833 79 4.2303
      vertex 63.5833 76 4.2303
    endloop
  endfacet
  facet normal -0.44229 0 -0.896872
    outer loop
      vertex 63.5833 79 4.2303
      vertex 63.29 76 4.37494
      vertex 63.29 79 4.37494
    endloop
  endfacet
  facet normal -0.946944 0 -0.321397
    outer loop
      vertex 62.2303 76 5.58329
      vertex 62.1252 79 5.89295
      vertex 62.2303 79 5.58329
    endloop
  endfacet
  facet normal -0.946944 -0 -0.321397
    outer loop
      vertex 62.1252 79 5.89295
      vertex 62.2303 76 5.58329
      vertex 62.1252 76 5.89295
    endloop
  endfacet
  facet normal 0.0654128 0 -0.997858
    outer loop
      vertex 64.54 76 4.04
      vertex 64.8663 79 4.06139
      vertex 64.8663 76 4.06139
    endloop
  endfacet
  facet normal 0.0654128 0 -0.997858
    outer loop
      vertex 64.8663 79 4.06139
      vertex 64.54 76 4.04
      vertex 64.54 79 4.04
    endloop
  endfacet
  facet normal 0.555575 0 -0.831466
    outer loop
      vertex 65.79 76 4.37494
      vertex 66.0619 79 4.55662
      vertex 66.0619 76 4.55662
    endloop
  endfacet
  facet normal 0.555575 0 -0.831466
    outer loop
      vertex 66.0619 79 4.55662
      vertex 65.79 76 4.37494
      vertex 65.79 79 4.37494
    endloop
  endfacet
  facet normal 0 -1 0
    outer loop
      vertex 64.54 76 7.39
      vertex 64.54 76 9.04
      vertex 64.2137 76 9.01861
    endloop
  endfacet
  facet normal 0 -1 0
    outer loop
      vertex 64.4291 76 7.38273
      vertex 64.2137 76 9.01861
      vertex 63.893 76 8.95481
    endloop
  endfacet
  facet normal 0 -1 0
    outer loop
      vertex 64.54 76 9.04
      vertex 64.54 76 7.39
      vertex 64.8663 76 9.01861
    endloop
  endfacet
  facet normal 0 -1 0
    outer loop
      vertex 64.32 76 7.36104
      vertex 63.893 76 8.95481
      vertex 63.5833 76 8.8497
    endloop
  endfacet
  facet normal 0 -1 0
    outer loop
      vertex 64.6509 76 7.38273
      vertex 64.8663 76 9.01861
      vertex 64.54 76 7.39
    endloop
  endfacet
  facet normal 0 -1 0
    outer loop
      vertex 64.2147 76 7.3253
      vertex 63.5833 76 8.8497
      vertex 63.29 76 8.70506
    endloop
  endfacet
  facet normal 0 -1 -0
    outer loop
      vertex 64.8663 76 9.01861
      vertex 64.6509 76 7.38273
      vertex 65.187 76 8.95481
    endloop
  endfacet
  facet normal 0 -1 0
    outer loop
      vertex 64.115 76 7.27612
      vertex 63.29 76 8.70506
      vertex 63.0181 76 8.52338
    endloop
  endfacet
  facet normal 0 -1 0
    outer loop
      vertex 64.76 76 7.36104
      vertex 65.187 76 8.95481
      vertex 64.6509 76 7.38273
    endloop
  endfacet
  facet normal 0 -1 0
    outer loop
      vertex 64.0226 76 7.21435
      vertex 63.0181 76 8.52338
      vertex 62.7722 76 8.30777
    endloop
  endfacet
  facet normal 0 -1 -0
    outer loop
      vertex 65.187 76 8.95481
      vertex 64.76 76 7.36104
      vertex 65.4967 76 8.8497
    endloop
  endfacet
  facet normal 0 -1 0
    outer loop
      vertex 63.939 76 7.14104
      vertex 62.7722 76 8.30777
      vertex 62.5566 76 8.0619
    endloop
  endfacet
  facet normal 0 -1 0
    outer loop
      vertex 64.8653 76 7.3253
      vertex 65.4967 76 8.8497
      vertex 64.76 76 7.36104
    endloop
  endfacet
  facet normal 0 -1 0
    outer loop
      vertex 63.8657 76 7.05745
      vertex 62.5566 76 8.0619
      vertex 62.3749 76 7.79
    endloop
  endfacet
  facet normal 0 -1 -0
    outer loop
      vertex 65.4967 76 8.8497
      vertex 64.8653 76 7.3253
      vertex 65.79 76 8.70506
    endloop
  endfacet
  facet normal 0 -1 0
    outer loop
      vertex 63.8039 76 6.965
      vertex 62.3749 76 7.79
      vertex 62.2303 76 7.49671
    endloop
  endfacet
  facet normal 0 -1 0
    outer loop
      vertex 64.965 76 7.27612
      vertex 65.79 76 8.70506
      vertex 64.8653 76 7.3253
    endloop
  endfacet
  facet normal 0 -1 -0
    outer loop
      vertex 65.79 76 8.70506
      vertex 64.965 76 7.27612
      vertex 66.0619 76 8.52338
    endloop
  endfacet
  facet normal 0 -1 0
    outer loop
      vertex 64.2137 76 9.01861
      vertex 64.4291 76 7.38273
      vertex 64.54 76 7.39
    endloop
  endfacet
  facet normal 0 -1 0
    outer loop
      vertex 63.893 76 8.95481
      vertex 64.32 76 7.36104
      vertex 64.4291 76 7.38273
    endloop
  endfacet
  facet normal 0 -1 0
    outer loop
      vertex 63.5833 76 8.8497
      vertex 64.2147 76 7.3253
      vertex 64.32 76 7.36104
    endloop
  endfacet
  facet normal 0 -1 0
    outer loop
      vertex 63.29 76 8.70506
      vertex 64.115 76 7.27612
      vertex 64.2147 76 7.3253
    endloop
  endfacet
  facet normal 0 -1 0
    outer loop
      vertex 63.0181 76 8.52338
      vertex 64.0226 76 7.21435
      vertex 64.115 76 7.27612
    endloop
  endfacet
  facet normal 0 -1 0
    outer loop
      vertex 63.7547 76 6.86528
      vertex 62.2303 76 7.49671
      vertex 62.1252 76 7.18705
    endloop
  endfacet
  facet normal 0 -1 0
    outer loop
      vertex 62.7722 76 8.30777
      vertex 63.939 76 7.14104
      vertex 64.0226 76 7.21435
    endloop
  endfacet
  facet normal 0 -1 0
    outer loop
      vertex 62.5566 76 8.0619
      vertex 63.8657 76 7.05745
      vertex 63.939 76 7.14104
    endloop
  endfacet
  facet normal 0 -1 0
    outer loop
      vertex 62.3749 76 7.79
      vertex 63.8039 76 6.965
      vertex 63.8657 76 7.05745
    endloop
  endfacet
  facet normal 0 -1 0
    outer loop
      vertex 63.719 76 6.76
      vertex 62.1252 76 7.18705
      vertex 62.0614 76 6.86631
    endloop
  endfacet
  facet normal 0 -1 0
    outer loop
      vertex 62.2303 76 7.49671
      vertex 63.7547 76 6.86528
      vertex 63.8039 76 6.965
    endloop
  endfacet
  facet normal 0 -1 0
    outer loop
      vertex 62.1252 76 7.18705
      vertex 63.719 76 6.76
      vertex 63.7547 76 6.86528
    endloop
  endfacet
  facet normal 0 -1 0
    outer loop
      vertex 62.0614 76 6.86631
      vertex 63.6973 76 6.65095
      vertex 63.719 76 6.76
    endloop
  endfacet
  facet normal 0 -1 0
    outer loop
      vertex 62.04 76 6.54
      vertex 63.6973 76 6.65095
      vertex 62.0614 76 6.86631
    endloop
  endfacet
  facet normal 0 -1 0
    outer loop
      vertex 62.04 76 6.54
      vertex 63.69 76 6.54
      vertex 63.6973 76 6.65095
    endloop
  endfacet
  facet normal 0 -1 0
    outer loop
      vertex 62.04 76 6.54
      vertex 63.6973 76 6.42905
      vertex 63.69 76 6.54
    endloop
  endfacet
  facet normal 0 -1 0
    outer loop
      vertex 62.0614 76 6.21368
      vertex 63.6973 76 6.42905
      vertex 62.04 76 6.54
    endloop
  endfacet
  facet normal 0 -1 -0
    outer loop
      vertex 63.6973 76 6.42905
      vertex 62.0614 76 6.21368
      vertex 63.719 76 6.32
    endloop
  endfacet
  facet normal 0 -1 0
    outer loop
      vertex 62.1252 76 5.89295
      vertex 63.719 76 6.32
      vertex 62.0614 76 6.21368
    endloop
  endfacet
  facet normal 0 -1 -0
    outer loop
      vertex 63.719 76 6.32
      vertex 62.1252 76 5.89295
      vertex 63.7547 76 6.21472
    endloop
  endfacet
  facet normal 0 -1 0
    outer loop
      vertex 62.2303 76 5.58329
      vertex 63.7547 76 6.21472
      vertex 62.1252 76 5.89295
    endloop
  endfacet
  facet normal 0 -1 -0
    outer loop
      vertex 63.7547 76 6.21472
      vertex 62.2303 76 5.58329
      vertex 63.8039 76 6.115
    endloop
  endfacet
  facet normal 0 -1 0
    outer loop
      vertex 62.3749 76 5.29
      vertex 63.8039 76 6.115
      vertex 62.2303 76 5.58329
    endloop
  endfacet
  facet normal 0 -1 -0
    outer loop
      vertex 63.8039 76 6.115
      vertex 62.3749 76 5.29
      vertex 63.8657 76 6.02255
    endloop
  endfacet
  facet normal 0 -1 0
    outer loop
      vertex 62.5566 76 5.0181
      vertex 63.8657 76 6.02255
      vertex 62.3749 76 5.29
    endloop
  endfacet
  facet normal 0 -1 -0
    outer loop
      vertex 63.8657 76 6.02255
      vertex 62.5566 76 5.0181
      vertex 63.939 76 5.93896
    endloop
  endfacet
  facet normal 0 -1 0
    outer loop
      vertex 62.7722 76 4.77223
      vertex 63.939 76 5.93896
      vertex 62.5566 76 5.0181
    endloop
  endfacet
  facet normal 0 -1 -0
    outer loop
      vertex 63.939 76 5.93896
      vertex 62.7722 76 4.77223
      vertex 64.0226 76 5.86565
    endloop
  endfacet
  facet normal 0 -1 -0
    outer loop
      vertex 64.0226 76 5.86565
      vertex 63.0181 76 4.55662
      vertex 64.115 76 5.80388
    endloop
  endfacet
  facet normal 0 -1 0
    outer loop
      vertex 63.0181 76 4.55662
      vertex 64.0226 76 5.86565
      vertex 62.7722 76 4.77223
    endloop
  endfacet
  facet normal 0 -1 0
    outer loop
      vertex 65.0574 76 7.21435
      vertex 66.0619 76 8.52338
      vertex 64.965 76 7.27612
    endloop
  endfacet
  facet normal 0 -1 -0
    outer loop
      vertex 66.0619 76 8.52338
      vertex 65.0574 76 7.21435
      vertex 66.3078 76 8.30777
    endloop
  endfacet
  facet normal 0 -1 0
    outer loop
      vertex 65.141 76 7.14104
      vertex 66.3078 76 8.30777
      vertex 65.0574 76 7.21435
    endloop
  endfacet
  facet normal 0 -1 -0
    outer loop
      vertex 66.3078 76 8.30777
      vertex 65.141 76 7.14104
      vertex 66.5234 76 8.0619
    endloop
  endfacet
  facet normal 0 -1 0
    outer loop
      vertex 65.2143 76 7.05745
      vertex 66.5234 76 8.0619
      vertex 65.141 76 7.14104
    endloop
  endfacet
  facet normal 0 -1 -0
    outer loop
      vertex 66.5234 76 8.0619
      vertex 65.2143 76 7.05745
      vertex 66.7051 76 7.79
    endloop
  endfacet
  facet normal 0 -1 0
    outer loop
      vertex 65.2761 76 6.965
      vertex 66.7051 76 7.79
      vertex 65.2143 76 7.05745
    endloop
  endfacet
  facet normal 0 -1 -0
    outer loop
      vertex 66.7051 76 7.79
      vertex 65.2761 76 6.965
      vertex 66.8497 76 7.49671
    endloop
  endfacet
  facet normal 0 -1 0
    outer loop
      vertex 65.3253 76 6.86528
      vertex 66.8497 76 7.49671
      vertex 65.2761 76 6.965
    endloop
  endfacet
  facet normal 0 -1 -0
    outer loop
      vertex 66.8497 76 7.49671
      vertex 65.3253 76 6.86528
      vertex 66.9548 76 7.18705
    endloop
  endfacet
  facet normal 0 -1 0
    outer loop
      vertex 65.361 76 6.76
      vertex 66.9548 76 7.18705
      vertex 65.3253 76 6.86528
    endloop
  endfacet
  facet normal 0 -1 -0
    outer loop
      vertex 66.9548 76 7.18705
      vertex 65.361 76 6.76
      vertex 67.0186 76 6.86631
    endloop
  endfacet
  facet normal 0 -1 0
    outer loop
      vertex 65.3827 76 6.65095
      vertex 67.0186 76 6.86631
      vertex 65.361 76 6.76
    endloop
  endfacet
  facet normal 0 -1 0
    outer loop
      vertex 65.39 76 6.54
      vertex 67.0186 76 6.86631
      vertex 65.3827 76 6.65095
    endloop
  endfacet
  facet normal 0 -1 0
    outer loop
      vertex 65.39 76 6.54
      vertex 67.04 76 6.54
      vertex 67.0186 76 6.86631
    endloop
  endfacet
  facet normal 0 -1 0
    outer loop
      vertex 65.3827 76 6.42905
      vertex 67.04 76 6.54
      vertex 65.39 76 6.54
    endloop
  endfacet
  facet normal 0 -1 0
    outer loop
      vertex 67.0186 76 6.21368
      vertex 65.3827 76 6.42905
      vertex 65.361 76 6.32
    endloop
  endfacet
  facet normal 0 -1 0
    outer loop
      vertex 66.9548 76 5.89295
      vertex 65.361 76 6.32
      vertex 65.3253 76 6.21472
    endloop
  endfacet
  facet normal 0 -1 0
    outer loop
      vertex 65.3827 76 6.42905
      vertex 67.0186 76 6.21368
      vertex 67.04 76 6.54
    endloop
  endfacet
  facet normal 0 -1 0
    outer loop
      vertex 66.8497 76 5.58329
      vertex 65.3253 76 6.21472
      vertex 65.2761 76 6.115
    endloop
  endfacet
  facet normal 0 -1 0
    outer loop
      vertex 66.7051 76 5.29
      vertex 65.2761 76 6.115
      vertex 65.2143 76 6.02255
    endloop
  endfacet
  facet normal 0 -1 0
    outer loop
      vertex 66.5234 76 5.0181
      vertex 65.2143 76 6.02255
      vertex 65.141 76 5.93896
    endloop
  endfacet
  facet normal 0 -1 0
    outer loop
      vertex 65.361 76 6.32
      vertex 66.9548 76 5.89295
      vertex 67.0186 76 6.21368
    endloop
  endfacet
  facet normal 0 -1 0
    outer loop
      vertex 66.3078 76 4.77223
      vertex 65.141 76 5.93896
      vertex 65.0574 76 5.86565
    endloop
  endfacet
  facet normal 0 -1 0
    outer loop
      vertex 66.0619 76 4.55662
      vertex 65.0574 76 5.86565
      vertex 64.965 76 5.80388
    endloop
  endfacet
  facet normal 0 -1 0
    outer loop
      vertex 65.79 76 4.37494
      vertex 64.965 76 5.80388
      vertex 64.8653 76 5.7547
    endloop
  endfacet
  facet normal 0 -1 0
    outer loop
      vertex 65.4967 76 4.2303
      vertex 64.8653 76 5.7547
      vertex 64.76 76 5.71896
    endloop
  endfacet
  facet normal 0 -1 0
    outer loop
      vertex 65.187 76 4.12519
      vertex 64.76 76 5.71896
      vertex 64.6509 76 5.69727
    endloop
  endfacet
  facet normal 0 -1 0
    outer loop
      vertex 65.3253 76 6.21472
      vertex 66.8497 76 5.58329
      vertex 66.9548 76 5.89295
    endloop
  endfacet
  facet normal 0 -1 0
    outer loop
      vertex 64.8663 76 4.06139
      vertex 64.6509 76 5.69727
      vertex 64.54 76 5.69
    endloop
  endfacet
  facet normal 0 -1 0
    outer loop
      vertex 63.29 76 4.37494
      vertex 64.115 76 5.80388
      vertex 63.0181 76 4.55662
    endloop
  endfacet
  facet normal 0 -1 -0
    outer loop
      vertex 64.115 76 5.80388
      vertex 63.29 76 4.37494
      vertex 64.2147 76 5.7547
    endloop
  endfacet
  facet normal 0 -1 0
    outer loop
      vertex 65.2761 76 6.115
      vertex 66.7051 76 5.29
      vertex 66.8497 76 5.58329
    endloop
  endfacet
  facet normal 0 -1 0
    outer loop
      vertex 63.5833 76 4.2303
      vertex 64.2147 76 5.7547
      vertex 63.29 76 4.37494
    endloop
  endfacet
  facet normal 0 -1 0
    outer loop
      vertex 65.2143 76 6.02255
      vertex 66.5234 76 5.0181
      vertex 66.7051 76 5.29
    endloop
  endfacet
  facet normal 0 -1 -0
    outer loop
      vertex 64.2147 76 5.7547
      vertex 63.5833 76 4.2303
      vertex 64.32 76 5.71896
    endloop
  endfacet
  facet normal 0 -1 0
    outer loop
      vertex 65.141 76 5.93896
      vertex 66.3078 76 4.77223
      vertex 66.5234 76 5.0181
    endloop
  endfacet
  facet normal 0 -1 0
    outer loop
      vertex 63.893 76 4.12519
      vertex 64.32 76 5.71896
      vertex 63.5833 76 4.2303
    endloop
  endfacet
  facet normal 0 -1 0
    outer loop
      vertex 65.0574 76 5.86565
      vertex 66.0619 76 4.55662
      vertex 66.3078 76 4.77223
    endloop
  endfacet
  facet normal 0 -1 -0
    outer loop
      vertex 64.32 76 5.71896
      vertex 63.893 76 4.12519
      vertex 64.4291 76 5.69727
    endloop
  endfacet
  facet normal 0 -1 0
    outer loop
      vertex 64.965 76 5.80388
      vertex 65.79 76 4.37494
      vertex 66.0619 76 4.55662
    endloop
  endfacet
  facet normal 0 -1 0
    outer loop
      vertex 64.2137 76 4.06139
      vertex 64.4291 76 5.69727
      vertex 63.893 76 4.12519
    endloop
  endfacet
  facet normal 0 -1 0
    outer loop
      vertex 64.8653 76 5.7547
      vertex 65.4967 76 4.2303
      vertex 65.79 76 4.37494
    endloop
  endfacet
  facet normal 0 -1 -0
    outer loop
      vertex 64.4291 76 5.69727
      vertex 64.2137 76 4.06139
      vertex 64.54 76 5.69
    endloop
  endfacet
  facet normal 0 -1 0
    outer loop
      vertex 64.76 76 5.71896
      vertex 65.187 76 4.12519
      vertex 65.4967 76 4.2303
    endloop
  endfacet
  facet normal 0 -1 0
    outer loop
      vertex 64.54 76 4.04
      vertex 64.54 76 5.69
      vertex 64.2137 76 4.06139
    endloop
  endfacet
  facet normal 0 -1 0
    outer loop
      vertex 64.6509 76 5.69727
      vertex 64.8663 76 4.06139
      vertex 65.187 76 4.12519
    endloop
  endfacet
  facet normal 0 -1 0
    outer loop
      vertex 64.54 76 5.69
      vertex 64.54 76 4.04
      vertex 64.8663 76 4.06139
    endloop
  endfacet
  facet normal -0.997857 0 -0.0654392
    outer loop
      vertex 62.0614 76 6.21368
      vertex 62.04 79 6.54
      vertex 62.0614 79 6.21368
    endloop
  endfacet
  facet normal -0.997857 -0 -0.0654392
    outer loop
      vertex 62.04 79 6.54
      vertex 62.0614 76 6.21368
      vertex 62.04 76 6.54
    endloop
  endfacet
  facet normal -0.831438 0 -0.555617
    outer loop
      vertex 62.5566 76 5.0181
      vertex 62.3749 79 5.29
      vertex 62.5566 79 5.0181
    endloop
  endfacet
  facet normal -0.831438 -0 -0.555617
    outer loop
      vertex 62.3749 79 5.29
      vertex 62.5566 76 5.0181
      vertex 62.3749 76 5.29
    endloop
  endfacet
  facet normal -0.555575 0 -0.831466
    outer loop
      vertex 63.0181 76 4.55662
      vertex 63.29 79 4.37494
      vertex 63.29 76 4.37494
    endloop
  endfacet
  facet normal -0.555575 0 -0.831466
    outer loop
      vertex 63.29 79 4.37494
      vertex 63.0181 76 4.55662
      vertex 63.0181 79 4.55662
    endloop
  endfacet
  facet normal -0.321387 0 -0.946948
    outer loop
      vertex 63.5833 76 4.2303
      vertex 63.893 79 4.12519
      vertex 63.893 76 4.12519
    endloop
  endfacet
  facet normal -0.321387 0 -0.946948
    outer loop
      vertex 63.893 79 4.12519
      vertex 63.5833 76 4.2303
      vertex 63.5833 79 4.2303
    endloop
  endfacet
  facet normal 0.997857 0 -0.0654392
    outer loop
      vertex 67.04 76 6.54
      vertex 67.0186 79 6.21368
      vertex 67.04 79 6.54
    endloop
  endfacet
  facet normal 0.997857 0 -0.0654392
    outer loop
      vertex 67.0186 79 6.21368
      vertex 67.04 76 6.54
      vertex 67.0186 76 6.21368
    endloop
  endfacet
  facet normal 0.555575 0 0.831466
    outer loop
      vertex 65.79 79 8.70506
      vertex 66.0619 76 8.52338
      vertex 66.0619 79 8.52338
    endloop
  endfacet
  facet normal 0.555575 0 0.831466
    outer loop
      vertex 66.0619 76 8.52338
      vertex 65.79 79 8.70506
      vertex 65.79 76 8.70506
    endloop
  endfacet
  facet normal 0.946944 -0 0.321397
    outer loop
      vertex 66.8497 76 7.49671
      vertex 66.9548 79 7.18705
      vertex 66.8497 79 7.49671
    endloop
  endfacet
  facet normal 0.946944 0 0.321397
    outer loop
      vertex 66.9548 79 7.18705
      vertex 66.8497 76 7.49671
      vertex 66.9548 76 7.18705
    endloop
  endfacet
  facet normal -0.555575 0 0.831466
    outer loop
      vertex 63.0181 79 8.52338
      vertex 63.29 76 8.70506
      vertex 63.29 79 8.70506
    endloop
  endfacet
  facet normal -0.555575 0 0.831466
    outer loop
      vertex 63.29 76 8.70506
      vertex 63.0181 79 8.52338
      vertex 63.0181 76 8.52338
    endloop
  endfacet
  facet normal -0.831438 0 0.555617
    outer loop
      vertex 62.3749 76 7.79
      vertex 62.5566 79 8.0619
      vertex 62.3749 79 7.79
    endloop
  endfacet
  facet normal -0.831438 0 0.555617
    outer loop
      vertex 62.5566 79 8.0619
      vertex 62.3749 76 7.79
      vertex 62.5566 76 8.0619
    endloop
  endfacet
  facet normal 0.980784 0 -0.195099
    outer loop
      vertex 67.0186 76 6.21368
      vertex 66.9548 79 5.89295
      vertex 67.0186 79 6.21368
    endloop
  endfacet
  facet normal 0.980784 0 -0.195099
    outer loop
      vertex 66.9548 79 5.89295
      vertex 67.0186 76 6.21368
      vertex 66.9548 76 5.89295
    endloop
  endfacet
  facet normal 0.946944 0 -0.321397
    outer loop
      vertex 66.9548 76 5.89295
      vertex 66.8497 79 5.58329
      vertex 66.9548 79 5.89295
    endloop
  endfacet
  facet normal 0.946944 0 -0.321397
    outer loop
      vertex 66.8497 79 5.58329
      vertex 66.9548 76 5.89295
      vertex 66.8497 76 5.58329
    endloop
  endfacet
  facet normal 0.659279 0 -0.751898
    outer loop
      vertex 66.0619 76 4.55662
      vertex 66.3078 79 4.77223
      vertex 66.3078 76 4.77223
    endloop
  endfacet
  facet normal 0.659279 0 -0.751898
    outer loop
      vertex 66.3078 79 4.77223
      vertex 66.0619 76 4.55662
      vertex 66.0619 79 4.55662
    endloop
  endfacet
  facet normal -0.0654128 0 -0.997858
    outer loop
      vertex 64.2137 76 4.06139
      vertex 64.54 79 4.04
      vertex 64.54 76 4.04
    endloop
  endfacet
  facet normal -0.0654128 0 -0.997858
    outer loop
      vertex 64.54 79 4.04
      vertex 64.2137 76 4.06139
      vertex 64.2137 79 4.06139
    endloop
  endfacet
  facet normal 0.195116 0 -0.98078
    outer loop
      vertex 64.8663 76 4.06139
      vertex 65.187 79 4.12519
      vertex 65.187 76 4.12519
    endloop
  endfacet
  facet normal 0.195116 0 -0.98078
    outer loop
      vertex 65.187 79 4.12519
      vertex 64.8663 76 4.06139
      vertex 64.8663 79 4.06139
    endloop
  endfacet
  facet normal 0.44229 0 -0.896872
    outer loop
      vertex 65.4967 76 4.2303
      vertex 65.79 79 4.37494
      vertex 65.79 76 4.37494
    endloop
  endfacet
  facet normal 0.44229 0 -0.896872
    outer loop
      vertex 65.79 79 4.37494
      vertex 65.4967 76 4.2303
      vertex 65.4967 79 4.2303
    endloop
  endfacet
  facet normal -0.997856 0 0.0654412
    outer loop
      vertex 62.04 76 6.54
      vertex 62.0614 79 6.86631
      vertex 62.04 79 6.54
    endloop
  endfacet
  facet normal -0.997856 0 0.0654412
    outer loop
      vertex 62.0614 79 6.86631
      vertex 62.04 76 6.54
      vertex 62.0614 76 6.86631
    endloop
  endfacet
  facet normal -0.896915 0 -0.442204
    outer loop
      vertex 62.3749 76 5.29
      vertex 62.2303 79 5.58329
      vertex 62.3749 79 5.29
    endloop
  endfacet
  facet normal -0.896915 -0 -0.442204
    outer loop
      vertex 62.2303 79 5.58329
      vertex 62.3749 76 5.29
      vertex 62.2303 76 5.58329
    endloop
  endfacet
  facet normal -0.195116 0 -0.98078
    outer loop
      vertex 63.893 76 4.12519
      vertex 64.2137 79 4.06139
      vertex 64.2137 76 4.06139
    endloop
  endfacet
  facet normal -0.195116 0 -0.98078
    outer loop
      vertex 64.2137 79 4.06139
      vertex 63.893 76 4.12519
      vertex 63.893 79 4.12519
    endloop
  endfacet
  facet normal -0.659279 0 -0.751898
    outer loop
      vertex 62.7722 76 4.77223
      vertex 63.0181 79 4.55662
      vertex 63.0181 76 4.55662
    endloop
  endfacet
  facet normal -0.659279 0 -0.751898
    outer loop
      vertex 63.0181 79 4.55662
      vertex 62.7722 76 4.77223
      vertex 62.7722 79 4.77223
    endloop
  endfacet
  facet normal -0.751873 0 -0.659307
    outer loop
      vertex 62.7722 76 4.77223
      vertex 62.5566 79 5.0181
      vertex 62.7722 79 4.77223
    endloop
  endfacet
  facet normal -0.751873 -0 -0.659307
    outer loop
      vertex 62.5566 79 5.0181
      vertex 62.7722 76 4.77223
      vertex 62.5566 76 5.0181
    endloop
  endfacet
  facet normal 0.997856 -0 0.0654412
    outer loop
      vertex 67.0186 76 6.86631
      vertex 67.04 79 6.54
      vertex 67.0186 79 6.86631
    endloop
  endfacet
  facet normal 0.997856 0 0.0654412
    outer loop
      vertex 67.04 79 6.54
      vertex 67.0186 76 6.86631
      vertex 67.04 76 6.54
    endloop
  endfacet
  facet normal -0.980785 0 0.195093
    outer loop
      vertex 62.0614 76 6.86631
      vertex 62.1252 79 7.18705
      vertex 62.0614 79 6.86631
    endloop
  endfacet
  facet normal -0.980785 0 0.195093
    outer loop
      vertex 62.1252 79 7.18705
      vertex 62.0614 76 6.86631
      vertex 62.1252 76 7.18705
    endloop
  endfacet
  facet normal -0.751873 0 0.659307
    outer loop
      vertex 62.5566 76 8.0619
      vertex 62.7722 79 8.30777
      vertex 62.5566 79 8.0619
    endloop
  endfacet
  facet normal -0.751873 0 0.659307
    outer loop
      vertex 62.7722 79 8.30777
      vertex 62.5566 76 8.0619
      vertex 62.7722 76 8.30777
    endloop
  endfacet
  facet normal 0.195116 0 0.98078
    outer loop
      vertex 64.8663 79 9.01861
      vertex 65.187 76 8.95481
      vertex 65.187 79 8.95481
    endloop
  endfacet
  facet normal 0.195116 0 0.98078
    outer loop
      vertex 65.187 76 8.95481
      vertex 64.8663 79 9.01861
      vertex 64.8663 76 9.01861
    endloop
  endfacet
  facet normal 0.751873 0 -0.659307
    outer loop
      vertex 66.5234 76 5.0181
      vertex 66.3078 79 4.77223
      vertex 66.5234 79 5.0181
    endloop
  endfacet
  facet normal 0.751873 0 -0.659307
    outer loop
      vertex 66.3078 79 4.77223
      vertex 66.5234 76 5.0181
      vertex 66.3078 76 4.77223
    endloop
  endfacet
  facet normal 0.980785 -0 0.195093
    outer loop
      vertex 66.9548 76 7.18705
      vertex 67.0186 79 6.86631
      vertex 66.9548 79 7.18705
    endloop
  endfacet
  facet normal 0.980785 0 0.195093
    outer loop
      vertex 67.0186 79 6.86631
      vertex 66.9548 76 7.18705
      vertex 67.0186 76 6.86631
    endloop
  endfacet
  facet normal 0.751873 -0 0.659307
    outer loop
      vertex 66.3078 76 8.30777
      vertex 66.5234 79 8.0619
      vertex 66.3078 79 8.30777
    endloop
  endfacet
  facet normal 0.751873 0 0.659307
    outer loop
      vertex 66.5234 79 8.0619
      vertex 66.3078 76 8.30777
      vertex 66.5234 76 8.0619
    endloop
  endfacet
  facet normal 0.896915 -0 0.442204
    outer loop
      vertex 66.7051 76 7.79
      vertex 66.8497 79 7.49671
      vertex 66.7051 79 7.79
    endloop
  endfacet
  facet normal 0.896915 0 0.442204
    outer loop
      vertex 66.8497 79 7.49671
      vertex 66.7051 76 7.79
      vertex 66.8497 76 7.49671
    endloop
  endfacet
  facet normal 0.0654128 0 0.997858
    outer loop
      vertex 64.54 79 9.04
      vertex 64.8663 76 9.01861
      vertex 64.8663 79 9.01861
    endloop
  endfacet
  facet normal 0.0654128 0 0.997858
    outer loop
      vertex 64.8663 76 9.01861
      vertex 64.54 79 9.04
      vertex 64.54 76 9.04
    endloop
  endfacet
  facet normal -0.896915 0 0.442204
    outer loop
      vertex 62.2303 76 7.49671
      vertex 62.3749 79 7.79
      vertex 62.2303 79 7.49671
    endloop
  endfacet
  facet normal -0.896915 0 0.442204
    outer loop
      vertex 62.3749 79 7.79
      vertex 62.2303 76 7.49671
      vertex 62.3749 76 7.79
    endloop
  endfacet
  facet normal -0.946944 0 0.321397
    outer loop
      vertex 62.1252 76 7.18705
      vertex 62.2303 79 7.49671
      vertex 62.1252 79 7.18705
    endloop
  endfacet
  facet normal -0.946944 0 0.321397
    outer loop
      vertex 62.2303 79 7.49671
      vertex 62.1252 76 7.18705
      vertex 62.2303 76 7.49671
    endloop
  endfacet
  facet normal -0.659279 0 0.751898
    outer loop
      vertex 62.7722 79 8.30777
      vertex 63.0181 76 8.52338
      vertex 63.0181 79 8.52338
    endloop
  endfacet
  facet normal -0.659279 0 0.751898
    outer loop
      vertex 63.0181 76 8.52338
      vertex 62.7722 79 8.30777
      vertex 62.7722 76 8.30777
    endloop
  endfacet
  facet normal 0.44229 0 0.896872
    outer loop
      vertex 65.4967 79 8.8497
      vertex 65.79 76 8.70506
      vertex 65.79 79 8.70506
    endloop
  endfacet
  facet normal 0.44229 0 0.896872
    outer loop
      vertex 65.79 76 8.70506
      vertex 65.4967 79 8.8497
      vertex 65.4967 76 8.8497
    endloop
  endfacet
  facet normal 0.321387 0 0.946948
    outer loop
      vertex 65.187 79 8.95481
      vertex 65.4967 76 8.8497
      vertex 65.4967 79 8.8497
    endloop
  endfacet
  facet normal 0.321387 0 0.946948
    outer loop
      vertex 65.4967 76 8.8497
      vertex 65.187 79 8.95481
      vertex 65.187 76 8.95481
    endloop
  endfacet
  facet normal 0.659279 0 0.751898
    outer loop
      vertex 66.0619 79 8.52338
      vertex 66.3078 76 8.30777
      vertex 66.3078 79 8.30777
    endloop
  endfacet
  facet normal 0.659279 0 0.751898
    outer loop
      vertex 66.3078 76 8.30777
      vertex 66.0619 79 8.52338
      vertex 66.0619 76 8.52338
    endloop
  endfacet
  facet normal 0.831438 -0 0.555617
    outer loop
      vertex 66.5234 76 8.0619
      vertex 66.7051 79 7.79
      vertex 66.5234 79 8.0619
    endloop
  endfacet
  facet normal 0.831438 0 0.555617
    outer loop
      vertex 66.7051 79 7.79
      vertex 66.5234 76 8.0619
      vertex 66.7051 76 7.79
    endloop
  endfacet
  facet normal -0.195116 0 0.98078
    outer loop
      vertex 63.893 79 8.95481
      vertex 64.2137 76 9.01861
      vertex 64.2137 79 9.01861
    endloop
  endfacet
  facet normal -0.195116 0 0.98078
    outer loop
      vertex 64.2137 76 9.01861
      vertex 63.893 79 8.95481
      vertex 63.893 76 8.95481
    endloop
  endfacet
  facet normal -0.321387 0 0.946948
    outer loop
      vertex 63.5833 79 8.8497
      vertex 63.893 76 8.95481
      vertex 63.893 79 8.95481
    endloop
  endfacet
  facet normal -0.321387 0 0.946948
    outer loop
      vertex 63.893 76 8.95481
      vertex 63.5833 79 8.8497
      vertex 63.5833 76 8.8497
    endloop
  endfacet
  facet normal -0.0654128 0 0.997858
    outer loop
      vertex 64.2137 79 9.01861
      vertex 64.54 76 9.04
      vertex 64.54 79 9.04
    endloop
  endfacet
  facet normal -0.0654128 0 0.997858
    outer loop
      vertex 64.54 76 9.04
      vertex 64.2137 79 9.01861
      vertex 64.2137 76 9.01861
    endloop
  endfacet
  facet normal -0.44229 0 0.896872
    outer loop
      vertex 63.29 79 8.70506
      vertex 63.5833 76 8.8497
      vertex 63.5833 79 8.8497
    endloop
  endfacet
  facet normal -0.44229 0 0.896872
    outer loop
      vertex 63.5833 76 8.8497
      vertex 63.29 79 8.70506
      vertex 63.29 76 8.70506
    endloop
  endfacet
  facet normal 0.555617 0 -0.831438
    outer loop
      vertex 80.93 76 35.7449
      vertex 81.2019 79 35.9266
      vertex 81.2019 76 35.9266
    endloop
  endfacet
  facet normal 0.555617 0 -0.831438
    outer loop
      vertex 81.2019 79 35.9266
      vertex 80.93 76 35.7449
      vertex 80.93 79 35.7449
    endloop
  endfacet
  facet normal 0.98078 -0 0.195116
    outer loop
      vertex 82.0948 76 38.557
      vertex 82.1586 79 38.2363
      vertex 82.0948 79 38.557
    endloop
  endfacet
  facet normal 0.98078 0 0.195116
    outer loop
      vertex 82.1586 79 38.2363
      vertex 82.0948 76 38.557
      vertex 82.1586 76 38.2363
    endloop
  endfacet
  facet normal -0.442191 0 -0.896921
    outer loop
      vertex 78.43 76 35.7449
      vertex 78.7233 79 35.6003
      vertex 78.7233 76 35.6003
    endloop
  endfacet
  facet normal -0.442191 0 -0.896921
    outer loop
      vertex 78.7233 79 35.6003
      vertex 78.43 76 35.7449
      vertex 78.43 79 35.7449
    endloop
  endfacet
  facet normal -0.896921 0 -0.442191
    outer loop
      vertex 77.5149 76 36.66
      vertex 77.3703 79 36.9533
      vertex 77.5149 79 36.66
    endloop
  endfacet
  facet normal -0.896921 -0 -0.442191
    outer loop
      vertex 77.3703 79 36.9533
      vertex 77.5149 76 36.66
      vertex 77.3703 76 36.9533
    endloop
  endfacet
  facet normal 0.896921 0 -0.442191
    outer loop
      vertex 81.9897 76 36.9533
      vertex 81.8451 79 36.66
      vertex 81.9897 79 36.9533
    endloop
  endfacet
  facet normal 0.896921 0 -0.442191
    outer loop
      vertex 81.8451 79 36.66
      vertex 81.9897 76 36.9533
      vertex 81.8451 76 36.66
    endloop
  endfacet
  facet normal 0.98078 0 -0.195116
    outer loop
      vertex 82.1586 76 37.5837
      vertex 82.0948 79 37.263
      vertex 82.1586 79 37.5837
    endloop
  endfacet
  facet normal 0.98078 0 -0.195116
    outer loop
      vertex 82.0948 79 37.263
      vertex 82.1586 76 37.5837
      vertex 82.0948 76 37.263
    endloop
  endfacet
  facet normal 0.831438 0 -0.555617
    outer loop
      vertex 81.8451 76 36.66
      vertex 81.6634 79 36.3881
      vertex 81.8451 79 36.66
    endloop
  endfacet
  facet normal 0.831438 0 -0.555617
    outer loop
      vertex 81.6634 79 36.3881
      vertex 81.8451 76 36.66
      vertex 81.6634 76 36.3881
    endloop
  endfacet
  facet normal 0.32136 0 -0.946957
    outer loop
      vertex 80.327 76 35.4952
      vertex 80.6367 79 35.6003
      vertex 80.6367 76 35.6003
    endloop
  endfacet
  facet normal 0.32136 0 -0.946957
    outer loop
      vertex 80.6367 79 35.6003
      vertex 80.327 76 35.4952
      vertex 80.327 79 35.4952
    endloop
  endfacet
  facet normal -0.997856 0 -0.0654432
    outer loop
      vertex 77.2014 76 37.5837
      vertex 77.18 79 37.91
      vertex 77.2014 79 37.5837
    endloop
  endfacet
  facet normal -0.997856 -0 -0.0654432
    outer loop
      vertex 77.18 79 37.91
      vertex 77.2014 76 37.5837
      vertex 77.18 76 37.91
    endloop
  endfacet
  facet normal -0.831438 0 -0.555617
    outer loop
      vertex 77.6966 76 36.3881
      vertex 77.5149 79 36.66
      vertex 77.6966 79 36.3881
    endloop
  endfacet
  facet normal -0.831438 -0 -0.555617
    outer loop
      vertex 77.5149 79 36.66
      vertex 77.6966 76 36.3881
      vertex 77.5149 76 36.66
    endloop
  endfacet
  facet normal -0.555617 0 -0.831438
    outer loop
      vertex 78.1581 76 35.9266
      vertex 78.43 79 35.7449
      vertex 78.43 76 35.7449
    endloop
  endfacet
  facet normal -0.555617 0 -0.831438
    outer loop
      vertex 78.43 79 35.7449
      vertex 78.1581 76 35.9266
      vertex 78.1581 79 35.9266
    endloop
  endfacet
  facet normal -0.195116 0 -0.98078
    outer loop
      vertex 79.033 76 35.4952
      vertex 79.3537 79 35.4314
      vertex 79.3537 76 35.4314
    endloop
  endfacet
  facet normal -0.195116 0 -0.98078
    outer loop
      vertex 79.3537 79 35.4314
      vertex 79.033 76 35.4952
      vertex 79.033 79 35.4952
    endloop
  endfacet
  facet normal 0.997856 0 -0.0654432
    outer loop
      vertex 82.18 76 37.91
      vertex 82.1586 79 37.5837
      vertex 82.18 79 37.91
    endloop
  endfacet
  facet normal 0.997856 0 -0.0654432
    outer loop
      vertex 82.1586 79 37.5837
      vertex 82.18 76 37.91
      vertex 82.1586 76 37.5837
    endloop
  endfacet
  facet normal 0.0654432 0 0.997856
    outer loop
      vertex 79.68 79 40.41
      vertex 80.0063 76 40.3886
      vertex 80.0063 79 40.3886
    endloop
  endfacet
  facet normal 0.0654432 0 0.997856
    outer loop
      vertex 80.0063 76 40.3886
      vertex 79.68 79 40.41
      vertex 79.68 76 40.41
    endloop
  endfacet
  facet normal 0.946957 -0 0.32136
    outer loop
      vertex 81.9897 76 38.8667
      vertex 82.0948 79 38.557
      vertex 81.9897 79 38.8667
    endloop
  endfacet
  facet normal 0.946957 0 0.32136
    outer loop
      vertex 82.0948 79 38.557
      vertex 81.9897 76 38.8667
      vertex 82.0948 76 38.557
    endloop
  endfacet
  facet normal -0.0654432 0 0.997856
    outer loop
      vertex 79.3537 79 40.3886
      vertex 79.68 76 40.41
      vertex 79.68 79 40.41
    endloop
  endfacet
  facet normal -0.0654432 0 0.997856
    outer loop
      vertex 79.68 76 40.41
      vertex 79.3537 79 40.3886
      vertex 79.3537 76 40.3886
    endloop
  endfacet
  facet normal -0.659262 0 0.751913
    outer loop
      vertex 77.9122 79 39.6778
      vertex 78.1581 76 39.8934
      vertex 78.1581 79 39.8934
    endloop
  endfacet
  facet normal -0.659262 0 0.751913
    outer loop
      vertex 78.1581 76 39.8934
      vertex 77.9122 79 39.6778
      vertex 77.9122 76 39.6778
    endloop
  endfacet
  facet normal -0.997856 0 0.0654432
    outer loop
      vertex 77.18 76 37.91
      vertex 77.2014 79 38.2363
      vertex 77.18 79 37.91
    endloop
  endfacet
  facet normal -0.997856 0 0.0654432
    outer loop
      vertex 77.2014 79 38.2363
      vertex 77.18 76 37.91
      vertex 77.2014 76 38.2363
    endloop
  endfacet
  facet normal 0 -1 0
    outer loop
      vertex 79.68 76 38.76
      vertex 79.68 76 40.41
      vertex 79.3537 76 40.3886
    endloop
  endfacet
  facet normal 0 -1 0
    outer loop
      vertex 79.5691 76 38.7527
      vertex 79.3537 76 40.3886
      vertex 79.033 76 40.3248
    endloop
  endfacet
  facet normal 0 -1 0
    outer loop
      vertex 79.68 76 40.41
      vertex 79.68 76 38.76
      vertex 80.0063 76 40.3886
    endloop
  endfacet
  facet normal 0 -1 0
    outer loop
      vertex 79.46 76 38.731
      vertex 79.033 76 40.3248
      vertex 78.7233 76 40.2197
    endloop
  endfacet
  facet normal 0 -1 0
    outer loop
      vertex 79.7909 76 38.7527
      vertex 80.0063 76 40.3886
      vertex 79.68 76 38.76
    endloop
  endfacet
  facet normal 0 -1 0
    outer loop
      vertex 79.3547 76 38.6953
      vertex 78.7233 76 40.2197
      vertex 78.43 76 40.0751
    endloop
  endfacet
  facet normal 0 -1 -0
    outer loop
      vertex 80.0063 76 40.3886
      vertex 79.7909 76 38.7527
      vertex 80.327 76 40.3248
    endloop
  endfacet
  facet normal 0 -1 0
    outer loop
      vertex 79.255 76 38.6461
      vertex 78.43 76 40.0751
      vertex 78.1581 76 39.8934
    endloop
  endfacet
  facet normal 0 -1 0
    outer loop
      vertex 79.9 76 38.731
      vertex 80.327 76 40.3248
      vertex 79.7909 76 38.7527
    endloop
  endfacet
  facet normal 0 -1 0
    outer loop
      vertex 79.1626 76 38.5844
      vertex 78.1581 76 39.8934
      vertex 77.9122 76 39.6778
    endloop
  endfacet
  facet normal 0 -1 -0
    outer loop
      vertex 80.327 76 40.3248
      vertex 79.9 76 38.731
      vertex 80.6367 76 40.2197
    endloop
  endfacet
  facet normal 0 -1 0
    outer loop
      vertex 79.079 76 38.511
      vertex 77.9122 76 39.6778
      vertex 77.6966 76 39.4319
    endloop
  endfacet
  facet normal 0 -1 0
    outer loop
      vertex 80.0053 76 38.6953
      vertex 80.6367 76 40.2197
      vertex 79.9 76 38.731
    endloop
  endfacet
  facet normal 0 -1 0
    outer loop
      vertex 79.0056 76 38.4274
      vertex 77.6966 76 39.4319
      vertex 77.5149 76 39.16
    endloop
  endfacet
  facet normal 0 -1 -0
    outer loop
      vertex 80.6367 76 40.2197
      vertex 80.0053 76 38.6953
      vertex 80.93 76 40.0751
    endloop
  endfacet
  facet normal 0 -1 0
    outer loop
      vertex 78.9439 76 38.335
      vertex 77.5149 76 39.16
      vertex 77.3703 76 38.8667
    endloop
  endfacet
  facet normal 0 -1 0
    outer loop
      vertex 80.105 76 38.6461
      vertex 80.93 76 40.0751
      vertex 80.0053 76 38.6953
    endloop
  endfacet
  facet normal 0 -1 -0
    outer loop
      vertex 80.93 76 40.0751
      vertex 80.105 76 38.6461
      vertex 81.2019 76 39.8934
    endloop
  endfacet
  facet normal 0 -1 0
    outer loop
      vertex 79.3537 76 40.3886
      vertex 79.5691 76 38.7527
      vertex 79.68 76 38.76
    endloop
  endfacet
  facet normal 0 -1 0
    outer loop
      vertex 79.033 76 40.3248
      vertex 79.46 76 38.731
      vertex 79.5691 76 38.7527
    endloop
  endfacet
  facet normal 0 -1 0
    outer loop
      vertex 78.7233 76 40.2197
      vertex 79.3547 76 38.6953
      vertex 79.46 76 38.731
    endloop
  endfacet
  facet normal 0 -1 0
    outer loop
      vertex 78.43 76 40.0751
      vertex 79.255 76 38.6461
      vertex 79.3547 76 38.6953
    endloop
  endfacet
  facet normal 0 -1 0
    outer loop
      vertex 78.1581 76 39.8934
      vertex 79.1626 76 38.5844
      vertex 79.255 76 38.6461
    endloop
  endfacet
  facet normal 0 -1 0
    outer loop
      vertex 78.8947 76 38.2353
      vertex 77.3703 76 38.8667
      vertex 77.2652 76 38.557
    endloop
  endfacet
  facet normal 0 -1 0
    outer loop
      vertex 77.9122 76 39.6778
      vertex 79.079 76 38.511
      vertex 79.1626 76 38.5844
    endloop
  endfacet
  facet normal 0 -1 0
    outer loop
      vertex 77.6966 76 39.4319
      vertex 79.0056 76 38.4274
      vertex 79.079 76 38.511
    endloop
  endfacet
  facet normal 0 -1 0
    outer loop
      vertex 77.5149 76 39.16
      vertex 78.9439 76 38.335
      vertex 79.0056 76 38.4274
    endloop
  endfacet
  facet normal 0 -1 0
    outer loop
      vertex 78.859 76 38.13
      vertex 77.2652 76 38.557
      vertex 77.2014 76 38.2363
    endloop
  endfacet
  facet normal 0 -1 0
    outer loop
      vertex 77.3703 76 38.8667
      vertex 78.8947 76 38.2353
      vertex 78.9439 76 38.335
    endloop
  endfacet
  facet normal 0 -1 0
    outer loop
      vertex 77.2652 76 38.557
      vertex 78.859 76 38.13
      vertex 78.8947 76 38.2353
    endloop
  endfacet
  facet normal 0 -1 0
    outer loop
      vertex 77.2014 76 38.2363
      vertex 78.8373 76 38.0209
      vertex 78.859 76 38.13
    endloop
  endfacet
  facet normal 0 -1 0
    outer loop
      vertex 77.18 76 37.91
      vertex 78.8373 76 38.0209
      vertex 77.2014 76 38.2363
    endloop
  endfacet
  facet normal 0 -1 0
    outer loop
      vertex 77.18 76 37.91
      vertex 78.83 76 37.91
      vertex 78.8373 76 38.0209
    endloop
  endfacet
  facet normal 0 -1 0
    outer loop
      vertex 77.18 76 37.91
      vertex 78.8373 76 37.7991
      vertex 78.83 76 37.91
    endloop
  endfacet
  facet normal 0 -1 0
    outer loop
      vertex 77.2014 76 37.5837
      vertex 78.8373 76 37.7991
      vertex 77.18 76 37.91
    endloop
  endfacet
  facet normal 0 -1 -0
    outer loop
      vertex 78.8373 76 37.7991
      vertex 77.2014 76 37.5837
      vertex 78.859 76 37.69
    endloop
  endfacet
  facet normal 0 -1 0
    outer loop
      vertex 77.2652 76 37.263
      vertex 78.859 76 37.69
      vertex 77.2014 76 37.5837
    endloop
  endfacet
  facet normal 0 -1 -0
    outer loop
      vertex 78.859 76 37.69
      vertex 77.2652 76 37.263
      vertex 78.8947 76 37.5847
    endloop
  endfacet
  facet normal 0 -1 0
    outer loop
      vertex 77.3703 76 36.9533
      vertex 78.8947 76 37.5847
      vertex 77.2652 76 37.263
    endloop
  endfacet
  facet normal 0 -1 -0
    outer loop
      vertex 78.8947 76 37.5847
      vertex 77.3703 76 36.9533
      vertex 78.9439 76 37.485
    endloop
  endfacet
  facet normal 0 -1 0
    outer loop
      vertex 77.5149 76 36.66
      vertex 78.9439 76 37.485
      vertex 77.3703 76 36.9533
    endloop
  endfacet
  facet normal 0 -1 -0
    outer loop
      vertex 78.9439 76 37.485
      vertex 77.5149 76 36.66
      vertex 79.0056 76 37.3926
    endloop
  endfacet
  facet normal 0 -1 0
    outer loop
      vertex 77.6966 76 36.3881
      vertex 79.0056 76 37.3926
      vertex 77.5149 76 36.66
    endloop
  endfacet
  facet normal 0 -1 -0
    outer loop
      vertex 79.0056 76 37.3926
      vertex 77.6966 76 36.3881
      vertex 79.079 76 37.309
    endloop
  endfacet
  facet normal 0 -1 0
    outer loop
      vertex 77.9122 76 36.1422
      vertex 79.079 76 37.309
      vertex 77.6966 76 36.3881
    endloop
  endfacet
  facet normal 0 -1 -0
    outer loop
      vertex 79.079 76 37.309
      vertex 77.9122 76 36.1422
      vertex 79.1626 76 37.2356
    endloop
  endfacet
  facet normal 0 -1 -0
    outer loop
      vertex 79.1626 76 37.2356
      vertex 78.1581 76 35.9266
      vertex 79.255 76 37.1739
    endloop
  endfacet
  facet normal 0 -1 0
    outer loop
      vertex 78.1581 76 35.9266
      vertex 79.1626 76 37.2356
      vertex 77.9122 76 36.1422
    endloop
  endfacet
  facet normal 0 -1 0
    outer loop
      vertex 80.1974 76 38.5844
      vertex 81.2019 76 39.8934
      vertex 80.105 76 38.6461
    endloop
  endfacet
  facet normal 0 -1 -0
    outer loop
      vertex 81.2019 76 39.8934
      vertex 80.1974 76 38.5844
      vertex 81.4478 76 39.6778
    endloop
  endfacet
  facet normal 0 -1 0
    outer loop
      vertex 80.281 76 38.511
      vertex 81.4478 76 39.6778
      vertex 80.1974 76 38.5844
    endloop
  endfacet
  facet normal 0 -1 -0
    outer loop
      vertex 81.4478 76 39.6778
      vertex 80.281 76 38.511
      vertex 81.6634 76 39.4319
    endloop
  endfacet
  facet normal 0 -1 0
    outer loop
      vertex 80.3543 76 38.4274
      vertex 81.6634 76 39.4319
      vertex 80.281 76 38.511
    endloop
  endfacet
  facet normal 0 -1 -0
    outer loop
      vertex 81.6634 76 39.4319
      vertex 80.3543 76 38.4274
      vertex 81.8451 76 39.16
    endloop
  endfacet
  facet normal 0 -1 0
    outer loop
      vertex 80.4161 76 38.335
      vertex 81.8451 76 39.16
      vertex 80.3543 76 38.4274
    endloop
  endfacet
  facet normal 0 -1 -0
    outer loop
      vertex 81.8451 76 39.16
      vertex 80.4161 76 38.335
      vertex 81.9897 76 38.8667
    endloop
  endfacet
  facet normal 0 -1 0
    outer loop
      vertex 80.4653 76 38.2353
      vertex 81.9897 76 38.8667
      vertex 80.4161 76 38.335
    endloop
  endfacet
  facet normal 0 -1 -0
    outer loop
      vertex 81.9897 76 38.8667
      vertex 80.4653 76 38.2353
      vertex 82.0948 76 38.557
    endloop
  endfacet
  facet normal 0 -1 0
    outer loop
      vertex 80.501 76 38.13
      vertex 82.0948 76 38.557
      vertex 80.4653 76 38.2353
    endloop
  endfacet
  facet normal 0 -1 -0
    outer loop
      vertex 82.0948 76 38.557
      vertex 80.501 76 38.13
      vertex 82.1586 76 38.2363
    endloop
  endfacet
  facet normal 0 -1 0
    outer loop
      vertex 80.5227 76 38.0209
      vertex 82.1586 76 38.2363
      vertex 80.501 76 38.13
    endloop
  endfacet
  facet normal 0 -1 0
    outer loop
      vertex 80.53 76 37.91
      vertex 82.1586 76 38.2363
      vertex 80.5227 76 38.0209
    endloop
  endfacet
  facet normal 0 -1 0
    outer loop
      vertex 80.53 76 37.91
      vertex 82.18 76 37.91
      vertex 82.1586 76 38.2363
    endloop
  endfacet
  facet normal 0 -1 0
    outer loop
      vertex 80.5227 76 37.7991
      vertex 82.18 76 37.91
      vertex 80.53 76 37.91
    endloop
  endfacet
  facet normal 0 -1 0
    outer loop
      vertex 82.1586 76 37.5837
      vertex 80.5227 76 37.7991
      vertex 80.501 76 37.69
    endloop
  endfacet
  facet normal 0 -1 0
    outer loop
      vertex 82.0948 76 37.263
      vertex 80.501 76 37.69
      vertex 80.4653 76 37.5847
    endloop
  endfacet
  facet normal 0 -1 0
    outer loop
      vertex 80.5227 76 37.7991
      vertex 82.1586 76 37.5837
      vertex 82.18 76 37.91
    endloop
  endfacet
  facet normal 0 -1 0
    outer loop
      vertex 81.9897 76 36.9533
      vertex 80.4653 76 37.5847
      vertex 80.4161 76 37.485
    endloop
  endfacet
  facet normal 0 -1 0
    outer loop
      vertex 81.8451 76 36.66
      vertex 80.4161 76 37.485
      vertex 80.3543 76 37.3926
    endloop
  endfacet
  facet normal 0 -1 0
    outer loop
      vertex 81.6634 76 36.3881
      vertex 80.3543 76 37.3926
      vertex 80.281 76 37.309
    endloop
  endfacet
  facet normal 0 -1 0
    outer loop
      vertex 80.501 76 37.69
      vertex 82.0948 76 37.263
      vertex 82.1586 76 37.5837
    endloop
  endfacet
  facet normal 0 -1 0
    outer loop
      vertex 81.4478 76 36.1422
      vertex 80.281 76 37.309
      vertex 80.1974 76 37.2356
    endloop
  endfacet
  facet normal 0 -1 0
    outer loop
      vertex 81.2019 76 35.9266
      vertex 80.1974 76 37.2356
      vertex 80.105 76 37.1739
    endloop
  endfacet
  facet normal 0 -1 0
    outer loop
      vertex 80.93 76 35.7449
      vertex 80.105 76 37.1739
      vertex 80.0053 76 37.1247
    endloop
  endfacet
  facet normal 0 -1 0
    outer loop
      vertex 80.6367 76 35.6003
      vertex 80.0053 76 37.1247
      vertex 79.9 76 37.089
    endloop
  endfacet
  facet normal 0 -1 0
    outer loop
      vertex 80.327 76 35.4952
      vertex 79.9 76 37.089
      vertex 79.7909 76 37.0673
    endloop
  endfacet
  facet normal 0 -1 0
    outer loop
      vertex 80.4653 76 37.5847
      vertex 81.9897 76 36.9533
      vertex 82.0948 76 37.263
    endloop
  endfacet
  facet normal 0 -1 0
    outer loop
      vertex 80.0063 76 35.4314
      vertex 79.7909 76 37.0673
      vertex 79.68 76 37.06
    endloop
  endfacet
  facet normal 0 -1 0
    outer loop
      vertex 78.43 76 35.7449
      vertex 79.255 76 37.1739
      vertex 78.1581 76 35.9266
    endloop
  endfacet
  facet normal 0 -1 -0
    outer loop
      vertex 79.255 76 37.1739
      vertex 78.43 76 35.7449
      vertex 79.3547 76 37.1247
    endloop
  endfacet
  facet normal 0 -1 0
    outer loop
      vertex 80.4161 76 37.485
      vertex 81.8451 76 36.66
      vertex 81.9897 76 36.9533
    endloop
  endfacet
  facet normal 0 -1 0
    outer loop
      vertex 78.7233 76 35.6003
      vertex 79.3547 76 37.1247
      vertex 78.43 76 35.7449
    endloop
  endfacet
  facet normal 0 -1 0
    outer loop
      vertex 80.3543 76 37.3926
      vertex 81.6634 76 36.3881
      vertex 81.8451 76 36.66
    endloop
  endfacet
  facet normal 0 -1 -0
    outer loop
      vertex 79.3547 76 37.1247
      vertex 78.7233 76 35.6003
      vertex 79.46 76 37.089
    endloop
  endfacet
  facet normal 0 -1 0
    outer loop
      vertex 80.281 76 37.309
      vertex 81.4478 76 36.1422
      vertex 81.6634 76 36.3881
    endloop
  endfacet
  facet normal 0 -1 0
    outer loop
      vertex 79.033 76 35.4952
      vertex 79.46 76 37.089
      vertex 78.7233 76 35.6003
    endloop
  endfacet
  facet normal 0 -1 0
    outer loop
      vertex 80.1974 76 37.2356
      vertex 81.2019 76 35.9266
      vertex 81.4478 76 36.1422
    endloop
  endfacet
  facet normal 0 -1 -0
    outer loop
      vertex 79.46 76 37.089
      vertex 79.033 76 35.4952
      vertex 79.5691 76 37.0673
    endloop
  endfacet
  facet normal 0 -1 0
    outer loop
      vertex 80.105 76 37.1739
      vertex 80.93 76 35.7449
      vertex 81.2019 76 35.9266
    endloop
  endfacet
  facet normal 0 -1 0
    outer loop
      vertex 79.3537 76 35.4314
      vertex 79.5691 76 37.0673
      vertex 79.033 76 35.4952
    endloop
  endfacet
  facet normal 0 -1 0
    outer loop
      vertex 80.0053 76 37.1247
      vertex 80.6367 76 35.6003
      vertex 80.93 76 35.7449
    endloop
  endfacet
  facet normal 0 -1 -0
    outer loop
      vertex 79.5691 76 37.0673
      vertex 79.3537 76 35.4314
      vertex 79.68 76 37.06
    endloop
  endfacet
  facet normal 0 -1 0
    outer loop
      vertex 79.9 76 37.089
      vertex 80.327 76 35.4952
      vertex 80.6367 76 35.6003
    endloop
  endfacet
  facet normal 0 -1 0
    outer loop
      vertex 79.68 76 35.41
      vertex 79.68 76 37.06
      vertex 79.3537 76 35.4314
    endloop
  endfacet
  facet normal 0 -1 0
    outer loop
      vertex 79.7909 76 37.0673
      vertex 80.0063 76 35.4314
      vertex 80.327 76 35.4952
    endloop
  endfacet
  facet normal 0 -1 0
    outer loop
      vertex 79.68 76 37.06
      vertex 79.68 76 35.41
      vertex 80.0063 76 35.4314
    endloop
  endfacet
  facet normal 0.946957 0 -0.32136
    outer loop
      vertex 82.0948 76 37.263
      vertex 81.9897 79 36.9533
      vertex 82.0948 79 37.263
    endloop
  endfacet
  facet normal 0.946957 0 -0.32136
    outer loop
      vertex 81.9897 79 36.9533
      vertex 82.0948 76 37.263
      vertex 81.9897 76 36.9533
    endloop
  endfacet
  facet normal 0.751913 0 -0.659262
    outer loop
      vertex 81.6634 76 36.3881
      vertex 81.4478 79 36.1422
      vertex 81.6634 79 36.3881
    endloop
  endfacet
  facet normal 0.751913 0 -0.659262
    outer loop
      vertex 81.4478 79 36.1422
      vertex 81.6634 76 36.3881
      vertex 81.4478 76 36.1422
    endloop
  endfacet
  facet normal 0.659262 0 -0.751913
    outer loop
      vertex 81.2019 76 35.9266
      vertex 81.4478 79 36.1422
      vertex 81.4478 76 36.1422
    endloop
  endfacet
  facet normal 0.659262 0 -0.751913
    outer loop
      vertex 81.4478 79 36.1422
      vertex 81.2019 76 35.9266
      vertex 81.2019 79 35.9266
    endloop
  endfacet
  facet normal 0.442191 0 -0.896921
    outer loop
      vertex 80.6367 76 35.6003
      vertex 80.93 79 35.7449
      vertex 80.93 76 35.7449
    endloop
  endfacet
  facet normal 0.442191 0 -0.896921
    outer loop
      vertex 80.93 79 35.7449
      vertex 80.6367 76 35.6003
      vertex 80.6367 79 35.6003
    endloop
  endfacet
  facet normal -0.0654432 0 -0.997856
    outer loop
      vertex 79.3537 76 35.4314
      vertex 79.68 79 35.41
      vertex 79.68 76 35.41
    endloop
  endfacet
  facet normal -0.0654432 0 -0.997856
    outer loop
      vertex 79.68 79 35.41
      vertex 79.3537 76 35.4314
      vertex 79.3537 79 35.4314
    endloop
  endfacet
  facet normal 0.195116 0 -0.98078
    outer loop
      vertex 80.0063 76 35.4314
      vertex 80.327 79 35.4952
      vertex 80.327 76 35.4952
    endloop
  endfacet
  facet normal 0.195116 0 -0.98078
    outer loop
      vertex 80.327 79 35.4952
      vertex 80.0063 76 35.4314
      vertex 80.0063 79 35.4314
    endloop
  endfacet
  facet normal -0.946957 0 -0.32136
    outer loop
      vertex 77.3703 76 36.9533
      vertex 77.2652 79 37.263
      vertex 77.3703 79 36.9533
    endloop
  endfacet
  facet normal -0.946957 -0 -0.32136
    outer loop
      vertex 77.2652 79 37.263
      vertex 77.3703 76 36.9533
      vertex 77.2652 76 37.263
    endloop
  endfacet
  facet normal -0.98078 0 -0.195116
    outer loop
      vertex 77.2652 76 37.263
      vertex 77.2014 79 37.5837
      vertex 77.2652 79 37.263
    endloop
  endfacet
  facet normal -0.98078 -0 -0.195116
    outer loop
      vertex 77.2014 79 37.5837
      vertex 77.2652 76 37.263
      vertex 77.2014 76 37.5837
    endloop
  endfacet
  facet normal -0.32136 0 -0.946957
    outer loop
      vertex 78.7233 76 35.6003
      vertex 79.033 79 35.4952
      vertex 79.033 76 35.4952
    endloop
  endfacet
  facet normal -0.32136 0 -0.946957
    outer loop
      vertex 79.033 79 35.4952
      vertex 78.7233 76 35.6003
      vertex 78.7233 79 35.6003
    endloop
  endfacet
  facet normal -0.659262 0 -0.751913
    outer loop
      vertex 77.9122 76 36.1422
      vertex 78.1581 79 35.9266
      vertex 78.1581 76 35.9266
    endloop
  endfacet
  facet normal -0.659262 0 -0.751913
    outer loop
      vertex 78.1581 79 35.9266
      vertex 77.9122 76 36.1422
      vertex 77.9122 79 36.1422
    endloop
  endfacet
  facet normal -0.751913 0 -0.659262
    outer loop
      vertex 77.9122 76 36.1422
      vertex 77.6966 79 36.3881
      vertex 77.9122 79 36.1422
    endloop
  endfacet
  facet normal -0.751913 -0 -0.659262
    outer loop
      vertex 77.6966 79 36.3881
      vertex 77.9122 76 36.1422
      vertex 77.6966 76 36.3881
    endloop
  endfacet
  facet normal 0.997856 -0 0.0654432
    outer loop
      vertex 82.1586 76 38.2363
      vertex 82.18 79 37.91
      vertex 82.1586 79 38.2363
    endloop
  endfacet
  facet normal 0.997856 0 0.0654432
    outer loop
      vertex 82.18 79 37.91
      vertex 82.1586 76 38.2363
      vertex 82.18 76 37.91
    endloop
  endfacet
  facet normal 0.751913 -0 0.659262
    outer loop
      vertex 81.4478 76 39.6778
      vertex 81.6634 79 39.4319
      vertex 81.4478 79 39.6778
    endloop
  endfacet
  facet normal 0.751913 0 0.659262
    outer loop
      vertex 81.6634 79 39.4319
      vertex 81.4478 76 39.6778
      vertex 81.6634 76 39.4319
    endloop
  endfacet
  facet normal 0.195116 0 0.98078
    outer loop
      vertex 80.0063 79 40.3886
      vertex 80.327 76 40.3248
      vertex 80.327 79 40.3248
    endloop
  endfacet
  facet normal 0.195116 0 0.98078
    outer loop
      vertex 80.327 76 40.3248
      vertex 80.0063 79 40.3886
      vertex 80.0063 76 40.3886
    endloop
  endfacet
  facet normal 0.659262 0 0.751913
    outer loop
      vertex 81.2019 79 39.8934
      vertex 81.4478 76 39.6778
      vertex 81.4478 79 39.6778
    endloop
  endfacet
  facet normal 0.659262 0 0.751913
    outer loop
      vertex 81.4478 76 39.6778
      vertex 81.2019 79 39.8934
      vertex 81.2019 76 39.8934
    endloop
  endfacet
  facet normal 0.442191 0 0.896921
    outer loop
      vertex 80.6367 79 40.2197
      vertex 80.93 76 40.0751
      vertex 80.93 79 40.0751
    endloop
  endfacet
  facet normal 0.442191 0 0.896921
    outer loop
      vertex 80.93 76 40.0751
      vertex 80.6367 79 40.2197
      vertex 80.6367 76 40.2197
    endloop
  endfacet
  facet normal -0.32136 0 0.946957
    outer loop
      vertex 78.7233 79 40.2197
      vertex 79.033 76 40.3248
      vertex 79.033 79 40.3248
    endloop
  endfacet
  facet normal -0.32136 0 0.946957
    outer loop
      vertex 79.033 76 40.3248
      vertex 78.7233 79 40.2197
      vertex 78.7233 76 40.2197
    endloop
  endfacet
  facet normal -0.442191 0 0.896921
    outer loop
      vertex 78.43 79 40.0751
      vertex 78.7233 76 40.2197
      vertex 78.7233 79 40.2197
    endloop
  endfacet
  facet normal -0.442191 0 0.896921
    outer loop
      vertex 78.7233 76 40.2197
      vertex 78.43 79 40.0751
      vertex 78.43 76 40.0751
    endloop
  endfacet
  facet normal -0.98078 0 0.195116
    outer loop
      vertex 77.2014 76 38.2363
      vertex 77.2652 79 38.557
      vertex 77.2014 79 38.2363
    endloop
  endfacet
  facet normal -0.98078 0 0.195116
    outer loop
      vertex 77.2652 79 38.557
      vertex 77.2014 76 38.2363
      vertex 77.2652 76 38.557
    endloop
  endfacet
  facet normal -0.751913 0 0.659262
    outer loop
      vertex 77.6966 76 39.4319
      vertex 77.9122 79 39.6778
      vertex 77.6966 79 39.4319
    endloop
  endfacet
  facet normal -0.751913 0 0.659262
    outer loop
      vertex 77.9122 79 39.6778
      vertex 77.6966 76 39.4319
      vertex 77.9122 76 39.6778
    endloop
  endfacet
  facet normal -0.896921 0 0.442191
    outer loop
      vertex 77.3703 76 38.8667
      vertex 77.5149 79 39.16
      vertex 77.3703 79 38.8667
    endloop
  endfacet
  facet normal -0.896921 0 0.442191
    outer loop
      vertex 77.5149 79 39.16
      vertex 77.3703 76 38.8667
      vertex 77.5149 76 39.16
    endloop
  endfacet
  facet normal 0.0654432 0 -0.997856
    outer loop
      vertex 79.68 76 35.41
      vertex 80.0063 79 35.4314
      vertex 80.0063 76 35.4314
    endloop
  endfacet
  facet normal 0.0654432 0 -0.997856
    outer loop
      vertex 80.0063 79 35.4314
      vertex 79.68 76 35.41
      vertex 79.68 79 35.41
    endloop
  endfacet
  facet normal 0.896921 -0 0.442191
    outer loop
      vertex 81.8451 76 39.16
      vertex 81.9897 79 38.8667
      vertex 81.8451 79 39.16
    endloop
  endfacet
  facet normal 0.896921 0 0.442191
    outer loop
      vertex 81.9897 79 38.8667
      vertex 81.8451 76 39.16
      vertex 81.9897 76 38.8667
    endloop
  endfacet
  facet normal 0.32136 0 0.946957
    outer loop
      vertex 80.327 79 40.3248
      vertex 80.6367 76 40.2197
      vertex 80.6367 79 40.2197
    endloop
  endfacet
  facet normal 0.32136 0 0.946957
    outer loop
      vertex 80.6367 76 40.2197
      vertex 80.327 79 40.3248
      vertex 80.327 76 40.3248
    endloop
  endfacet
  facet normal 0.555617 0 0.831438
    outer loop
      vertex 80.93 79 40.0751
      vertex 81.2019 76 39.8934
      vertex 81.2019 79 39.8934
    endloop
  endfacet
  facet normal 0.555617 0 0.831438
    outer loop
      vertex 81.2019 76 39.8934
      vertex 80.93 79 40.0751
      vertex 80.93 76 40.0751
    endloop
  endfacet
  facet normal -0.195116 0 0.98078
    outer loop
      vertex 79.033 79 40.3248
      vertex 79.3537 76 40.3886
      vertex 79.3537 79 40.3886
    endloop
  endfacet
  facet normal -0.195116 0 0.98078
    outer loop
      vertex 79.3537 76 40.3886
      vertex 79.033 79 40.3248
      vertex 79.033 76 40.3248
    endloop
  endfacet
  facet normal -0.555617 0 0.831438
    outer loop
      vertex 78.1581 79 39.8934
      vertex 78.43 76 40.0751
      vertex 78.43 79 40.0751
    endloop
  endfacet
  facet normal -0.555617 0 0.831438
    outer loop
      vertex 78.43 76 40.0751
      vertex 78.1581 79 39.8934
      vertex 78.1581 76 39.8934
    endloop
  endfacet
  facet normal -0.946957 0 0.32136
    outer loop
      vertex 77.2652 76 38.557
      vertex 77.3703 79 38.8667
      vertex 77.2652 79 38.557
    endloop
  endfacet
  facet normal -0.946957 0 0.32136
    outer loop
      vertex 77.3703 79 38.8667
      vertex 77.2652 76 38.557
      vertex 77.3703 76 38.8667
    endloop
  endfacet
  facet normal -0.831438 0 0.555617
    outer loop
      vertex 77.5149 76 39.16
      vertex 77.6966 79 39.4319
      vertex 77.5149 79 39.16
    endloop
  endfacet
  facet normal -0.831438 0 0.555617
    outer loop
      vertex 77.6966 79 39.4319
      vertex 77.5149 76 39.16
      vertex 77.6966 76 39.4319
    endloop
  endfacet
  facet normal 0.831438 -0 0.555617
    outer loop
      vertex 81.6634 76 39.4319
      vertex 81.8451 79 39.16
      vertex 81.6634 79 39.4319
    endloop
  endfacet
  facet normal 0.831438 0 0.555617
    outer loop
      vertex 81.8451 79 39.16
      vertex 81.6634 76 39.4319
      vertex 81.8451 76 39.16
    endloop
  endfacet
  facet normal 0.896921 0 -0.442191
    outer loop
      vertex 68.8497 76 36.9533
      vertex 68.7051 79 36.66
      vertex 68.8497 79 36.9533
    endloop
  endfacet
  facet normal 0.896921 0 -0.442191
    outer loop
      vertex 68.7051 79 36.66
      vertex 68.8497 76 36.9533
      vertex 68.7051 76 36.66
    endloop
  endfacet
  facet normal 0.831438 0 -0.555617
    outer loop
      vertex 68.7051 76 36.66
      vertex 68.5234 79 36.3881
      vertex 68.7051 79 36.66
    endloop
  endfacet
  facet normal 0.831438 0 -0.555617
    outer loop
      vertex 68.5234 79 36.3881
      vertex 68.7051 76 36.66
      vertex 68.5234 76 36.3881
    endloop
  endfacet
  facet normal 0.32136 0 -0.946957
    outer loop
      vertex 67.187 76 35.4952
      vertex 67.4967 79 35.6003
      vertex 67.4967 76 35.6003
    endloop
  endfacet
  facet normal 0.32136 0 -0.946957
    outer loop
      vertex 67.4967 79 35.6003
      vertex 67.187 76 35.4952
      vertex 67.187 79 35.4952
    endloop
  endfacet
  facet normal -0.442191 0 -0.896921
    outer loop
      vertex 65.29 76 35.7449
      vertex 65.5833 79 35.6003
      vertex 65.5833 76 35.6003
    endloop
  endfacet
  facet normal -0.442191 0 -0.896921
    outer loop
      vertex 65.5833 79 35.6003
      vertex 65.29 76 35.7449
      vertex 65.29 79 35.7449
    endloop
  endfacet
  facet normal -0.946957 0 -0.32136
    outer loop
      vertex 64.2303 76 36.9533
      vertex 64.1252 79 37.263
      vertex 64.2303 79 36.9533
    endloop
  endfacet
  facet normal -0.946957 -0 -0.32136
    outer loop
      vertex 64.1252 79 37.263
      vertex 64.2303 76 36.9533
      vertex 64.1252 76 37.263
    endloop
  endfacet
  facet normal 0.0654432 0 -0.997856
    outer loop
      vertex 66.54 76 35.41
      vertex 66.8663 79 35.4314
      vertex 66.8663 76 35.4314
    endloop
  endfacet
  facet normal 0.0654432 0 -0.997856
    outer loop
      vertex 66.8663 79 35.4314
      vertex 66.54 76 35.41
      vertex 66.54 79 35.41
    endloop
  endfacet
  facet normal 0.555617 0 -0.831438
    outer loop
      vertex 67.79 76 35.7449
      vertex 68.0619 79 35.9266
      vertex 68.0619 76 35.9266
    endloop
  endfacet
  facet normal 0.555617 0 -0.831438
    outer loop
      vertex 68.0619 79 35.9266
      vertex 67.79 76 35.7449
      vertex 67.79 79 35.7449
    endloop
  endfacet
  facet normal 0 -1 0
    outer loop
      vertex 66.54 76 38.76
      vertex 66.54 76 40.41
      vertex 66.2137 76 40.3886
    endloop
  endfacet
  facet normal 0 -1 0
    outer loop
      vertex 66.4291 76 38.7527
      vertex 66.2137 76 40.3886
      vertex 65.893 76 40.3248
    endloop
  endfacet
  facet normal 0 -1 0
    outer loop
      vertex 66.54 76 40.41
      vertex 66.54 76 38.76
      vertex 66.8663 76 40.3886
    endloop
  endfacet
  facet normal 0 -1 0
    outer loop
      vertex 66.32 76 38.731
      vertex 65.893 76 40.3248
      vertex 65.5833 76 40.2197
    endloop
  endfacet
  facet normal 0 -1 0
    outer loop
      vertex 66.6509 76 38.7527
      vertex 66.8663 76 40.3886
      vertex 66.54 76 38.76
    endloop
  endfacet
  facet normal 0 -1 0
    outer loop
      vertex 66.2147 76 38.6953
      vertex 65.5833 76 40.2197
      vertex 65.29 76 40.0751
    endloop
  endfacet
  facet normal 0 -1 -0
    outer loop
      vertex 66.8663 76 40.3886
      vertex 66.6509 76 38.7527
      vertex 67.187 76 40.3248
    endloop
  endfacet
  facet normal 0 -1 0
    outer loop
      vertex 66.115 76 38.6461
      vertex 65.29 76 40.0751
      vertex 65.0181 76 39.8934
    endloop
  endfacet
  facet normal 0 -1 0
    outer loop
      vertex 66.76 76 38.731
      vertex 67.187 76 40.3248
      vertex 66.6509 76 38.7527
    endloop
  endfacet
  facet normal 0 -1 0
    outer loop
      vertex 66.0226 76 38.5844
      vertex 65.0181 76 39.8934
      vertex 64.7722 76 39.6778
    endloop
  endfacet
  facet normal 0 -1 -0
    outer loop
      vertex 67.187 76 40.3248
      vertex 66.76 76 38.731
      vertex 67.4967 76 40.2197
    endloop
  endfacet
  facet normal 0 -1 0
    outer loop
      vertex 65.939 76 38.511
      vertex 64.7722 76 39.6778
      vertex 64.5566 76 39.4319
    endloop
  endfacet
  facet normal 0 -1 0
    outer loop
      vertex 66.8653 76 38.6953
      vertex 67.4967 76 40.2197
      vertex 66.76 76 38.731
    endloop
  endfacet
  facet normal 0 -1 0
    outer loop
      vertex 65.8656 76 38.4274
      vertex 64.5566 76 39.4319
      vertex 64.3749 76 39.16
    endloop
  endfacet
  facet normal 0 -1 -0
    outer loop
      vertex 67.4967 76 40.2197
      vertex 66.8653 76 38.6953
      vertex 67.79 76 40.0751
    endloop
  endfacet
  facet normal 0 -1 0
    outer loop
      vertex 65.8039 76 38.335
      vertex 64.3749 76 39.16
      vertex 64.2303 76 38.8667
    endloop
  endfacet
  facet normal 0 -1 0
    outer loop
      vertex 66.965 76 38.6461
      vertex 67.79 76 40.0751
      vertex 66.8653 76 38.6953
    endloop
  endfacet
  facet normal 0 -1 -0
    outer loop
      vertex 67.79 76 40.0751
      vertex 66.965 76 38.6461
      vertex 68.0619 76 39.8934
    endloop
  endfacet
  facet normal 0 -1 0
    outer loop
      vertex 66.2137 76 40.3886
      vertex 66.4291 76 38.7527
      vertex 66.54 76 38.76
    endloop
  endfacet
  facet normal 0 -1 0
    outer loop
      vertex 65.893 76 40.3248
      vertex 66.32 76 38.731
      vertex 66.4291 76 38.7527
    endloop
  endfacet
  facet normal 0 -1 0
    outer loop
      vertex 65.5833 76 40.2197
      vertex 66.2147 76 38.6953
      vertex 66.32 76 38.731
    endloop
  endfacet
  facet normal 0 -1 0
    outer loop
      vertex 65.29 76 40.0751
      vertex 66.115 76 38.6461
      vertex 66.2147 76 38.6953
    endloop
  endfacet
  facet normal 0 -1 0
    outer loop
      vertex 65.0181 76 39.8934
      vertex 66.0226 76 38.5844
      vertex 66.115 76 38.6461
    endloop
  endfacet
  facet normal 0 -1 0
    outer loop
      vertex 65.7547 76 38.2353
      vertex 64.2303 76 38.8667
      vertex 64.1252 76 38.557
    endloop
  endfacet
  facet normal 0 -1 0
    outer loop
      vertex 64.7722 76 39.6778
      vertex 65.939 76 38.511
      vertex 66.0226 76 38.5844
    endloop
  endfacet
  facet normal 0 -1 0
    outer loop
      vertex 64.5566 76 39.4319
      vertex 65.8656 76 38.4274
      vertex 65.939 76 38.511
    endloop
  endfacet
  facet normal 0 -1 0
    outer loop
      vertex 64.3749 76 39.16
      vertex 65.8039 76 38.335
      vertex 65.8656 76 38.4274
    endloop
  endfacet
  facet normal 0 -1 0
    outer loop
      vertex 65.719 76 38.13
      vertex 64.1252 76 38.557
      vertex 64.0614 76 38.2363
    endloop
  endfacet
  facet normal 0 -1 0
    outer loop
      vertex 64.2303 76 38.8667
      vertex 65.7547 76 38.2353
      vertex 65.8039 76 38.335
    endloop
  endfacet
  facet normal 0 -1 0
    outer loop
      vertex 64.1252 76 38.557
      vertex 65.719 76 38.13
      vertex 65.7547 76 38.2353
    endloop
  endfacet
  facet normal 0 -1 0
    outer loop
      vertex 64.0614 76 38.2363
      vertex 65.6973 76 38.0209
      vertex 65.719 76 38.13
    endloop
  endfacet
  facet normal 0 -1 0
    outer loop
      vertex 64.04 76 37.91
      vertex 65.6973 76 38.0209
      vertex 64.0614 76 38.2363
    endloop
  endfacet
  facet normal 0 -1 0
    outer loop
      vertex 64.04 76 37.91
      vertex 65.69 76 37.91
      vertex 65.6973 76 38.0209
    endloop
  endfacet
  facet normal 0 -1 0
    outer loop
      vertex 64.04 76 37.91
      vertex 65.6973 76 37.7991
      vertex 65.69 76 37.91
    endloop
  endfacet
  facet normal 0 -1 0
    outer loop
      vertex 64.0614 76 37.5837
      vertex 65.6973 76 37.7991
      vertex 64.04 76 37.91
    endloop
  endfacet
  facet normal 0 -1 -0
    outer loop
      vertex 65.6973 76 37.7991
      vertex 64.0614 76 37.5837
      vertex 65.719 76 37.69
    endloop
  endfacet
  facet normal 0 -1 0
    outer loop
      vertex 64.1252 76 37.263
      vertex 65.719 76 37.69
      vertex 64.0614 76 37.5837
    endloop
  endfacet
  facet normal 0 -1 -0
    outer loop
      vertex 65.719 76 37.69
      vertex 64.1252 76 37.263
      vertex 65.7547 76 37.5847
    endloop
  endfacet
  facet normal 0 -1 0
    outer loop
      vertex 64.2303 76 36.9533
      vertex 65.7547 76 37.5847
      vertex 64.1252 76 37.263
    endloop
  endfacet
  facet normal 0 -1 -0
    outer loop
      vertex 65.7547 76 37.5847
      vertex 64.2303 76 36.9533
      vertex 65.8039 76 37.485
    endloop
  endfacet
  facet normal 0 -1 0
    outer loop
      vertex 64.3749 76 36.66
      vertex 65.8039 76 37.485
      vertex 64.2303 76 36.9533
    endloop
  endfacet
  facet normal 0 -1 -0
    outer loop
      vertex 65.8039 76 37.485
      vertex 64.3749 76 36.66
      vertex 65.8656 76 37.3926
    endloop
  endfacet
  facet normal 0 -1 0
    outer loop
      vertex 64.5566 76 36.3881
      vertex 65.8656 76 37.3926
      vertex 64.3749 76 36.66
    endloop
  endfacet
  facet normal 0 -1 -0
    outer loop
      vertex 65.8656 76 37.3926
      vertex 64.5566 76 36.3881
      vertex 65.939 76 37.309
    endloop
  endfacet
  facet normal 0 -1 0
    outer loop
      vertex 64.7722 76 36.1422
      vertex 65.939 76 37.309
      vertex 64.5566 76 36.3881
    endloop
  endfacet
  facet normal 0 -1 -0
    outer loop
      vertex 65.939 76 37.309
      vertex 64.7722 76 36.1422
      vertex 66.0226 76 37.2356
    endloop
  endfacet
  facet normal 0 -1 -0
    outer loop
      vertex 66.0226 76 37.2356
      vertex 65.0181 76 35.9266
      vertex 66.115 76 37.1739
    endloop
  endfacet
  facet normal 0 -1 0
    outer loop
      vertex 65.0181 76 35.9266
      vertex 66.0226 76 37.2356
      vertex 64.7722 76 36.1422
    endloop
  endfacet
  facet normal 0 -1 0
    outer loop
      vertex 67.0574 76 38.5844
      vertex 68.0619 76 39.8934
      vertex 66.965 76 38.6461
    endloop
  endfacet
  facet normal 0 -1 -0
    outer loop
      vertex 68.0619 76 39.8934
      vertex 67.0574 76 38.5844
      vertex 68.3078 76 39.6778
    endloop
  endfacet
  facet normal 0 -1 0
    outer loop
      vertex 67.141 76 38.511
      vertex 68.3078 76 39.6778
      vertex 67.0574 76 38.5844
    endloop
  endfacet
  facet normal 0 -1 -0
    outer loop
      vertex 68.3078 76 39.6778
      vertex 67.141 76 38.511
      vertex 68.5234 76 39.4319
    endloop
  endfacet
  facet normal 0 -1 0
    outer loop
      vertex 67.2143 76 38.4274
      vertex 68.5234 76 39.4319
      vertex 67.141 76 38.511
    endloop
  endfacet
  facet normal 0 -1 -0
    outer loop
      vertex 68.5234 76 39.4319
      vertex 67.2143 76 38.4274
      vertex 68.7051 76 39.16
    endloop
  endfacet
  facet normal 0 -1 0
    outer loop
      vertex 67.2761 76 38.335
      vertex 68.7051 76 39.16
      vertex 67.2143 76 38.4274
    endloop
  endfacet
  facet normal 0 -1 -0
    outer loop
      vertex 68.7051 76 39.16
      vertex 67.2761 76 38.335
      vertex 68.8497 76 38.8667
    endloop
  endfacet
  facet normal 0 -1 0
    outer loop
      vertex 67.3253 76 38.2353
      vertex 68.8497 76 38.8667
      vertex 67.2761 76 38.335
    endloop
  endfacet
  facet normal 0 -1 -0
    outer loop
      vertex 68.8497 76 38.8667
      vertex 67.3253 76 38.2353
      vertex 68.9548 76 38.557
    endloop
  endfacet
  facet normal 0 -1 0
    outer loop
      vertex 67.361 76 38.13
      vertex 68.9548 76 38.557
      vertex 67.3253 76 38.2353
    endloop
  endfacet
  facet normal 0 -1 -0
    outer loop
      vertex 68.9548 76 38.557
      vertex 67.361 76 38.13
      vertex 69.0186 76 38.2363
    endloop
  endfacet
  facet normal 0 -1 0
    outer loop
      vertex 67.3827 76 38.0209
      vertex 69.0186 76 38.2363
      vertex 67.361 76 38.13
    endloop
  endfacet
  facet normal 0 -1 0
    outer loop
      vertex 67.39 76 37.91
      vertex 69.0186 76 38.2363
      vertex 67.3827 76 38.0209
    endloop
  endfacet
  facet normal 0 -1 0
    outer loop
      vertex 67.39 76 37.91
      vertex 69.04 76 37.91
      vertex 69.0186 76 38.2363
    endloop
  endfacet
  facet normal 0 -1 0
    outer loop
      vertex 67.3827 76 37.7991
      vertex 69.04 76 37.91
      vertex 67.39 76 37.91
    endloop
  endfacet
  facet normal 0 -1 0
    outer loop
      vertex 69.0186 76 37.5837
      vertex 67.3827 76 37.7991
      vertex 67.361 76 37.69
    endloop
  endfacet
  facet normal 0 -1 0
    outer loop
      vertex 68.9548 76 37.263
      vertex 67.361 76 37.69
      vertex 67.3253 76 37.5847
    endloop
  endfacet
  facet normal 0 -1 0
    outer loop
      vertex 67.3827 76 37.7991
      vertex 69.0186 76 37.5837
      vertex 69.04 76 37.91
    endloop
  endfacet
  facet normal 0 -1 0
    outer loop
      vertex 68.8497 76 36.9533
      vertex 67.3253 76 37.5847
      vertex 67.2761 76 37.485
    endloop
  endfacet
  facet normal 0 -1 0
    outer loop
      vertex 68.7051 76 36.66
      vertex 67.2761 76 37.485
      vertex 67.2143 76 37.3926
    endloop
  endfacet
  facet normal 0 -1 0
    outer loop
      vertex 68.5234 76 36.3881
      vertex 67.2143 76 37.3926
      vertex 67.141 76 37.309
    endloop
  endfacet
  facet normal 0 -1 0
    outer loop
      vertex 67.361 76 37.69
      vertex 68.9548 76 37.263
      vertex 69.0186 76 37.5837
    endloop
  endfacet
  facet normal 0 -1 0
    outer loop
      vertex 68.3078 76 36.1422
      vertex 67.141 76 37.309
      vertex 67.0574 76 37.2356
    endloop
  endfacet
  facet normal 0 -1 0
    outer loop
      vertex 68.0619 76 35.9266
      vertex 67.0574 76 37.2356
      vertex 66.965 76 37.1739
    endloop
  endfacet
  facet normal 0 -1 0
    outer loop
      vertex 67.79 76 35.7449
      vertex 66.965 76 37.1739
      vertex 66.8653 76 37.1247
    endloop
  endfacet
  facet normal 0 -1 0
    outer loop
      vertex 67.4967 76 35.6003
      vertex 66.8653 76 37.1247
      vertex 66.76 76 37.089
    endloop
  endfacet
  facet normal 0 -1 0
    outer loop
      vertex 67.187 76 35.4952
      vertex 66.76 76 37.089
      vertex 66.6509 76 37.0673
    endloop
  endfacet
  facet normal 0 -1 0
    outer loop
      vertex 67.3253 76 37.5847
      vertex 68.8497 76 36.9533
      vertex 68.9548 76 37.263
    endloop
  endfacet
  facet normal 0 -1 0
    outer loop
      vertex 66.8663 76 35.4314
      vertex 66.6509 76 37.0673
      vertex 66.54 76 37.06
    endloop
  endfacet
  facet normal 0 -1 0
    outer loop
      vertex 65.29 76 35.7449
      vertex 66.115 76 37.1739
      vertex 65.0181 76 35.9266
    endloop
  endfacet
  facet normal 0 -1 -0
    outer loop
      vertex 66.115 76 37.1739
      vertex 65.29 76 35.7449
      vertex 66.2147 76 37.1247
    endloop
  endfacet
  facet normal 0 -1 0
    outer loop
      vertex 67.2761 76 37.485
      vertex 68.7051 76 36.66
      vertex 68.8497 76 36.9533
    endloop
  endfacet
  facet normal 0 -1 0
    outer loop
      vertex 65.5833 76 35.6003
      vertex 66.2147 76 37.1247
      vertex 65.29 76 35.7449
    endloop
  endfacet
  facet normal 0 -1 0
    outer loop
      vertex 67.2143 76 37.3926
      vertex 68.5234 76 36.3881
      vertex 68.7051 76 36.66
    endloop
  endfacet
  facet normal 0 -1 -0
    outer loop
      vertex 66.2147 76 37.1247
      vertex 65.5833 76 35.6003
      vertex 66.32 76 37.089
    endloop
  endfacet
  facet normal 0 -1 0
    outer loop
      vertex 67.141 76 37.309
      vertex 68.3078 76 36.1422
      vertex 68.5234 76 36.3881
    endloop
  endfacet
  facet normal 0 -1 0
    outer loop
      vertex 65.893 76 35.4952
      vertex 66.32 76 37.089
      vertex 65.5833 76 35.6003
    endloop
  endfacet
  facet normal 0 -1 0
    outer loop
      vertex 67.0574 76 37.2356
      vertex 68.0619 76 35.9266
      vertex 68.3078 76 36.1422
    endloop
  endfacet
  facet normal 0 -1 -0
    outer loop
      vertex 66.32 76 37.089
      vertex 65.893 76 35.4952
      vertex 66.4291 76 37.0673
    endloop
  endfacet
  facet normal 0 -1 0
    outer loop
      vertex 66.965 76 37.1739
      vertex 67.79 76 35.7449
      vertex 68.0619 76 35.9266
    endloop
  endfacet
  facet normal 0 -1 0
    outer loop
      vertex 66.2137 76 35.4314
      vertex 66.4291 76 37.0673
      vertex 65.893 76 35.4952
    endloop
  endfacet
  facet normal 0 -1 0
    outer loop
      vertex 66.8653 76 37.1247
      vertex 67.4967 76 35.6003
      vertex 67.79 76 35.7449
    endloop
  endfacet
  facet normal 0 -1 -0
    outer loop
      vertex 66.4291 76 37.0673
      vertex 66.2137 76 35.4314
      vertex 66.54 76 37.06
    endloop
  endfacet
  facet normal 0 -1 0
    outer loop
      vertex 66.76 76 37.089
      vertex 67.187 76 35.4952
      vertex 67.4967 76 35.6003
    endloop
  endfacet
  facet normal 0 -1 0
    outer loop
      vertex 66.54 76 35.41
      vertex 66.54 76 37.06
      vertex 66.2137 76 35.4314
    endloop
  endfacet
  facet normal 0 -1 0
    outer loop
      vertex 66.6509 76 37.0673
      vertex 66.8663 76 35.4314
      vertex 67.187 76 35.4952
    endloop
  endfacet
  facet normal 0 -1 0
    outer loop
      vertex 66.54 76 37.06
      vertex 66.54 76 35.41
      vertex 66.8663 76 35.4314
    endloop
  endfacet
  facet normal -0.997856 0 -0.0654432
    outer loop
      vertex 64.0614 76 37.5837
      vertex 64.04 79 37.91
      vertex 64.0614 79 37.5837
    endloop
  endfacet
  facet normal -0.997856 -0 -0.0654432
    outer loop
      vertex 64.04 79 37.91
      vertex 64.0614 76 37.5837
      vertex 64.04 76 37.91
    endloop
  endfacet
  facet normal -0.831438 0 -0.555617
    outer loop
      vertex 64.5566 76 36.3881
      vertex 64.3749 79 36.66
      vertex 64.5566 79 36.3881
    endloop
  endfacet
  facet normal -0.831438 -0 -0.555617
    outer loop
      vertex 64.3749 79 36.66
      vertex 64.5566 76 36.3881
      vertex 64.3749 76 36.66
    endloop
  endfacet
  facet normal -0.555617 0 -0.831438
    outer loop
      vertex 65.0181 76 35.9266
      vertex 65.29 79 35.7449
      vertex 65.29 76 35.7449
    endloop
  endfacet
  facet normal -0.555617 0 -0.831438
    outer loop
      vertex 65.29 79 35.7449
      vertex 65.0181 76 35.9266
      vertex 65.0181 79 35.9266
    endloop
  endfacet
  facet normal -0.32136 0 -0.946957
    outer loop
      vertex 65.5833 76 35.6003
      vertex 65.893 79 35.4952
      vertex 65.893 76 35.4952
    endloop
  endfacet
  facet normal -0.32136 0 -0.946957
    outer loop
      vertex 65.893 79 35.4952
      vertex 65.5833 76 35.6003
      vertex 65.5833 79 35.6003
    endloop
  endfacet
  facet normal 0.997856 0 -0.0654432
    outer loop
      vertex 69.04 76 37.91
      vertex 69.0186 79 37.5837
      vertex 69.04 79 37.91
    endloop
  endfacet
  facet normal 0.997856 0 -0.0654432
    outer loop
      vertex 69.0186 79 37.5837
      vertex 69.04 76 37.91
      vertex 69.0186 76 37.5837
    endloop
  endfacet
  facet normal 0.946957 -0 0.32136
    outer loop
      vertex 68.8497 76 38.8667
      vertex 68.9548 79 38.557
      vertex 68.8497 79 38.8667
    endloop
  endfacet
  facet normal 0.946957 0 0.32136
    outer loop
      vertex 68.9548 79 38.557
      vertex 68.8497 76 38.8667
      vertex 68.9548 76 38.557
    endloop
  endfacet
  facet normal -0.555617 0 0.831438
    outer loop
      vertex 65.0181 79 39.8934
      vertex 65.29 76 40.0751
      vertex 65.29 79 40.0751
    endloop
  endfacet
  facet normal -0.555617 0 0.831438
    outer loop
      vertex 65.29 76 40.0751
      vertex 65.0181 79 39.8934
      vertex 65.0181 76 39.8934
    endloop
  endfacet
  facet normal -0.831438 0 0.555617
    outer loop
      vertex 64.3749 76 39.16
      vertex 64.5566 79 39.4319
      vertex 64.3749 79 39.16
    endloop
  endfacet
  facet normal -0.831438 0 0.555617
    outer loop
      vertex 64.5566 79 39.4319
      vertex 64.3749 76 39.16
      vertex 64.5566 76 39.4319
    endloop
  endfacet
  facet normal 0.98078 0 -0.195116
    outer loop
      vertex 69.0186 76 37.5837
      vertex 68.9548 79 37.263
      vertex 69.0186 79 37.5837
    endloop
  endfacet
  facet normal 0.98078 0 -0.195116
    outer loop
      vertex 68.9548 79 37.263
      vertex 69.0186 76 37.5837
      vertex 68.9548 76 37.263
    endloop
  endfacet
  facet normal 0.946957 0 -0.32136
    outer loop
      vertex 68.9548 76 37.263
      vertex 68.8497 79 36.9533
      vertex 68.9548 79 37.263
    endloop
  endfacet
  facet normal 0.946957 0 -0.32136
    outer loop
      vertex 68.8497 79 36.9533
      vertex 68.9548 76 37.263
      vertex 68.8497 76 36.9533
    endloop
  endfacet
  facet normal 0.659262 0 -0.751913
    outer loop
      vertex 68.0619 76 35.9266
      vertex 68.3078 79 36.1422
      vertex 68.3078 76 36.1422
    endloop
  endfacet
  facet normal 0.659262 0 -0.751913
    outer loop
      vertex 68.3078 79 36.1422
      vertex 68.0619 76 35.9266
      vertex 68.0619 79 35.9266
    endloop
  endfacet
  facet normal 0.751913 0 -0.659262
    outer loop
      vertex 68.5234 76 36.3881
      vertex 68.3078 79 36.1422
      vertex 68.5234 79 36.3881
    endloop
  endfacet
  facet normal 0.751913 0 -0.659262
    outer loop
      vertex 68.3078 79 36.1422
      vertex 68.5234 76 36.3881
      vertex 68.3078 76 36.1422
    endloop
  endfacet
  facet normal -0.0654432 0 -0.997856
    outer loop
      vertex 66.2137 76 35.4314
      vertex 66.54 79 35.41
      vertex 66.54 76 35.41
    endloop
  endfacet
  facet normal -0.0654432 0 -0.997856
    outer loop
      vertex 66.54 79 35.41
      vertex 66.2137 76 35.4314
      vertex 66.2137 79 35.4314
    endloop
  endfacet
  facet normal 0.195116 0 -0.98078
    outer loop
      vertex 66.8663 76 35.4314
      vertex 67.187 79 35.4952
      vertex 67.187 76 35.4952
    endloop
  endfacet
  facet normal 0.195116 0 -0.98078
    outer loop
      vertex 67.187 79 35.4952
      vertex 66.8663 76 35.4314
      vertex 66.8663 79 35.4314
    endloop
  endfacet
  facet normal 0.442191 0 -0.896921
    outer loop
      vertex 67.4967 76 35.6003
      vertex 67.79 79 35.7449
      vertex 67.79 76 35.7449
    endloop
  endfacet
  facet normal 0.442191 0 -0.896921
    outer loop
      vertex 67.79 79 35.7449
      vertex 67.4967 76 35.6003
      vertex 67.4967 79 35.6003
    endloop
  endfacet
  facet normal -0.98078 0 -0.195116
    outer loop
      vertex 64.1252 76 37.263
      vertex 64.0614 79 37.5837
      vertex 64.1252 79 37.263
    endloop
  endfacet
  facet normal -0.98078 -0 -0.195116
    outer loop
      vertex 64.0614 79 37.5837
      vertex 64.1252 76 37.263
      vertex 64.0614 76 37.5837
    endloop
  endfacet
  facet normal -0.896921 0 -0.442191
    outer loop
      vertex 64.3749 76 36.66
      vertex 64.2303 79 36.9533
      vertex 64.3749 79 36.66
    endloop
  endfacet
  facet normal -0.896921 -0 -0.442191
    outer loop
      vertex 64.2303 79 36.9533
      vertex 64.3749 76 36.66
      vertex 64.2303 76 36.9533
    endloop
  endfacet
  facet normal -0.195116 0 -0.98078
    outer loop
      vertex 65.893 76 35.4952
      vertex 66.2137 79 35.4314
      vertex 66.2137 76 35.4314
    endloop
  endfacet
  facet normal -0.195116 0 -0.98078
    outer loop
      vertex 66.2137 79 35.4314
      vertex 65.893 76 35.4952
      vertex 65.893 79 35.4952
    endloop
  endfacet
  facet normal -0.659262 0 -0.751913
    outer loop
      vertex 64.7722 76 36.1422
      vertex 65.0181 79 35.9266
      vertex 65.0181 76 35.9266
    endloop
  endfacet
  facet normal -0.659262 0 -0.751913
    outer loop
      vertex 65.0181 79 35.9266
      vertex 64.7722 76 36.1422
      vertex 64.7722 79 36.1422
    endloop
  endfacet
  facet normal -0.751913 0 -0.659262
    outer loop
      vertex 64.7722 76 36.1422
      vertex 64.5566 79 36.3881
      vertex 64.7722 79 36.1422
    endloop
  endfacet
  facet normal -0.751913 -0 -0.659262
    outer loop
      vertex 64.5566 79 36.3881
      vertex 64.7722 76 36.1422
      vertex 64.5566 76 36.3881
    endloop
  endfacet
  facet normal 0.997856 -0 0.0654432
    outer loop
      vertex 69.0186 76 38.2363
      vertex 69.04 79 37.91
      vertex 69.0186 79 38.2363
    endloop
  endfacet
  facet normal 0.997856 0 0.0654432
    outer loop
      vertex 69.04 79 37.91
      vertex 69.0186 76 38.2363
      vertex 69.04 76 37.91
    endloop
  endfacet
  facet normal 0.831438 -0 0.555617
    outer loop
      vertex 68.5234 76 39.4319
      vertex 68.7051 79 39.16
      vertex 68.5234 79 39.4319
    endloop
  endfacet
  facet normal 0.831438 0 0.555617
    outer loop
      vertex 68.7051 79 39.16
      vertex 68.5234 76 39.4319
      vertex 68.7051 76 39.16
    endloop
  endfacet
  facet normal 0.0654432 0 0.997856
    outer loop
      vertex 66.54 79 40.41
      vertex 66.8663 76 40.3886
      vertex 66.8663 79 40.3886
    endloop
  endfacet
  facet normal 0.0654432 0 0.997856
    outer loop
      vertex 66.8663 76 40.3886
      vertex 66.54 79 40.41
      vertex 66.54 76 40.41
    endloop
  endfacet
  facet normal -0.751913 0 0.659262
    outer loop
      vertex 64.5566 76 39.4319
      vertex 64.7722 79 39.6778
      vertex 64.5566 79 39.4319
    endloop
  endfacet
  facet normal -0.751913 0 0.659262
    outer loop
      vertex 64.7722 79 39.6778
      vertex 64.5566 76 39.4319
      vertex 64.7722 76 39.6778
    endloop
  endfacet
  facet normal 0.195116 0 0.98078
    outer loop
      vertex 66.8663 79 40.3886
      vertex 67.187 76 40.3248
      vertex 67.187 79 40.3248
    endloop
  endfacet
  facet normal 0.195116 0 0.98078
    outer loop
      vertex 67.187 76 40.3248
      vertex 66.8663 79 40.3886
      vertex 66.8663 76 40.3886
    endloop
  endfacet
  facet normal 0.442191 0 0.896921
    outer loop
      vertex 67.4967 79 40.2197
      vertex 67.79 76 40.0751
      vertex 67.79 79 40.0751
    endloop
  endfacet
  facet normal 0.442191 0 0.896921
    outer loop
      vertex 67.79 76 40.0751
      vertex 67.4967 79 40.2197
      vertex 67.4967 76 40.2197
    endloop
  endfacet
  facet normal -0.997856 0 0.0654432
    outer loop
      vertex 64.04 76 37.91
      vertex 64.0614 79 38.2363
      vertex 64.04 79 37.91
    endloop
  endfacet
  facet normal -0.997856 0 0.0654432
    outer loop
      vertex 64.0614 79 38.2363
      vertex 64.04 76 37.91
      vertex 64.0614 76 38.2363
    endloop
  endfacet
  facet normal 0.98078 -0 0.195116
    outer loop
      vertex 68.9548 76 38.557
      vertex 69.0186 79 38.2363
      vertex 68.9548 79 38.557
    endloop
  endfacet
  facet normal 0.98078 0 0.195116
    outer loop
      vertex 69.0186 79 38.2363
      vertex 68.9548 76 38.557
      vertex 69.0186 76 38.2363
    endloop
  endfacet
  facet normal 0.751913 -0 0.659262
    outer loop
      vertex 68.3078 76 39.6778
      vertex 68.5234 79 39.4319
      vertex 68.3078 79 39.6778
    endloop
  endfacet
  facet normal 0.751913 0 0.659262
    outer loop
      vertex 68.5234 79 39.4319
      vertex 68.3078 76 39.6778
      vertex 68.5234 76 39.4319
    endloop
  endfacet
  facet normal 0.896921 -0 0.442191
    outer loop
      vertex 68.7051 76 39.16
      vertex 68.8497 79 38.8667
      vertex 68.7051 79 39.16
    endloop
  endfacet
  facet normal 0.896921 0 0.442191
    outer loop
      vertex 68.8497 79 38.8667
      vertex 68.7051 76 39.16
      vertex 68.8497 76 38.8667
    endloop
  endfacet
  facet normal -0.0654432 0 0.997856
    outer loop
      vertex 66.2137 79 40.3886
      vertex 66.54 76 40.41
      vertex 66.54 79 40.41
    endloop
  endfacet
  facet normal -0.0654432 0 0.997856
    outer loop
      vertex 66.54 76 40.41
      vertex 66.2137 79 40.3886
      vertex 66.2137 76 40.3886
    endloop
  endfacet
  facet normal -0.195116 0 0.98078
    outer loop
      vertex 65.893 79 40.3248
      vertex 66.2137 76 40.3886
      vertex 66.2137 79 40.3886
    endloop
  endfacet
  facet normal -0.195116 0 0.98078
    outer loop
      vertex 66.2137 76 40.3886
      vertex 65.893 79 40.3248
      vertex 65.893 76 40.3248
    endloop
  endfacet
  facet normal -0.896921 0 0.442191
    outer loop
      vertex 64.2303 76 38.8667
      vertex 64.3749 79 39.16
      vertex 64.2303 79 38.8667
    endloop
  endfacet
  facet normal -0.896921 0 0.442191
    outer loop
      vertex 64.3749 79 39.16
      vertex 64.2303 76 38.8667
      vertex 64.3749 76 39.16
    endloop
  endfacet
  facet normal -0.946957 0 0.32136
    outer loop
      vertex 64.1252 76 38.557
      vertex 64.2303 79 38.8667
      vertex 64.1252 79 38.557
    endloop
  endfacet
  facet normal -0.946957 0 0.32136
    outer loop
      vertex 64.2303 79 38.8667
      vertex 64.1252 76 38.557
      vertex 64.2303 76 38.8667
    endloop
  endfacet
  facet normal -0.98078 0 0.195116
    outer loop
      vertex 64.0614 76 38.2363
      vertex 64.1252 79 38.557
      vertex 64.0614 79 38.2363
    endloop
  endfacet
  facet normal -0.98078 0 0.195116
    outer loop
      vertex 64.1252 79 38.557
      vertex 64.0614 76 38.2363
      vertex 64.1252 76 38.557
    endloop
  endfacet
  facet normal -0.659262 0 0.751913
    outer loop
      vertex 64.7722 79 39.6778
      vertex 65.0181 76 39.8934
      vertex 65.0181 79 39.8934
    endloop
  endfacet
  facet normal -0.659262 0 0.751913
    outer loop
      vertex 65.0181 76 39.8934
      vertex 64.7722 79 39.6778
      vertex 64.7722 76 39.6778
    endloop
  endfacet
  facet normal 0.32136 0 0.946957
    outer loop
      vertex 67.187 79 40.3248
      vertex 67.4967 76 40.2197
      vertex 67.4967 79 40.2197
    endloop
  endfacet
  facet normal 0.32136 0 0.946957
    outer loop
      vertex 67.4967 76 40.2197
      vertex 67.187 79 40.3248
      vertex 67.187 76 40.3248
    endloop
  endfacet
  facet normal 0.659262 0 0.751913
    outer loop
      vertex 68.0619 79 39.8934
      vertex 68.3078 76 39.6778
      vertex 68.3078 79 39.6778
    endloop
  endfacet
  facet normal 0.659262 0 0.751913
    outer loop
      vertex 68.3078 76 39.6778
      vertex 68.0619 79 39.8934
      vertex 68.0619 76 39.8934
    endloop
  endfacet
  facet normal 0.555617 0 0.831438
    outer loop
      vertex 67.79 79 40.0751
      vertex 68.0619 76 39.8934
      vertex 68.0619 79 39.8934
    endloop
  endfacet
  facet normal 0.555617 0 0.831438
    outer loop
      vertex 68.0619 76 39.8934
      vertex 67.79 79 40.0751
      vertex 67.79 76 40.0751
    endloop
  endfacet
  facet normal -0.442191 0 0.896921
    outer loop
      vertex 65.29 79 40.0751
      vertex 65.5833 76 40.2197
      vertex 65.5833 79 40.2197
    endloop
  endfacet
  facet normal -0.442191 0 0.896921
    outer loop
      vertex 65.5833 76 40.2197
      vertex 65.29 79 40.0751
      vertex 65.29 76 40.0751
    endloop
  endfacet
  facet normal -0.32136 0 0.946957
    outer loop
      vertex 65.5833 79 40.2197
      vertex 65.893 76 40.3248
      vertex 65.893 79 40.3248
    endloop
  endfacet
  facet normal -0.32136 0 0.946957
    outer loop
      vertex 65.893 76 40.3248
      vertex 65.5833 79 40.2197
      vertex 65.5833 76 40.2197
    endloop
  endfacet
  facet normal 0.997853 0 -0.0654906
    outer loop
      vertex 12 59.1 4
      vertex 11.9743 61.4 3.60842
      vertex 12 61.4 4
    endloop
  endfacet
  facet normal 0.997853 0 -0.0654906
    outer loop
      vertex 11.9743 61.4 3.60842
      vertex 12 59.1 4
      vertex 11.9743 59.1 3.60842
    endloop
  endfacet
  facet normal -0.0654145 0 -0.997858
    outer loop
      vertex 8.60842 59.1 1.02567
      vertex 9 61.4 1
      vertex 9 59.1 1
    endloop
  endfacet
  facet normal -0.0654145 0 -0.997858
    outer loop
      vertex 9 61.4 1
      vertex 8.60842 59.1 1.02567
      vertex 8.60842 61.4 1.02567
    endloop
  endfacet
  facet normal 0.0654145 0 0.997858
    outer loop
      vertex 9 61.4 7
      vertex 9.39158 59.1 6.97433
      vertex 9.39158 61.4 6.97433
    endloop
  endfacet
  facet normal 0.0654145 0 0.997858
    outer loop
      vertex 9.39158 59.1 6.97433
      vertex 9 61.4 7
      vertex 9 59.1 7
    endloop
  endfacet
  facet normal 0.659392 0 -0.751799
    outer loop
      vertex 10.8263 59.1 1.61994
      vertex 11.1213 61.4 1.87868
      vertex 11.1213 59.1 1.87868
    endloop
  endfacet
  facet normal 0.659392 0 -0.751799
    outer loop
      vertex 11.1213 61.4 1.87868
      vertex 10.8263 59.1 1.61994
      vertex 10.8263 61.4 1.61994
    endloop
  endfacet
  facet normal -0.751844 0 -0.659341
    outer loop
      vertex 6.87868 59.1 1.87868
      vertex 6.61994 61.4 2.17372
      vertex 6.87868 61.4 1.87868
    endloop
  endfacet
  facet normal -0.751844 -0 -0.659341
    outer loop
      vertex 6.61994 61.4 2.17372
      vertex 6.87868 59.1 1.87868
      vertex 6.61994 59.1 2.17372
    endloop
  endfacet
  facet normal -0.442283 0 -0.896875
    outer loop
      vertex 7.5 59.1 1.40192
      vertex 7.85195 61.4 1.22836
      vertex 7.85195 59.1 1.22836
    endloop
  endfacet
  facet normal -0.442283 0 -0.896875
    outer loop
      vertex 7.85195 61.4 1.22836
      vertex 7.5 59.1 1.40192
      vertex 7.5 61.4 1.40192
    endloop
  endfacet
  facet normal 0.946882 -0 0.321582
    outer loop
      vertex 11.7716 59.1 5.14805
      vertex 11.8978 61.4 4.77646
      vertex 11.7716 61.4 5.14805
    endloop
  endfacet
  facet normal 0.946882 0 0.321582
    outer loop
      vertex 11.8978 61.4 4.77646
      vertex 11.7716 59.1 5.14805
      vertex 11.8978 59.1 4.77646
    endloop
  endfacet
  facet normal 0.896936 0 -0.44216
    outer loop
      vertex 11.7716 59.1 2.85195
      vertex 11.5981 61.4 2.5
      vertex 11.7716 61.4 2.85195
    endloop
  endfacet
  facet normal 0.896936 0 -0.44216
    outer loop
      vertex 11.5981 61.4 2.5
      vertex 11.7716 59.1 2.85195
      vertex 11.5981 59.1 2.5
    endloop
  endfacet
  facet normal 0.980813 0 -0.19495
    outer loop
      vertex 11.9743 59.1 3.60842
      vertex 11.8978 61.4 3.22354
      vertex 11.9743 61.4 3.60842
    endloop
  endfacet
  facet normal 0.980813 0 -0.19495
    outer loop
      vertex 11.8978 61.4 3.22354
      vertex 11.9743 59.1 3.60842
      vertex 11.8978 59.1 3.22354
    endloop
  endfacet
  facet normal 0.321483 0 -0.946915
    outer loop
      vertex 9.77646 59.1 1.10222
      vertex 10.148 61.4 1.22836
      vertex 10.148 59.1 1.22836
    endloop
  endfacet
  facet normal 0.321483 0 -0.946915
    outer loop
      vertex 10.148 61.4 1.22836
      vertex 9.77646 59.1 1.10222
      vertex 9.77646 61.4 1.10222
    endloop
  endfacet
  facet normal 0.195072 0 -0.980789
    outer loop
      vertex 9.39158 59.1 1.02567
      vertex 9.77646 61.4 1.10222
      vertex 9.77646 59.1 1.10222
    endloop
  endfacet
  facet normal 0.195072 0 -0.980789
    outer loop
      vertex 9.77646 61.4 1.10222
      vertex 9.39158 59.1 1.02567
      vertex 9.39158 61.4 1.02567
    endloop
  endfacet
  facet normal 0.555558 0 -0.831477
    outer loop
      vertex 10.5 59.1 1.40192
      vertex 10.8263 61.4 1.61994
      vertex 10.8263 59.1 1.61994
    endloop
  endfacet
  facet normal 0.555558 0 -0.831477
    outer loop
      vertex 10.8263 61.4 1.61994
      vertex 10.5 59.1 1.40192
      vertex 10.5 61.4 1.40192
    endloop
  endfacet
  facet normal -0.946928 0 -0.321444
    outer loop
      vertex 6.22836 59.1 2.85195
      vertex 6.10222 61.4 3.22354
      vertex 6.22836 61.4 2.85195
    endloop
  endfacet
  facet normal -0.946928 -0 -0.321444
    outer loop
      vertex 6.10222 61.4 3.22354
      vertex 6.22836 59.1 2.85195
      vertex 6.10222 59.1 3.22354
    endloop
  endfacet
  facet normal -0.831462 0 -0.555582
    outer loop
      vertex 6.61994 59.1 2.17372
      vertex 6.40192 61.4 2.5
      vertex 6.61994 61.4 2.17372
    endloop
  endfacet
  facet normal -0.831462 -0 -0.555582
    outer loop
      vertex 6.40192 61.4 2.5
      vertex 6.61994 59.1 2.17372
      vertex 6.40192 59.1 2.5
    endloop
  endfacet
  facet normal -0.980789 0 -0.195072
    outer loop
      vertex 6.10222 59.1 3.22354
      vertex 6.02567 61.4 3.60842
      vertex 6.10222 61.4 3.22354
    endloop
  endfacet
  facet normal -0.980789 -0 -0.195072
    outer loop
      vertex 6.02567 61.4 3.60842
      vertex 6.10222 59.1 3.22354
      vertex 6.02567 59.1 3.60842
    endloop
  endfacet
  facet normal -0.195072 0 -0.980789
    outer loop
      vertex 8.22354 59.1 1.10222
      vertex 8.60842 61.4 1.02567
      vertex 8.60842 59.1 1.02567
    endloop
  endfacet
  facet normal -0.195072 0 -0.980789
    outer loop
      vertex 8.60842 61.4 1.02567
      vertex 8.22354 59.1 1.10222
      vertex 8.22354 61.4 1.10222
    endloop
  endfacet
  facet normal -0.831462 0 0.555582
    outer loop
      vertex 6.40192 59.1 5.5
      vertex 6.61994 61.4 5.82628
      vertex 6.40192 61.4 5.5
    endloop
  endfacet
  facet normal -0.831462 0 0.555582
    outer loop
      vertex 6.61994 61.4 5.82628
      vertex 6.40192 59.1 5.5
      vertex 6.61994 59.1 5.82628
    endloop
  endfacet
  facet normal 0.195072 0 0.980789
    outer loop
      vertex 9.39158 61.4 6.97433
      vertex 9.77646 59.1 6.89778
      vertex 9.77646 61.4 6.89778
    endloop
  endfacet
  facet normal 0.195072 0 0.980789
    outer loop
      vertex 9.77646 59.1 6.89778
      vertex 9.39158 61.4 6.97433
      vertex 9.39158 59.1 6.97433
    endloop
  endfacet
  facet normal 0.946882 0 -0.321582
    outer loop
      vertex 11.8978 59.1 3.22354
      vertex 11.7716 61.4 2.85195
      vertex 11.8978 61.4 3.22354
    endloop
  endfacet
  facet normal 0.946882 0 -0.321582
    outer loop
      vertex 11.7716 61.4 2.85195
      vertex 11.8978 59.1 3.22354
      vertex 11.7716 59.1 2.85195
    endloop
  endfacet
  facet normal 0.751768 0 -0.659428
    outer loop
      vertex 11.3801 59.1 2.17372
      vertex 11.1213 61.4 1.87868
      vertex 11.3801 61.4 2.17372
    endloop
  endfacet
  facet normal 0.751768 0 -0.659428
    outer loop
      vertex 11.1213 61.4 1.87868
      vertex 11.3801 59.1 2.17372
      vertex 11.1213 59.1 1.87868
    endloop
  endfacet
  facet normal 0.831485 0 -0.555547
    outer loop
      vertex 11.5981 59.1 2.5
      vertex 11.3801 61.4 2.17372
      vertex 11.5981 61.4 2.5
    endloop
  endfacet
  facet normal 0.831485 0 -0.555547
    outer loop
      vertex 11.3801 61.4 2.17372
      vertex 11.5981 59.1 2.5
      vertex 11.3801 59.1 2.17372
    endloop
  endfacet
  facet normal 0.0654145 0 -0.997858
    outer loop
      vertex 9 59.1 1
      vertex 9.39158 61.4 1.02567
      vertex 9.39158 59.1 1.02567
    endloop
  endfacet
  facet normal 0.0654145 0 -0.997858
    outer loop
      vertex 9.39158 61.4 1.02567
      vertex 9 59.1 1
      vertex 9 61.4 1
    endloop
  endfacet
  facet normal 0.442233 0 -0.8969
    outer loop
      vertex 10.148 59.1 1.22836
      vertex 10.5 61.4 1.40192
      vertex 10.5 59.1 1.40192
    endloop
  endfacet
  facet normal 0.442233 0 -0.8969
    outer loop
      vertex 10.5 61.4 1.40192
      vertex 10.148 59.1 1.22836
      vertex 10.148 61.4 1.22836
    endloop
  endfacet
  facet normal 0 -1 0
    outer loop
      vertex 9 59.1 4.85
      vertex 9 59.1 7
      vertex 8.60842 59.1 6.97433
    endloop
  endfacet
  facet normal 0 -1 0
    outer loop
      vertex 8.88905 59.1 4.84273
      vertex 8.60842 59.1 6.97433
      vertex 8.22354 59.1 6.89778
    endloop
  endfacet
  facet normal 0 -1 0
    outer loop
      vertex 9 59.1 7
      vertex 9 59.1 4.85
      vertex 9.39158 59.1 6.97433
    endloop
  endfacet
  facet normal 0 -1 0
    outer loop
      vertex 8.78 59.1 4.82104
      vertex 8.22354 59.1 6.89778
      vertex 7.85195 59.1 6.77164
    endloop
  endfacet
  facet normal 0 -1 0
    outer loop
      vertex 9.11095 59.1 4.84273
      vertex 9.39158 59.1 6.97433
      vertex 9 59.1 4.85
    endloop
  endfacet
  facet normal 0 -1 0
    outer loop
      vertex 8.67472 59.1 4.7853
      vertex 7.85195 59.1 6.77164
      vertex 7.5 59.1 6.59808
    endloop
  endfacet
  facet normal 0 -1 -0
    outer loop
      vertex 9.39158 59.1 6.97433
      vertex 9.11095 59.1 4.84273
      vertex 9.77646 59.1 6.89778
    endloop
  endfacet
  facet normal 0 -1 0
    outer loop
      vertex 8.575 59.1 4.73612
      vertex 7.5 59.1 6.59808
      vertex 7.17372 59.1 6.38006
    endloop
  endfacet
  facet normal 0 -1 0
    outer loop
      vertex 9.22 59.1 4.82104
      vertex 9.77646 59.1 6.89778
      vertex 9.11095 59.1 4.84273
    endloop
  endfacet
  facet normal 0 -1 0
    outer loop
      vertex 8.48255 59.1 4.67435
      vertex 7.17372 59.1 6.38006
      vertex 6.87868 59.1 6.12132
    endloop
  endfacet
  facet normal 0 -1 -0
    outer loop
      vertex 9.77646 59.1 6.89778
      vertex 9.22 59.1 4.82104
      vertex 10.148 59.1 6.77164
    endloop
  endfacet
  facet normal 0 -1 0
    outer loop
      vertex 8.39896 59.1 4.60104
      vertex 6.87868 59.1 6.12132
      vertex 6.61994 59.1 5.82628
    endloop
  endfacet
  facet normal 0 -1 0
    outer loop
      vertex 9.32528 59.1 4.7853
      vertex 10.148 59.1 6.77164
      vertex 9.22 59.1 4.82104
    endloop
  endfacet
  facet normal 0 -1 0
    outer loop
      vertex 8.32565 59.1 4.51745
      vertex 6.61994 59.1 5.82628
      vertex 6.40192 59.1 5.5
    endloop
  endfacet
  facet normal 0 -1 -0
    outer loop
      vertex 10.148 59.1 6.77164
      vertex 9.32528 59.1 4.7853
      vertex 10.5 59.1 6.59808
    endloop
  endfacet
  facet normal 0 -1 0
    outer loop
      vertex 8.26388 59.1 4.425
      vertex 6.40192 59.1 5.5
      vertex 6.22836 59.1 5.14805
    endloop
  endfacet
  facet normal 0 -1 0
    outer loop
      vertex 9.425 59.1 4.73612
      vertex 10.5 59.1 6.59808
      vertex 9.32528 59.1 4.7853
    endloop
  endfacet
  facet normal 0 -1 -0
    outer loop
      vertex 10.5 59.1 6.59808
      vertex 9.425 59.1 4.73612
      vertex 10.8263 59.1 6.38006
    endloop
  endfacet
  facet normal 0 -1 0
    outer loop
      vertex 8.60842 59.1 6.97433
      vertex 8.88905 59.1 4.84273
      vertex 9 59.1 4.85
    endloop
  endfacet
  facet normal 0 -1 0
    outer loop
      vertex 8.22354 59.1 6.89778
      vertex 8.78 59.1 4.82104
      vertex 8.88905 59.1 4.84273
    endloop
  endfacet
  facet normal 0 -1 0
    outer loop
      vertex 7.85195 59.1 6.77164
      vertex 8.67472 59.1 4.7853
      vertex 8.78 59.1 4.82104
    endloop
  endfacet
  facet normal 0 -1 0
    outer loop
      vertex 8.2147 59.1 4.32528
      vertex 6.22836 59.1 5.14805
      vertex 6.10222 59.1 4.77646
    endloop
  endfacet
  facet normal 0 -1 0
    outer loop
      vertex 7.5 59.1 6.59808
      vertex 8.575 59.1 4.73612
      vertex 8.67472 59.1 4.7853
    endloop
  endfacet
  facet normal 0 -1 0
    outer loop
      vertex 7.17372 59.1 6.38006
      vertex 8.48255 59.1 4.67435
      vertex 8.575 59.1 4.73612
    endloop
  endfacet
  facet normal 0 -1 0
    outer loop
      vertex 6.87868 59.1 6.12132
      vertex 8.39896 59.1 4.60104
      vertex 8.48255 59.1 4.67435
    endloop
  endfacet
  facet normal 0 -1 0
    outer loop
      vertex 6.61994 59.1 5.82628
      vertex 8.32565 59.1 4.51745
      vertex 8.39896 59.1 4.60104
    endloop
  endfacet
  facet normal 0 -1 0
    outer loop
      vertex 6.40192 59.1 5.5
      vertex 8.26388 59.1 4.425
      vertex 8.32565 59.1 4.51745
    endloop
  endfacet
  facet normal 0 -1 0
    outer loop
      vertex 8.17896 59.1 4.22
      vertex 6.10222 59.1 4.77646
      vertex 6.02567 59.1 4.39158
    endloop
  endfacet
  facet normal 0 -1 0
    outer loop
      vertex 6.22836 59.1 5.14805
      vertex 8.2147 59.1 4.32528
      vertex 8.26388 59.1 4.425
    endloop
  endfacet
  facet normal 0 -1 0
    outer loop
      vertex 6.10222 59.1 4.77646
      vertex 8.17896 59.1 4.22
      vertex 8.2147 59.1 4.32528
    endloop
  endfacet
  facet normal 0 -1 0
    outer loop
      vertex 6.02567 59.1 4.39158
      vertex 8.15727 59.1 4.11095
      vertex 8.17896 59.1 4.22
    endloop
  endfacet
  facet normal 0 -1 0
    outer loop
      vertex 6 59.1 4
      vertex 8.15727 59.1 4.11095
      vertex 6.02567 59.1 4.39158
    endloop
  endfacet
  facet normal 0 -1 0
    outer loop
      vertex 6 59.1 4
      vertex 8.15 59.1 4
      vertex 8.15727 59.1 4.11095
    endloop
  endfacet
  facet normal 0 -1 0
    outer loop
      vertex 6 59.1 4
      vertex 8.15727 59.1 3.88905
      vertex 8.15 59.1 4
    endloop
  endfacet
  facet normal 0 -1 0
    outer loop
      vertex 6.02567 59.1 3.60842
      vertex 8.15727 59.1 3.88905
      vertex 6 59.1 4
    endloop
  endfacet
  facet normal 0 -1 -0
    outer loop
      vertex 8.15727 59.1 3.88905
      vertex 6.02567 59.1 3.60842
      vertex 8.17896 59.1 3.78
    endloop
  endfacet
  facet normal 0 -1 0
    outer loop
      vertex 6.10222 59.1 3.22354
      vertex 8.17896 59.1 3.78
      vertex 6.02567 59.1 3.60842
    endloop
  endfacet
  facet normal 0 -1 -0
    outer loop
      vertex 8.17896 59.1 3.78
      vertex 6.10222 59.1 3.22354
      vertex 8.2147 59.1 3.67472
    endloop
  endfacet
  facet normal 0 -1 0
    outer loop
      vertex 6.22836 59.1 2.85195
      vertex 8.2147 59.1 3.67472
      vertex 6.10222 59.1 3.22354
    endloop
  endfacet
  facet normal 0 -1 -0
    outer loop
      vertex 8.2147 59.1 3.67472
      vertex 6.22836 59.1 2.85195
      vertex 8.26388 59.1 3.575
    endloop
  endfacet
  facet normal 0 -1 0
    outer loop
      vertex 6.40192 59.1 2.5
      vertex 8.26388 59.1 3.575
      vertex 6.22836 59.1 2.85195
    endloop
  endfacet
  facet normal 0 -1 -0
    outer loop
      vertex 8.26388 59.1 3.575
      vertex 6.40192 59.1 2.5
      vertex 8.32565 59.1 3.48255
    endloop
  endfacet
  facet normal 0 -1 0
    outer loop
      vertex 6.61994 59.1 2.17372
      vertex 8.32565 59.1 3.48255
      vertex 6.40192 59.1 2.5
    endloop
  endfacet
  facet normal 0 -1 -0
    outer loop
      vertex 8.32565 59.1 3.48255
      vertex 6.61994 59.1 2.17372
      vertex 8.39896 59.1 3.39896
    endloop
  endfacet
  facet normal 0 -1 0
    outer loop
      vertex 6.87868 59.1 1.87868
      vertex 8.39896 59.1 3.39896
      vertex 6.61994 59.1 2.17372
    endloop
  endfacet
  facet normal 0 -1 -0
    outer loop
      vertex 8.39896 59.1 3.39896
      vertex 6.87868 59.1 1.87868
      vertex 8.48255 59.1 3.32565
    endloop
  endfacet
  facet normal 0 -1 0
    outer loop
      vertex 7.17372 59.1 1.61994
      vertex 8.48255 59.1 3.32565
      vertex 6.87868 59.1 1.87868
    endloop
  endfacet
  facet normal 0 -1 -0
    outer loop
      vertex 8.48255 59.1 3.32565
      vertex 7.17372 59.1 1.61994
      vertex 8.575 59.1 3.26388
    endloop
  endfacet
  facet normal 0 -1 0
    outer loop
      vertex 9.51745 59.1 4.67435
      vertex 10.8263 59.1 6.38006
      vertex 9.425 59.1 4.73612
    endloop
  endfacet
  facet normal 0 -1 -0
    outer loop
      vertex 10.8263 59.1 6.38006
      vertex 9.51745 59.1 4.67435
      vertex 11.1213 59.1 6.12132
    endloop
  endfacet
  facet normal 0 -1 0
    outer loop
      vertex 9.60104 59.1 4.60104
      vertex 11.1213 59.1 6.12132
      vertex 9.51745 59.1 4.67435
    endloop
  endfacet
  facet normal 0 -1 -0
    outer loop
      vertex 11.1213 59.1 6.12132
      vertex 9.60104 59.1 4.60104
      vertex 11.3801 59.1 5.82628
    endloop
  endfacet
  facet normal 0 -1 0
    outer loop
      vertex 9.67435 59.1 4.51745
      vertex 11.3801 59.1 5.82628
      vertex 9.60104 59.1 4.60104
    endloop
  endfacet
  facet normal 0 -1 -0
    outer loop
      vertex 11.3801 59.1 5.82628
      vertex 9.67435 59.1 4.51745
      vertex 11.5981 59.1 5.5
    endloop
  endfacet
  facet normal 0 -1 0
    outer loop
      vertex 9.73612 59.1 4.425
      vertex 11.5981 59.1 5.5
      vertex 9.67435 59.1 4.51745
    endloop
  endfacet
  facet normal 0 -1 -0
    outer loop
      vertex 11.5981 59.1 5.5
      vertex 9.73612 59.1 4.425
      vertex 11.7716 59.1 5.14805
    endloop
  endfacet
  facet normal 0 -1 0
    outer loop
      vertex 9.7853 59.1 4.32528
      vertex 11.7716 59.1 5.14805
      vertex 9.73612 59.1 4.425
    endloop
  endfacet
  facet normal 0 -1 -0
    outer loop
      vertex 11.7716 59.1 5.14805
      vertex 9.7853 59.1 4.32528
      vertex 11.8978 59.1 4.77646
    endloop
  endfacet
  facet normal 0 -1 0
    outer loop
      vertex 9.82104 59.1 4.22
      vertex 11.8978 59.1 4.77646
      vertex 9.7853 59.1 4.32528
    endloop
  endfacet
  facet normal 0 -1 -0
    outer loop
      vertex 11.8978 59.1 4.77646
      vertex 9.82104 59.1 4.22
      vertex 11.9743 59.1 4.39158
    endloop
  endfacet
  facet normal 0 -1 0
    outer loop
      vertex 9.84273 59.1 4.11095
      vertex 11.9743 59.1 4.39158
      vertex 9.82104 59.1 4.22
    endloop
  endfacet
  facet normal 0 -1 0
    outer loop
      vertex 9.85 59.1 4
      vertex 11.9743 59.1 4.39158
      vertex 9.84273 59.1 4.11095
    endloop
  endfacet
  facet normal 0 -1 0
    outer loop
      vertex 9.85 59.1 4
      vertex 12 59.1 4
      vertex 11.9743 59.1 4.39158
    endloop
  endfacet
  facet normal 0 -1 0
    outer loop
      vertex 9.84273 59.1 3.88905
      vertex 12 59.1 4
      vertex 9.85 59.1 4
    endloop
  endfacet
  facet normal 0 -1 0
    outer loop
      vertex 11.9743 59.1 3.60842
      vertex 9.84273 59.1 3.88905
      vertex 9.82104 59.1 3.78
    endloop
  endfacet
  facet normal 0 -1 0
    outer loop
      vertex 11.8978 59.1 3.22354
      vertex 9.82104 59.1 3.78
      vertex 9.7853 59.1 3.67472
    endloop
  endfacet
  facet normal 0 -1 0
    outer loop
      vertex 9.84273 59.1 3.88905
      vertex 11.9743 59.1 3.60842
      vertex 12 59.1 4
    endloop
  endfacet
  facet normal 0 -1 0
    outer loop
      vertex 11.7716 59.1 2.85195
      vertex 9.7853 59.1 3.67472
      vertex 9.73612 59.1 3.575
    endloop
  endfacet
  facet normal 0 -1 0
    outer loop
      vertex 11.5981 59.1 2.5
      vertex 9.73612 59.1 3.575
      vertex 9.67435 59.1 3.48255
    endloop
  endfacet
  facet normal 0 -1 0
    outer loop
      vertex 11.3801 59.1 2.17372
      vertex 9.67435 59.1 3.48255
      vertex 9.60104 59.1 3.39896
    endloop
  endfacet
  facet normal 0 -1 0
    outer loop
      vertex 11.1213 59.1 1.87868
      vertex 9.60104 59.1 3.39896
      vertex 9.51745 59.1 3.32565
    endloop
  endfacet
  facet normal 0 -1 0
    outer loop
      vertex 10.8263 59.1 1.61994
      vertex 9.51745 59.1 3.32565
      vertex 9.425 59.1 3.26388
    endloop
  endfacet
  facet normal 0 -1 0
    outer loop
      vertex 9.82104 59.1 3.78
      vertex 11.8978 59.1 3.22354
      vertex 11.9743 59.1 3.60842
    endloop
  endfacet
  facet normal 0 -1 0
    outer loop
      vertex 10.5 59.1 1.40192
      vertex 9.425 59.1 3.26388
      vertex 9.32528 59.1 3.2147
    endloop
  endfacet
  facet normal 0 -1 0
    outer loop
      vertex 10.148 59.1 1.22836
      vertex 9.32528 59.1 3.2147
      vertex 9.22 59.1 3.17896
    endloop
  endfacet
  facet normal 0 -1 0
    outer loop
      vertex 9.77646 59.1 1.10222
      vertex 9.22 59.1 3.17896
      vertex 9.11095 59.1 3.15727
    endloop
  endfacet
  facet normal 0 -1 0
    outer loop
      vertex 9.39158 59.1 1.02567
      vertex 9.11095 59.1 3.15727
      vertex 9 59.1 3.15
    endloop
  endfacet
  facet normal 0 -1 0
    outer loop
      vertex 7.5 59.1 1.40192
      vertex 8.575 59.1 3.26388
      vertex 7.17372 59.1 1.61994
    endloop
  endfacet
  facet normal 0 -1 0
    outer loop
      vertex 9.7853 59.1 3.67472
      vertex 11.7716 59.1 2.85195
      vertex 11.8978 59.1 3.22354
    endloop
  endfacet
  facet normal 0 -1 -0
    outer loop
      vertex 8.575 59.1 3.26388
      vertex 7.5 59.1 1.40192
      vertex 8.67472 59.1 3.2147
    endloop
  endfacet
  facet normal 0 -1 0
    outer loop
      vertex 9.73612 59.1 3.575
      vertex 11.5981 59.1 2.5
      vertex 11.7716 59.1 2.85195
    endloop
  endfacet
  facet normal 0 -1 0
    outer loop
      vertex 7.85195 59.1 1.22836
      vertex 8.67472 59.1 3.2147
      vertex 7.5 59.1 1.40192
    endloop
  endfacet
  facet normal 0 -1 0
    outer loop
      vertex 9.67435 59.1 3.48255
      vertex 11.3801 59.1 2.17372
      vertex 11.5981 59.1 2.5
    endloop
  endfacet
  facet normal 0 -1 -0
    outer loop
      vertex 8.67472 59.1 3.2147
      vertex 7.85195 59.1 1.22836
      vertex 8.78 59.1 3.17896
    endloop
  endfacet
  facet normal 0 -1 0
    outer loop
      vertex 9.60104 59.1 3.39896
      vertex 11.1213 59.1 1.87868
      vertex 11.3801 59.1 2.17372
    endloop
  endfacet
  facet normal 0 -1 0
    outer loop
      vertex 8.22354 59.1 1.10222
      vertex 8.78 59.1 3.17896
      vertex 7.85195 59.1 1.22836
    endloop
  endfacet
  facet normal 0 -1 0
    outer loop
      vertex 9.51745 59.1 3.32565
      vertex 10.8263 59.1 1.61994
      vertex 11.1213 59.1 1.87868
    endloop
  endfacet
  facet normal 0 -1 -0
    outer loop
      vertex 8.78 59.1 3.17896
      vertex 8.22354 59.1 1.10222
      vertex 8.88905 59.1 3.15727
    endloop
  endfacet
  facet normal 0 -1 0
    outer loop
      vertex 9.425 59.1 3.26388
      vertex 10.5 59.1 1.40192
      vertex 10.8263 59.1 1.61994
    endloop
  endfacet
  facet normal 0 -1 0
    outer loop
      vertex 8.60842 59.1 1.02567
      vertex 8.88905 59.1 3.15727
      vertex 8.22354 59.1 1.10222
    endloop
  endfacet
  facet normal 0 -1 0
    outer loop
      vertex 9.32528 59.1 3.2147
      vertex 10.148 59.1 1.22836
      vertex 10.5 59.1 1.40192
    endloop
  endfacet
  facet normal 0 -1 -0
    outer loop
      vertex 8.88905 59.1 3.15727
      vertex 8.60842 59.1 1.02567
      vertex 9 59.1 3.15
    endloop
  endfacet
  facet normal 0 -1 0
    outer loop
      vertex 9.22 59.1 3.17896
      vertex 9.77646 59.1 1.10222
      vertex 10.148 59.1 1.22836
    endloop
  endfacet
  facet normal 0 -1 0
    outer loop
      vertex 9 59.1 1
      vertex 9 59.1 3.15
      vertex 8.60842 59.1 1.02567
    endloop
  endfacet
  facet normal 0 -1 0
    outer loop
      vertex 9.11095 59.1 3.15727
      vertex 9.39158 59.1 1.02567
      vertex 9.77646 59.1 1.10222
    endloop
  endfacet
  facet normal 0 -1 0
    outer loop
      vertex 9 59.1 3.15
      vertex 9 59.1 1
      vertex 9.39158 59.1 1.02567
    endloop
  endfacet
  facet normal -0.896875 0 -0.442283
    outer loop
      vertex 6.40192 59.1 2.5
      vertex 6.22836 61.4 2.85195
      vertex 6.40192 61.4 2.5
    endloop
  endfacet
  facet normal -0.896875 -0 -0.442283
    outer loop
      vertex 6.22836 61.4 2.85195
      vertex 6.40192 59.1 2.5
      vertex 6.22836 59.1 2.85195
    endloop
  endfacet
  facet normal -0.997858 0 -0.0654145
    outer loop
      vertex 6.02567 59.1 3.60842
      vertex 6 61.4 4
      vertex 6.02567 61.4 3.60842
    endloop
  endfacet
  facet normal -0.997858 -0 -0.0654145
    outer loop
      vertex 6 61.4 4
      vertex 6.02567 59.1 3.60842
      vertex 6 59.1 4
    endloop
  endfacet
  facet normal -0.555582 0 -0.831462
    outer loop
      vertex 7.17372 59.1 1.61994
      vertex 7.5 61.4 1.40192
      vertex 7.5 59.1 1.40192
    endloop
  endfacet
  facet normal -0.555582 0 -0.831462
    outer loop
      vertex 7.5 61.4 1.40192
      vertex 7.17372 59.1 1.61994
      vertex 7.17372 61.4 1.61994
    endloop
  endfacet
  facet normal -0.659341 0 -0.751844
    outer loop
      vertex 6.87868 59.1 1.87868
      vertex 7.17372 61.4 1.61994
      vertex 7.17372 59.1 1.61994
    endloop
  endfacet
  facet normal -0.659341 0 -0.751844
    outer loop
      vertex 7.17372 61.4 1.61994
      vertex 6.87868 59.1 1.87868
      vertex 6.87868 61.4 1.87868
    endloop
  endfacet
  facet normal -0.321444 0 -0.946928
    outer loop
      vertex 7.85195 59.1 1.22836
      vertex 8.22354 61.4 1.10222
      vertex 8.22354 59.1 1.10222
    endloop
  endfacet
  facet normal -0.321444 0 -0.946928
    outer loop
      vertex 8.22354 61.4 1.10222
      vertex 7.85195 59.1 1.22836
      vertex 7.85195 61.4 1.22836
    endloop
  endfacet
  facet normal 0.751768 -0 0.659428
    outer loop
      vertex 11.1213 59.1 6.12132
      vertex 11.3801 61.4 5.82628
      vertex 11.1213 61.4 6.12132
    endloop
  endfacet
  facet normal 0.751768 0 0.659428
    outer loop
      vertex 11.3801 61.4 5.82628
      vertex 11.1213 59.1 6.12132
      vertex 11.3801 59.1 5.82628
    endloop
  endfacet
  facet normal 0.896936 -0 0.44216
    outer loop
      vertex 11.5981 59.1 5.5
      vertex 11.7716 61.4 5.14805
      vertex 11.5981 61.4 5.5
    endloop
  endfacet
  facet normal 0.896936 0 0.44216
    outer loop
      vertex 11.7716 61.4 5.14805
      vertex 11.5981 59.1 5.5
      vertex 11.7716 59.1 5.14805
    endloop
  endfacet
  facet normal 0.980813 -0 0.19495
    outer loop
      vertex 11.8978 59.1 4.77646
      vertex 11.9743 61.4 4.39158
      vertex 11.8978 61.4 4.77646
    endloop
  endfacet
  facet normal 0.980813 0 0.19495
    outer loop
      vertex 11.9743 61.4 4.39158
      vertex 11.8978 59.1 4.77646
      vertex 11.9743 59.1 4.39158
    endloop
  endfacet
  facet normal -0.980789 0 0.195072
    outer loop
      vertex 6.02567 59.1 4.39158
      vertex 6.10222 61.4 4.77646
      vertex 6.02567 61.4 4.39158
    endloop
  endfacet
  facet normal -0.980789 0 0.195072
    outer loop
      vertex 6.10222 61.4 4.77646
      vertex 6.02567 59.1 4.39158
      vertex 6.10222 59.1 4.77646
    endloop
  endfacet
  facet normal -0.997858 0 0.0654145
    outer loop
      vertex 6 59.1 4
      vertex 6.02567 61.4 4.39158
      vertex 6 61.4 4
    endloop
  endfacet
  facet normal -0.997858 0 0.0654145
    outer loop
      vertex 6.02567 61.4 4.39158
      vertex 6 59.1 4
      vertex 6.02567 59.1 4.39158
    endloop
  endfacet
  facet normal 0.831485 -0 0.555547
    outer loop
      vertex 11.3801 59.1 5.82628
      vertex 11.5981 61.4 5.5
      vertex 11.3801 61.4 5.82628
    endloop
  endfacet
  facet normal 0.831485 0 0.555547
    outer loop
      vertex 11.5981 61.4 5.5
      vertex 11.3801 59.1 5.82628
      vertex 11.5981 59.1 5.5
    endloop
  endfacet
  facet normal 0.997853 -0 0.0654906
    outer loop
      vertex 11.9743 59.1 4.39158
      vertex 12 61.4 4
      vertex 11.9743 61.4 4.39158
    endloop
  endfacet
  facet normal 0.997853 0 0.0654906
    outer loop
      vertex 12 61.4 4
      vertex 11.9743 59.1 4.39158
      vertex 12 59.1 4
    endloop
  endfacet
  facet normal -0.659341 0 0.751844
    outer loop
      vertex 6.87868 61.4 6.12132
      vertex 7.17372 59.1 6.38006
      vertex 7.17372 61.4 6.38006
    endloop
  endfacet
  facet normal -0.659341 0 0.751844
    outer loop
      vertex 7.17372 59.1 6.38006
      vertex 6.87868 61.4 6.12132
      vertex 6.87868 59.1 6.12132
    endloop
  endfacet
  facet normal -0.946928 0 0.321444
    outer loop
      vertex 6.10222 59.1 4.77646
      vertex 6.22836 61.4 5.14805
      vertex 6.10222 61.4 4.77646
    endloop
  endfacet
  facet normal -0.946928 0 0.321444
    outer loop
      vertex 6.22836 61.4 5.14805
      vertex 6.10222 59.1 4.77646
      vertex 6.22836 59.1 5.14805
    endloop
  endfacet
  facet normal -0.896875 0 0.442283
    outer loop
      vertex 6.22836 59.1 5.14805
      vertex 6.40192 61.4 5.5
      vertex 6.22836 61.4 5.14805
    endloop
  endfacet
  facet normal -0.896875 0 0.442283
    outer loop
      vertex 6.40192 61.4 5.5
      vertex 6.22836 59.1 5.14805
      vertex 6.40192 59.1 5.5
    endloop
  endfacet
  facet normal 0.442233 0 0.8969
    outer loop
      vertex 10.148 61.4 6.77164
      vertex 10.5 59.1 6.59808
      vertex 10.5 61.4 6.59808
    endloop
  endfacet
  facet normal 0.442233 0 0.8969
    outer loop
      vertex 10.5 59.1 6.59808
      vertex 10.148 61.4 6.77164
      vertex 10.148 59.1 6.77164
    endloop
  endfacet
  facet normal 0.321483 0 0.946915
    outer loop
      vertex 9.77646 61.4 6.89778
      vertex 10.148 59.1 6.77164
      vertex 10.148 61.4 6.77164
    endloop
  endfacet
  facet normal 0.321483 0 0.946915
    outer loop
      vertex 10.148 59.1 6.77164
      vertex 9.77646 61.4 6.89778
      vertex 9.77646 59.1 6.89778
    endloop
  endfacet
  facet normal 0.659392 0 0.751799
    outer loop
      vertex 10.8263 61.4 6.38006
      vertex 11.1213 59.1 6.12132
      vertex 11.1213 61.4 6.12132
    endloop
  endfacet
  facet normal 0.659392 0 0.751799
    outer loop
      vertex 11.1213 59.1 6.12132
      vertex 10.8263 61.4 6.38006
      vertex 10.8263 59.1 6.38006
    endloop
  endfacet
  facet normal 0.555558 0 0.831477
    outer loop
      vertex 10.5 61.4 6.59808
      vertex 10.8263 59.1 6.38006
      vertex 10.8263 61.4 6.38006
    endloop
  endfacet
  facet normal 0.555558 0 0.831477
    outer loop
      vertex 10.8263 59.1 6.38006
      vertex 10.5 61.4 6.59808
      vertex 10.5 59.1 6.59808
    endloop
  endfacet
  facet normal -0.0654145 0 0.997858
    outer loop
      vertex 8.60842 61.4 6.97433
      vertex 9 59.1 7
      vertex 9 61.4 7
    endloop
  endfacet
  facet normal -0.0654145 0 0.997858
    outer loop
      vertex 9 59.1 7
      vertex 8.60842 61.4 6.97433
      vertex 8.60842 59.1 6.97433
    endloop
  endfacet
  facet normal -0.195072 0 0.980789
    outer loop
      vertex 8.22354 61.4 6.89778
      vertex 8.60842 59.1 6.97433
      vertex 8.60842 61.4 6.97433
    endloop
  endfacet
  facet normal -0.195072 0 0.980789
    outer loop
      vertex 8.60842 59.1 6.97433
      vertex 8.22354 61.4 6.89778
      vertex 8.22354 59.1 6.89778
    endloop
  endfacet
  facet normal -0.751844 0 0.659341
    outer loop
      vertex 6.61994 59.1 5.82628
      vertex 6.87868 61.4 6.12132
      vertex 6.61994 61.4 5.82628
    endloop
  endfacet
  facet normal -0.751844 0 0.659341
    outer loop
      vertex 6.87868 61.4 6.12132
      vertex 6.61994 59.1 5.82628
      vertex 6.87868 59.1 6.12132
    endloop
  endfacet
  facet normal -0.555582 0 0.831462
    outer loop
      vertex 7.17372 61.4 6.38006
      vertex 7.5 59.1 6.59808
      vertex 7.5 61.4 6.59808
    endloop
  endfacet
  facet normal -0.555582 0 0.831462
    outer loop
      vertex 7.5 59.1 6.59808
      vertex 7.17372 61.4 6.38006
      vertex 7.17372 59.1 6.38006
    endloop
  endfacet
  facet normal -0.321444 0 0.946928
    outer loop
      vertex 7.85195 61.4 6.77164
      vertex 8.22354 59.1 6.89778
      vertex 8.22354 61.4 6.89778
    endloop
  endfacet
  facet normal -0.321444 0 0.946928
    outer loop
      vertex 8.22354 59.1 6.89778
      vertex 7.85195 61.4 6.77164
      vertex 7.85195 59.1 6.77164
    endloop
  endfacet
  facet normal -0.442283 0 0.896875
    outer loop
      vertex 7.5 61.4 6.59808
      vertex 7.85195 59.1 6.77164
      vertex 7.85195 61.4 6.77164
    endloop
  endfacet
  facet normal -0.442283 0 0.896875
    outer loop
      vertex 7.85195 59.1 6.77164
      vertex 7.5 61.4 6.59808
      vertex 7.5 59.1 6.59808
    endloop
  endfacet
  facet normal 0.997853 0 -0.0654873
    outer loop
      vertex 12 59.1 50
      vertex 11.9743 61.4 49.6084
      vertex 12 61.4 50
    endloop
  endfacet
  facet normal 0.997853 0 -0.0654873
    outer loop
      vertex 11.9743 61.4 49.6084
      vertex 12 59.1 50
      vertex 11.9743 59.1 49.6084
    endloop
  endfacet
  facet normal -0.997858 0 0.0654112
    outer loop
      vertex 6 59.1 50
      vertex 6.02567 61.4 50.3916
      vertex 6 61.4 50
    endloop
  endfacet
  facet normal -0.997858 0 0.0654112
    outer loop
      vertex 6.02567 61.4 50.3916
      vertex 6 59.1 50
      vertex 6.02567 59.1 50.3916
    endloop
  endfacet
  facet normal -0.0654906 0 -0.997853
    outer loop
      vertex 8.60842 59.1 47.0257
      vertex 9 61.4 47
      vertex 9 59.1 47
    endloop
  endfacet
  facet normal -0.0654906 0 -0.997853
    outer loop
      vertex 9 61.4 47
      vertex 8.60842 59.1 47.0257
      vertex 8.60842 61.4 47.0257
    endloop
  endfacet
  facet normal 0.0654906 0 0.997853
    outer loop
      vertex 9 61.4 53
      vertex 9.39158 59.1 52.9743
      vertex 9.39158 61.4 52.9743
    endloop
  endfacet
  facet normal 0.0654906 0 0.997853
    outer loop
      vertex 9.39158 59.1 52.9743
      vertex 9 61.4 53
      vertex 9 59.1 53
    endloop
  endfacet
  facet normal 0.659478 0 -0.751724
    outer loop
      vertex 10.8263 59.1 47.6199
      vertex 11.1213 61.4 47.8787
      vertex 11.1213 59.1 47.8787
    endloop
  endfacet
  facet normal 0.659478 0 -0.751724
    outer loop
      vertex 11.1213 61.4 47.8787
      vertex 10.8263 59.1 47.6199
      vertex 10.8263 61.4 47.6199
    endloop
  endfacet
  facet normal -0.751799 0 -0.659392
    outer loop
      vertex 6.87868 59.1 47.8787
      vertex 6.61994 61.4 48.1737
      vertex 6.87868 61.4 47.8787
    endloop
  endfacet
  facet normal -0.751799 -0 -0.659392
    outer loop
      vertex 6.61994 61.4 48.1737
      vertex 6.87868 59.1 47.8787
      vertex 6.61994 59.1 48.1737
    endloop
  endfacet
  facet normal -0.44216 0 -0.896936
    outer loop
      vertex 7.5 59.1 47.4019
      vertex 7.85195 61.4 47.2284
      vertex 7.85195 59.1 47.2284
    endloop
  endfacet
  facet normal -0.44216 0 -0.896936
    outer loop
      vertex 7.85195 61.4 47.2284
      vertex 7.5 59.1 47.4019
      vertex 7.5 61.4 47.4019
    endloop
  endfacet
  facet normal 0.946858 -0 0.321651
    outer loop
      vertex 11.7716 59.1 51.148
      vertex 11.8978 61.4 50.7765
      vertex 11.7716 61.4 51.148
    endloop
  endfacet
  facet normal 0.946858 0 0.321651
    outer loop
      vertex 11.8978 61.4 50.7765
      vertex 11.7716 59.1 51.148
      vertex 11.8978 59.1 50.7765
    endloop
  endfacet
  facet normal 0.896961 0 -0.44211
    outer loop
      vertex 11.7716 59.1 48.852
      vertex 11.5981 61.4 48.5
      vertex 11.7716 61.4 48.852
    endloop
  endfacet
  facet normal 0.896961 0 -0.44211
    outer loop
      vertex 11.5981 61.4 48.5
      vertex 11.7716 59.1 48.852
      vertex 11.5981 59.1 48.5
    endloop
  endfacet
  facet normal 0.980815 0 -0.19494
    outer loop
      vertex 11.9743 59.1 49.6084
      vertex 11.8978 61.4 49.2235
      vertex 11.9743 61.4 49.6084
    endloop
  endfacet
  facet normal 0.980815 0 -0.19494
    outer loop
      vertex 11.8978 61.4 49.2235
      vertex 11.9743 59.1 49.6084
      vertex 11.8978 59.1 49.2235
    endloop
  endfacet
  facet normal 0.32162 0 -0.946869
    outer loop
      vertex 9.77646 59.1 47.1022
      vertex 10.148 61.4 47.2284
      vertex 10.148 59.1 47.2284
    endloop
  endfacet
  facet normal 0.32162 0 -0.946869
    outer loop
      vertex 10.148 61.4 47.2284
      vertex 9.77646 59.1 47.1022
      vertex 9.77646 61.4 47.1022
    endloop
  endfacet
  facet normal 0.19495 0 -0.980813
    outer loop
      vertex 9.39158 59.1 47.0257
      vertex 9.77646 61.4 47.1022
      vertex 9.77646 59.1 47.1022
    endloop
  endfacet
  facet normal 0.19495 0 -0.980813
    outer loop
      vertex 9.77646 61.4 47.1022
      vertex 9.39158 59.1 47.0257
      vertex 9.39158 61.4 47.0257
    endloop
  endfacet
  facet normal 0.555523 0 -0.831501
    outer loop
      vertex 10.5 59.1 47.4019
      vertex 10.8263 61.4 47.6199
      vertex 10.8263 59.1 47.6199
    endloop
  endfacet
  facet normal 0.555523 0 -0.831501
    outer loop
      vertex 10.8263 61.4 47.6199
      vertex 10.5 59.1 47.4019
      vertex 10.5 61.4 47.4019
    endloop
  endfacet
  facet normal -0.946905 0 -0.321514
    outer loop
      vertex 6.22836 59.1 48.852
      vertex 6.10222 61.4 49.2235
      vertex 6.22836 61.4 48.852
    endloop
  endfacet
  facet normal -0.946905 -0 -0.321514
    outer loop
      vertex 6.10222 61.4 49.2235
      vertex 6.22836 59.1 48.852
      vertex 6.10222 59.1 49.2235
    endloop
  endfacet
  facet normal -0.831477 0 -0.555558
    outer loop
      vertex 6.61994 59.1 48.1737
      vertex 6.40192 61.4 48.5
      vertex 6.61994 61.4 48.1737
    endloop
  endfacet
  facet normal -0.831477 -0 -0.555558
    outer loop
      vertex 6.40192 61.4 48.5
      vertex 6.61994 59.1 48.1737
      vertex 6.40192 59.1 48.5
    endloop
  endfacet
  facet normal -0.980791 0 -0.195062
    outer loop
      vertex 6.10222 59.1 49.2235
      vertex 6.02567 61.4 49.6084
      vertex 6.10222 61.4 49.2235
    endloop
  endfacet
  facet normal -0.980791 -0 -0.195062
    outer loop
      vertex 6.02567 61.4 49.6084
      vertex 6.10222 59.1 49.2235
      vertex 6.02567 59.1 49.6084
    endloop
  endfacet
  facet normal -0.19495 0 -0.980813
    outer loop
      vertex 8.22354 59.1 47.1022
      vertex 8.60842 61.4 47.0257
      vertex 8.60842 59.1 47.0257
    endloop
  endfacet
  facet normal -0.19495 0 -0.980813
    outer loop
      vertex 8.60842 61.4 47.0257
      vertex 8.22354 59.1 47.1022
      vertex 8.22354 61.4 47.1022
    endloop
  endfacet
  facet normal -0.831477 0 0.555558
    outer loop
      vertex 6.40192 59.1 51.5
      vertex 6.61994 61.4 51.8263
      vertex 6.40192 61.4 51.5
    endloop
  endfacet
  facet normal -0.831477 0 0.555558
    outer loop
      vertex 6.61994 61.4 51.8263
      vertex 6.40192 59.1 51.5
      vertex 6.61994 59.1 51.8263
    endloop
  endfacet
  facet normal 0.44211 0 0.896961
    outer loop
      vertex 10.148 61.4 52.7716
      vertex 10.5 59.1 52.5981
      vertex 10.5 61.4 52.5981
    endloop
  endfacet
  facet normal 0.44211 0 0.896961
    outer loop
      vertex 10.5 59.1 52.5981
      vertex 10.148 61.4 52.7716
      vertex 10.148 59.1 52.7716
    endloop
  endfacet
  facet normal 0.946858 0 -0.321651
    outer loop
      vertex 11.8978 59.1 49.2235
      vertex 11.7716 61.4 48.852
      vertex 11.8978 61.4 49.2235
    endloop
  endfacet
  facet normal 0.946858 0 -0.321651
    outer loop
      vertex 11.7716 61.4 48.852
      vertex 11.8978 59.1 49.2235
      vertex 11.7716 59.1 48.852
    endloop
  endfacet
  facet normal 0.751724 0 -0.659478
    outer loop
      vertex 11.3801 59.1 48.1737
      vertex 11.1213 61.4 47.8787
      vertex 11.3801 61.4 48.1737
    endloop
  endfacet
  facet normal 0.751724 0 -0.659478
    outer loop
      vertex 11.1213 61.4 47.8787
      vertex 11.3801 59.1 48.1737
      vertex 11.1213 59.1 47.8787
    endloop
  endfacet
  facet normal 0.831501 0 -0.555523
    outer loop
      vertex 11.5981 59.1 48.5
      vertex 11.3801 61.4 48.1737
      vertex 11.5981 61.4 48.5
    endloop
  endfacet
  facet normal 0.831501 0 -0.555523
    outer loop
      vertex 11.3801 61.4 48.1737
      vertex 11.5981 59.1 48.5
      vertex 11.3801 59.1 48.1737
    endloop
  endfacet
  facet normal 0.0654906 0 -0.997853
    outer loop
      vertex 9 59.1 47
      vertex 9.39158 61.4 47.0257
      vertex 9.39158 59.1 47.0257
    endloop
  endfacet
  facet normal 0.0654906 0 -0.997853
    outer loop
      vertex 9.39158 61.4 47.0257
      vertex 9 59.1 47
      vertex 9 61.4 47
    endloop
  endfacet
  facet normal 0.44211 0 -0.896961
    outer loop
      vertex 10.148 59.1 47.2284
      vertex 10.5 61.4 47.4019
      vertex 10.5 59.1 47.4019
    endloop
  endfacet
  facet normal 0.44211 0 -0.896961
    outer loop
      vertex 10.5 61.4 47.4019
      vertex 10.148 59.1 47.2284
      vertex 10.148 61.4 47.2284
    endloop
  endfacet
  facet normal 0 -1 0
    outer loop
      vertex 9 59.1 50.85
      vertex 9 59.1 53
      vertex 8.60842 59.1 52.9743
    endloop
  endfacet
  facet normal 0 -1 0
    outer loop
      vertex 8.88905 59.1 50.8427
      vertex 8.60842 59.1 52.9743
      vertex 8.22354 59.1 52.8978
    endloop
  endfacet
  facet normal 0 -1 0
    outer loop
      vertex 9 59.1 53
      vertex 9 59.1 50.85
      vertex 9.39158 59.1 52.9743
    endloop
  endfacet
  facet normal 0 -1 0
    outer loop
      vertex 8.78 59.1 50.821
      vertex 8.22354 59.1 52.8978
      vertex 7.85195 59.1 52.7716
    endloop
  endfacet
  facet normal 0 -1 0
    outer loop
      vertex 9.11095 59.1 50.8427
      vertex 9.39158 59.1 52.9743
      vertex 9 59.1 50.85
    endloop
  endfacet
  facet normal 0 -1 0
    outer loop
      vertex 8.67472 59.1 50.7853
      vertex 7.85195 59.1 52.7716
      vertex 7.5 59.1 52.5981
    endloop
  endfacet
  facet normal 0 -1 -0
    outer loop
      vertex 9.39158 59.1 52.9743
      vertex 9.11095 59.1 50.8427
      vertex 9.77646 59.1 52.8978
    endloop
  endfacet
  facet normal 0 -1 0
    outer loop
      vertex 8.575 59.1 50.7361
      vertex 7.5 59.1 52.5981
      vertex 7.17372 59.1 52.3801
    endloop
  endfacet
  facet normal 0 -1 0
    outer loop
      vertex 9.22 59.1 50.821
      vertex 9.77646 59.1 52.8978
      vertex 9.11095 59.1 50.8427
    endloop
  endfacet
  facet normal 0 -1 0
    outer loop
      vertex 8.48255 59.1 50.6744
      vertex 7.17372 59.1 52.3801
      vertex 6.87868 59.1 52.1213
    endloop
  endfacet
  facet normal 0 -1 -0
    outer loop
      vertex 9.77646 59.1 52.8978
      vertex 9.22 59.1 50.821
      vertex 10.148 59.1 52.7716
    endloop
  endfacet
  facet normal 0 -1 0
    outer loop
      vertex 8.39896 59.1 50.601
      vertex 6.87868 59.1 52.1213
      vertex 6.61994 59.1 51.8263
    endloop
  endfacet
  facet normal 0 -1 0
    outer loop
      vertex 9.32528 59.1 50.7853
      vertex 10.148 59.1 52.7716
      vertex 9.22 59.1 50.821
    endloop
  endfacet
  facet normal 0 -1 0
    outer loop
      vertex 8.32565 59.1 50.5174
      vertex 6.61994 59.1 51.8263
      vertex 6.40192 59.1 51.5
    endloop
  endfacet
  facet normal 0 -1 -0
    outer loop
      vertex 10.148 59.1 52.7716
      vertex 9.32528 59.1 50.7853
      vertex 10.5 59.1 52.5981
    endloop
  endfacet
  facet normal 0 -1 0
    outer loop
      vertex 8.26388 59.1 50.425
      vertex 6.40192 59.1 51.5
      vertex 6.22836 59.1 51.148
    endloop
  endfacet
  facet normal 0 -1 0
    outer loop
      vertex 9.425 59.1 50.7361
      vertex 10.5 59.1 52.5981
      vertex 9.32528 59.1 50.7853
    endloop
  endfacet
  facet normal 0 -1 -0
    outer loop
      vertex 10.5 59.1 52.5981
      vertex 9.425 59.1 50.7361
      vertex 10.8263 59.1 52.3801
    endloop
  endfacet
  facet normal 0 -1 0
    outer loop
      vertex 8.60842 59.1 52.9743
      vertex 8.88905 59.1 50.8427
      vertex 9 59.1 50.85
    endloop
  endfacet
  facet normal 0 -1 0
    outer loop
      vertex 8.22354 59.1 52.8978
      vertex 8.78 59.1 50.821
      vertex 8.88905 59.1 50.8427
    endloop
  endfacet
  facet normal 0 -1 0
    outer loop
      vertex 7.85195 59.1 52.7716
      vertex 8.67472 59.1 50.7853
      vertex 8.78 59.1 50.821
    endloop
  endfacet
  facet normal 0 -1 0
    outer loop
      vertex 8.2147 59.1 50.3253
      vertex 6.22836 59.1 51.148
      vertex 6.10222 59.1 50.7765
    endloop
  endfacet
  facet normal 0 -1 0
    outer loop
      vertex 7.5 59.1 52.5981
      vertex 8.575 59.1 50.7361
      vertex 8.67472 59.1 50.7853
    endloop
  endfacet
  facet normal 0 -1 0
    outer loop
      vertex 7.17372 59.1 52.3801
      vertex 8.48255 59.1 50.6744
      vertex 8.575 59.1 50.7361
    endloop
  endfacet
  facet normal 0 -1 0
    outer loop
      vertex 6.87868 59.1 52.1213
      vertex 8.39896 59.1 50.601
      vertex 8.48255 59.1 50.6744
    endloop
  endfacet
  facet normal 0 -1 0
    outer loop
      vertex 6.61994 59.1 51.8263
      vertex 8.32565 59.1 50.5174
      vertex 8.39896 59.1 50.601
    endloop
  endfacet
  facet normal 0 -1 0
    outer loop
      vertex 6.40192 59.1 51.5
      vertex 8.26388 59.1 50.425
      vertex 8.32565 59.1 50.5174
    endloop
  endfacet
  facet normal 0 -1 0
    outer loop
      vertex 8.17896 59.1 50.22
      vertex 6.10222 59.1 50.7765
      vertex 6.02567 59.1 50.3916
    endloop
  endfacet
  facet normal 0 -1 0
    outer loop
      vertex 6.22836 59.1 51.148
      vertex 8.2147 59.1 50.3253
      vertex 8.26388 59.1 50.425
    endloop
  endfacet
  facet normal 0 -1 0
    outer loop
      vertex 6.10222 59.1 50.7765
      vertex 8.17896 59.1 50.22
      vertex 8.2147 59.1 50.3253
    endloop
  endfacet
  facet normal 0 -1 0
    outer loop
      vertex 6.02567 59.1 50.3916
      vertex 8.15727 59.1 50.1109
      vertex 8.17896 59.1 50.22
    endloop
  endfacet
  facet normal 0 -1 0
    outer loop
      vertex 6 59.1 50
      vertex 8.15727 59.1 50.1109
      vertex 6.02567 59.1 50.3916
    endloop
  endfacet
  facet normal 0 -1 0
    outer loop
      vertex 6 59.1 50
      vertex 8.15 59.1 50
      vertex 8.15727 59.1 50.1109
    endloop
  endfacet
  facet normal 0 -1 0
    outer loop
      vertex 6 59.1 50
      vertex 8.15727 59.1 49.8891
      vertex 8.15 59.1 50
    endloop
  endfacet
  facet normal 0 -1 0
    outer loop
      vertex 6.02567 59.1 49.6084
      vertex 8.15727 59.1 49.8891
      vertex 6 59.1 50
    endloop
  endfacet
  facet normal 0 -1 -0
    outer loop
      vertex 8.15727 59.1 49.8891
      vertex 6.02567 59.1 49.6084
      vertex 8.17896 59.1 49.78
    endloop
  endfacet
  facet normal 0 -1 0
    outer loop
      vertex 6.10222 59.1 49.2235
      vertex 8.17896 59.1 49.78
      vertex 6.02567 59.1 49.6084
    endloop
  endfacet
  facet normal 0 -1 -0
    outer loop
      vertex 8.17896 59.1 49.78
      vertex 6.10222 59.1 49.2235
      vertex 8.2147 59.1 49.6747
    endloop
  endfacet
  facet normal 0 -1 0
    outer loop
      vertex 6.22836 59.1 48.852
      vertex 8.2147 59.1 49.6747
      vertex 6.10222 59.1 49.2235
    endloop
  endfacet
  facet normal 0 -1 -0
    outer loop
      vertex 8.2147 59.1 49.6747
      vertex 6.22836 59.1 48.852
      vertex 8.26388 59.1 49.575
    endloop
  endfacet
  facet normal 0 -1 0
    outer loop
      vertex 6.40192 59.1 48.5
      vertex 8.26388 59.1 49.575
      vertex 6.22836 59.1 48.852
    endloop
  endfacet
  facet normal 0 -1 -0
    outer loop
      vertex 8.26388 59.1 49.575
      vertex 6.40192 59.1 48.5
      vertex 8.32565 59.1 49.4826
    endloop
  endfacet
  facet normal 0 -1 0
    outer loop
      vertex 6.61994 59.1 48.1737
      vertex 8.32565 59.1 49.4826
      vertex 6.40192 59.1 48.5
    endloop
  endfacet
  facet normal 0 -1 -0
    outer loop
      vertex 8.32565 59.1 49.4826
      vertex 6.61994 59.1 48.1737
      vertex 8.39896 59.1 49.399
    endloop
  endfacet
  facet normal 0 -1 0
    outer loop
      vertex 6.87868 59.1 47.8787
      vertex 8.39896 59.1 49.399
      vertex 6.61994 59.1 48.1737
    endloop
  endfacet
  facet normal 0 -1 -0
    outer loop
      vertex 8.39896 59.1 49.399
      vertex 6.87868 59.1 47.8787
      vertex 8.48255 59.1 49.3256
    endloop
  endfacet
  facet normal 0 -1 0
    outer loop
      vertex 7.17372 59.1 47.6199
      vertex 8.48255 59.1 49.3256
      vertex 6.87868 59.1 47.8787
    endloop
  endfacet
  facet normal 0 -1 -0
    outer loop
      vertex 8.48255 59.1 49.3256
      vertex 7.17372 59.1 47.6199
      vertex 8.575 59.1 49.2639
    endloop
  endfacet
  facet normal 0 -1 0
    outer loop
      vertex 9.51745 59.1 50.6744
      vertex 10.8263 59.1 52.3801
      vertex 9.425 59.1 50.7361
    endloop
  endfacet
  facet normal 0 -1 -0
    outer loop
      vertex 10.8263 59.1 52.3801
      vertex 9.51745 59.1 50.6744
      vertex 11.1213 59.1 52.1213
    endloop
  endfacet
  facet normal 0 -1 0
    outer loop
      vertex 9.60104 59.1 50.601
      vertex 11.1213 59.1 52.1213
      vertex 9.51745 59.1 50.6744
    endloop
  endfacet
  facet normal 0 -1 -0
    outer loop
      vertex 11.1213 59.1 52.1213
      vertex 9.60104 59.1 50.601
      vertex 11.3801 59.1 51.8263
    endloop
  endfacet
  facet normal 0 -1 0
    outer loop
      vertex 9.67435 59.1 50.5174
      vertex 11.3801 59.1 51.8263
      vertex 9.60104 59.1 50.601
    endloop
  endfacet
  facet normal 0 -1 -0
    outer loop
      vertex 11.3801 59.1 51.8263
      vertex 9.67435 59.1 50.5174
      vertex 11.5981 59.1 51.5
    endloop
  endfacet
  facet normal 0 -1 0
    outer loop
      vertex 9.73612 59.1 50.425
      vertex 11.5981 59.1 51.5
      vertex 9.67435 59.1 50.5174
    endloop
  endfacet
  facet normal 0 -1 -0
    outer loop
      vertex 11.5981 59.1 51.5
      vertex 9.73612 59.1 50.425
      vertex 11.7716 59.1 51.148
    endloop
  endfacet
  facet normal 0 -1 0
    outer loop
      vertex 9.7853 59.1 50.3253
      vertex 11.7716 59.1 51.148
      vertex 9.73612 59.1 50.425
    endloop
  endfacet
  facet normal 0 -1 -0
    outer loop
      vertex 11.7716 59.1 51.148
      vertex 9.7853 59.1 50.3253
      vertex 11.8978 59.1 50.7765
    endloop
  endfacet
  facet normal 0 -1 0
    outer loop
      vertex 9.82104 59.1 50.22
      vertex 11.8978 59.1 50.7765
      vertex 9.7853 59.1 50.3253
    endloop
  endfacet
  facet normal 0 -1 -0
    outer loop
      vertex 11.8978 59.1 50.7765
      vertex 9.82104 59.1 50.22
      vertex 11.9743 59.1 50.3916
    endloop
  endfacet
  facet normal 0 -1 0
    outer loop
      vertex 9.84273 59.1 50.1109
      vertex 11.9743 59.1 50.3916
      vertex 9.82104 59.1 50.22
    endloop
  endfacet
  facet normal 0 -1 0
    outer loop
      vertex 9.85 59.1 50
      vertex 11.9743 59.1 50.3916
      vertex 9.84273 59.1 50.1109
    endloop
  endfacet
  facet normal 0 -1 0
    outer loop
      vertex 9.85 59.1 50
      vertex 12 59.1 50
      vertex 11.9743 59.1 50.3916
    endloop
  endfacet
  facet normal 0 -1 0
    outer loop
      vertex 9.84273 59.1 49.8891
      vertex 12 59.1 50
      vertex 9.85 59.1 50
    endloop
  endfacet
  facet normal 0 -1 0
    outer loop
      vertex 11.9743 59.1 49.6084
      vertex 9.84273 59.1 49.8891
      vertex 9.82104 59.1 49.78
    endloop
  endfacet
  facet normal 0 -1 0
    outer loop
      vertex 11.8978 59.1 49.2235
      vertex 9.82104 59.1 49.78
      vertex 9.7853 59.1 49.6747
    endloop
  endfacet
  facet normal 0 -1 0
    outer loop
      vertex 9.84273 59.1 49.8891
      vertex 11.9743 59.1 49.6084
      vertex 12 59.1 50
    endloop
  endfacet
  facet normal 0 -1 0
    outer loop
      vertex 11.7716 59.1 48.852
      vertex 9.7853 59.1 49.6747
      vertex 9.73612 59.1 49.575
    endloop
  endfacet
  facet normal 0 -1 0
    outer loop
      vertex 11.5981 59.1 48.5
      vertex 9.73612 59.1 49.575
      vertex 9.67435 59.1 49.4826
    endloop
  endfacet
  facet normal 0 -1 0
    outer loop
      vertex 11.3801 59.1 48.1737
      vertex 9.67435 59.1 49.4826
      vertex 9.60104 59.1 49.399
    endloop
  endfacet
  facet normal 0 -1 0
    outer loop
      vertex 11.1213 59.1 47.8787
      vertex 9.60104 59.1 49.399
      vertex 9.51745 59.1 49.3256
    endloop
  endfacet
  facet normal 0 -1 0
    outer loop
      vertex 10.8263 59.1 47.6199
      vertex 9.51745 59.1 49.3256
      vertex 9.425 59.1 49.2639
    endloop
  endfacet
  facet normal 0 -1 0
    outer loop
      vertex 9.82104 59.1 49.78
      vertex 11.8978 59.1 49.2235
      vertex 11.9743 59.1 49.6084
    endloop
  endfacet
  facet normal 0 -1 0
    outer loop
      vertex 10.5 59.1 47.4019
      vertex 9.425 59.1 49.2639
      vertex 9.32528 59.1 49.2147
    endloop
  endfacet
  facet normal 0 -1 0
    outer loop
      vertex 10.148 59.1 47.2284
      vertex 9.32528 59.1 49.2147
      vertex 9.22 59.1 49.179
    endloop
  endfacet
  facet normal 0 -1 0
    outer loop
      vertex 9.77646 59.1 47.1022
      vertex 9.22 59.1 49.179
      vertex 9.11095 59.1 49.1573
    endloop
  endfacet
  facet normal 0 -1 0
    outer loop
      vertex 9.39158 59.1 47.0257
      vertex 9.11095 59.1 49.1573
      vertex 9 59.1 49.15
    endloop
  endfacet
  facet normal 0 -1 0
    outer loop
      vertex 7.5 59.1 47.4019
      vertex 8.575 59.1 49.2639
      vertex 7.17372 59.1 47.6199
    endloop
  endfacet
  facet normal 0 -1 0
    outer loop
      vertex 9.7853 59.1 49.6747
      vertex 11.7716 59.1 48.852
      vertex 11.8978 59.1 49.2235
    endloop
  endfacet
  facet normal 0 -1 -0
    outer loop
      vertex 8.575 59.1 49.2639
      vertex 7.5 59.1 47.4019
      vertex 8.67472 59.1 49.2147
    endloop
  endfacet
  facet normal 0 -1 0
    outer loop
      vertex 9.73612 59.1 49.575
      vertex 11.5981 59.1 48.5
      vertex 11.7716 59.1 48.852
    endloop
  endfacet
  facet normal 0 -1 0
    outer loop
      vertex 7.85195 59.1 47.2284
      vertex 8.67472 59.1 49.2147
      vertex 7.5 59.1 47.4019
    endloop
  endfacet
  facet normal 0 -1 0
    outer loop
      vertex 9.67435 59.1 49.4826
      vertex 11.3801 59.1 48.1737
      vertex 11.5981 59.1 48.5
    endloop
  endfacet
  facet normal 0 -1 -0
    outer loop
      vertex 8.67472 59.1 49.2147
      vertex 7.85195 59.1 47.2284
      vertex 8.78 59.1 49.179
    endloop
  endfacet
  facet normal 0 -1 0
    outer loop
      vertex 9.60104 59.1 49.399
      vertex 11.1213 59.1 47.8787
      vertex 11.3801 59.1 48.1737
    endloop
  endfacet
  facet normal 0 -1 0
    outer loop
      vertex 8.22354 59.1 47.1022
      vertex 8.78 59.1 49.179
      vertex 7.85195 59.1 47.2284
    endloop
  endfacet
  facet normal 0 -1 0
    outer loop
      vertex 9.51745 59.1 49.3256
      vertex 10.8263 59.1 47.6199
      vertex 11.1213 59.1 47.8787
    endloop
  endfacet
  facet normal 0 -1 -0
    outer loop
      vertex 8.78 59.1 49.179
      vertex 8.22354 59.1 47.1022
      vertex 8.88905 59.1 49.1573
    endloop
  endfacet
  facet normal 0 -1 0
    outer loop
      vertex 9.425 59.1 49.2639
      vertex 10.5 59.1 47.4019
      vertex 10.8263 59.1 47.6199
    endloop
  endfacet
  facet normal 0 -1 0
    outer loop
      vertex 8.60842 59.1 47.0257
      vertex 8.88905 59.1 49.1573
      vertex 8.22354 59.1 47.1022
    endloop
  endfacet
  facet normal 0 -1 0
    outer loop
      vertex 9.32528 59.1 49.2147
      vertex 10.148 59.1 47.2284
      vertex 10.5 59.1 47.4019
    endloop
  endfacet
  facet normal 0 -1 -0
    outer loop
      vertex 8.88905 59.1 49.1573
      vertex 8.60842 59.1 47.0257
      vertex 9 59.1 49.15
    endloop
  endfacet
  facet normal 0 -1 0
    outer loop
      vertex 9.22 59.1 49.179
      vertex 9.77646 59.1 47.1022
      vertex 10.148 59.1 47.2284
    endloop
  endfacet
  facet normal 0 -1 0
    outer loop
      vertex 9 59.1 47
      vertex 9 59.1 49.15
      vertex 8.60842 59.1 47.0257
    endloop
  endfacet
  facet normal 0 -1 0
    outer loop
      vertex 9.11095 59.1 49.1573
      vertex 9.39158 59.1 47.0257
      vertex 9.77646 59.1 47.1022
    endloop
  endfacet
  facet normal 0 -1 0
    outer loop
      vertex 9 59.1 49.15
      vertex 9 59.1 47
      vertex 9.39158 59.1 47.0257
    endloop
  endfacet
  facet normal -0.8969 0 -0.442233
    outer loop
      vertex 6.40192 59.1 48.5
      vertex 6.22836 61.4 48.852
      vertex 6.40192 61.4 48.5
    endloop
  endfacet
  facet normal -0.8969 -0 -0.442233
    outer loop
      vertex 6.22836 61.4 48.852
      vertex 6.40192 59.1 48.5
      vertex 6.22836 59.1 48.852
    endloop
  endfacet
  facet normal -0.997858 0 -0.0654112
    outer loop
      vertex 6.02567 59.1 49.6084
      vertex 6 61.4 50
      vertex 6.02567 61.4 49.6084
    endloop
  endfacet
  facet normal -0.997858 -0 -0.0654112
    outer loop
      vertex 6 61.4 50
      vertex 6.02567 59.1 49.6084
      vertex 6 59.1 50
    endloop
  endfacet
  facet normal -0.555547 0 -0.831485
    outer loop
      vertex 7.17372 59.1 47.6199
      vertex 7.5 61.4 47.4019
      vertex 7.5 59.1 47.4019
    endloop
  endfacet
  facet normal -0.555547 0 -0.831485
    outer loop
      vertex 7.5 61.4 47.4019
      vertex 7.17372 59.1 47.6199
      vertex 7.17372 61.4 47.6199
    endloop
  endfacet
  facet normal -0.659428 0 -0.751768
    outer loop
      vertex 6.87868 59.1 47.8787
      vertex 7.17372 61.4 47.6199
      vertex 7.17372 59.1 47.6199
    endloop
  endfacet
  facet normal -0.659428 0 -0.751768
    outer loop
      vertex 7.17372 61.4 47.6199
      vertex 6.87868 59.1 47.8787
      vertex 6.87868 61.4 47.8787
    endloop
  endfacet
  facet normal -0.321582 0 -0.946882
    outer loop
      vertex 7.85195 59.1 47.2284
      vertex 8.22354 61.4 47.1022
      vertex 8.22354 59.1 47.1022
    endloop
  endfacet
  facet normal -0.321582 0 -0.946882
    outer loop
      vertex 8.22354 61.4 47.1022
      vertex 7.85195 59.1 47.2284
      vertex 7.85195 61.4 47.2284
    endloop
  endfacet
  facet normal 0.997853 -0 0.0654873
    outer loop
      vertex 11.9743 59.1 50.3916
      vertex 12 61.4 50
      vertex 11.9743 61.4 50.3916
    endloop
  endfacet
  facet normal 0.997853 0 0.0654873
    outer loop
      vertex 12 61.4 50
      vertex 11.9743 59.1 50.3916
      vertex 12 59.1 50
    endloop
  endfacet
  facet normal 0.751724 -0 0.659478
    outer loop
      vertex 11.1213 59.1 52.1213
      vertex 11.3801 61.4 51.8263
      vertex 11.1213 61.4 52.1213
    endloop
  endfacet
  facet normal 0.751724 0 0.659478
    outer loop
      vertex 11.3801 61.4 51.8263
      vertex 11.1213 59.1 52.1213
      vertex 11.3801 59.1 51.8263
    endloop
  endfacet
  facet normal 0.896961 -0 0.44211
    outer loop
      vertex 11.5981 59.1 51.5
      vertex 11.7716 61.4 51.148
      vertex 11.5981 61.4 51.5
    endloop
  endfacet
  facet normal 0.896961 0 0.44211
    outer loop
      vertex 11.7716 61.4 51.148
      vertex 11.5981 59.1 51.5
      vertex 11.7716 59.1 51.148
    endloop
  endfacet
  facet normal 0.980815 -0 0.19494
    outer loop
      vertex 11.8978 59.1 50.7765
      vertex 11.9743 61.4 50.3916
      vertex 11.8978 61.4 50.7765
    endloop
  endfacet
  facet normal 0.980815 0 0.19494
    outer loop
      vertex 11.9743 61.4 50.3916
      vertex 11.8978 59.1 50.7765
      vertex 11.9743 59.1 50.3916
    endloop
  endfacet
  facet normal 0.831501 -0 0.555523
    outer loop
      vertex 11.3801 59.1 51.8263
      vertex 11.5981 61.4 51.5
      vertex 11.3801 61.4 51.8263
    endloop
  endfacet
  facet normal 0.831501 0 0.555523
    outer loop
      vertex 11.5981 61.4 51.5
      vertex 11.3801 59.1 51.8263
      vertex 11.5981 59.1 51.5
    endloop
  endfacet
  facet normal -0.659428 0 0.751768
    outer loop
      vertex 6.87868 61.4 52.1213
      vertex 7.17372 59.1 52.3801
      vertex 7.17372 61.4 52.3801
    endloop
  endfacet
  facet normal -0.659428 0 0.751768
    outer loop
      vertex 7.17372 59.1 52.3801
      vertex 6.87868 61.4 52.1213
      vertex 6.87868 59.1 52.1213
    endloop
  endfacet
  facet normal -0.946905 0 0.321514
    outer loop
      vertex 6.10222 59.1 50.7765
      vertex 6.22836 61.4 51.148
      vertex 6.10222 61.4 50.7765
    endloop
  endfacet
  facet normal -0.946905 0 0.321514
    outer loop
      vertex 6.22836 61.4 51.148
      vertex 6.10222 59.1 50.7765
      vertex 6.22836 59.1 51.148
    endloop
  endfacet
  facet normal -0.980791 0 0.195062
    outer loop
      vertex 6.02567 59.1 50.3916
      vertex 6.10222 61.4 50.7765
      vertex 6.02567 61.4 50.3916
    endloop
  endfacet
  facet normal -0.980791 0 0.195062
    outer loop
      vertex 6.10222 61.4 50.7765
      vertex 6.02567 59.1 50.3916
      vertex 6.10222 59.1 50.7765
    endloop
  endfacet
  facet normal -0.8969 0 0.442233
    outer loop
      vertex 6.22836 59.1 51.148
      vertex 6.40192 61.4 51.5
      vertex 6.22836 61.4 51.148
    endloop
  endfacet
  facet normal -0.8969 0 0.442233
    outer loop
      vertex 6.40192 61.4 51.5
      vertex 6.22836 59.1 51.148
      vertex 6.40192 59.1 51.5
    endloop
  endfacet
  facet normal 0.32162 0 0.946869
    outer loop
      vertex 9.77646 61.4 52.8978
      vertex 10.148 59.1 52.7716
      vertex 10.148 61.4 52.7716
    endloop
  endfacet
  facet normal 0.32162 0 0.946869
    outer loop
      vertex 10.148 59.1 52.7716
      vertex 9.77646 61.4 52.8978
      vertex 9.77646 59.1 52.8978
    endloop
  endfacet
  facet normal 0.19495 0 0.980813
    outer loop
      vertex 9.39158 61.4 52.9743
      vertex 9.77646 59.1 52.8978
      vertex 9.77646 61.4 52.8978
    endloop
  endfacet
  facet normal 0.19495 0 0.980813
    outer loop
      vertex 9.77646 59.1 52.8978
      vertex 9.39158 61.4 52.9743
      vertex 9.39158 59.1 52.9743
    endloop
  endfacet
  facet normal 0.659478 0 0.751724
    outer loop
      vertex 10.8263 61.4 52.3801
      vertex 11.1213 59.1 52.1213
      vertex 11.1213 61.4 52.1213
    endloop
  endfacet
  facet normal 0.659478 0 0.751724
    outer loop
      vertex 11.1213 59.1 52.1213
      vertex 10.8263 61.4 52.3801
      vertex 10.8263 59.1 52.3801
    endloop
  endfacet
  facet normal 0.555523 0 0.831501
    outer loop
      vertex 10.5 61.4 52.5981
      vertex 10.8263 59.1 52.3801
      vertex 10.8263 61.4 52.3801
    endloop
  endfacet
  facet normal 0.555523 0 0.831501
    outer loop
      vertex 10.8263 59.1 52.3801
      vertex 10.5 61.4 52.5981
      vertex 10.5 59.1 52.5981
    endloop
  endfacet
  facet normal -0.0654906 0 0.997853
    outer loop
      vertex 8.60842 61.4 52.9743
      vertex 9 59.1 53
      vertex 9 61.4 53
    endloop
  endfacet
  facet normal -0.0654906 0 0.997853
    outer loop
      vertex 9 59.1 53
      vertex 8.60842 61.4 52.9743
      vertex 8.60842 59.1 52.9743
    endloop
  endfacet
  facet normal -0.19495 0 0.980813
    outer loop
      vertex 8.22354 61.4 52.8978
      vertex 8.60842 59.1 52.9743
      vertex 8.60842 61.4 52.9743
    endloop
  endfacet
  facet normal -0.19495 0 0.980813
    outer loop
      vertex 8.60842 59.1 52.9743
      vertex 8.22354 61.4 52.8978
      vertex 8.22354 59.1 52.8978
    endloop
  endfacet
  facet normal -0.751799 0 0.659392
    outer loop
      vertex 6.61994 59.1 51.8263
      vertex 6.87868 61.4 52.1213
      vertex 6.61994 61.4 51.8263
    endloop
  endfacet
  facet normal -0.751799 0 0.659392
    outer loop
      vertex 6.87868 61.4 52.1213
      vertex 6.61994 59.1 51.8263
      vertex 6.87868 59.1 52.1213
    endloop
  endfacet
  facet normal -0.555547 0 0.831485
    outer loop
      vertex 7.17372 61.4 52.3801
      vertex 7.5 59.1 52.5981
      vertex 7.5 61.4 52.5981
    endloop
  endfacet
  facet normal -0.555547 0 0.831485
    outer loop
      vertex 7.5 59.1 52.5981
      vertex 7.17372 61.4 52.3801
      vertex 7.17372 59.1 52.3801
    endloop
  endfacet
  facet normal -0.321582 0 0.946882
    outer loop
      vertex 7.85195 61.4 52.7716
      vertex 8.22354 59.1 52.8978
      vertex 8.22354 61.4 52.8978
    endloop
  endfacet
  facet normal -0.321582 0 0.946882
    outer loop
      vertex 8.22354 59.1 52.8978
      vertex 7.85195 61.4 52.7716
      vertex 7.85195 59.1 52.7716
    endloop
  endfacet
  facet normal -0.44216 0 0.896936
    outer loop
      vertex 7.5 61.4 52.5981
      vertex 7.85195 59.1 52.7716
      vertex 7.85195 61.4 52.7716
    endloop
  endfacet
  facet normal -0.44216 0 0.896936
    outer loop
      vertex 7.85195 59.1 52.7716
      vertex 7.5 61.4 52.5981
      vertex 7.5 59.1 52.5981
    endloop
  endfacet
  facet normal -0.980813 0 -0.19495
    outer loop
      vertex 74.1022 59.1 3.22354
      vertex 74.0257 61.4 3.60842
      vertex 74.1022 61.4 3.22354
    endloop
  endfacet
  facet normal -0.980813 -0 -0.19495
    outer loop
      vertex 74.0257 61.4 3.60842
      vertex 74.1022 59.1 3.22354
      vertex 74.0257 59.1 3.60842
    endloop
  endfacet
  facet normal 0.831485 0 -0.555547
    outer loop
      vertex 79.5981 59.1 2.5
      vertex 79.3801 61.4 2.17372
      vertex 79.5981 61.4 2.5
    endloop
  endfacet
  facet normal 0.831485 0 -0.555547
    outer loop
      vertex 79.3801 61.4 2.17372
      vertex 79.5981 59.1 2.5
      vertex 79.3801 59.1 2.17372
    endloop
  endfacet
  facet normal 0.321514 0 -0.946905
    outer loop
      vertex 77.7765 59.1 1.10222
      vertex 78.148 61.4 1.22836
      vertex 78.148 59.1 1.22836
    endloop
  endfacet
  facet normal 0.321514 0 -0.946905
    outer loop
      vertex 78.148 61.4 1.22836
      vertex 77.7765 59.1 1.10222
      vertex 77.7765 61.4 1.10222
    endloop
  endfacet
  facet normal -0.442233 0 -0.8969
    outer loop
      vertex 75.5 59.1 1.40192
      vertex 75.852 61.4 1.22836
      vertex 75.852 59.1 1.22836
    endloop
  endfacet
  facet normal -0.442233 0 -0.8969
    outer loop
      vertex 75.852 61.4 1.22836
      vertex 75.5 59.1 1.40192
      vertex 75.5 61.4 1.40192
    endloop
  endfacet
  facet normal -0.946882 0 -0.321582
    outer loop
      vertex 74.2284 59.1 2.85195
      vertex 74.1022 61.4 3.22354
      vertex 74.2284 61.4 2.85195
    endloop
  endfacet
  facet normal -0.946882 -0 -0.321582
    outer loop
      vertex 74.1022 61.4 3.22354
      vertex 74.2284 59.1 2.85195
      vertex 74.1022 59.1 3.22354
    endloop
  endfacet
  facet normal 0.980813 -0 0.19495
    outer loop
      vertex 79.8978 59.1 4.77646
      vertex 79.9743 61.4 4.39158
      vertex 79.8978 61.4 4.77646
    endloop
  endfacet
  facet normal 0.980813 0 0.19495
    outer loop
      vertex 79.9743 61.4 4.39158
      vertex 79.8978 59.1 4.77646
      vertex 79.9743 59.1 4.39158
    endloop
  endfacet
  facet normal 0.659392 0 -0.751799
    outer loop
      vertex 78.8263 59.1 1.61994
      vertex 79.1213 61.4 1.87868
      vertex 79.1213 59.1 1.87868
    endloop
  endfacet
  facet normal 0.659392 0 -0.751799
    outer loop
      vertex 79.1213 61.4 1.87868
      vertex 78.8263 59.1 1.61994
      vertex 78.8263 61.4 1.61994
    endloop
  endfacet
  facet normal 0.555558 0 -0.831477
    outer loop
      vertex 78.5 59.1 1.40192
      vertex 78.8263 61.4 1.61994
      vertex 78.8263 59.1 1.61994
    endloop
  endfacet
  facet normal 0.555558 0 -0.831477
    outer loop
      vertex 78.8263 61.4 1.61994
      vertex 78.5 59.1 1.40192
      vertex 78.5 61.4 1.40192
    endloop
  endfacet
  facet normal 0 -1 0
    outer loop
      vertex 77 59.1 4.85
      vertex 77 59.1 7
      vertex 76.6084 59.1 6.97433
    endloop
  endfacet
  facet normal 0 -1 0
    outer loop
      vertex 76.8891 59.1 4.84273
      vertex 76.6084 59.1 6.97433
      vertex 76.2235 59.1 6.89778
    endloop
  endfacet
  facet normal 0 -1 0
    outer loop
      vertex 77 59.1 7
      vertex 77 59.1 4.85
      vertex 77.3916 59.1 6.97433
    endloop
  endfacet
  facet normal 0 -1 0
    outer loop
      vertex 76.78 59.1 4.82104
      vertex 76.2235 59.1 6.89778
      vertex 75.852 59.1 6.77164
    endloop
  endfacet
  facet normal 0 -1 0
    outer loop
      vertex 77.1109 59.1 4.84273
      vertex 77.3916 59.1 6.97433
      vertex 77 59.1 4.85
    endloop
  endfacet
  facet normal 0 -1 0
    outer loop
      vertex 76.6747 59.1 4.7853
      vertex 75.852 59.1 6.77164
      vertex 75.5 59.1 6.59808
    endloop
  endfacet
  facet normal 0 -1 -0
    outer loop
      vertex 77.3916 59.1 6.97433
      vertex 77.1109 59.1 4.84273
      vertex 77.7765 59.1 6.89778
    endloop
  endfacet
  facet normal 0 -1 0
    outer loop
      vertex 76.575 59.1 4.73612
      vertex 75.5 59.1 6.59808
      vertex 75.1737 59.1 6.38006
    endloop
  endfacet
  facet normal 0 -1 0
    outer loop
      vertex 77.22 59.1 4.82104
      vertex 77.7765 59.1 6.89778
      vertex 77.1109 59.1 4.84273
    endloop
  endfacet
  facet normal 0 -1 0
    outer loop
      vertex 76.4826 59.1 4.67435
      vertex 75.1737 59.1 6.38006
      vertex 74.8787 59.1 6.12132
    endloop
  endfacet
  facet normal 0 -1 -0
    outer loop
      vertex 77.7765 59.1 6.89778
      vertex 77.22 59.1 4.82104
      vertex 78.148 59.1 6.77164
    endloop
  endfacet
  facet normal 0 -1 0
    outer loop
      vertex 76.399 59.1 4.60104
      vertex 74.8787 59.1 6.12132
      vertex 74.6199 59.1 5.82628
    endloop
  endfacet
  facet normal 0 -1 0
    outer loop
      vertex 77.3253 59.1 4.7853
      vertex 78.148 59.1 6.77164
      vertex 77.22 59.1 4.82104
    endloop
  endfacet
  facet normal 0 -1 0
    outer loop
      vertex 76.3257 59.1 4.51745
      vertex 74.6199 59.1 5.82628
      vertex 74.4019 59.1 5.5
    endloop
  endfacet
  facet normal 0 -1 -0
    outer loop
      vertex 78.148 59.1 6.77164
      vertex 77.3253 59.1 4.7853
      vertex 78.5 59.1 6.59808
    endloop
  endfacet
  facet normal 0 -1 0
    outer loop
      vertex 76.2639 59.1 4.425
      vertex 74.4019 59.1 5.5
      vertex 74.2284 59.1 5.14805
    endloop
  endfacet
  facet normal 0 -1 0
    outer loop
      vertex 77.425 59.1 4.73612
      vertex 78.5 59.1 6.59808
      vertex 77.3253 59.1 4.7853
    endloop
  endfacet
  facet normal 0 -1 -0
    outer loop
      vertex 78.5 59.1 6.59808
      vertex 77.425 59.1 4.73612
      vertex 78.8263 59.1 6.38006
    endloop
  endfacet
  facet normal 0 -1 0
    outer loop
      vertex 76.6084 59.1 6.97433
      vertex 76.8891 59.1 4.84273
      vertex 77 59.1 4.85
    endloop
  endfacet
  facet normal 0 -1 0
    outer loop
      vertex 76.2235 59.1 6.89778
      vertex 76.78 59.1 4.82104
      vertex 76.8891 59.1 4.84273
    endloop
  endfacet
  facet normal 0 -1 0
    outer loop
      vertex 75.852 59.1 6.77164
      vertex 76.6747 59.1 4.7853
      vertex 76.78 59.1 4.82104
    endloop
  endfacet
  facet normal 0 -1 0
    outer loop
      vertex 76.2147 59.1 4.32528
      vertex 74.2284 59.1 5.14805
      vertex 74.1022 59.1 4.77646
    endloop
  endfacet
  facet normal 0 -1 0
    outer loop
      vertex 75.5 59.1 6.59808
      vertex 76.575 59.1 4.73612
      vertex 76.6747 59.1 4.7853
    endloop
  endfacet
  facet normal 0 -1 0
    outer loop
      vertex 75.1737 59.1 6.38006
      vertex 76.4826 59.1 4.67435
      vertex 76.575 59.1 4.73612
    endloop
  endfacet
  facet normal 0 -1 0
    outer loop
      vertex 74.8787 59.1 6.12132
      vertex 76.399 59.1 4.60104
      vertex 76.4826 59.1 4.67435
    endloop
  endfacet
  facet normal 0 -1 0
    outer loop
      vertex 74.6199 59.1 5.82628
      vertex 76.3257 59.1 4.51745
      vertex 76.399 59.1 4.60104
    endloop
  endfacet
  facet normal 0 -1 0
    outer loop
      vertex 74.4019 59.1 5.5
      vertex 76.2639 59.1 4.425
      vertex 76.3257 59.1 4.51745
    endloop
  endfacet
  facet normal 0 -1 0
    outer loop
      vertex 76.179 59.1 4.22
      vertex 74.1022 59.1 4.77646
      vertex 74.0257 59.1 4.39158
    endloop
  endfacet
  facet normal 0 -1 0
    outer loop
      vertex 74.2284 59.1 5.14805
      vertex 76.2147 59.1 4.32528
      vertex 76.2639 59.1 4.425
    endloop
  endfacet
  facet normal 0 -1 0
    outer loop
      vertex 74.1022 59.1 4.77646
      vertex 76.179 59.1 4.22
      vertex 76.2147 59.1 4.32528
    endloop
  endfacet
  facet normal 0 -1 0
    outer loop
      vertex 74.0257 59.1 4.39158
      vertex 76.1573 59.1 4.11095
      vertex 76.179 59.1 4.22
    endloop
  endfacet
  facet normal 0 -1 0
    outer loop
      vertex 74 59.1 4
      vertex 76.1573 59.1 4.11095
      vertex 74.0257 59.1 4.39158
    endloop
  endfacet
  facet normal 0 -1 0
    outer loop
      vertex 74 59.1 4
      vertex 76.15 59.1 4
      vertex 76.1573 59.1 4.11095
    endloop
  endfacet
  facet normal 0 -1 0
    outer loop
      vertex 74 59.1 4
      vertex 76.1573 59.1 3.88905
      vertex 76.15 59.1 4
    endloop
  endfacet
  facet normal 0 -1 0
    outer loop
      vertex 74.0257 59.1 3.60842
      vertex 76.1573 59.1 3.88905
      vertex 74 59.1 4
    endloop
  endfacet
  facet normal 0 -1 -0
    outer loop
      vertex 76.1573 59.1 3.88905
      vertex 74.0257 59.1 3.60842
      vertex 76.179 59.1 3.78
    endloop
  endfacet
  facet normal 0 -1 0
    outer loop
      vertex 74.1022 59.1 3.22354
      vertex 76.179 59.1 3.78
      vertex 74.0257 59.1 3.60842
    endloop
  endfacet
  facet normal 0 -1 -0
    outer loop
      vertex 76.179 59.1 3.78
      vertex 74.1022 59.1 3.22354
      vertex 76.2147 59.1 3.67472
    endloop
  endfacet
  facet normal 0 -1 0
    outer loop
      vertex 74.2284 59.1 2.85195
      vertex 76.2147 59.1 3.67472
      vertex 74.1022 59.1 3.22354
    endloop
  endfacet
  facet normal 0 -1 -0
    outer loop
      vertex 76.2147 59.1 3.67472
      vertex 74.2284 59.1 2.85195
      vertex 76.2639 59.1 3.575
    endloop
  endfacet
  facet normal 0 -1 0
    outer loop
      vertex 74.4019 59.1 2.5
      vertex 76.2639 59.1 3.575
      vertex 74.2284 59.1 2.85195
    endloop
  endfacet
  facet normal 0 -1 -0
    outer loop
      vertex 76.2639 59.1 3.575
      vertex 74.4019 59.1 2.5
      vertex 76.3257 59.1 3.48255
    endloop
  endfacet
  facet normal 0 -1 0
    outer loop
      vertex 74.6199 59.1 2.17372
      vertex 76.3257 59.1 3.48255
      vertex 74.4019 59.1 2.5
    endloop
  endfacet
  facet normal 0 -1 -0
    outer loop
      vertex 76.3257 59.1 3.48255
      vertex 74.6199 59.1 2.17372
      vertex 76.399 59.1 3.39896
    endloop
  endfacet
  facet normal 0 -1 0
    outer loop
      vertex 74.8787 59.1 1.87868
      vertex 76.399 59.1 3.39896
      vertex 74.6199 59.1 2.17372
    endloop
  endfacet
  facet normal 0 -1 -0
    outer loop
      vertex 76.399 59.1 3.39896
      vertex 74.8787 59.1 1.87868
      vertex 76.4826 59.1 3.32565
    endloop
  endfacet
  facet normal 0 -1 0
    outer loop
      vertex 75.1737 59.1 1.61994
      vertex 76.4826 59.1 3.32565
      vertex 74.8787 59.1 1.87868
    endloop
  endfacet
  facet normal 0 -1 -0
    outer loop
      vertex 76.4826 59.1 3.32565
      vertex 75.1737 59.1 1.61994
      vertex 76.575 59.1 3.26388
    endloop
  endfacet
  facet normal 0 -1 0
    outer loop
      vertex 77.5174 59.1 4.67435
      vertex 78.8263 59.1 6.38006
      vertex 77.425 59.1 4.73612
    endloop
  endfacet
  facet normal 0 -1 -0
    outer loop
      vertex 78.8263 59.1 6.38006
      vertex 77.5174 59.1 4.67435
      vertex 79.1213 59.1 6.12132
    endloop
  endfacet
  facet normal 0 -1 0
    outer loop
      vertex 77.601 59.1 4.60104
      vertex 79.1213 59.1 6.12132
      vertex 77.5174 59.1 4.67435
    endloop
  endfacet
  facet normal 0 -1 -0
    outer loop
      vertex 79.1213 59.1 6.12132
      vertex 77.601 59.1 4.60104
      vertex 79.3801 59.1 5.82628
    endloop
  endfacet
  facet normal 0 -1 0
    outer loop
      vertex 77.6743 59.1 4.51745
      vertex 79.3801 59.1 5.82628
      vertex 77.601 59.1 4.60104
    endloop
  endfacet
  facet normal 0 -1 -0
    outer loop
      vertex 79.3801 59.1 5.82628
      vertex 77.6743 59.1 4.51745
      vertex 79.5981 59.1 5.5
    endloop
  endfacet
  facet normal 0 -1 0
    outer loop
      vertex 77.7361 59.1 4.425
      vertex 79.5981 59.1 5.5
      vertex 77.6743 59.1 4.51745
    endloop
  endfacet
  facet normal 0 -1 -0
    outer loop
      vertex 79.5981 59.1 5.5
      vertex 77.7361 59.1 4.425
      vertex 79.7716 59.1 5.14805
    endloop
  endfacet
  facet normal 0 -1 0
    outer loop
      vertex 77.7853 59.1 4.32528
      vertex 79.7716 59.1 5.14805
      vertex 77.7361 59.1 4.425
    endloop
  endfacet
  facet normal 0 -1 -0
    outer loop
      vertex 79.7716 59.1 5.14805
      vertex 77.7853 59.1 4.32528
      vertex 79.8978 59.1 4.77646
    endloop
  endfacet
  facet normal 0 -1 0
    outer loop
      vertex 77.821 59.1 4.22
      vertex 79.8978 59.1 4.77646
      vertex 77.7853 59.1 4.32528
    endloop
  endfacet
  facet normal 0 -1 -0
    outer loop
      vertex 79.8978 59.1 4.77646
      vertex 77.821 59.1 4.22
      vertex 79.9743 59.1 4.39158
    endloop
  endfacet
  facet normal 0 -1 0
    outer loop
      vertex 77.8427 59.1 4.11095
      vertex 79.9743 59.1 4.39158
      vertex 77.821 59.1 4.22
    endloop
  endfacet
  facet normal 0 -1 0
    outer loop
      vertex 77.85 59.1 4
      vertex 79.9743 59.1 4.39158
      vertex 77.8427 59.1 4.11095
    endloop
  endfacet
  facet normal 0 -1 0
    outer loop
      vertex 77.85 59.1 4
      vertex 80 59.1 4
      vertex 79.9743 59.1 4.39158
    endloop
  endfacet
  facet normal 0 -1 0
    outer loop
      vertex 77.8427 59.1 3.88905
      vertex 80 59.1 4
      vertex 77.85 59.1 4
    endloop
  endfacet
  facet normal 0 -1 0
    outer loop
      vertex 79.9743 59.1 3.60842
      vertex 77.8427 59.1 3.88905
      vertex 77.821 59.1 3.78
    endloop
  endfacet
  facet normal 0 -1 0
    outer loop
      vertex 79.8978 59.1 3.22354
      vertex 77.821 59.1 3.78
      vertex 77.7853 59.1 3.67472
    endloop
  endfacet
  facet normal 0 -1 0
    outer loop
      vertex 77.8427 59.1 3.88905
      vertex 79.9743 59.1 3.60842
      vertex 80 59.1 4
    endloop
  endfacet
  facet normal 0 -1 0
    outer loop
      vertex 79.7716 59.1 2.85195
      vertex 77.7853 59.1 3.67472
      vertex 77.7361 59.1 3.575
    endloop
  endfacet
  facet normal 0 -1 0
    outer loop
      vertex 79.5981 59.1 2.5
      vertex 77.7361 59.1 3.575
      vertex 77.6743 59.1 3.48255
    endloop
  endfacet
  facet normal 0 -1 0
    outer loop
      vertex 79.3801 59.1 2.17372
      vertex 77.6743 59.1 3.48255
      vertex 77.601 59.1 3.39896
    endloop
  endfacet
  facet normal 0 -1 0
    outer loop
      vertex 79.1213 59.1 1.87868
      vertex 77.601 59.1 3.39896
      vertex 77.5174 59.1 3.32565
    endloop
  endfacet
  facet normal 0 -1 0
    outer loop
      vertex 78.8263 59.1 1.61994
      vertex 77.5174 59.1 3.32565
      vertex 77.425 59.1 3.26388
    endloop
  endfacet
  facet normal 0 -1 0
    outer loop
      vertex 77.821 59.1 3.78
      vertex 79.8978 59.1 3.22354
      vertex 79.9743 59.1 3.60842
    endloop
  endfacet
  facet normal 0 -1 0
    outer loop
      vertex 78.5 59.1 1.40192
      vertex 77.425 59.1 3.26388
      vertex 77.3253 59.1 3.2147
    endloop
  endfacet
  facet normal 0 -1 0
    outer loop
      vertex 78.148 59.1 1.22836
      vertex 77.3253 59.1 3.2147
      vertex 77.22 59.1 3.17896
    endloop
  endfacet
  facet normal 0 -1 0
    outer loop
      vertex 77.7765 59.1 1.10222
      vertex 77.22 59.1 3.17896
      vertex 77.1109 59.1 3.15727
    endloop
  endfacet
  facet normal 0 -1 0
    outer loop
      vertex 77.3916 59.1 1.02567
      vertex 77.1109 59.1 3.15727
      vertex 77 59.1 3.15
    endloop
  endfacet
  facet normal 0 -1 0
    outer loop
      vertex 75.5 59.1 1.40192
      vertex 76.575 59.1 3.26388
      vertex 75.1737 59.1 1.61994
    endloop
  endfacet
  facet normal 0 -1 0
    outer loop
      vertex 77.7853 59.1 3.67472
      vertex 79.7716 59.1 2.85195
      vertex 79.8978 59.1 3.22354
    endloop
  endfacet
  facet normal 0 -1 -0
    outer loop
      vertex 76.575 59.1 3.26388
      vertex 75.5 59.1 1.40192
      vertex 76.6747 59.1 3.2147
    endloop
  endfacet
  facet normal 0 -1 0
    outer loop
      vertex 77.7361 59.1 3.575
      vertex 79.5981 59.1 2.5
      vertex 79.7716 59.1 2.85195
    endloop
  endfacet
  facet normal 0 -1 0
    outer loop
      vertex 75.852 59.1 1.22836
      vertex 76.6747 59.1 3.2147
      vertex 75.5 59.1 1.40192
    endloop
  endfacet
  facet normal 0 -1 0
    outer loop
      vertex 77.6743 59.1 3.48255
      vertex 79.3801 59.1 2.17372
      vertex 79.5981 59.1 2.5
    endloop
  endfacet
  facet normal 0 -1 -0
    outer loop
      vertex 76.6747 59.1 3.2147
      vertex 75.852 59.1 1.22836
      vertex 76.78 59.1 3.17896
    endloop
  endfacet
  facet normal 0 -1 0
    outer loop
      vertex 77.601 59.1 3.39896
      vertex 79.1213 59.1 1.87868
      vertex 79.3801 59.1 2.17372
    endloop
  endfacet
  facet normal 0 -1 0
    outer loop
      vertex 76.2235 59.1 1.10222
      vertex 76.78 59.1 3.17896
      vertex 75.852 59.1 1.22836
    endloop
  endfacet
  facet normal 0 -1 0
    outer loop
      vertex 77.5174 59.1 3.32565
      vertex 78.8263 59.1 1.61994
      vertex 79.1213 59.1 1.87868
    endloop
  endfacet
  facet normal 0 -1 -0
    outer loop
      vertex 76.78 59.1 3.17896
      vertex 76.2235 59.1 1.10222
      vertex 76.8891 59.1 3.15727
    endloop
  endfacet
  facet normal 0 -1 0
    outer loop
      vertex 77.425 59.1 3.26388
      vertex 78.5 59.1 1.40192
      vertex 78.8263 59.1 1.61994
    endloop
  endfacet
  facet normal 0 -1 0
    outer loop
      vertex 76.6084 59.1 1.02567
      vertex 76.8891 59.1 3.15727
      vertex 76.2235 59.1 1.10222
    endloop
  endfacet
  facet normal 0 -1 0
    outer loop
      vertex 77.3253 59.1 3.2147
      vertex 78.148 59.1 1.22836
      vertex 78.5 59.1 1.40192
    endloop
  endfacet
  facet normal 0 -1 -0
    outer loop
      vertex 76.8891 59.1 3.15727
      vertex 76.6084 59.1 1.02567
      vertex 77 59.1 3.15
    endloop
  endfacet
  facet normal 0 -1 0
    outer loop
      vertex 77.22 59.1 3.17896
      vertex 77.7765 59.1 1.10222
      vertex 78.148 59.1 1.22836
    endloop
  endfacet
  facet normal 0 -1 0
    outer loop
      vertex 77 59.1 1
      vertex 77 59.1 3.15
      vertex 76.6084 59.1 1.02567
    endloop
  endfacet
  facet normal 0 -1 0
    outer loop
      vertex 77.1109 59.1 3.15727
      vertex 77.3916 59.1 1.02567
      vertex 77.7765 59.1 1.10222
    endloop
  endfacet
  facet normal 0 -1 0
    outer loop
      vertex 77 59.1 3.15
      vertex 77 59.1 1
      vertex 77.3916 59.1 1.02567
    endloop
  endfacet
  facet normal -0.831485 0 -0.555547
    outer loop
      vertex 74.6199 59.1 2.17372
      vertex 74.4019 61.4 2.5
      vertex 74.6199 61.4 2.17372
    endloop
  endfacet
  facet normal -0.831485 -0 -0.555547
    outer loop
      vertex 74.4019 61.4 2.5
      vertex 74.6199 59.1 2.17372
      vertex 74.4019 59.1 2.5
    endloop
  endfacet
  facet normal -0.195062 0 -0.980791
    outer loop
      vertex 76.2235 59.1 1.10222
      vertex 76.6084 61.4 1.02567
      vertex 76.6084 59.1 1.02567
    endloop
  endfacet
  facet normal -0.195062 0 -0.980791
    outer loop
      vertex 76.6084 61.4 1.02567
      vertex 76.2235 59.1 1.10222
      vertex 76.2235 61.4 1.10222
    endloop
  endfacet
  facet normal -0.751768 0 -0.659428
    outer loop
      vertex 74.8787 59.1 1.87868
      vertex 74.6199 61.4 2.17372
      vertex 74.8787 61.4 1.87868
    endloop
  endfacet
  facet normal -0.751768 -0 -0.659428
    outer loop
      vertex 74.6199 61.4 2.17372
      vertex 74.8787 59.1 1.87868
      vertex 74.6199 59.1 2.17372
    endloop
  endfacet
  facet normal 0.997853 0 -0.0654906
    outer loop
      vertex 80 59.1 4
      vertex 79.9743 61.4 3.60842
      vertex 80 61.4 4
    endloop
  endfacet
  facet normal 0.997853 0 -0.0654906
    outer loop
      vertex 79.9743 61.4 3.60842
      vertex 80 59.1 4
      vertex 79.9743 59.1 3.60842
    endloop
  endfacet
  facet normal 0.555558 0 0.831477
    outer loop
      vertex 78.5 61.4 6.59808
      vertex 78.8263 59.1 6.38006
      vertex 78.8263 61.4 6.38006
    endloop
  endfacet
  facet normal 0.555558 0 0.831477
    outer loop
      vertex 78.8263 59.1 6.38006
      vertex 78.5 61.4 6.59808
      vertex 78.5 59.1 6.59808
    endloop
  endfacet
  facet normal 0.946882 -0 0.321582
    outer loop
      vertex 79.7716 59.1 5.14805
      vertex 79.8978 61.4 4.77646
      vertex 79.7716 61.4 5.14805
    endloop
  endfacet
  facet normal 0.946882 0 0.321582
    outer loop
      vertex 79.8978 61.4 4.77646
      vertex 79.7716 59.1 5.14805
      vertex 79.8978 59.1 4.77646
    endloop
  endfacet
  facet normal 0.751768 0 -0.659428
    outer loop
      vertex 79.3801 59.1 2.17372
      vertex 79.1213 61.4 1.87868
      vertex 79.3801 61.4 2.17372
    endloop
  endfacet
  facet normal 0.751768 0 -0.659428
    outer loop
      vertex 79.1213 61.4 1.87868
      vertex 79.3801 59.1 2.17372
      vertex 79.1213 59.1 1.87868
    endloop
  endfacet
  facet normal -0.0654112 0 -0.997858
    outer loop
      vertex 76.6084 59.1 1.02567
      vertex 77 61.4 1
      vertex 77 59.1 1
    endloop
  endfacet
  facet normal -0.0654112 0 -0.997858
    outer loop
      vertex 77 61.4 1
      vertex 76.6084 59.1 1.02567
      vertex 76.6084 61.4 1.02567
    endloop
  endfacet
  facet normal 0.195062 0 -0.980791
    outer loop
      vertex 77.3916 59.1 1.02567
      vertex 77.7765 61.4 1.10222
      vertex 77.7765 59.1 1.10222
    endloop
  endfacet
  facet normal 0.195062 0 -0.980791
    outer loop
      vertex 77.7765 61.4 1.10222
      vertex 77.3916 59.1 1.02567
      vertex 77.3916 61.4 1.02567
    endloop
  endfacet
  facet normal 0.442233 0 -0.8969
    outer loop
      vertex 78.148 59.1 1.22836
      vertex 78.5 61.4 1.40192
      vertex 78.5 59.1 1.40192
    endloop
  endfacet
  facet normal 0.442233 0 -0.8969
    outer loop
      vertex 78.5 61.4 1.40192
      vertex 78.148 59.1 1.22836
      vertex 78.148 61.4 1.22836
    endloop
  endfacet
  facet normal -0.997853 0 0.0654906
    outer loop
      vertex 74 59.1 4
      vertex 74.0257 61.4 4.39158
      vertex 74 61.4 4
    endloop
  endfacet
  facet normal -0.997853 0 0.0654906
    outer loop
      vertex 74.0257 61.4 4.39158
      vertex 74 59.1 4
      vertex 74.0257 59.1 4.39158
    endloop
  endfacet
  facet normal -0.896936 0 -0.44216
    outer loop
      vertex 74.4019 59.1 2.5
      vertex 74.2284 61.4 2.85195
      vertex 74.4019 61.4 2.5
    endloop
  endfacet
  facet normal -0.896936 -0 -0.44216
    outer loop
      vertex 74.2284 61.4 2.85195
      vertex 74.4019 59.1 2.5
      vertex 74.2284 59.1 2.85195
    endloop
  endfacet
  facet normal -0.321514 0 -0.946905
    outer loop
      vertex 75.852 59.1 1.22836
      vertex 76.2235 61.4 1.10222
      vertex 76.2235 59.1 1.10222
    endloop
  endfacet
  facet normal -0.321514 0 -0.946905
    outer loop
      vertex 76.2235 61.4 1.10222
      vertex 75.852 59.1 1.22836
      vertex 75.852 61.4 1.22836
    endloop
  endfacet
  facet normal -0.659392 0 -0.751799
    outer loop
      vertex 74.8787 59.1 1.87868
      vertex 75.1737 61.4 1.61994
      vertex 75.1737 59.1 1.61994
    endloop
  endfacet
  facet normal -0.659392 0 -0.751799
    outer loop
      vertex 75.1737 61.4 1.61994
      vertex 74.8787 59.1 1.87868
      vertex 74.8787 61.4 1.87868
    endloop
  endfacet
  facet normal -0.555558 0 -0.831477
    outer loop
      vertex 75.1737 59.1 1.61994
      vertex 75.5 61.4 1.40192
      vertex 75.5 59.1 1.40192
    endloop
  endfacet
  facet normal -0.555558 0 -0.831477
    outer loop
      vertex 75.5 61.4 1.40192
      vertex 75.1737 59.1 1.61994
      vertex 75.1737 61.4 1.61994
    endloop
  endfacet
  facet normal 0.997853 -0 0.0654906
    outer loop
      vertex 79.9743 59.1 4.39158
      vertex 80 61.4 4
      vertex 79.9743 61.4 4.39158
    endloop
  endfacet
  facet normal 0.997853 0 0.0654906
    outer loop
      vertex 80 61.4 4
      vertex 79.9743 59.1 4.39158
      vertex 80 59.1 4
    endloop
  endfacet
  facet normal -0.980813 0 0.19495
    outer loop
      vertex 74.0257 59.1 4.39158
      vertex 74.1022 61.4 4.77646
      vertex 74.0257 61.4 4.39158
    endloop
  endfacet
  facet normal -0.980813 0 0.19495
    outer loop
      vertex 74.1022 61.4 4.77646
      vertex 74.0257 59.1 4.39158
      vertex 74.1022 59.1 4.77646
    endloop
  endfacet
  facet normal -0.831485 0 0.555547
    outer loop
      vertex 74.4019 59.1 5.5
      vertex 74.6199 61.4 5.82628
      vertex 74.4019 61.4 5.5
    endloop
  endfacet
  facet normal -0.831485 0 0.555547
    outer loop
      vertex 74.6199 61.4 5.82628
      vertex 74.4019 59.1 5.5
      vertex 74.6199 59.1 5.82628
    endloop
  endfacet
  facet normal 0.195062 0 0.980791
    outer loop
      vertex 77.3916 61.4 6.97433
      vertex 77.7765 59.1 6.89778
      vertex 77.7765 61.4 6.89778
    endloop
  endfacet
  facet normal 0.195062 0 0.980791
    outer loop
      vertex 77.7765 59.1 6.89778
      vertex 77.3916 61.4 6.97433
      vertex 77.3916 59.1 6.97433
    endloop
  endfacet
  facet normal 0.896936 0 -0.44216
    outer loop
      vertex 79.7716 59.1 2.85195
      vertex 79.5981 61.4 2.5
      vertex 79.7716 61.4 2.85195
    endloop
  endfacet
  facet normal 0.896936 0 -0.44216
    outer loop
      vertex 79.5981 61.4 2.5
      vertex 79.7716 59.1 2.85195
      vertex 79.5981 59.1 2.5
    endloop
  endfacet
  facet normal 0.946882 0 -0.321582
    outer loop
      vertex 79.8978 59.1 3.22354
      vertex 79.7716 61.4 2.85195
      vertex 79.8978 61.4 3.22354
    endloop
  endfacet
  facet normal 0.946882 0 -0.321582
    outer loop
      vertex 79.7716 61.4 2.85195
      vertex 79.8978 59.1 3.22354
      vertex 79.7716 59.1 2.85195
    endloop
  endfacet
  facet normal 0.980813 0 -0.19495
    outer loop
      vertex 79.9743 59.1 3.60842
      vertex 79.8978 61.4 3.22354
      vertex 79.9743 61.4 3.60842
    endloop
  endfacet
  facet normal 0.980813 0 -0.19495
    outer loop
      vertex 79.8978 61.4 3.22354
      vertex 79.9743 59.1 3.60842
      vertex 79.8978 59.1 3.22354
    endloop
  endfacet
  facet normal 0.0654112 0 -0.997858
    outer loop
      vertex 77 59.1 1
      vertex 77.3916 61.4 1.02567
      vertex 77.3916 59.1 1.02567
    endloop
  endfacet
  facet normal 0.0654112 0 -0.997858
    outer loop
      vertex 77.3916 61.4 1.02567
      vertex 77 59.1 1
      vertex 77 61.4 1
    endloop
  endfacet
  facet normal -0.997853 0 -0.0654906
    outer loop
      vertex 74.0257 59.1 3.60842
      vertex 74 61.4 4
      vertex 74.0257 61.4 3.60842
    endloop
  endfacet
  facet normal -0.997853 -0 -0.0654906
    outer loop
      vertex 74 61.4 4
      vertex 74.0257 59.1 3.60842
      vertex 74 59.1 4
    endloop
  endfacet
  facet normal 0.751768 -0 0.659428
    outer loop
      vertex 79.1213 59.1 6.12132
      vertex 79.3801 61.4 5.82628
      vertex 79.1213 61.4 6.12132
    endloop
  endfacet
  facet normal 0.751768 0 0.659428
    outer loop
      vertex 79.3801 61.4 5.82628
      vertex 79.1213 59.1 6.12132
      vertex 79.3801 59.1 5.82628
    endloop
  endfacet
  facet normal 0.896936 -0 0.44216
    outer loop
      vertex 79.5981 59.1 5.5
      vertex 79.7716 61.4 5.14805
      vertex 79.5981 61.4 5.5
    endloop
  endfacet
  facet normal 0.896936 0 0.44216
    outer loop
      vertex 79.7716 61.4 5.14805
      vertex 79.5981 59.1 5.5
      vertex 79.7716 59.1 5.14805
    endloop
  endfacet
  facet normal 0.0654112 0 0.997858
    outer loop
      vertex 77 61.4 7
      vertex 77.3916 59.1 6.97433
      vertex 77.3916 61.4 6.97433
    endloop
  endfacet
  facet normal 0.0654112 0 0.997858
    outer loop
      vertex 77.3916 59.1 6.97433
      vertex 77 61.4 7
      vertex 77 59.1 7
    endloop
  endfacet
  facet normal -0.896936 0 0.44216
    outer loop
      vertex 74.2284 59.1 5.14805
      vertex 74.4019 61.4 5.5
      vertex 74.2284 61.4 5.14805
    endloop
  endfacet
  facet normal -0.896936 0 0.44216
    outer loop
      vertex 74.4019 61.4 5.5
      vertex 74.2284 59.1 5.14805
      vertex 74.4019 59.1 5.5
    endloop
  endfacet
  facet normal -0.946882 0 0.321582
    outer loop
      vertex 74.1022 59.1 4.77646
      vertex 74.2284 61.4 5.14805
      vertex 74.1022 61.4 4.77646
    endloop
  endfacet
  facet normal -0.946882 0 0.321582
    outer loop
      vertex 74.2284 61.4 5.14805
      vertex 74.1022 59.1 4.77646
      vertex 74.2284 59.1 5.14805
    endloop
  endfacet
  facet normal 0.442233 0 0.8969
    outer loop
      vertex 78.148 61.4 6.77164
      vertex 78.5 59.1 6.59808
      vertex 78.5 61.4 6.59808
    endloop
  endfacet
  facet normal 0.442233 0 0.8969
    outer loop
      vertex 78.5 59.1 6.59808
      vertex 78.148 61.4 6.77164
      vertex 78.148 59.1 6.77164
    endloop
  endfacet
  facet normal 0.321514 0 0.946905
    outer loop
      vertex 77.7765 61.4 6.89778
      vertex 78.148 59.1 6.77164
      vertex 78.148 61.4 6.77164
    endloop
  endfacet
  facet normal 0.321514 0 0.946905
    outer loop
      vertex 78.148 59.1 6.77164
      vertex 77.7765 61.4 6.89778
      vertex 77.7765 59.1 6.89778
    endloop
  endfacet
  facet normal 0.659392 0 0.751799
    outer loop
      vertex 78.8263 61.4 6.38006
      vertex 79.1213 59.1 6.12132
      vertex 79.1213 61.4 6.12132
    endloop
  endfacet
  facet normal 0.659392 0 0.751799
    outer loop
      vertex 79.1213 59.1 6.12132
      vertex 78.8263 61.4 6.38006
      vertex 78.8263 59.1 6.38006
    endloop
  endfacet
  facet normal 0.831485 -0 0.555547
    outer loop
      vertex 79.3801 59.1 5.82628
      vertex 79.5981 61.4 5.5
      vertex 79.3801 61.4 5.82628
    endloop
  endfacet
  facet normal 0.831485 0 0.555547
    outer loop
      vertex 79.5981 61.4 5.5
      vertex 79.3801 59.1 5.82628
      vertex 79.5981 59.1 5.5
    endloop
  endfacet
  facet normal -0.555558 0 0.831477
    outer loop
      vertex 75.1737 61.4 6.38006
      vertex 75.5 59.1 6.59808
      vertex 75.5 61.4 6.59808
    endloop
  endfacet
  facet normal -0.555558 0 0.831477
    outer loop
      vertex 75.5 59.1 6.59808
      vertex 75.1737 61.4 6.38006
      vertex 75.1737 59.1 6.38006
    endloop
  endfacet
  facet normal -0.195062 0 0.980791
    outer loop
      vertex 76.2235 61.4 6.89778
      vertex 76.6084 59.1 6.97433
      vertex 76.6084 61.4 6.97433
    endloop
  endfacet
  facet normal -0.195062 0 0.980791
    outer loop
      vertex 76.6084 59.1 6.97433
      vertex 76.2235 61.4 6.89778
      vertex 76.2235 59.1 6.89778
    endloop
  endfacet
  facet normal -0.751768 0 0.659428
    outer loop
      vertex 74.6199 59.1 5.82628
      vertex 74.8787 61.4 6.12132
      vertex 74.6199 61.4 5.82628
    endloop
  endfacet
  facet normal -0.751768 0 0.659428
    outer loop
      vertex 74.8787 61.4 6.12132
      vertex 74.6199 59.1 5.82628
      vertex 74.8787 59.1 6.12132
    endloop
  endfacet
  facet normal -0.659392 0 0.751799
    outer loop
      vertex 74.8787 61.4 6.12132
      vertex 75.1737 59.1 6.38006
      vertex 75.1737 61.4 6.38006
    endloop
  endfacet
  facet normal -0.659392 0 0.751799
    outer loop
      vertex 75.1737 59.1 6.38006
      vertex 74.8787 61.4 6.12132
      vertex 74.8787 59.1 6.12132
    endloop
  endfacet
  facet normal -0.442233 0 0.8969
    outer loop
      vertex 75.5 61.4 6.59808
      vertex 75.852 59.1 6.77164
      vertex 75.852 61.4 6.77164
    endloop
  endfacet
  facet normal -0.442233 0 0.8969
    outer loop
      vertex 75.852 59.1 6.77164
      vertex 75.5 61.4 6.59808
      vertex 75.5 59.1 6.59808
    endloop
  endfacet
  facet normal -0.0654112 0 0.997858
    outer loop
      vertex 76.6084 61.4 6.97433
      vertex 77 59.1 7
      vertex 77 61.4 7
    endloop
  endfacet
  facet normal -0.0654112 0 0.997858
    outer loop
      vertex 77 59.1 7
      vertex 76.6084 61.4 6.97433
      vertex 76.6084 59.1 6.97433
    endloop
  endfacet
  facet normal -0.321514 0 0.946905
    outer loop
      vertex 75.852 61.4 6.77164
      vertex 76.2235 59.1 6.89778
      vertex 76.2235 61.4 6.89778
    endloop
  endfacet
  facet normal -0.321514 0 0.946905
    outer loop
      vertex 76.2235 59.1 6.89778
      vertex 75.852 61.4 6.77164
      vertex 75.852 59.1 6.77164
    endloop
  endfacet
  facet normal 0.997853 0 -0.0654873
    outer loop
      vertex 80 59.1 50
      vertex 79.9743 61.4 49.6084
      vertex 80 61.4 50
    endloop
  endfacet
  facet normal 0.997853 0 -0.0654873
    outer loop
      vertex 79.9743 61.4 49.6084
      vertex 80 59.1 50
      vertex 79.9743 59.1 49.6084
    endloop
  endfacet
  facet normal -0.0654873 0 -0.997853
    outer loop
      vertex 76.6084 59.1 47.0257
      vertex 77 61.4 47
      vertex 77 59.1 47
    endloop
  endfacet
  facet normal -0.0654873 0 -0.997853
    outer loop
      vertex 77 61.4 47
      vertex 76.6084 59.1 47.0257
      vertex 76.6084 61.4 47.0257
    endloop
  endfacet
  facet normal 0.0654873 0 0.997853
    outer loop
      vertex 77 61.4 53
      vertex 77.3916 59.1 52.9743
      vertex 77.3916 61.4 52.9743
    endloop
  endfacet
  facet normal 0.0654873 0 0.997853
    outer loop
      vertex 77.3916 59.1 52.9743
      vertex 77 61.4 53
      vertex 77 59.1 53
    endloop
  endfacet
  facet normal 0.659478 0 -0.751724
    outer loop
      vertex 78.8263 59.1 47.6199
      vertex 79.1213 61.4 47.8787
      vertex 79.1213 59.1 47.8787
    endloop
  endfacet
  facet normal 0.659478 0 -0.751724
    outer loop
      vertex 79.1213 61.4 47.8787
      vertex 78.8263 59.1 47.6199
      vertex 78.8263 61.4 47.6199
    endloop
  endfacet
  facet normal -0.751724 0 -0.659478
    outer loop
      vertex 74.8787 59.1 47.8787
      vertex 74.6199 61.4 48.1737
      vertex 74.8787 61.4 47.8787
    endloop
  endfacet
  facet normal -0.751724 -0 -0.659478
    outer loop
      vertex 74.6199 61.4 48.1737
      vertex 74.8787 59.1 47.8787
      vertex 74.6199 59.1 48.1737
    endloop
  endfacet
  facet normal -0.44211 0 -0.896961
    outer loop
      vertex 75.5 59.1 47.4019
      vertex 75.852 61.4 47.2284
      vertex 75.852 59.1 47.2284
    endloop
  endfacet
  facet normal -0.44211 0 -0.896961
    outer loop
      vertex 75.852 61.4 47.2284
      vertex 75.5 59.1 47.4019
      vertex 75.5 61.4 47.4019
    endloop
  endfacet
  facet normal 0.946858 -0 0.321651
    outer loop
      vertex 79.7716 59.1 51.148
      vertex 79.8978 61.4 50.7765
      vertex 79.7716 61.4 51.148
    endloop
  endfacet
  facet normal 0.946858 0 0.321651
    outer loop
      vertex 79.8978 61.4 50.7765
      vertex 79.7716 59.1 51.148
      vertex 79.8978 59.1 50.7765
    endloop
  endfacet
  facet normal 0.896961 0 -0.44211
    outer loop
      vertex 79.7716 59.1 48.852
      vertex 79.5981 61.4 48.5
      vertex 79.7716 61.4 48.852
    endloop
  endfacet
  facet normal 0.896961 0 -0.44211
    outer loop
      vertex 79.5981 61.4 48.5
      vertex 79.7716 59.1 48.852
      vertex 79.5981 59.1 48.5
    endloop
  endfacet
  facet normal 0.980815 0 -0.19494
    outer loop
      vertex 79.9743 59.1 49.6084
      vertex 79.8978 61.4 49.2235
      vertex 79.9743 61.4 49.6084
    endloop
  endfacet
  facet normal 0.980815 0 -0.19494
    outer loop
      vertex 79.8978 61.4 49.2235
      vertex 79.9743 59.1 49.6084
      vertex 79.8978 59.1 49.2235
    endloop
  endfacet
  facet normal 0.321651 0 -0.946858
    outer loop
      vertex 77.7765 59.1 47.1022
      vertex 78.148 61.4 47.2284
      vertex 78.148 59.1 47.2284
    endloop
  endfacet
  facet normal 0.321651 0 -0.946858
    outer loop
      vertex 78.148 61.4 47.2284
      vertex 77.7765 59.1 47.1022
      vertex 77.7765 61.4 47.1022
    endloop
  endfacet
  facet normal 0.19494 0 -0.980815
    outer loop
      vertex 77.3916 59.1 47.0257
      vertex 77.7765 61.4 47.1022
      vertex 77.7765 59.1 47.1022
    endloop
  endfacet
  facet normal 0.19494 0 -0.980815
    outer loop
      vertex 77.7765 61.4 47.1022
      vertex 77.3916 59.1 47.0257
      vertex 77.3916 61.4 47.0257
    endloop
  endfacet
  facet normal 0.555523 0 -0.831501
    outer loop
      vertex 78.5 59.1 47.4019
      vertex 78.8263 61.4 47.6199
      vertex 78.8263 59.1 47.6199
    endloop
  endfacet
  facet normal 0.555523 0 -0.831501
    outer loop
      vertex 78.8263 61.4 47.6199
      vertex 78.5 59.1 47.4019
      vertex 78.5 61.4 47.4019
    endloop
  endfacet
  facet normal -0.946858 0 -0.321651
    outer loop
      vertex 74.2284 59.1 48.852
      vertex 74.1022 61.4 49.2235
      vertex 74.2284 61.4 48.852
    endloop
  endfacet
  facet normal -0.946858 -0 -0.321651
    outer loop
      vertex 74.1022 61.4 49.2235
      vertex 74.2284 59.1 48.852
      vertex 74.1022 59.1 49.2235
    endloop
  endfacet
  facet normal -0.831501 0 -0.555523
    outer loop
      vertex 74.6199 59.1 48.1737
      vertex 74.4019 61.4 48.5
      vertex 74.6199 61.4 48.1737
    endloop
  endfacet
  facet normal -0.831501 -0 -0.555523
    outer loop
      vertex 74.4019 61.4 48.5
      vertex 74.6199 59.1 48.1737
      vertex 74.4019 59.1 48.5
    endloop
  endfacet
  facet normal -0.980815 0 -0.19494
    outer loop
      vertex 74.1022 59.1 49.2235
      vertex 74.0257 61.4 49.6084
      vertex 74.1022 61.4 49.2235
    endloop
  endfacet
  facet normal -0.980815 -0 -0.19494
    outer loop
      vertex 74.0257 61.4 49.6084
      vertex 74.1022 59.1 49.2235
      vertex 74.0257 59.1 49.6084
    endloop
  endfacet
  facet normal -0.19494 0 -0.980815
    outer loop
      vertex 76.2235 59.1 47.1022
      vertex 76.6084 61.4 47.0257
      vertex 76.6084 59.1 47.0257
    endloop
  endfacet
  facet normal -0.19494 0 -0.980815
    outer loop
      vertex 76.6084 61.4 47.0257
      vertex 76.2235 59.1 47.1022
      vertex 76.2235 61.4 47.1022
    endloop
  endfacet
  facet normal -0.831501 0 0.555523
    outer loop
      vertex 74.4019 59.1 51.5
      vertex 74.6199 61.4 51.8263
      vertex 74.4019 61.4 51.5
    endloop
  endfacet
  facet normal -0.831501 0 0.555523
    outer loop
      vertex 74.6199 61.4 51.8263
      vertex 74.4019 59.1 51.5
      vertex 74.6199 59.1 51.8263
    endloop
  endfacet
  facet normal 0.19494 0 0.980815
    outer loop
      vertex 77.3916 61.4 52.9743
      vertex 77.7765 59.1 52.8978
      vertex 77.7765 61.4 52.8978
    endloop
  endfacet
  facet normal 0.19494 0 0.980815
    outer loop
      vertex 77.7765 59.1 52.8978
      vertex 77.3916 61.4 52.9743
      vertex 77.3916 59.1 52.9743
    endloop
  endfacet
  facet normal 0.946858 0 -0.321651
    outer loop
      vertex 79.8978 59.1 49.2235
      vertex 79.7716 61.4 48.852
      vertex 79.8978 61.4 49.2235
    endloop
  endfacet
  facet normal 0.946858 0 -0.321651
    outer loop
      vertex 79.7716 61.4 48.852
      vertex 79.8978 59.1 49.2235
      vertex 79.7716 59.1 48.852
    endloop
  endfacet
  facet normal 0.751724 0 -0.659478
    outer loop
      vertex 79.3801 59.1 48.1737
      vertex 79.1213 61.4 47.8787
      vertex 79.3801 61.4 48.1737
    endloop
  endfacet
  facet normal 0.751724 0 -0.659478
    outer loop
      vertex 79.1213 61.4 47.8787
      vertex 79.3801 59.1 48.1737
      vertex 79.1213 59.1 47.8787
    endloop
  endfacet
  facet normal 0.831501 0 -0.555523
    outer loop
      vertex 79.5981 59.1 48.5
      vertex 79.3801 61.4 48.1737
      vertex 79.5981 61.4 48.5
    endloop
  endfacet
  facet normal 0.831501 0 -0.555523
    outer loop
      vertex 79.3801 61.4 48.1737
      vertex 79.5981 59.1 48.5
      vertex 79.3801 59.1 48.1737
    endloop
  endfacet
  facet normal 0.0654873 0 -0.997853
    outer loop
      vertex 77 59.1 47
      vertex 77.3916 61.4 47.0257
      vertex 77.3916 59.1 47.0257
    endloop
  endfacet
  facet normal 0.0654873 0 -0.997853
    outer loop
      vertex 77.3916 61.4 47.0257
      vertex 77 59.1 47
      vertex 77 61.4 47
    endloop
  endfacet
  facet normal 0.44211 0 -0.896961
    outer loop
      vertex 78.148 59.1 47.2284
      vertex 78.5 61.4 47.4019
      vertex 78.5 59.1 47.4019
    endloop
  endfacet
  facet normal 0.44211 0 -0.896961
    outer loop
      vertex 78.5 61.4 47.4019
      vertex 78.148 59.1 47.2284
      vertex 78.148 61.4 47.2284
    endloop
  endfacet
  facet normal 0 -1 0
    outer loop
      vertex 77 59.1 50.85
      vertex 77 59.1 53
      vertex 76.6084 59.1 52.9743
    endloop
  endfacet
  facet normal 0 -1 0
    outer loop
      vertex 76.8891 59.1 50.8427
      vertex 76.6084 59.1 52.9743
      vertex 76.2235 59.1 52.8978
    endloop
  endfacet
  facet normal 0 -1 0
    outer loop
      vertex 77 59.1 53
      vertex 77 59.1 50.85
      vertex 77.3916 59.1 52.9743
    endloop
  endfacet
  facet normal 0 -1 0
    outer loop
      vertex 76.78 59.1 50.821
      vertex 76.2235 59.1 52.8978
      vertex 75.852 59.1 52.7716
    endloop
  endfacet
  facet normal 0 -1 0
    outer loop
      vertex 77.1109 59.1 50.8427
      vertex 77.3916 59.1 52.9743
      vertex 77 59.1 50.85
    endloop
  endfacet
  facet normal 0 -1 0
    outer loop
      vertex 76.6747 59.1 50.7853
      vertex 75.852 59.1 52.7716
      vertex 75.5 59.1 52.5981
    endloop
  endfacet
  facet normal 0 -1 -0
    outer loop
      vertex 77.3916 59.1 52.9743
      vertex 77.1109 59.1 50.8427
      vertex 77.7765 59.1 52.8978
    endloop
  endfacet
  facet normal 0 -1 0
    outer loop
      vertex 76.575 59.1 50.7361
      vertex 75.5 59.1 52.5981
      vertex 75.1737 59.1 52.3801
    endloop
  endfacet
  facet normal 0 -1 0
    outer loop
      vertex 77.22 59.1 50.821
      vertex 77.7765 59.1 52.8978
      vertex 77.1109 59.1 50.8427
    endloop
  endfacet
  facet normal 0 -1 0
    outer loop
      vertex 76.4826 59.1 50.6744
      vertex 75.1737 59.1 52.3801
      vertex 74.8787 59.1 52.1213
    endloop
  endfacet
  facet normal 0 -1 -0
    outer loop
      vertex 77.7765 59.1 52.8978
      vertex 77.22 59.1 50.821
      vertex 78.148 59.1 52.7716
    endloop
  endfacet
  facet normal 0 -1 0
    outer loop
      vertex 76.399 59.1 50.601
      vertex 74.8787 59.1 52.1213
      vertex 74.6199 59.1 51.8263
    endloop
  endfacet
  facet normal 0 -1 0
    outer loop
      vertex 77.3253 59.1 50.7853
      vertex 78.148 59.1 52.7716
      vertex 77.22 59.1 50.821
    endloop
  endfacet
  facet normal 0 -1 0
    outer loop
      vertex 76.3257 59.1 50.5174
      vertex 74.6199 59.1 51.8263
      vertex 74.4019 59.1 51.5
    endloop
  endfacet
  facet normal 0 -1 -0
    outer loop
      vertex 78.148 59.1 52.7716
      vertex 77.3253 59.1 50.7853
      vertex 78.5 59.1 52.5981
    endloop
  endfacet
  facet normal 0 -1 0
    outer loop
      vertex 76.2639 59.1 50.425
      vertex 74.4019 59.1 51.5
      vertex 74.2284 59.1 51.148
    endloop
  endfacet
  facet normal 0 -1 0
    outer loop
      vertex 77.425 59.1 50.7361
      vertex 78.5 59.1 52.5981
      vertex 77.3253 59.1 50.7853
    endloop
  endfacet
  facet normal 0 -1 -0
    outer loop
      vertex 78.5 59.1 52.5981
      vertex 77.425 59.1 50.7361
      vertex 78.8263 59.1 52.3801
    endloop
  endfacet
  facet normal 0 -1 0
    outer loop
      vertex 76.6084 59.1 52.9743
      vertex 76.8891 59.1 50.8427
      vertex 77 59.1 50.85
    endloop
  endfacet
  facet normal 0 -1 0
    outer loop
      vertex 76.2235 59.1 52.8978
      vertex 76.78 59.1 50.821
      vertex 76.8891 59.1 50.8427
    endloop
  endfacet
  facet normal 0 -1 0
    outer loop
      vertex 75.852 59.1 52.7716
      vertex 76.6747 59.1 50.7853
      vertex 76.78 59.1 50.821
    endloop
  endfacet
  facet normal 0 -1 0
    outer loop
      vertex 76.2147 59.1 50.3253
      vertex 74.2284 59.1 51.148
      vertex 74.1022 59.1 50.7765
    endloop
  endfacet
  facet normal 0 -1 0
    outer loop
      vertex 75.5 59.1 52.5981
      vertex 76.575 59.1 50.7361
      vertex 76.6747 59.1 50.7853
    endloop
  endfacet
  facet normal 0 -1 0
    outer loop
      vertex 75.1737 59.1 52.3801
      vertex 76.4826 59.1 50.6744
      vertex 76.575 59.1 50.7361
    endloop
  endfacet
  facet normal 0 -1 0
    outer loop
      vertex 74.8787 59.1 52.1213
      vertex 76.399 59.1 50.601
      vertex 76.4826 59.1 50.6744
    endloop
  endfacet
  facet normal 0 -1 0
    outer loop
      vertex 74.6199 59.1 51.8263
      vertex 76.3257 59.1 50.5174
      vertex 76.399 59.1 50.601
    endloop
  endfacet
  facet normal 0 -1 0
    outer loop
      vertex 74.4019 59.1 51.5
      vertex 76.2639 59.1 50.425
      vertex 76.3257 59.1 50.5174
    endloop
  endfacet
  facet normal 0 -1 0
    outer loop
      vertex 76.179 59.1 50.22
      vertex 74.1022 59.1 50.7765
      vertex 74.0257 59.1 50.3916
    endloop
  endfacet
  facet normal 0 -1 0
    outer loop
      vertex 74.2284 59.1 51.148
      vertex 76.2147 59.1 50.3253
      vertex 76.2639 59.1 50.425
    endloop
  endfacet
  facet normal 0 -1 0
    outer loop
      vertex 74.1022 59.1 50.7765
      vertex 76.179 59.1 50.22
      vertex 76.2147 59.1 50.3253
    endloop
  endfacet
  facet normal 0 -1 0
    outer loop
      vertex 74.0257 59.1 50.3916
      vertex 76.1573 59.1 50.1109
      vertex 76.179 59.1 50.22
    endloop
  endfacet
  facet normal 0 -1 0
    outer loop
      vertex 74 59.1 50
      vertex 76.1573 59.1 50.1109
      vertex 74.0257 59.1 50.3916
    endloop
  endfacet
  facet normal 0 -1 0
    outer loop
      vertex 74 59.1 50
      vertex 76.15 59.1 50
      vertex 76.1573 59.1 50.1109
    endloop
  endfacet
  facet normal 0 -1 0
    outer loop
      vertex 74 59.1 50
      vertex 76.1573 59.1 49.8891
      vertex 76.15 59.1 50
    endloop
  endfacet
  facet normal 0 -1 0
    outer loop
      vertex 74.0257 59.1 49.6084
      vertex 76.1573 59.1 49.8891
      vertex 74 59.1 50
    endloop
  endfacet
  facet normal 0 -1 -0
    outer loop
      vertex 76.1573 59.1 49.8891
      vertex 74.0257 59.1 49.6084
      vertex 76.179 59.1 49.78
    endloop
  endfacet
  facet normal 0 -1 0
    outer loop
      vertex 74.1022 59.1 49.2235
      vertex 76.179 59.1 49.78
      vertex 74.0257 59.1 49.6084
    endloop
  endfacet
  facet normal 0 -1 -0
    outer loop
      vertex 76.179 59.1 49.78
      vertex 74.1022 59.1 49.2235
      vertex 76.2147 59.1 49.6747
    endloop
  endfacet
  facet normal 0 -1 0
    outer loop
      vertex 74.2284 59.1 48.852
      vertex 76.2147 59.1 49.6747
      vertex 74.1022 59.1 49.2235
    endloop
  endfacet
  facet normal 0 -1 -0
    outer loop
      vertex 76.2147 59.1 49.6747
      vertex 74.2284 59.1 48.852
      vertex 76.2639 59.1 49.575
    endloop
  endfacet
  facet normal 0 -1 0
    outer loop
      vertex 74.4019 59.1 48.5
      vertex 76.2639 59.1 49.575
      vertex 74.2284 59.1 48.852
    endloop
  endfacet
  facet normal 0 -1 -0
    outer loop
      vertex 76.2639 59.1 49.575
      vertex 74.4019 59.1 48.5
      vertex 76.3257 59.1 49.4826
    endloop
  endfacet
  facet normal 0 -1 0
    outer loop
      vertex 74.6199 59.1 48.1737
      vertex 76.3257 59.1 49.4826
      vertex 74.4019 59.1 48.5
    endloop
  endfacet
  facet normal 0 -1 -0
    outer loop
      vertex 76.3257 59.1 49.4826
      vertex 74.6199 59.1 48.1737
      vertex 76.399 59.1 49.399
    endloop
  endfacet
  facet normal 0 -1 0
    outer loop
      vertex 74.8787 59.1 47.8787
      vertex 76.399 59.1 49.399
      vertex 74.6199 59.1 48.1737
    endloop
  endfacet
  facet normal 0 -1 -0
    outer loop
      vertex 76.399 59.1 49.399
      vertex 74.8787 59.1 47.8787
      vertex 76.4826 59.1 49.3256
    endloop
  endfacet
  facet normal 0 -1 0
    outer loop
      vertex 75.1737 59.1 47.6199
      vertex 76.4826 59.1 49.3256
      vertex 74.8787 59.1 47.8787
    endloop
  endfacet
  facet normal 0 -1 -0
    outer loop
      vertex 76.4826 59.1 49.3256
      vertex 75.1737 59.1 47.6199
      vertex 76.575 59.1 49.2639
    endloop
  endfacet
  facet normal 0 -1 0
    outer loop
      vertex 77.5174 59.1 50.6744
      vertex 78.8263 59.1 52.3801
      vertex 77.425 59.1 50.7361
    endloop
  endfacet
  facet normal 0 -1 -0
    outer loop
      vertex 78.8263 59.1 52.3801
      vertex 77.5174 59.1 50.6744
      vertex 79.1213 59.1 52.1213
    endloop
  endfacet
  facet normal 0 -1 0
    outer loop
      vertex 77.601 59.1 50.601
      vertex 79.1213 59.1 52.1213
      vertex 77.5174 59.1 50.6744
    endloop
  endfacet
  facet normal 0 -1 -0
    outer loop
      vertex 79.1213 59.1 52.1213
      vertex 77.601 59.1 50.601
      vertex 79.3801 59.1 51.8263
    endloop
  endfacet
  facet normal 0 -1 0
    outer loop
      vertex 77.6743 59.1 50.5174
      vertex 79.3801 59.1 51.8263
      vertex 77.601 59.1 50.601
    endloop
  endfacet
  facet normal 0 -1 -0
    outer loop
      vertex 79.3801 59.1 51.8263
      vertex 77.6743 59.1 50.5174
      vertex 79.5981 59.1 51.5
    endloop
  endfacet
  facet normal 0 -1 0
    outer loop
      vertex 77.7361 59.1 50.425
      vertex 79.5981 59.1 51.5
      vertex 77.6743 59.1 50.5174
    endloop
  endfacet
  facet normal 0 -1 -0
    outer loop
      vertex 79.5981 59.1 51.5
      vertex 77.7361 59.1 50.425
      vertex 79.7716 59.1 51.148
    endloop
  endfacet
  facet normal 0 -1 0
    outer loop
      vertex 77.7853 59.1 50.3253
      vertex 79.7716 59.1 51.148
      vertex 77.7361 59.1 50.425
    endloop
  endfacet
  facet normal 0 -1 -0
    outer loop
      vertex 79.7716 59.1 51.148
      vertex 77.7853 59.1 50.3253
      vertex 79.8978 59.1 50.7765
    endloop
  endfacet
  facet normal 0 -1 0
    outer loop
      vertex 77.821 59.1 50.22
      vertex 79.8978 59.1 50.7765
      vertex 77.7853 59.1 50.3253
    endloop
  endfacet
  facet normal 0 -1 -0
    outer loop
      vertex 79.8978 59.1 50.7765
      vertex 77.821 59.1 50.22
      vertex 79.9743 59.1 50.3916
    endloop
  endfacet
  facet normal 0 -1 0
    outer loop
      vertex 77.8427 59.1 50.1109
      vertex 79.9743 59.1 50.3916
      vertex 77.821 59.1 50.22
    endloop
  endfacet
  facet normal 0 -1 0
    outer loop
      vertex 77.85 59.1 50
      vertex 79.9743 59.1 50.3916
      vertex 77.8427 59.1 50.1109
    endloop
  endfacet
  facet normal 0 -1 0
    outer loop
      vertex 77.85 59.1 50
      vertex 80 59.1 50
      vertex 79.9743 59.1 50.3916
    endloop
  endfacet
  facet normal 0 -1 0
    outer loop
      vertex 77.8427 59.1 49.8891
      vertex 80 59.1 50
      vertex 77.85 59.1 50
    endloop
  endfacet
  facet normal 0 -1 0
    outer loop
      vertex 79.9743 59.1 49.6084
      vertex 77.8427 59.1 49.8891
      vertex 77.821 59.1 49.78
    endloop
  endfacet
  facet normal 0 -1 0
    outer loop
      vertex 79.8978 59.1 49.2235
      vertex 77.821 59.1 49.78
      vertex 77.7853 59.1 49.6747
    endloop
  endfacet
  facet normal 0 -1 0
    outer loop
      vertex 77.8427 59.1 49.8891
      vertex 79.9743 59.1 49.6084
      vertex 80 59.1 50
    endloop
  endfacet
  facet normal 0 -1 0
    outer loop
      vertex 79.7716 59.1 48.852
      vertex 77.7853 59.1 49.6747
      vertex 77.7361 59.1 49.575
    endloop
  endfacet
  facet normal 0 -1 0
    outer loop
      vertex 79.5981 59.1 48.5
      vertex 77.7361 59.1 49.575
      vertex 77.6743 59.1 49.4826
    endloop
  endfacet
  facet normal 0 -1 0
    outer loop
      vertex 79.3801 59.1 48.1737
      vertex 77.6743 59.1 49.4826
      vertex 77.601 59.1 49.399
    endloop
  endfacet
  facet normal 0 -1 0
    outer loop
      vertex 79.1213 59.1 47.8787
      vertex 77.601 59.1 49.399
      vertex 77.5174 59.1 49.3256
    endloop
  endfacet
  facet normal 0 -1 0
    outer loop
      vertex 78.8263 59.1 47.6199
      vertex 77.5174 59.1 49.3256
      vertex 77.425 59.1 49.2639
    endloop
  endfacet
  facet normal 0 -1 0
    outer loop
      vertex 77.821 59.1 49.78
      vertex 79.8978 59.1 49.2235
      vertex 79.9743 59.1 49.6084
    endloop
  endfacet
  facet normal 0 -1 0
    outer loop
      vertex 78.5 59.1 47.4019
      vertex 77.425 59.1 49.2639
      vertex 77.3253 59.1 49.2147
    endloop
  endfacet
  facet normal 0 -1 0
    outer loop
      vertex 78.148 59.1 47.2284
      vertex 77.3253 59.1 49.2147
      vertex 77.22 59.1 49.179
    endloop
  endfacet
  facet normal 0 -1 0
    outer loop
      vertex 77.7765 59.1 47.1022
      vertex 77.22 59.1 49.179
      vertex 77.1109 59.1 49.1573
    endloop
  endfacet
  facet normal 0 -1 0
    outer loop
      vertex 77.3916 59.1 47.0257
      vertex 77.1109 59.1 49.1573
      vertex 77 59.1 49.15
    endloop
  endfacet
  facet normal 0 -1 0
    outer loop
      vertex 75.5 59.1 47.4019
      vertex 76.575 59.1 49.2639
      vertex 75.1737 59.1 47.6199
    endloop
  endfacet
  facet normal 0 -1 0
    outer loop
      vertex 77.7853 59.1 49.6747
      vertex 79.7716 59.1 48.852
      vertex 79.8978 59.1 49.2235
    endloop
  endfacet
  facet normal 0 -1 -0
    outer loop
      vertex 76.575 59.1 49.2639
      vertex 75.5 59.1 47.4019
      vertex 76.6747 59.1 49.2147
    endloop
  endfacet
  facet normal 0 -1 0
    outer loop
      vertex 77.7361 59.1 49.575
      vertex 79.5981 59.1 48.5
      vertex 79.7716 59.1 48.852
    endloop
  endfacet
  facet normal 0 -1 0
    outer loop
      vertex 75.852 59.1 47.2284
      vertex 76.6747 59.1 49.2147
      vertex 75.5 59.1 47.4019
    endloop
  endfacet
  facet normal 0 -1 0
    outer loop
      vertex 77.6743 59.1 49.4826
      vertex 79.3801 59.1 48.1737
      vertex 79.5981 59.1 48.5
    endloop
  endfacet
  facet normal 0 -1 -0
    outer loop
      vertex 76.6747 59.1 49.2147
      vertex 75.852 59.1 47.2284
      vertex 76.78 59.1 49.179
    endloop
  endfacet
  facet normal 0 -1 0
    outer loop
      vertex 77.601 59.1 49.399
      vertex 79.1213 59.1 47.8787
      vertex 79.3801 59.1 48.1737
    endloop
  endfacet
  facet normal 0 -1 0
    outer loop
      vertex 76.2235 59.1 47.1022
      vertex 76.78 59.1 49.179
      vertex 75.852 59.1 47.2284
    endloop
  endfacet
  facet normal 0 -1 0
    outer loop
      vertex 77.5174 59.1 49.3256
      vertex 78.8263 59.1 47.6199
      vertex 79.1213 59.1 47.8787
    endloop
  endfacet
  facet normal 0 -1 -0
    outer loop
      vertex 76.78 59.1 49.179
      vertex 76.2235 59.1 47.1022
      vertex 76.8891 59.1 49.1573
    endloop
  endfacet
  facet normal 0 -1 0
    outer loop
      vertex 77.425 59.1 49.2639
      vertex 78.5 59.1 47.4019
      vertex 78.8263 59.1 47.6199
    endloop
  endfacet
  facet normal 0 -1 0
    outer loop
      vertex 76.6084 59.1 47.0257
      vertex 76.8891 59.1 49.1573
      vertex 76.2235 59.1 47.1022
    endloop
  endfacet
  facet normal 0 -1 0
    outer loop
      vertex 77.3253 59.1 49.2147
      vertex 78.148 59.1 47.2284
      vertex 78.5 59.1 47.4019
    endloop
  endfacet
  facet normal 0 -1 -0
    outer loop
      vertex 76.8891 59.1 49.1573
      vertex 76.6084 59.1 47.0257
      vertex 77 59.1 49.15
    endloop
  endfacet
  facet normal 0 -1 0
    outer loop
      vertex 77.22 59.1 49.179
      vertex 77.7765 59.1 47.1022
      vertex 78.148 59.1 47.2284
    endloop
  endfacet
  facet normal 0 -1 0
    outer loop
      vertex 77 59.1 47
      vertex 77 59.1 49.15
      vertex 76.6084 59.1 47.0257
    endloop
  endfacet
  facet normal 0 -1 0
    outer loop
      vertex 77.1109 59.1 49.1573
      vertex 77.3916 59.1 47.0257
      vertex 77.7765 59.1 47.1022
    endloop
  endfacet
  facet normal 0 -1 0
    outer loop
      vertex 77 59.1 49.15
      vertex 77 59.1 47
      vertex 77.3916 59.1 47.0257
    endloop
  endfacet
  facet normal -0.896961 0 -0.44211
    outer loop
      vertex 74.4019 59.1 48.5
      vertex 74.2284 61.4 48.852
      vertex 74.4019 61.4 48.5
    endloop
  endfacet
  facet normal -0.896961 -0 -0.44211
    outer loop
      vertex 74.2284 61.4 48.852
      vertex 74.4019 59.1 48.5
      vertex 74.2284 59.1 48.852
    endloop
  endfacet
  facet normal -0.997853 0 -0.0654873
    outer loop
      vertex 74.0257 59.1 49.6084
      vertex 74 61.4 50
      vertex 74.0257 61.4 49.6084
    endloop
  endfacet
  facet normal -0.997853 -0 -0.0654873
    outer loop
      vertex 74 61.4 50
      vertex 74.0257 59.1 49.6084
      vertex 74 59.1 50
    endloop
  endfacet
  facet normal -0.555523 0 -0.831501
    outer loop
      vertex 75.1737 59.1 47.6199
      vertex 75.5 61.4 47.4019
      vertex 75.5 59.1 47.4019
    endloop
  endfacet
  facet normal -0.555523 0 -0.831501
    outer loop
      vertex 75.5 61.4 47.4019
      vertex 75.1737 59.1 47.6199
      vertex 75.1737 61.4 47.6199
    endloop
  endfacet
  facet normal -0.659478 0 -0.751724
    outer loop
      vertex 74.8787 59.1 47.8787
      vertex 75.1737 61.4 47.6199
      vertex 75.1737 59.1 47.6199
    endloop
  endfacet
  facet normal -0.659478 0 -0.751724
    outer loop
      vertex 75.1737 61.4 47.6199
      vertex 74.8787 59.1 47.8787
      vertex 74.8787 61.4 47.8787
    endloop
  endfacet
  facet normal -0.321651 0 -0.946858
    outer loop
      vertex 75.852 59.1 47.2284
      vertex 76.2235 61.4 47.1022
      vertex 76.2235 59.1 47.1022
    endloop
  endfacet
  facet normal -0.321651 0 -0.946858
    outer loop
      vertex 76.2235 61.4 47.1022
      vertex 75.852 59.1 47.2284
      vertex 75.852 61.4 47.2284
    endloop
  endfacet
  facet normal 0.555523 0 0.831501
    outer loop
      vertex 78.5 61.4 52.5981
      vertex 78.8263 59.1 52.3801
      vertex 78.8263 61.4 52.3801
    endloop
  endfacet
  facet normal 0.555523 0 0.831501
    outer loop
      vertex 78.8263 59.1 52.3801
      vertex 78.5 61.4 52.5981
      vertex 78.5 59.1 52.5981
    endloop
  endfacet
  facet normal 0.751724 -0 0.659478
    outer loop
      vertex 79.1213 59.1 52.1213
      vertex 79.3801 61.4 51.8263
      vertex 79.1213 61.4 52.1213
    endloop
  endfacet
  facet normal 0.751724 0 0.659478
    outer loop
      vertex 79.3801 61.4 51.8263
      vertex 79.1213 59.1 52.1213
      vertex 79.3801 59.1 51.8263
    endloop
  endfacet
  facet normal 0.896961 -0 0.44211
    outer loop
      vertex 79.5981 59.1 51.5
      vertex 79.7716 61.4 51.148
      vertex 79.5981 61.4 51.5
    endloop
  endfacet
  facet normal 0.896961 0 0.44211
    outer loop
      vertex 79.7716 61.4 51.148
      vertex 79.5981 59.1 51.5
      vertex 79.7716 59.1 51.148
    endloop
  endfacet
  facet normal 0.980815 -0 0.19494
    outer loop
      vertex 79.8978 59.1 50.7765
      vertex 79.9743 61.4 50.3916
      vertex 79.8978 61.4 50.7765
    endloop
  endfacet
  facet normal 0.980815 0 0.19494
    outer loop
      vertex 79.9743 61.4 50.3916
      vertex 79.8978 59.1 50.7765
      vertex 79.9743 59.1 50.3916
    endloop
  endfacet
  facet normal -0.980815 0 0.19494
    outer loop
      vertex 74.0257 59.1 50.3916
      vertex 74.1022 61.4 50.7765
      vertex 74.0257 61.4 50.3916
    endloop
  endfacet
  facet normal -0.980815 0 0.19494
    outer loop
      vertex 74.1022 61.4 50.7765
      vertex 74.0257 59.1 50.3916
      vertex 74.1022 59.1 50.7765
    endloop
  endfacet
  facet normal -0.997853 0 0.0654873
    outer loop
      vertex 74 59.1 50
      vertex 74.0257 61.4 50.3916
      vertex 74 61.4 50
    endloop
  endfacet
  facet normal -0.997853 0 0.0654873
    outer loop
      vertex 74.0257 61.4 50.3916
      vertex 74 59.1 50
      vertex 74.0257 59.1 50.3916
    endloop
  endfacet
  facet normal 0.831501 -0 0.555523
    outer loop
      vertex 79.3801 59.1 51.8263
      vertex 79.5981 61.4 51.5
      vertex 79.3801 61.4 51.8263
    endloop
  endfacet
  facet normal 0.831501 0 0.555523
    outer loop
      vertex 79.5981 61.4 51.5
      vertex 79.3801 59.1 51.8263
      vertex 79.5981 59.1 51.5
    endloop
  endfacet
  facet normal 0.997853 -0 0.0654873
    outer loop
      vertex 79.9743 59.1 50.3916
      vertex 80 61.4 50
      vertex 79.9743 61.4 50.3916
    endloop
  endfacet
  facet normal 0.997853 0 0.0654873
    outer loop
      vertex 80 61.4 50
      vertex 79.9743 59.1 50.3916
      vertex 80 59.1 50
    endloop
  endfacet
  facet normal -0.659478 0 0.751724
    outer loop
      vertex 74.8787 61.4 52.1213
      vertex 75.1737 59.1 52.3801
      vertex 75.1737 61.4 52.3801
    endloop
  endfacet
  facet normal -0.659478 0 0.751724
    outer loop
      vertex 75.1737 59.1 52.3801
      vertex 74.8787 61.4 52.1213
      vertex 74.8787 59.1 52.1213
    endloop
  endfacet
  facet normal -0.946858 0 0.321651
    outer loop
      vertex 74.1022 59.1 50.7765
      vertex 74.2284 61.4 51.148
      vertex 74.1022 61.4 50.7765
    endloop
  endfacet
  facet normal -0.946858 0 0.321651
    outer loop
      vertex 74.2284 61.4 51.148
      vertex 74.1022 59.1 50.7765
      vertex 74.2284 59.1 51.148
    endloop
  endfacet
  facet normal -0.896961 0 0.44211
    outer loop
      vertex 74.2284 59.1 51.148
      vertex 74.4019 61.4 51.5
      vertex 74.2284 61.4 51.148
    endloop
  endfacet
  facet normal -0.896961 0 0.44211
    outer loop
      vertex 74.4019 61.4 51.5
      vertex 74.2284 59.1 51.148
      vertex 74.4019 59.1 51.5
    endloop
  endfacet
  facet normal 0.44211 0 0.896961
    outer loop
      vertex 78.148 61.4 52.7716
      vertex 78.5 59.1 52.5981
      vertex 78.5 61.4 52.5981
    endloop
  endfacet
  facet normal 0.44211 0 0.896961
    outer loop
      vertex 78.5 59.1 52.5981
      vertex 78.148 61.4 52.7716
      vertex 78.148 59.1 52.7716
    endloop
  endfacet
  facet normal 0.321651 0 0.946858
    outer loop
      vertex 77.7765 61.4 52.8978
      vertex 78.148 59.1 52.7716
      vertex 78.148 61.4 52.7716
    endloop
  endfacet
  facet normal 0.321651 0 0.946858
    outer loop
      vertex 78.148 59.1 52.7716
      vertex 77.7765 61.4 52.8978
      vertex 77.7765 59.1 52.8978
    endloop
  endfacet
  facet normal 0.659478 0 0.751724
    outer loop
      vertex 78.8263 61.4 52.3801
      vertex 79.1213 59.1 52.1213
      vertex 79.1213 61.4 52.1213
    endloop
  endfacet
  facet normal 0.659478 0 0.751724
    outer loop
      vertex 79.1213 59.1 52.1213
      vertex 78.8263 61.4 52.3801
      vertex 78.8263 59.1 52.3801
    endloop
  endfacet
  facet normal -0.19494 0 0.980815
    outer loop
      vertex 76.2235 61.4 52.8978
      vertex 76.6084 59.1 52.9743
      vertex 76.6084 61.4 52.9743
    endloop
  endfacet
  facet normal -0.19494 0 0.980815
    outer loop
      vertex 76.6084 59.1 52.9743
      vertex 76.2235 61.4 52.8978
      vertex 76.2235 59.1 52.8978
    endloop
  endfacet
  facet normal -0.751724 0 0.659478
    outer loop
      vertex 74.6199 59.1 51.8263
      vertex 74.8787 61.4 52.1213
      vertex 74.6199 61.4 51.8263
    endloop
  endfacet
  facet normal -0.751724 0 0.659478
    outer loop
      vertex 74.8787 61.4 52.1213
      vertex 74.6199 59.1 51.8263
      vertex 74.8787 59.1 52.1213
    endloop
  endfacet
  facet normal -0.555523 0 0.831501
    outer loop
      vertex 75.1737 61.4 52.3801
      vertex 75.5 59.1 52.5981
      vertex 75.5 61.4 52.5981
    endloop
  endfacet
  facet normal -0.555523 0 0.831501
    outer loop
      vertex 75.5 59.1 52.5981
      vertex 75.1737 61.4 52.3801
      vertex 75.1737 59.1 52.3801
    endloop
  endfacet
  facet normal -0.44211 0 0.896961
    outer loop
      vertex 75.5 61.4 52.5981
      vertex 75.852 59.1 52.7716
      vertex 75.852 61.4 52.7716
    endloop
  endfacet
  facet normal -0.44211 0 0.896961
    outer loop
      vertex 75.852 59.1 52.7716
      vertex 75.5 61.4 52.5981
      vertex 75.5 59.1 52.5981
    endloop
  endfacet
  facet normal -0.0654873 0 0.997853
    outer loop
      vertex 76.6084 61.4 52.9743
      vertex 77 59.1 53
      vertex 77 61.4 53
    endloop
  endfacet
  facet normal -0.0654873 0 0.997853
    outer loop
      vertex 77 59.1 53
      vertex 76.6084 61.4 52.9743
      vertex 76.6084 59.1 52.9743
    endloop
  endfacet
  facet normal -0.321651 0 0.946858
    outer loop
      vertex 75.852 61.4 52.7716
      vertex 76.2235 59.1 52.8978
      vertex 76.2235 61.4 52.8978
    endloop
  endfacet
  facet normal -0.321651 0 0.946858
    outer loop
      vertex 76.2235 59.1 52.8978
      vertex 75.852 61.4 52.7716
      vertex 75.852 59.1 52.7716
    endloop
  endfacet
  facet normal -1 0 0
    outer loop
      vertex -2 0 -2
      vertex -2 81 0
      vertex -2 79 -2
    endloop
  endfacet
  facet normal -1 -0 0
    outer loop
      vertex -2 81 0
      vertex -2 0 -2
      vertex -2 -2 0
    endloop
  endfacet
  facet normal 1 0 0
    outer loop
      vertex 88 81 0
      vertex 88 0 -2
      vertex 88 79 -2
    endloop
  endfacet
  facet normal 1 0 -0
    outer loop
      vertex 88 0 -2
      vertex 88 81 0
      vertex 88 -2 0
    endloop
  endfacet
  facet normal 0 0 -1
    outer loop
      vertex 86 -2 -2
      vertex 88 79 -2
      vertex 88 0 -2
    endloop
  endfacet
  facet normal 0 0 -1
    outer loop
      vertex 86 -2 -2
      vertex 86 81 -2
      vertex 88 79 -2
    endloop
  endfacet
  facet normal 0 0 -1
    outer loop
      vertex 0 -2 -2
      vertex 86 81 -2
      vertex 86 -2 -2
    endloop
  endfacet
  facet normal 0 0 -1
    outer loop
      vertex 0 -2 -2
      vertex 0 81 -2
      vertex 86 81 -2
    endloop
  endfacet
  facet normal 0 0 -1
    outer loop
      vertex -2 0 -2
      vertex 0 81 -2
      vertex 0 -2 -2
    endloop
  endfacet
  facet normal 0 0 -1
    outer loop
      vertex 0 81 -2
      vertex -2 0 -2
      vertex -2 79 -2
    endloop
  endfacet
  facet normal 0 -1 0
    outer loop
      vertex 0 -2 -2
      vertex 10.012 -2 0
      vertex -2 -2 0
    endloop
  endfacet
  facet normal 0 -1 -0
    outer loop
      vertex 10.012 -2 0
      vertex 0 -2 -2
      vertex 76.012 -2 0
    endloop
  endfacet
  facet normal 0 -1 0
    outer loop
      vertex 86 -2 -2
      vertex 76.012 -2 0
      vertex 0 -2 -2
    endloop
  endfacet
  facet normal 0 -1 0
    outer loop
      vertex 76.012 -2 0
      vertex 86 -2 -2
      vertex 88 -2 0
    endloop
  endfacet
  facet normal 0 -1 0
    outer loop
      vertex 10.012 -2 0
      vertex 76.012 -2 4
      vertex 10.012 -2 4
    endloop
  endfacet
  facet normal 0 -1 -0
    outer loop
      vertex 76.012 -2 4
      vertex 10.012 -2 0
      vertex 76.012 -2 0
    endloop
  endfacet
  facet normal 0 1 0
    outer loop
      vertex 86 81 -2
      vertex 86 81 0
      vertex 88 81 0
    endloop
  endfacet
  facet normal 0 1 0
    outer loop
      vertex 86 81 0
      vertex 86 81 -2
      vertex 0 81 0
    endloop
  endfacet
  facet normal 0 1 0
    outer loop
      vertex 0 81 -2
      vertex 0 81 0
      vertex 86 81 -2
    endloop
  endfacet
  facet normal 0 1 0
    outer loop
      vertex 0 81 0
      vertex 0 81 -2
      vertex -2 81 0
    endloop
  endfacet
  facet normal 0 1 0
    outer loop
      vertex 79.5691 81 37.0673
      vertex 81.9947 81 7.3253
      vertex 79.46 81 37.089
    endloop
  endfacet
  facet normal 0 1 0
    outer loop
      vertex 79.3547 81 37.1247
      vertex 64.6509 81 7.38273
      vertex 64.54 81 7.39
    endloop
  endfacet
  facet normal 0 1 -0
    outer loop
      vertex 81.895 81 7.27612
      vertex 79.46 81 37.089
      vertex 81.9947 81 7.3253
    endloop
  endfacet
  facet normal 0 1 0
    outer loop
      vertex 79.3547 81 37.1247
      vertex 64.76 81 7.36104
      vertex 64.6509 81 7.38273
    endloop
  endfacet
  facet normal 0 1 0
    outer loop
      vertex 79.46 81 37.089
      vertex 81.895 81 7.27612
      vertex 79.3547 81 37.1247
    endloop
  endfacet
  facet normal 0 1 0
    outer loop
      vertex 79.3547 81 37.1247
      vertex 64.8653 81 7.3253
      vertex 64.76 81 7.36104
    endloop
  endfacet
  facet normal 0 1 0
    outer loop
      vertex 64.965 81 7.27612
      vertex 79.3547 81 37.1247
      vertex 81.895 81 7.27612
    endloop
  endfacet
  facet normal 0 1 0
    outer loop
      vertex 79.3547 81 37.1247
      vertex 64.965 81 7.27612
      vertex 64.8653 81 7.3253
    endloop
  endfacet
  facet normal 0 1 -0
    outer loop
      vertex 81.8026 81 7.21435
      vertex 64.965 81 7.27612
      vertex 81.895 81 7.27612
    endloop
  endfacet
  facet normal 0 1 0
    outer loop
      vertex 81.8026 81 7.21435
      vertex 65.0574 81 7.21435
      vertex 64.965 81 7.27612
    endloop
  endfacet
  facet normal 0 1 -0
    outer loop
      vertex 81.719 81 7.14104
      vertex 65.0574 81 7.21435
      vertex 81.8026 81 7.21435
    endloop
  endfacet
  facet normal 0 1 0
    outer loop
      vertex 81.719 81 7.14104
      vertex 65.141 81 7.14104
      vertex 65.0574 81 7.21435
    endloop
  endfacet
  facet normal 0 1 -0
    outer loop
      vertex 81.6456 81 7.05745
      vertex 65.141 81 7.14104
      vertex 81.719 81 7.14104
    endloop
  endfacet
  facet normal 0 1 0
    outer loop
      vertex 81.6456 81 7.05745
      vertex 65.2143 81 7.05745
      vertex 65.141 81 7.14104
    endloop
  endfacet
  facet normal 0 1 -0
    outer loop
      vertex 81.5839 81 6.965
      vertex 65.2143 81 7.05745
      vertex 81.6456 81 7.05745
    endloop
  endfacet
  facet normal 0 1 0
    outer loop
      vertex 81.5839 81 6.965
      vertex 65.2761 81 6.965
      vertex 65.2143 81 7.05745
    endloop
  endfacet
  facet normal 0 1 -0
    outer loop
      vertex 81.5347 81 6.86528
      vertex 65.2761 81 6.965
      vertex 81.5839 81 6.965
    endloop
  endfacet
  facet normal 0 1 0
    outer loop
      vertex 81.5347 81 6.86528
      vertex 65.3253 81 6.86528
      vertex 65.2761 81 6.965
    endloop
  endfacet
  facet normal 0 1 -0
    outer loop
      vertex 81.499 81 6.76
      vertex 65.3253 81 6.86528
      vertex 81.5347 81 6.86528
    endloop
  endfacet
  facet normal 0 1 0
    outer loop
      vertex 81.499 81 6.76
      vertex 65.361 81 6.76
      vertex 65.3253 81 6.86528
    endloop
  endfacet
  facet normal 0 1 -0
    outer loop
      vertex 81.4773 81 6.65095
      vertex 65.361 81 6.76
      vertex 81.499 81 6.76
    endloop
  endfacet
  facet normal 0 1 0
    outer loop
      vertex 81.4773 81 6.65095
      vertex 65.3827 81 6.65095
      vertex 65.361 81 6.76
    endloop
  endfacet
  facet normal 0 1 -0
    outer loop
      vertex 81.47 81 6.54
      vertex 65.3827 81 6.65095
      vertex 81.4773 81 6.65095
    endloop
  endfacet
  facet normal 0 1 0
    outer loop
      vertex 81.47 81 6.54
      vertex 65.39 81 6.54
      vertex 65.3827 81 6.65095
    endloop
  endfacet
  facet normal 0 1 0
    outer loop
      vertex 81.4773 81 6.42905
      vertex 65.39 81 6.54
      vertex 81.47 81 6.54
    endloop
  endfacet
  facet normal 0 1 0
    outer loop
      vertex 81.4773 81 6.42905
      vertex 65.3827 81 6.42905
      vertex 65.39 81 6.54
    endloop
  endfacet
  facet normal 0 1 0
    outer loop
      vertex 81.499 81 6.32
      vertex 65.3827 81 6.42905
      vertex 81.4773 81 6.42905
    endloop
  endfacet
  facet normal 0 1 0
    outer loop
      vertex 81.499 81 6.32
      vertex 65.361 81 6.32
      vertex 65.3827 81 6.42905
    endloop
  endfacet
  facet normal 0 1 0
    outer loop
      vertex 81.5347 81 6.21472
      vertex 65.361 81 6.32
      vertex 81.499 81 6.32
    endloop
  endfacet
  facet normal 0 1 0
    outer loop
      vertex 81.5347 81 6.21472
      vertex 65.3253 81 6.21472
      vertex 65.361 81 6.32
    endloop
  endfacet
  facet normal 0 1 0
    outer loop
      vertex 81.5839 81 6.115
      vertex 65.3253 81 6.21472
      vertex 81.5347 81 6.21472
    endloop
  endfacet
  facet normal 0 1 0
    outer loop
      vertex 81.5839 81 6.115
      vertex 65.2761 81 6.115
      vertex 65.3253 81 6.21472
    endloop
  endfacet
  facet normal 0 1 0
    outer loop
      vertex 81.6456 81 6.02255
      vertex 65.2761 81 6.115
      vertex 81.5839 81 6.115
    endloop
  endfacet
  facet normal 0 1 0
    outer loop
      vertex 81.6456 81 6.02255
      vertex 65.2143 81 6.02255
      vertex 65.2761 81 6.115
    endloop
  endfacet
  facet normal 0 1 0
    outer loop
      vertex 81.719 81 5.93896
      vertex 65.2143 81 6.02255
      vertex 81.6456 81 6.02255
    endloop
  endfacet
  facet normal 0 1 0
    outer loop
      vertex 81.719 81 5.93896
      vertex 65.141 81 5.93896
      vertex 65.2143 81 6.02255
    endloop
  endfacet
  facet normal 0 1 0
    outer loop
      vertex 81.8026 81 5.86565
      vertex 65.141 81 5.93896
      vertex 81.719 81 5.93896
    endloop
  endfacet
  facet normal 0 1 0
    outer loop
      vertex 81.8026 81 5.86565
      vertex 65.0574 81 5.86565
      vertex 65.141 81 5.93896
    endloop
  endfacet
  facet normal 0 1 0
    outer loop
      vertex 86 81 0
      vertex 81.8026 81 5.86565
      vertex 81.895 81 5.80388
    endloop
  endfacet
  facet normal 0 1 0
    outer loop
      vertex 81.8026 81 5.86565
      vertex 86 81 0
      vertex 65.0574 81 5.86565
    endloop
  endfacet
  facet normal 0 1 0
    outer loop
      vertex 86 81 0
      vertex 81.895 81 5.80388
      vertex 81.9947 81 5.7547
    endloop
  endfacet
  facet normal 0 1 0
    outer loop
      vertex 65.0574 81 5.86565
      vertex 86 81 0
      vertex 64.965 81 5.80388
    endloop
  endfacet
  facet normal 0 1 0
    outer loop
      vertex 86 81 0
      vertex 81.9947 81 5.7547
      vertex 82.1 81 5.71896
    endloop
  endfacet
  facet normal 0 1 0
    outer loop
      vertex 64.965 81 5.80388
      vertex 86 81 0
      vertex 64.8653 81 5.7547
    endloop
  endfacet
  facet normal 0 1 0
    outer loop
      vertex 86 81 0
      vertex 82.1 81 5.71896
      vertex 82.2091 81 5.69727
    endloop
  endfacet
  facet normal 0 1 0
    outer loop
      vertex 64.8653 81 5.7547
      vertex 86 81 0
      vertex 64.76 81 5.71896
    endloop
  endfacet
  facet normal 0 1 0
    outer loop
      vertex 86 81 0
      vertex 82.2091 81 5.69727
      vertex 82.32 81 5.69
    endloop
  endfacet
  facet normal 0 1 0
    outer loop
      vertex 64.76 81 5.71896
      vertex 86 81 0
      vertex 64.6509 81 5.69727
    endloop
  endfacet
  facet normal 0 1 0
    outer loop
      vertex 79.46 81 38.731
      vertex 86 81 56
      vertex 79.5691 81 38.7527
    endloop
  endfacet
  facet normal 0 1 0
    outer loop
      vertex 86 81 56
      vertex 66.6509 81 38.7527
      vertex 66.54 81 38.76
    endloop
  endfacet
  facet normal 0 1 0
    outer loop
      vertex 79.3547 81 38.6953
      vertex 86 81 56
      vertex 79.46 81 38.731
    endloop
  endfacet
  facet normal 0 1 0
    outer loop
      vertex 86 81 56
      vertex 66.76 81 38.731
      vertex 66.6509 81 38.7527
    endloop
  endfacet
  facet normal 0 1 0
    outer loop
      vertex 66.8653 81 38.6953
      vertex 86 81 56
      vertex 79.3547 81 38.6953
    endloop
  endfacet
  facet normal 0 1 0
    outer loop
      vertex 86 81 56
      vertex 66.8653 81 38.6953
      vertex 66.76 81 38.731
    endloop
  endfacet
  facet normal 0 1 -0
    outer loop
      vertex 79.255 81 38.6461
      vertex 66.8653 81 38.6953
      vertex 79.3547 81 38.6953
    endloop
  endfacet
  facet normal 0 1 0
    outer loop
      vertex 79.255 81 38.6461
      vertex 66.965 81 38.6461
      vertex 66.8653 81 38.6953
    endloop
  endfacet
  facet normal 0 1 -0
    outer loop
      vertex 79.1626 81 38.5844
      vertex 66.965 81 38.6461
      vertex 79.255 81 38.6461
    endloop
  endfacet
  facet normal 0 1 0
    outer loop
      vertex 79.1626 81 38.5844
      vertex 67.0574 81 38.5844
      vertex 66.965 81 38.6461
    endloop
  endfacet
  facet normal 0 1 -0
    outer loop
      vertex 79.079 81 38.511
      vertex 67.0574 81 38.5844
      vertex 79.1626 81 38.5844
    endloop
  endfacet
  facet normal 0 1 0
    outer loop
      vertex 79.079 81 38.511
      vertex 67.141 81 38.511
      vertex 67.0574 81 38.5844
    endloop
  endfacet
  facet normal 0 1 -0
    outer loop
      vertex 79.0056 81 38.4274
      vertex 67.141 81 38.511
      vertex 79.079 81 38.511
    endloop
  endfacet
  facet normal 0 1 0
    outer loop
      vertex 79.0056 81 38.4274
      vertex 67.2143 81 38.4274
      vertex 67.141 81 38.511
    endloop
  endfacet
  facet normal 0 1 -0
    outer loop
      vertex 78.9439 81 38.335
      vertex 67.2143 81 38.4274
      vertex 79.0056 81 38.4274
    endloop
  endfacet
  facet normal 0 1 0
    outer loop
      vertex 78.9439 81 38.335
      vertex 67.2761 81 38.335
      vertex 67.2143 81 38.4274
    endloop
  endfacet
  facet normal 0 1 -0
    outer loop
      vertex 78.8947 81 38.2353
      vertex 67.2761 81 38.335
      vertex 78.9439 81 38.335
    endloop
  endfacet
  facet normal 0 1 0
    outer loop
      vertex 78.8947 81 38.2353
      vertex 67.3253 81 38.2353
      vertex 67.2761 81 38.335
    endloop
  endfacet
  facet normal 0 1 -0
    outer loop
      vertex 78.859 81 38.13
      vertex 67.3253 81 38.2353
      vertex 78.8947 81 38.2353
    endloop
  endfacet
  facet normal 0 1 0
    outer loop
      vertex 78.859 81 38.13
      vertex 67.361 81 38.13
      vertex 67.3253 81 38.2353
    endloop
  endfacet
  facet normal 0 1 -0
    outer loop
      vertex 78.8373 81 38.0209
      vertex 67.361 81 38.13
      vertex 78.859 81 38.13
    endloop
  endfacet
  facet normal 0 1 0
    outer loop
      vertex 78.8373 81 38.0209
      vertex 67.3827 81 38.0209
      vertex 67.361 81 38.13
    endloop
  endfacet
  facet normal 0 1 -0
    outer loop
      vertex 78.83 81 37.91
      vertex 67.3827 81 38.0209
      vertex 78.8373 81 38.0209
    endloop
  endfacet
  facet normal 0 1 0
    outer loop
      vertex 78.83 81 37.91
      vertex 67.39 81 37.91
      vertex 67.3827 81 38.0209
    endloop
  endfacet
  facet normal 0 1 0
    outer loop
      vertex 78.8373 81 37.7991
      vertex 67.39 81 37.91
      vertex 78.83 81 37.91
    endloop
  endfacet
  facet normal 0 1 0
    outer loop
      vertex 78.8373 81 37.7991
      vertex 67.3827 81 37.7991
      vertex 67.39 81 37.91
    endloop
  endfacet
  facet normal 0 1 0
    outer loop
      vertex 78.859 81 37.69
      vertex 67.3827 81 37.7991
      vertex 78.8373 81 37.7991
    endloop
  endfacet
  facet normal 0 1 0
    outer loop
      vertex 78.859 81 37.69
      vertex 67.361 81 37.69
      vertex 67.3827 81 37.7991
    endloop
  endfacet
  facet normal 0 1 0
    outer loop
      vertex 78.8947 81 37.5847
      vertex 67.361 81 37.69
      vertex 78.859 81 37.69
    endloop
  endfacet
  facet normal 0 1 0
    outer loop
      vertex 78.8947 81 37.5847
      vertex 67.3253 81 37.5847
      vertex 67.361 81 37.69
    endloop
  endfacet
  facet normal 0 1 0
    outer loop
      vertex 78.9439 81 37.485
      vertex 67.3253 81 37.5847
      vertex 78.8947 81 37.5847
    endloop
  endfacet
  facet normal 0 1 0
    outer loop
      vertex 78.9439 81 37.485
      vertex 67.2761 81 37.485
      vertex 67.3253 81 37.5847
    endloop
  endfacet
  facet normal 0 1 0
    outer loop
      vertex 79.0056 81 37.3926
      vertex 67.2761 81 37.485
      vertex 78.9439 81 37.485
    endloop
  endfacet
  facet normal 0 1 0
    outer loop
      vertex 79.0056 81 37.3926
      vertex 67.2143 81 37.3926
      vertex 67.2761 81 37.485
    endloop
  endfacet
  facet normal 0 1 0
    outer loop
      vertex 79.079 81 37.309
      vertex 67.2143 81 37.3926
      vertex 79.0056 81 37.3926
    endloop
  endfacet
  facet normal 0 1 0
    outer loop
      vertex 79.079 81 37.309
      vertex 67.141 81 37.309
      vertex 67.2143 81 37.3926
    endloop
  endfacet
  facet normal 0 1 0
    outer loop
      vertex 79.1626 81 37.2356
      vertex 67.141 81 37.309
      vertex 79.079 81 37.309
    endloop
  endfacet
  facet normal 0 1 0
    outer loop
      vertex 79.1626 81 37.2356
      vertex 67.0574 81 37.2356
      vertex 67.141 81 37.309
    endloop
  endfacet
  facet normal 0 1 0
    outer loop
      vertex 79.255 81 37.1739
      vertex 67.0574 81 37.2356
      vertex 79.1626 81 37.2356
    endloop
  endfacet
  facet normal 0 1 0
    outer loop
      vertex 79.255 81 37.1739
      vertex 66.965 81 37.1739
      vertex 67.0574 81 37.2356
    endloop
  endfacet
  facet normal 0 1 0
    outer loop
      vertex 79.3547 81 37.1247
      vertex 66.965 81 37.1739
      vertex 79.255 81 37.1739
    endloop
  endfacet
  facet normal 0 1 0
    outer loop
      vertex 79.3547 81 37.1247
      vertex 66.8653 81 37.1247
      vertex 66.965 81 37.1739
    endloop
  endfacet
  facet normal 0 1 0
    outer loop
      vertex 79.68 81 37.06
      vertex 82.1 81 7.36104
      vertex 79.5691 81 37.0673
    endloop
  endfacet
  facet normal 0 1 0
    outer loop
      vertex 79.3547 81 37.1247
      vertex 64.54 81 7.39
      vertex 66.8653 81 37.1247
    endloop
  endfacet
  facet normal 0 1 -0
    outer loop
      vertex 82.1 81 7.36104
      vertex 79.68 81 37.06
      vertex 82.2091 81 7.38273
    endloop
  endfacet
  facet normal 0 1 0
    outer loop
      vertex 66.8653 81 37.1247
      vertex 64.54 81 7.39
      vertex 66.76 81 37.089
    endloop
  endfacet
  facet normal 0 1 0
    outer loop
      vertex 79.7909 81 37.0673
      vertex 82.2091 81 7.38273
      vertex 79.68 81 37.06
    endloop
  endfacet
  facet normal 0 1 0
    outer loop
      vertex 66.76 81 37.089
      vertex 64.54 81 7.39
      vertex 66.6509 81 37.0673
    endloop
  endfacet
  facet normal 0 1 0
    outer loop
      vertex 79.5691 81 38.7527
      vertex 86 81 56
      vertex 79.68 81 38.76
    endloop
  endfacet
  facet normal 0 1 0
    outer loop
      vertex 86 81 56
      vertex 79.7909 81 38.7527
      vertex 79.68 81 38.76
    endloop
  endfacet
  facet normal 0 1 0
    outer loop
      vertex 86 81 56
      vertex 79.9 81 38.731
      vertex 79.7909 81 38.7527
    endloop
  endfacet
  facet normal 0 1 0
    outer loop
      vertex 86 81 56
      vertex 80.0053 81 38.6953
      vertex 79.9 81 38.731
    endloop
  endfacet
  facet normal 0 1 0
    outer loop
      vertex 86 81 56
      vertex 80.105 81 38.6461
      vertex 80.0053 81 38.6953
    endloop
  endfacet
  facet normal 0 1 0
    outer loop
      vertex 86 81 56
      vertex 80.1974 81 38.5844
      vertex 80.105 81 38.6461
    endloop
  endfacet
  facet normal 0 1 0
    outer loop
      vertex 86 81 56
      vertex 80.281 81 38.511
      vertex 80.1974 81 38.5844
    endloop
  endfacet
  facet normal 0 1 0
    outer loop
      vertex 86 81 56
      vertex 80.3543 81 38.4274
      vertex 80.281 81 38.511
    endloop
  endfacet
  facet normal 0 1 0
    outer loop
      vertex 86 81 56
      vertex 80.4161 81 38.335
      vertex 80.3543 81 38.4274
    endloop
  endfacet
  facet normal 0 1 0
    outer loop
      vertex 86 81 56
      vertex 80.4653 81 38.2353
      vertex 80.4161 81 38.335
    endloop
  endfacet
  facet normal 0 1 0
    outer loop
      vertex 86 81 56
      vertex 80.501 81 38.13
      vertex 80.4653 81 38.2353
    endloop
  endfacet
  facet normal 0 1 0
    outer loop
      vertex 86 81 56
      vertex 80.5227 81 38.0209
      vertex 80.501 81 38.13
    endloop
  endfacet
  facet normal 0 1 0
    outer loop
      vertex 86 81 56
      vertex 80.53 81 37.91
      vertex 80.5227 81 38.0209
    endloop
  endfacet
  facet normal 0 1 0
    outer loop
      vertex 86 81 56
      vertex 80.5227 81 37.7991
      vertex 80.53 81 37.91
    endloop
  endfacet
  facet normal 0 1 -0
    outer loop
      vertex 86 81 0
      vertex 80.5227 81 37.7991
      vertex 86 81 56
    endloop
  endfacet
  facet normal 0 1 -0
    outer loop
      vertex 81.9947 81 7.3253
      vertex 79.5691 81 37.0673
      vertex 82.1 81 7.36104
    endloop
  endfacet
  facet normal 0 1 -0
    outer loop
      vertex 82.2091 81 7.38273
      vertex 79.7909 81 37.0673
      vertex 82.32 81 7.39
    endloop
  endfacet
  facet normal 0 1 0
    outer loop
      vertex 79.9 81 37.089
      vertex 82.32 81 7.39
      vertex 79.7909 81 37.0673
    endloop
  endfacet
  facet normal 0 1 0
    outer loop
      vertex 82.4309 81 7.38273
      vertex 79.9 81 37.089
      vertex 80.0053 81 37.1247
    endloop
  endfacet
  facet normal 0 1 0
    outer loop
      vertex 82.54 81 7.36104
      vertex 80.0053 81 37.1247
      vertex 80.105 81 37.1739
    endloop
  endfacet
  facet normal 0 1 0
    outer loop
      vertex 82.6453 81 7.3253
      vertex 80.105 81 37.1739
      vertex 80.1974 81 37.2356
    endloop
  endfacet
  facet normal 0 1 0
    outer loop
      vertex 82.745 81 7.27612
      vertex 80.1974 81 37.2356
      vertex 80.281 81 37.309
    endloop
  endfacet
  facet normal 0 1 0
    outer loop
      vertex 82.8374 81 7.21435
      vertex 80.281 81 37.309
      vertex 80.3543 81 37.3926
    endloop
  endfacet
  facet normal 0 1 0
    outer loop
      vertex 82.921 81 7.14104
      vertex 80.3543 81 37.3926
      vertex 80.4161 81 37.485
    endloop
  endfacet
  facet normal 0 1 0
    outer loop
      vertex 82.9943 81 7.05745
      vertex 80.4161 81 37.485
      vertex 80.4653 81 37.5847
    endloop
  endfacet
  facet normal 0 1 0
    outer loop
      vertex 83.0561 81 6.965
      vertex 80.4653 81 37.5847
      vertex 80.501 81 37.69
    endloop
  endfacet
  facet normal -0 1 -0
    outer loop
      vertex 83.1053 81 6.86528
      vertex 80.5227 81 37.7991
      vertex 86 81 0
    endloop
  endfacet
  facet normal 0 1 0
    outer loop
      vertex 79.9 81 37.089
      vertex 82.4309 81 7.38273
      vertex 82.32 81 7.39
    endloop
  endfacet
  facet normal 0 1 0
    outer loop
      vertex 80.0053 81 37.1247
      vertex 82.54 81 7.36104
      vertex 82.4309 81 7.38273
    endloop
  endfacet
  facet normal 0 1 0
    outer loop
      vertex 80.105 81 37.1739
      vertex 82.6453 81 7.3253
      vertex 82.54 81 7.36104
    endloop
  endfacet
  facet normal 0 1 0
    outer loop
      vertex 80.1974 81 37.2356
      vertex 82.745 81 7.27612
      vertex 82.6453 81 7.3253
    endloop
  endfacet
  facet normal 0 1 0
    outer loop
      vertex 80.281 81 37.309
      vertex 82.8374 81 7.21435
      vertex 82.745 81 7.27612
    endloop
  endfacet
  facet normal 0 1 0
    outer loop
      vertex 80.3543 81 37.3926
      vertex 82.921 81 7.14104
      vertex 82.8374 81 7.21435
    endloop
  endfacet
  facet normal 0 1 0
    outer loop
      vertex 80.4161 81 37.485
      vertex 82.9943 81 7.05745
      vertex 82.921 81 7.14104
    endloop
  endfacet
  facet normal 0 1 0
    outer loop
      vertex 80.4653 81 37.5847
      vertex 83.0561 81 6.965
      vertex 82.9943 81 7.05745
    endloop
  endfacet
  facet normal 0 1 0
    outer loop
      vertex 80.501 81 37.69
      vertex 83.1053 81 6.86528
      vertex 83.0561 81 6.965
    endloop
  endfacet
  facet normal 0 1 0
    outer loop
      vertex 80.5227 81 37.7991
      vertex 83.1053 81 6.86528
      vertex 80.501 81 37.69
    endloop
  endfacet
  facet normal 0 1 0
    outer loop
      vertex 83.1053 81 6.86528
      vertex 86 81 0
      vertex 83.141 81 6.76
    endloop
  endfacet
  facet normal 0 1 0
    outer loop
      vertex 83.141 81 6.76
      vertex 86 81 0
      vertex 83.1627 81 6.65095
    endloop
  endfacet
  facet normal 0 1 0
    outer loop
      vertex 64.6509 81 5.69727
      vertex 86 81 0
      vertex 64.54 81 5.69
    endloop
  endfacet
  facet normal 0 1 0
    outer loop
      vertex 82.4309 81 5.69727
      vertex 86 81 0
      vertex 82.32 81 5.69
    endloop
  endfacet
  facet normal 0 1 0
    outer loop
      vertex 82.54 81 5.71896
      vertex 86 81 0
      vertex 82.4309 81 5.69727
    endloop
  endfacet
  facet normal 0 1 0
    outer loop
      vertex 82.6453 81 5.7547
      vertex 86 81 0
      vertex 82.54 81 5.71896
    endloop
  endfacet
  facet normal 0 1 0
    outer loop
      vertex 82.745 81 5.80388
      vertex 86 81 0
      vertex 82.6453 81 5.7547
    endloop
  endfacet
  facet normal 0 1 0
    outer loop
      vertex 82.8374 81 5.86565
      vertex 86 81 0
      vertex 82.745 81 5.80388
    endloop
  endfacet
  facet normal 0 1 0
    outer loop
      vertex 82.921 81 5.93896
      vertex 86 81 0
      vertex 82.8374 81 5.86565
    endloop
  endfacet
  facet normal 0 1 0
    outer loop
      vertex 82.9943 81 6.02255
      vertex 86 81 0
      vertex 82.921 81 5.93896
    endloop
  endfacet
  facet normal 0 1 0
    outer loop
      vertex 83.0561 81 6.115
      vertex 86 81 0
      vertex 82.9943 81 6.02255
    endloop
  endfacet
  facet normal 0 1 0
    outer loop
      vertex 83.1053 81 6.21472
      vertex 86 81 0
      vertex 83.0561 81 6.115
    endloop
  endfacet
  facet normal 0 1 0
    outer loop
      vertex 83.141 81 6.32
      vertex 86 81 0
      vertex 83.1053 81 6.21472
    endloop
  endfacet
  facet normal 0 1 0
    outer loop
      vertex 83.1627 81 6.42905
      vertex 86 81 0
      vertex 83.141 81 6.32
    endloop
  endfacet
  facet normal 0 1 0
    outer loop
      vertex 83.17 81 6.54
      vertex 86 81 0
      vertex 83.1627 81 6.42905
    endloop
  endfacet
  facet normal 0 1 0
    outer loop
      vertex 83.1627 81 6.65095
      vertex 86 81 0
      vertex 83.17 81 6.54
    endloop
  endfacet
  facet normal 0 1 0
    outer loop
      vertex 66.4291 81 38.7527
      vertex 86 81 56
      vertex 66.54 81 38.76
    endloop
  endfacet
  facet normal 0 1 0
    outer loop
      vertex 66.32 81 38.731
      vertex 86 81 56
      vertex 66.4291 81 38.7527
    endloop
  endfacet
  facet normal 0 1 0
    outer loop
      vertex 66.2147 81 38.6953
      vertex 86 81 56
      vertex 66.32 81 38.731
    endloop
  endfacet
  facet normal 0 1 0
    outer loop
      vertex 86 81 56
      vertex 66.2147 81 38.6953
      vertex 0 81 56
    endloop
  endfacet
  facet normal 0 1 -0
    outer loop
      vertex 66.115 81 38.6461
      vertex 0 81 56
      vertex 66.2147 81 38.6953
    endloop
  endfacet
  facet normal 0 1 -0
    outer loop
      vertex 66.0226 81 38.5844
      vertex 0 81 56
      vertex 66.115 81 38.6461
    endloop
  endfacet
  facet normal 0 1 -0
    outer loop
      vertex 65.939 81 38.511
      vertex 0 81 56
      vertex 66.0226 81 38.5844
    endloop
  endfacet
  facet normal 0 1 -0
    outer loop
      vertex 65.8656 81 38.4274
      vertex 0 81 56
      vertex 65.939 81 38.511
    endloop
  endfacet
  facet normal 0 1 -0
    outer loop
      vertex 65.8039 81 38.335
      vertex 0 81 56
      vertex 65.8656 81 38.4274
    endloop
  endfacet
  facet normal 0 1 -0
    outer loop
      vertex 65.7547 81 38.2353
      vertex 0 81 56
      vertex 65.8039 81 38.335
    endloop
  endfacet
  facet normal 0 1 -0
    outer loop
      vertex 65.719 81 38.13
      vertex 0 81 56
      vertex 65.7547 81 38.2353
    endloop
  endfacet
  facet normal 0 1 -0
    outer loop
      vertex 65.6973 81 38.0209
      vertex 0 81 56
      vertex 65.719 81 38.13
    endloop
  endfacet
  facet normal 0 1 -0
    outer loop
      vertex 65.69 81 37.91
      vertex 0 81 56
      vertex 65.6973 81 38.0209
    endloop
  endfacet
  facet normal 0 1 0
    outer loop
      vertex 65.6973 81 37.7991
      vertex 0 81 56
      vertex 65.69 81 37.91
    endloop
  endfacet
  facet normal 0 1 0
    outer loop
      vertex 65.719 81 37.69
      vertex 0 81 56
      vertex 65.6973 81 37.7991
    endloop
  endfacet
  facet normal 0 1 0
    outer loop
      vertex 0 81 0
      vertex 65.719 81 37.69
      vertex 65.7547 81 37.5847
    endloop
  endfacet
  facet normal 0 1 0
    outer loop
      vertex 63.8039 81 6.965
      vertex 65.7547 81 37.5847
      vertex 65.8039 81 37.485
    endloop
  endfacet
  facet normal 0 1 0
    outer loop
      vertex 63.8657 81 7.05745
      vertex 65.8039 81 37.485
      vertex 65.8656 81 37.3926
    endloop
  endfacet
  facet normal 0 1 0
    outer loop
      vertex 63.939 81 7.14104
      vertex 65.8656 81 37.3926
      vertex 65.939 81 37.309
    endloop
  endfacet
  facet normal 0 1 0
    outer loop
      vertex 64.0226 81 7.21435
      vertex 65.939 81 37.309
      vertex 66.0226 81 37.2356
    endloop
  endfacet
  facet normal 0 1 0
    outer loop
      vertex 64.115 81 7.27612
      vertex 66.0226 81 37.2356
      vertex 66.115 81 37.1739
    endloop
  endfacet
  facet normal 0 1 0
    outer loop
      vertex 64.2147 81 7.3253
      vertex 66.115 81 37.1739
      vertex 66.2147 81 37.1247
    endloop
  endfacet
  facet normal 0 1 0
    outer loop
      vertex 64.32 81 7.36104
      vertex 66.2147 81 37.1247
      vertex 66.32 81 37.089
    endloop
  endfacet
  facet normal 0 1 0
    outer loop
      vertex 66.6509 81 37.0673
      vertex 64.54 81 7.39
      vertex 66.54 81 37.06
    endloop
  endfacet
  facet normal 0 1 0
    outer loop
      vertex 66.54 81 37.06
      vertex 64.54 81 7.39
      vertex 66.4291 81 37.0673
    endloop
  endfacet
  facet normal 0 1 0
    outer loop
      vertex 66.4291 81 37.0673
      vertex 64.54 81 7.39
      vertex 66.32 81 37.089
    endloop
  endfacet
  facet normal 0 1 0
    outer loop
      vertex 64.4291 81 7.38273
      vertex 66.32 81 37.089
      vertex 64.54 81 7.39
    endloop
  endfacet
  facet normal 0 1 0
    outer loop
      vertex 64.32 81 7.36104
      vertex 66.32 81 37.089
      vertex 64.4291 81 7.38273
    endloop
  endfacet
  facet normal 0 1 0
    outer loop
      vertex 66.2147 81 37.1247
      vertex 64.32 81 7.36104
      vertex 64.2147 81 7.3253
    endloop
  endfacet
  facet normal 0 1 0
    outer loop
      vertex 66.115 81 37.1739
      vertex 64.2147 81 7.3253
      vertex 64.115 81 7.27612
    endloop
  endfacet
  facet normal 0 1 0
    outer loop
      vertex 66.0226 81 37.2356
      vertex 64.115 81 7.27612
      vertex 64.0226 81 7.21435
    endloop
  endfacet
  facet normal 0 1 0
    outer loop
      vertex 65.939 81 37.309
      vertex 64.0226 81 7.21435
      vertex 63.939 81 7.14104
    endloop
  endfacet
  facet normal 0 1 0
    outer loop
      vertex 65.8656 81 37.3926
      vertex 63.939 81 7.14104
      vertex 63.8657 81 7.05745
    endloop
  endfacet
  facet normal 0 1 0
    outer loop
      vertex 65.8039 81 37.485
      vertex 63.8657 81 7.05745
      vertex 63.8039 81 6.965
    endloop
  endfacet
  facet normal 0 1 0
    outer loop
      vertex 65.7547 81 37.5847
      vertex 63.8039 81 6.965
      vertex 0 81 0
    endloop
  endfacet
  facet normal 0 1 0
    outer loop
      vertex 0 81 0
      vertex 63.8039 81 6.965
      vertex 63.7547 81 6.86528
    endloop
  endfacet
  facet normal 0 1 0
    outer loop
      vertex 0 81 0
      vertex 63.7547 81 6.86528
      vertex 63.719 81 6.76
    endloop
  endfacet
  facet normal 0 1 0
    outer loop
      vertex 0 81 0
      vertex 63.719 81 6.76
      vertex 63.6973 81 6.65095
    endloop
  endfacet
  facet normal 0 1 0
    outer loop
      vertex 0 81 0
      vertex 63.6973 81 6.65095
      vertex 63.69 81 6.54
    endloop
  endfacet
  facet normal 0 1 0
    outer loop
      vertex 0 81 0
      vertex 63.69 81 6.54
      vertex 63.6973 81 6.42905
    endloop
  endfacet
  facet normal 0 1 0
    outer loop
      vertex 0 81 0
      vertex 63.6973 81 6.42905
      vertex 63.719 81 6.32
    endloop
  endfacet
  facet normal 0 1 0
    outer loop
      vertex 0 81 0
      vertex 63.719 81 6.32
      vertex 63.7547 81 6.21472
    endloop
  endfacet
  facet normal 0 1 0
    outer loop
      vertex 0 81 0
      vertex 63.7547 81 6.21472
      vertex 63.8039 81 6.115
    endloop
  endfacet
  facet normal 0 1 0
    outer loop
      vertex 0 81 0
      vertex 63.8039 81 6.115
      vertex 63.8657 81 6.02255
    endloop
  endfacet
  facet normal 0 1 0
    outer loop
      vertex 0 81 0
      vertex 63.8657 81 6.02255
      vertex 63.939 81 5.93896
    endloop
  endfacet
  facet normal 0 1 0
    outer loop
      vertex 0 81 0
      vertex 63.939 81 5.93896
      vertex 64.0226 81 5.86565
    endloop
  endfacet
  facet normal 0 1 0
    outer loop
      vertex 86 81 0
      vertex 64.4291 81 5.69727
      vertex 64.54 81 5.69
    endloop
  endfacet
  facet normal 0 1 0
    outer loop
      vertex 0 81 0
      vertex 64.4291 81 5.69727
      vertex 86 81 0
    endloop
  endfacet
  facet normal 0 1 0
    outer loop
      vertex 65.719 81 37.69
      vertex 0 81 0
      vertex 0 81 56
    endloop
  endfacet
  facet normal 0 1 0
    outer loop
      vertex 64.115 81 5.80388
      vertex 0 81 0
      vertex 64.0226 81 5.86565
    endloop
  endfacet
  facet normal 0 1 0
    outer loop
      vertex 64.2147 81 5.7547
      vertex 0 81 0
      vertex 64.115 81 5.80388
    endloop
  endfacet
  facet normal 0 1 0
    outer loop
      vertex 64.32 81 5.71896
      vertex 0 81 0
      vertex 64.2147 81 5.7547
    endloop
  endfacet
  facet normal 0 1 0
    outer loop
      vertex 64.4291 81 5.69727
      vertex 0 81 0
      vertex 64.32 81 5.71896
    endloop
  endfacet
  facet normal -0 0 1
    outer loop
      vertex 0 81 56
      vertex 86 79 56
      vertex 86 81 56
    endloop
  endfacet
  facet normal 0 0 1
    outer loop
      vertex 86 79 56
      vertex 0 81 56
      vertex 0 79 56
    endloop
  endfacet
  facet normal -1 0 0
    outer loop
      vertex 10.012 -2 0
      vertex 10.012 0 1.5
      vertex 10.012 0 0
    endloop
  endfacet
  facet normal -1 0 0
    outer loop
      vertex 10.012 -2 4
      vertex 10.012 0 1.5
      vertex 10.012 -2 0
    endloop
  endfacet
  facet normal -1 0 0
    outer loop
      vertex 10.012 0 1.5
      vertex 10.012 -2 4
      vertex 10.012 0 4
    endloop
  endfacet
  facet normal -0 0 1
    outer loop
      vertex 10.012 0 4
      vertex 76.012 -2 4
      vertex 76.012 0 4
    endloop
  endfacet
  facet normal 0 0 1
    outer loop
      vertex 76.012 -2 4
      vertex 10.012 0 4
      vertex 10.012 -2 4
    endloop
  endfacet
  facet normal 1 -0 0
    outer loop
      vertex 76.012 -2 4
      vertex 76.012 0 1.5
      vertex 76.012 0 4
    endloop
  endfacet
  facet normal 1 0 0
    outer loop
      vertex 76.012 -2 0
      vertex 76.012 0 1.5
      vertex 76.012 -2 4
    endloop
  endfacet
  facet normal 1 0 0
    outer loop
      vertex 76.012 0 1.5
      vertex 76.012 -2 0
      vertex 76.012 0 0
    endloop
  endfacet
  facet normal 0 1 -0
    outer loop
      vertex 76.012 0 1.5
      vertex 10.012 0 4
      vertex 76.012 0 4
    endloop
  endfacet
  facet normal 0 1 0
    outer loop
      vertex 10.012 0 4
      vertex 76.012 0 1.5
      vertex 10.012 0 1.5
    endloop
  endfacet
  facet normal 0 -1 0
    outer loop
      vertex 76.012 0 0
      vertex 78.062 0 1.5
      vertex 76.012 0 1.5
    endloop
  endfacet
  facet normal 0 -1 -0
    outer loop
      vertex 78.062 0 1.5
      vertex 76.012 0 0
      vertex 78.062 0 0
    endloop
  endfacet
  facet normal 0 -1 0
    outer loop
      vertex 7.962 0 0
      vertex 10.012 0 1.5
      vertex 7.962 0 1.5
    endloop
  endfacet
  facet normal 0 -1 -0
    outer loop
      vertex 10.012 0 1.5
      vertex 7.962 0 0
      vertex 10.012 0 0
    endloop
  endfacet
  facet normal 0 0 1
    outer loop
      vertex 1 79 1.5
      vertex 0 79 1.5
      vertex 1 72 1.5
    endloop
  endfacet
  facet normal -0 0 1
    outer loop
      vertex 1 72 1.5
      vertex 1.5 7 1.5
      vertex 1.5 72 1.5
    endloop
  endfacet
  facet normal 0 0 1
    outer loop
      vertex 0 7 1.5
      vertex 1 72 1.5
      vertex 0 79 1.5
    endloop
  endfacet
  facet normal 0 0 1
    outer loop
      vertex 1 72 1.5
      vertex 0 7 1.5
      vertex 1.5 7 1.5
    endloop
  endfacet
  facet normal 1 -0 0
    outer loop
      vertex 1.5 7 1.5
      vertex 1.5 72 0
      vertex 1.5 72 1.5
    endloop
  endfacet
  facet normal 1 0 0
    outer loop
      vertex 1.5 72 0
      vertex 1.5 7 1.5
      vertex 1.5 7 0
    endloop
  endfacet
  facet normal -1 0 0
    outer loop
      vertex 84.5 7 0
      vertex 84.5 79 1.5
      vertex 84.5 79 0
    endloop
  endfacet
  facet normal -1 -0 0
    outer loop
      vertex 84.5 79 1.5
      vertex 84.5 7 0
      vertex 84.5 7 1.5
    endloop
  endfacet
  facet normal -0 0 1
    outer loop
      vertex 84.5 79 1.5
      vertex 86 7 1.5
      vertex 86 79 1.5
    endloop
  endfacet
  facet normal 0 0 1
    outer loop
      vertex 86 7 1.5
      vertex 84.5 79 1.5
      vertex 84.5 7 1.5
    endloop
  endfacet
  facet normal -1 0 0
    outer loop
      vertex 7.962 0 0
      vertex 7.962 8.5 1.5
      vertex 7.962 8.5 0
    endloop
  endfacet
  facet normal -1 -0 0
    outer loop
      vertex 7.962 8.5 1.5
      vertex 7.962 0 0
      vertex 7.962 0 1.5
    endloop
  endfacet
  facet normal 0 0 1
    outer loop
      vertex 78.062 8.5 1.5
      vertex 76.012 0 1.5
      vertex 78.062 0 1.5
    endloop
  endfacet
  facet normal 0 0 1
    outer loop
      vertex 78.062 8.5 1.5
      vertex 10.012 0 1.5
      vertex 76.012 0 1.5
    endloop
  endfacet
  facet normal -0 0 1
    outer loop
      vertex 7.962 8.5 1.5
      vertex 10.012 0 1.5
      vertex 78.062 8.5 1.5
    endloop
  endfacet
  facet normal 0 0 1
    outer loop
      vertex 10.012 0 1.5
      vertex 7.962 8.5 1.5
      vertex 7.962 0 1.5
    endloop
  endfacet
  facet normal 1 -0 0
    outer loop
      vertex 78.062 0 1.5
      vertex 78.062 8.5 0
      vertex 78.062 8.5 1.5
    endloop
  endfacet
  facet normal 1 0 0
    outer loop
      vertex 78.062 8.5 0
      vertex 78.062 0 1.5
      vertex 78.062 0 0
    endloop
  endfacet
  facet normal 0 1 -0
    outer loop
      vertex 78.062 8.5 0
      vertex 7.962 8.5 1.5
      vertex 78.062 8.5 1.5
    endloop
  endfacet
  facet normal 0 1 0
    outer loop
      vertex 7.962 8.5 1.5
      vertex 78.062 8.5 0
      vertex 7.962 8.5 0
    endloop
  endfacet
  facet normal -1 0 0
    outer loop
      vertex 2 16.725 0
      vertex 2 11.975 2
      vertex 2 16.725 2
    endloop
  endfacet
  facet normal -1 0 0
    outer loop
      vertex 2 9.975 0
      vertex 2 11.975 2
      vertex 2 16.725 0
    endloop
  endfacet
  facet normal -1 0 0
    outer loop
      vertex 2 9.975 5
      vertex 2 11.975 2
      vertex 2 9.975 0
    endloop
  endfacet
  facet normal -1 0 0
    outer loop
      vertex 2 11.975 2
      vertex 2 9.975 5
      vertex 2 11.975 5
    endloop
  endfacet
  facet normal 0 0 1
    outer loop
      vertex 19.822 16.725 2
      vertex 16 16.425 2
      vertex 19.822 16.425 2
    endloop
  endfacet
  facet normal 0 0 1
    outer loop
      vertex 16 16.425 2
      vertex 2 16.725 2
      vertex 16 14.425 2
    endloop
  endfacet
  facet normal -0 0 1
    outer loop
      vertex 2 16.725 2
      vertex 16 16.425 2
      vertex 19.822 16.725 2
    endloop
  endfacet
  facet normal 0 0 1
    outer loop
      vertex 22.4415 14.425 2
      vertex 16 14.425 2
      vertex 22.4415 14.125 2
    endloop
  endfacet
  facet normal 0 0 1
    outer loop
      vertex 84.024 16.725 2
      vertex 37 16.425 2
      vertex 84.024 16.425 2
    endloop
  endfacet
  facet normal 0 0 1
    outer loop
      vertex 37 16.425 2
      vertex 30 16.425 2
      vertex 37 14.425 2
    endloop
  endfacet
  facet normal -0 0 1
    outer loop
      vertex 27.822 16.725 2
      vertex 37 16.425 2
      vertex 84.024 16.725 2
    endloop
  endfacet
  facet normal 0 0 1
    outer loop
      vertex 37 16.425 2
      vertex 27.822 16.725 2
      vertex 30 16.425 2
    endloop
  endfacet
  facet normal 0 0 1
    outer loop
      vertex 30 16.425 2
      vertex 27.822 16.725 2
      vertex 27.822 16.425 2
    endloop
  endfacet
  facet normal -0 0 1
    outer loop
      vertex 37 14.425 2
      vertex 84.024 11.975 2
      vertex 84.024 14.425 2
    endloop
  endfacet
  facet normal 0 0 1
    outer loop
      vertex 30 14.425 2
      vertex 37 14.425 2
      vertex 30 16.425 2
    endloop
  endfacet
  facet normal 0 0 1
    outer loop
      vertex 25.2025 14.125 2
      vertex 37 14.425 2
      vertex 30 14.425 2
    endloop
  endfacet
  facet normal 0 0 1
    outer loop
      vertex 25.2025 14.125 2
      vertex 30 14.425 2
      vertex 25.2025 14.425 2
    endloop
  endfacet
  facet normal 0 0 1
    outer loop
      vertex 2 11.975 2
      vertex 37 14.425 2
      vertex 25.2025 14.125 2
    endloop
  endfacet
  facet normal 0 0 1
    outer loop
      vertex 2 11.975 2
      vertex 25.2025 14.125 2
      vertex 22.4415 14.125 2
    endloop
  endfacet
  facet normal 0 0 1
    outer loop
      vertex 37 14.425 2
      vertex 2 11.975 2
      vertex 84.024 11.975 2
    endloop
  endfacet
  facet normal 0 0 1
    outer loop
      vertex 16 14.425 2
      vertex 2 11.975 2
      vertex 22.4415 14.125 2
    endloop
  endfacet
  facet normal 0 0 1
    outer loop
      vertex 2 11.975 2
      vertex 16 14.425 2
      vertex 2 16.725 2
    endloop
  endfacet
  facet normal 0 1 -0
    outer loop
      vertex 84.024 16.725 0
      vertex 27.822 16.725 2
      vertex 84.024 16.725 2
    endloop
  endfacet
  facet normal 0 1 0
    outer loop
      vertex 27.822 16.725 2
      vertex 84.024 16.725 0
      vertex 27.822 16.725 0
    endloop
  endfacet
  facet normal 0 1 -0
    outer loop
      vertex 19.822 16.725 0
      vertex 2 16.725 2
      vertex 19.822 16.725 2
    endloop
  endfacet
  facet normal 0 1 0
    outer loop
      vertex 2 16.725 2
      vertex 19.822 16.725 0
      vertex 2 16.725 0
    endloop
  endfacet
  facet normal -0 0 1
    outer loop
      vertex 2 11.975 5
      vertex 84.024 9.975 5
      vertex 84.024 11.975 5
    endloop
  endfacet
  facet normal 0 0 1
    outer loop
      vertex 84.024 9.975 5
      vertex 2 11.975 5
      vertex 2 9.975 5
    endloop
  endfacet
  facet normal 0 -1 0
    outer loop
      vertex 2 9.975 0
      vertex 84.024 9.975 5
      vertex 2 9.975 5
    endloop
  endfacet
  facet normal 0 -1 -0
    outer loop
      vertex 84.024 9.975 5
      vertex 2 9.975 0
      vertex 84.024 9.975 0
    endloop
  endfacet
  facet normal 0 1 -0
    outer loop
      vertex 84.024 11.975 2
      vertex 2 11.975 5
      vertex 84.024 11.975 5
    endloop
  endfacet
  facet normal 0 1 0
    outer loop
      vertex 2 11.975 5
      vertex 84.024 11.975 2
      vertex 2 11.975 2
    endloop
  endfacet
  facet normal -1 0 0
    outer loop
      vertex 19.822 16.725 2
      vertex 19.822 21.125 0
      vertex 19.822 16.725 0
    endloop
  endfacet
  facet normal -1 0 0
    outer loop
      vertex 19.822 16.425 5
      vertex 19.822 21.125 0
      vertex 19.822 16.725 2
    endloop
  endfacet
  facet normal -1 0 0
    outer loop
      vertex 19.822 16.425 5
      vertex 19.822 16.725 2
      vertex 19.822 16.425 2
    endloop
  endfacet
  facet normal -1 0 0
    outer loop
      vertex 19.822 21.125 0
      vertex 19.822 16.425 5
      vertex 19.822 21.125 8.657
    endloop
  endfacet
  facet normal -1 0 0
    outer loop
      vertex 19.822 16.025 8.657
      vertex 19.822 16.425 5
      vertex 19.822 16.025 5
    endloop
  endfacet
  facet normal -1 0 0
    outer loop
      vertex 19.822 16.425 5
      vertex 19.822 16.025 8.657
      vertex 19.822 21.125 8.657
    endloop
  endfacet
  facet normal -0 0 1
    outer loop
      vertex 19.822 21.125 8.657
      vertex 27.822 16.025 8.657
      vertex 27.822 21.125 8.657
    endloop
  endfacet
  facet normal 0 0 1
    outer loop
      vertex 27.822 16.025 8.657
      vertex 19.822 21.125 8.657
      vertex 19.822 16.025 8.657
    endloop
  endfacet
  facet normal 1 -0 0
    outer loop
      vertex 27.822 16.425 5
      vertex 27.822 21.125 0
      vertex 27.822 21.125 8.657
    endloop
  endfacet
  facet normal 1 0 0
    outer loop
      vertex 27.822 21.125 0
      vertex 27.822 16.425 5
      vertex 27.822 16.725 2
    endloop
  endfacet
  facet normal 1 -0 0
    outer loop
      vertex 27.822 16.025 8.657
      vertex 27.822 16.425 5
      vertex 27.822 21.125 8.657
    endloop
  endfacet
  facet normal 1 0 0
    outer loop
      vertex 27.822 16.425 5
      vertex 27.822 16.025 8.657
      vertex 27.822 16.025 5
    endloop
  endfacet
  facet normal 1 0 0
    outer loop
      vertex 27.822 21.125 0
      vertex 27.822 16.725 2
      vertex 27.822 16.725 0
    endloop
  endfacet
  facet normal 1 0 0
    outer loop
      vertex 27.822 16.725 2
      vertex 27.822 16.425 5
      vertex 27.822 16.425 2
    endloop
  endfacet
  facet normal 0 1 0
    outer loop
      vertex 27.822 21.125 8.657
      vertex 23.822 21.125 5.507
      vertex 19.822 21.125 8.657
    endloop
  endfacet
  facet normal 0 1 0
    outer loop
      vertex 27.822 21.125 8.657
      vertex 23.9329 21.125 5.49973
      vertex 23.822 21.125 5.507
    endloop
  endfacet
  facet normal 0 1 0
    outer loop
      vertex 27.822 21.125 8.657
      vertex 24.042 21.125 5.47804
      vertex 23.9329 21.125 5.49973
    endloop
  endfacet
  facet normal 0 1 0
    outer loop
      vertex 27.822 21.125 8.657
      vertex 24.1473 21.125 5.4423
      vertex 24.042 21.125 5.47804
    endloop
  endfacet
  facet normal 0 1 0
    outer loop
      vertex 27.822 21.125 8.657
      vertex 24.247 21.125 5.39312
      vertex 24.1473 21.125 5.4423
    endloop
  endfacet
  facet normal 0 1 0
    outer loop
      vertex 27.822 21.125 8.657
      vertex 24.3394 21.125 5.33135
      vertex 24.247 21.125 5.39312
    endloop
  endfacet
  facet normal 0 1 0
    outer loop
      vertex 27.822 21.125 8.657
      vertex 24.423 21.125 5.25804
      vertex 24.3394 21.125 5.33135
    endloop
  endfacet
  facet normal 0 1 0
    outer loop
      vertex 27.822 21.125 8.657
      vertex 24.4963 21.125 5.17445
      vertex 24.423 21.125 5.25804
    endloop
  endfacet
  facet normal 0 1 0
    outer loop
      vertex 27.822 21.125 8.657
      vertex 24.5581 21.125 5.082
      vertex 24.4963 21.125 5.17445
    endloop
  endfacet
  facet normal 0 1 0
    outer loop
      vertex 27.822 21.125 8.657
      vertex 24.6073 21.125 4.98228
      vertex 24.5581 21.125 5.082
    endloop
  endfacet
  facet normal 0 1 0
    outer loop
      vertex 27.822 21.125 8.657
      vertex 24.643 21.125 4.877
      vertex 24.6073 21.125 4.98228
    endloop
  endfacet
  facet normal 0 1 0
    outer loop
      vertex 27.822 21.125 8.657
      vertex 24.6647 21.125 4.76795
      vertex 24.643 21.125 4.877
    endloop
  endfacet
  facet normal 0 1 0
    outer loop
      vertex 27.822 21.125 8.657
      vertex 24.672 21.125 4.657
      vertex 24.6647 21.125 4.76795
    endloop
  endfacet
  facet normal 0 1 0
    outer loop
      vertex 27.822 21.125 8.657
      vertex 24.6647 21.125 4.54605
      vertex 24.672 21.125 4.657
    endloop
  endfacet
  facet normal 0 1 -0
    outer loop
      vertex 27.822 21.125 0
      vertex 24.6647 21.125 4.54605
      vertex 27.822 21.125 8.657
    endloop
  endfacet
  facet normal 0 1 0
    outer loop
      vertex 24.6647 21.125 4.54605
      vertex 27.822 21.125 0
      vertex 24.643 21.125 4.437
    endloop
  endfacet
  facet normal 0 1 0
    outer loop
      vertex 24.643 21.125 4.437
      vertex 27.822 21.125 0
      vertex 24.6073 21.125 4.33172
    endloop
  endfacet
  facet normal 0 1 0
    outer loop
      vertex 24.6073 21.125 4.33172
      vertex 27.822 21.125 0
      vertex 24.5581 21.125 4.232
    endloop
  endfacet
  facet normal 0 1 0
    outer loop
      vertex 23.9329 21.125 3.81427
      vertex 27.822 21.125 0
      vertex 23.822 21.125 3.807
    endloop
  endfacet
  facet normal 0 1 0
    outer loop
      vertex 24.042 21.125 3.83596
      vertex 27.822 21.125 0
      vertex 23.9329 21.125 3.81427
    endloop
  endfacet
  facet normal 0 1 0
    outer loop
      vertex 24.1473 21.125 3.8717
      vertex 27.822 21.125 0
      vertex 24.042 21.125 3.83596
    endloop
  endfacet
  facet normal 0 1 0
    outer loop
      vertex 24.247 21.125 3.92088
      vertex 27.822 21.125 0
      vertex 24.1473 21.125 3.8717
    endloop
  endfacet
  facet normal 0 1 0
    outer loop
      vertex 24.3394 21.125 3.98265
      vertex 27.822 21.125 0
      vertex 24.247 21.125 3.92088
    endloop
  endfacet
  facet normal 0 1 0
    outer loop
      vertex 24.423 21.125 4.05596
      vertex 27.822 21.125 0
      vertex 24.3394 21.125 3.98265
    endloop
  endfacet
  facet normal 0 1 0
    outer loop
      vertex 24.4963 21.125 4.13955
      vertex 27.822 21.125 0
      vertex 24.423 21.125 4.05596
    endloop
  endfacet
  facet normal 0 1 0
    outer loop
      vertex 24.5581 21.125 4.232
      vertex 27.822 21.125 0
      vertex 24.4963 21.125 4.13955
    endloop
  endfacet
  facet normal 0 1 -0
    outer loop
      vertex 23.7111 21.125 5.49973
      vertex 19.822 21.125 8.657
      vertex 23.822 21.125 5.507
    endloop
  endfacet
  facet normal 0 1 -0
    outer loop
      vertex 23.602 21.125 5.47804
      vertex 19.822 21.125 8.657
      vertex 23.7111 21.125 5.49973
    endloop
  endfacet
  facet normal 0 1 -0
    outer loop
      vertex 23.4967 21.125 5.4423
      vertex 19.822 21.125 8.657
      vertex 23.602 21.125 5.47804
    endloop
  endfacet
  facet normal 0 1 -0
    outer loop
      vertex 23.397 21.125 5.39312
      vertex 19.822 21.125 8.657
      vertex 23.4967 21.125 5.4423
    endloop
  endfacet
  facet normal 0 1 -0
    outer loop
      vertex 23.3046 21.125 5.33135
      vertex 19.822 21.125 8.657
      vertex 23.397 21.125 5.39312
    endloop
  endfacet
  facet normal 0 1 -0
    outer loop
      vertex 23.221 21.125 5.25804
      vertex 19.822 21.125 8.657
      vertex 23.3046 21.125 5.33135
    endloop
  endfacet
  facet normal 0 1 -0
    outer loop
      vertex 23.1476 21.125 5.17445
      vertex 19.822 21.125 8.657
      vertex 23.221 21.125 5.25804
    endloop
  endfacet
  facet normal 0 1 -0
    outer loop
      vertex 23.0859 21.125 5.082
      vertex 19.822 21.125 8.657
      vertex 23.1476 21.125 5.17445
    endloop
  endfacet
  facet normal 0 1 -0
    outer loop
      vertex 23.0367 21.125 4.98228
      vertex 19.822 21.125 8.657
      vertex 23.0859 21.125 5.082
    endloop
  endfacet
  facet normal 0 1 -0
    outer loop
      vertex 23.001 21.125 4.877
      vertex 19.822 21.125 8.657
      vertex 23.0367 21.125 4.98228
    endloop
  endfacet
  facet normal 0 1 -0
    outer loop
      vertex 22.9793 21.125 4.76795
      vertex 19.822 21.125 8.657
      vertex 23.001 21.125 4.877
    endloop
  endfacet
  facet normal 0 1 -0
    outer loop
      vertex 22.972 21.125 4.657
      vertex 19.822 21.125 8.657
      vertex 22.9793 21.125 4.76795
    endloop
  endfacet
  facet normal 0 1 0
    outer loop
      vertex 22.9793 21.125 4.54605
      vertex 19.822 21.125 8.657
      vertex 22.972 21.125 4.657
    endloop
  endfacet
  facet normal 0 1 0
    outer loop
      vertex 19.822 21.125 0
      vertex 22.9793 21.125 4.54605
      vertex 23.001 21.125 4.437
    endloop
  endfacet
  facet normal 0 1 0
    outer loop
      vertex 19.822 21.125 0
      vertex 23.001 21.125 4.437
      vertex 23.0367 21.125 4.33172
    endloop
  endfacet
  facet normal 0 1 0
    outer loop
      vertex 19.822 21.125 0
      vertex 23.0367 21.125 4.33172
      vertex 23.0859 21.125 4.232
    endloop
  endfacet
  facet normal 0 1 0
    outer loop
      vertex 19.822 21.125 0
      vertex 23.0859 21.125 4.232
      vertex 23.1476 21.125 4.13955
    endloop
  endfacet
  facet normal 0 1 0
    outer loop
      vertex 19.822 21.125 0
      vertex 23.822 21.125 3.807
      vertex 27.822 21.125 0
    endloop
  endfacet
  facet normal 0 1 0
    outer loop
      vertex 23.822 21.125 3.807
      vertex 19.822 21.125 0
      vertex 23.7111 21.125 3.81427
    endloop
  endfacet
  facet normal 0 1 0
    outer loop
      vertex 23.7111 21.125 3.81427
      vertex 19.822 21.125 0
      vertex 23.602 21.125 3.83596
    endloop
  endfacet
  facet normal 0 1 0
    outer loop
      vertex 23.602 21.125 3.83596
      vertex 19.822 21.125 0
      vertex 23.4967 21.125 3.8717
    endloop
  endfacet
  facet normal 0 1 0
    outer loop
      vertex 23.4967 21.125 3.8717
      vertex 19.822 21.125 0
      vertex 23.397 21.125 3.92088
    endloop
  endfacet
  facet normal 0 1 0
    outer loop
      vertex 23.397 21.125 3.92088
      vertex 19.822 21.125 0
      vertex 23.3046 21.125 3.98265
    endloop
  endfacet
  facet normal 0 1 0
    outer loop
      vertex 22.9793 21.125 4.54605
      vertex 19.822 21.125 0
      vertex 19.822 21.125 8.657
    endloop
  endfacet
  facet normal 0 1 0
    outer loop
      vertex 23.221 21.125 4.05596
      vertex 19.822 21.125 0
      vertex 23.1476 21.125 4.13955
    endloop
  endfacet
  facet normal 0 1 0
    outer loop
      vertex 23.3046 21.125 3.98265
      vertex 19.822 21.125 0
      vertex 23.221 21.125 4.05596
    endloop
  endfacet
  facet normal 0 -1 0
    outer loop
      vertex 19.822 16.025 8.657
      vertex 23.822 16.025 7.657
      vertex 27.822 16.025 8.657
    endloop
  endfacet
  facet normal 0 -1 0
    outer loop
      vertex 19.822 16.025 8.657
      vertex 23.4304 16.025 7.63133
      vertex 23.822 16.025 7.657
    endloop
  endfacet
  facet normal 0 -1 0
    outer loop
      vertex 19.822 16.025 8.657
      vertex 23.0455 16.025 7.55478
      vertex 23.4304 16.025 7.63133
    endloop
  endfacet
  facet normal 0 -1 0
    outer loop
      vertex 19.822 16.025 8.657
      vertex 22.674 16.025 7.42864
      vertex 23.0455 16.025 7.55478
    endloop
  endfacet
  facet normal 0 -1 0
    outer loop
      vertex 19.822 16.025 8.657
      vertex 22.322 16.025 7.25508
      vertex 22.674 16.025 7.42864
    endloop
  endfacet
  facet normal 0 -1 0
    outer loop
      vertex 19.822 16.025 8.657
      vertex 21.9957 16.025 7.03706
      vertex 22.322 16.025 7.25508
    endloop
  endfacet
  facet normal 0 -1 0
    outer loop
      vertex 19.822 16.025 8.657
      vertex 21.7007 16.025 6.77832
      vertex 21.9957 16.025 7.03706
    endloop
  endfacet
  facet normal 0 -1 0
    outer loop
      vertex 19.822 16.025 8.657
      vertex 21.4419 16.025 6.48328
      vertex 21.7007 16.025 6.77832
    endloop
  endfacet
  facet normal 0 -1 0
    outer loop
      vertex 19.822 16.025 8.657
      vertex 21.2239 16.025 6.157
      vertex 21.4419 16.025 6.48328
    endloop
  endfacet
  facet normal 0 -1 0
    outer loop
      vertex 19.822 16.025 5
      vertex 21.2239 16.025 6.157
      vertex 19.822 16.025 8.657
    endloop
  endfacet
  facet normal 0 -1 0
    outer loop
      vertex 21.2239 16.025 6.157
      vertex 19.822 16.025 5
      vertex 21.0504 16.025 5.80505
    endloop
  endfacet
  facet normal 0 -1 0
    outer loop
      vertex 21.0504 16.025 5.80505
      vertex 19.822 16.025 5
      vertex 20.9242 16.025 5.43346
    endloop
  endfacet
  facet normal 0 -1 0
    outer loop
      vertex 20.9242 16.025 5.43346
      vertex 19.822 16.025 5
      vertex 20.8477 16.025 5.04858
    endloop
  endfacet
  facet normal 0 -1 0
    outer loop
      vertex 20.8477 16.025 5.04858
      vertex 19.822 16.025 5
      vertex 20.8445 16.025 5
    endloop
  endfacet
  facet normal 0 -1 0
    outer loop
      vertex 24.2136 16.025 7.63133
      vertex 27.822 16.025 8.657
      vertex 23.822 16.025 7.657
    endloop
  endfacet
  facet normal 0 -1 0
    outer loop
      vertex 24.5985 16.025 7.55478
      vertex 27.822 16.025 8.657
      vertex 24.2136 16.025 7.63133
    endloop
  endfacet
  facet normal 0 -1 0
    outer loop
      vertex 24.9701 16.025 7.42864
      vertex 27.822 16.025 8.657
      vertex 24.5985 16.025 7.55478
    endloop
  endfacet
  facet normal 0 -1 0
    outer loop
      vertex 25.322 16.025 7.25508
      vertex 27.822 16.025 8.657
      vertex 24.9701 16.025 7.42864
    endloop
  endfacet
  facet normal 0 -1 0
    outer loop
      vertex 25.6483 16.025 7.03706
      vertex 27.822 16.025 8.657
      vertex 25.322 16.025 7.25508
    endloop
  endfacet
  facet normal 0 -1 0
    outer loop
      vertex 25.9433 16.025 6.77832
      vertex 27.822 16.025 8.657
      vertex 25.6483 16.025 7.03706
    endloop
  endfacet
  facet normal 0 -1 0
    outer loop
      vertex 26.2021 16.025 6.48328
      vertex 27.822 16.025 8.657
      vertex 25.9433 16.025 6.77832
    endloop
  endfacet
  facet normal 0 -1 0
    outer loop
      vertex 26.4201 16.025 6.157
      vertex 27.822 16.025 8.657
      vertex 26.2021 16.025 6.48328
    endloop
  endfacet
  facet normal 0 -1 0
    outer loop
      vertex 27.822 16.025 5
      vertex 26.4201 16.025 6.157
      vertex 26.5936 16.025 5.80505
    endloop
  endfacet
  facet normal 0 -1 0
    outer loop
      vertex 27.822 16.025 5
      vertex 26.5936 16.025 5.80505
      vertex 26.7198 16.025 5.43346
    endloop
  endfacet
  facet normal 0 -1 0
    outer loop
      vertex 27.822 16.025 5
      vertex 26.7198 16.025 5.43346
      vertex 26.7963 16.025 5.04858
    endloop
  endfacet
  facet normal 0 -1 0
    outer loop
      vertex 27.822 16.025 5
      vertex 26.7963 16.025 5.04858
      vertex 26.7995 16.025 5
    endloop
  endfacet
  facet normal 0 -1 0
    outer loop
      vertex 26.4201 16.025 6.157
      vertex 27.822 16.025 5
      vertex 27.822 16.025 8.657
    endloop
  endfacet
  facet normal 0.997853 0 -0.0654906
    outer loop
      vertex 26.822 14.125 4.657
      vertex 26.7963 14.425 4.26542
      vertex 26.822 14.425 4.657
    endloop
  endfacet
  facet normal 0.997853 0 -0.0654906
    outer loop
      vertex 26.7963 14.425 4.26542
      vertex 26.822 14.125 4.657
      vertex 26.7963 14.125 4.26542
    endloop
  endfacet
  facet normal -0.997853 0 -0.0654906
    outer loop
      vertex 20.8477 14.125 4.26542
      vertex 20.822 14.425 4.657
      vertex 20.8477 14.425 4.26542
    endloop
  endfacet
  facet normal -0.997853 -0 -0.0654906
    outer loop
      vertex 20.822 14.425 4.657
      vertex 20.8477 14.125 4.26542
      vertex 20.822 14.125 4.657
    endloop
  endfacet
  facet normal 0.0654112 0 0.997858
    outer loop
      vertex 23.822 16.025 7.657
      vertex 24.2136 14.125 7.63133
      vertex 24.2136 16.025 7.63133
    endloop
  endfacet
  facet normal 0.0654112 0 0.997858
    outer loop
      vertex 24.2136 14.125 7.63133
      vertex 23.822 16.025 7.657
      vertex 23.822 14.125 7.657
    endloop
  endfacet
  facet normal 0.659392 0 -0.751799
    outer loop
      vertex 25.6483 14.125 2.27694
      vertex 25.9433 14.425 2.53568
      vertex 25.9433 14.125 2.53568
    endloop
  endfacet
  facet normal 0.659392 0 -0.751799
    outer loop
      vertex 25.9433 14.425 2.53568
      vertex 25.6483 14.125 2.27694
      vertex 25.6483 14.425 2.27694
    endloop
  endfacet
  facet normal -0.659392 0 -0.751799
    outer loop
      vertex 21.7007 14.125 2.53568
      vertex 21.9957 14.425 2.27694
      vertex 21.9957 14.125 2.27694
    endloop
  endfacet
  facet normal -0.659392 0 -0.751799
    outer loop
      vertex 21.9957 14.425 2.27694
      vertex 21.7007 14.125 2.53568
      vertex 21.7007 14.425 2.53568
    endloop
  endfacet
  facet normal 0.896936 0 -0.44216
    outer loop
      vertex 26.5936 14.125 3.50895
      vertex 26.4201 14.425 3.157
      vertex 26.5936 14.425 3.50895
    endloop
  endfacet
  facet normal 0.896936 0 -0.44216
    outer loop
      vertex 26.4201 14.425 3.157
      vertex 26.5936 14.125 3.50895
      vertex 26.4201 14.125 3.157
    endloop
  endfacet
  facet normal 0.442223 0 -0.896905
    outer loop
      vertex 25.2025 14.125 2
      vertex 25.322 14.425 2.05892
      vertex 25.322 14.125 2.05892
    endloop
  endfacet
  facet normal 0.442223 0 -0.896905
    outer loop
      vertex 25.322 14.425 2.05892
      vertex 25.2025 14.125 2
      vertex 25.2025 14.425 2
    endloop
  endfacet
  facet normal -0.831485 0 -0.555547
    outer loop
      vertex 21.4419 14.125 2.83072
      vertex 21.2239 14.425 3.157
      vertex 21.4419 14.425 2.83072
    endloop
  endfacet
  facet normal -0.831485 -0 -0.555547
    outer loop
      vertex 21.2239 14.425 3.157
      vertex 21.4419 14.125 2.83072
      vertex 21.2239 14.125 3.157
    endloop
  endfacet
  facet normal -0.751768 0 -0.659428
    outer loop
      vertex 21.7007 14.125 2.53568
      vertex 21.4419 14.425 2.83072
      vertex 21.7007 14.425 2.53568
    endloop
  endfacet
  facet normal -0.751768 -0 -0.659428
    outer loop
      vertex 21.4419 14.425 2.83072
      vertex 21.7007 14.125 2.53568
      vertex 21.4419 14.125 2.83072
    endloop
  endfacet
  facet normal -0.555558 0 -0.831477
    outer loop
      vertex 21.9957 14.125 2.27694
      vertex 22.322 14.425 2.05892
      vertex 22.322 14.125 2.05892
    endloop
  endfacet
  facet normal -0.555558 0 -0.831477
    outer loop
      vertex 22.322 14.425 2.05892
      vertex 21.9957 14.125 2.27694
      vertex 21.9957 14.425 2.27694
    endloop
  endfacet
  facet normal 0 -1 0
    outer loop
      vertex 23.822 14.125 5.507
      vertex 23.822 14.125 7.657
      vertex 23.4304 14.125 7.63133
    endloop
  endfacet
  facet normal 0 -1 0
    outer loop
      vertex 23.7111 14.125 5.49973
      vertex 23.4304 14.125 7.63133
      vertex 23.0455 14.125 7.55478
    endloop
  endfacet
  facet normal 0 -1 0
    outer loop
      vertex 23.822 14.125 7.657
      vertex 23.822 14.125 5.507
      vertex 24.2136 14.125 7.63133
    endloop
  endfacet
  facet normal 0 -1 0
    outer loop
      vertex 23.602 14.125 5.47804
      vertex 23.0455 14.125 7.55478
      vertex 22.674 14.125 7.42864
    endloop
  endfacet
  facet normal 0 -1 0
    outer loop
      vertex 23.9329 14.125 5.49973
      vertex 24.2136 14.125 7.63133
      vertex 23.822 14.125 5.507
    endloop
  endfacet
  facet normal 0 -1 0
    outer loop
      vertex 23.4967 14.125 5.4423
      vertex 22.674 14.125 7.42864
      vertex 22.322 14.125 7.25508
    endloop
  endfacet
  facet normal 0 -1 -0
    outer loop
      vertex 24.2136 14.125 7.63133
      vertex 23.9329 14.125 5.49973
      vertex 24.5985 14.125 7.55478
    endloop
  endfacet
  facet normal 0 -1 0
    outer loop
      vertex 23.397 14.125 5.39312
      vertex 22.322 14.125 7.25508
      vertex 21.9957 14.125 7.03706
    endloop
  endfacet
  facet normal 0 -1 0
    outer loop
      vertex 24.042 14.125 5.47804
      vertex 24.5985 14.125 7.55478
      vertex 23.9329 14.125 5.49973
    endloop
  endfacet
  facet normal 0 -1 0
    outer loop
      vertex 23.3046 14.125 5.33135
      vertex 21.9957 14.125 7.03706
      vertex 21.7007 14.125 6.77832
    endloop
  endfacet
  facet normal 0 -1 -0
    outer loop
      vertex 24.5985 14.125 7.55478
      vertex 24.042 14.125 5.47804
      vertex 24.9701 14.125 7.42864
    endloop
  endfacet
  facet normal 0 -1 0
    outer loop
      vertex 23.221 14.125 5.25804
      vertex 21.7007 14.125 6.77832
      vertex 21.4419 14.125 6.48328
    endloop
  endfacet
  facet normal 0 -1 0
    outer loop
      vertex 24.1473 14.125 5.4423
      vertex 24.9701 14.125 7.42864
      vertex 24.042 14.125 5.47804
    endloop
  endfacet
  facet normal 0 -1 0
    outer loop
      vertex 23.1476 14.125 5.17445
      vertex 21.4419 14.125 6.48328
      vertex 21.2239 14.125 6.157
    endloop
  endfacet
  facet normal 0 -1 -0
    outer loop
      vertex 24.9701 14.125 7.42864
      vertex 24.1473 14.125 5.4423
      vertex 25.322 14.125 7.25508
    endloop
  endfacet
  facet normal 0 -1 0
    outer loop
      vertex 23.0859 14.125 5.082
      vertex 21.2239 14.125 6.157
      vertex 21.0504 14.125 5.80505
    endloop
  endfacet
  facet normal 0 -1 0
    outer loop
      vertex 24.247 14.125 5.39312
      vertex 25.322 14.125 7.25508
      vertex 24.1473 14.125 5.4423
    endloop
  endfacet
  facet normal 0 -1 -0
    outer loop
      vertex 25.322 14.125 7.25508
      vertex 24.247 14.125 5.39312
      vertex 25.6483 14.125 7.03706
    endloop
  endfacet
  facet normal 0 -1 0
    outer loop
      vertex 23.4304 14.125 7.63133
      vertex 23.7111 14.125 5.49973
      vertex 23.822 14.125 5.507
    endloop
  endfacet
  facet normal 0 -1 0
    outer loop
      vertex 23.0455 14.125 7.55478
      vertex 23.602 14.125 5.47804
      vertex 23.7111 14.125 5.49973
    endloop
  endfacet
  facet normal 0 -1 0
    outer loop
      vertex 22.674 14.125 7.42864
      vertex 23.4967 14.125 5.4423
      vertex 23.602 14.125 5.47804
    endloop
  endfacet
  facet normal 0 -1 0
    outer loop
      vertex 23.0367 14.125 4.98228
      vertex 21.0504 14.125 5.80505
      vertex 20.9242 14.125 5.43346
    endloop
  endfacet
  facet normal 0 -1 0
    outer loop
      vertex 22.322 14.125 7.25508
      vertex 23.397 14.125 5.39312
      vertex 23.4967 14.125 5.4423
    endloop
  endfacet
  facet normal 0 -1 0
    outer loop
      vertex 21.9957 14.125 7.03706
      vertex 23.3046 14.125 5.33135
      vertex 23.397 14.125 5.39312
    endloop
  endfacet
  facet normal 0 -1 0
    outer loop
      vertex 21.7007 14.125 6.77832
      vertex 23.221 14.125 5.25804
      vertex 23.3046 14.125 5.33135
    endloop
  endfacet
  facet normal 0 -1 0
    outer loop
      vertex 21.4419 14.125 6.48328
      vertex 23.1476 14.125 5.17445
      vertex 23.221 14.125 5.25804
    endloop
  endfacet
  facet normal 0 -1 0
    outer loop
      vertex 21.2239 14.125 6.157
      vertex 23.0859 14.125 5.082
      vertex 23.1476 14.125 5.17445
    endloop
  endfacet
  facet normal 0 -1 0
    outer loop
      vertex 23.001 14.125 4.877
      vertex 20.9242 14.125 5.43346
      vertex 20.8477 14.125 5.04858
    endloop
  endfacet
  facet normal 0 -1 0
    outer loop
      vertex 21.0504 14.125 5.80505
      vertex 23.0367 14.125 4.98228
      vertex 23.0859 14.125 5.082
    endloop
  endfacet
  facet normal 0 -1 0
    outer loop
      vertex 20.9242 14.125 5.43346
      vertex 23.001 14.125 4.877
      vertex 23.0367 14.125 4.98228
    endloop
  endfacet
  facet normal 0 -1 0
    outer loop
      vertex 20.8477 14.125 5.04858
      vertex 22.9793 14.125 4.76795
      vertex 23.001 14.125 4.877
    endloop
  endfacet
  facet normal 0 -1 0
    outer loop
      vertex 20.822 14.125 4.657
      vertex 22.9793 14.125 4.76795
      vertex 20.8477 14.125 5.04858
    endloop
  endfacet
  facet normal 0 -1 0
    outer loop
      vertex 20.822 14.125 4.657
      vertex 22.972 14.125 4.657
      vertex 22.9793 14.125 4.76795
    endloop
  endfacet
  facet normal 0 -1 0
    outer loop
      vertex 20.822 14.125 4.657
      vertex 22.9793 14.125 4.54605
      vertex 22.972 14.125 4.657
    endloop
  endfacet
  facet normal 0 -1 0
    outer loop
      vertex 20.8477 14.125 4.26542
      vertex 22.9793 14.125 4.54605
      vertex 20.822 14.125 4.657
    endloop
  endfacet
  facet normal 0 -1 -0
    outer loop
      vertex 22.9793 14.125 4.54605
      vertex 20.8477 14.125 4.26542
      vertex 23.001 14.125 4.437
    endloop
  endfacet
  facet normal 0 -1 0
    outer loop
      vertex 20.9242 14.125 3.88054
      vertex 23.001 14.125 4.437
      vertex 20.8477 14.125 4.26542
    endloop
  endfacet
  facet normal 0 -1 -0
    outer loop
      vertex 23.001 14.125 4.437
      vertex 20.9242 14.125 3.88054
      vertex 23.0367 14.125 4.33172
    endloop
  endfacet
  facet normal 0 -1 0
    outer loop
      vertex 21.0504 14.125 3.50895
      vertex 23.0367 14.125 4.33172
      vertex 20.9242 14.125 3.88054
    endloop
  endfacet
  facet normal 0 -1 -0
    outer loop
      vertex 23.0367 14.125 4.33172
      vertex 21.0504 14.125 3.50895
      vertex 23.0859 14.125 4.232
    endloop
  endfacet
  facet normal 0 -1 0
    outer loop
      vertex 21.2239 14.125 3.157
      vertex 23.0859 14.125 4.232
      vertex 21.0504 14.125 3.50895
    endloop
  endfacet
  facet normal 0 -1 -0
    outer loop
      vertex 23.0859 14.125 4.232
      vertex 21.2239 14.125 3.157
      vertex 23.1476 14.125 4.13955
    endloop
  endfacet
  facet normal 0 -1 0
    outer loop
      vertex 21.4419 14.125 2.83072
      vertex 23.1476 14.125 4.13955
      vertex 21.2239 14.125 3.157
    endloop
  endfacet
  facet normal 0 -1 -0
    outer loop
      vertex 23.1476 14.125 4.13955
      vertex 21.4419 14.125 2.83072
      vertex 23.221 14.125 4.05596
    endloop
  endfacet
  facet normal 0 -1 0
    outer loop
      vertex 21.7007 14.125 2.53568
      vertex 23.221 14.125 4.05596
      vertex 21.4419 14.125 2.83072
    endloop
  endfacet
  facet normal 0 -1 -0
    outer loop
      vertex 23.221 14.125 4.05596
      vertex 21.7007 14.125 2.53568
      vertex 23.3046 14.125 3.98265
    endloop
  endfacet
  facet normal 0 -1 0
    outer loop
      vertex 21.9957 14.125 2.27694
      vertex 23.3046 14.125 3.98265
      vertex 21.7007 14.125 2.53568
    endloop
  endfacet
  facet normal 0 -1 -0
    outer loop
      vertex 23.3046 14.125 3.98265
      vertex 21.9957 14.125 2.27694
      vertex 23.397 14.125 3.92088
    endloop
  endfacet
  facet normal 0 -1 0
    outer loop
      vertex 24.3394 14.125 5.33135
      vertex 25.6483 14.125 7.03706
      vertex 24.247 14.125 5.39312
    endloop
  endfacet
  facet normal 0 -1 -0
    outer loop
      vertex 25.6483 14.125 7.03706
      vertex 24.3394 14.125 5.33135
      vertex 25.9433 14.125 6.77832
    endloop
  endfacet
  facet normal 0 -1 0
    outer loop
      vertex 24.423 14.125 5.25804
      vertex 25.9433 14.125 6.77832
      vertex 24.3394 14.125 5.33135
    endloop
  endfacet
  facet normal 0 -1 -0
    outer loop
      vertex 25.9433 14.125 6.77832
      vertex 24.423 14.125 5.25804
      vertex 26.2021 14.125 6.48328
    endloop
  endfacet
  facet normal 0 -1 0
    outer loop
      vertex 24.4963 14.125 5.17445
      vertex 26.2021 14.125 6.48328
      vertex 24.423 14.125 5.25804
    endloop
  endfacet
  facet normal 0 -1 -0
    outer loop
      vertex 26.2021 14.125 6.48328
      vertex 24.4963 14.125 5.17445
      vertex 26.4201 14.125 6.157
    endloop
  endfacet
  facet normal 0 -1 0
    outer loop
      vertex 24.5581 14.125 5.082
      vertex 26.4201 14.125 6.157
      vertex 24.4963 14.125 5.17445
    endloop
  endfacet
  facet normal 0 -1 -0
    outer loop
      vertex 26.4201 14.125 6.157
      vertex 24.5581 14.125 5.082
      vertex 26.5936 14.125 5.80505
    endloop
  endfacet
  facet normal 0 -1 0
    outer loop
      vertex 24.6073 14.125 4.98228
      vertex 26.5936 14.125 5.80505
      vertex 24.5581 14.125 5.082
    endloop
  endfacet
  facet normal 0 -1 -0
    outer loop
      vertex 26.5936 14.125 5.80505
      vertex 24.6073 14.125 4.98228
      vertex 26.7198 14.125 5.43346
    endloop
  endfacet
  facet normal 0 -1 0
    outer loop
      vertex 24.643 14.125 4.877
      vertex 26.7198 14.125 5.43346
      vertex 24.6073 14.125 4.98228
    endloop
  endfacet
  facet normal 0 -1 -0
    outer loop
      vertex 26.7198 14.125 5.43346
      vertex 24.643 14.125 4.877
      vertex 26.7963 14.125 5.04858
    endloop
  endfacet
  facet normal 0 -1 0
    outer loop
      vertex 24.6647 14.125 4.76795
      vertex 26.7963 14.125 5.04858
      vertex 24.643 14.125 4.877
    endloop
  endfacet
  facet normal 0 -1 0
    outer loop
      vertex 24.672 14.125 4.657
      vertex 26.7963 14.125 5.04858
      vertex 24.6647 14.125 4.76795
    endloop
  endfacet
  facet normal 0 -1 0
    outer loop
      vertex 24.672 14.125 4.657
      vertex 26.822 14.125 4.657
      vertex 26.7963 14.125 5.04858
    endloop
  endfacet
  facet normal 0 -1 0
    outer loop
      vertex 24.6647 14.125 4.54605
      vertex 26.822 14.125 4.657
      vertex 24.672 14.125 4.657
    endloop
  endfacet
  facet normal 0 -1 0
    outer loop
      vertex 26.7963 14.125 4.26542
      vertex 24.6647 14.125 4.54605
      vertex 24.643 14.125 4.437
    endloop
  endfacet
  facet normal 0 -1 0
    outer loop
      vertex 26.7198 14.125 3.88054
      vertex 24.643 14.125 4.437
      vertex 24.6073 14.125 4.33172
    endloop
  endfacet
  facet normal 0 -1 0
    outer loop
      vertex 24.6647 14.125 4.54605
      vertex 26.7963 14.125 4.26542
      vertex 26.822 14.125 4.657
    endloop
  endfacet
  facet normal 0 -1 0
    outer loop
      vertex 26.5936 14.125 3.50895
      vertex 24.6073 14.125 4.33172
      vertex 24.5581 14.125 4.232
    endloop
  endfacet
  facet normal 0 -1 0
    outer loop
      vertex 26.4201 14.125 3.157
      vertex 24.5581 14.125 4.232
      vertex 24.4963 14.125 4.13955
    endloop
  endfacet
  facet normal 0 -1 0
    outer loop
      vertex 26.2021 14.125 2.83072
      vertex 24.4963 14.125 4.13955
      vertex 24.423 14.125 4.05596
    endloop
  endfacet
  facet normal 0 -1 0
    outer loop
      vertex 25.9433 14.125 2.53568
      vertex 24.423 14.125 4.05596
      vertex 24.3394 14.125 3.98265
    endloop
  endfacet
  facet normal 0 -1 0
    outer loop
      vertex 25.6483 14.125 2.27694
      vertex 24.3394 14.125 3.98265
      vertex 24.247 14.125 3.92088
    endloop
  endfacet
  facet normal 0 -1 0
    outer loop
      vertex 24.643 14.125 4.437
      vertex 26.7198 14.125 3.88054
      vertex 26.7963 14.125 4.26542
    endloop
  endfacet
  facet normal 0 -1 0
    outer loop
      vertex 25.2025 14.125 2
      vertex 24.247 14.125 3.92088
      vertex 24.1473 14.125 3.8717
    endloop
  endfacet
  facet normal 0 -1 0
    outer loop
      vertex 25.2025 14.125 2
      vertex 24.1473 14.125 3.8717
      vertex 24.042 14.125 3.83596
    endloop
  endfacet
  facet normal 0 -1 0
    outer loop
      vertex 25.2025 14.125 2
      vertex 24.042 14.125 3.83596
      vertex 23.9329 14.125 3.81427
    endloop
  endfacet
  facet normal 0 -1 0
    outer loop
      vertex 25.2025 14.125 2
      vertex 23.9329 14.125 3.81427
      vertex 23.822 14.125 3.807
    endloop
  endfacet
  facet normal 0 -1 0
    outer loop
      vertex 22.322 14.125 2.05892
      vertex 23.397 14.125 3.92088
      vertex 21.9957 14.125 2.27694
    endloop
  endfacet
  facet normal 0 -1 0
    outer loop
      vertex 24.6073 14.125 4.33172
      vertex 26.5936 14.125 3.50895
      vertex 26.7198 14.125 3.88054
    endloop
  endfacet
  facet normal 0 -1 0
    outer loop
      vertex 22.4415 14.125 2
      vertex 23.397 14.125 3.92088
      vertex 22.322 14.125 2.05892
    endloop
  endfacet
  facet normal 0 -1 0
    outer loop
      vertex 24.5581 14.125 4.232
      vertex 26.4201 14.125 3.157
      vertex 26.5936 14.125 3.50895
    endloop
  endfacet
  facet normal 0 -1 -0
    outer loop
      vertex 23.397 14.125 3.92088
      vertex 22.4415 14.125 2
      vertex 23.4967 14.125 3.8717
    endloop
  endfacet
  facet normal 0 -1 0
    outer loop
      vertex 24.4963 14.125 4.13955
      vertex 26.2021 14.125 2.83072
      vertex 26.4201 14.125 3.157
    endloop
  endfacet
  facet normal 0 -1 -0
    outer loop
      vertex 23.4967 14.125 3.8717
      vertex 22.4415 14.125 2
      vertex 23.602 14.125 3.83596
    endloop
  endfacet
  facet normal 0 -1 0
    outer loop
      vertex 24.423 14.125 4.05596
      vertex 25.9433 14.125 2.53568
      vertex 26.2021 14.125 2.83072
    endloop
  endfacet
  facet normal 0 -1 -0
    outer loop
      vertex 23.602 14.125 3.83596
      vertex 22.4415 14.125 2
      vertex 23.7111 14.125 3.81427
    endloop
  endfacet
  facet normal 0 -1 0
    outer loop
      vertex 25.2025 14.125 2
      vertex 23.822 14.125 3.807
      vertex 22.4415 14.125 2
    endloop
  endfacet
  facet normal 0 -1 -0
    outer loop
      vertex 23.7111 14.125 3.81427
      vertex 22.4415 14.125 2
      vertex 23.822 14.125 3.807
    endloop
  endfacet
  facet normal 0 -1 0
    outer loop
      vertex 24.247 14.125 3.92088
      vertex 25.2025 14.125 2
      vertex 25.322 14.125 2.05892
    endloop
  endfacet
  facet normal 0 -1 0
    outer loop
      vertex 24.3394 14.125 3.98265
      vertex 25.6483 14.125 2.27694
      vertex 25.9433 14.125 2.53568
    endloop
  endfacet
  facet normal 0 -1 0
    outer loop
      vertex 24.247 14.125 3.92088
      vertex 25.322 14.125 2.05892
      vertex 25.6483 14.125 2.27694
    endloop
  endfacet
  facet normal 0.195062 0 0.980791
    outer loop
      vertex 24.2136 16.025 7.63133
      vertex 24.5985 14.125 7.55478
      vertex 24.5985 16.025 7.55478
    endloop
  endfacet
  facet normal 0.195062 0 0.980791
    outer loop
      vertex 24.5985 14.125 7.55478
      vertex 24.2136 16.025 7.63133
      vertex 24.2136 14.125 7.63133
    endloop
  endfacet
  facet normal 0.946882 0 -0.321582
    outer loop
      vertex 26.7198 14.125 3.88054
      vertex 26.5936 14.425 3.50895
      vertex 26.7198 14.425 3.88054
    endloop
  endfacet
  facet normal 0.946882 0 -0.321582
    outer loop
      vertex 26.5936 14.425 3.50895
      vertex 26.7198 14.125 3.88054
      vertex 26.5936 14.125 3.50895
    endloop
  endfacet
  facet normal 0.980813 0 -0.19495
    outer loop
      vertex 26.7963 14.125 4.26542
      vertex 26.7198 14.425 3.88054
      vertex 26.7963 14.425 4.26542
    endloop
  endfacet
  facet normal 0.980813 0 -0.19495
    outer loop
      vertex 26.7198 14.425 3.88054
      vertex 26.7963 14.125 4.26542
      vertex 26.7198 14.125 3.88054
    endloop
  endfacet
  facet normal 0.751768 0 -0.659428
    outer loop
      vertex 26.2021 14.125 2.83072
      vertex 25.9433 14.425 2.53568
      vertex 26.2021 14.425 2.83072
    endloop
  endfacet
  facet normal 0.751768 0 -0.659428
    outer loop
      vertex 25.9433 14.425 2.53568
      vertex 26.2021 14.125 2.83072
      vertex 25.9433 14.125 2.53568
    endloop
  endfacet
  facet normal 0.831485 0 -0.555547
    outer loop
      vertex 26.4201 14.125 3.157
      vertex 26.2021 14.425 2.83072
      vertex 26.4201 14.425 3.157
    endloop
  endfacet
  facet normal 0.831485 0 -0.555547
    outer loop
      vertex 26.2021 14.425 2.83072
      vertex 26.4201 14.125 3.157
      vertex 26.2021 14.125 2.83072
    endloop
  endfacet
  facet normal 0.555558 0 -0.831477
    outer loop
      vertex 25.322 14.125 2.05892
      vertex 25.6483 14.425 2.27694
      vertex 25.6483 14.125 2.27694
    endloop
  endfacet
  facet normal 0.555558 0 -0.831477
    outer loop
      vertex 25.6483 14.425 2.27694
      vertex 25.322 14.125 2.05892
      vertex 25.322 14.425 2.05892
    endloop
  endfacet
  facet normal -0.896936 0 -0.44216
    outer loop
      vertex 21.2239 14.125 3.157
      vertex 21.0504 14.425 3.50895
      vertex 21.2239 14.425 3.157
    endloop
  endfacet
  facet normal -0.896936 -0 -0.44216
    outer loop
      vertex 21.0504 14.425 3.50895
      vertex 21.2239 14.125 3.157
      vertex 21.0504 14.125 3.50895
    endloop
  endfacet
  facet normal -0.946882 0 -0.321582
    outer loop
      vertex 21.0504 14.125 3.50895
      vertex 20.9242 14.425 3.88054
      vertex 21.0504 14.425 3.50895
    endloop
  endfacet
  facet normal -0.946882 -0 -0.321582
    outer loop
      vertex 20.9242 14.425 3.88054
      vertex 21.0504 14.125 3.50895
      vertex 20.9242 14.125 3.88054
    endloop
  endfacet
  facet normal -0.980813 0 -0.19495
    outer loop
      vertex 20.9242 14.125 3.88054
      vertex 20.8477 14.425 4.26542
      vertex 20.9242 14.425 3.88054
    endloop
  endfacet
  facet normal -0.980813 -0 -0.19495
    outer loop
      vertex 20.8477 14.425 4.26542
      vertex 20.9242 14.125 3.88054
      vertex 20.8477 14.125 4.26542
    endloop
  endfacet
  facet normal -0.442223 0 -0.896905
    outer loop
      vertex 22.322 14.125 2.05892
      vertex 22.4415 14.425 2
      vertex 22.4415 14.125 2
    endloop
  endfacet
  facet normal -0.442223 0 -0.896905
    outer loop
      vertex 22.4415 14.425 2
      vertex 22.322 14.125 2.05892
      vertex 22.322 14.425 2.05892
    endloop
  endfacet
  facet normal 0.751768 -0 0.659428
    outer loop
      vertex 25.9433 14.125 6.77832
      vertex 26.2021 16.025 6.48328
      vertex 25.9433 16.025 6.77832
    endloop
  endfacet
  facet normal 0.751768 0 0.659428
    outer loop
      vertex 26.2021 16.025 6.48328
      vertex 25.9433 14.125 6.77832
      vertex 26.2021 14.125 6.48328
    endloop
  endfacet
  facet normal 0.946882 -0 0.321582
    outer loop
      vertex 26.5936 14.125 5.80505
      vertex 26.7198 16.025 5.43346
      vertex 26.5936 16.025 5.80505
    endloop
  endfacet
  facet normal 0.946882 0 0.321582
    outer loop
      vertex 26.7198 16.025 5.43346
      vertex 26.5936 14.125 5.80505
      vertex 26.7198 14.125 5.43346
    endloop
  endfacet
  facet normal 0.980813 -0 0.19495
    outer loop
      vertex 26.7198 14.125 5.43346
      vertex 26.7963 16.025 5.04858
      vertex 26.7198 16.025 5.43346
    endloop
  endfacet
  facet normal 0.980813 0 0.19495
    outer loop
      vertex 26.7963 16.025 5.04858
      vertex 26.7198 14.125 5.43346
      vertex 26.7963 14.125 5.04858
    endloop
  endfacet
  facet normal -0.442233 0 0.8969
    outer loop
      vertex 22.322 16.025 7.25508
      vertex 22.674 14.125 7.42864
      vertex 22.674 16.025 7.42864
    endloop
  endfacet
  facet normal -0.442233 0 0.8969
    outer loop
      vertex 22.674 14.125 7.42864
      vertex 22.322 16.025 7.25508
      vertex 22.322 14.125 7.25508
    endloop
  endfacet
  facet normal 0.442334 0 0.89685
    outer loop
      vertex 24.9701 16.025 7.42864
      vertex 25.322 14.125 7.25508
      vertex 25.322 16.025 7.25508
    endloop
  endfacet
  facet normal 0.442334 0 0.89685
    outer loop
      vertex 25.322 14.125 7.25508
      vertex 24.9701 16.025 7.42864
      vertex 24.9701 14.125 7.42864
    endloop
  endfacet
  facet normal 0.555558 0 0.831477
    outer loop
      vertex 25.322 16.025 7.25508
      vertex 25.6483 14.125 7.03706
      vertex 25.6483 16.025 7.03706
    endloop
  endfacet
  facet normal 0.555558 0 0.831477
    outer loop
      vertex 25.6483 14.125 7.03706
      vertex 25.322 16.025 7.25508
      vertex 25.322 14.125 7.25508
    endloop
  endfacet
  facet normal 0.831485 -0 0.555547
    outer loop
      vertex 26.2021 14.125 6.48328
      vertex 26.4201 16.025 6.157
      vertex 26.2021 16.025 6.48328
    endloop
  endfacet
  facet normal 0.831485 0 0.555547
    outer loop
      vertex 26.4201 16.025 6.157
      vertex 26.2021 14.125 6.48328
      vertex 26.4201 14.125 6.157
    endloop
  endfacet
  facet normal 0.997838 0 0.0657283
    outer loop
      vertex 26.7963 16.025 5.04858
      vertex 26.7995 14.425 5
      vertex 26.7995 16.025 5
    endloop
  endfacet
  facet normal 0.997838 -0 0.0657283
    outer loop
      vertex 26.7963 14.125 5.04858
      vertex 26.7995 14.425 5
      vertex 26.7963 16.025 5.04858
    endloop
  endfacet
  facet normal 0.997853 -3.86488e-05 0.0654906
    outer loop
      vertex 26.822 14.125 4.657
      vertex 26.7995 14.425 5
      vertex 26.7963 14.125 5.04858
    endloop
  endfacet
  facet normal 0.997855 0 0.065457
    outer loop
      vertex 26.7995 14.425 5
      vertex 26.822 14.125 4.657
      vertex 26.822 14.425 4.657
    endloop
  endfacet
  facet normal -0.321514 0 0.946905
    outer loop
      vertex 22.674 16.025 7.42864
      vertex 23.0455 14.125 7.55478
      vertex 23.0455 16.025 7.55478
    endloop
  endfacet
  facet normal -0.321514 0 0.946905
    outer loop
      vertex 23.0455 14.125 7.55478
      vertex 22.674 16.025 7.42864
      vertex 22.674 14.125 7.42864
    endloop
  endfacet
  facet normal -0.659392 0 0.751799
    outer loop
      vertex 21.7007 16.025 6.77832
      vertex 21.9957 14.125 7.03706
      vertex 21.9957 16.025 7.03706
    endloop
  endfacet
  facet normal -0.659392 0 0.751799
    outer loop
      vertex 21.9957 14.125 7.03706
      vertex 21.7007 16.025 6.77832
      vertex 21.7007 14.125 6.77832
    endloop
  endfacet
  facet normal -0.751768 0 0.659428
    outer loop
      vertex 21.4419 14.125 6.48328
      vertex 21.7007 16.025 6.77832
      vertex 21.4419 16.025 6.48328
    endloop
  endfacet
  facet normal -0.751768 0 0.659428
    outer loop
      vertex 21.7007 16.025 6.77832
      vertex 21.4419 14.125 6.48328
      vertex 21.7007 14.125 6.77832
    endloop
  endfacet
  facet normal -0.896936 0 0.44216
    outer loop
      vertex 21.0504 14.125 5.80505
      vertex 21.2239 16.025 6.157
      vertex 21.0504 16.025 5.80505
    endloop
  endfacet
  facet normal -0.896936 0 0.44216
    outer loop
      vertex 21.2239 16.025 6.157
      vertex 21.0504 14.125 5.80505
      vertex 21.2239 14.125 6.157
    endloop
  endfacet
  facet normal -0.997855 0 0.065457
    outer loop
      vertex 20.822 14.425 4.657
      vertex 20.822 14.125 4.657
      vertex 20.8445 14.425 5
    endloop
  endfacet
  facet normal -0.997838 0 0.0657283
    outer loop
      vertex 20.8445 14.425 5
      vertex 20.8477 16.025 5.04858
      vertex 20.8445 16.025 5
    endloop
  endfacet
  facet normal -0.997838 0 0.0657283
    outer loop
      vertex 20.8445 14.425 5
      vertex 20.8477 14.125 5.04858
      vertex 20.8477 16.025 5.04858
    endloop
  endfacet
  facet normal -0.997853 -3.86488e-05 0.0654906
    outer loop
      vertex 20.8477 14.125 5.04858
      vertex 20.8445 14.425 5
      vertex 20.822 14.125 4.657
    endloop
  endfacet
  facet normal -0.980813 0 0.19495
    outer loop
      vertex 20.8477 14.125 5.04858
      vertex 20.9242 16.025 5.43346
      vertex 20.8477 16.025 5.04858
    endloop
  endfacet
  facet normal -0.980813 0 0.19495
    outer loop
      vertex 20.9242 16.025 5.43346
      vertex 20.8477 14.125 5.04858
      vertex 20.9242 14.125 5.43346
    endloop
  endfacet
  facet normal -0.946882 0 0.321582
    outer loop
      vertex 20.9242 14.125 5.43346
      vertex 21.0504 16.025 5.80505
      vertex 20.9242 16.025 5.43346
    endloop
  endfacet
  facet normal -0.946882 0 0.321582
    outer loop
      vertex 21.0504 16.025 5.80505
      vertex 20.9242 14.125 5.43346
      vertex 21.0504 14.125 5.80505
    endloop
  endfacet
  facet normal 0.321437 0 0.946931
    outer loop
      vertex 24.5985 16.025 7.55478
      vertex 24.9701 14.125 7.42864
      vertex 24.9701 16.025 7.42864
    endloop
  endfacet
  facet normal 0.321437 0 0.946931
    outer loop
      vertex 24.9701 14.125 7.42864
      vertex 24.5985 16.025 7.55478
      vertex 24.5985 14.125 7.55478
    endloop
  endfacet
  facet normal 0.659392 0 0.751799
    outer loop
      vertex 25.6483 16.025 7.03706
      vertex 25.9433 14.125 6.77832
      vertex 25.9433 16.025 6.77832
    endloop
  endfacet
  facet normal 0.659392 0 0.751799
    outer loop
      vertex 25.9433 14.125 6.77832
      vertex 25.6483 16.025 7.03706
      vertex 25.6483 14.125 7.03706
    endloop
  endfacet
  facet normal 0.896936 -0 0.44216
    outer loop
      vertex 26.4201 14.125 6.157
      vertex 26.5936 16.025 5.80505
      vertex 26.4201 16.025 6.157
    endloop
  endfacet
  facet normal 0.896936 0 0.44216
    outer loop
      vertex 26.5936 16.025 5.80505
      vertex 26.4201 14.125 6.157
      vertex 26.5936 14.125 5.80505
    endloop
  endfacet
  facet normal -0.0654112 0 0.997858
    outer loop
      vertex 23.4304 16.025 7.63133
      vertex 23.822 14.125 7.657
      vertex 23.822 16.025 7.657
    endloop
  endfacet
  facet normal -0.0654112 0 0.997858
    outer loop
      vertex 23.822 14.125 7.657
      vertex 23.4304 16.025 7.63133
      vertex 23.4304 14.125 7.63133
    endloop
  endfacet
  facet normal -0.555558 0 0.831477
    outer loop
      vertex 21.9957 16.025 7.03706
      vertex 22.322 14.125 7.25508
      vertex 22.322 16.025 7.25508
    endloop
  endfacet
  facet normal -0.555558 0 0.831477
    outer loop
      vertex 22.322 14.125 7.25508
      vertex 21.9957 16.025 7.03706
      vertex 21.9957 14.125 7.03706
    endloop
  endfacet
  facet normal -0.831485 0 0.555547
    outer loop
      vertex 21.2239 14.125 6.157
      vertex 21.4419 16.025 6.48328
      vertex 21.2239 16.025 6.157
    endloop
  endfacet
  facet normal -0.831485 0 0.555547
    outer loop
      vertex 21.4419 16.025 6.48328
      vertex 21.2239 14.125 6.157
      vertex 21.4419 14.125 6.48328
    endloop
  endfacet
  facet normal -0.195062 0 0.980791
    outer loop
      vertex 23.0455 16.025 7.55478
      vertex 23.4304 14.125 7.63133
      vertex 23.4304 16.025 7.63133
    endloop
  endfacet
  facet normal -0.195062 0 0.980791
    outer loop
      vertex 23.4304 14.125 7.63133
      vertex 23.0455 16.025 7.55478
      vertex 23.0455 14.125 7.55478
    endloop
  endfacet
  facet normal -1 0 0
    outer loop
      vertex 6 61.4 0
      vertex 6 57.2 1
      vertex 6 61.4 1
    endloop
  endfacet
  facet normal -1 0 0
    outer loop
      vertex 6 55.2 0
      vertex 6 57.2 1
      vertex 6 61.4 0
    endloop
  endfacet
  facet normal -1 0 0
    outer loop
      vertex 6 55.2 3
      vertex 6 57.2 1
      vertex 6 55.2 0
    endloop
  endfacet
  facet normal -1 0 0
    outer loop
      vertex 6 57.2 1
      vertex 6 55.2 3
      vertex 6 57.2 3
    endloop
  endfacet
  facet normal -0 0 1
    outer loop
      vertex 6 57.2 3
      vertex 80 55.2 3
      vertex 80 57.2 3
    endloop
  endfacet
  facet normal 0 0 1
    outer loop
      vertex 80 55.2 3
      vertex 6 57.2 3
      vertex 6 55.2 3
    endloop
  endfacet
  facet normal 1 0 0
    outer loop
      vertex 80 57.2 3
      vertex 80 55.2 3
      vertex 80 57.2 1
    endloop
  endfacet
  facet normal 1 -0 0
    outer loop
      vertex 80 57.2 1
      vertex 80 61.4 0
      vertex 80 61.4 1
    endloop
  endfacet
  facet normal 1 0 0
    outer loop
      vertex 80 57.2 1
      vertex 80 55.2 0
      vertex 80 61.4 0
    endloop
  endfacet
  facet normal 1 0 0
    outer loop
      vertex 80 55.2 0
      vertex 80 57.2 1
      vertex 80 55.2 3
    endloop
  endfacet
  facet normal 0 1 -0
    outer loop
      vertex 80 57.2 1
      vertex 6 57.2 3
      vertex 80 57.2 3
    endloop
  endfacet
  facet normal 0 1 0
    outer loop
      vertex 6 57.2 3
      vertex 80 57.2 1
      vertex 6 57.2 1
    endloop
  endfacet
  facet normal 0 -1 0
    outer loop
      vertex 6 55.2 0
      vertex 80 55.2 3
      vertex 6 55.2 3
    endloop
  endfacet
  facet normal 0 -1 -0
    outer loop
      vertex 80 55.2 3
      vertex 6 55.2 0
      vertex 80 55.2 0
    endloop
  endfacet
  facet normal -0 0 1
    outer loop
      vertex 15 63.4 3
      vertex 71 61.4 3
      vertex 71 63.4 3
    endloop
  endfacet
  facet normal 0 0 1
    outer loop
      vertex 71 61.4 3
      vertex 15 63.4 3
      vertex 15 61.4 3
    endloop
  endfacet
  facet normal 0 1 -0
    outer loop
      vertex 71 63.4 0
      vertex 15 63.4 3
      vertex 71 63.4 3
    endloop
  endfacet
  facet normal 0 1 0
    outer loop
      vertex 15 63.4 3
      vertex 71 63.4 0
      vertex 15 63.4 0
    endloop
  endfacet
  facet normal -0 0 1
    outer loop
      vertex 77 61.4 1
      vertex 80 57.2 1
      vertex 80 61.4 1
    endloop
  endfacet
  facet normal -0 0 1
    outer loop
      vertex 9 61.4 1
      vertex 80 57.2 1
      vertex 77 61.4 1
    endloop
  endfacet
  facet normal 0 0 1
    outer loop
      vertex 6 57.2 1
      vertex 9 61.4 1
      vertex 6 61.4 1
    endloop
  endfacet
  facet normal 0 0 1
    outer loop
      vertex 9 61.4 1
      vertex 6 57.2 1
      vertex 80 57.2 1
    endloop
  endfacet
  facet normal -0 0 1
    outer loop
      vertex 3 79 2
      vertex 57 72 2
      vertex 57 79 2
    endloop
  endfacet
  facet normal 0 0 1
    outer loop
      vertex 57 72 2
      vertex 3 79 2
      vertex 3 72 2
    endloop
  endfacet
  facet normal 0.98077 -0 0.195165
    outer loop
      vertex 22.9793 14.125 4.54605
      vertex 23.001 21.125 4.437
      vertex 22.9793 21.125 4.54605
    endloop
  endfacet
  facet normal 0.98077 0 0.195165
    outer loop
      vertex 23.001 21.125 4.437
      vertex 22.9793 14.125 4.54605
      vertex 23.001 14.125 4.437
    endloop
  endfacet
  facet normal -0.831358 0 0.555737
    outer loop
      vertex 24.4963 14.125 4.13955
      vertex 24.5581 21.125 4.232
      vertex 24.4963 21.125 4.13955
    endloop
  endfacet
  facet normal -0.831358 0 0.555737
    outer loop
      vertex 24.5581 21.125 4.232
      vertex 24.4963 14.125 4.13955
      vertex 24.5581 14.125 4.232
    endloop
  endfacet
  facet normal -0.194992 0 0.980805
    outer loop
      vertex 23.9329 21.125 3.81427
      vertex 24.042 14.125 3.83596
      vertex 24.042 21.125 3.83596
    endloop
  endfacet
  facet normal -0.194992 0 0.980805
    outer loop
      vertex 24.042 14.125 3.83596
      vertex 23.9329 21.125 3.81427
      vertex 23.9329 14.125 3.81427
    endloop
  endfacet
  facet normal -0.321403 0 0.946943
    outer loop
      vertex 24.042 21.125 3.83596
      vertex 24.1473 14.125 3.8717
      vertex 24.1473 21.125 3.8717
    endloop
  endfacet
  facet normal -0.321403 0 0.946943
    outer loop
      vertex 24.1473 14.125 3.8717
      vertex 24.042 21.125 3.83596
      vertex 24.042 14.125 3.83596
    endloop
  endfacet
  facet normal 0.442386 0 0.896825
    outer loop
      vertex 23.397 21.125 3.92088
      vertex 23.4967 14.125 3.8717
      vertex 23.4967 21.125 3.8717
    endloop
  endfacet
  facet normal 0.442386 0 0.896825
    outer loop
      vertex 23.4967 14.125 3.8717
      vertex 23.397 21.125 3.92088
      vertex 23.397 14.125 3.92088
    endloop
  endfacet
  facet normal 0.947033 -0 0.321135
    outer loop
      vertex 23.001 14.125 4.437
      vertex 23.0367 21.125 4.33172
      vertex 23.001 21.125 4.437
    endloop
  endfacet
  facet normal 0.947033 0 0.321135
    outer loop
      vertex 23.0367 21.125 4.33172
      vertex 23.001 14.125 4.437
      vertex 23.0367 14.125 4.33172
    endloop
  endfacet
  facet normal -0.98077 0 -0.195165
    outer loop
      vertex 24.6647 14.125 4.76795
      vertex 24.643 21.125 4.877
      vertex 24.6647 21.125 4.76795
    endloop
  endfacet
  facet normal -0.98077 -0 -0.195165
    outer loop
      vertex 24.643 21.125 4.877
      vertex 24.6647 14.125 4.76795
      vertex 24.643 14.125 4.877
    endloop
  endfacet
  facet normal -0.555759 0 0.831344
    outer loop
      vertex 24.247 21.125 3.92088
      vertex 24.3394 14.125 3.98265
      vertex 24.3394 21.125 3.98265
    endloop
  endfacet
  facet normal -0.555759 0 0.831344
    outer loop
      vertex 24.3394 14.125 3.98265
      vertex 24.247 21.125 3.92088
      vertex 24.247 14.125 3.92088
    endloop
  endfacet
  facet normal 0.831773 -0 0.555115
    outer loop
      vertex 23.0859 14.125 4.232
      vertex 23.1476 21.125 4.13955
      vertex 23.0859 21.125 4.232
    endloop
  endfacet
  facet normal 0.831773 0 0.555115
    outer loop
      vertex 23.1476 21.125 4.13955
      vertex 23.0859 14.125 4.232
      vertex 23.1476 14.125 4.13955
    endloop
  endfacet
  facet normal 0.555759 0 0.831344
    outer loop
      vertex 23.3046 21.125 3.98265
      vertex 23.397 14.125 3.92088
      vertex 23.397 21.125 3.92088
    endloop
  endfacet
  facet normal 0.555759 0 0.831344
    outer loop
      vertex 23.397 14.125 3.92088
      vertex 23.3046 21.125 3.98265
      vertex 23.3046 14.125 3.98265
    endloop
  endfacet
  facet normal 0.194992 0 0.980805
    outer loop
      vertex 23.602 21.125 3.83596
      vertex 23.7111 14.125 3.81427
      vertex 23.7111 21.125 3.81427
    endloop
  endfacet
  facet normal 0.194992 0 0.980805
    outer loop
      vertex 23.7111 14.125 3.81427
      vertex 23.602 21.125 3.83596
      vertex 23.602 14.125 3.83596
    endloop
  endfacet
  facet normal -0.997842 0 0.0656534
    outer loop
      vertex 24.6647 14.125 4.54605
      vertex 24.672 21.125 4.657
      vertex 24.6647 21.125 4.54605
    endloop
  endfacet
  facet normal -0.997842 0 0.0656534
    outer loop
      vertex 24.672 21.125 4.657
      vertex 24.6647 14.125 4.54605
      vertex 24.672 14.125 4.657
    endloop
  endfacet
  facet normal -0.947033 0 -0.321135
    outer loop
      vertex 24.643 14.125 4.877
      vertex 24.6073 21.125 4.98228
      vertex 24.643 21.125 4.877
    endloop
  endfacet
  facet normal -0.947033 -0 -0.321135
    outer loop
      vertex 24.6073 21.125 4.98228
      vertex 24.643 14.125 4.877
      vertex 24.6073 14.125 4.98228
    endloop
  endfacet
  facet normal 0.555759 0 -0.831344
    outer loop
      vertex 23.3046 14.125 5.33135
      vertex 23.397 21.125 5.39312
      vertex 23.397 14.125 5.39312
    endloop
  endfacet
  facet normal 0.555759 0 -0.831344
    outer loop
      vertex 23.397 21.125 5.39312
      vertex 23.3046 14.125 5.33135
      vertex 23.3046 21.125 5.33135
    endloop
  endfacet
  facet normal 0.831773 0 -0.555115
    outer loop
      vertex 23.1476 14.125 5.17445
      vertex 23.0859 21.125 5.082
      vertex 23.1476 21.125 5.17445
    endloop
  endfacet
  facet normal 0.831773 0 -0.555115
    outer loop
      vertex 23.0859 21.125 5.082
      vertex 23.1476 14.125 5.17445
      vertex 23.0859 14.125 5.082
    endloop
  endfacet
  facet normal -0.555759 0 -0.831344
    outer loop
      vertex 24.247 14.125 5.39312
      vertex 24.3394 21.125 5.33135
      vertex 24.3394 14.125 5.33135
    endloop
  endfacet
  facet normal -0.555759 0 -0.831344
    outer loop
      vertex 24.3394 21.125 5.33135
      vertex 24.247 14.125 5.39312
      vertex 24.247 21.125 5.39312
    endloop
  endfacet
  facet normal -0.659319 0 0.751863
    outer loop
      vertex 24.3394 21.125 3.98265
      vertex 24.423 14.125 4.05596
      vertex 24.423 21.125 4.05596
    endloop
  endfacet
  facet normal -0.659319 0 0.751863
    outer loop
      vertex 24.423 14.125 4.05596
      vertex 24.3394 21.125 3.98265
      vertex 24.3394 14.125 3.98265
    endloop
  endfacet
  facet normal -0.751869 0 0.659313
    outer loop
      vertex 24.423 14.125 4.05596
      vertex 24.4963 21.125 4.13955
      vertex 24.423 21.125 4.05596
    endloop
  endfacet
  facet normal -0.751869 0 0.659313
    outer loop
      vertex 24.4963 21.125 4.13955
      vertex 24.423 14.125 4.05596
      vertex 24.4963 14.125 4.13955
    endloop
  endfacet
  facet normal 0.0654141 0 0.997858
    outer loop
      vertex 23.7111 21.125 3.81427
      vertex 23.822 14.125 3.807
      vertex 23.822 21.125 3.807
    endloop
  endfacet
  facet normal 0.0654141 0 0.997858
    outer loop
      vertex 23.822 14.125 3.807
      vertex 23.7111 21.125 3.81427
      vertex 23.7111 14.125 3.81427
    endloop
  endfacet
  facet normal -0.442386 0 0.896825
    outer loop
      vertex 24.1473 21.125 3.8717
      vertex 24.247 14.125 3.92088
      vertex 24.247 21.125 3.92088
    endloop
  endfacet
  facet normal -0.442386 0 0.896825
    outer loop
      vertex 24.247 14.125 3.92088
      vertex 24.1473 21.125 3.8717
      vertex 24.1473 14.125 3.8717
    endloop
  endfacet
  facet normal 0.997842 0 -0.0656534
    outer loop
      vertex 22.9793 14.125 4.76795
      vertex 22.972 21.125 4.657
      vertex 22.9793 21.125 4.76795
    endloop
  endfacet
  facet normal 0.997842 0 -0.0656534
    outer loop
      vertex 22.972 21.125 4.657
      vertex 22.9793 14.125 4.76795
      vertex 22.972 14.125 4.657
    endloop
  endfacet
  facet normal 0.896789 -0 0.442459
    outer loop
      vertex 23.0367 14.125 4.33172
      vertex 23.0859 21.125 4.232
      vertex 23.0367 21.125 4.33172
    endloop
  endfacet
  facet normal 0.896789 0 0.442459
    outer loop
      vertex 23.0859 21.125 4.232
      vertex 23.0367 14.125 4.33172
      vertex 23.0859 14.125 4.232
    endloop
  endfacet
  facet normal 0.321403 0 0.946943
    outer loop
      vertex 23.4967 21.125 3.8717
      vertex 23.602 14.125 3.83596
      vertex 23.602 21.125 3.83596
    endloop
  endfacet
  facet normal 0.321403 0 0.946943
    outer loop
      vertex 23.602 14.125 3.83596
      vertex 23.4967 21.125 3.8717
      vertex 23.4967 14.125 3.8717
    endloop
  endfacet
  facet normal 0.659319 0 0.751863
    outer loop
      vertex 23.221 21.125 4.05596
      vertex 23.3046 14.125 3.98265
      vertex 23.3046 21.125 3.98265
    endloop
  endfacet
  facet normal 0.659319 0 0.751863
    outer loop
      vertex 23.3046 14.125 3.98265
      vertex 23.221 21.125 4.05596
      vertex 23.221 14.125 4.05596
    endloop
  endfacet
  facet normal 0.751423 -0 0.659821
    outer loop
      vertex 23.1476 14.125 4.13955
      vertex 23.221 21.125 4.05596
      vertex 23.1476 21.125 4.13955
    endloop
  endfacet
  facet normal 0.751423 0 0.659821
    outer loop
      vertex 23.221 21.125 4.05596
      vertex 23.1476 14.125 4.13955
      vertex 23.221 14.125 4.05596
    endloop
  endfacet
  facet normal -0.997842 0 -0.0656534
    outer loop
      vertex 24.672 14.125 4.657
      vertex 24.6647 21.125 4.76795
      vertex 24.672 21.125 4.657
    endloop
  endfacet
  facet normal -0.997842 -0 -0.0656534
    outer loop
      vertex 24.6647 21.125 4.76795
      vertex 24.672 14.125 4.657
      vertex 24.6647 14.125 4.76795
    endloop
  endfacet
  facet normal -0.831358 0 -0.555737
    outer loop
      vertex 24.5581 14.125 5.082
      vertex 24.4963 21.125 5.17445
      vertex 24.5581 21.125 5.082
    endloop
  endfacet
  facet normal -0.831358 -0 -0.555737
    outer loop
      vertex 24.4963 21.125 5.17445
      vertex 24.5581 14.125 5.082
      vertex 24.4963 14.125 5.17445
    endloop
  endfacet
  facet normal 0.98077 0 -0.195165
    outer loop
      vertex 23.001 14.125 4.877
      vertex 22.9793 21.125 4.76795
      vertex 23.001 21.125 4.877
    endloop
  endfacet
  facet normal 0.98077 0 -0.195165
    outer loop
      vertex 22.9793 21.125 4.76795
      vertex 23.001 14.125 4.877
      vertex 22.9793 14.125 4.76795
    endloop
  endfacet
  facet normal 0.751423 0 -0.659821
    outer loop
      vertex 23.221 14.125 5.25804
      vertex 23.1476 21.125 5.17445
      vertex 23.221 21.125 5.25804
    endloop
  endfacet
  facet normal 0.751423 0 -0.659821
    outer loop
      vertex 23.1476 21.125 5.17445
      vertex 23.221 14.125 5.25804
      vertex 23.1476 14.125 5.17445
    endloop
  endfacet
  facet normal -0.194992 0 -0.980805
    outer loop
      vertex 23.9329 14.125 5.49973
      vertex 24.042 21.125 5.47804
      vertex 24.042 14.125 5.47804
    endloop
  endfacet
  facet normal -0.194992 0 -0.980805
    outer loop
      vertex 24.042 21.125 5.47804
      vertex 23.9329 14.125 5.49973
      vertex 23.9329 21.125 5.49973
    endloop
  endfacet
  facet normal -0.659319 0 -0.751863
    outer loop
      vertex 24.3394 14.125 5.33135
      vertex 24.423 21.125 5.25804
      vertex 24.423 14.125 5.25804
    endloop
  endfacet
  facet normal -0.659319 0 -0.751863
    outer loop
      vertex 24.423 21.125 5.25804
      vertex 24.3394 14.125 5.33135
      vertex 24.3394 21.125 5.33135
    endloop
  endfacet
  facet normal -0.896789 0 0.442459
    outer loop
      vertex 24.5581 14.125 4.232
      vertex 24.6073 21.125 4.33172
      vertex 24.5581 21.125 4.232
    endloop
  endfacet
  facet normal -0.896789 0 0.442459
    outer loop
      vertex 24.6073 21.125 4.33172
      vertex 24.5581 14.125 4.232
      vertex 24.6073 14.125 4.33172
    endloop
  endfacet
  facet normal -0.947033 0 0.321135
    outer loop
      vertex 24.6073 14.125 4.33172
      vertex 24.643 21.125 4.437
      vertex 24.6073 21.125 4.33172
    endloop
  endfacet
  facet normal -0.947033 0 0.321135
    outer loop
      vertex 24.643 21.125 4.437
      vertex 24.6073 14.125 4.33172
      vertex 24.643 14.125 4.437
    endloop
  endfacet
  facet normal -0.98077 0 0.195165
    outer loop
      vertex 24.643 14.125 4.437
      vertex 24.6647 21.125 4.54605
      vertex 24.643 21.125 4.437
    endloop
  endfacet
  facet normal -0.98077 0 0.195165
    outer loop
      vertex 24.6647 21.125 4.54605
      vertex 24.643 14.125 4.437
      vertex 24.6647 14.125 4.54605
    endloop
  endfacet
  facet normal -0.0654141 0 0.997858
    outer loop
      vertex 23.822 21.125 3.807
      vertex 23.9329 14.125 3.81427
      vertex 23.9329 21.125 3.81427
    endloop
  endfacet
  facet normal -0.0654141 0 0.997858
    outer loop
      vertex 23.9329 14.125 3.81427
      vertex 23.822 21.125 3.807
      vertex 23.822 14.125 3.807
    endloop
  endfacet
  facet normal 0.997842 -0 0.0656534
    outer loop
      vertex 22.972 14.125 4.657
      vertex 22.9793 21.125 4.54605
      vertex 22.972 21.125 4.657
    endloop
  endfacet
  facet normal 0.997842 0 0.0656534
    outer loop
      vertex 22.9793 21.125 4.54605
      vertex 22.972 14.125 4.657
      vertex 22.9793 14.125 4.54605
    endloop
  endfacet
  facet normal -0.896789 0 -0.442459
    outer loop
      vertex 24.6073 14.125 4.98228
      vertex 24.5581 21.125 5.082
      vertex 24.6073 21.125 4.98228
    endloop
  endfacet
  facet normal -0.896789 -0 -0.442459
    outer loop
      vertex 24.5581 21.125 5.082
      vertex 24.6073 14.125 4.98228
      vertex 24.5581 14.125 5.082
    endloop
  endfacet
  facet normal -0.0654141 0 -0.997858
    outer loop
      vertex 23.822 14.125 5.507
      vertex 23.9329 21.125 5.49973
      vertex 23.9329 14.125 5.49973
    endloop
  endfacet
  facet normal -0.0654141 0 -0.997858
    outer loop
      vertex 23.9329 21.125 5.49973
      vertex 23.822 14.125 5.507
      vertex 23.822 21.125 5.507
    endloop
  endfacet
  facet normal 0.896789 0 -0.442459
    outer loop
      vertex 23.0859 14.125 5.082
      vertex 23.0367 21.125 4.98228
      vertex 23.0859 21.125 5.082
    endloop
  endfacet
  facet normal 0.896789 0 -0.442459
    outer loop
      vertex 23.0367 21.125 4.98228
      vertex 23.0859 14.125 5.082
      vertex 23.0367 14.125 4.98228
    endloop
  endfacet
  facet normal 0.947033 0 -0.321135
    outer loop
      vertex 23.0367 14.125 4.98228
      vertex 23.001 21.125 4.877
      vertex 23.0367 21.125 4.98228
    endloop
  endfacet
  facet normal 0.947033 0 -0.321135
    outer loop
      vertex 23.001 21.125 4.877
      vertex 23.0367 14.125 4.98228
      vertex 23.001 14.125 4.877
    endloop
  endfacet
  facet normal 0.659319 0 -0.751863
    outer loop
      vertex 23.221 14.125 5.25804
      vertex 23.3046 21.125 5.33135
      vertex 23.3046 14.125 5.33135
    endloop
  endfacet
  facet normal 0.659319 0 -0.751863
    outer loop
      vertex 23.3046 21.125 5.33135
      vertex 23.221 14.125 5.25804
      vertex 23.221 21.125 5.25804
    endloop
  endfacet
  facet normal -0.442386 0 -0.896825
    outer loop
      vertex 24.1473 14.125 5.4423
      vertex 24.247 21.125 5.39312
      vertex 24.247 14.125 5.39312
    endloop
  endfacet
  facet normal -0.442386 0 -0.896825
    outer loop
      vertex 24.247 21.125 5.39312
      vertex 24.1473 14.125 5.4423
      vertex 24.1473 21.125 5.4423
    endloop
  endfacet
  facet normal -0.321403 0 -0.946943
    outer loop
      vertex 24.042 14.125 5.47804
      vertex 24.1473 21.125 5.4423
      vertex 24.1473 14.125 5.4423
    endloop
  endfacet
  facet normal -0.321403 0 -0.946943
    outer loop
      vertex 24.1473 21.125 5.4423
      vertex 24.042 14.125 5.47804
      vertex 24.042 21.125 5.47804
    endloop
  endfacet
  facet normal 0.442386 0 -0.896825
    outer loop
      vertex 23.397 14.125 5.39312
      vertex 23.4967 21.125 5.4423
      vertex 23.4967 14.125 5.4423
    endloop
  endfacet
  facet normal 0.442386 0 -0.896825
    outer loop
      vertex 23.4967 21.125 5.4423
      vertex 23.397 14.125 5.39312
      vertex 23.397 21.125 5.39312
    endloop
  endfacet
  facet normal 0.194992 0 -0.980805
    outer loop
      vertex 23.602 14.125 5.47804
      vertex 23.7111 21.125 5.49973
      vertex 23.7111 14.125 5.49973
    endloop
  endfacet
  facet normal 0.194992 0 -0.980805
    outer loop
      vertex 23.7111 21.125 5.49973
      vertex 23.602 14.125 5.47804
      vertex 23.602 21.125 5.47804
    endloop
  endfacet
  facet normal 0.321403 0 -0.946943
    outer loop
      vertex 23.4967 14.125 5.4423
      vertex 23.602 21.125 5.47804
      vertex 23.602 14.125 5.47804
    endloop
  endfacet
  facet normal 0.321403 0 -0.946943
    outer loop
      vertex 23.602 21.125 5.47804
      vertex 23.4967 14.125 5.4423
      vertex 23.4967 21.125 5.4423
    endloop
  endfacet
  facet normal -0.751869 0 -0.659313
    outer loop
      vertex 24.4963 14.125 5.17445
      vertex 24.423 21.125 5.25804
      vertex 24.4963 21.125 5.17445
    endloop
  endfacet
  facet normal -0.751869 -0 -0.659313
    outer loop
      vertex 24.423 21.125 5.25804
      vertex 24.4963 14.125 5.17445
      vertex 24.423 14.125 5.25804
    endloop
  endfacet
  facet normal 0.0654141 0 -0.997858
    outer loop
      vertex 23.7111 14.125 5.49973
      vertex 23.822 21.125 5.507
      vertex 23.822 14.125 5.507
    endloop
  endfacet
  facet normal 0.0654141 0 -0.997858
    outer loop
      vertex 23.822 21.125 5.507
      vertex 23.7111 14.125 5.49973
      vertex 23.7111 21.125 5.49973
    endloop
  endfacet
  facet normal -0.89686 0 0.442314
    outer loop
      vertex 9.73612 59.1 3.575
      vertex 9.7853 63.4 3.67472
      vertex 9.73612 63.4 3.575
    endloop
  endfacet
  facet normal -0.89686 0 0.442314
    outer loop
      vertex 9.7853 63.4 3.67472
      vertex 9.73612 59.1 3.575
      vertex 9.7853 59.1 3.67472
    endloop
  endfacet
  facet normal -0.831483 0 0.555551
    outer loop
      vertex 9.67435 59.1 3.48255
      vertex 9.73612 63.4 3.575
      vertex 9.67435 63.4 3.48255
    endloop
  endfacet
  facet normal -0.831483 0 0.555551
    outer loop
      vertex 9.73612 63.4 3.575
      vertex 9.67435 59.1 3.48255
      vertex 9.73612 59.1 3.575
    endloop
  endfacet
  facet normal -0.321458 0 0.946924
    outer loop
      vertex 9.22 63.4 3.17896
      vertex 9.32528 59.1 3.2147
      vertex 9.32528 63.4 3.2147
    endloop
  endfacet
  facet normal -0.321458 0 0.946924
    outer loop
      vertex 9.32528 59.1 3.2147
      vertex 9.22 63.4 3.17896
      vertex 9.22 59.1 3.17896
    endloop
  endfacet
  facet normal 0.442314 0 0.89686
    outer loop
      vertex 8.575 63.4 3.26388
      vertex 8.67472 59.1 3.2147
      vertex 8.67472 63.4 3.2147
    endloop
  endfacet
  facet normal 0.442314 0 0.89686
    outer loop
      vertex 8.67472 59.1 3.2147
      vertex 8.575 63.4 3.26388
      vertex 8.575 59.1 3.26388
    endloop
  endfacet
  facet normal 0.89686 -0 0.442314
    outer loop
      vertex 8.2147 59.1 3.67472
      vertex 8.26388 63.4 3.575
      vertex 8.2147 63.4 3.67472
    endloop
  endfacet
  facet normal 0.89686 0 0.442314
    outer loop
      vertex 8.26388 63.4 3.575
      vertex 8.2147 59.1 3.67472
      vertex 8.26388 59.1 3.575
    endloop
  endfacet
  facet normal -0.980788 0 -0.195078
    outer loop
      vertex 9.84273 59.1 4.11095
      vertex 9.82104 63.4 4.22
      vertex 9.84273 63.4 4.11095
    endloop
  endfacet
  facet normal -0.980788 -0 -0.195078
    outer loop
      vertex 9.82104 63.4 4.22
      vertex 9.84273 59.1 4.11095
      vertex 9.82104 59.1 4.22
    endloop
  endfacet
  facet normal -0.0653848 0 0.99786
    outer loop
      vertex 9 63.4 3.15
      vertex 9.11095 59.1 3.15727
      vertex 9.11095 63.4 3.15727
    endloop
  endfacet
  facet normal -0.0653848 0 0.99786
    outer loop
      vertex 9.11095 59.1 3.15727
      vertex 9 63.4 3.15
      vertex 9 59.1 3.15
    endloop
  endfacet
  facet normal -0.442314 0 0.89686
    outer loop
      vertex 9.32528 63.4 3.2147
      vertex 9.425 59.1 3.26388
      vertex 9.425 63.4 3.26388
    endloop
  endfacet
  facet normal -0.442314 0 0.89686
    outer loop
      vertex 9.425 59.1 3.26388
      vertex 9.32528 63.4 3.2147
      vertex 9.32528 59.1 3.2147
    endloop
  endfacet
  facet normal 0.99786 -0 0.0653848
    outer loop
      vertex 8.15 59.1 4
      vertex 8.15727 63.4 3.88905
      vertex 8.15 63.4 4
    endloop
  endfacet
  facet normal 0.99786 0 0.0653848
    outer loop
      vertex 8.15727 63.4 3.88905
      vertex 8.15 59.1 4
      vertex 8.15727 59.1 3.88905
    endloop
  endfacet
  facet normal 0.831483 -0 0.555551
    outer loop
      vertex 8.26388 59.1 3.575
      vertex 8.32565 63.4 3.48255
      vertex 8.26388 63.4 3.575
    endloop
  endfacet
  facet normal 0.831483 0 0.555551
    outer loop
      vertex 8.32565 63.4 3.48255
      vertex 8.26388 59.1 3.575
      vertex 8.32565 59.1 3.48255
    endloop
  endfacet
  facet normal 0.555551 0 0.831483
    outer loop
      vertex 8.48255 63.4 3.32565
      vertex 8.575 59.1 3.26388
      vertex 8.575 63.4 3.26388
    endloop
  endfacet
  facet normal 0.555551 0 0.831483
    outer loop
      vertex 8.575 59.1 3.26388
      vertex 8.48255 63.4 3.32565
      vertex 8.48255 59.1 3.32565
    endloop
  endfacet
  facet normal 0.321458 0 0.946924
    outer loop
      vertex 8.67472 63.4 3.2147
      vertex 8.78 59.1 3.17896
      vertex 8.78 63.4 3.17896
    endloop
  endfacet
  facet normal 0.321458 0 0.946924
    outer loop
      vertex 8.78 59.1 3.17896
      vertex 8.67472 63.4 3.2147
      vertex 8.67472 59.1 3.2147
    endloop
  endfacet
  facet normal -0.99786 0 -0.0653848
    outer loop
      vertex 9.85 59.1 4
      vertex 9.84273 63.4 4.11095
      vertex 9.85 63.4 4
    endloop
  endfacet
  facet normal -0.99786 -0 -0.0653848
    outer loop
      vertex 9.84273 63.4 4.11095
      vertex 9.85 59.1 4
      vertex 9.84273 59.1 4.11095
    endloop
  endfacet
  facet normal -0.946924 0 -0.321458
    outer loop
      vertex 9.82104 59.1 4.22
      vertex 9.7853 63.4 4.32528
      vertex 9.82104 63.4 4.22
    endloop
  endfacet
  facet normal -0.946924 -0 -0.321458
    outer loop
      vertex 9.7853 63.4 4.32528
      vertex 9.82104 59.1 4.22
      vertex 9.7853 59.1 4.32528
    endloop
  endfacet
  facet normal -0.555551 0 -0.831483
    outer loop
      vertex 9.425 59.1 4.73612
      vertex 9.51745 63.4 4.67435
      vertex 9.51745 59.1 4.67435
    endloop
  endfacet
  facet normal -0.555551 0 -0.831483
    outer loop
      vertex 9.51745 63.4 4.67435
      vertex 9.425 59.1 4.73612
      vertex 9.425 63.4 4.73612
    endloop
  endfacet
  facet normal -0.980788 0 0.195078
    outer loop
      vertex 9.82104 59.1 3.78
      vertex 9.84273 63.4 3.88905
      vertex 9.82104 63.4 3.78
    endloop
  endfacet
  facet normal -0.980788 0 0.195078
    outer loop
      vertex 9.84273 63.4 3.88905
      vertex 9.82104 59.1 3.78
      vertex 9.84273 59.1 3.88905
    endloop
  endfacet
  facet normal -0.946924 0 0.321458
    outer loop
      vertex 9.7853 59.1 3.67472
      vertex 9.82104 63.4 3.78
      vertex 9.7853 63.4 3.67472
    endloop
  endfacet
  facet normal -0.946924 0 0.321458
    outer loop
      vertex 9.82104 63.4 3.78
      vertex 9.7853 59.1 3.67472
      vertex 9.82104 59.1 3.78
    endloop
  endfacet
  facet normal -0.659364 0 0.751824
    outer loop
      vertex 9.51745 63.4 3.32565
      vertex 9.60104 59.1 3.39896
      vertex 9.60104 63.4 3.39896
    endloop
  endfacet
  facet normal -0.659364 0 0.751824
    outer loop
      vertex 9.60104 59.1 3.39896
      vertex 9.51745 63.4 3.32565
      vertex 9.51745 59.1 3.32565
    endloop
  endfacet
  facet normal -0.751824 0 0.659364
    outer loop
      vertex 9.60104 59.1 3.39896
      vertex 9.67435 63.4 3.48255
      vertex 9.60104 63.4 3.39896
    endloop
  endfacet
  facet normal -0.751824 0 0.659364
    outer loop
      vertex 9.67435 63.4 3.48255
      vertex 9.60104 59.1 3.39896
      vertex 9.67435 59.1 3.48255
    endloop
  endfacet
  facet normal 0.0653848 0 0.99786
    outer loop
      vertex 8.88905 63.4 3.15727
      vertex 9 59.1 3.15
      vertex 9 63.4 3.15
    endloop
  endfacet
  facet normal 0.0653848 0 0.99786
    outer loop
      vertex 9 59.1 3.15
      vertex 8.88905 63.4 3.15727
      vertex 8.88905 59.1 3.15727
    endloop
  endfacet
  facet normal -0.195078 0 0.980788
    outer loop
      vertex 9.11095 63.4 3.15727
      vertex 9.22 59.1 3.17896
      vertex 9.22 63.4 3.17896
    endloop
  endfacet
  facet normal -0.195078 0 0.980788
    outer loop
      vertex 9.22 59.1 3.17896
      vertex 9.11095 63.4 3.15727
      vertex 9.11095 59.1 3.15727
    endloop
  endfacet
  facet normal -0.555551 0 0.831483
    outer loop
      vertex 9.425 63.4 3.26388
      vertex 9.51745 59.1 3.32565
      vertex 9.51745 63.4 3.32565
    endloop
  endfacet
  facet normal -0.555551 0 0.831483
    outer loop
      vertex 9.51745 59.1 3.32565
      vertex 9.425 63.4 3.26388
      vertex 9.425 59.1 3.26388
    endloop
  endfacet
  facet normal 0 -1 0
    outer loop
      vertex 8.88905 63.4 4.84273
      vertex 9.11095 63.4 4.84273
      vertex 9 63.4 4.85
    endloop
  endfacet
  facet normal 0 -1 0
    outer loop
      vertex 8.78 63.4 4.82104
      vertex 9.11095 63.4 4.84273
      vertex 8.88905 63.4 4.84273
    endloop
  endfacet
  facet normal 0 -1 0
    outer loop
      vertex 8.78 63.4 4.82104
      vertex 9.22 63.4 4.82104
      vertex 9.11095 63.4 4.84273
    endloop
  endfacet
  facet normal 0 -1 0
    outer loop
      vertex 8.67472 63.4 4.7853
      vertex 9.22 63.4 4.82104
      vertex 8.78 63.4 4.82104
    endloop
  endfacet
  facet normal 0 -1 0
    outer loop
      vertex 8.67472 63.4 4.7853
      vertex 9.32528 63.4 4.7853
      vertex 9.22 63.4 4.82104
    endloop
  endfacet
  facet normal 0 -1 0
    outer loop
      vertex 8.575 63.4 4.73612
      vertex 9.32528 63.4 4.7853
      vertex 8.67472 63.4 4.7853
    endloop
  endfacet
  facet normal 0 -1 0
    outer loop
      vertex 8.575 63.4 4.73612
      vertex 9.425 63.4 4.73612
      vertex 9.32528 63.4 4.7853
    endloop
  endfacet
  facet normal 0 -1 0
    outer loop
      vertex 8.48255 63.4 4.67435
      vertex 9.425 63.4 4.73612
      vertex 8.575 63.4 4.73612
    endloop
  endfacet
  facet normal 0 -1 0
    outer loop
      vertex 8.48255 63.4 4.67435
      vertex 9.51745 63.4 4.67435
      vertex 9.425 63.4 4.73612
    endloop
  endfacet
  facet normal 0 -1 0
    outer loop
      vertex 8.39896 63.4 4.60104
      vertex 9.51745 63.4 4.67435
      vertex 8.48255 63.4 4.67435
    endloop
  endfacet
  facet normal 0 -1 0
    outer loop
      vertex 8.39896 63.4 4.60104
      vertex 9.60104 63.4 4.60104
      vertex 9.51745 63.4 4.67435
    endloop
  endfacet
  facet normal 0 -1 0
    outer loop
      vertex 8.32565 63.4 4.51745
      vertex 9.60104 63.4 4.60104
      vertex 8.39896 63.4 4.60104
    endloop
  endfacet
  facet normal 0 -1 0
    outer loop
      vertex 8.32565 63.4 4.51745
      vertex 9.67435 63.4 4.51745
      vertex 9.60104 63.4 4.60104
    endloop
  endfacet
  facet normal 0 -1 0
    outer loop
      vertex 8.26388 63.4 4.425
      vertex 9.67435 63.4 4.51745
      vertex 8.32565 63.4 4.51745
    endloop
  endfacet
  facet normal 0 -1 0
    outer loop
      vertex 8.26388 63.4 4.425
      vertex 9.73612 63.4 4.425
      vertex 9.67435 63.4 4.51745
    endloop
  endfacet
  facet normal 0 -1 0
    outer loop
      vertex 8.2147 63.4 4.32528
      vertex 9.73612 63.4 4.425
      vertex 8.26388 63.4 4.425
    endloop
  endfacet
  facet normal 0 -1 0
    outer loop
      vertex 8.2147 63.4 4.32528
      vertex 9.7853 63.4 4.32528
      vertex 9.73612 63.4 4.425
    endloop
  endfacet
  facet normal 0 -1 0
    outer loop
      vertex 8.17896 63.4 4.22
      vertex 9.7853 63.4 4.32528
      vertex 8.2147 63.4 4.32528
    endloop
  endfacet
  facet normal 0 -1 0
    outer loop
      vertex 8.17896 63.4 4.22
      vertex 9.82104 63.4 4.22
      vertex 9.7853 63.4 4.32528
    endloop
  endfacet
  facet normal 0 -1 0
    outer loop
      vertex 8.15727 63.4 4.11095
      vertex 9.82104 63.4 4.22
      vertex 8.17896 63.4 4.22
    endloop
  endfacet
  facet normal 0 -1 0
    outer loop
      vertex 8.15727 63.4 4.11095
      vertex 9.84273 63.4 4.11095
      vertex 9.82104 63.4 4.22
    endloop
  endfacet
  facet normal 0 -1 0
    outer loop
      vertex 8.15 63.4 4
      vertex 9.84273 63.4 4.11095
      vertex 8.15727 63.4 4.11095
    endloop
  endfacet
  facet normal 0 -1 0
    outer loop
      vertex 8.15 63.4 4
      vertex 9.85 63.4 4
      vertex 9.84273 63.4 4.11095
    endloop
  endfacet
  facet normal 0 -1 0
    outer loop
      vertex 8.15727 63.4 3.88905
      vertex 9.85 63.4 4
      vertex 8.15 63.4 4
    endloop
  endfacet
  facet normal 0 -1 0
    outer loop
      vertex 8.15727 63.4 3.88905
      vertex 9.84273 63.4 3.88905
      vertex 9.85 63.4 4
    endloop
  endfacet
  facet normal 0 -1 0
    outer loop
      vertex 8.17896 63.4 3.78
      vertex 9.84273 63.4 3.88905
      vertex 8.15727 63.4 3.88905
    endloop
  endfacet
  facet normal 0 -1 0
    outer loop
      vertex 8.17896 63.4 3.78
      vertex 9.82104 63.4 3.78
      vertex 9.84273 63.4 3.88905
    endloop
  endfacet
  facet normal 0 -1 0
    outer loop
      vertex 8.2147 63.4 3.67472
      vertex 9.82104 63.4 3.78
      vertex 8.17896 63.4 3.78
    endloop
  endfacet
  facet normal 0 -1 0
    outer loop
      vertex 8.2147 63.4 3.67472
      vertex 9.7853 63.4 3.67472
      vertex 9.82104 63.4 3.78
    endloop
  endfacet
  facet normal 0 -1 0
    outer loop
      vertex 8.26388 63.4 3.575
      vertex 9.7853 63.4 3.67472
      vertex 8.2147 63.4 3.67472
    endloop
  endfacet
  facet normal 0 -1 0
    outer loop
      vertex 8.26388 63.4 3.575
      vertex 9.73612 63.4 3.575
      vertex 9.7853 63.4 3.67472
    endloop
  endfacet
  facet normal 0 -1 0
    outer loop
      vertex 8.32565 63.4 3.48255
      vertex 9.73612 63.4 3.575
      vertex 8.26388 63.4 3.575
    endloop
  endfacet
  facet normal 0 -1 0
    outer loop
      vertex 8.32565 63.4 3.48255
      vertex 9.67435 63.4 3.48255
      vertex 9.73612 63.4 3.575
    endloop
  endfacet
  facet normal 0 -1 0
    outer loop
      vertex 8.39896 63.4 3.39896
      vertex 9.67435 63.4 3.48255
      vertex 8.32565 63.4 3.48255
    endloop
  endfacet
  facet normal 0 -1 0
    outer loop
      vertex 8.39896 63.4 3.39896
      vertex 9.60104 63.4 3.39896
      vertex 9.67435 63.4 3.48255
    endloop
  endfacet
  facet normal 0 -1 0
    outer loop
      vertex 8.48255 63.4 3.32565
      vertex 9.60104 63.4 3.39896
      vertex 8.39896 63.4 3.39896
    endloop
  endfacet
  facet normal 0 -1 0
    outer loop
      vertex 8.48255 63.4 3.32565
      vertex 9.51745 63.4 3.32565
      vertex 9.60104 63.4 3.39896
    endloop
  endfacet
  facet normal 0 -1 0
    outer loop
      vertex 8.575 63.4 3.26388
      vertex 9.51745 63.4 3.32565
      vertex 8.48255 63.4 3.32565
    endloop
  endfacet
  facet normal 0 -1 0
    outer loop
      vertex 8.575 63.4 3.26388
      vertex 9.425 63.4 3.26388
      vertex 9.51745 63.4 3.32565
    endloop
  endfacet
  facet normal 0 -1 0
    outer loop
      vertex 8.67472 63.4 3.2147
      vertex 9.425 63.4 3.26388
      vertex 8.575 63.4 3.26388
    endloop
  endfacet
  facet normal 0 -1 0
    outer loop
      vertex 8.67472 63.4 3.2147
      vertex 9.32528 63.4 3.2147
      vertex 9.425 63.4 3.26388
    endloop
  endfacet
  facet normal 0 -1 0
    outer loop
      vertex 8.78 63.4 3.17896
      vertex 9.32528 63.4 3.2147
      vertex 8.67472 63.4 3.2147
    endloop
  endfacet
  facet normal 0 -1 0
    outer loop
      vertex 8.78 63.4 3.17896
      vertex 9.22 63.4 3.17896
      vertex 9.32528 63.4 3.2147
    endloop
  endfacet
  facet normal 0 -1 0
    outer loop
      vertex 8.88905 63.4 3.15727
      vertex 9.22 63.4 3.17896
      vertex 8.78 63.4 3.17896
    endloop
  endfacet
  facet normal 0 -1 0
    outer loop
      vertex 8.88905 63.4 3.15727
      vertex 9.11095 63.4 3.15727
      vertex 9.22 63.4 3.17896
    endloop
  endfacet
  facet normal -0 -1 0
    outer loop
      vertex 9.11095 63.4 3.15727
      vertex 8.88905 63.4 3.15727
      vertex 9 63.4 3.15
    endloop
  endfacet
  facet normal 0.946924 -0 0.321458
    outer loop
      vertex 8.17896 59.1 3.78
      vertex 8.2147 63.4 3.67472
      vertex 8.17896 63.4 3.78
    endloop
  endfacet
  facet normal 0.946924 0 0.321458
    outer loop
      vertex 8.2147 63.4 3.67472
      vertex 8.17896 59.1 3.78
      vertex 8.2147 59.1 3.67472
    endloop
  endfacet
  facet normal 0.980788 -0 0.195078
    outer loop
      vertex 8.15727 59.1 3.88905
      vertex 8.17896 63.4 3.78
      vertex 8.15727 63.4 3.88905
    endloop
  endfacet
  facet normal 0.980788 0 0.195078
    outer loop
      vertex 8.17896 63.4 3.78
      vertex 8.15727 59.1 3.88905
      vertex 8.17896 59.1 3.78
    endloop
  endfacet
  facet normal 0.195078 0 0.980788
    outer loop
      vertex 8.78 63.4 3.17896
      vertex 8.88905 59.1 3.15727
      vertex 8.88905 63.4 3.15727
    endloop
  endfacet
  facet normal 0.195078 0 0.980788
    outer loop
      vertex 8.88905 59.1 3.15727
      vertex 8.78 63.4 3.17896
      vertex 8.78 59.1 3.17896
    endloop
  endfacet
  facet normal 0.659364 0 0.751824
    outer loop
      vertex 8.39896 63.4 3.39896
      vertex 8.48255 59.1 3.32565
      vertex 8.48255 63.4 3.32565
    endloop
  endfacet
  facet normal 0.659364 0 0.751824
    outer loop
      vertex 8.48255 59.1 3.32565
      vertex 8.39896 63.4 3.39896
      vertex 8.39896 59.1 3.39896
    endloop
  endfacet
  facet normal 0.751824 -0 0.659364
    outer loop
      vertex 8.32565 59.1 3.48255
      vertex 8.39896 63.4 3.39896
      vertex 8.32565 63.4 3.48255
    endloop
  endfacet
  facet normal 0.751824 0 0.659364
    outer loop
      vertex 8.39896 63.4 3.39896
      vertex 8.32565 59.1 3.48255
      vertex 8.39896 59.1 3.39896
    endloop
  endfacet
  facet normal -0.99786 0 0.0653848
    outer loop
      vertex 9.84273 59.1 3.88905
      vertex 9.85 63.4 4
      vertex 9.84273 63.4 3.88905
    endloop
  endfacet
  facet normal -0.99786 0 0.0653848
    outer loop
      vertex 9.85 63.4 4
      vertex 9.84273 59.1 3.88905
      vertex 9.85 59.1 4
    endloop
  endfacet
  facet normal -0.831483 0 -0.555551
    outer loop
      vertex 9.73612 59.1 4.425
      vertex 9.67435 63.4 4.51745
      vertex 9.73612 63.4 4.425
    endloop
  endfacet
  facet normal -0.831483 -0 -0.555551
    outer loop
      vertex 9.67435 63.4 4.51745
      vertex 9.73612 59.1 4.425
      vertex 9.67435 59.1 4.51745
    endloop
  endfacet
  facet normal 0.99786 0 -0.0653848
    outer loop
      vertex 8.15727 59.1 4.11095
      vertex 8.15 63.4 4
      vertex 8.15727 63.4 4.11095
    endloop
  endfacet
  facet normal 0.99786 0 -0.0653848
    outer loop
      vertex 8.15 63.4 4
      vertex 8.15727 59.1 4.11095
      vertex 8.15 59.1 4
    endloop
  endfacet
  facet normal 0.89686 0 -0.442314
    outer loop
      vertex 8.26388 59.1 4.425
      vertex 8.2147 63.4 4.32528
      vertex 8.26388 63.4 4.425
    endloop
  endfacet
  facet normal 0.89686 0 -0.442314
    outer loop
      vertex 8.2147 63.4 4.32528
      vertex 8.26388 59.1 4.425
      vertex 8.2147 59.1 4.32528
    endloop
  endfacet
  facet normal -0.195078 0 -0.980788
    outer loop
      vertex 9.11095 59.1 4.84273
      vertex 9.22 63.4 4.82104
      vertex 9.22 59.1 4.82104
    endloop
  endfacet
  facet normal -0.195078 0 -0.980788
    outer loop
      vertex 9.22 63.4 4.82104
      vertex 9.11095 59.1 4.84273
      vertex 9.11095 63.4 4.84273
    endloop
  endfacet
  facet normal -0.659364 0 -0.751824
    outer loop
      vertex 9.51745 59.1 4.67435
      vertex 9.60104 63.4 4.60104
      vertex 9.60104 59.1 4.60104
    endloop
  endfacet
  facet normal -0.659364 0 -0.751824
    outer loop
      vertex 9.60104 63.4 4.60104
      vertex 9.51745 59.1 4.67435
      vertex 9.51745 63.4 4.67435
    endloop
  endfacet
  facet normal -0.89686 0 -0.442314
    outer loop
      vertex 9.7853 59.1 4.32528
      vertex 9.73612 63.4 4.425
      vertex 9.7853 63.4 4.32528
    endloop
  endfacet
  facet normal -0.89686 -0 -0.442314
    outer loop
      vertex 9.73612 63.4 4.425
      vertex 9.7853 59.1 4.32528
      vertex 9.73612 59.1 4.425
    endloop
  endfacet
  facet normal 0.0653848 0 -0.99786
    outer loop
      vertex 8.88905 59.1 4.84273
      vertex 9 63.4 4.85
      vertex 9 59.1 4.85
    endloop
  endfacet
  facet normal 0.0653848 0 -0.99786
    outer loop
      vertex 9 63.4 4.85
      vertex 8.88905 59.1 4.84273
      vertex 8.88905 63.4 4.84273
    endloop
  endfacet
  facet normal 0.946924 0 -0.321458
    outer loop
      vertex 8.2147 59.1 4.32528
      vertex 8.17896 63.4 4.22
      vertex 8.2147 63.4 4.32528
    endloop
  endfacet
  facet normal 0.946924 0 -0.321458
    outer loop
      vertex 8.17896 63.4 4.22
      vertex 8.2147 59.1 4.32528
      vertex 8.17896 59.1 4.22
    endloop
  endfacet
  facet normal 0.980788 0 -0.195078
    outer loop
      vertex 8.17896 59.1 4.22
      vertex 8.15727 63.4 4.11095
      vertex 8.17896 63.4 4.22
    endloop
  endfacet
  facet normal 0.980788 0 -0.195078
    outer loop
      vertex 8.15727 63.4 4.11095
      vertex 8.17896 59.1 4.22
      vertex 8.15727 59.1 4.11095
    endloop
  endfacet
  facet normal -0.442314 0 -0.89686
    outer loop
      vertex 9.32528 59.1 4.7853
      vertex 9.425 63.4 4.73612
      vertex 9.425 59.1 4.73612
    endloop
  endfacet
  facet normal -0.442314 0 -0.89686
    outer loop
      vertex 9.425 63.4 4.73612
      vertex 9.32528 59.1 4.7853
      vertex 9.32528 63.4 4.7853
    endloop
  endfacet
  facet normal -0.321458 0 -0.946924
    outer loop
      vertex 9.22 59.1 4.82104
      vertex 9.32528 63.4 4.7853
      vertex 9.32528 59.1 4.7853
    endloop
  endfacet
  facet normal -0.321458 0 -0.946924
    outer loop
      vertex 9.32528 63.4 4.7853
      vertex 9.22 59.1 4.82104
      vertex 9.22 63.4 4.82104
    endloop
  endfacet
  facet normal -0.751824 0 -0.659364
    outer loop
      vertex 9.67435 59.1 4.51745
      vertex 9.60104 63.4 4.60104
      vertex 9.67435 63.4 4.51745
    endloop
  endfacet
  facet normal -0.751824 -0 -0.659364
    outer loop
      vertex 9.60104 63.4 4.60104
      vertex 9.67435 59.1 4.51745
      vertex 9.60104 59.1 4.60104
    endloop
  endfacet
  facet normal 0.321458 0 -0.946924
    outer loop
      vertex 8.67472 59.1 4.7853
      vertex 8.78 63.4 4.82104
      vertex 8.78 59.1 4.82104
    endloop
  endfacet
  facet normal 0.321458 0 -0.946924
    outer loop
      vertex 8.78 63.4 4.82104
      vertex 8.67472 59.1 4.7853
      vertex 8.67472 63.4 4.7853
    endloop
  endfacet
  facet normal -0.0653848 0 -0.99786
    outer loop
      vertex 9 59.1 4.85
      vertex 9.11095 63.4 4.84273
      vertex 9.11095 59.1 4.84273
    endloop
  endfacet
  facet normal -0.0653848 0 -0.99786
    outer loop
      vertex 9.11095 63.4 4.84273
      vertex 9 59.1 4.85
      vertex 9 63.4 4.85
    endloop
  endfacet
  facet normal 0.195078 0 -0.980788
    outer loop
      vertex 8.78 59.1 4.82104
      vertex 8.88905 63.4 4.84273
      vertex 8.88905 59.1 4.84273
    endloop
  endfacet
  facet normal 0.195078 0 -0.980788
    outer loop
      vertex 8.88905 63.4 4.84273
      vertex 8.78 59.1 4.82104
      vertex 8.78 63.4 4.82104
    endloop
  endfacet
  facet normal 0.751824 0 -0.659364
    outer loop
      vertex 8.39896 59.1 4.60104
      vertex 8.32565 63.4 4.51745
      vertex 8.39896 63.4 4.60104
    endloop
  endfacet
  facet normal 0.751824 0 -0.659364
    outer loop
      vertex 8.32565 63.4 4.51745
      vertex 8.39896 59.1 4.60104
      vertex 8.32565 59.1 4.51745
    endloop
  endfacet
  facet normal 0.659364 0 -0.751824
    outer loop
      vertex 8.39896 59.1 4.60104
      vertex 8.48255 63.4 4.67435
      vertex 8.48255 59.1 4.67435
    endloop
  endfacet
  facet normal 0.659364 0 -0.751824
    outer loop
      vertex 8.48255 63.4 4.67435
      vertex 8.39896 59.1 4.60104
      vertex 8.39896 63.4 4.60104
    endloop
  endfacet
  facet normal 0.555551 0 -0.831483
    outer loop
      vertex 8.48255 59.1 4.67435
      vertex 8.575 63.4 4.73612
      vertex 8.575 59.1 4.73612
    endloop
  endfacet
  facet normal 0.555551 0 -0.831483
    outer loop
      vertex 8.575 63.4 4.73612
      vertex 8.48255 59.1 4.67435
      vertex 8.48255 63.4 4.67435
    endloop
  endfacet
  facet normal 0.831483 0 -0.555551
    outer loop
      vertex 8.32565 59.1 4.51745
      vertex 8.26388 63.4 4.425
      vertex 8.32565 63.4 4.51745
    endloop
  endfacet
  facet normal 0.831483 0 -0.555551
    outer loop
      vertex 8.26388 63.4 4.425
      vertex 8.32565 59.1 4.51745
      vertex 8.26388 59.1 4.425
    endloop
  endfacet
  facet normal 0.442314 0 -0.89686
    outer loop
      vertex 8.575 59.1 4.73612
      vertex 8.67472 63.4 4.7853
      vertex 8.67472 59.1 4.7853
    endloop
  endfacet
  facet normal 0.442314 0 -0.89686
    outer loop
      vertex 8.67472 63.4 4.7853
      vertex 8.575 59.1 4.73612
      vertex 8.575 63.4 4.73612
    endloop
  endfacet
  facet normal -0.896825 0 0.442386
    outer loop
      vertex 9.73612 59.1 49.575
      vertex 9.7853 63.4 49.6747
      vertex 9.73612 63.4 49.575
    endloop
  endfacet
  facet normal -0.896825 0 0.442386
    outer loop
      vertex 9.7853 63.4 49.6747
      vertex 9.73612 59.1 49.575
      vertex 9.7853 59.1 49.6747
    endloop
  endfacet
  facet normal -0.831344 0 0.555759
    outer loop
      vertex 9.67435 59.1 49.4826
      vertex 9.73612 63.4 49.575
      vertex 9.67435 63.4 49.4826
    endloop
  endfacet
  facet normal -0.831344 0 0.555759
    outer loop
      vertex 9.73612 63.4 49.575
      vertex 9.67435 59.1 49.4826
      vertex 9.73612 59.1 49.575
    endloop
  endfacet
  facet normal -0.321135 0 0.947033
    outer loop
      vertex 9.22 63.4 49.179
      vertex 9.32528 59.1 49.2147
      vertex 9.32528 63.4 49.2147
    endloop
  endfacet
  facet normal -0.321135 0 0.947033
    outer loop
      vertex 9.32528 59.1 49.2147
      vertex 9.22 63.4 49.179
      vertex 9.22 59.1 49.179
    endloop
  endfacet
  facet normal 0.442459 0 0.896789
    outer loop
      vertex 8.575 63.4 49.2639
      vertex 8.67472 59.1 49.2147
      vertex 8.67472 63.4 49.2147
    endloop
  endfacet
  facet normal 0.442459 0 0.896789
    outer loop
      vertex 8.67472 59.1 49.2147
      vertex 8.575 63.4 49.2639
      vertex 8.575 59.1 49.2639
    endloop
  endfacet
  facet normal 0.896825 -0 0.442386
    outer loop
      vertex 8.2147 59.1 49.6747
      vertex 8.26388 63.4 49.575
      vertex 8.2147 63.4 49.6747
    endloop
  endfacet
  facet normal 0.896825 0 0.442386
    outer loop
      vertex 8.26388 63.4 49.575
      vertex 8.2147 59.1 49.6747
      vertex 8.26388 59.1 49.575
    endloop
  endfacet
  facet normal -0.980805 0 -0.194992
    outer loop
      vertex 9.84273 59.1 50.1109
      vertex 9.82104 63.4 50.22
      vertex 9.84273 63.4 50.1109
    endloop
  endfacet
  facet normal -0.980805 -0 -0.194992
    outer loop
      vertex 9.82104 63.4 50.22
      vertex 9.84273 59.1 50.1109
      vertex 9.82104 59.1 50.22
    endloop
  endfacet
  facet normal -0.0656534 0 0.997842
    outer loop
      vertex 9 63.4 49.15
      vertex 9.11095 59.1 49.1573
      vertex 9.11095 63.4 49.1573
    endloop
  endfacet
  facet normal -0.0656534 0 0.997842
    outer loop
      vertex 9.11095 59.1 49.1573
      vertex 9 63.4 49.15
      vertex 9 59.1 49.15
    endloop
  endfacet
  facet normal -0.442459 0 0.896789
    outer loop
      vertex 9.32528 63.4 49.2147
      vertex 9.425 59.1 49.2639
      vertex 9.425 63.4 49.2639
    endloop
  endfacet
  facet normal -0.442459 0 0.896789
    outer loop
      vertex 9.425 59.1 49.2639
      vertex 9.32528 63.4 49.2147
      vertex 9.32528 59.1 49.2147
    endloop
  endfacet
  facet normal 0.997858 -0 0.0654141
    outer loop
      vertex 8.15 59.1 50
      vertex 8.15727 63.4 49.8891
      vertex 8.15 63.4 50
    endloop
  endfacet
  facet normal 0.997858 0 0.0654141
    outer loop
      vertex 8.15727 63.4 49.8891
      vertex 8.15 59.1 50
      vertex 8.15727 59.1 49.8891
    endloop
  endfacet
  facet normal 0.831344 -0 0.555759
    outer loop
      vertex 8.26388 59.1 49.575
      vertex 8.32565 63.4 49.4826
      vertex 8.26388 63.4 49.575
    endloop
  endfacet
  facet normal 0.831344 0 0.555759
    outer loop
      vertex 8.32565 63.4 49.4826
      vertex 8.26388 59.1 49.575
      vertex 8.32565 59.1 49.4826
    endloop
  endfacet
  facet normal 0.555115 0 0.831773
    outer loop
      vertex 8.48255 63.4 49.3256
      vertex 8.575 59.1 49.2639
      vertex 8.575 63.4 49.2639
    endloop
  endfacet
  facet normal 0.555115 0 0.831773
    outer loop
      vertex 8.575 59.1 49.2639
      vertex 8.48255 63.4 49.3256
      vertex 8.48255 59.1 49.3256
    endloop
  endfacet
  facet normal 0.321135 0 0.947033
    outer loop
      vertex 8.67472 63.4 49.2147
      vertex 8.78 59.1 49.179
      vertex 8.78 63.4 49.179
    endloop
  endfacet
  facet normal 0.321135 0 0.947033
    outer loop
      vertex 8.78 59.1 49.179
      vertex 8.67472 63.4 49.2147
      vertex 8.67472 59.1 49.2147
    endloop
  endfacet
  facet normal -0.997858 0 -0.0654141
    outer loop
      vertex 9.85 59.1 50
      vertex 9.84273 63.4 50.1109
      vertex 9.85 63.4 50
    endloop
  endfacet
  facet normal -0.997858 -0 -0.0654141
    outer loop
      vertex 9.84273 63.4 50.1109
      vertex 9.85 59.1 50
      vertex 9.84273 59.1 50.1109
    endloop
  endfacet
  facet normal -0.946943 0 -0.321403
    outer loop
      vertex 9.82104 59.1 50.22
      vertex 9.7853 63.4 50.3253
      vertex 9.82104 63.4 50.22
    endloop
  endfacet
  facet normal -0.946943 -0 -0.321403
    outer loop
      vertex 9.7853 63.4 50.3253
      vertex 9.82104 59.1 50.22
      vertex 9.7853 59.1 50.3253
    endloop
  endfacet
  facet normal -0.555115 0 -0.831773
    outer loop
      vertex 9.425 59.1 50.7361
      vertex 9.51745 63.4 50.6744
      vertex 9.51745 59.1 50.6744
    endloop
  endfacet
  facet normal -0.555115 0 -0.831773
    outer loop
      vertex 9.51745 63.4 50.6744
      vertex 9.425 59.1 50.7361
      vertex 9.425 63.4 50.7361
    endloop
  endfacet
  facet normal -0.980805 0 0.194992
    outer loop
      vertex 9.82104 59.1 49.78
      vertex 9.84273 63.4 49.8891
      vertex 9.82104 63.4 49.78
    endloop
  endfacet
  facet normal -0.980805 0 0.194992
    outer loop
      vertex 9.84273 63.4 49.8891
      vertex 9.82104 59.1 49.78
      vertex 9.84273 59.1 49.8891
    endloop
  endfacet
  facet normal -0.946943 0 0.321403
    outer loop
      vertex 9.7853 59.1 49.6747
      vertex 9.82104 63.4 49.78
      vertex 9.7853 63.4 49.6747
    endloop
  endfacet
  facet normal -0.946943 0 0.321403
    outer loop
      vertex 9.82104 63.4 49.78
      vertex 9.7853 59.1 49.6747
      vertex 9.82104 59.1 49.78
    endloop
  endfacet
  facet normal -0.659821 0 0.751423
    outer loop
      vertex 9.51745 63.4 49.3256
      vertex 9.60104 59.1 49.399
      vertex 9.60104 63.4 49.399
    endloop
  endfacet
  facet normal -0.659821 0 0.751423
    outer loop
      vertex 9.60104 59.1 49.399
      vertex 9.51745 63.4 49.3256
      vertex 9.51745 59.1 49.3256
    endloop
  endfacet
  facet normal -0.751863 0 0.659319
    outer loop
      vertex 9.60104 59.1 49.399
      vertex 9.67435 63.4 49.4826
      vertex 9.60104 63.4 49.399
    endloop
  endfacet
  facet normal -0.751863 0 0.659319
    outer loop
      vertex 9.67435 63.4 49.4826
      vertex 9.60104 59.1 49.399
      vertex 9.67435 59.1 49.4826
    endloop
  endfacet
  facet normal 0.0656534 0 0.997842
    outer loop
      vertex 8.88905 63.4 49.1573
      vertex 9 59.1 49.15
      vertex 9 63.4 49.15
    endloop
  endfacet
  facet normal 0.0656534 0 0.997842
    outer loop
      vertex 9 59.1 49.15
      vertex 8.88905 63.4 49.1573
      vertex 8.88905 59.1 49.1573
    endloop
  endfacet
  facet normal -0.195165 0 0.98077
    outer loop
      vertex 9.11095 63.4 49.1573
      vertex 9.22 59.1 49.179
      vertex 9.22 63.4 49.179
    endloop
  endfacet
  facet normal -0.195165 0 0.98077
    outer loop
      vertex 9.22 59.1 49.179
      vertex 9.11095 63.4 49.1573
      vertex 9.11095 59.1 49.1573
    endloop
  endfacet
  facet normal -0.555115 0 0.831773
    outer loop
      vertex 9.425 63.4 49.2639
      vertex 9.51745 59.1 49.3256
      vertex 9.51745 63.4 49.3256
    endloop
  endfacet
  facet normal -0.555115 0 0.831773
    outer loop
      vertex 9.51745 59.1 49.3256
      vertex 9.425 63.4 49.2639
      vertex 9.425 59.1 49.2639
    endloop
  endfacet
  facet normal 0 -1 0
    outer loop
      vertex 8.88905 63.4 50.8427
      vertex 9.11095 63.4 50.8427
      vertex 9 63.4 50.85
    endloop
  endfacet
  facet normal 0 -1 0
    outer loop
      vertex 8.78 63.4 50.821
      vertex 9.11095 63.4 50.8427
      vertex 8.88905 63.4 50.8427
    endloop
  endfacet
  facet normal 0 -1 0
    outer loop
      vertex 8.78 63.4 50.821
      vertex 9.22 63.4 50.821
      vertex 9.11095 63.4 50.8427
    endloop
  endfacet
  facet normal 0 -1 0
    outer loop
      vertex 8.67472 63.4 50.7853
      vertex 9.22 63.4 50.821
      vertex 8.78 63.4 50.821
    endloop
  endfacet
  facet normal 0 -1 0
    outer loop
      vertex 8.67472 63.4 50.7853
      vertex 9.32528 63.4 50.7853
      vertex 9.22 63.4 50.821
    endloop
  endfacet
  facet normal 0 -1 0
    outer loop
      vertex 8.575 63.4 50.7361
      vertex 9.32528 63.4 50.7853
      vertex 8.67472 63.4 50.7853
    endloop
  endfacet
  facet normal 0 -1 0
    outer loop
      vertex 8.575 63.4 50.7361
      vertex 9.425 63.4 50.7361
      vertex 9.32528 63.4 50.7853
    endloop
  endfacet
  facet normal 0 -1 0
    outer loop
      vertex 8.48255 63.4 50.6744
      vertex 9.425 63.4 50.7361
      vertex 8.575 63.4 50.7361
    endloop
  endfacet
  facet normal 0 -1 0
    outer loop
      vertex 8.48255 63.4 50.6744
      vertex 9.51745 63.4 50.6744
      vertex 9.425 63.4 50.7361
    endloop
  endfacet
  facet normal 0 -1 0
    outer loop
      vertex 8.39896 63.4 50.601
      vertex 9.51745 63.4 50.6744
      vertex 8.48255 63.4 50.6744
    endloop
  endfacet
  facet normal 0 -1 0
    outer loop
      vertex 8.39896 63.4 50.601
      vertex 9.60104 63.4 50.601
      vertex 9.51745 63.4 50.6744
    endloop
  endfacet
  facet normal 0 -1 0
    outer loop
      vertex 8.32565 63.4 50.5174
      vertex 9.60104 63.4 50.601
      vertex 8.39896 63.4 50.601
    endloop
  endfacet
  facet normal 0 -1 0
    outer loop
      vertex 8.32565 63.4 50.5174
      vertex 9.67435 63.4 50.5174
      vertex 9.60104 63.4 50.601
    endloop
  endfacet
  facet normal 0 -1 0
    outer loop
      vertex 8.26388 63.4 50.425
      vertex 9.67435 63.4 50.5174
      vertex 8.32565 63.4 50.5174
    endloop
  endfacet
  facet normal 0 -1 0
    outer loop
      vertex 8.26388 63.4 50.425
      vertex 9.73612 63.4 50.425
      vertex 9.67435 63.4 50.5174
    endloop
  endfacet
  facet normal 0 -1 0
    outer loop
      vertex 8.2147 63.4 50.3253
      vertex 9.73612 63.4 50.425
      vertex 8.26388 63.4 50.425
    endloop
  endfacet
  facet normal 0 -1 0
    outer loop
      vertex 8.2147 63.4 50.3253
      vertex 9.7853 63.4 50.3253
      vertex 9.73612 63.4 50.425
    endloop
  endfacet
  facet normal 0 -1 0
    outer loop
      vertex 8.17896 63.4 50.22
      vertex 9.7853 63.4 50.3253
      vertex 8.2147 63.4 50.3253
    endloop
  endfacet
  facet normal 0 -1 0
    outer loop
      vertex 8.17896 63.4 50.22
      vertex 9.82104 63.4 50.22
      vertex 9.7853 63.4 50.3253
    endloop
  endfacet
  facet normal 0 -1 0
    outer loop
      vertex 8.15727 63.4 50.1109
      vertex 9.82104 63.4 50.22
      vertex 8.17896 63.4 50.22
    endloop
  endfacet
  facet normal 0 -1 0
    outer loop
      vertex 8.15727 63.4 50.1109
      vertex 9.84273 63.4 50.1109
      vertex 9.82104 63.4 50.22
    endloop
  endfacet
  facet normal 0 -1 0
    outer loop
      vertex 8.15 63.4 50
      vertex 9.84273 63.4 50.1109
      vertex 8.15727 63.4 50.1109
    endloop
  endfacet
  facet normal 0 -1 0
    outer loop
      vertex 8.15 63.4 50
      vertex 9.85 63.4 50
      vertex 9.84273 63.4 50.1109
    endloop
  endfacet
  facet normal 0 -1 0
    outer loop
      vertex 8.15727 63.4 49.8891
      vertex 9.85 63.4 50
      vertex 8.15 63.4 50
    endloop
  endfacet
  facet normal 0 -1 0
    outer loop
      vertex 8.15727 63.4 49.8891
      vertex 9.84273 63.4 49.8891
      vertex 9.85 63.4 50
    endloop
  endfacet
  facet normal 0 -1 0
    outer loop
      vertex 8.17896 63.4 49.78
      vertex 9.84273 63.4 49.8891
      vertex 8.15727 63.4 49.8891
    endloop
  endfacet
  facet normal 0 -1 0
    outer loop
      vertex 8.17896 63.4 49.78
      vertex 9.82104 63.4 49.78
      vertex 9.84273 63.4 49.8891
    endloop
  endfacet
  facet normal 0 -1 0
    outer loop
      vertex 8.2147 63.4 49.6747
      vertex 9.82104 63.4 49.78
      vertex 8.17896 63.4 49.78
    endloop
  endfacet
  facet normal 0 -1 0
    outer loop
      vertex 8.2147 63.4 49.6747
      vertex 9.7853 63.4 49.6747
      vertex 9.82104 63.4 49.78
    endloop
  endfacet
  facet normal 0 -1 0
    outer loop
      vertex 8.26388 63.4 49.575
      vertex 9.7853 63.4 49.6747
      vertex 8.2147 63.4 49.6747
    endloop
  endfacet
  facet normal 0 -1 0
    outer loop
      vertex 8.26388 63.4 49.575
      vertex 9.73612 63.4 49.575
      vertex 9.7853 63.4 49.6747
    endloop
  endfacet
  facet normal 0 -1 0
    outer loop
      vertex 8.32565 63.4 49.4826
      vertex 9.73612 63.4 49.575
      vertex 8.26388 63.4 49.575
    endloop
  endfacet
  facet normal 0 -1 0
    outer loop
      vertex 8.32565 63.4 49.4826
      vertex 9.67435 63.4 49.4826
      vertex 9.73612 63.4 49.575
    endloop
  endfacet
  facet normal 0 -1 0
    outer loop
      vertex 8.39896 63.4 49.399
      vertex 9.67435 63.4 49.4826
      vertex 8.32565 63.4 49.4826
    endloop
  endfacet
  facet normal 0 -1 0
    outer loop
      vertex 8.39896 63.4 49.399
      vertex 9.60104 63.4 49.399
      vertex 9.67435 63.4 49.4826
    endloop
  endfacet
  facet normal 0 -1 0
    outer loop
      vertex 8.48255 63.4 49.3256
      vertex 9.60104 63.4 49.399
      vertex 8.39896 63.4 49.399
    endloop
  endfacet
  facet normal 0 -1 0
    outer loop
      vertex 8.48255 63.4 49.3256
      vertex 9.51745 63.4 49.3256
      vertex 9.60104 63.4 49.399
    endloop
  endfacet
  facet normal 0 -1 0
    outer loop
      vertex 8.575 63.4 49.2639
      vertex 9.51745 63.4 49.3256
      vertex 8.48255 63.4 49.3256
    endloop
  endfacet
  facet normal 0 -1 0
    outer loop
      vertex 8.575 63.4 49.2639
      vertex 9.425 63.4 49.2639
      vertex 9.51745 63.4 49.3256
    endloop
  endfacet
  facet normal 0 -1 0
    outer loop
      vertex 8.67472 63.4 49.2147
      vertex 9.425 63.4 49.2639
      vertex 8.575 63.4 49.2639
    endloop
  endfacet
  facet normal 0 -1 0
    outer loop
      vertex 8.67472 63.4 49.2147
      vertex 9.32528 63.4 49.2147
      vertex 9.425 63.4 49.2639
    endloop
  endfacet
  facet normal 0 -1 0
    outer loop
      vertex 8.78 63.4 49.179
      vertex 9.32528 63.4 49.2147
      vertex 8.67472 63.4 49.2147
    endloop
  endfacet
  facet normal 0 -1 0
    outer loop
      vertex 8.78 63.4 49.179
      vertex 9.22 63.4 49.179
      vertex 9.32528 63.4 49.2147
    endloop
  endfacet
  facet normal 0 -1 0
    outer loop
      vertex 8.88905 63.4 49.1573
      vertex 9.22 63.4 49.179
      vertex 8.78 63.4 49.179
    endloop
  endfacet
  facet normal 0 -1 0
    outer loop
      vertex 8.88905 63.4 49.1573
      vertex 9.11095 63.4 49.1573
      vertex 9.22 63.4 49.179
    endloop
  endfacet
  facet normal -0 -1 0
    outer loop
      vertex 9.11095 63.4 49.1573
      vertex 8.88905 63.4 49.1573
      vertex 9 63.4 49.15
    endloop
  endfacet
  facet normal 0.946943 -0 0.321403
    outer loop
      vertex 8.17896 59.1 49.78
      vertex 8.2147 63.4 49.6747
      vertex 8.17896 63.4 49.78
    endloop
  endfacet
  facet normal 0.946943 0 0.321403
    outer loop
      vertex 8.2147 63.4 49.6747
      vertex 8.17896 59.1 49.78
      vertex 8.2147 59.1 49.6747
    endloop
  endfacet
  facet normal 0.980805 -0 0.194992
    outer loop
      vertex 8.15727 59.1 49.8891
      vertex 8.17896 63.4 49.78
      vertex 8.15727 63.4 49.8891
    endloop
  endfacet
  facet normal 0.980805 0 0.194992
    outer loop
      vertex 8.17896 63.4 49.78
      vertex 8.15727 59.1 49.8891
      vertex 8.17896 59.1 49.78
    endloop
  endfacet
  facet normal 0.195165 0 0.98077
    outer loop
      vertex 8.78 63.4 49.179
      vertex 8.88905 59.1 49.1573
      vertex 8.88905 63.4 49.1573
    endloop
  endfacet
  facet normal 0.195165 0 0.98077
    outer loop
      vertex 8.88905 59.1 49.1573
      vertex 8.78 63.4 49.179
      vertex 8.78 59.1 49.179
    endloop
  endfacet
  facet normal 0.659821 0 0.751423
    outer loop
      vertex 8.39896 63.4 49.399
      vertex 8.48255 59.1 49.3256
      vertex 8.48255 63.4 49.3256
    endloop
  endfacet
  facet normal 0.659821 0 0.751423
    outer loop
      vertex 8.48255 59.1 49.3256
      vertex 8.39896 63.4 49.399
      vertex 8.39896 59.1 49.399
    endloop
  endfacet
  facet normal 0.751863 -0 0.659319
    outer loop
      vertex 8.32565 59.1 49.4826
      vertex 8.39896 63.4 49.399
      vertex 8.32565 63.4 49.4826
    endloop
  endfacet
  facet normal 0.751863 0 0.659319
    outer loop
      vertex 8.39896 63.4 49.399
      vertex 8.32565 59.1 49.4826
      vertex 8.39896 59.1 49.399
    endloop
  endfacet
  facet normal -0.997858 0 0.0654141
    outer loop
      vertex 9.84273 59.1 49.8891
      vertex 9.85 63.4 50
      vertex 9.84273 63.4 49.8891
    endloop
  endfacet
  facet normal -0.997858 0 0.0654141
    outer loop
      vertex 9.85 63.4 50
      vertex 9.84273 59.1 49.8891
      vertex 9.85 59.1 50
    endloop
  endfacet
  facet normal -0.831344 0 -0.555759
    outer loop
      vertex 9.73612 59.1 50.425
      vertex 9.67435 63.4 50.5174
      vertex 9.73612 63.4 50.425
    endloop
  endfacet
  facet normal -0.831344 -0 -0.555759
    outer loop
      vertex 9.67435 63.4 50.5174
      vertex 9.73612 59.1 50.425
      vertex 9.67435 59.1 50.5174
    endloop
  endfacet
  facet normal 0.997858 0 -0.0654141
    outer loop
      vertex 8.15727 59.1 50.1109
      vertex 8.15 63.4 50
      vertex 8.15727 63.4 50.1109
    endloop
  endfacet
  facet normal 0.997858 0 -0.0654141
    outer loop
      vertex 8.15 63.4 50
      vertex 8.15727 59.1 50.1109
      vertex 8.15 59.1 50
    endloop
  endfacet
  facet normal 0.896825 0 -0.442386
    outer loop
      vertex 8.26388 59.1 50.425
      vertex 8.2147 63.4 50.3253
      vertex 8.26388 63.4 50.425
    endloop
  endfacet
  facet normal 0.896825 0 -0.442386
    outer loop
      vertex 8.2147 63.4 50.3253
      vertex 8.26388 59.1 50.425
      vertex 8.2147 59.1 50.3253
    endloop
  endfacet
  facet normal -0.195165 0 -0.98077
    outer loop
      vertex 9.11095 59.1 50.8427
      vertex 9.22 63.4 50.821
      vertex 9.22 59.1 50.821
    endloop
  endfacet
  facet normal -0.195165 0 -0.98077
    outer loop
      vertex 9.22 63.4 50.821
      vertex 9.11095 59.1 50.8427
      vertex 9.11095 63.4 50.8427
    endloop
  endfacet
  facet normal -0.659821 0 -0.751423
    outer loop
      vertex 9.51745 59.1 50.6744
      vertex 9.60104 63.4 50.601
      vertex 9.60104 59.1 50.601
    endloop
  endfacet
  facet normal -0.659821 0 -0.751423
    outer loop
      vertex 9.60104 63.4 50.601
      vertex 9.51745 59.1 50.6744
      vertex 9.51745 63.4 50.6744
    endloop
  endfacet
  facet normal -0.896825 0 -0.442386
    outer loop
      vertex 9.7853 59.1 50.3253
      vertex 9.73612 63.4 50.425
      vertex 9.7853 63.4 50.3253
    endloop
  endfacet
  facet normal -0.896825 -0 -0.442386
    outer loop
      vertex 9.73612 63.4 50.425
      vertex 9.7853 59.1 50.3253
      vertex 9.73612 59.1 50.425
    endloop
  endfacet
  facet normal 0.946943 0 -0.321403
    outer loop
      vertex 8.2147 59.1 50.3253
      vertex 8.17896 63.4 50.22
      vertex 8.2147 63.4 50.3253
    endloop
  endfacet
  facet normal 0.946943 0 -0.321403
    outer loop
      vertex 8.17896 63.4 50.22
      vertex 8.2147 59.1 50.3253
      vertex 8.17896 59.1 50.22
    endloop
  endfacet
  facet normal 0.980805 0 -0.194992
    outer loop
      vertex 8.17896 59.1 50.22
      vertex 8.15727 63.4 50.1109
      vertex 8.17896 63.4 50.22
    endloop
  endfacet
  facet normal 0.980805 0 -0.194992
    outer loop
      vertex 8.15727 63.4 50.1109
      vertex 8.17896 59.1 50.22
      vertex 8.15727 59.1 50.1109
    endloop
  endfacet
  facet normal -0.442459 0 -0.896789
    outer loop
      vertex 9.32528 59.1 50.7853
      vertex 9.425 63.4 50.7361
      vertex 9.425 59.1 50.7361
    endloop
  endfacet
  facet normal -0.442459 0 -0.896789
    outer loop
      vertex 9.425 63.4 50.7361
      vertex 9.32528 59.1 50.7853
      vertex 9.32528 63.4 50.7853
    endloop
  endfacet
  facet normal -0.321135 0 -0.947033
    outer loop
      vertex 9.22 59.1 50.821
      vertex 9.32528 63.4 50.7853
      vertex 9.32528 59.1 50.7853
    endloop
  endfacet
  facet normal -0.321135 0 -0.947033
    outer loop
      vertex 9.32528 63.4 50.7853
      vertex 9.22 59.1 50.821
      vertex 9.22 63.4 50.821
    endloop
  endfacet
  facet normal -0.751863 0 -0.659319
    outer loop
      vertex 9.67435 59.1 50.5174
      vertex 9.60104 63.4 50.601
      vertex 9.67435 63.4 50.5174
    endloop
  endfacet
  facet normal -0.751863 -0 -0.659319
    outer loop
      vertex 9.60104 63.4 50.601
      vertex 9.67435 59.1 50.5174
      vertex 9.60104 59.1 50.601
    endloop
  endfacet
  facet normal 0.321135 0 -0.947033
    outer loop
      vertex 8.67472 59.1 50.7853
      vertex 8.78 63.4 50.821
      vertex 8.78 59.1 50.821
    endloop
  endfacet
  facet normal 0.321135 0 -0.947033
    outer loop
      vertex 8.78 63.4 50.821
      vertex 8.67472 59.1 50.7853
      vertex 8.67472 63.4 50.7853
    endloop
  endfacet
  facet normal -0.0656534 0 -0.997842
    outer loop
      vertex 9 59.1 50.85
      vertex 9.11095 63.4 50.8427
      vertex 9.11095 59.1 50.8427
    endloop
  endfacet
  facet normal -0.0656534 0 -0.997842
    outer loop
      vertex 9.11095 63.4 50.8427
      vertex 9 59.1 50.85
      vertex 9 63.4 50.85
    endloop
  endfacet
  facet normal 0.0656534 0 -0.997842
    outer loop
      vertex 8.88905 59.1 50.8427
      vertex 9 63.4 50.85
      vertex 9 59.1 50.85
    endloop
  endfacet
  facet normal 0.0656534 0 -0.997842
    outer loop
      vertex 9 63.4 50.85
      vertex 8.88905 59.1 50.8427
      vertex 8.88905 63.4 50.8427
    endloop
  endfacet
  facet normal 0.195165 0 -0.98077
    outer loop
      vertex 8.78 59.1 50.821
      vertex 8.88905 63.4 50.8427
      vertex 8.88905 59.1 50.8427
    endloop
  endfacet
  facet normal 0.195165 0 -0.98077
    outer loop
      vertex 8.88905 63.4 50.8427
      vertex 8.78 59.1 50.821
      vertex 8.78 63.4 50.821
    endloop
  endfacet
  facet normal 0.751863 0 -0.659319
    outer loop
      vertex 8.39896 59.1 50.601
      vertex 8.32565 63.4 50.5174
      vertex 8.39896 63.4 50.601
    endloop
  endfacet
  facet normal 0.751863 0 -0.659319
    outer loop
      vertex 8.32565 63.4 50.5174
      vertex 8.39896 59.1 50.601
      vertex 8.32565 59.1 50.5174
    endloop
  endfacet
  facet normal 0.659821 0 -0.751423
    outer loop
      vertex 8.39896 59.1 50.601
      vertex 8.48255 63.4 50.6744
      vertex 8.48255 59.1 50.6744
    endloop
  endfacet
  facet normal 0.659821 0 -0.751423
    outer loop
      vertex 8.48255 63.4 50.6744
      vertex 8.39896 59.1 50.601
      vertex 8.39896 63.4 50.601
    endloop
  endfacet
  facet normal 0.555115 0 -0.831773
    outer loop
      vertex 8.48255 59.1 50.6744
      vertex 8.575 63.4 50.7361
      vertex 8.575 59.1 50.7361
    endloop
  endfacet
  facet normal 0.555115 0 -0.831773
    outer loop
      vertex 8.575 63.4 50.7361
      vertex 8.48255 59.1 50.6744
      vertex 8.48255 63.4 50.6744
    endloop
  endfacet
  facet normal 0.831344 0 -0.555759
    outer loop
      vertex 8.32565 59.1 50.5174
      vertex 8.26388 63.4 50.425
      vertex 8.32565 63.4 50.5174
    endloop
  endfacet
  facet normal 0.831344 0 -0.555759
    outer loop
      vertex 8.26388 63.4 50.425
      vertex 8.32565 59.1 50.5174
      vertex 8.26388 59.1 50.425
    endloop
  endfacet
  facet normal 0.442459 0 -0.896789
    outer loop
      vertex 8.575 59.1 50.7361
      vertex 8.67472 63.4 50.7853
      vertex 8.67472 59.1 50.7853
    endloop
  endfacet
  facet normal 0.442459 0 -0.896789
    outer loop
      vertex 8.67472 63.4 50.7853
      vertex 8.575 59.1 50.7361
      vertex 8.575 63.4 50.7361
    endloop
  endfacet
  facet normal -0.896789 0 0.442459
    outer loop
      vertex 77.7361 59.1 3.575
      vertex 77.7853 63.4 3.67472
      vertex 77.7361 63.4 3.575
    endloop
  endfacet
  facet normal -0.896789 0 0.442459
    outer loop
      vertex 77.7853 63.4 3.67472
      vertex 77.7361 59.1 3.575
      vertex 77.7853 59.1 3.67472
    endloop
  endfacet
  facet normal -0.831358 0 0.555737
    outer loop
      vertex 77.6743 59.1 3.48255
      vertex 77.7361 63.4 3.575
      vertex 77.6743 63.4 3.48255
    endloop
  endfacet
  facet normal -0.831358 0 0.555737
    outer loop
      vertex 77.7361 63.4 3.575
      vertex 77.6743 59.1 3.48255
      vertex 77.7361 59.1 3.575
    endloop
  endfacet
  facet normal -0.321403 0 0.946943
    outer loop
      vertex 77.22 63.4 3.17896
      vertex 77.3253 59.1 3.2147
      vertex 77.3253 63.4 3.2147
    endloop
  endfacet
  facet normal -0.321403 0 0.946943
    outer loop
      vertex 77.3253 59.1 3.2147
      vertex 77.22 63.4 3.17896
      vertex 77.22 59.1 3.17896
    endloop
  endfacet
  facet normal 0.442386 0 0.896825
    outer loop
      vertex 76.575 63.4 3.26388
      vertex 76.6747 59.1 3.2147
      vertex 76.6747 63.4 3.2147
    endloop
  endfacet
  facet normal 0.442386 0 0.896825
    outer loop
      vertex 76.6747 59.1 3.2147
      vertex 76.575 63.4 3.26388
      vertex 76.575 59.1 3.26388
    endloop
  endfacet
  facet normal 0.896789 -0 0.442459
    outer loop
      vertex 76.2147 59.1 3.67472
      vertex 76.2639 63.4 3.575
      vertex 76.2147 63.4 3.67472
    endloop
  endfacet
  facet normal 0.896789 0 0.442459
    outer loop
      vertex 76.2639 63.4 3.575
      vertex 76.2147 59.1 3.67472
      vertex 76.2639 59.1 3.575
    endloop
  endfacet
  facet normal -0.98077 0 -0.195165
    outer loop
      vertex 77.8427 59.1 4.11095
      vertex 77.821 63.4 4.22
      vertex 77.8427 63.4 4.11095
    endloop
  endfacet
  facet normal -0.98077 -0 -0.195165
    outer loop
      vertex 77.821 63.4 4.22
      vertex 77.8427 59.1 4.11095
      vertex 77.821 59.1 4.22
    endloop
  endfacet
  facet normal -0.0654141 0 0.997858
    outer loop
      vertex 77 63.4 3.15
      vertex 77.1109 59.1 3.15727
      vertex 77.1109 63.4 3.15727
    endloop
  endfacet
  facet normal -0.0654141 0 0.997858
    outer loop
      vertex 77.1109 59.1 3.15727
      vertex 77 63.4 3.15
      vertex 77 59.1 3.15
    endloop
  endfacet
  facet normal -0.442386 0 0.896825
    outer loop
      vertex 77.3253 63.4 3.2147
      vertex 77.425 59.1 3.26388
      vertex 77.425 63.4 3.26388
    endloop
  endfacet
  facet normal -0.442386 0 0.896825
    outer loop
      vertex 77.425 59.1 3.26388
      vertex 77.3253 63.4 3.2147
      vertex 77.3253 59.1 3.2147
    endloop
  endfacet
  facet normal 0.997842 -0 0.0656534
    outer loop
      vertex 76.15 59.1 4
      vertex 76.1573 63.4 3.88905
      vertex 76.15 63.4 4
    endloop
  endfacet
  facet normal 0.997842 0 0.0656534
    outer loop
      vertex 76.1573 63.4 3.88905
      vertex 76.15 59.1 4
      vertex 76.1573 59.1 3.88905
    endloop
  endfacet
  facet normal 0.831358 -0 0.555737
    outer loop
      vertex 76.2639 59.1 3.575
      vertex 76.3257 63.4 3.48255
      vertex 76.2639 63.4 3.575
    endloop
  endfacet
  facet normal 0.831358 0 0.555737
    outer loop
      vertex 76.3257 63.4 3.48255
      vertex 76.2639 59.1 3.575
      vertex 76.3257 59.1 3.48255
    endloop
  endfacet
  facet normal 0.555759 0 0.831344
    outer loop
      vertex 76.4826 63.4 3.32565
      vertex 76.575 59.1 3.26388
      vertex 76.575 63.4 3.26388
    endloop
  endfacet
  facet normal 0.555759 0 0.831344
    outer loop
      vertex 76.575 59.1 3.26388
      vertex 76.4826 63.4 3.32565
      vertex 76.4826 59.1 3.32565
    endloop
  endfacet
  facet normal 0.321403 0 0.946943
    outer loop
      vertex 76.6747 63.4 3.2147
      vertex 76.78 59.1 3.17896
      vertex 76.78 63.4 3.17896
    endloop
  endfacet
  facet normal 0.321403 0 0.946943
    outer loop
      vertex 76.78 59.1 3.17896
      vertex 76.6747 63.4 3.2147
      vertex 76.6747 59.1 3.2147
    endloop
  endfacet
  facet normal -0.997842 0 -0.0656534
    outer loop
      vertex 77.85 59.1 4
      vertex 77.8427 63.4 4.11095
      vertex 77.85 63.4 4
    endloop
  endfacet
  facet normal -0.997842 -0 -0.0656534
    outer loop
      vertex 77.8427 63.4 4.11095
      vertex 77.85 59.1 4
      vertex 77.8427 59.1 4.11095
    endloop
  endfacet
  facet normal -0.947033 0 -0.321135
    outer loop
      vertex 77.821 59.1 4.22
      vertex 77.7853 63.4 4.32528
      vertex 77.821 63.4 4.22
    endloop
  endfacet
  facet normal -0.947033 -0 -0.321135
    outer loop
      vertex 77.7853 63.4 4.32528
      vertex 77.821 59.1 4.22
      vertex 77.7853 59.1 4.32528
    endloop
  endfacet
  facet normal -0.555759 0 -0.831344
    outer loop
      vertex 77.425 59.1 4.73612
      vertex 77.5174 63.4 4.67435
      vertex 77.5174 59.1 4.67435
    endloop
  endfacet
  facet normal -0.555759 0 -0.831344
    outer loop
      vertex 77.5174 63.4 4.67435
      vertex 77.425 59.1 4.73612
      vertex 77.425 63.4 4.73612
    endloop
  endfacet
  facet normal -0.98077 0 0.195165
    outer loop
      vertex 77.821 59.1 3.78
      vertex 77.8427 63.4 3.88905
      vertex 77.821 63.4 3.78
    endloop
  endfacet
  facet normal -0.98077 0 0.195165
    outer loop
      vertex 77.8427 63.4 3.88905
      vertex 77.821 59.1 3.78
      vertex 77.8427 59.1 3.88905
    endloop
  endfacet
  facet normal -0.947033 0 0.321135
    outer loop
      vertex 77.7853 59.1 3.67472
      vertex 77.821 63.4 3.78
      vertex 77.7853 63.4 3.67472
    endloop
  endfacet
  facet normal -0.947033 0 0.321135
    outer loop
      vertex 77.821 63.4 3.78
      vertex 77.7853 59.1 3.67472
      vertex 77.821 59.1 3.78
    endloop
  endfacet
  facet normal -0.659319 0 0.751863
    outer loop
      vertex 77.5174 63.4 3.32565
      vertex 77.601 59.1 3.39896
      vertex 77.601 63.4 3.39896
    endloop
  endfacet
  facet normal -0.659319 0 0.751863
    outer loop
      vertex 77.601 59.1 3.39896
      vertex 77.5174 63.4 3.32565
      vertex 77.5174 59.1 3.32565
    endloop
  endfacet
  facet normal -0.751869 0 0.659313
    outer loop
      vertex 77.601 59.1 3.39896
      vertex 77.6743 63.4 3.48255
      vertex 77.601 63.4 3.39896
    endloop
  endfacet
  facet normal -0.751869 0 0.659313
    outer loop
      vertex 77.6743 63.4 3.48255
      vertex 77.601 59.1 3.39896
      vertex 77.6743 59.1 3.48255
    endloop
  endfacet
  facet normal 0.0654141 0 0.997858
    outer loop
      vertex 76.8891 63.4 3.15727
      vertex 77 59.1 3.15
      vertex 77 63.4 3.15
    endloop
  endfacet
  facet normal 0.0654141 0 0.997858
    outer loop
      vertex 77 59.1 3.15
      vertex 76.8891 63.4 3.15727
      vertex 76.8891 59.1 3.15727
    endloop
  endfacet
  facet normal -0.194992 0 0.980805
    outer loop
      vertex 77.1109 63.4 3.15727
      vertex 77.22 59.1 3.17896
      vertex 77.22 63.4 3.17896
    endloop
  endfacet
  facet normal -0.194992 0 0.980805
    outer loop
      vertex 77.22 59.1 3.17896
      vertex 77.1109 63.4 3.15727
      vertex 77.1109 59.1 3.15727
    endloop
  endfacet
  facet normal -0.555759 0 0.831344
    outer loop
      vertex 77.425 63.4 3.26388
      vertex 77.5174 59.1 3.32565
      vertex 77.5174 63.4 3.32565
    endloop
  endfacet
  facet normal -0.555759 0 0.831344
    outer loop
      vertex 77.5174 59.1 3.32565
      vertex 77.425 63.4 3.26388
      vertex 77.425 59.1 3.26388
    endloop
  endfacet
  facet normal 0 -1 0
    outer loop
      vertex 76.8891 63.4 4.84273
      vertex 77.1109 63.4 4.84273
      vertex 77 63.4 4.85
    endloop
  endfacet
  facet normal 0 -1 0
    outer loop
      vertex 76.78 63.4 4.82104
      vertex 77.1109 63.4 4.84273
      vertex 76.8891 63.4 4.84273
    endloop
  endfacet
  facet normal 0 -1 0
    outer loop
      vertex 76.78 63.4 4.82104
      vertex 77.22 63.4 4.82104
      vertex 77.1109 63.4 4.84273
    endloop
  endfacet
  facet normal 0 -1 0
    outer loop
      vertex 76.6747 63.4 4.7853
      vertex 77.22 63.4 4.82104
      vertex 76.78 63.4 4.82104
    endloop
  endfacet
  facet normal 0 -1 0
    outer loop
      vertex 76.6747 63.4 4.7853
      vertex 77.3253 63.4 4.7853
      vertex 77.22 63.4 4.82104
    endloop
  endfacet
  facet normal 0 -1 0
    outer loop
      vertex 76.575 63.4 4.73612
      vertex 77.3253 63.4 4.7853
      vertex 76.6747 63.4 4.7853
    endloop
  endfacet
  facet normal 0 -1 0
    outer loop
      vertex 76.575 63.4 4.73612
      vertex 77.425 63.4 4.73612
      vertex 77.3253 63.4 4.7853
    endloop
  endfacet
  facet normal 0 -1 0
    outer loop
      vertex 76.4826 63.4 4.67435
      vertex 77.425 63.4 4.73612
      vertex 76.575 63.4 4.73612
    endloop
  endfacet
  facet normal 0 -1 0
    outer loop
      vertex 76.4826 63.4 4.67435
      vertex 77.5174 63.4 4.67435
      vertex 77.425 63.4 4.73612
    endloop
  endfacet
  facet normal 0 -1 0
    outer loop
      vertex 76.399 63.4 4.60104
      vertex 77.5174 63.4 4.67435
      vertex 76.4826 63.4 4.67435
    endloop
  endfacet
  facet normal 0 -1 0
    outer loop
      vertex 76.399 63.4 4.60104
      vertex 77.601 63.4 4.60104
      vertex 77.5174 63.4 4.67435
    endloop
  endfacet
  facet normal 0 -1 0
    outer loop
      vertex 76.3257 63.4 4.51745
      vertex 77.601 63.4 4.60104
      vertex 76.399 63.4 4.60104
    endloop
  endfacet
  facet normal 0 -1 0
    outer loop
      vertex 76.3257 63.4 4.51745
      vertex 77.6743 63.4 4.51745
      vertex 77.601 63.4 4.60104
    endloop
  endfacet
  facet normal 0 -1 0
    outer loop
      vertex 76.2639 63.4 4.425
      vertex 77.6743 63.4 4.51745
      vertex 76.3257 63.4 4.51745
    endloop
  endfacet
  facet normal 0 -1 0
    outer loop
      vertex 76.2639 63.4 4.425
      vertex 77.7361 63.4 4.425
      vertex 77.6743 63.4 4.51745
    endloop
  endfacet
  facet normal 0 -1 0
    outer loop
      vertex 76.2147 63.4 4.32528
      vertex 77.7361 63.4 4.425
      vertex 76.2639 63.4 4.425
    endloop
  endfacet
  facet normal 0 -1 0
    outer loop
      vertex 76.2147 63.4 4.32528
      vertex 77.7853 63.4 4.32528
      vertex 77.7361 63.4 4.425
    endloop
  endfacet
  facet normal 0 -1 0
    outer loop
      vertex 76.179 63.4 4.22
      vertex 77.7853 63.4 4.32528
      vertex 76.2147 63.4 4.32528
    endloop
  endfacet
  facet normal 0 -1 0
    outer loop
      vertex 76.179 63.4 4.22
      vertex 77.821 63.4 4.22
      vertex 77.7853 63.4 4.32528
    endloop
  endfacet
  facet normal 0 -1 0
    outer loop
      vertex 76.1573 63.4 4.11095
      vertex 77.821 63.4 4.22
      vertex 76.179 63.4 4.22
    endloop
  endfacet
  facet normal 0 -1 0
    outer loop
      vertex 76.1573 63.4 4.11095
      vertex 77.8427 63.4 4.11095
      vertex 77.821 63.4 4.22
    endloop
  endfacet
  facet normal 0 -1 0
    outer loop
      vertex 76.15 63.4 4
      vertex 77.8427 63.4 4.11095
      vertex 76.1573 63.4 4.11095
    endloop
  endfacet
  facet normal 0 -1 0
    outer loop
      vertex 76.15 63.4 4
      vertex 77.85 63.4 4
      vertex 77.8427 63.4 4.11095
    endloop
  endfacet
  facet normal 0 -1 0
    outer loop
      vertex 76.1573 63.4 3.88905
      vertex 77.85 63.4 4
      vertex 76.15 63.4 4
    endloop
  endfacet
  facet normal 0 -1 0
    outer loop
      vertex 76.1573 63.4 3.88905
      vertex 77.8427 63.4 3.88905
      vertex 77.85 63.4 4
    endloop
  endfacet
  facet normal 0 -1 0
    outer loop
      vertex 76.179 63.4 3.78
      vertex 77.8427 63.4 3.88905
      vertex 76.1573 63.4 3.88905
    endloop
  endfacet
  facet normal 0 -1 0
    outer loop
      vertex 76.179 63.4 3.78
      vertex 77.821 63.4 3.78
      vertex 77.8427 63.4 3.88905
    endloop
  endfacet
  facet normal 0 -1 0
    outer loop
      vertex 76.2147 63.4 3.67472
      vertex 77.821 63.4 3.78
      vertex 76.179 63.4 3.78
    endloop
  endfacet
  facet normal 0 -1 0
    outer loop
      vertex 76.2147 63.4 3.67472
      vertex 77.7853 63.4 3.67472
      vertex 77.821 63.4 3.78
    endloop
  endfacet
  facet normal 0 -1 0
    outer loop
      vertex 76.2639 63.4 3.575
      vertex 77.7853 63.4 3.67472
      vertex 76.2147 63.4 3.67472
    endloop
  endfacet
  facet normal 0 -1 0
    outer loop
      vertex 76.2639 63.4 3.575
      vertex 77.7361 63.4 3.575
      vertex 77.7853 63.4 3.67472
    endloop
  endfacet
  facet normal 0 -1 0
    outer loop
      vertex 76.3257 63.4 3.48255
      vertex 77.7361 63.4 3.575
      vertex 76.2639 63.4 3.575
    endloop
  endfacet
  facet normal 0 -1 0
    outer loop
      vertex 76.3257 63.4 3.48255
      vertex 77.6743 63.4 3.48255
      vertex 77.7361 63.4 3.575
    endloop
  endfacet
  facet normal 0 -1 0
    outer loop
      vertex 76.399 63.4 3.39896
      vertex 77.6743 63.4 3.48255
      vertex 76.3257 63.4 3.48255
    endloop
  endfacet
  facet normal 0 -1 0
    outer loop
      vertex 76.399 63.4 3.39896
      vertex 77.601 63.4 3.39896
      vertex 77.6743 63.4 3.48255
    endloop
  endfacet
  facet normal 0 -1 0
    outer loop
      vertex 76.4826 63.4 3.32565
      vertex 77.601 63.4 3.39896
      vertex 76.399 63.4 3.39896
    endloop
  endfacet
  facet normal 0 -1 0
    outer loop
      vertex 76.4826 63.4 3.32565
      vertex 77.5174 63.4 3.32565
      vertex 77.601 63.4 3.39896
    endloop
  endfacet
  facet normal 0 -1 0
    outer loop
      vertex 76.575 63.4 3.26388
      vertex 77.5174 63.4 3.32565
      vertex 76.4826 63.4 3.32565
    endloop
  endfacet
  facet normal 0 -1 0
    outer loop
      vertex 76.575 63.4 3.26388
      vertex 77.425 63.4 3.26388
      vertex 77.5174 63.4 3.32565
    endloop
  endfacet
  facet normal 0 -1 0
    outer loop
      vertex 76.6747 63.4 3.2147
      vertex 77.425 63.4 3.26388
      vertex 76.575 63.4 3.26388
    endloop
  endfacet
  facet normal 0 -1 0
    outer loop
      vertex 76.6747 63.4 3.2147
      vertex 77.3253 63.4 3.2147
      vertex 77.425 63.4 3.26388
    endloop
  endfacet
  facet normal 0 -1 0
    outer loop
      vertex 76.78 63.4 3.17896
      vertex 77.3253 63.4 3.2147
      vertex 76.6747 63.4 3.2147
    endloop
  endfacet
  facet normal 0 -1 0
    outer loop
      vertex 76.78 63.4 3.17896
      vertex 77.22 63.4 3.17896
      vertex 77.3253 63.4 3.2147
    endloop
  endfacet
  facet normal 0 -1 0
    outer loop
      vertex 76.8891 63.4 3.15727
      vertex 77.22 63.4 3.17896
      vertex 76.78 63.4 3.17896
    endloop
  endfacet
  facet normal 0 -1 0
    outer loop
      vertex 76.8891 63.4 3.15727
      vertex 77.1109 63.4 3.15727
      vertex 77.22 63.4 3.17896
    endloop
  endfacet
  facet normal -0 -1 0
    outer loop
      vertex 77.1109 63.4 3.15727
      vertex 76.8891 63.4 3.15727
      vertex 77 63.4 3.15
    endloop
  endfacet
  facet normal 0.947033 -0 0.321135
    outer loop
      vertex 76.179 59.1 3.78
      vertex 76.2147 63.4 3.67472
      vertex 76.179 63.4 3.78
    endloop
  endfacet
  facet normal 0.947033 0 0.321135
    outer loop
      vertex 76.2147 63.4 3.67472
      vertex 76.179 59.1 3.78
      vertex 76.2147 59.1 3.67472
    endloop
  endfacet
  facet normal 0.98077 -0 0.195165
    outer loop
      vertex 76.1573 59.1 3.88905
      vertex 76.179 63.4 3.78
      vertex 76.1573 63.4 3.88905
    endloop
  endfacet
  facet normal 0.98077 0 0.195165
    outer loop
      vertex 76.179 63.4 3.78
      vertex 76.1573 59.1 3.88905
      vertex 76.179 59.1 3.78
    endloop
  endfacet
  facet normal 0.194992 0 0.980805
    outer loop
      vertex 76.78 63.4 3.17896
      vertex 76.8891 59.1 3.15727
      vertex 76.8891 63.4 3.15727
    endloop
  endfacet
  facet normal 0.194992 0 0.980805
    outer loop
      vertex 76.8891 59.1 3.15727
      vertex 76.78 63.4 3.17896
      vertex 76.78 59.1 3.17896
    endloop
  endfacet
  facet normal 0.659319 0 0.751863
    outer loop
      vertex 76.399 63.4 3.39896
      vertex 76.4826 59.1 3.32565
      vertex 76.4826 63.4 3.32565
    endloop
  endfacet
  facet normal 0.659319 0 0.751863
    outer loop
      vertex 76.4826 59.1 3.32565
      vertex 76.399 63.4 3.39896
      vertex 76.399 59.1 3.39896
    endloop
  endfacet
  facet normal 0.751869 -0 0.659313
    outer loop
      vertex 76.3257 59.1 3.48255
      vertex 76.399 63.4 3.39896
      vertex 76.3257 63.4 3.48255
    endloop
  endfacet
  facet normal 0.751869 0 0.659313
    outer loop
      vertex 76.399 63.4 3.39896
      vertex 76.3257 59.1 3.48255
      vertex 76.399 59.1 3.39896
    endloop
  endfacet
  facet normal -0.997842 0 0.0656534
    outer loop
      vertex 77.8427 59.1 3.88905
      vertex 77.85 63.4 4
      vertex 77.8427 63.4 3.88905
    endloop
  endfacet
  facet normal -0.997842 0 0.0656534
    outer loop
      vertex 77.85 63.4 4
      vertex 77.8427 59.1 3.88905
      vertex 77.85 59.1 4
    endloop
  endfacet
  facet normal -0.831358 0 -0.555737
    outer loop
      vertex 77.7361 59.1 4.425
      vertex 77.6743 63.4 4.51745
      vertex 77.7361 63.4 4.425
    endloop
  endfacet
  facet normal -0.831358 -0 -0.555737
    outer loop
      vertex 77.6743 63.4 4.51745
      vertex 77.7361 59.1 4.425
      vertex 77.6743 59.1 4.51745
    endloop
  endfacet
  facet normal 0.997842 0 -0.0656534
    outer loop
      vertex 76.1573 59.1 4.11095
      vertex 76.15 63.4 4
      vertex 76.1573 63.4 4.11095
    endloop
  endfacet
  facet normal 0.997842 0 -0.0656534
    outer loop
      vertex 76.15 63.4 4
      vertex 76.1573 59.1 4.11095
      vertex 76.15 59.1 4
    endloop
  endfacet
  facet normal 0.896789 0 -0.442459
    outer loop
      vertex 76.2639 59.1 4.425
      vertex 76.2147 63.4 4.32528
      vertex 76.2639 63.4 4.425
    endloop
  endfacet
  facet normal 0.896789 0 -0.442459
    outer loop
      vertex 76.2147 63.4 4.32528
      vertex 76.2639 59.1 4.425
      vertex 76.2147 59.1 4.32528
    endloop
  endfacet
  facet normal -0.194992 0 -0.980805
    outer loop
      vertex 77.1109 59.1 4.84273
      vertex 77.22 63.4 4.82104
      vertex 77.22 59.1 4.82104
    endloop
  endfacet
  facet normal -0.194992 0 -0.980805
    outer loop
      vertex 77.22 63.4 4.82104
      vertex 77.1109 59.1 4.84273
      vertex 77.1109 63.4 4.84273
    endloop
  endfacet
  facet normal -0.659319 0 -0.751863
    outer loop
      vertex 77.5174 59.1 4.67435
      vertex 77.601 63.4 4.60104
      vertex 77.601 59.1 4.60104
    endloop
  endfacet
  facet normal -0.659319 0 -0.751863
    outer loop
      vertex 77.601 63.4 4.60104
      vertex 77.5174 59.1 4.67435
      vertex 77.5174 63.4 4.67435
    endloop
  endfacet
  facet normal -0.896789 0 -0.442459
    outer loop
      vertex 77.7853 59.1 4.32528
      vertex 77.7361 63.4 4.425
      vertex 77.7853 63.4 4.32528
    endloop
  endfacet
  facet normal -0.896789 -0 -0.442459
    outer loop
      vertex 77.7361 63.4 4.425
      vertex 77.7853 59.1 4.32528
      vertex 77.7361 59.1 4.425
    endloop
  endfacet
  facet normal 0.0654141 0 -0.997858
    outer loop
      vertex 76.8891 59.1 4.84273
      vertex 77 63.4 4.85
      vertex 77 59.1 4.85
    endloop
  endfacet
  facet normal 0.0654141 0 -0.997858
    outer loop
      vertex 77 63.4 4.85
      vertex 76.8891 59.1 4.84273
      vertex 76.8891 63.4 4.84273
    endloop
  endfacet
  facet normal 0.947033 0 -0.321135
    outer loop
      vertex 76.2147 59.1 4.32528
      vertex 76.179 63.4 4.22
      vertex 76.2147 63.4 4.32528
    endloop
  endfacet
  facet normal 0.947033 0 -0.321135
    outer loop
      vertex 76.179 63.4 4.22
      vertex 76.2147 59.1 4.32528
      vertex 76.179 59.1 4.22
    endloop
  endfacet
  facet normal 0.98077 0 -0.195165
    outer loop
      vertex 76.179 59.1 4.22
      vertex 76.1573 63.4 4.11095
      vertex 76.179 63.4 4.22
    endloop
  endfacet
  facet normal 0.98077 0 -0.195165
    outer loop
      vertex 76.1573 63.4 4.11095
      vertex 76.179 59.1 4.22
      vertex 76.1573 59.1 4.11095
    endloop
  endfacet
  facet normal -0.442386 0 -0.896825
    outer loop
      vertex 77.3253 59.1 4.7853
      vertex 77.425 63.4 4.73612
      vertex 77.425 59.1 4.73612
    endloop
  endfacet
  facet normal -0.442386 0 -0.896825
    outer loop
      vertex 77.425 63.4 4.73612
      vertex 77.3253 59.1 4.7853
      vertex 77.3253 63.4 4.7853
    endloop
  endfacet
  facet normal -0.321403 0 -0.946943
    outer loop
      vertex 77.22 59.1 4.82104
      vertex 77.3253 63.4 4.7853
      vertex 77.3253 59.1 4.7853
    endloop
  endfacet
  facet normal -0.321403 0 -0.946943
    outer loop
      vertex 77.3253 63.4 4.7853
      vertex 77.22 59.1 4.82104
      vertex 77.22 63.4 4.82104
    endloop
  endfacet
  facet normal 0.321403 0 -0.946943
    outer loop
      vertex 76.6747 59.1 4.7853
      vertex 76.78 63.4 4.82104
      vertex 76.78 59.1 4.82104
    endloop
  endfacet
  facet normal 0.321403 0 -0.946943
    outer loop
      vertex 76.78 63.4 4.82104
      vertex 76.6747 59.1 4.7853
      vertex 76.6747 63.4 4.7853
    endloop
  endfacet
  facet normal -0.0654141 0 -0.997858
    outer loop
      vertex 77 59.1 4.85
      vertex 77.1109 63.4 4.84273
      vertex 77.1109 59.1 4.84273
    endloop
  endfacet
  facet normal -0.0654141 0 -0.997858
    outer loop
      vertex 77.1109 63.4 4.84273
      vertex 77 59.1 4.85
      vertex 77 63.4 4.85
    endloop
  endfacet
  facet normal 0.194992 0 -0.980805
    outer loop
      vertex 76.78 59.1 4.82104
      vertex 76.8891 63.4 4.84273
      vertex 76.8891 59.1 4.84273
    endloop
  endfacet
  facet normal 0.194992 0 -0.980805
    outer loop
      vertex 76.8891 63.4 4.84273
      vertex 76.78 59.1 4.82104
      vertex 76.78 63.4 4.82104
    endloop
  endfacet
  facet normal 0.751869 0 -0.659313
    outer loop
      vertex 76.399 59.1 4.60104
      vertex 76.3257 63.4 4.51745
      vertex 76.399 63.4 4.60104
    endloop
  endfacet
  facet normal 0.751869 0 -0.659313
    outer loop
      vertex 76.3257 63.4 4.51745
      vertex 76.399 59.1 4.60104
      vertex 76.3257 59.1 4.51745
    endloop
  endfacet
  facet normal 0.659319 0 -0.751863
    outer loop
      vertex 76.399 59.1 4.60104
      vertex 76.4826 63.4 4.67435
      vertex 76.4826 59.1 4.67435
    endloop
  endfacet
  facet normal 0.659319 0 -0.751863
    outer loop
      vertex 76.4826 63.4 4.67435
      vertex 76.399 59.1 4.60104
      vertex 76.399 63.4 4.60104
    endloop
  endfacet
  facet normal -0.751869 0 -0.659313
    outer loop
      vertex 77.6743 59.1 4.51745
      vertex 77.601 63.4 4.60104
      vertex 77.6743 63.4 4.51745
    endloop
  endfacet
  facet normal -0.751869 -0 -0.659313
    outer loop
      vertex 77.601 63.4 4.60104
      vertex 77.6743 59.1 4.51745
      vertex 77.601 59.1 4.60104
    endloop
  endfacet
  facet normal 0.831358 0 -0.555737
    outer loop
      vertex 76.3257 59.1 4.51745
      vertex 76.2639 63.4 4.425
      vertex 76.3257 63.4 4.51745
    endloop
  endfacet
  facet normal 0.831358 0 -0.555737
    outer loop
      vertex 76.2639 63.4 4.425
      vertex 76.3257 59.1 4.51745
      vertex 76.2639 59.1 4.425
    endloop
  endfacet
  facet normal 0.442386 0 -0.896825
    outer loop
      vertex 76.575 59.1 4.73612
      vertex 76.6747 63.4 4.7853
      vertex 76.6747 59.1 4.7853
    endloop
  endfacet
  facet normal 0.442386 0 -0.896825
    outer loop
      vertex 76.6747 63.4 4.7853
      vertex 76.575 59.1 4.73612
      vertex 76.575 63.4 4.73612
    endloop
  endfacet
  facet normal 0.555759 0 -0.831344
    outer loop
      vertex 76.4826 59.1 4.67435
      vertex 76.575 63.4 4.73612
      vertex 76.575 59.1 4.73612
    endloop
  endfacet
  facet normal 0.555759 0 -0.831344
    outer loop
      vertex 76.575 63.4 4.73612
      vertex 76.4826 59.1 4.67435
      vertex 76.4826 63.4 4.67435
    endloop
  endfacet
  facet normal -0.896754 0 0.44253
    outer loop
      vertex 77.7361 59.1 49.575
      vertex 77.7853 63.4 49.6747
      vertex 77.7361 63.4 49.575
    endloop
  endfacet
  facet normal -0.896754 0 0.44253
    outer loop
      vertex 77.7853 63.4 49.6747
      vertex 77.7361 59.1 49.575
      vertex 77.7853 59.1 49.6747
    endloop
  endfacet
  facet normal -0.831219 0 0.555945
    outer loop
      vertex 77.6743 59.1 49.4826
      vertex 77.7361 63.4 49.575
      vertex 77.6743 63.4 49.4826
    endloop
  endfacet
  facet normal -0.831219 0 0.555945
    outer loop
      vertex 77.7361 63.4 49.575
      vertex 77.6743 59.1 49.4826
      vertex 77.7361 59.1 49.575
    endloop
  endfacet
  facet normal -0.32108 0 0.947052
    outer loop
      vertex 77.22 63.4 49.179
      vertex 77.3253 59.1 49.2147
      vertex 77.3253 63.4 49.2147
    endloop
  endfacet
  facet normal -0.32108 0 0.947052
    outer loop
      vertex 77.3253 59.1 49.2147
      vertex 77.22 63.4 49.179
      vertex 77.22 59.1 49.179
    endloop
  endfacet
  facet normal 0.44253 0 0.896754
    outer loop
      vertex 76.575 63.4 49.2639
      vertex 76.6747 59.1 49.2147
      vertex 76.6747 63.4 49.2147
    endloop
  endfacet
  facet normal 0.44253 0 0.896754
    outer loop
      vertex 76.6747 59.1 49.2147
      vertex 76.575 63.4 49.2639
      vertex 76.575 59.1 49.2639
    endloop
  endfacet
  facet normal 0.896754 -0 0.44253
    outer loop
      vertex 76.2147 59.1 49.6747
      vertex 76.2639 63.4 49.575
      vertex 76.2147 63.4 49.6747
    endloop
  endfacet
  facet normal 0.896754 0 0.44253
    outer loop
      vertex 76.2639 63.4 49.575
      vertex 76.2147 59.1 49.6747
      vertex 76.2639 59.1 49.575
    endloop
  endfacet
  facet normal -0.980788 0 -0.195079
    outer loop
      vertex 77.8427 59.1 50.1109
      vertex 77.821 63.4 50.22
      vertex 77.8427 63.4 50.1109
    endloop
  endfacet
  facet normal -0.980788 -0 -0.195079
    outer loop
      vertex 77.821 63.4 50.22
      vertex 77.8427 59.1 50.1109
      vertex 77.821 59.1 50.22
    endloop
  endfacet
  facet normal -0.0656829 0 0.997841
    outer loop
      vertex 77 63.4 49.15
      vertex 77.1109 59.1 49.1573
      vertex 77.1109 63.4 49.1573
    endloop
  endfacet
  facet normal -0.0656829 0 0.997841
    outer loop
      vertex 77.1109 59.1 49.1573
      vertex 77 63.4 49.15
      vertex 77 59.1 49.15
    endloop
  endfacet
  facet normal -0.44253 0 0.896754
    outer loop
      vertex 77.3253 63.4 49.2147
      vertex 77.425 59.1 49.2639
      vertex 77.425 63.4 49.2639
    endloop
  endfacet
  facet normal -0.44253 0 0.896754
    outer loop
      vertex 77.425 59.1 49.2639
      vertex 77.3253 63.4 49.2147
      vertex 77.3253 59.1 49.2147
    endloop
  endfacet
  facet normal 0.997841 -0 0.0656829
    outer loop
      vertex 76.15 59.1 50
      vertex 76.1573 63.4 49.8891
      vertex 76.15 63.4 50
    endloop
  endfacet
  facet normal 0.997841 0 0.0656829
    outer loop
      vertex 76.1573 63.4 49.8891
      vertex 76.15 59.1 50
      vertex 76.1573 59.1 49.8891
    endloop
  endfacet
  facet normal 0.831219 -0 0.555945
    outer loop
      vertex 76.2639 59.1 49.575
      vertex 76.3257 63.4 49.4826
      vertex 76.2639 63.4 49.575
    endloop
  endfacet
  facet normal 0.831219 0 0.555945
    outer loop
      vertex 76.3257 63.4 49.4826
      vertex 76.2639 59.1 49.575
      vertex 76.3257 59.1 49.4826
    endloop
  endfacet
  facet normal 0.555323 0 0.831635
    outer loop
      vertex 76.4826 63.4 49.3256
      vertex 76.575 59.1 49.2639
      vertex 76.575 63.4 49.2639
    endloop
  endfacet
  facet normal 0.555323 0 0.831635
    outer loop
      vertex 76.575 59.1 49.2639
      vertex 76.4826 63.4 49.3256
      vertex 76.4826 59.1 49.3256
    endloop
  endfacet
  facet normal 0.32108 0 0.947052
    outer loop
      vertex 76.6747 63.4 49.2147
      vertex 76.78 59.1 49.179
      vertex 76.78 63.4 49.179
    endloop
  endfacet
  facet normal 0.32108 0 0.947052
    outer loop
      vertex 76.78 59.1 49.179
      vertex 76.6747 63.4 49.2147
      vertex 76.6747 59.1 49.2147
    endloop
  endfacet
  facet normal -0.997841 0 -0.0656829
    outer loop
      vertex 77.85 59.1 50
      vertex 77.8427 63.4 50.1109
      vertex 77.85 63.4 50
    endloop
  endfacet
  facet normal -0.997841 -0 -0.0656829
    outer loop
      vertex 77.8427 63.4 50.1109
      vertex 77.85 59.1 50
      vertex 77.8427 59.1 50.1109
    endloop
  endfacet
  facet normal -0.947052 0 -0.32108
    outer loop
      vertex 77.821 59.1 50.22
      vertex 77.7853 63.4 50.3253
      vertex 77.821 63.4 50.22
    endloop
  endfacet
  facet normal -0.947052 -0 -0.32108
    outer loop
      vertex 77.7853 63.4 50.3253
      vertex 77.821 59.1 50.22
      vertex 77.7853 59.1 50.3253
    endloop
  endfacet
  facet normal -0.555323 0 -0.831635
    outer loop
      vertex 77.425 59.1 50.7361
      vertex 77.5174 63.4 50.6744
      vertex 77.5174 59.1 50.6744
    endloop
  endfacet
  facet normal -0.555323 0 -0.831635
    outer loop
      vertex 77.5174 63.4 50.6744
      vertex 77.425 59.1 50.7361
      vertex 77.425 63.4 50.7361
    endloop
  endfacet
  facet normal -0.980788 0 0.195079
    outer loop
      vertex 77.821 59.1 49.78
      vertex 77.8427 63.4 49.8891
      vertex 77.821 63.4 49.78
    endloop
  endfacet
  facet normal -0.980788 0 0.195079
    outer loop
      vertex 77.8427 63.4 49.8891
      vertex 77.821 59.1 49.78
      vertex 77.8427 59.1 49.8891
    endloop
  endfacet
  facet normal -0.947052 0 0.32108
    outer loop
      vertex 77.7853 59.1 49.6747
      vertex 77.821 63.4 49.78
      vertex 77.7853 63.4 49.6747
    endloop
  endfacet
  facet normal -0.947052 0 0.32108
    outer loop
      vertex 77.821 63.4 49.78
      vertex 77.7853 59.1 49.6747
      vertex 77.821 59.1 49.78
    endloop
  endfacet
  facet normal -0.659776 0 0.751462
    outer loop
      vertex 77.5174 63.4 49.3256
      vertex 77.601 59.1 49.399
      vertex 77.601 63.4 49.399
    endloop
  endfacet
  facet normal -0.659776 0 0.751462
    outer loop
      vertex 77.601 59.1 49.399
      vertex 77.5174 63.4 49.3256
      vertex 77.5174 59.1 49.3256
    endloop
  endfacet
  facet normal 0.0656829 0 0.997841
    outer loop
      vertex 76.8891 63.4 49.1573
      vertex 77 59.1 49.15
      vertex 77 63.4 49.15
    endloop
  endfacet
  facet normal 0.0656829 0 0.997841
    outer loop
      vertex 77 59.1 49.15
      vertex 76.8891 63.4 49.1573
      vertex 76.8891 59.1 49.1573
    endloop
  endfacet
  facet normal -0.195079 0 0.980788
    outer loop
      vertex 77.1109 63.4 49.1573
      vertex 77.22 59.1 49.179
      vertex 77.22 63.4 49.179
    endloop
  endfacet
  facet normal -0.195079 0 0.980788
    outer loop
      vertex 77.22 59.1 49.179
      vertex 77.1109 63.4 49.1573
      vertex 77.1109 59.1 49.1573
    endloop
  endfacet
  facet normal -0.555323 0 0.831635
    outer loop
      vertex 77.425 63.4 49.2639
      vertex 77.5174 59.1 49.3256
      vertex 77.5174 63.4 49.3256
    endloop
  endfacet
  facet normal -0.555323 0 0.831635
    outer loop
      vertex 77.5174 59.1 49.3256
      vertex 77.425 63.4 49.2639
      vertex 77.425 59.1 49.2639
    endloop
  endfacet
  facet normal 0 -1 0
    outer loop
      vertex 76.8891 63.4 50.8427
      vertex 77.1109 63.4 50.8427
      vertex 77 63.4 50.85
    endloop
  endfacet
  facet normal 0 -1 0
    outer loop
      vertex 76.78 63.4 50.821
      vertex 77.1109 63.4 50.8427
      vertex 76.8891 63.4 50.8427
    endloop
  endfacet
  facet normal 0 -1 0
    outer loop
      vertex 76.78 63.4 50.821
      vertex 77.22 63.4 50.821
      vertex 77.1109 63.4 50.8427
    endloop
  endfacet
  facet normal 0 -1 0
    outer loop
      vertex 76.6747 63.4 50.7853
      vertex 77.22 63.4 50.821
      vertex 76.78 63.4 50.821
    endloop
  endfacet
  facet normal 0 -1 0
    outer loop
      vertex 76.6747 63.4 50.7853
      vertex 77.3253 63.4 50.7853
      vertex 77.22 63.4 50.821
    endloop
  endfacet
  facet normal 0 -1 0
    outer loop
      vertex 76.575 63.4 50.7361
      vertex 77.3253 63.4 50.7853
      vertex 76.6747 63.4 50.7853
    endloop
  endfacet
  facet normal 0 -1 0
    outer loop
      vertex 76.575 63.4 50.7361
      vertex 77.425 63.4 50.7361
      vertex 77.3253 63.4 50.7853
    endloop
  endfacet
  facet normal 0 -1 0
    outer loop
      vertex 76.4826 63.4 50.6744
      vertex 77.425 63.4 50.7361
      vertex 76.575 63.4 50.7361
    endloop
  endfacet
  facet normal 0 -1 0
    outer loop
      vertex 76.4826 63.4 50.6744
      vertex 77.5174 63.4 50.6744
      vertex 77.425 63.4 50.7361
    endloop
  endfacet
  facet normal 0 -1 0
    outer loop
      vertex 76.399 63.4 50.601
      vertex 77.5174 63.4 50.6744
      vertex 76.4826 63.4 50.6744
    endloop
  endfacet
  facet normal 0 -1 0
    outer loop
      vertex 76.399 63.4 50.601
      vertex 77.601 63.4 50.601
      vertex 77.5174 63.4 50.6744
    endloop
  endfacet
  facet normal 0 -1 0
    outer loop
      vertex 76.3257 63.4 50.5174
      vertex 77.601 63.4 50.601
      vertex 76.399 63.4 50.601
    endloop
  endfacet
  facet normal 0 -1 0
    outer loop
      vertex 76.3257 63.4 50.5174
      vertex 77.6743 63.4 50.5174
      vertex 77.601 63.4 50.601
    endloop
  endfacet
  facet normal 0 -1 0
    outer loop
      vertex 76.2639 63.4 50.425
      vertex 77.6743 63.4 50.5174
      vertex 76.3257 63.4 50.5174
    endloop
  endfacet
  facet normal 0 -1 0
    outer loop
      vertex 76.2639 63.4 50.425
      vertex 77.7361 63.4 50.425
      vertex 77.6743 63.4 50.5174
    endloop
  endfacet
  facet normal 0 -1 0
    outer loop
      vertex 76.2147 63.4 50.3253
      vertex 77.7361 63.4 50.425
      vertex 76.2639 63.4 50.425
    endloop
  endfacet
  facet normal 0 -1 0
    outer loop
      vertex 76.2147 63.4 50.3253
      vertex 77.7853 63.4 50.3253
      vertex 77.7361 63.4 50.425
    endloop
  endfacet
  facet normal 0 -1 0
    outer loop
      vertex 76.179 63.4 50.22
      vertex 77.7853 63.4 50.3253
      vertex 76.2147 63.4 50.3253
    endloop
  endfacet
  facet normal 0 -1 0
    outer loop
      vertex 76.179 63.4 50.22
      vertex 77.821 63.4 50.22
      vertex 77.7853 63.4 50.3253
    endloop
  endfacet
  facet normal 0 -1 0
    outer loop
      vertex 76.1573 63.4 50.1109
      vertex 77.821 63.4 50.22
      vertex 76.179 63.4 50.22
    endloop
  endfacet
  facet normal 0 -1 0
    outer loop
      vertex 76.1573 63.4 50.1109
      vertex 77.8427 63.4 50.1109
      vertex 77.821 63.4 50.22
    endloop
  endfacet
  facet normal 0 -1 0
    outer loop
      vertex 76.15 63.4 50
      vertex 77.8427 63.4 50.1109
      vertex 76.1573 63.4 50.1109
    endloop
  endfacet
  facet normal 0 -1 0
    outer loop
      vertex 76.15 63.4 50
      vertex 77.85 63.4 50
      vertex 77.8427 63.4 50.1109
    endloop
  endfacet
  facet normal 0 -1 0
    outer loop
      vertex 76.1573 63.4 49.8891
      vertex 77.85 63.4 50
      vertex 76.15 63.4 50
    endloop
  endfacet
  facet normal 0 -1 0
    outer loop
      vertex 76.1573 63.4 49.8891
      vertex 77.8427 63.4 49.8891
      vertex 77.85 63.4 50
    endloop
  endfacet
  facet normal 0 -1 0
    outer loop
      vertex 76.179 63.4 49.78
      vertex 77.8427 63.4 49.8891
      vertex 76.1573 63.4 49.8891
    endloop
  endfacet
  facet normal 0 -1 0
    outer loop
      vertex 76.179 63.4 49.78
      vertex 77.821 63.4 49.78
      vertex 77.8427 63.4 49.8891
    endloop
  endfacet
  facet normal 0 -1 0
    outer loop
      vertex 76.2147 63.4 49.6747
      vertex 77.821 63.4 49.78
      vertex 76.179 63.4 49.78
    endloop
  endfacet
  facet normal 0 -1 0
    outer loop
      vertex 76.2147 63.4 49.6747
      vertex 77.7853 63.4 49.6747
      vertex 77.821 63.4 49.78
    endloop
  endfacet
  facet normal 0 -1 0
    outer loop
      vertex 76.2639 63.4 49.575
      vertex 77.7853 63.4 49.6747
      vertex 76.2147 63.4 49.6747
    endloop
  endfacet
  facet normal 0 -1 0
    outer loop
      vertex 76.2639 63.4 49.575
      vertex 77.7361 63.4 49.575
      vertex 77.7853 63.4 49.6747
    endloop
  endfacet
  facet normal 0 -1 0
    outer loop
      vertex 76.3257 63.4 49.4826
      vertex 77.7361 63.4 49.575
      vertex 76.2639 63.4 49.575
    endloop
  endfacet
  facet normal 0 -1 0
    outer loop
      vertex 76.3257 63.4 49.4826
      vertex 77.6743 63.4 49.4826
      vertex 77.7361 63.4 49.575
    endloop
  endfacet
  facet normal 0 -1 0
    outer loop
      vertex 76.399 63.4 49.399
      vertex 77.6743 63.4 49.4826
      vertex 76.3257 63.4 49.4826
    endloop
  endfacet
  facet normal 0 -1 0
    outer loop
      vertex 76.399 63.4 49.399
      vertex 77.601 63.4 49.399
      vertex 77.6743 63.4 49.4826
    endloop
  endfacet
  facet normal 0 -1 0
    outer loop
      vertex 76.4826 63.4 49.3256
      vertex 77.601 63.4 49.399
      vertex 76.399 63.4 49.399
    endloop
  endfacet
  facet normal 0 -1 0
    outer loop
      vertex 76.4826 63.4 49.3256
      vertex 77.5174 63.4 49.3256
      vertex 77.601 63.4 49.399
    endloop
  endfacet
  facet normal 0 -1 0
    outer loop
      vertex 76.575 63.4 49.2639
      vertex 77.5174 63.4 49.3256
      vertex 76.4826 63.4 49.3256
    endloop
  endfacet
  facet normal 0 -1 0
    outer loop
      vertex 76.575 63.4 49.2639
      vertex 77.425 63.4 49.2639
      vertex 77.5174 63.4 49.3256
    endloop
  endfacet
  facet normal 0 -1 0
    outer loop
      vertex 76.6747 63.4 49.2147
      vertex 77.425 63.4 49.2639
      vertex 76.575 63.4 49.2639
    endloop
  endfacet
  facet normal 0 -1 0
    outer loop
      vertex 76.6747 63.4 49.2147
      vertex 77.3253 63.4 49.2147
      vertex 77.425 63.4 49.2639
    endloop
  endfacet
  facet normal 0 -1 0
    outer loop
      vertex 76.78 63.4 49.179
      vertex 77.3253 63.4 49.2147
      vertex 76.6747 63.4 49.2147
    endloop
  endfacet
  facet normal 0 -1 0
    outer loop
      vertex 76.78 63.4 49.179
      vertex 77.22 63.4 49.179
      vertex 77.3253 63.4 49.2147
    endloop
  endfacet
  facet normal 0 -1 0
    outer loop
      vertex 76.8891 63.4 49.1573
      vertex 77.22 63.4 49.179
      vertex 76.78 63.4 49.179
    endloop
  endfacet
  facet normal 0 -1 0
    outer loop
      vertex 76.8891 63.4 49.1573
      vertex 77.1109 63.4 49.1573
      vertex 77.22 63.4 49.179
    endloop
  endfacet
  facet normal -0 -1 0
    outer loop
      vertex 77.1109 63.4 49.1573
      vertex 76.8891 63.4 49.1573
      vertex 77 63.4 49.15
    endloop
  endfacet
  facet normal 0.947052 -0 0.32108
    outer loop
      vertex 76.179 59.1 49.78
      vertex 76.2147 63.4 49.6747
      vertex 76.179 63.4 49.78
    endloop
  endfacet
  facet normal 0.947052 0 0.32108
    outer loop
      vertex 76.2147 63.4 49.6747
      vertex 76.179 59.1 49.78
      vertex 76.2147 59.1 49.6747
    endloop
  endfacet
  facet normal 0.980788 -0 0.195079
    outer loop
      vertex 76.1573 59.1 49.8891
      vertex 76.179 63.4 49.78
      vertex 76.1573 63.4 49.8891
    endloop
  endfacet
  facet normal 0.980788 0 0.195079
    outer loop
      vertex 76.179 63.4 49.78
      vertex 76.1573 59.1 49.8891
      vertex 76.179 59.1 49.78
    endloop
  endfacet
  facet normal 0.195079 0 0.980788
    outer loop
      vertex 76.78 63.4 49.179
      vertex 76.8891 59.1 49.1573
      vertex 76.8891 63.4 49.1573
    endloop
  endfacet
  facet normal 0.195079 0 0.980788
    outer loop
      vertex 76.8891 59.1 49.1573
      vertex 76.78 63.4 49.179
      vertex 76.78 59.1 49.179
    endloop
  endfacet
  facet normal 0.659776 0 0.751462
    outer loop
      vertex 76.399 63.4 49.399
      vertex 76.4826 59.1 49.3256
      vertex 76.4826 63.4 49.3256
    endloop
  endfacet
  facet normal 0.659776 0 0.751462
    outer loop
      vertex 76.4826 59.1 49.3256
      vertex 76.399 63.4 49.399
      vertex 76.399 59.1 49.399
    endloop
  endfacet
  facet normal 0.751908 -0 0.659268
    outer loop
      vertex 76.3257 59.1 49.4826
      vertex 76.399 63.4 49.399
      vertex 76.3257 63.4 49.4826
    endloop
  endfacet
  facet normal 0.751908 0 0.659268
    outer loop
      vertex 76.399 63.4 49.399
      vertex 76.3257 59.1 49.4826
      vertex 76.399 59.1 49.399
    endloop
  endfacet
  facet normal -0.997841 0 0.0656829
    outer loop
      vertex 77.8427 59.1 49.8891
      vertex 77.85 63.4 50
      vertex 77.8427 63.4 49.8891
    endloop
  endfacet
  facet normal -0.997841 0 0.0656829
    outer loop
      vertex 77.85 63.4 50
      vertex 77.8427 59.1 49.8891
      vertex 77.85 59.1 50
    endloop
  endfacet
  facet normal -0.831219 0 -0.555945
    outer loop
      vertex 77.7361 59.1 50.425
      vertex 77.6743 63.4 50.5174
      vertex 77.7361 63.4 50.425
    endloop
  endfacet
  facet normal -0.831219 -0 -0.555945
    outer loop
      vertex 77.6743 63.4 50.5174
      vertex 77.7361 59.1 50.425
      vertex 77.6743 59.1 50.5174
    endloop
  endfacet
  facet normal 0.997841 0 -0.0656829
    outer loop
      vertex 76.1573 59.1 50.1109
      vertex 76.15 63.4 50
      vertex 76.1573 63.4 50.1109
    endloop
  endfacet
  facet normal 0.997841 0 -0.0656829
    outer loop
      vertex 76.15 63.4 50
      vertex 76.1573 59.1 50.1109
      vertex 76.15 59.1 50
    endloop
  endfacet
  facet normal 0.896754 0 -0.44253
    outer loop
      vertex 76.2639 59.1 50.425
      vertex 76.2147 63.4 50.3253
      vertex 76.2639 63.4 50.425
    endloop
  endfacet
  facet normal 0.896754 0 -0.44253
    outer loop
      vertex 76.2147 63.4 50.3253
      vertex 76.2639 59.1 50.425
      vertex 76.2147 59.1 50.3253
    endloop
  endfacet
  facet normal -0.195079 0 -0.980788
    outer loop
      vertex 77.1109 59.1 50.8427
      vertex 77.22 63.4 50.821
      vertex 77.22 59.1 50.821
    endloop
  endfacet
  facet normal -0.195079 0 -0.980788
    outer loop
      vertex 77.22 63.4 50.821
      vertex 77.1109 59.1 50.8427
      vertex 77.1109 63.4 50.8427
    endloop
  endfacet
  facet normal -0.659776 0 -0.751462
    outer loop
      vertex 77.5174 59.1 50.6744
      vertex 77.601 63.4 50.601
      vertex 77.601 59.1 50.601
    endloop
  endfacet
  facet normal -0.659776 0 -0.751462
    outer loop
      vertex 77.601 63.4 50.601
      vertex 77.5174 59.1 50.6744
      vertex 77.5174 63.4 50.6744
    endloop
  endfacet
  facet normal -0.751908 0 0.659268
    outer loop
      vertex 77.601 59.1 49.399
      vertex 77.6743 63.4 49.4826
      vertex 77.601 63.4 49.399
    endloop
  endfacet
  facet normal -0.751908 0 0.659268
    outer loop
      vertex 77.6743 63.4 49.4826
      vertex 77.601 59.1 49.399
      vertex 77.6743 59.1 49.4826
    endloop
  endfacet
  facet normal -0.896754 0 -0.44253
    outer loop
      vertex 77.7853 59.1 50.3253
      vertex 77.7361 63.4 50.425
      vertex 77.7853 63.4 50.3253
    endloop
  endfacet
  facet normal -0.896754 -0 -0.44253
    outer loop
      vertex 77.7361 63.4 50.425
      vertex 77.7853 59.1 50.3253
      vertex 77.7361 59.1 50.425
    endloop
  endfacet
  facet normal 0.947052 0 -0.32108
    outer loop
      vertex 76.2147 59.1 50.3253
      vertex 76.179 63.4 50.22
      vertex 76.2147 63.4 50.3253
    endloop
  endfacet
  facet normal 0.947052 0 -0.32108
    outer loop
      vertex 76.179 63.4 50.22
      vertex 76.2147 59.1 50.3253
      vertex 76.179 59.1 50.22
    endloop
  endfacet
  facet normal 0.980788 0 -0.195079
    outer loop
      vertex 76.179 59.1 50.22
      vertex 76.1573 63.4 50.1109
      vertex 76.179 63.4 50.22
    endloop
  endfacet
  facet normal 0.980788 0 -0.195079
    outer loop
      vertex 76.1573 63.4 50.1109
      vertex 76.179 59.1 50.22
      vertex 76.1573 59.1 50.1109
    endloop
  endfacet
  facet normal -0.44253 0 -0.896754
    outer loop
      vertex 77.3253 59.1 50.7853
      vertex 77.425 63.4 50.7361
      vertex 77.425 59.1 50.7361
    endloop
  endfacet
  facet normal -0.44253 0 -0.896754
    outer loop
      vertex 77.425 63.4 50.7361
      vertex 77.3253 59.1 50.7853
      vertex 77.3253 63.4 50.7853
    endloop
  endfacet
  facet normal -0.32108 0 -0.947052
    outer loop
      vertex 77.22 59.1 50.821
      vertex 77.3253 63.4 50.7853
      vertex 77.3253 59.1 50.7853
    endloop
  endfacet
  facet normal -0.32108 0 -0.947052
    outer loop
      vertex 77.3253 63.4 50.7853
      vertex 77.22 59.1 50.821
      vertex 77.22 63.4 50.821
    endloop
  endfacet
  facet normal 0.32108 0 -0.947052
    outer loop
      vertex 76.6747 59.1 50.7853
      vertex 76.78 63.4 50.821
      vertex 76.78 59.1 50.821
    endloop
  endfacet
  facet normal 0.32108 0 -0.947052
    outer loop
      vertex 76.78 63.4 50.821
      vertex 76.6747 59.1 50.7853
      vertex 76.6747 63.4 50.7853
    endloop
  endfacet
  facet normal -0.0656829 0 -0.997841
    outer loop
      vertex 77 59.1 50.85
      vertex 77.1109 63.4 50.8427
      vertex 77.1109 59.1 50.8427
    endloop
  endfacet
  facet normal -0.0656829 0 -0.997841
    outer loop
      vertex 77.1109 63.4 50.8427
      vertex 77 59.1 50.85
      vertex 77 63.4 50.85
    endloop
  endfacet
  facet normal 0.0656829 0 -0.997841
    outer loop
      vertex 76.8891 59.1 50.8427
      vertex 77 63.4 50.85
      vertex 77 59.1 50.85
    endloop
  endfacet
  facet normal 0.0656829 0 -0.997841
    outer loop
      vertex 77 63.4 50.85
      vertex 76.8891 59.1 50.8427
      vertex 76.8891 63.4 50.8427
    endloop
  endfacet
  facet normal 0.195079 0 -0.980788
    outer loop
      vertex 76.78 59.1 50.821
      vertex 76.8891 63.4 50.8427
      vertex 76.8891 59.1 50.8427
    endloop
  endfacet
  facet normal 0.195079 0 -0.980788
    outer loop
      vertex 76.8891 63.4 50.8427
      vertex 76.78 59.1 50.821
      vertex 76.78 63.4 50.821
    endloop
  endfacet
  facet normal 0.751908 0 -0.659268
    outer loop
      vertex 76.399 59.1 50.601
      vertex 76.3257 63.4 50.5174
      vertex 76.399 63.4 50.601
    endloop
  endfacet
  facet normal 0.751908 0 -0.659268
    outer loop
      vertex 76.3257 63.4 50.5174
      vertex 76.399 59.1 50.601
      vertex 76.3257 59.1 50.5174
    endloop
  endfacet
  facet normal 0.659776 0 -0.751462
    outer loop
      vertex 76.399 59.1 50.601
      vertex 76.4826 63.4 50.6744
      vertex 76.4826 59.1 50.6744
    endloop
  endfacet
  facet normal 0.659776 0 -0.751462
    outer loop
      vertex 76.4826 63.4 50.6744
      vertex 76.399 59.1 50.601
      vertex 76.399 63.4 50.601
    endloop
  endfacet
  facet normal -0.751908 0 -0.659268
    outer loop
      vertex 77.6743 59.1 50.5174
      vertex 77.601 63.4 50.601
      vertex 77.6743 63.4 50.5174
    endloop
  endfacet
  facet normal -0.751908 -0 -0.659268
    outer loop
      vertex 77.601 63.4 50.601
      vertex 77.6743 59.1 50.5174
      vertex 77.601 59.1 50.601
    endloop
  endfacet
  facet normal 0.555323 0 -0.831635
    outer loop
      vertex 76.4826 59.1 50.6744
      vertex 76.575 63.4 50.7361
      vertex 76.575 59.1 50.7361
    endloop
  endfacet
  facet normal 0.555323 0 -0.831635
    outer loop
      vertex 76.575 63.4 50.7361
      vertex 76.4826 59.1 50.6744
      vertex 76.4826 63.4 50.6744
    endloop
  endfacet
  facet normal 0.831219 0 -0.555945
    outer loop
      vertex 76.3257 59.1 50.5174
      vertex 76.2639 63.4 50.425
      vertex 76.3257 63.4 50.5174
    endloop
  endfacet
  facet normal 0.831219 0 -0.555945
    outer loop
      vertex 76.2639 63.4 50.425
      vertex 76.3257 59.1 50.5174
      vertex 76.2639 59.1 50.425
    endloop
  endfacet
  facet normal 0.44253 0 -0.896754
    outer loop
      vertex 76.575 59.1 50.7361
      vertex 76.6747 63.4 50.7853
      vertex 76.6747 59.1 50.7853
    endloop
  endfacet
  facet normal 0.44253 0 -0.896754
    outer loop
      vertex 76.6747 63.4 50.7853
      vertex 76.575 59.1 50.7361
      vertex 76.575 63.4 50.7361
    endloop
  endfacet
  facet normal -0.997842 0 0.0656534
    outer loop
      vertex 83.1627 76 6.42905
      vertex 83.17 81 6.54
      vertex 83.1627 81 6.42905
    endloop
  endfacet
  facet normal -0.997842 0 0.0656534
    outer loop
      vertex 83.17 81 6.54
      vertex 83.1627 76 6.42905
      vertex 83.17 76 6.54
    endloop
  endfacet
  facet normal 0.997842 -0 0.0656534
    outer loop
      vertex 81.47 76 6.54
      vertex 81.4773 81 6.42905
      vertex 81.47 81 6.54
    endloop
  endfacet
  facet normal 0.997842 0 0.0656534
    outer loop
      vertex 81.4773 81 6.42905
      vertex 81.47 76 6.54
      vertex 81.4773 76 6.42905
    endloop
  endfacet
  facet normal 0.0654141 0 0.997858
    outer loop
      vertex 82.2091 81 5.69727
      vertex 82.32 76 5.69
      vertex 82.32 81 5.69
    endloop
  endfacet
  facet normal 0.0654141 0 0.997858
    outer loop
      vertex 82.32 76 5.69
      vertex 82.2091 81 5.69727
      vertex 82.2091 76 5.69727
    endloop
  endfacet
  facet normal -0.659319 0 0.751863
    outer loop
      vertex 82.8374 81 5.86565
      vertex 82.921 76 5.93896
      vertex 82.921 81 5.93896
    endloop
  endfacet
  facet normal -0.659319 0 0.751863
    outer loop
      vertex 82.921 76 5.93896
      vertex 82.8374 81 5.86565
      vertex 82.8374 76 5.86565
    endloop
  endfacet
  facet normal 0.751423 -0 0.659821
    outer loop
      vertex 81.6456 76 6.02255
      vertex 81.719 81 5.93896
      vertex 81.6456 81 6.02255
    endloop
  endfacet
  facet normal 0.751423 0 0.659821
    outer loop
      vertex 81.719 81 5.93896
      vertex 81.6456 76 6.02255
      vertex 81.719 76 5.93896
    endloop
  endfacet
  facet normal 0.442386 0 0.896825
    outer loop
      vertex 81.895 81 5.80388
      vertex 81.9947 76 5.7547
      vertex 81.9947 81 5.7547
    endloop
  endfacet
  facet normal 0.442386 0 0.896825
    outer loop
      vertex 81.9947 76 5.7547
      vertex 81.895 81 5.80388
      vertex 81.895 76 5.80388
    endloop
  endfacet
  facet normal -0.896789 0 0.442459
    outer loop
      vertex 83.0561 76 6.115
      vertex 83.1053 81 6.21472
      vertex 83.0561 81 6.115
    endloop
  endfacet
  facet normal -0.896789 0 0.442459
    outer loop
      vertex 83.1053 81 6.21472
      vertex 83.0561 76 6.115
      vertex 83.1053 76 6.21472
    endloop
  endfacet
  facet normal -0.321403 0 0.946943
    outer loop
      vertex 82.54 81 5.71896
      vertex 82.6453 76 5.7547
      vertex 82.6453 81 5.7547
    endloop
  endfacet
  facet normal -0.321403 0 0.946943
    outer loop
      vertex 82.6453 76 5.7547
      vertex 82.54 81 5.71896
      vertex 82.54 76 5.71896
    endloop
  endfacet
  facet normal -0.194992 0 0.980805
    outer loop
      vertex 82.4309 81 5.69727
      vertex 82.54 76 5.71896
      vertex 82.54 81 5.71896
    endloop
  endfacet
  facet normal -0.194992 0 0.980805
    outer loop
      vertex 82.54 76 5.71896
      vertex 82.4309 81 5.69727
      vertex 82.4309 76 5.69727
    endloop
  endfacet
  facet normal -0.555759 0 0.831344
    outer loop
      vertex 82.745 81 5.80388
      vertex 82.8374 76 5.86565
      vertex 82.8374 81 5.86565
    endloop
  endfacet
  facet normal -0.555759 0 0.831344
    outer loop
      vertex 82.8374 76 5.86565
      vertex 82.745 81 5.80388
      vertex 82.745 76 5.80388
    endloop
  endfacet
  facet normal 0.896789 -0 0.442459
    outer loop
      vertex 81.5347 76 6.21472
      vertex 81.5839 81 6.115
      vertex 81.5347 81 6.21472
    endloop
  endfacet
  facet normal 0.896789 0 0.442459
    outer loop
      vertex 81.5839 81 6.115
      vertex 81.5347 76 6.21472
      vertex 81.5839 76 6.115
    endloop
  endfacet
  facet normal 0.831773 -0 0.555115
    outer loop
      vertex 81.5839 76 6.115
      vertex 81.6456 81 6.02255
      vertex 81.5839 81 6.115
    endloop
  endfacet
  facet normal 0.831773 0 0.555115
    outer loop
      vertex 81.6456 81 6.02255
      vertex 81.5839 76 6.115
      vertex 81.6456 76 6.02255
    endloop
  endfacet
  facet normal 0.98077 -0 0.195165
    outer loop
      vertex 81.4773 76 6.42905
      vertex 81.499 81 6.32
      vertex 81.4773 81 6.42905
    endloop
  endfacet
  facet normal 0.98077 0 0.195165
    outer loop
      vertex 81.499 81 6.32
      vertex 81.4773 76 6.42905
      vertex 81.499 76 6.32
    endloop
  endfacet
  facet normal 0.555759 0 0.831344
    outer loop
      vertex 81.8026 81 5.86565
      vertex 81.895 76 5.80388
      vertex 81.895 81 5.80388
    endloop
  endfacet
  facet normal 0.555759 0 0.831344
    outer loop
      vertex 81.895 76 5.80388
      vertex 81.8026 81 5.86565
      vertex 81.8026 76 5.86565
    endloop
  endfacet
  facet normal 0.194992 0 0.980805
    outer loop
      vertex 82.1 81 5.71896
      vertex 82.2091 76 5.69727
      vertex 82.2091 81 5.69727
    endloop
  endfacet
  facet normal 0.194992 0 0.980805
    outer loop
      vertex 82.2091 76 5.69727
      vertex 82.1 81 5.71896
      vertex 82.1 76 5.71896
    endloop
  endfacet
  facet normal 0.194992 0 -0.980805
    outer loop
      vertex 82.1 76 7.36104
      vertex 82.2091 81 7.38273
      vertex 82.2091 76 7.38273
    endloop
  endfacet
  facet normal 0.194992 0 -0.980805
    outer loop
      vertex 82.2091 81 7.38273
      vertex 82.1 76 7.36104
      vertex 82.1 81 7.36104
    endloop
  endfacet
  facet normal 0.896789 0 -0.442459
    outer loop
      vertex 81.5839 76 6.965
      vertex 81.5347 81 6.86528
      vertex 81.5839 81 6.965
    endloop
  endfacet
  facet normal 0.896789 0 -0.442459
    outer loop
      vertex 81.5347 81 6.86528
      vertex 81.5839 76 6.965
      vertex 81.5347 76 6.86528
    endloop
  endfacet
  facet normal -0.194992 0 -0.980805
    outer loop
      vertex 82.4309 76 7.38273
      vertex 82.54 81 7.36104
      vertex 82.54 76 7.36104
    endloop
  endfacet
  facet normal -0.194992 0 -0.980805
    outer loop
      vertex 82.54 81 7.36104
      vertex 82.4309 76 7.38273
      vertex 82.4309 81 7.38273
    endloop
  endfacet
  facet normal -0.947033 0 0.321135
    outer loop
      vertex 83.1053 76 6.21472
      vertex 83.141 81 6.32
      vertex 83.1053 81 6.21472
    endloop
  endfacet
  facet normal -0.947033 0 0.321135
    outer loop
      vertex 83.141 81 6.32
      vertex 83.1053 76 6.21472
      vertex 83.141 76 6.32
    endloop
  endfacet
  facet normal -0.98077 0 0.195165
    outer loop
      vertex 83.141 76 6.32
      vertex 83.1627 81 6.42905
      vertex 83.141 81 6.32
    endloop
  endfacet
  facet normal -0.98077 0 0.195165
    outer loop
      vertex 83.1627 81 6.42905
      vertex 83.141 76 6.32
      vertex 83.1627 76 6.42905
    endloop
  endfacet
  facet normal -0.751869 0 0.659313
    outer loop
      vertex 82.921 76 5.93896
      vertex 82.9943 81 6.02255
      vertex 82.921 81 5.93896
    endloop
  endfacet
  facet normal -0.751869 0 0.659313
    outer loop
      vertex 82.9943 81 6.02255
      vertex 82.921 76 5.93896
      vertex 82.9943 76 6.02255
    endloop
  endfacet
  facet normal -0.831358 0 0.555737
    outer loop
      vertex 82.9943 76 6.02255
      vertex 83.0561 81 6.115
      vertex 82.9943 81 6.02255
    endloop
  endfacet
  facet normal -0.831358 0 0.555737
    outer loop
      vertex 83.0561 81 6.115
      vertex 82.9943 76 6.02255
      vertex 83.0561 76 6.115
    endloop
  endfacet
  facet normal -0.0654141 0 0.997858
    outer loop
      vertex 82.32 81 5.69
      vertex 82.4309 76 5.69727
      vertex 82.4309 81 5.69727
    endloop
  endfacet
  facet normal -0.0654141 0 0.997858
    outer loop
      vertex 82.4309 76 5.69727
      vertex 82.32 81 5.69
      vertex 82.32 76 5.69
    endloop
  endfacet
  facet normal -0.442386 0 0.896825
    outer loop
      vertex 82.6453 81 5.7547
      vertex 82.745 76 5.80388
      vertex 82.745 81 5.80388
    endloop
  endfacet
  facet normal -0.442386 0 0.896825
    outer loop
      vertex 82.745 76 5.80388
      vertex 82.6453 81 5.7547
      vertex 82.6453 76 5.7547
    endloop
  endfacet
  facet normal 0.947033 -0 0.321135
    outer loop
      vertex 81.499 76 6.32
      vertex 81.5347 81 6.21472
      vertex 81.499 81 6.32
    endloop
  endfacet
  facet normal 0.947033 0 0.321135
    outer loop
      vertex 81.5347 81 6.21472
      vertex 81.499 76 6.32
      vertex 81.5347 76 6.21472
    endloop
  endfacet
  facet normal 0.321403 0 0.946943
    outer loop
      vertex 81.9947 81 5.7547
      vertex 82.1 76 5.71896
      vertex 82.1 81 5.71896
    endloop
  endfacet
  facet normal 0.321403 0 0.946943
    outer loop
      vertex 82.1 76 5.71896
      vertex 81.9947 81 5.7547
      vertex 81.9947 76 5.7547
    endloop
  endfacet
  facet normal -0.555759 0 -0.831344
    outer loop
      vertex 82.745 76 7.27612
      vertex 82.8374 81 7.21435
      vertex 82.8374 76 7.21435
    endloop
  endfacet
  facet normal -0.555759 0 -0.831344
    outer loop
      vertex 82.8374 81 7.21435
      vertex 82.745 76 7.27612
      vertex 82.745 81 7.27612
    endloop
  endfacet
  facet normal -0.947033 0 -0.321135
    outer loop
      vertex 83.141 76 6.76
      vertex 83.1053 81 6.86528
      vertex 83.141 81 6.76
    endloop
  endfacet
  facet normal -0.947033 -0 -0.321135
    outer loop
      vertex 83.1053 81 6.86528
      vertex 83.141 76 6.76
      vertex 83.1053 76 6.86528
    endloop
  endfacet
  facet normal -0.896789 0 -0.442459
    outer loop
      vertex 83.1053 76 6.86528
      vertex 83.0561 81 6.965
      vertex 83.1053 81 6.86528
    endloop
  endfacet
  facet normal -0.896789 -0 -0.442459
    outer loop
      vertex 83.0561 81 6.965
      vertex 83.1053 76 6.86528
      vertex 83.0561 76 6.965
    endloop
  endfacet
  facet normal -0.98077 0 -0.195165
    outer loop
      vertex 83.1627 76 6.65095
      vertex 83.141 81 6.76
      vertex 83.1627 81 6.65095
    endloop
  endfacet
  facet normal -0.98077 -0 -0.195165
    outer loop
      vertex 83.141 81 6.76
      vertex 83.1627 76 6.65095
      vertex 83.141 76 6.76
    endloop
  endfacet
  facet normal 0.0654141 0 -0.997858
    outer loop
      vertex 82.2091 76 7.38273
      vertex 82.32 81 7.39
      vertex 82.32 76 7.39
    endloop
  endfacet
  facet normal 0.0654141 0 -0.997858
    outer loop
      vertex 82.32 81 7.39
      vertex 82.2091 76 7.38273
      vertex 82.2091 81 7.38273
    endloop
  endfacet
  facet normal 0.831773 0 -0.555115
    outer loop
      vertex 81.6456 76 7.05745
      vertex 81.5839 81 6.965
      vertex 81.6456 81 7.05745
    endloop
  endfacet
  facet normal 0.831773 0 -0.555115
    outer loop
      vertex 81.5839 81 6.965
      vertex 81.6456 76 7.05745
      vertex 81.5839 76 6.965
    endloop
  endfacet
  facet normal 0.947033 0 -0.321135
    outer loop
      vertex 81.5347 76 6.86528
      vertex 81.499 81 6.76
      vertex 81.5347 81 6.86528
    endloop
  endfacet
  facet normal 0.947033 0 -0.321135
    outer loop
      vertex 81.499 81 6.76
      vertex 81.5347 76 6.86528
      vertex 81.499 76 6.76
    endloop
  endfacet
  facet normal -0.442386 0 -0.896825
    outer loop
      vertex 82.6453 76 7.3253
      vertex 82.745 81 7.27612
      vertex 82.745 76 7.27612
    endloop
  endfacet
  facet normal -0.442386 0 -0.896825
    outer loop
      vertex 82.745 81 7.27612
      vertex 82.6453 76 7.3253
      vertex 82.6453 81 7.3253
    endloop
  endfacet
  facet normal -0.321403 0 -0.946943
    outer loop
      vertex 82.54 76 7.36104
      vertex 82.6453 81 7.3253
      vertex 82.6453 76 7.3253
    endloop
  endfacet
  facet normal -0.321403 0 -0.946943
    outer loop
      vertex 82.6453 81 7.3253
      vertex 82.54 76 7.36104
      vertex 82.54 81 7.36104
    endloop
  endfacet
  facet normal 0.659319 0 0.751863
    outer loop
      vertex 81.719 81 5.93896
      vertex 81.8026 76 5.86565
      vertex 81.8026 81 5.86565
    endloop
  endfacet
  facet normal 0.659319 0 0.751863
    outer loop
      vertex 81.8026 76 5.86565
      vertex 81.719 81 5.93896
      vertex 81.719 76 5.93896
    endloop
  endfacet
  facet normal -0.659319 0 -0.751863
    outer loop
      vertex 82.8374 76 7.21435
      vertex 82.921 81 7.14104
      vertex 82.921 76 7.14104
    endloop
  endfacet
  facet normal -0.659319 0 -0.751863
    outer loop
      vertex 82.921 81 7.14104
      vertex 82.8374 76 7.21435
      vertex 82.8374 81 7.21435
    endloop
  endfacet
  facet normal -0.997842 0 -0.0656534
    outer loop
      vertex 83.17 76 6.54
      vertex 83.1627 81 6.65095
      vertex 83.17 81 6.54
    endloop
  endfacet
  facet normal -0.997842 -0 -0.0656534
    outer loop
      vertex 83.1627 81 6.65095
      vertex 83.17 76 6.54
      vertex 83.1627 76 6.65095
    endloop
  endfacet
  facet normal 0.321403 0 -0.946943
    outer loop
      vertex 81.9947 76 7.3253
      vertex 82.1 81 7.36104
      vertex 82.1 76 7.36104
    endloop
  endfacet
  facet normal 0.321403 0 -0.946943
    outer loop
      vertex 82.1 81 7.36104
      vertex 81.9947 76 7.3253
      vertex 81.9947 81 7.3253
    endloop
  endfacet
  facet normal 0.751423 0 -0.659821
    outer loop
      vertex 81.719 76 7.14104
      vertex 81.6456 81 7.05745
      vertex 81.719 81 7.14104
    endloop
  endfacet
  facet normal 0.751423 0 -0.659821
    outer loop
      vertex 81.6456 81 7.05745
      vertex 81.719 76 7.14104
      vertex 81.6456 76 7.05745
    endloop
  endfacet
  facet normal 0.997842 0 -0.0656534
    outer loop
      vertex 81.4773 76 6.65095
      vertex 81.47 81 6.54
      vertex 81.4773 81 6.65095
    endloop
  endfacet
  facet normal 0.997842 0 -0.0656534
    outer loop
      vertex 81.47 81 6.54
      vertex 81.4773 76 6.65095
      vertex 81.47 76 6.54
    endloop
  endfacet
  facet normal 0.98077 0 -0.195165
    outer loop
      vertex 81.499 76 6.76
      vertex 81.4773 81 6.65095
      vertex 81.499 81 6.76
    endloop
  endfacet
  facet normal 0.98077 0 -0.195165
    outer loop
      vertex 81.4773 81 6.65095
      vertex 81.499 76 6.76
      vertex 81.4773 76 6.65095
    endloop
  endfacet
  facet normal -0.831358 0 -0.555737
    outer loop
      vertex 83.0561 76 6.965
      vertex 82.9943 81 7.05745
      vertex 83.0561 81 6.965
    endloop
  endfacet
  facet normal -0.831358 -0 -0.555737
    outer loop
      vertex 82.9943 81 7.05745
      vertex 83.0561 76 6.965
      vertex 82.9943 76 7.05745
    endloop
  endfacet
  facet normal -0.0654141 0 -0.997858
    outer loop
      vertex 82.32 76 7.39
      vertex 82.4309 81 7.38273
      vertex 82.4309 76 7.38273
    endloop
  endfacet
  facet normal -0.0654141 0 -0.997858
    outer loop
      vertex 82.4309 81 7.38273
      vertex 82.32 76 7.39
      vertex 82.32 81 7.39
    endloop
  endfacet
  facet normal 0.555759 0 -0.831344
    outer loop
      vertex 81.8026 76 7.21435
      vertex 81.895 81 7.27612
      vertex 81.895 76 7.27612
    endloop
  endfacet
  facet normal 0.555759 0 -0.831344
    outer loop
      vertex 81.895 81 7.27612
      vertex 81.8026 76 7.21435
      vertex 81.8026 81 7.21435
    endloop
  endfacet
  facet normal 0.659319 0 -0.751863
    outer loop
      vertex 81.719 76 7.14104
      vertex 81.8026 81 7.21435
      vertex 81.8026 76 7.21435
    endloop
  endfacet
  facet normal 0.659319 0 -0.751863
    outer loop
      vertex 81.8026 81 7.21435
      vertex 81.719 76 7.14104
      vertex 81.719 81 7.14104
    endloop
  endfacet
  facet normal -0.751869 0 -0.659313
    outer loop
      vertex 82.9943 76 7.05745
      vertex 82.921 81 7.14104
      vertex 82.9943 81 7.05745
    endloop
  endfacet
  facet normal -0.751869 -0 -0.659313
    outer loop
      vertex 82.921 81 7.14104
      vertex 82.9943 76 7.05745
      vertex 82.921 76 7.14104
    endloop
  endfacet
  facet normal 0.442386 0 -0.896825
    outer loop
      vertex 81.895 76 7.27612
      vertex 81.9947 81 7.3253
      vertex 81.9947 76 7.3253
    endloop
  endfacet
  facet normal 0.442386 0 -0.896825
    outer loop
      vertex 81.9947 81 7.3253
      vertex 81.895 76 7.27612
      vertex 81.895 81 7.27612
    endloop
  endfacet
  facet normal -0.997842 0 0.0656534
    outer loop
      vertex 65.3827 76 6.42905
      vertex 65.39 81 6.54
      vertex 65.3827 81 6.42905
    endloop
  endfacet
  facet normal -0.997842 0 0.0656534
    outer loop
      vertex 65.39 81 6.54
      vertex 65.3827 76 6.42905
      vertex 65.39 76 6.54
    endloop
  endfacet
  facet normal 0.997842 -0 0.0656534
    outer loop
      vertex 63.69 76 6.54
      vertex 63.6973 81 6.42905
      vertex 63.69 81 6.54
    endloop
  endfacet
  facet normal 0.997842 0 0.0656534
    outer loop
      vertex 63.6973 81 6.42905
      vertex 63.69 76 6.54
      vertex 63.6973 76 6.42905
    endloop
  endfacet
  facet normal 0.0654141 0 0.997858
    outer loop
      vertex 64.4291 81 5.69727
      vertex 64.54 76 5.69
      vertex 64.54 81 5.69
    endloop
  endfacet
  facet normal 0.0654141 0 0.997858
    outer loop
      vertex 64.54 76 5.69
      vertex 64.4291 81 5.69727
      vertex 64.4291 76 5.69727
    endloop
  endfacet
  facet normal -0.659319 0 0.751863
    outer loop
      vertex 65.0574 81 5.86565
      vertex 65.141 76 5.93896
      vertex 65.141 81 5.93896
    endloop
  endfacet
  facet normal -0.659319 0 0.751863
    outer loop
      vertex 65.141 76 5.93896
      vertex 65.0574 81 5.86565
      vertex 65.0574 76 5.86565
    endloop
  endfacet
  facet normal 0.751869 -0 0.659313
    outer loop
      vertex 63.8657 76 6.02255
      vertex 63.939 81 5.93896
      vertex 63.8657 81 6.02255
    endloop
  endfacet
  facet normal 0.751869 0 0.659313
    outer loop
      vertex 63.939 81 5.93896
      vertex 63.8657 76 6.02255
      vertex 63.939 76 5.93896
    endloop
  endfacet
  facet normal 0.442386 0 0.896825
    outer loop
      vertex 64.115 81 5.80388
      vertex 64.2147 76 5.7547
      vertex 64.2147 81 5.7547
    endloop
  endfacet
  facet normal 0.442386 0 0.896825
    outer loop
      vertex 64.2147 76 5.7547
      vertex 64.115 81 5.80388
      vertex 64.115 76 5.80388
    endloop
  endfacet
  facet normal -0.896789 0 0.442459
    outer loop
      vertex 65.2761 76 6.115
      vertex 65.3253 81 6.21472
      vertex 65.2761 81 6.115
    endloop
  endfacet
  facet normal -0.896789 0 0.442459
    outer loop
      vertex 65.3253 81 6.21472
      vertex 65.2761 76 6.115
      vertex 65.3253 76 6.21472
    endloop
  endfacet
  facet normal -0.831358 0 0.555737
    outer loop
      vertex 65.2143 76 6.02255
      vertex 65.2761 81 6.115
      vertex 65.2143 81 6.02255
    endloop
  endfacet
  facet normal -0.831358 0 0.555737
    outer loop
      vertex 65.2761 81 6.115
      vertex 65.2143 76 6.02255
      vertex 65.2761 76 6.115
    endloop
  endfacet
  facet normal -0.321403 0 0.946943
    outer loop
      vertex 64.76 81 5.71896
      vertex 64.8653 76 5.7547
      vertex 64.8653 81 5.7547
    endloop
  endfacet
  facet normal -0.321403 0 0.946943
    outer loop
      vertex 64.8653 76 5.7547
      vertex 64.76 81 5.71896
      vertex 64.76 76 5.71896
    endloop
  endfacet
  facet normal -0.194992 0 0.980805
    outer loop
      vertex 64.6509 81 5.69727
      vertex 64.76 76 5.71896
      vertex 64.76 81 5.71896
    endloop
  endfacet
  facet normal -0.194992 0 0.980805
    outer loop
      vertex 64.76 76 5.71896
      vertex 64.6509 81 5.69727
      vertex 64.6509 76 5.69727
    endloop
  endfacet
  facet normal -0.555759 0 0.831344
    outer loop
      vertex 64.965 81 5.80388
      vertex 65.0574 76 5.86565
      vertex 65.0574 81 5.86565
    endloop
  endfacet
  facet normal -0.555759 0 0.831344
    outer loop
      vertex 65.0574 76 5.86565
      vertex 64.965 81 5.80388
      vertex 64.965 76 5.80388
    endloop
  endfacet
  facet normal 0.896789 -0 0.442459
    outer loop
      vertex 63.7547 76 6.21472
      vertex 63.8039 81 6.115
      vertex 63.7547 81 6.21472
    endloop
  endfacet
  facet normal 0.896789 0 0.442459
    outer loop
      vertex 63.8039 81 6.115
      vertex 63.7547 76 6.21472
      vertex 63.8039 76 6.115
    endloop
  endfacet
  facet normal 0.831358 -0 0.555737
    outer loop
      vertex 63.8039 76 6.115
      vertex 63.8657 81 6.02255
      vertex 63.8039 81 6.115
    endloop
  endfacet
  facet normal 0.831358 0 0.555737
    outer loop
      vertex 63.8657 81 6.02255
      vertex 63.8039 76 6.115
      vertex 63.8657 76 6.02255
    endloop
  endfacet
  facet normal 0.98077 -0 0.195165
    outer loop
      vertex 63.6973 76 6.42905
      vertex 63.719 81 6.32
      vertex 63.6973 81 6.42905
    endloop
  endfacet
  facet normal 0.98077 0 0.195165
    outer loop
      vertex 63.719 81 6.32
      vertex 63.6973 76 6.42905
      vertex 63.719 76 6.32
    endloop
  endfacet
  facet normal 0.555759 0 0.831344
    outer loop
      vertex 64.0226 81 5.86565
      vertex 64.115 76 5.80388
      vertex 64.115 81 5.80388
    endloop
  endfacet
  facet normal 0.555759 0 0.831344
    outer loop
      vertex 64.115 76 5.80388
      vertex 64.0226 81 5.86565
      vertex 64.0226 76 5.86565
    endloop
  endfacet
  facet normal 0.194992 0 0.980805
    outer loop
      vertex 64.32 81 5.71896
      vertex 64.4291 76 5.69727
      vertex 64.4291 81 5.69727
    endloop
  endfacet
  facet normal 0.194992 0 0.980805
    outer loop
      vertex 64.4291 76 5.69727
      vertex 64.32 81 5.71896
      vertex 64.32 76 5.71896
    endloop
  endfacet
  facet normal -0.831358 0 -0.555737
    outer loop
      vertex 65.2761 76 6.965
      vertex 65.2143 81 7.05745
      vertex 65.2761 81 6.965
    endloop
  endfacet
  facet normal -0.831358 -0 -0.555737
    outer loop
      vertex 65.2143 81 7.05745
      vertex 65.2761 76 6.965
      vertex 65.2143 76 7.05745
    endloop
  endfacet
  facet normal 0.194992 0 -0.980805
    outer loop
      vertex 64.32 76 7.36104
      vertex 64.4291 81 7.38273
      vertex 64.4291 76 7.38273
    endloop
  endfacet
  facet normal 0.194992 0 -0.980805
    outer loop
      vertex 64.4291 81 7.38273
      vertex 64.32 76 7.36104
      vertex 64.32 81 7.36104
    endloop
  endfacet
  facet normal -0.194992 0 -0.980805
    outer loop
      vertex 64.6509 76 7.38273
      vertex 64.76 81 7.36104
      vertex 64.76 76 7.36104
    endloop
  endfacet
  facet normal -0.194992 0 -0.980805
    outer loop
      vertex 64.76 81 7.36104
      vertex 64.6509 76 7.38273
      vertex 64.6509 81 7.38273
    endloop
  endfacet
  facet normal -0.947033 0 0.321135
    outer loop
      vertex 65.3253 76 6.21472
      vertex 65.361 81 6.32
      vertex 65.3253 81 6.21472
    endloop
  endfacet
  facet normal -0.947033 0 0.321135
    outer loop
      vertex 65.361 81 6.32
      vertex 65.3253 76 6.21472
      vertex 65.361 76 6.32
    endloop
  endfacet
  facet normal -0.98077 0 0.195165
    outer loop
      vertex 65.361 76 6.32
      vertex 65.3827 81 6.42905
      vertex 65.361 81 6.32
    endloop
  endfacet
  facet normal -0.98077 0 0.195165
    outer loop
      vertex 65.3827 81 6.42905
      vertex 65.361 76 6.32
      vertex 65.3827 76 6.42905
    endloop
  endfacet
  facet normal -0.751869 0 0.659313
    outer loop
      vertex 65.141 76 5.93896
      vertex 65.2143 81 6.02255
      vertex 65.141 81 5.93896
    endloop
  endfacet
  facet normal -0.751869 0 0.659313
    outer loop
      vertex 65.2143 81 6.02255
      vertex 65.141 76 5.93896
      vertex 65.2143 76 6.02255
    endloop
  endfacet
  facet normal -0.0654141 0 0.997858
    outer loop
      vertex 64.54 81 5.69
      vertex 64.6509 76 5.69727
      vertex 64.6509 81 5.69727
    endloop
  endfacet
  facet normal -0.0654141 0 0.997858
    outer loop
      vertex 64.6509 76 5.69727
      vertex 64.54 81 5.69
      vertex 64.54 76 5.69
    endloop
  endfacet
  facet normal -0.442386 0 0.896825
    outer loop
      vertex 64.8653 81 5.7547
      vertex 64.965 76 5.80388
      vertex 64.965 81 5.80388
    endloop
  endfacet
  facet normal -0.442386 0 0.896825
    outer loop
      vertex 64.965 76 5.80388
      vertex 64.8653 81 5.7547
      vertex 64.8653 76 5.7547
    endloop
  endfacet
  facet normal 0.321403 0 0.946943
    outer loop
      vertex 64.2147 81 5.7547
      vertex 64.32 76 5.71896
      vertex 64.32 81 5.71896
    endloop
  endfacet
  facet normal 0.321403 0 0.946943
    outer loop
      vertex 64.32 76 5.71896
      vertex 64.2147 81 5.7547
      vertex 64.2147 76 5.7547
    endloop
  endfacet
  facet normal -0.555759 0 -0.831344
    outer loop
      vertex 64.965 76 7.27612
      vertex 65.0574 81 7.21435
      vertex 65.0574 76 7.21435
    endloop
  endfacet
  facet normal -0.555759 0 -0.831344
    outer loop
      vertex 65.0574 81 7.21435
      vertex 64.965 76 7.27612
      vertex 64.965 81 7.27612
    endloop
  endfacet
  facet normal -0.947033 0 -0.321135
    outer loop
      vertex 65.361 76 6.76
      vertex 65.3253 81 6.86528
      vertex 65.361 81 6.76
    endloop
  endfacet
  facet normal -0.947033 -0 -0.321135
    outer loop
      vertex 65.3253 81 6.86528
      vertex 65.361 76 6.76
      vertex 65.3253 76 6.86528
    endloop
  endfacet
  facet normal -0.896789 0 -0.442459
    outer loop
      vertex 65.3253 76 6.86528
      vertex 65.2761 81 6.965
      vertex 65.3253 81 6.86528
    endloop
  endfacet
  facet normal -0.896789 -0 -0.442459
    outer loop
      vertex 65.2761 81 6.965
      vertex 65.3253 76 6.86528
      vertex 65.2761 76 6.965
    endloop
  endfacet
  facet normal -0.98077 0 -0.195165
    outer loop
      vertex 65.3827 76 6.65095
      vertex 65.361 81 6.76
      vertex 65.3827 81 6.65095
    endloop
  endfacet
  facet normal -0.98077 -0 -0.195165
    outer loop
      vertex 65.361 81 6.76
      vertex 65.3827 76 6.65095
      vertex 65.361 76 6.76
    endloop
  endfacet
  facet normal 0.0654141 0 -0.997858
    outer loop
      vertex 64.4291 76 7.38273
      vertex 64.54 81 7.39
      vertex 64.54 76 7.39
    endloop
  endfacet
  facet normal 0.0654141 0 -0.997858
    outer loop
      vertex 64.54 81 7.39
      vertex 64.4291 76 7.38273
      vertex 64.4291 81 7.38273
    endloop
  endfacet
  facet normal 0.997842 0 -0.0656534
    outer loop
      vertex 63.6973 76 6.65095
      vertex 63.69 81 6.54
      vertex 63.6973 81 6.65095
    endloop
  endfacet
  facet normal 0.997842 0 -0.0656534
    outer loop
      vertex 63.69 81 6.54
      vertex 63.6973 76 6.65095
      vertex 63.69 76 6.54
    endloop
  endfacet
  facet normal 0.947033 0 -0.321135
    outer loop
      vertex 63.7547 76 6.86528
      vertex 63.719 81 6.76
      vertex 63.7547 81 6.86528
    endloop
  endfacet
  facet normal 0.947033 0 -0.321135
    outer loop
      vertex 63.719 81 6.76
      vertex 63.7547 76 6.86528
      vertex 63.719 76 6.76
    endloop
  endfacet
  facet normal -0.442386 0 -0.896825
    outer loop
      vertex 64.8653 76 7.3253
      vertex 64.965 81 7.27612
      vertex 64.965 76 7.27612
    endloop
  endfacet
  facet normal -0.442386 0 -0.896825
    outer loop
      vertex 64.965 81 7.27612
      vertex 64.8653 76 7.3253
      vertex 64.8653 81 7.3253
    endloop
  endfacet
  facet normal -0.321403 0 -0.946943
    outer loop
      vertex 64.76 76 7.36104
      vertex 64.8653 81 7.3253
      vertex 64.8653 76 7.3253
    endloop
  endfacet
  facet normal -0.321403 0 -0.946943
    outer loop
      vertex 64.8653 81 7.3253
      vertex 64.76 76 7.36104
      vertex 64.76 81 7.36104
    endloop
  endfacet
  facet normal 0.947033 -0 0.321135
    outer loop
      vertex 63.719 76 6.32
      vertex 63.7547 81 6.21472
      vertex 63.719 81 6.32
    endloop
  endfacet
  facet normal 0.947033 0 0.321135
    outer loop
      vertex 63.7547 81 6.21472
      vertex 63.719 76 6.32
      vertex 63.7547 76 6.21472
    endloop
  endfacet
  facet normal 0.659319 0 0.751863
    outer loop
      vertex 63.939 81 5.93896
      vertex 64.0226 76 5.86565
      vertex 64.0226 81 5.86565
    endloop
  endfacet
  facet normal 0.659319 0 0.751863
    outer loop
      vertex 64.0226 76 5.86565
      vertex 63.939 81 5.93896
      vertex 63.939 76 5.93896
    endloop
  endfacet
  facet normal -0.997842 0 -0.0656534
    outer loop
      vertex 65.39 76 6.54
      vertex 65.3827 81 6.65095
      vertex 65.39 81 6.54
    endloop
  endfacet
  facet normal -0.997842 -0 -0.0656534
    outer loop
      vertex 65.3827 81 6.65095
      vertex 65.39 76 6.54
      vertex 65.3827 76 6.65095
    endloop
  endfacet
  facet normal 0.321403 0 -0.946943
    outer loop
      vertex 64.2147 76 7.3253
      vertex 64.32 81 7.36104
      vertex 64.32 76 7.36104
    endloop
  endfacet
  facet normal 0.321403 0 -0.946943
    outer loop
      vertex 64.32 81 7.36104
      vertex 64.2147 76 7.3253
      vertex 64.2147 81 7.3253
    endloop
  endfacet
  facet normal 0.751869 0 -0.659313
    outer loop
      vertex 63.939 76 7.14104
      vertex 63.8657 81 7.05745
      vertex 63.939 81 7.14104
    endloop
  endfacet
  facet normal 0.751869 0 -0.659313
    outer loop
      vertex 63.8657 81 7.05745
      vertex 63.939 76 7.14104
      vertex 63.8657 76 7.05745
    endloop
  endfacet
  facet normal 0.98077 0 -0.195165
    outer loop
      vertex 63.719 76 6.76
      vertex 63.6973 81 6.65095
      vertex 63.719 81 6.76
    endloop
  endfacet
  facet normal 0.98077 0 -0.195165
    outer loop
      vertex 63.6973 81 6.65095
      vertex 63.719 76 6.76
      vertex 63.6973 76 6.65095
    endloop
  endfacet
  facet normal -0.659319 0 -0.751863
    outer loop
      vertex 65.0574 76 7.21435
      vertex 65.141 81 7.14104
      vertex 65.141 76 7.14104
    endloop
  endfacet
  facet normal -0.659319 0 -0.751863
    outer loop
      vertex 65.141 81 7.14104
      vertex 65.0574 76 7.21435
      vertex 65.0574 81 7.21435
    endloop
  endfacet
  facet normal -0.751869 0 -0.659313
    outer loop
      vertex 65.2143 76 7.05745
      vertex 65.141 81 7.14104
      vertex 65.2143 81 7.05745
    endloop
  endfacet
  facet normal -0.751869 -0 -0.659313
    outer loop
      vertex 65.141 81 7.14104
      vertex 65.2143 76 7.05745
      vertex 65.141 76 7.14104
    endloop
  endfacet
  facet normal -0.0654141 0 -0.997858
    outer loop
      vertex 64.54 76 7.39
      vertex 64.6509 81 7.38273
      vertex 64.6509 76 7.38273
    endloop
  endfacet
  facet normal -0.0654141 0 -0.997858
    outer loop
      vertex 64.6509 81 7.38273
      vertex 64.54 76 7.39
      vertex 64.54 81 7.39
    endloop
  endfacet
  facet normal 0.555759 0 -0.831344
    outer loop
      vertex 64.0226 76 7.21435
      vertex 64.115 81 7.27612
      vertex 64.115 76 7.27612
    endloop
  endfacet
  facet normal 0.555759 0 -0.831344
    outer loop
      vertex 64.115 81 7.27612
      vertex 64.0226 76 7.21435
      vertex 64.0226 81 7.21435
    endloop
  endfacet
  facet normal 0.659319 0 -0.751863
    outer loop
      vertex 63.939 76 7.14104
      vertex 64.0226 81 7.21435
      vertex 64.0226 76 7.21435
    endloop
  endfacet
  facet normal 0.659319 0 -0.751863
    outer loop
      vertex 64.0226 81 7.21435
      vertex 63.939 76 7.14104
      vertex 63.939 81 7.14104
    endloop
  endfacet
  facet normal 0.831358 0 -0.555737
    outer loop
      vertex 63.8657 76 7.05745
      vertex 63.8039 81 6.965
      vertex 63.8657 81 7.05745
    endloop
  endfacet
  facet normal 0.831358 0 -0.555737
    outer loop
      vertex 63.8039 81 6.965
      vertex 63.8657 76 7.05745
      vertex 63.8039 76 6.965
    endloop
  endfacet
  facet normal 0.896789 0 -0.442459
    outer loop
      vertex 63.8039 76 6.965
      vertex 63.7547 81 6.86528
      vertex 63.8039 81 6.965
    endloop
  endfacet
  facet normal 0.896789 0 -0.442459
    outer loop
      vertex 63.7547 81 6.86528
      vertex 63.8039 76 6.965
      vertex 63.7547 76 6.86528
    endloop
  endfacet
  facet normal 0.442386 0 -0.896825
    outer loop
      vertex 64.115 76 7.27612
      vertex 64.2147 81 7.3253
      vertex 64.2147 76 7.3253
    endloop
  endfacet
  facet normal 0.442386 0 -0.896825
    outer loop
      vertex 64.2147 81 7.3253
      vertex 64.115 76 7.27612
      vertex 64.115 81 7.27612
    endloop
  endfacet
  facet normal -0.831219 0 0.555945
    outer loop
      vertex 80.3543 76 37.3926
      vertex 80.4161 81 37.485
      vertex 80.3543 81 37.3926
    endloop
  endfacet
  facet normal -0.831219 0 0.555945
    outer loop
      vertex 80.4161 81 37.485
      vertex 80.3543 76 37.3926
      vertex 80.4161 76 37.485
    endloop
  endfacet
  facet normal -0.32108 0 0.947052
    outer loop
      vertex 79.9 81 37.089
      vertex 80.0053 76 37.1247
      vertex 80.0053 81 37.1247
    endloop
  endfacet
  facet normal -0.32108 0 0.947052
    outer loop
      vertex 80.0053 76 37.1247
      vertex 79.9 81 37.089
      vertex 79.9 76 37.089
    endloop
  endfacet
  facet normal 0.32108 0 0.947052
    outer loop
      vertex 79.3547 81 37.1247
      vertex 79.46 76 37.089
      vertex 79.46 81 37.089
    endloop
  endfacet
  facet normal 0.32108 0 0.947052
    outer loop
      vertex 79.46 76 37.089
      vertex 79.3547 81 37.1247
      vertex 79.3547 76 37.1247
    endloop
  endfacet
  facet normal 0.896754 -0 0.44253
    outer loop
      vertex 78.8947 76 37.5847
      vertex 78.9439 81 37.485
      vertex 78.8947 81 37.5847
    endloop
  endfacet
  facet normal 0.896754 0 0.44253
    outer loop
      vertex 78.9439 81 37.485
      vertex 78.8947 76 37.5847
      vertex 78.9439 76 37.485
    endloop
  endfacet
  facet normal -0.980788 0 0.195079
    outer loop
      vertex 80.501 76 37.69
      vertex 80.5227 81 37.7991
      vertex 80.501 81 37.69
    endloop
  endfacet
  facet normal -0.980788 0 0.195079
    outer loop
      vertex 80.5227 81 37.7991
      vertex 80.501 76 37.69
      vertex 80.5227 76 37.7991
    endloop
  endfacet
  facet normal -0.44253 0 0.896754
    outer loop
      vertex 80.0053 81 37.1247
      vertex 80.105 76 37.1739
      vertex 80.105 81 37.1739
    endloop
  endfacet
  facet normal -0.44253 0 0.896754
    outer loop
      vertex 80.105 76 37.1739
      vertex 80.0053 81 37.1247
      vertex 80.0053 76 37.1247
    endloop
  endfacet
  facet normal 0.997841 -0 0.0656829
    outer loop
      vertex 78.83 76 37.91
      vertex 78.8373 81 37.7991
      vertex 78.83 81 37.91
    endloop
  endfacet
  facet normal 0.997841 0 0.0656829
    outer loop
      vertex 78.8373 81 37.7991
      vertex 78.83 76 37.91
      vertex 78.8373 76 37.7991
    endloop
  endfacet
  facet normal 0.751462 -0 0.659776
    outer loop
      vertex 79.0056 76 37.3926
      vertex 79.079 81 37.309
      vertex 79.0056 81 37.3926
    endloop
  endfacet
  facet normal 0.751462 0 0.659776
    outer loop
      vertex 79.079 81 37.309
      vertex 79.0056 76 37.3926
      vertex 79.079 76 37.309
    endloop
  endfacet
  facet normal 0.195079 0 0.980788
    outer loop
      vertex 79.46 81 37.089
      vertex 79.5691 76 37.0673
      vertex 79.5691 81 37.0673
    endloop
  endfacet
  facet normal 0.195079 0 0.980788
    outer loop
      vertex 79.5691 76 37.0673
      vertex 79.46 81 37.089
      vertex 79.46 76 37.089
    endloop
  endfacet
  facet normal 0.659776 0 0.751462
    outer loop
      vertex 79.079 81 37.309
      vertex 79.1626 76 37.2356
      vertex 79.1626 81 37.2356
    endloop
  endfacet
  facet normal 0.659776 0 0.751462
    outer loop
      vertex 79.1626 76 37.2356
      vertex 79.079 81 37.309
      vertex 79.079 76 37.309
    endloop
  endfacet
  facet normal -0.555323 0 -0.831635
    outer loop
      vertex 80.105 76 38.6461
      vertex 80.1974 81 38.5844
      vertex 80.1974 76 38.5844
    endloop
  endfacet
  facet normal -0.555323 0 -0.831635
    outer loop
      vertex 80.1974 81 38.5844
      vertex 80.105 76 38.6461
      vertex 80.105 81 38.6461
    endloop
  endfacet
  facet normal 0.659776 0 -0.751462
    outer loop
      vertex 79.079 76 38.511
      vertex 79.1626 81 38.5844
      vertex 79.1626 76 38.5844
    endloop
  endfacet
  facet normal 0.659776 0 -0.751462
    outer loop
      vertex 79.1626 81 38.5844
      vertex 79.079 76 38.511
      vertex 79.079 81 38.511
    endloop
  endfacet
  facet normal 0.896754 0 -0.44253
    outer loop
      vertex 78.9439 76 38.335
      vertex 78.8947 81 38.2353
      vertex 78.9439 81 38.335
    endloop
  endfacet
  facet normal 0.896754 0 -0.44253
    outer loop
      vertex 78.8947 81 38.2353
      vertex 78.9439 76 38.335
      vertex 78.8947 76 38.2353
    endloop
  endfacet
  facet normal -0.659776 0 0.751462
    outer loop
      vertex 80.1974 81 37.2356
      vertex 80.281 76 37.309
      vertex 80.281 81 37.309
    endloop
  endfacet
  facet normal -0.659776 0 0.751462
    outer loop
      vertex 80.281 76 37.309
      vertex 80.1974 81 37.2356
      vertex 80.1974 76 37.2356
    endloop
  endfacet
  facet normal 0.0656829 0 0.997841
    outer loop
      vertex 79.5691 81 37.0673
      vertex 79.68 76 37.06
      vertex 79.68 81 37.06
    endloop
  endfacet
  facet normal 0.0656829 0 0.997841
    outer loop
      vertex 79.68 76 37.06
      vertex 79.5691 81 37.0673
      vertex 79.5691 76 37.0673
    endloop
  endfacet
  facet normal -0.195079 0 0.980788
    outer loop
      vertex 79.7909 81 37.0673
      vertex 79.9 76 37.089
      vertex 79.9 81 37.089
    endloop
  endfacet
  facet normal -0.195079 0 0.980788
    outer loop
      vertex 79.9 76 37.089
      vertex 79.7909 81 37.0673
      vertex 79.7909 76 37.0673
    endloop
  endfacet
  facet normal -0.555323 0 0.831635
    outer loop
      vertex 80.105 81 37.1739
      vertex 80.1974 76 37.2356
      vertex 80.1974 81 37.2356
    endloop
  endfacet
  facet normal -0.555323 0 0.831635
    outer loop
      vertex 80.1974 76 37.2356
      vertex 80.105 81 37.1739
      vertex 80.105 76 37.1739
    endloop
  endfacet
  facet normal 0.947052 -0 0.32108
    outer loop
      vertex 78.859 76 37.69
      vertex 78.8947 81 37.5847
      vertex 78.859 81 37.69
    endloop
  endfacet
  facet normal 0.947052 0 0.32108
    outer loop
      vertex 78.8947 81 37.5847
      vertex 78.859 76 37.69
      vertex 78.8947 76 37.5847
    endloop
  endfacet
  facet normal 0.980788 -0 0.195079
    outer loop
      vertex 78.8373 76 37.7991
      vertex 78.859 81 37.69
      vertex 78.8373 81 37.7991
    endloop
  endfacet
  facet normal 0.980788 0 0.195079
    outer loop
      vertex 78.859 81 37.69
      vertex 78.8373 76 37.7991
      vertex 78.859 76 37.69
    endloop
  endfacet
  facet normal 0.831635 -0 0.555323
    outer loop
      vertex 78.9439 76 37.485
      vertex 79.0056 81 37.3926
      vertex 78.9439 81 37.485
    endloop
  endfacet
  facet normal 0.831635 0 0.555323
    outer loop
      vertex 79.0056 81 37.3926
      vertex 78.9439 76 37.485
      vertex 79.0056 76 37.3926
    endloop
  endfacet
  facet normal 0.555323 0 0.831635
    outer loop
      vertex 79.1626 81 37.2356
      vertex 79.255 76 37.1739
      vertex 79.255 81 37.1739
    endloop
  endfacet
  facet normal 0.555323 0 0.831635
    outer loop
      vertex 79.255 76 37.1739
      vertex 79.1626 81 37.2356
      vertex 79.1626 76 37.2356
    endloop
  endfacet
  facet normal 0.44253 0 0.896754
    outer loop
      vertex 79.255 81 37.1739
      vertex 79.3547 76 37.1247
      vertex 79.3547 81 37.1247
    endloop
  endfacet
  facet normal 0.44253 0 0.896754
    outer loop
      vertex 79.3547 76 37.1247
      vertex 79.255 81 37.1739
      vertex 79.255 76 37.1739
    endloop
  endfacet
  facet normal -0.997841 0 0.0656829
    outer loop
      vertex 80.5227 76 37.7991
      vertex 80.53 81 37.91
      vertex 80.5227 81 37.7991
    endloop
  endfacet
  facet normal -0.997841 0 0.0656829
    outer loop
      vertex 80.53 81 37.91
      vertex 80.5227 76 37.7991
      vertex 80.53 76 37.91
    endloop
  endfacet
  facet normal -0.997841 0 -0.0656829
    outer loop
      vertex 80.53 76 37.91
      vertex 80.5227 81 38.0209
      vertex 80.53 81 37.91
    endloop
  endfacet
  facet normal -0.997841 -0 -0.0656829
    outer loop
      vertex 80.5227 81 38.0209
      vertex 80.53 76 37.91
      vertex 80.5227 76 38.0209
    endloop
  endfacet
  facet normal -0.980788 0 -0.195079
    outer loop
      vertex 80.5227 76 38.0209
      vertex 80.501 81 38.13
      vertex 80.5227 81 38.0209
    endloop
  endfacet
  facet normal -0.980788 -0 -0.195079
    outer loop
      vertex 80.501 81 38.13
      vertex 80.5227 76 38.0209
      vertex 80.501 76 38.13
    endloop
  endfacet
  facet normal 0.997841 0 -0.0656829
    outer loop
      vertex 78.8373 76 38.0209
      vertex 78.83 81 37.91
      vertex 78.8373 81 38.0209
    endloop
  endfacet
  facet normal 0.997841 0 -0.0656829
    outer loop
      vertex 78.83 81 37.91
      vertex 78.8373 76 38.0209
      vertex 78.83 76 37.91
    endloop
  endfacet
  facet normal 0.831635 0 -0.555323
    outer loop
      vertex 79.0056 76 38.4274
      vertex 78.9439 81 38.335
      vertex 79.0056 81 38.4274
    endloop
  endfacet
  facet normal 0.831635 0 -0.555323
    outer loop
      vertex 78.9439 81 38.335
      vertex 79.0056 76 38.4274
      vertex 78.9439 76 38.335
    endloop
  endfacet
  facet normal -0.195079 0 -0.980788
    outer loop
      vertex 79.7909 76 38.7527
      vertex 79.9 81 38.731
      vertex 79.9 76 38.731
    endloop
  endfacet
  facet normal -0.195079 0 -0.980788
    outer loop
      vertex 79.9 81 38.731
      vertex 79.7909 76 38.7527
      vertex 79.7909 81 38.7527
    endloop
  endfacet
  facet normal -0.896754 0 0.44253
    outer loop
      vertex 80.4161 76 37.485
      vertex 80.4653 81 37.5847
      vertex 80.4161 81 37.485
    endloop
  endfacet
  facet normal -0.896754 0 0.44253
    outer loop
      vertex 80.4653 81 37.5847
      vertex 80.4161 76 37.485
      vertex 80.4653 76 37.5847
    endloop
  endfacet
  facet normal -0.947052 0 0.32108
    outer loop
      vertex 80.4653 76 37.5847
      vertex 80.501 81 37.69
      vertex 80.4653 81 37.5847
    endloop
  endfacet
  facet normal -0.947052 0 0.32108
    outer loop
      vertex 80.501 81 37.69
      vertex 80.4653 76 37.5847
      vertex 80.501 76 37.69
    endloop
  endfacet
  facet normal -0.751908 0 0.659268
    outer loop
      vertex 80.281 76 37.309
      vertex 80.3543 81 37.3926
      vertex 80.281 81 37.309
    endloop
  endfacet
  facet normal -0.751908 0 0.659268
    outer loop
      vertex 80.3543 81 37.3926
      vertex 80.281 76 37.309
      vertex 80.3543 76 37.3926
    endloop
  endfacet
  facet normal -0.0656829 0 0.997841
    outer loop
      vertex 79.68 81 37.06
      vertex 79.7909 76 37.0673
      vertex 79.7909 81 37.0673
    endloop
  endfacet
  facet normal -0.0656829 0 0.997841
    outer loop
      vertex 79.7909 76 37.0673
      vertex 79.68 81 37.06
      vertex 79.68 76 37.06
    endloop
  endfacet
  facet normal -0.751908 0 -0.659268
    outer loop
      vertex 80.3543 76 38.4274
      vertex 80.281 81 38.511
      vertex 80.3543 81 38.4274
    endloop
  endfacet
  facet normal -0.751908 -0 -0.659268
    outer loop
      vertex 80.281 81 38.511
      vertex 80.3543 76 38.4274
      vertex 80.281 76 38.511
    endloop
  endfacet
  facet normal -0.831219 0 -0.555945
    outer loop
      vertex 80.4161 76 38.335
      vertex 80.3543 81 38.4274
      vertex 80.4161 81 38.335
    endloop
  endfacet
  facet normal -0.831219 -0 -0.555945
    outer loop
      vertex 80.3543 81 38.4274
      vertex 80.4161 76 38.335
      vertex 80.3543 76 38.4274
    endloop
  endfacet
  facet normal -0.896754 0 -0.44253
    outer loop
      vertex 80.4653 76 38.2353
      vertex 80.4161 81 38.335
      vertex 80.4653 81 38.2353
    endloop
  endfacet
  facet normal -0.896754 -0 -0.44253
    outer loop
      vertex 80.4161 81 38.335
      vertex 80.4653 76 38.2353
      vertex 80.4161 76 38.335
    endloop
  endfacet
  facet normal 0.0656829 0 -0.997841
    outer loop
      vertex 79.5691 76 38.7527
      vertex 79.68 81 38.76
      vertex 79.68 76 38.76
    endloop
  endfacet
  facet normal 0.0656829 0 -0.997841
    outer loop
      vertex 79.68 81 38.76
      vertex 79.5691 76 38.7527
      vertex 79.5691 81 38.7527
    endloop
  endfacet
  facet normal 0.947052 0 -0.32108
    outer loop
      vertex 78.8947 76 38.2353
      vertex 78.859 81 38.13
      vertex 78.8947 81 38.2353
    endloop
  endfacet
  facet normal 0.947052 0 -0.32108
    outer loop
      vertex 78.859 81 38.13
      vertex 78.8947 76 38.2353
      vertex 78.859 76 38.13
    endloop
  endfacet
  facet normal 0.980788 0 -0.195079
    outer loop
      vertex 78.859 76 38.13
      vertex 78.8373 81 38.0209
      vertex 78.859 81 38.13
    endloop
  endfacet
  facet normal 0.980788 0 -0.195079
    outer loop
      vertex 78.8373 81 38.0209
      vertex 78.859 76 38.13
      vertex 78.8373 76 38.0209
    endloop
  endfacet
  facet normal 0.751462 0 -0.659776
    outer loop
      vertex 79.079 76 38.511
      vertex 79.0056 81 38.4274
      vertex 79.079 81 38.511
    endloop
  endfacet
  facet normal 0.751462 0 -0.659776
    outer loop
      vertex 79.0056 81 38.4274
      vertex 79.079 76 38.511
      vertex 79.0056 76 38.4274
    endloop
  endfacet
  facet normal -0.44253 0 -0.896754
    outer loop
      vertex 80.0053 76 38.6953
      vertex 80.105 81 38.6461
      vertex 80.105 76 38.6461
    endloop
  endfacet
  facet normal -0.44253 0 -0.896754
    outer loop
      vertex 80.105 81 38.6461
      vertex 80.0053 76 38.6953
      vertex 80.0053 81 38.6953
    endloop
  endfacet
  facet normal -0.32108 0 -0.947052
    outer loop
      vertex 79.9 76 38.731
      vertex 80.0053 81 38.6953
      vertex 80.0053 76 38.6953
    endloop
  endfacet
  facet normal -0.32108 0 -0.947052
    outer loop
      vertex 80.0053 81 38.6953
      vertex 79.9 76 38.731
      vertex 79.9 81 38.731
    endloop
  endfacet
  facet normal -0.659776 0 -0.751462
    outer loop
      vertex 80.1974 76 38.5844
      vertex 80.281 81 38.511
      vertex 80.281 76 38.511
    endloop
  endfacet
  facet normal -0.659776 0 -0.751462
    outer loop
      vertex 80.281 81 38.511
      vertex 80.1974 76 38.5844
      vertex 80.1974 81 38.5844
    endloop
  endfacet
  facet normal -0.947052 0 -0.32108
    outer loop
      vertex 80.501 76 38.13
      vertex 80.4653 81 38.2353
      vertex 80.501 81 38.13
    endloop
  endfacet
  facet normal -0.947052 -0 -0.32108
    outer loop
      vertex 80.4653 81 38.2353
      vertex 80.501 76 38.13
      vertex 80.4653 76 38.2353
    endloop
  endfacet
  facet normal -0.0656829 0 -0.997841
    outer loop
      vertex 79.68 76 38.76
      vertex 79.7909 81 38.7527
      vertex 79.7909 76 38.7527
    endloop
  endfacet
  facet normal -0.0656829 0 -0.997841
    outer loop
      vertex 79.7909 81 38.7527
      vertex 79.68 76 38.76
      vertex 79.68 81 38.76
    endloop
  endfacet
  facet normal 0.44253 0 -0.896754
    outer loop
      vertex 79.255 76 38.6461
      vertex 79.3547 81 38.6953
      vertex 79.3547 76 38.6953
    endloop
  endfacet
  facet normal 0.44253 0 -0.896754
    outer loop
      vertex 79.3547 81 38.6953
      vertex 79.255 76 38.6461
      vertex 79.255 81 38.6461
    endloop
  endfacet
  facet normal 0.32108 0 -0.947052
    outer loop
      vertex 79.3547 76 38.6953
      vertex 79.46 81 38.731
      vertex 79.46 76 38.731
    endloop
  endfacet
  facet normal 0.32108 0 -0.947052
    outer loop
      vertex 79.46 81 38.731
      vertex 79.3547 76 38.6953
      vertex 79.3547 81 38.6953
    endloop
  endfacet
  facet normal 0.555323 0 -0.831635
    outer loop
      vertex 79.1626 76 38.5844
      vertex 79.255 81 38.6461
      vertex 79.255 76 38.6461
    endloop
  endfacet
  facet normal 0.555323 0 -0.831635
    outer loop
      vertex 79.255 81 38.6461
      vertex 79.1626 76 38.5844
      vertex 79.1626 81 38.5844
    endloop
  endfacet
  facet normal 0.195079 0 -0.980788
    outer loop
      vertex 79.46 76 38.731
      vertex 79.5691 81 38.7527
      vertex 79.5691 76 38.7527
    endloop
  endfacet
  facet normal 0.195079 0 -0.980788
    outer loop
      vertex 79.5691 81 38.7527
      vertex 79.46 76 38.731
      vertex 79.46 81 38.731
    endloop
  endfacet
  facet normal -0.896754 0 0.44253
    outer loop
      vertex 67.2761 76 37.485
      vertex 67.3253 81 37.5847
      vertex 67.2761 81 37.485
    endloop
  endfacet
  facet normal -0.896754 0 0.44253
    outer loop
      vertex 67.3253 81 37.5847
      vertex 67.2761 76 37.485
      vertex 67.3253 76 37.5847
    endloop
  endfacet
  facet normal -0.831219 0 0.555945
    outer loop
      vertex 67.2143 76 37.3926
      vertex 67.2761 81 37.485
      vertex 67.2143 81 37.3926
    endloop
  endfacet
  facet normal -0.831219 0 0.555945
    outer loop
      vertex 67.2761 81 37.485
      vertex 67.2143 76 37.3926
      vertex 67.2761 76 37.485
    endloop
  endfacet
  facet normal -0.32108 0 0.947052
    outer loop
      vertex 66.76 81 37.089
      vertex 66.8653 76 37.1247
      vertex 66.8653 81 37.1247
    endloop
  endfacet
  facet normal -0.32108 0 0.947052
    outer loop
      vertex 66.8653 76 37.1247
      vertex 66.76 81 37.089
      vertex 66.76 76 37.089
    endloop
  endfacet
  facet normal 0.44253 0 0.896754
    outer loop
      vertex 66.115 81 37.1739
      vertex 66.2147 76 37.1247
      vertex 66.2147 81 37.1247
    endloop
  endfacet
  facet normal 0.44253 0 0.896754
    outer loop
      vertex 66.2147 76 37.1247
      vertex 66.115 81 37.1739
      vertex 66.115 76 37.1739
    endloop
  endfacet
  facet normal 0.896754 -0 0.44253
    outer loop
      vertex 65.7547 76 37.5847
      vertex 65.8039 81 37.485
      vertex 65.7547 81 37.5847
    endloop
  endfacet
  facet normal 0.896754 0 0.44253
    outer loop
      vertex 65.8039 81 37.485
      vertex 65.7547 76 37.5847
      vertex 65.8039 76 37.485
    endloop
  endfacet
  facet normal -0.980788 0 -0.195079
    outer loop
      vertex 67.3827 76 38.0209
      vertex 67.361 81 38.13
      vertex 67.3827 81 38.0209
    endloop
  endfacet
  facet normal -0.980788 -0 -0.195079
    outer loop
      vertex 67.361 81 38.13
      vertex 67.3827 76 38.0209
      vertex 67.361 76 38.13
    endloop
  endfacet
  facet normal -0.44253 0 0.896754
    outer loop
      vertex 66.8653 81 37.1247
      vertex 66.965 76 37.1739
      vertex 66.965 81 37.1739
    endloop
  endfacet
  facet normal -0.44253 0 0.896754
    outer loop
      vertex 66.965 76 37.1739
      vertex 66.8653 81 37.1247
      vertex 66.8653 76 37.1247
    endloop
  endfacet
  facet normal 0.997841 -0 0.0656829
    outer loop
      vertex 65.69 76 37.91
      vertex 65.6973 81 37.7991
      vertex 65.69 81 37.91
    endloop
  endfacet
  facet normal 0.997841 0 0.0656829
    outer loop
      vertex 65.6973 81 37.7991
      vertex 65.69 76 37.91
      vertex 65.6973 76 37.7991
    endloop
  endfacet
  facet normal 0.831635 -0 0.555323
    outer loop
      vertex 65.8039 76 37.485
      vertex 65.8656 81 37.3926
      vertex 65.8039 81 37.485
    endloop
  endfacet
  facet normal 0.831635 0 0.555323
    outer loop
      vertex 65.8656 81 37.3926
      vertex 65.8039 76 37.485
      vertex 65.8656 76 37.3926
    endloop
  endfacet
  facet normal 0.555323 0 0.831635
    outer loop
      vertex 66.0226 81 37.2356
      vertex 66.115 76 37.1739
      vertex 66.115 81 37.1739
    endloop
  endfacet
  facet normal 0.555323 0 0.831635
    outer loop
      vertex 66.115 76 37.1739
      vertex 66.0226 81 37.2356
      vertex 66.0226 76 37.2356
    endloop
  endfacet
  facet normal 0.32108 0 0.947052
    outer loop
      vertex 66.2147 81 37.1247
      vertex 66.32 76 37.089
      vertex 66.32 81 37.089
    endloop
  endfacet
  facet normal 0.32108 0 0.947052
    outer loop
      vertex 66.32 76 37.089
      vertex 66.2147 81 37.1247
      vertex 66.2147 76 37.1247
    endloop
  endfacet
  facet normal -0.997841 0 -0.0656829
    outer loop
      vertex 67.39 76 37.91
      vertex 67.3827 81 38.0209
      vertex 67.39 81 37.91
    endloop
  endfacet
  facet normal -0.997841 -0 -0.0656829
    outer loop
      vertex 67.3827 81 38.0209
      vertex 67.39 76 37.91
      vertex 67.3827 76 38.0209
    endloop
  endfacet
  facet normal -0.555323 0 -0.831635
    outer loop
      vertex 66.965 76 38.6461
      vertex 67.0574 81 38.5844
      vertex 67.0574 76 38.5844
    endloop
  endfacet
  facet normal -0.555323 0 -0.831635
    outer loop
      vertex 67.0574 81 38.5844
      vertex 66.965 76 38.6461
      vertex 66.965 81 38.6461
    endloop
  endfacet
  facet normal -0.947052 0 -0.32108
    outer loop
      vertex 67.361 76 38.13
      vertex 67.3253 81 38.2353
      vertex 67.361 81 38.13
    endloop
  endfacet
  facet normal -0.947052 -0 -0.32108
    outer loop
      vertex 67.3253 81 38.2353
      vertex 67.361 76 38.13
      vertex 67.3253 76 38.2353
    endloop
  endfacet
  facet normal 0.659776 0 -0.751462
    outer loop
      vertex 65.939 76 38.511
      vertex 66.0226 81 38.5844
      vertex 66.0226 76 38.5844
    endloop
  endfacet
  facet normal 0.659776 0 -0.751462
    outer loop
      vertex 66.0226 81 38.5844
      vertex 65.939 76 38.511
      vertex 65.939 81 38.511
    endloop
  endfacet
  facet normal 0.896754 0 -0.44253
    outer loop
      vertex 65.8039 76 38.335
      vertex 65.7547 81 38.2353
      vertex 65.8039 81 38.335
    endloop
  endfacet
  facet normal 0.896754 0 -0.44253
    outer loop
      vertex 65.7547 81 38.2353
      vertex 65.8039 76 38.335
      vertex 65.7547 76 38.2353
    endloop
  endfacet
  facet normal -0.947052 0 0.32108
    outer loop
      vertex 67.3253 76 37.5847
      vertex 67.361 81 37.69
      vertex 67.3253 81 37.5847
    endloop
  endfacet
  facet normal -0.947052 0 0.32108
    outer loop
      vertex 67.361 81 37.69
      vertex 67.3253 76 37.5847
      vertex 67.361 76 37.69
    endloop
  endfacet
  facet normal -0.659776 0 0.751462
    outer loop
      vertex 67.0574 81 37.2356
      vertex 67.141 76 37.309
      vertex 67.141 81 37.309
    endloop
  endfacet
  facet normal -0.659776 0 0.751462
    outer loop
      vertex 67.141 76 37.309
      vertex 67.0574 81 37.2356
      vertex 67.0574 76 37.2356
    endloop
  endfacet
  facet normal 0.0656829 0 0.997841
    outer loop
      vertex 66.4291 81 37.0673
      vertex 66.54 76 37.06
      vertex 66.54 81 37.06
    endloop
  endfacet
  facet normal 0.0656829 0 0.997841
    outer loop
      vertex 66.54 76 37.06
      vertex 66.4291 81 37.0673
      vertex 66.4291 76 37.0673
    endloop
  endfacet
  facet normal -0.195079 0 0.980788
    outer loop
      vertex 66.6509 81 37.0673
      vertex 66.76 76 37.089
      vertex 66.76 81 37.089
    endloop
  endfacet
  facet normal -0.195079 0 0.980788
    outer loop
      vertex 66.76 76 37.089
      vertex 66.6509 81 37.0673
      vertex 66.6509 76 37.0673
    endloop
  endfacet
  facet normal -0.555323 0 0.831635
    outer loop
      vertex 66.965 81 37.1739
      vertex 67.0574 76 37.2356
      vertex 67.0574 81 37.2356
    endloop
  endfacet
  facet normal -0.555323 0 0.831635
    outer loop
      vertex 67.0574 76 37.2356
      vertex 66.965 81 37.1739
      vertex 66.965 76 37.1739
    endloop
  endfacet
  facet normal 0.947052 -0 0.32108
    outer loop
      vertex 65.719 76 37.69
      vertex 65.7547 81 37.5847
      vertex 65.719 81 37.69
    endloop
  endfacet
  facet normal 0.947052 0 0.32108
    outer loop
      vertex 65.7547 81 37.5847
      vertex 65.719 76 37.69
      vertex 65.7547 76 37.5847
    endloop
  endfacet
  facet normal 0.980788 -0 0.195079
    outer loop
      vertex 65.6973 76 37.7991
      vertex 65.719 81 37.69
      vertex 65.6973 81 37.7991
    endloop
  endfacet
  facet normal 0.980788 0 0.195079
    outer loop
      vertex 65.719 81 37.69
      vertex 65.6973 76 37.7991
      vertex 65.719 76 37.69
    endloop
  endfacet
  facet normal 0.195079 0 0.980788
    outer loop
      vertex 66.32 81 37.089
      vertex 66.4291 76 37.0673
      vertex 66.4291 81 37.0673
    endloop
  endfacet
  facet normal 0.195079 0 0.980788
    outer loop
      vertex 66.4291 76 37.0673
      vertex 66.32 81 37.089
      vertex 66.32 76 37.089
    endloop
  endfacet
  facet normal 0.659776 0 0.751462
    outer loop
      vertex 65.939 81 37.309
      vertex 66.0226 76 37.2356
      vertex 66.0226 81 37.2356
    endloop
  endfacet
  facet normal 0.659776 0 0.751462
    outer loop
      vertex 66.0226 76 37.2356
      vertex 65.939 81 37.309
      vertex 65.939 76 37.309
    endloop
  endfacet
  facet normal 0.751462 -0 0.659776
    outer loop
      vertex 65.8656 76 37.3926
      vertex 65.939 81 37.309
      vertex 65.8656 81 37.3926
    endloop
  endfacet
  facet normal 0.751462 0 0.659776
    outer loop
      vertex 65.939 81 37.309
      vertex 65.8656 76 37.3926
      vertex 65.939 76 37.309
    endloop
  endfacet
  facet normal -0.997841 0 0.0656829
    outer loop
      vertex 67.3827 76 37.7991
      vertex 67.39 81 37.91
      vertex 67.3827 81 37.7991
    endloop
  endfacet
  facet normal -0.997841 0 0.0656829
    outer loop
      vertex 67.39 81 37.91
      vertex 67.3827 76 37.7991
      vertex 67.39 76 37.91
    endloop
  endfacet
  facet normal 0.997841 0 -0.0656829
    outer loop
      vertex 65.6973 76 38.0209
      vertex 65.69 81 37.91
      vertex 65.6973 81 38.0209
    endloop
  endfacet
  facet normal 0.997841 0 -0.0656829
    outer loop
      vertex 65.69 81 37.91
      vertex 65.6973 76 38.0209
      vertex 65.69 76 37.91
    endloop
  endfacet
  facet normal 0.831635 0 -0.555323
    outer loop
      vertex 65.8656 76 38.4274
      vertex 65.8039 81 38.335
      vertex 65.8656 81 38.4274
    endloop
  endfacet
  facet normal 0.831635 0 -0.555323
    outer loop
      vertex 65.8039 81 38.335
      vertex 65.8656 76 38.4274
      vertex 65.8039 76 38.335
    endloop
  endfacet
  facet normal -0.195079 0 -0.980788
    outer loop
      vertex 66.6509 76 38.7527
      vertex 66.76 81 38.731
      vertex 66.76 76 38.731
    endloop
  endfacet
  facet normal -0.195079 0 -0.980788
    outer loop
      vertex 66.76 81 38.731
      vertex 66.6509 76 38.7527
      vertex 66.6509 81 38.7527
    endloop
  endfacet
  facet normal -0.44253 0 -0.896754
    outer loop
      vertex 66.8653 76 38.6953
      vertex 66.965 81 38.6461
      vertex 66.965 76 38.6461
    endloop
  endfacet
  facet normal -0.44253 0 -0.896754
    outer loop
      vertex 66.965 81 38.6461
      vertex 66.8653 76 38.6953
      vertex 66.8653 81 38.6953
    endloop
  endfacet
  facet normal -0.980788 0 0.195079
    outer loop
      vertex 67.361 76 37.69
      vertex 67.3827 81 37.7991
      vertex 67.361 81 37.69
    endloop
  endfacet
  facet normal -0.980788 0 0.195079
    outer loop
      vertex 67.3827 81 37.7991
      vertex 67.361 76 37.69
      vertex 67.3827 76 37.7991
    endloop
  endfacet
  facet normal -0.751908 0 0.659268
    outer loop
      vertex 67.141 76 37.309
      vertex 67.2143 81 37.3926
      vertex 67.141 81 37.309
    endloop
  endfacet
  facet normal -0.751908 0 0.659268
    outer loop
      vertex 67.2143 81 37.3926
      vertex 67.141 76 37.309
      vertex 67.2143 76 37.3926
    endloop
  endfacet
  facet normal -0.0656829 0 0.997841
    outer loop
      vertex 66.54 81 37.06
      vertex 66.6509 76 37.0673
      vertex 66.6509 81 37.0673
    endloop
  endfacet
  facet normal -0.0656829 0 0.997841
    outer loop
      vertex 66.6509 76 37.0673
      vertex 66.54 81 37.06
      vertex 66.54 76 37.06
    endloop
  endfacet
  facet normal -0.751908 0 -0.659268
    outer loop
      vertex 67.2143 76 38.4274
      vertex 67.141 81 38.511
      vertex 67.2143 81 38.4274
    endloop
  endfacet
  facet normal -0.751908 -0 -0.659268
    outer loop
      vertex 67.141 81 38.511
      vertex 67.2143 76 38.4274
      vertex 67.141 76 38.511
    endloop
  endfacet
  facet normal -0.896754 0 -0.44253
    outer loop
      vertex 67.3253 76 38.2353
      vertex 67.2761 81 38.335
      vertex 67.3253 81 38.2353
    endloop
  endfacet
  facet normal -0.896754 -0 -0.44253
    outer loop
      vertex 67.2761 81 38.335
      vertex 67.3253 76 38.2353
      vertex 67.2761 76 38.335
    endloop
  endfacet
  facet normal 0.0656829 0 -0.997841
    outer loop
      vertex 66.4291 76 38.7527
      vertex 66.54 81 38.76
      vertex 66.54 76 38.76
    endloop
  endfacet
  facet normal 0.0656829 0 -0.997841
    outer loop
      vertex 66.54 81 38.76
      vertex 66.4291 76 38.7527
      vertex 66.4291 81 38.7527
    endloop
  endfacet
  facet normal 0.947052 0 -0.32108
    outer loop
      vertex 65.7547 76 38.2353
      vertex 65.719 81 38.13
      vertex 65.7547 81 38.2353
    endloop
  endfacet
  facet normal 0.947052 0 -0.32108
    outer loop
      vertex 65.719 81 38.13
      vertex 65.7547 76 38.2353
      vertex 65.719 76 38.13
    endloop
  endfacet
  facet normal 0.980788 0 -0.195079
    outer loop
      vertex 65.719 76 38.13
      vertex 65.6973 81 38.0209
      vertex 65.719 81 38.13
    endloop
  endfacet
  facet normal 0.980788 0 -0.195079
    outer loop
      vertex 65.6973 81 38.0209
      vertex 65.719 76 38.13
      vertex 65.6973 76 38.0209
    endloop
  endfacet
  facet normal 0.751462 0 -0.659776
    outer loop
      vertex 65.939 76 38.511
      vertex 65.8656 81 38.4274
      vertex 65.939 81 38.511
    endloop
  endfacet
  facet normal 0.751462 0 -0.659776
    outer loop
      vertex 65.8656 81 38.4274
      vertex 65.939 76 38.511
      vertex 65.8656 76 38.4274
    endloop
  endfacet
  facet normal -0.32108 0 -0.947052
    outer loop
      vertex 66.76 76 38.731
      vertex 66.8653 81 38.6953
      vertex 66.8653 76 38.6953
    endloop
  endfacet
  facet normal -0.32108 0 -0.947052
    outer loop
      vertex 66.8653 81 38.6953
      vertex 66.76 76 38.731
      vertex 66.76 81 38.731
    endloop
  endfacet
  facet normal -0.659776 0 -0.751462
    outer loop
      vertex 67.0574 76 38.5844
      vertex 67.141 81 38.511
      vertex 67.141 76 38.511
    endloop
  endfacet
  facet normal -0.659776 0 -0.751462
    outer loop
      vertex 67.141 81 38.511
      vertex 67.0574 76 38.5844
      vertex 67.0574 81 38.5844
    endloop
  endfacet
  facet normal -0.831219 0 -0.555945
    outer loop
      vertex 67.2761 76 38.335
      vertex 67.2143 81 38.4274
      vertex 67.2761 81 38.335
    endloop
  endfacet
  facet normal -0.831219 -0 -0.555945
    outer loop
      vertex 67.2143 81 38.4274
      vertex 67.2761 76 38.335
      vertex 67.2143 76 38.4274
    endloop
  endfacet
  facet normal -0.0656829 0 -0.997841
    outer loop
      vertex 66.54 76 38.76
      vertex 66.6509 81 38.7527
      vertex 66.6509 76 38.7527
    endloop
  endfacet
  facet normal -0.0656829 0 -0.997841
    outer loop
      vertex 66.6509 81 38.7527
      vertex 66.54 76 38.76
      vertex 66.54 81 38.76
    endloop
  endfacet
  facet normal 0.44253 0 -0.896754
    outer loop
      vertex 66.115 76 38.6461
      vertex 66.2147 81 38.6953
      vertex 66.2147 76 38.6953
    endloop
  endfacet
  facet normal 0.44253 0 -0.896754
    outer loop
      vertex 66.2147 81 38.6953
      vertex 66.115 76 38.6461
      vertex 66.115 81 38.6461
    endloop
  endfacet
  facet normal 0.32108 0 -0.947052
    outer loop
      vertex 66.2147 76 38.6953
      vertex 66.32 81 38.731
      vertex 66.32 76 38.731
    endloop
  endfacet
  facet normal 0.32108 0 -0.947052
    outer loop
      vertex 66.32 81 38.731
      vertex 66.2147 76 38.6953
      vertex 66.2147 81 38.6953
    endloop
  endfacet
  facet normal 0.555323 0 -0.831635
    outer loop
      vertex 66.0226 76 38.5844
      vertex 66.115 81 38.6461
      vertex 66.115 76 38.6461
    endloop
  endfacet
  facet normal 0.555323 0 -0.831635
    outer loop
      vertex 66.115 81 38.6461
      vertex 66.0226 76 38.5844
      vertex 66.0226 81 38.5844
    endloop
  endfacet
  facet normal 0.195079 0 -0.980788
    outer loop
      vertex 66.32 76 38.731
      vertex 66.4291 81 38.7527
      vertex 66.4291 76 38.7527
    endloop
  endfacet
  facet normal 0.195079 0 -0.980788
    outer loop
      vertex 66.4291 81 38.7527
      vertex 66.32 76 38.731
      vertex 66.32 81 38.731
    endloop
  endfacet
  facet normal 0.57735 0.57735 -0.57735
    outer loop
      vertex 88 79 -2
      vertex 86 81 -2
      vertex 88 81 0
    endloop
  endfacet
  facet normal -0.57735 -0.57735 -0.57735
    outer loop
      vertex 0 -2 -2
      vertex -2 -2 0
      vertex -2 0 -2
    endloop
  endfacet
  facet normal 0.57735 -0.57735 -0.57735
    outer loop
      vertex 88 -2 0
      vertex 86 -2 -2
      vertex 88 0 -2
    endloop
  endfacet
  facet normal -0.57735 0.57735 -0.57735
    outer loop
      vertex 0 81 -2
      vertex -2 79 -2
      vertex -2 81 0
    endloop
  endfacet
endsolid OpenSCAD_Model
