solid OpenSCAD_Model
  facet normal 0.799761 -0.0244558 0.599821
    outer loop
      vertex 8.8 0 3
      vertex 9.09244 -0.00196214 2.61
      vertex 9.0925 0 2.61
    endloop
  endfacet
  facet normal 0.799721 -0.0261874 0.5998
    outer loop
      vertex 9.09244 -0.00196214 2.61
      vertex 8.8 0 3
      vertex 8.79743 -0.0784836 3
    endloop
  endfacet
  facet normal -0.54697 -0.584008 0.599798
    outer loop
      vertex 6.75147 -0.848528 3
      vertex 6.54464 -1.05536 2.61
      vertex 6.61449 -1.12078 2.61
    endloop
  endfacet
  facet normal 0.618557 -0.507575 0.599795
    outer loop
      vertex 8.50221 -0.791215 3
      vertex 8.72337 -0.982556 2.61
      vertex 8.55202 -0.730514 3
    endloop
  endfacet
  facet normal 0.61751 -0.508825 0.599815
    outer loop
      vertex 8.72337 -0.982556 2.61
      vertex 8.50221 -0.791215 3
      vertex 8.72212 -0.984073 2.61
    endloop
  endfacet
  facet normal 0.54697 0.584008 0.599798
    outer loop
      vertex 8.58551 1.12078 2.61
      vertex 8.44853 0.848528 3
      vertex 8.65536 1.05536 2.61
    endloop
  endfacet
  facet normal -0.281949 0.748842 0.599784
    outer loop
      vertex 7.12025 1.41329 2.61
      vertex 7.14078 1.10865 3
      vertex 7.21427 1.13632 3
    endloop
  endfacet
  facet normal -0.280915 0.749108 0.599937
    outer loop
      vertex 7.14078 1.10865 3
      vertex 7.12025 1.41329 2.61
      vertex 7.11841 1.4126 2.61
    endloop
  endfacet
  facet normal -0.799761 0.0244558 0.599821
    outer loop
      vertex 6.4 0 3
      vertex 6.10756 0.00196214 2.61
      vertex 6.1075 0 2.61
    endloop
  endfacet
  facet normal -0.799721 0.0261874 0.5998
    outer loop
      vertex 6.10756 0.00196214 2.61
      vertex 6.4 0 3
      vertex 6.40257 0.0784836 3
    endloop
  endfacet
  facet normal 0.507572 -0.618558 0.599797
    outer loop
      vertex 8.58256 -1.12337 2.61
      vertex 8.39122 -0.902207 3
      vertex 8.33051 -0.952024 3
    endloop
  endfacet
  facet normal 0.510216 -0.616341 0.599837
    outer loop
      vertex 8.39122 -0.902207 3
      vertex 8.58256 -1.12337 2.61
      vertex 8.58407 -1.12212 2.61
    endloop
  endfacet
  facet normal 0.67948 0.422548 0.5998
    outer loop
      vertex 8.84097 0.829188 2.61
      vertex 8.59776 0.666684 3
      vertex 8.89151 0.747917 2.61
    endloop
  endfacet
  facet normal 0.330259 0.728827 0.599783
    outer loop
      vertex 8.17294 1.37808 2.61
      vertex 8.13075 1.07625 3
      vertex 8.26011 1.33858 2.61
    endloop
  endfacet
  facet normal 0.748877 0.281846 0.599788
    outer loop
      vertex 8.97889 0.571154 2.61
      vertex 8.70866 0.45922 3
      vertex 9.0126 0.481585 2.61
    endloop
  endfacet
  facet normal -0.728828 0.330248 0.599788
    outer loop
      vertex 6.26142 0.660115 2.61
      vertex 6.22192 0.572942 2.61
      vertex 6.52375 0.530746 3
    endloop
  endfacet
  facet normal -0.67948 -0.422548 0.5998
    outer loop
      vertex 6.60224 -0.666684 3
      vertex 6.30849 -0.747917 2.61
      vertex 6.35903 -0.829188 2.61
    endloop
  endfacet
  facet normal -0.330259 -0.728827 0.599783
    outer loop
      vertex 7.06925 -1.07625 3
      vertex 6.93989 -1.33858 2.61
      vertex 7.02706 -1.37808 2.61
    endloop
  endfacet
  facet normal -0.748877 -0.281846 0.599788
    outer loop
      vertex 6.49134 -0.45922 3
      vertex 6.1874 -0.481585 2.61
      vertex 6.22111 -0.571154 2.61
    endloop
  endfacet
  facet normal 0.422552 -0.679477 0.599801
    outer loop
      vertex 8.42919 -1.24097 2.61
      vertex 8.26668 -0.997763 3
      vertex 8.34792 -1.29151 2.61
    endloop
  endfacet
  facet normal 0.789464 -0.130343 0.599797
    outer loop
      vertex 9.07973 -0.194809 2.61
      vertex 8.78973 -0.156631 3
      vertex 9.06414 -0.289235 2.61
    endloop
  endfacet
  facet normal 0.799726 -0.0262529 0.599791
    outer loop
      vertex 9.09244 -0.00196214 2.61
      vertex 8.79743 -0.0784836 3
      vertex 9.0893 -0.0976139 2.61
    endloop
  endfacet
  facet normal 0.584024 0.546953 0.599798
    outer loop
      vertex 8.65536 1.05536 2.61
      vertex 8.44853 0.848528 3
      vertex 8.72078 0.985506 2.61
    endloop
  endfacet
  facet normal 0.466011 0.650442 0.599799
    outer loop
      vertex 8.43078 1.23982 2.61
      vertex 8.33051 0.952024 3
      vertex 8.50858 1.18408 2.61
    endloop
  endfacet
  facet normal 0.728828 0.330248 0.599788
    outer loop
      vertex 8.93858 0.660115 2.61
      vertex 8.67625 0.530746 3
      vertex 8.97808 0.572942 2.61
    endloop
  endfacet
  facet normal 0.650418 0.466047 0.599797
    outer loop
      vertex 8.78408 0.908575 2.61
      vertex 8.55202 0.730514 3
      vertex 8.83982 0.830784 2.61
    endloop
  endfacet
  facet normal 0.789452 0.130421 0.599796
    outer loop
      vertex 8.77694 0.234108 3
      vertex 9.06414 0.289235 2.61
      vertex 9.06382 0.291172 2.61
    endloop
  endfacet
  facet normal 0.789469 0.130327 0.599795
    outer loop
      vertex 9.06414 0.289235 2.61
      vertex 8.77694 0.234108 3
      vertex 8.78973 0.156631 3
    endloop
  endfacet
  facet normal -0.799726 0.0262529 0.599791
    outer loop
      vertex 6.1107 0.0976139 2.61
      vertex 6.10756 0.00196214 2.61
      vertex 6.40257 0.0784836 3
    endloop
  endfacet
  facet normal -0.748877 0.281846 0.599788
    outer loop
      vertex 6.22111 0.571154 2.61
      vertex 6.1874 0.481585 2.61
      vertex 6.49134 0.45922 3
    endloop
  endfacet
  facet normal -0.584024 -0.546953 0.599798
    outer loop
      vertex 6.75147 -0.848528 3
      vertex 6.47922 -0.985506 2.61
      vertex 6.54464 -1.05536 2.61
    endloop
  endfacet
  facet normal -0.466011 -0.650442 0.599799
    outer loop
      vertex 6.86949 -0.952024 3
      vertex 6.69142 -1.18408 2.61
      vertex 6.76922 -1.23982 2.61
    endloop
  endfacet
  facet normal -0.0261886 -0.799721 0.5998
    outer loop
      vertex 7.59804 -1.49244 2.61
      vertex 7.6 -1.2 3
      vertex 7.52152 -1.19743 3
    endloop
  endfacet
  facet normal -0.0244825 -0.79976 0.59982
    outer loop
      vertex 7.6 -1.2 3
      vertex 7.59804 -1.49244 2.61
      vertex 7.6 -1.4925 2.61
    endloop
  endfacet
  facet normal -0.728828 -0.330248 0.599788
    outer loop
      vertex 6.52375 -0.530746 3
      vertex 6.22192 -0.572942 2.61
      vertex 6.26142 -0.660115 2.61
    endloop
  endfacet
  facet normal -0.650418 -0.466047 0.599797
    outer loop
      vertex 6.64798 -0.730514 3
      vertex 6.36018 -0.830784 2.61
      vertex 6.41592 -0.908575 2.61
    endloop
  endfacet
  facet normal -0.799726 -0.0262529 0.599791
    outer loop
      vertex 6.40257 -0.0784836 3
      vertex 6.10756 -0.00196214 2.61
      vertex 6.1107 -0.0976139 2.61
    endloop
  endfacet
  facet normal -0.789469 -0.130327 0.599795
    outer loop
      vertex 6.13586 -0.289235 2.61
      vertex 6.42306 -0.234108 3
      vertex 6.41027 -0.156631 3
    endloop
  endfacet
  facet normal -0.789452 -0.130421 0.599796
    outer loop
      vertex 6.42306 -0.234108 3
      vertex 6.13586 -0.289235 2.61
      vertex 6.13618 -0.291172 2.61
    endloop
  endfacet
  facet normal 0.466063 -0.650403 0.599801
    outer loop
      vertex 8.42919 -1.24097 2.61
      vertex 8.33051 -0.952024 3
      vertex 8.26668 -0.997763 3
    endloop
  endfacet
  facet normal 0.469152 -0.648654 0.599287
    outer loop
      vertex 8.33051 -0.952024 3
      vertex 8.42919 -1.24097 2.61
      vertex 8.43078 -1.23982 2.61
    endloop
  endfacet
  facet normal 0.650418 -0.466047 0.599797
    outer loop
      vertex 8.83982 -0.830784 2.61
      vertex 8.55202 -0.730514 3
      vertex 8.78408 -0.908575 2.61
    endloop
  endfacet
  facet normal 0.748877 -0.281846 0.599788
    outer loop
      vertex 9.0126 -0.481585 2.61
      vertex 8.70866 -0.45922 3
      vertex 8.97889 -0.571154 2.61
    endloop
  endfacet
  facet normal 0.748878 -0.281849 0.599786
    outer loop
      vertex 8.70866 -0.45922 3
      vertex 9.01329 -0.479748 2.61
      vertex 8.73632 -0.385727 3
    endloop
  endfacet
  facet normal 0.74901 -0.281337 0.599862
    outer loop
      vertex 9.01329 -0.479748 2.61
      vertex 8.70866 -0.45922 3
      vertex 9.0126 -0.481585 2.61
    endloop
  endfacet
  facet normal 0.779255 -0.181681 0.599795
    outer loop
      vertex 9.06382 -0.291172 2.61
      vertex 8.77694 -0.234108 3
      vertex 9.04209 -0.384375 2.61
    endloop
  endfacet
  facet normal 0.796299 -0.0784249 0.599797
    outer loop
      vertex 9.08911 -0.0995677 2.61
      vertex 8.78973 -0.156631 3
      vertex 9.07973 -0.194809 2.61
    endloop
  endfacet
  facet normal 0.79639 -0.077446 0.599805
    outer loop
      vertex 8.79743 -0.0784836 3
      vertex 9.08911 -0.0995677 2.61
      vertex 9.0893 -0.0976139 2.61
    endloop
  endfacet
  facet normal 0.7963 -0.0784608 0.599792
    outer loop
      vertex 9.08911 -0.0995677 2.61
      vertex 8.79743 -0.0784836 3
      vertex 8.78973 -0.156631 3
    endloop
  endfacet
  facet normal 0.545074 0.585751 0.599825
    outer loop
      vertex 8.39122 0.902207 3
      vertex 8.58551 1.12078 2.61
      vertex 8.58407 1.12212 2.61
    endloop
  endfacet
  facet normal 0.546992 0.583992 0.599795
    outer loop
      vertex 8.58551 1.12078 2.61
      vertex 8.39122 0.902207 3
      vertex 8.44853 0.848528 3
    endloop
  endfacet
  facet normal 0.0261886 0.799721 0.5998
    outer loop
      vertex 7.60196 1.49244 2.61
      vertex 7.6 1.2 3
      vertex 7.67848 1.19743 3
    endloop
  endfacet
  facet normal 0.0244825 0.79976 0.59982
    outer loop
      vertex 7.6 1.2 3
      vertex 7.60196 1.49244 2.61
      vertex 7.6 1.4925 2.61
    endloop
  endfacet
  facet normal 0.0262534 0.799726 0.599791
    outer loop
      vertex 7.69761 1.4893 2.61
      vertex 7.60196 1.49244 2.61
      vertex 7.67848 1.19743 3
    endloop
  endfacet
  facet normal 0.705694 0.37716 0.599789
    outer loop
      vertex 8.89347 0.744519 2.61
      vertex 8.67625 0.530746 3
      vertex 8.93858 0.660115 2.61
    endloop
  endfacet
  facet normal 0.70485 0.378689 0.599818
    outer loop
      vertex 8.63923 0.599999 3
      vertex 8.89347 0.744519 2.61
      vertex 8.89254 0.74625 2.61
    endloop
  endfacet
  facet normal 0.705656 0.377217 0.599798
    outer loop
      vertex 8.89347 0.744519 2.61
      vertex 8.63923 0.599999 3
      vertex 8.67625 0.530746 3
    endloop
  endfacet
  facet normal 0.680489 0.420458 0.600125
    outer loop
      vertex 8.59776 0.666684 3
      vertex 8.89254 0.74625 2.61
      vertex 8.89151 0.747917 2.61
    endloop
  endfacet
  facet normal 0.679482 0.422556 0.599792
    outer loop
      vertex 8.89254 0.74625 2.61
      vertex 8.59776 0.666684 3
      vertex 8.63923 0.599999 3
    endloop
  endfacet
  facet normal 0.649364 0.4679 0.599496
    outer loop
      vertex 8.55202 0.730514 3
      vertex 8.84097 0.829188 2.61
      vertex 8.83982 0.830784 2.61
    endloop
  endfacet
  facet normal 0.650399 0.46607 0.5998
    outer loop
      vertex 8.84097 0.829188 2.61
      vertex 8.55202 0.730514 3
      vertex 8.59776 0.666684 3
    endloop
  endfacet
  facet normal 0.799721 0.0261874 0.5998
    outer loop
      vertex 8.8 0 3
      vertex 9.09244 0.00196214 2.61
      vertex 8.79743 0.0784836 3
    endloop
  endfacet
  facet normal 0.799761 0.0244558 0.599821
    outer loop
      vertex 9.09244 0.00196214 2.61
      vertex 8.8 0 3
      vertex 9.0925 0 2.61
    endloop
  endfacet
  facet normal 0.799726 0.0262529 0.599791
    outer loop
      vertex 9.0893 0.0976139 2.61
      vertex 8.79743 0.0784836 3
      vertex 9.09244 0.00196214 2.61
    endloop
  endfacet
  facet normal 0.7963 0.0784608 0.599792
    outer loop
      vertex 8.79743 0.0784836 3
      vertex 9.08911 0.0995677 2.61
      vertex 8.78973 0.156631 3
    endloop
  endfacet
  facet normal 0.79639 0.077446 0.599805
    outer loop
      vertex 9.08911 0.0995677 2.61
      vertex 8.79743 0.0784836 3
      vertex 9.0893 0.0976139 2.61
    endloop
  endfacet
  facet normal 0.778858 0.183309 0.599815
    outer loop
      vertex 8.75911 0.310582 3
      vertex 9.04209 0.384375 2.61
      vertex 9.04164 0.386287 2.61
    endloop
  endfacet
  facet normal 0.779254 0.181684 0.599795
    outer loop
      vertex 9.04209 0.384375 2.61
      vertex 8.75911 0.310582 3
      vertex 8.77694 0.234108 3
    endloop
  endfacet
  facet normal 0.74901 0.281337 0.599862
    outer loop
      vertex 8.70866 0.45922 3
      vertex 9.01329 0.479748 2.61
      vertex 9.0126 0.481585 2.61
    endloop
  endfacet
  facet normal 0.748878 0.281849 0.599786
    outer loop
      vertex 9.01329 0.479748 2.61
      vertex 8.70866 0.45922 3
      vertex 8.73632 0.385727 3
    endloop
  endfacet
  facet normal 0.765705 0.232265 0.59979
    outer loop
      vertex 9.01386 0.477869 2.61
      vertex 8.75911 0.310582 3
      vertex 9.04164 0.386287 2.61
    endloop
  endfacet
  facet normal 0.779255 0.181681 0.599795
    outer loop
      vertex 9.04209 0.384375 2.61
      vertex 8.77694 0.234108 3
      vertex 9.06382 0.291172 2.61
    endloop
  endfacet
  facet normal 0 0 1
    outer loop
      vertex 8.79743 0.0784836 3
      vertex 8.79743 -0.0784836 3
      vertex 8.8 0 3
    endloop
  endfacet
  facet normal 0 0 1
    outer loop
      vertex 8.78973 0.156631 3
      vertex 8.79743 -0.0784836 3
      vertex 8.79743 0.0784836 3
    endloop
  endfacet
  facet normal 0 0 1
    outer loop
      vertex 8.78973 0.156631 3
      vertex 8.78973 -0.156631 3
      vertex 8.79743 -0.0784836 3
    endloop
  endfacet
  facet normal 0 0 1
    outer loop
      vertex 8.77694 0.234108 3
      vertex 8.78973 -0.156631 3
      vertex 8.78973 0.156631 3
    endloop
  endfacet
  facet normal 0 0 1
    outer loop
      vertex 8.77694 0.234108 3
      vertex 8.77694 -0.234108 3
      vertex 8.78973 -0.156631 3
    endloop
  endfacet
  facet normal 0 0 1
    outer loop
      vertex 8.75911 0.310582 3
      vertex 8.77694 -0.234108 3
      vertex 8.77694 0.234108 3
    endloop
  endfacet
  facet normal 0 0 1
    outer loop
      vertex 8.75911 0.310582 3
      vertex 8.75911 -0.310582 3
      vertex 8.77694 -0.234108 3
    endloop
  endfacet
  facet normal 0 0 1
    outer loop
      vertex 8.73632 0.385727 3
      vertex 8.75911 -0.310582 3
      vertex 8.75911 0.310582 3
    endloop
  endfacet
  facet normal 0 0 1
    outer loop
      vertex 8.73632 0.385727 3
      vertex 8.73632 -0.385727 3
      vertex 8.75911 -0.310582 3
    endloop
  endfacet
  facet normal 0 0 1
    outer loop
      vertex 8.70866 0.45922 3
      vertex 8.73632 -0.385727 3
      vertex 8.73632 0.385727 3
    endloop
  endfacet
  facet normal 0 0 1
    outer loop
      vertex 8.70866 0.45922 3
      vertex 8.70866 -0.45922 3
      vertex 8.73632 -0.385727 3
    endloop
  endfacet
  facet normal 0 0 1
    outer loop
      vertex 8.67625 0.530746 3
      vertex 8.70866 -0.45922 3
      vertex 8.70866 0.45922 3
    endloop
  endfacet
  facet normal 0 0 1
    outer loop
      vertex 8.67625 0.530746 3
      vertex 8.67625 -0.530746 3
      vertex 8.70866 -0.45922 3
    endloop
  endfacet
  facet normal 0 0 1
    outer loop
      vertex 8.63923 0.599999 3
      vertex 8.67625 -0.530746 3
      vertex 8.67625 0.530746 3
    endloop
  endfacet
  facet normal 0 0 1
    outer loop
      vertex 8.63923 0.599999 3
      vertex 8.63923 -0.599999 3
      vertex 8.67625 -0.530746 3
    endloop
  endfacet
  facet normal 0 0 1
    outer loop
      vertex 8.59776 0.666684 3
      vertex 8.63923 -0.599999 3
      vertex 8.63923 0.599999 3
    endloop
  endfacet
  facet normal 0 0 1
    outer loop
      vertex 8.59776 0.666684 3
      vertex 8.59776 -0.666684 3
      vertex 8.63923 -0.599999 3
    endloop
  endfacet
  facet normal 0 0 1
    outer loop
      vertex 8.55202 0.730514 3
      vertex 8.59776 -0.666684 3
      vertex 8.59776 0.666684 3
    endloop
  endfacet
  facet normal 0 0 1
    outer loop
      vertex 8.55202 0.730514 3
      vertex 8.55202 -0.730514 3
      vertex 8.59776 -0.666684 3
    endloop
  endfacet
  facet normal 0 0 1
    outer loop
      vertex 8.50221 0.791215 3
      vertex 8.55202 -0.730514 3
      vertex 8.55202 0.730514 3
    endloop
  endfacet
  facet normal 0 0 1
    outer loop
      vertex 8.50221 0.791215 3
      vertex 8.50221 -0.791215 3
      vertex 8.55202 -0.730514 3
    endloop
  endfacet
  facet normal 0 0 1
    outer loop
      vertex 8.44853 0.848528 3
      vertex 8.50221 -0.791215 3
      vertex 8.50221 0.791215 3
    endloop
  endfacet
  facet normal 0 0 1
    outer loop
      vertex 8.44853 0.848528 3
      vertex 8.44853 -0.848528 3
      vertex 8.50221 -0.791215 3
    endloop
  endfacet
  facet normal 0 0 1
    outer loop
      vertex 8.39122 0.902207 3
      vertex 8.44853 -0.848528 3
      vertex 8.44853 0.848528 3
    endloop
  endfacet
  facet normal 0 0 1
    outer loop
      vertex 8.39122 0.902207 3
      vertex 8.39122 -0.902207 3
      vertex 8.44853 -0.848528 3
    endloop
  endfacet
  facet normal 0 0 1
    outer loop
      vertex 8.33051 0.952024 3
      vertex 8.39122 -0.902207 3
      vertex 8.39122 0.902207 3
    endloop
  endfacet
  facet normal 0 0 1
    outer loop
      vertex 8.33051 0.952024 3
      vertex 8.33051 -0.952024 3
      vertex 8.39122 -0.902207 3
    endloop
  endfacet
  facet normal 0 0 1
    outer loop
      vertex 8.26668 0.997763 3
      vertex 8.33051 -0.952024 3
      vertex 8.33051 0.952024 3
    endloop
  endfacet
  facet normal 0 0 1
    outer loop
      vertex 8.26668 0.997763 3
      vertex 8.26668 -0.997763 3
      vertex 8.33051 -0.952024 3
    endloop
  endfacet
  facet normal 0 0 1
    outer loop
      vertex 8.2 1.03923 3
      vertex 8.26668 -0.997763 3
      vertex 8.26668 0.997763 3
    endloop
  endfacet
  facet normal 0 0 1
    outer loop
      vertex 8.2 1.03923 3
      vertex 8.2 -1.03923 3
      vertex 8.26668 -0.997763 3
    endloop
  endfacet
  facet normal 0 0 1
    outer loop
      vertex 8.13075 1.07625 3
      vertex 8.2 -1.03923 3
      vertex 8.2 1.03923 3
    endloop
  endfacet
  facet normal 0 0 1
    outer loop
      vertex 8.13075 1.07625 3
      vertex 8.13075 -1.07625 3
      vertex 8.2 -1.03923 3
    endloop
  endfacet
  facet normal 0 0 1
    outer loop
      vertex 8.05922 1.10865 3
      vertex 8.13075 -1.07625 3
      vertex 8.13075 1.07625 3
    endloop
  endfacet
  facet normal 0 0 1
    outer loop
      vertex 8.05922 1.10865 3
      vertex 8.05922 -1.10865 3
      vertex 8.13075 -1.07625 3
    endloop
  endfacet
  facet normal 0 0 1
    outer loop
      vertex 7.98573 1.13632 3
      vertex 8.05922 -1.10865 3
      vertex 8.05922 1.10865 3
    endloop
  endfacet
  facet normal 0 0 1
    outer loop
      vertex 7.98573 1.13632 3
      vertex 7.98573 -1.13632 3
      vertex 8.05922 -1.10865 3
    endloop
  endfacet
  facet normal 0 0 1
    outer loop
      vertex 7.91058 1.15911 3
      vertex 7.98573 -1.13632 3
      vertex 7.98573 1.13632 3
    endloop
  endfacet
  facet normal 0 0 1
    outer loop
      vertex 7.91058 1.15911 3
      vertex 7.91058 -1.15911 3
      vertex 7.98573 -1.13632 3
    endloop
  endfacet
  facet normal 0 0 1
    outer loop
      vertex 7.83411 1.17694 3
      vertex 7.91058 -1.15911 3
      vertex 7.91058 1.15911 3
    endloop
  endfacet
  facet normal 0 0 1
    outer loop
      vertex 7.83411 1.17694 3
      vertex 7.83411 -1.17694 3
      vertex 7.91058 -1.15911 3
    endloop
  endfacet
  facet normal 0 0 1
    outer loop
      vertex 7.75663 1.18973 3
      vertex 7.83411 -1.17694 3
      vertex 7.83411 1.17694 3
    endloop
  endfacet
  facet normal 0 0 1
    outer loop
      vertex 7.75663 1.18973 3
      vertex 7.75663 -1.18973 3
      vertex 7.83411 -1.17694 3
    endloop
  endfacet
  facet normal 0 0 1
    outer loop
      vertex 7.67848 1.19743 3
      vertex 7.75663 -1.18973 3
      vertex 7.75663 1.18973 3
    endloop
  endfacet
  facet normal 0 0 1
    outer loop
      vertex 7.67848 1.19743 3
      vertex 7.67848 -1.19743 3
      vertex 7.75663 -1.18973 3
    endloop
  endfacet
  facet normal 0 0 1
    outer loop
      vertex 7.6 1.2 3
      vertex 7.67848 -1.19743 3
      vertex 7.67848 1.19743 3
    endloop
  endfacet
  facet normal 0 0 1
    outer loop
      vertex 7.6 1.2 3
      vertex 7.6 -1.2 3
      vertex 7.67848 -1.19743 3
    endloop
  endfacet
  facet normal -0 0 1
    outer loop
      vertex 7.52152 1.19743 3
      vertex 7.6 -1.2 3
      vertex 7.6 1.2 3
    endloop
  endfacet
  facet normal 0 0 1
    outer loop
      vertex 7.52152 1.19743 3
      vertex 7.52152 -1.19743 3
      vertex 7.6 -1.2 3
    endloop
  endfacet
  facet normal -0 0 1
    outer loop
      vertex 7.44337 1.18973 3
      vertex 7.52152 -1.19743 3
      vertex 7.52152 1.19743 3
    endloop
  endfacet
  facet normal 0 0 1
    outer loop
      vertex 7.44337 1.18973 3
      vertex 7.44337 -1.18973 3
      vertex 7.52152 -1.19743 3
    endloop
  endfacet
  facet normal -0 0 1
    outer loop
      vertex 7.36589 1.17694 3
      vertex 7.44337 -1.18973 3
      vertex 7.44337 1.18973 3
    endloop
  endfacet
  facet normal 0 0 1
    outer loop
      vertex 7.36589 1.17694 3
      vertex 7.36589 -1.17694 3
      vertex 7.44337 -1.18973 3
    endloop
  endfacet
  facet normal -0 0 1
    outer loop
      vertex 7.28942 1.15911 3
      vertex 7.36589 -1.17694 3
      vertex 7.36589 1.17694 3
    endloop
  endfacet
  facet normal 0 0 1
    outer loop
      vertex 7.28942 1.15911 3
      vertex 7.28942 -1.15911 3
      vertex 7.36589 -1.17694 3
    endloop
  endfacet
  facet normal -0 0 1
    outer loop
      vertex 7.21427 1.13632 3
      vertex 7.28942 -1.15911 3
      vertex 7.28942 1.15911 3
    endloop
  endfacet
  facet normal 0 0 1
    outer loop
      vertex 7.21427 1.13632 3
      vertex 7.21427 -1.13632 3
      vertex 7.28942 -1.15911 3
    endloop
  endfacet
  facet normal -0 0 1
    outer loop
      vertex 7.14078 1.10865 3
      vertex 7.21427 -1.13632 3
      vertex 7.21427 1.13632 3
    endloop
  endfacet
  facet normal 0 0 1
    outer loop
      vertex 7.14078 1.10865 3
      vertex 7.14078 -1.10865 3
      vertex 7.21427 -1.13632 3
    endloop
  endfacet
  facet normal -0 0 1
    outer loop
      vertex 7.06925 1.07625 3
      vertex 7.14078 -1.10865 3
      vertex 7.14078 1.10865 3
    endloop
  endfacet
  facet normal 0 0 1
    outer loop
      vertex 7.06925 1.07625 3
      vertex 7.06925 -1.07625 3
      vertex 7.14078 -1.10865 3
    endloop
  endfacet
  facet normal -0 0 1
    outer loop
      vertex 7 1.03923 3
      vertex 7.06925 -1.07625 3
      vertex 7.06925 1.07625 3
    endloop
  endfacet
  facet normal 0 0 1
    outer loop
      vertex 7 1.03923 3
      vertex 7 -1.03923 3
      vertex 7.06925 -1.07625 3
    endloop
  endfacet
  facet normal -0 0 1
    outer loop
      vertex 6.93332 0.997763 3
      vertex 7 -1.03923 3
      vertex 7 1.03923 3
    endloop
  endfacet
  facet normal 0 0 1
    outer loop
      vertex 6.93332 0.997763 3
      vertex 6.93332 -0.997763 3
      vertex 7 -1.03923 3
    endloop
  endfacet
  facet normal -0 0 1
    outer loop
      vertex 6.86949 0.952024 3
      vertex 6.93332 -0.997763 3
      vertex 6.93332 0.997763 3
    endloop
  endfacet
  facet normal 0 0 1
    outer loop
      vertex 6.86949 0.952024 3
      vertex 6.86949 -0.952024 3
      vertex 6.93332 -0.997763 3
    endloop
  endfacet
  facet normal -0 0 1
    outer loop
      vertex 6.80878 0.902207 3
      vertex 6.86949 -0.952024 3
      vertex 6.86949 0.952024 3
    endloop
  endfacet
  facet normal 0 0 1
    outer loop
      vertex 6.80878 0.902207 3
      vertex 6.80878 -0.902207 3
      vertex 6.86949 -0.952024 3
    endloop
  endfacet
  facet normal -0 0 1
    outer loop
      vertex 6.75147 0.848528 3
      vertex 6.80878 -0.902207 3
      vertex 6.80878 0.902207 3
    endloop
  endfacet
  facet normal 0 0 1
    outer loop
      vertex 6.75147 0.848528 3
      vertex 6.75147 -0.848528 3
      vertex 6.80878 -0.902207 3
    endloop
  endfacet
  facet normal -0 0 1
    outer loop
      vertex 6.69779 0.791215 3
      vertex 6.75147 -0.848528 3
      vertex 6.75147 0.848528 3
    endloop
  endfacet
  facet normal 0 0 1
    outer loop
      vertex 6.69779 0.791215 3
      vertex 6.69779 -0.791215 3
      vertex 6.75147 -0.848528 3
    endloop
  endfacet
  facet normal -0 0 1
    outer loop
      vertex 6.64798 0.730514 3
      vertex 6.69779 -0.791215 3
      vertex 6.69779 0.791215 3
    endloop
  endfacet
  facet normal 0 0 1
    outer loop
      vertex 6.64798 0.730514 3
      vertex 6.64798 -0.730514 3
      vertex 6.69779 -0.791215 3
    endloop
  endfacet
  facet normal -0 0 1
    outer loop
      vertex 6.60224 0.666684 3
      vertex 6.64798 -0.730514 3
      vertex 6.64798 0.730514 3
    endloop
  endfacet
  facet normal 0 0 1
    outer loop
      vertex 6.60224 0.666684 3
      vertex 6.60224 -0.666684 3
      vertex 6.64798 -0.730514 3
    endloop
  endfacet
  facet normal -0 0 1
    outer loop
      vertex 6.56077 0.599999 3
      vertex 6.60224 -0.666684 3
      vertex 6.60224 0.666684 3
    endloop
  endfacet
  facet normal 0 0 1
    outer loop
      vertex 6.56077 0.599999 3
      vertex 6.56077 -0.599999 3
      vertex 6.60224 -0.666684 3
    endloop
  endfacet
  facet normal -0 0 1
    outer loop
      vertex 6.52375 0.530746 3
      vertex 6.56077 -0.599999 3
      vertex 6.56077 0.599999 3
    endloop
  endfacet
  facet normal 0 0 1
    outer loop
      vertex 6.52375 0.530746 3
      vertex 6.52375 -0.530746 3
      vertex 6.56077 -0.599999 3
    endloop
  endfacet
  facet normal -0 0 1
    outer loop
      vertex 6.49134 0.45922 3
      vertex 6.52375 -0.530746 3
      vertex 6.52375 0.530746 3
    endloop
  endfacet
  facet normal 0 0 1
    outer loop
      vertex 6.49134 0.45922 3
      vertex 6.49134 -0.45922 3
      vertex 6.52375 -0.530746 3
    endloop
  endfacet
  facet normal -0 0 1
    outer loop
      vertex 6.46368 0.385727 3
      vertex 6.49134 -0.45922 3
      vertex 6.49134 0.45922 3
    endloop
  endfacet
  facet normal 0 0 1
    outer loop
      vertex 6.46368 0.385727 3
      vertex 6.46368 -0.385727 3
      vertex 6.49134 -0.45922 3
    endloop
  endfacet
  facet normal -0 0 1
    outer loop
      vertex 6.44089 0.310582 3
      vertex 6.46368 -0.385727 3
      vertex 6.46368 0.385727 3
    endloop
  endfacet
  facet normal 0 0 1
    outer loop
      vertex 6.44089 0.310582 3
      vertex 6.44089 -0.310582 3
      vertex 6.46368 -0.385727 3
    endloop
  endfacet
  facet normal -0 0 1
    outer loop
      vertex 6.42306 0.234108 3
      vertex 6.44089 -0.310582 3
      vertex 6.44089 0.310582 3
    endloop
  endfacet
  facet normal 0 0 1
    outer loop
      vertex 6.42306 0.234108 3
      vertex 6.42306 -0.234108 3
      vertex 6.44089 -0.310582 3
    endloop
  endfacet
  facet normal -0 0 1
    outer loop
      vertex 6.41027 0.156631 3
      vertex 6.42306 -0.234108 3
      vertex 6.42306 0.234108 3
    endloop
  endfacet
  facet normal 0 0 1
    outer loop
      vertex 6.41027 0.156631 3
      vertex 6.41027 -0.156631 3
      vertex 6.42306 -0.234108 3
    endloop
  endfacet
  facet normal -0 0 1
    outer loop
      vertex 6.40257 0.0784836 3
      vertex 6.41027 -0.156631 3
      vertex 6.41027 0.156631 3
    endloop
  endfacet
  facet normal 0 0 1
    outer loop
      vertex 6.40257 0.0784836 3
      vertex 6.40257 -0.0784836 3
      vertex 6.41027 -0.156631 3
    endloop
  endfacet
  facet normal 0 -0 1
    outer loop
      vertex 6.40257 -0.0784836 3
      vertex 6.40257 0.0784836 3
      vertex 6.4 0 3
    endloop
  endfacet
  facet normal -0.79639 0.077446 0.599805
    outer loop
      vertex 6.40257 0.0784836 3
      vertex 6.11089 0.0995677 2.61
      vertex 6.1107 0.0976139 2.61
    endloop
  endfacet
  facet normal -0.7963 0.0784608 0.599792
    outer loop
      vertex 6.11089 0.0995677 2.61
      vertex 6.40257 0.0784836 3
      vertex 6.41027 0.156631 3
    endloop
  endfacet
  facet normal -0.74901 0.281337 0.599862
    outer loop
      vertex 6.18671 0.479748 2.61
      vertex 6.49134 0.45922 3
      vertex 6.1874 0.481585 2.61
    endloop
  endfacet
  facet normal -0.748878 0.281849 0.599786
    outer loop
      vertex 6.49134 0.45922 3
      vertex 6.18671 0.479748 2.61
      vertex 6.46368 0.385727 3
    endloop
  endfacet
  facet normal -0.72885 0.330184 0.599798
    outer loop
      vertex 6.22111 0.571154 2.61
      vertex 6.52375 0.530746 3
      vertex 6.22192 0.572942 2.61
    endloop
  endfacet
  facet normal -0.728828 0.330248 0.599788
    outer loop
      vertex 6.52375 0.530746 3
      vertex 6.22111 0.571154 2.61
      vertex 6.49134 0.45922 3
    endloop
  endfacet
  facet normal -0.0262534 0.799726 0.599791
    outer loop
      vertex 7.59804 1.49244 2.61
      vertex 7.50239 1.4893 2.61
      vertex 7.52152 1.19743 3
    endloop
  endfacet
  facet normal -0.232269 0.765702 0.599792
    outer loop
      vertex 7.21371 1.44164 2.61
      vertex 7.12213 1.41386 2.61
      vertex 7.28942 1.15911 3
    endloop
  endfacet
  facet normal -0.130351 0.789463 0.599798
    outer loop
      vertex 7.40519 1.47973 2.61
      vertex 7.31077 1.46414 2.61
      vertex 7.44337 1.18973 3
    endloop
  endfacet
  facet normal -0.0772031 0.796411 0.599808
    outer loop
      vertex 7.50043 1.48911 2.61
      vertex 7.52152 1.19743 3
      vertex 7.50239 1.4893 2.61
    endloop
  endfacet
  facet normal -0.0784582 0.796299 0.599793
    outer loop
      vertex 7.52152 1.19743 3
      vertex 7.50043 1.48911 2.61
      vertex 7.44337 1.18973 3
    endloop
  endfacet
  facet normal -0.330145 0.728866 0.599799
    outer loop
      vertex 7.02885 1.37889 2.61
      vertex 7.06925 1.07625 3
      vertex 7.14078 1.10865 3
    endloop
  endfacet
  facet normal -0.329864 0.728958 0.599842
    outer loop
      vertex 7.06925 1.07625 3
      vertex 7.02885 1.37889 2.61
      vertex 7.02706 1.37808 2.61
    endloop
  endfacet
  facet normal -0.377141 0.705708 0.599783
    outer loop
      vertex 6.93989 1.33858 2.61
      vertex 6.85548 1.29347 2.61
      vertex 7.06925 1.07625 3
    endloop
  endfacet
  facet normal -0.281868 0.74886 0.599799
    outer loop
      vertex 7.11841 1.4126 2.61
      vertex 7.02885 1.37889 2.61
      vertex 7.14078 1.10865 3
    endloop
  endfacet
  facet normal -0.507572 0.618558 0.599797
    outer loop
      vertex 6.61744 1.12337 2.61
      vertex 6.80878 0.902207 3
      vertex 6.86949 0.952024 3
    endloop
  endfacet
  facet normal -0.510216 0.616341 0.599837
    outer loop
      vertex 6.80878 0.902207 3
      vertex 6.61744 1.12337 2.61
      vertex 6.61593 1.12212 2.61
    endloop
  endfacet
  facet normal -0.546992 -0.583992 0.599795
    outer loop
      vertex 6.61449 -1.12078 2.61
      vertex 6.80878 -0.902207 3
      vertex 6.75147 -0.848528 3
    endloop
  endfacet
  facet normal -0.545074 -0.585751 0.599825
    outer loop
      vertex 6.80878 -0.902207 3
      vertex 6.61449 -1.12078 2.61
      vertex 6.61593 -1.12212 2.61
    endloop
  endfacet
  facet normal -0.130351 -0.789463 0.599798
    outer loop
      vertex 7.44337 -1.18973 3
      vertex 7.31077 -1.46414 2.61
      vertex 7.40519 -1.47973 2.61
    endloop
  endfacet
  facet normal -0.705694 -0.37716 0.599789
    outer loop
      vertex 6.52375 -0.530746 3
      vertex 6.26142 -0.660115 2.61
      vertex 6.30653 -0.744519 2.61
    endloop
  endfacet
  facet normal -0.705656 -0.377217 0.599798
    outer loop
      vertex 6.30653 -0.744519 2.61
      vertex 6.56077 -0.599999 3
      vertex 6.52375 -0.530746 3
    endloop
  endfacet
  facet normal -0.70485 -0.378689 0.599818
    outer loop
      vertex 6.56077 -0.599999 3
      vertex 6.30653 -0.744519 2.61
      vertex 6.30746 -0.74625 2.61
    endloop
  endfacet
  facet normal -0.679482 -0.422556 0.599792
    outer loop
      vertex 6.30746 -0.74625 2.61
      vertex 6.60224 -0.666684 3
      vertex 6.56077 -0.599999 3
    endloop
  endfacet
  facet normal -0.680489 -0.420458 0.600125
    outer loop
      vertex 6.60224 -0.666684 3
      vertex 6.30746 -0.74625 2.61
      vertex 6.30849 -0.747917 2.61
    endloop
  endfacet
  facet normal -0.650399 -0.46607 0.5998
    outer loop
      vertex 6.35903 -0.829188 2.61
      vertex 6.64798 -0.730514 3
      vertex 6.60224 -0.666684 3
    endloop
  endfacet
  facet normal -0.649364 -0.4679 0.599496
    outer loop
      vertex 6.64798 -0.730514 3
      vertex 6.35903 -0.829188 2.61
      vertex 6.36018 -0.830784 2.61
    endloop
  endfacet
  facet normal -0.799761 -0.0244558 0.599821
    outer loop
      vertex 6.10756 -0.00196214 2.61
      vertex 6.4 0 3
      vertex 6.1075 0 2.61
    endloop
  endfacet
  facet normal -0.799721 -0.0261874 0.5998
    outer loop
      vertex 6.4 0 3
      vertex 6.10756 -0.00196214 2.61
      vertex 6.40257 -0.0784836 3
    endloop
  endfacet
  facet normal -0.79639 -0.077446 0.599805
    outer loop
      vertex 6.11089 -0.0995677 2.61
      vertex 6.40257 -0.0784836 3
      vertex 6.1107 -0.0976139 2.61
    endloop
  endfacet
  facet normal -0.7963 -0.0784608 0.599792
    outer loop
      vertex 6.40257 -0.0784836 3
      vertex 6.11089 -0.0995677 2.61
      vertex 6.41027 -0.156631 3
    endloop
  endfacet
  facet normal -0.779254 -0.181684 0.599795
    outer loop
      vertex 6.15791 -0.384375 2.61
      vertex 6.44089 -0.310582 3
      vertex 6.42306 -0.234108 3
    endloop
  endfacet
  facet normal -0.778858 -0.183309 0.599815
    outer loop
      vertex 6.44089 -0.310582 3
      vertex 6.15791 -0.384375 2.61
      vertex 6.15836 -0.386287 2.61
    endloop
  endfacet
  facet normal -0.748878 -0.281849 0.599786
    outer loop
      vertex 6.18671 -0.479748 2.61
      vertex 6.49134 -0.45922 3
      vertex 6.46368 -0.385727 3
    endloop
  endfacet
  facet normal -0.74901 -0.281337 0.599862
    outer loop
      vertex 6.49134 -0.45922 3
      vertex 6.18671 -0.479748 2.61
      vertex 6.1874 -0.481585 2.61
    endloop
  endfacet
  facet normal -0.765705 -0.232265 0.59979
    outer loop
      vertex 6.44089 -0.310582 3
      vertex 6.15836 -0.386287 2.61
      vertex 6.18614 -0.477869 2.61
    endloop
  endfacet
  facet normal -0.779255 -0.181681 0.599795
    outer loop
      vertex 6.42306 -0.234108 3
      vertex 6.13618 -0.291172 2.61
      vertex 6.15791 -0.384375 2.61
    endloop
  endfacet
  facet normal 0.281949 -0.748842 0.599784
    outer loop
      vertex 8.07975 -1.41329 2.61
      vertex 8.05922 -1.10865 3
      vertex 7.98573 -1.13632 3
    endloop
  endfacet
  facet normal 0.282315 -0.748748 0.599729
    outer loop
      vertex 8.05922 -1.10865 3
      vertex 8.07975 -1.41329 2.61
      vertex 8.08158 -1.4126 2.61
    endloop
  endfacet
  facet normal 0.28184 -0.748871 0.599798
    outer loop
      vertex 8.17115 -1.37889 2.61
      vertex 8.05922 -1.10865 3
      vertex 8.08158 -1.4126 2.61
    endloop
  endfacet
  facet normal 0.0262534 -0.799726 0.599791
    outer loop
      vertex 7.67848 -1.19743 3
      vertex 7.60196 -1.49244 2.61
      vertex 7.69761 -1.4893 2.61
    endloop
  endfacet
  facet normal 0.54697 -0.584008 0.599798
    outer loop
      vertex 8.65536 -1.05536 2.61
      vertex 8.44853 -0.848528 3
      vertex 8.58551 -1.12078 2.61
    endloop
  endfacet
  facet normal 0.466011 -0.650442 0.599799
    outer loop
      vertex 8.50858 -1.18408 2.61
      vertex 8.33051 -0.952024 3
      vertex 8.43078 -1.23982 2.61
    endloop
  endfacet
  facet normal 0.584024 -0.546953 0.599798
    outer loop
      vertex 8.72078 -0.985506 2.61
      vertex 8.44853 -0.848528 3
      vertex 8.65536 -1.05536 2.61
    endloop
  endfacet
  facet normal 0.584438 -0.546509 0.599801
    outer loop
      vertex 8.50221 -0.791215 3
      vertex 8.72078 -0.985506 2.61
      vertex 8.72212 -0.984073 2.61
    endloop
  endfacet
  facet normal 0.584002 -0.546983 0.599793
    outer loop
      vertex 8.72078 -0.985506 2.61
      vertex 8.50221 -0.791215 3
      vertex 8.44853 -0.848528 3
    endloop
  endfacet
  facet normal 0.618545 -0.507588 0.599798
    outer loop
      vertex 8.78408 -0.908575 2.61
      vertex 8.55202 -0.730514 3
      vertex 8.72337 -0.982556 2.61
    endloop
  endfacet
  facet normal 0.67948 -0.422548 0.5998
    outer loop
      vertex 8.89151 -0.747917 2.61
      vertex 8.59776 -0.666684 3
      vertex 8.84097 -0.829188 2.61
    endloop
  endfacet
  facet normal 0.705656 -0.377217 0.599798
    outer loop
      vertex 8.63923 -0.599999 3
      vertex 8.89347 -0.744519 2.61
      vertex 8.67625 -0.530746 3
    endloop
  endfacet
  facet normal 0.70485 -0.378689 0.599818
    outer loop
      vertex 8.89347 -0.744519 2.61
      vertex 8.63923 -0.599999 3
      vertex 8.89254 -0.74625 2.61
    endloop
  endfacet
  facet normal 0.679482 -0.422556 0.599792
    outer loop
      vertex 8.59776 -0.666684 3
      vertex 8.89254 -0.74625 2.61
      vertex 8.63923 -0.599999 3
    endloop
  endfacet
  facet normal 0.680489 -0.420458 0.600125
    outer loop
      vertex 8.89254 -0.74625 2.61
      vertex 8.59776 -0.666684 3
      vertex 8.89151 -0.747917 2.61
    endloop
  endfacet
  facet normal 0.765705 -0.232265 0.59979
    outer loop
      vertex 9.04164 -0.386287 2.61
      vertex 8.75911 -0.310582 3
      vertex 9.01386 -0.477869 2.61
    endloop
  endfacet
  facet normal 0.779254 -0.181684 0.599795
    outer loop
      vertex 8.75911 -0.310582 3
      vertex 9.04209 -0.384375 2.61
      vertex 8.77694 -0.234108 3
    endloop
  endfacet
  facet normal 0.778858 -0.183309 0.599815
    outer loop
      vertex 9.04209 -0.384375 2.61
      vertex 8.75911 -0.310582 3
      vertex 9.04164 -0.386287 2.61
    endloop
  endfacet
  facet normal 0.789469 -0.130327 0.599795
    outer loop
      vertex 8.77694 -0.234108 3
      vertex 9.06414 -0.289235 2.61
      vertex 8.78973 -0.156631 3
    endloop
  endfacet
  facet normal 0.789452 -0.130421 0.599796
    outer loop
      vertex 9.06414 -0.289235 2.61
      vertex 8.77694 -0.234108 3
      vertex 9.06382 -0.291172 2.61
    endloop
  endfacet
  facet normal 0.422552 0.679477 0.599801
    outer loop
      vertex 8.34792 1.29151 2.61
      vertex 8.26668 0.997763 3
      vertex 8.42919 1.24097 2.61
    endloop
  endfacet
  facet normal 0.378858 0.704757 0.59982
    outer loop
      vertex 8.34452 1.29347 2.61
      vertex 8.2 1.03923 3
      vertex 8.34625 1.29254 2.61
    endloop
  endfacet
  facet normal 0.377229 0.705649 0.599798
    outer loop
      vertex 8.2 1.03923 3
      vertex 8.34452 1.29347 2.61
      vertex 8.13075 1.07625 3
    endloop
  endfacet
  facet normal 0.28184 0.748871 0.599798
    outer loop
      vertex 8.08158 1.4126 2.61
      vertex 8.05922 1.10865 3
      vertex 8.17115 1.37889 2.61
    endloop
  endfacet
  facet normal 0.0784582 0.796299 0.599793
    outer loop
      vertex 7.69957 1.48911 2.61
      vertex 7.67848 1.19743 3
      vertex 7.75663 1.18973 3
    endloop
  endfacet
  facet normal 0.0772031 0.796411 0.599808
    outer loop
      vertex 7.67848 1.19743 3
      vertex 7.69957 1.48911 2.61
      vertex 7.69761 1.4893 2.61
    endloop
  endfacet
  facet normal 0.72885 0.330184 0.599798
    outer loop
      vertex 8.67625 0.530746 3
      vertex 8.97889 0.571154 2.61
      vertex 8.97808 0.572942 2.61
    endloop
  endfacet
  facet normal 0.728828 0.330248 0.599788
    outer loop
      vertex 8.97889 0.571154 2.61
      vertex 8.67625 0.530746 3
      vertex 8.70866 0.45922 3
    endloop
  endfacet
  facet normal 0.618545 0.507588 0.599798
    outer loop
      vertex 8.72337 0.982556 2.61
      vertex 8.55202 0.730514 3
      vertex 8.78408 0.908575 2.61
    endloop
  endfacet
  facet normal 0.796299 0.0784249 0.599797
    outer loop
      vertex 9.07973 0.194809 2.61
      vertex 8.78973 0.156631 3
      vertex 9.08911 0.0995677 2.61
    endloop
  endfacet
  facet normal 0.789464 0.130343 0.599797
    outer loop
      vertex 9.06414 0.289235 2.61
      vertex 8.78973 0.156631 3
      vertex 9.07973 0.194809 2.61
    endloop
  endfacet
  facet normal 0.765705 0.232279 0.599786
    outer loop
      vertex 8.73632 0.385727 3
      vertex 9.01386 0.477869 2.61
      vertex 9.01329 0.479748 2.61
    endloop
  endfacet
  facet normal 0.765721 0.232228 0.599785
    outer loop
      vertex 9.01386 0.477869 2.61
      vertex 8.73632 0.385727 3
      vertex 8.75911 0.310582 3
    endloop
  endfacet
  facet normal -0.789464 0.130343 0.599797
    outer loop
      vertex 6.13586 0.289235 2.61
      vertex 6.12027 0.194809 2.61
      vertex 6.41027 0.156631 3
    endloop
  endfacet
  facet normal -0.796299 0.0784249 0.599797
    outer loop
      vertex 6.12027 0.194809 2.61
      vertex 6.11089 0.0995677 2.61
      vertex 6.41027 0.156631 3
    endloop
  endfacet
  facet normal -0.779255 0.181681 0.599795
    outer loop
      vertex 6.15791 0.384375 2.61
      vertex 6.13618 0.291172 2.61
      vertex 6.42306 0.234108 3
    endloop
  endfacet
  facet normal -0.765705 0.232279 0.599786
    outer loop
      vertex 6.18614 0.477869 2.61
      vertex 6.46368 0.385727 3
      vertex 6.18671 0.479748 2.61
    endloop
  endfacet
  facet normal -0.765721 0.232228 0.599785
    outer loop
      vertex 6.46368 0.385727 3
      vertex 6.18614 0.477869 2.61
      vertex 6.44089 0.310582 3
    endloop
  endfacet
  facet normal -0.705694 0.37716 0.599789
    outer loop
      vertex 6.30653 0.744519 2.61
      vertex 6.26142 0.660115 2.61
      vertex 6.52375 0.530746 3
    endloop
  endfacet
  facet normal -0.650418 0.466047 0.599797
    outer loop
      vertex 6.41592 0.908575 2.61
      vertex 6.36018 0.830784 2.61
      vertex 6.64798 0.730514 3
    endloop
  endfacet
  facet normal -0.70485 0.378689 0.599818
    outer loop
      vertex 6.30653 0.744519 2.61
      vertex 6.56077 0.599999 3
      vertex 6.30746 0.74625 2.61
    endloop
  endfacet
  facet normal -0.705656 0.377217 0.599798
    outer loop
      vertex 6.56077 0.599999 3
      vertex 6.30653 0.744519 2.61
      vertex 6.52375 0.530746 3
    endloop
  endfacet
  facet normal -0.618545 0.507588 0.599798
    outer loop
      vertex 6.47663 0.982556 2.61
      vertex 6.41592 0.908575 2.61
      vertex 6.64798 0.730514 3
    endloop
  endfacet
  facet normal -0.61751 0.508825 0.599815
    outer loop
      vertex 6.47663 0.982556 2.61
      vertex 6.69779 0.791215 3
      vertex 6.47788 0.984073 2.61
    endloop
  endfacet
  facet normal -0.618557 0.507575 0.599795
    outer loop
      vertex 6.69779 0.791215 3
      vertex 6.47663 0.982556 2.61
      vertex 6.64798 0.730514 3
    endloop
  endfacet
  facet normal -0.232214 0.765726 0.599784
    outer loop
      vertex 7.12213 1.41386 2.61
      vertex 7.21427 1.13632 3
      vertex 7.28942 1.15911 3
    endloop
  endfacet
  facet normal -0.232166 0.765741 0.599783
    outer loop
      vertex 7.21427 1.13632 3
      vertex 7.12213 1.41386 2.61
      vertex 7.12025 1.41329 2.61
    endloop
  endfacet
  facet normal -0.181668 0.779259 0.599794
    outer loop
      vertex 7.30883 1.46382 2.61
      vertex 7.21562 1.44209 2.61
      vertex 7.36589 1.17694 3
    endloop
  endfacet
  facet normal -0.181693 0.77925 0.599798
    outer loop
      vertex 7.21562 1.44209 2.61
      vertex 7.28942 1.15911 3
      vertex 7.36589 1.17694 3
    endloop
  endfacet
  facet normal -0.18349 0.778812 0.59982
    outer loop
      vertex 7.28942 1.15911 3
      vertex 7.21562 1.44209 2.61
      vertex 7.21371 1.44164 2.61
    endloop
  endfacet
  facet normal -0.377229 0.705649 0.599798
    outer loop
      vertex 6.85548 1.29347 2.61
      vertex 7 1.03923 3
      vertex 7.06925 1.07625 3
    endloop
  endfacet
  facet normal -0.378858 0.704757 0.59982
    outer loop
      vertex 7 1.03923 3
      vertex 6.85548 1.29347 2.61
      vertex 6.85375 1.29254 2.61
    endloop
  endfacet
  facet normal -0.466011 0.650442 0.599799
    outer loop
      vertex 6.76922 1.23982 2.61
      vertex 6.69142 1.18408 2.61
      vertex 6.86949 0.952024 3
    endloop
  endfacet
  facet normal -0.50759 0.618539 0.599801
    outer loop
      vertex 6.69142 1.18408 2.61
      vertex 6.61744 1.12337 2.61
      vertex 6.86949 0.952024 3
    endloop
  endfacet
  facet normal -0.54697 0.584008 0.599798
    outer loop
      vertex 6.61449 1.12078 2.61
      vertex 6.54464 1.05536 2.61
      vertex 6.75147 0.848528 3
    endloop
  endfacet
  facet normal -0.545074 0.585751 0.599825
    outer loop
      vertex 6.61449 1.12078 2.61
      vertex 6.80878 0.902207 3
      vertex 6.61593 1.12212 2.61
    endloop
  endfacet
  facet normal -0.546992 0.583992 0.599795
    outer loop
      vertex 6.80878 0.902207 3
      vertex 6.61449 1.12078 2.61
      vertex 6.75147 0.848528 3
    endloop
  endfacet
  facet normal -0.422552 -0.679477 0.599801
    outer loop
      vertex 6.93332 -0.997763 3
      vertex 6.77081 -1.24097 2.61
      vertex 6.85208 -1.29151 2.61
    endloop
  endfacet
  facet normal -0.378858 -0.704757 0.59982
    outer loop
      vertex 6.85548 -1.29347 2.61
      vertex 7 -1.03923 3
      vertex 6.85375 -1.29254 2.61
    endloop
  endfacet
  facet normal -0.377229 -0.705649 0.599798
    outer loop
      vertex 7 -1.03923 3
      vertex 6.85548 -1.29347 2.61
      vertex 7.06925 -1.07625 3
    endloop
  endfacet
  facet normal -0.281868 -0.74886 0.599799
    outer loop
      vertex 7.14078 -1.10865 3
      vertex 7.02885 -1.37889 2.61
      vertex 7.11841 -1.4126 2.61
    endloop
  endfacet
  facet normal -0.0262534 -0.799726 0.599791
    outer loop
      vertex 7.52152 -1.19743 3
      vertex 7.50239 -1.4893 2.61
      vertex 7.59804 -1.49244 2.61
    endloop
  endfacet
  facet normal -0.728828 -0.330248 0.599788
    outer loop
      vertex 6.22111 -0.571154 2.61
      vertex 6.52375 -0.530746 3
      vertex 6.49134 -0.45922 3
    endloop
  endfacet
  facet normal -0.72885 -0.330184 0.599798
    outer loop
      vertex 6.52375 -0.530746 3
      vertex 6.22111 -0.571154 2.61
      vertex 6.22192 -0.572942 2.61
    endloop
  endfacet
  facet normal -0.618545 -0.507588 0.599798
    outer loop
      vertex 6.64798 -0.730514 3
      vertex 6.41592 -0.908575 2.61
      vertex 6.47663 -0.982556 2.61
    endloop
  endfacet
  facet normal -0.796299 -0.0784249 0.599797
    outer loop
      vertex 6.41027 -0.156631 3
      vertex 6.11089 -0.0995677 2.61
      vertex 6.12027 -0.194809 2.61
    endloop
  endfacet
  facet normal -0.789464 -0.130343 0.599797
    outer loop
      vertex 6.41027 -0.156631 3
      vertex 6.12027 -0.194809 2.61
      vertex 6.13586 -0.289235 2.61
    endloop
  endfacet
  facet normal -0.765721 -0.232228 0.599785
    outer loop
      vertex 6.18614 -0.477869 2.61
      vertex 6.46368 -0.385727 3
      vertex 6.44089 -0.310582 3
    endloop
  endfacet
  facet normal -0.765705 -0.232279 0.599786
    outer loop
      vertex 6.46368 -0.385727 3
      vertex 6.18614 -0.477869 2.61
      vertex 6.18671 -0.479748 2.61
    endloop
  endfacet
  facet normal 0.130322 -0.789471 0.599793
    outer loop
      vertex 7.88923 -1.46414 2.61
      vertex 7.83411 -1.17694 3
      vertex 7.75663 -1.18973 3
    endloop
  endfacet
  facet normal 0.130225 -0.789488 0.599792
    outer loop
      vertex 7.83411 -1.17694 3
      vertex 7.88923 -1.46414 2.61
      vertex 7.89117 -1.46382 2.61
    endloop
  endfacet
  facet normal 0.0772031 -0.796411 0.599808
    outer loop
      vertex 7.69957 -1.48911 2.61
      vertex 7.67848 -1.19743 3
      vertex 7.69761 -1.4893 2.61
    endloop
  endfacet
  facet normal 0.0784582 -0.796299 0.599793
    outer loop
      vertex 7.67848 -1.19743 3
      vertex 7.69957 -1.48911 2.61
      vertex 7.75663 -1.18973 3
    endloop
  endfacet
  facet normal 0.546992 -0.583992 0.599795
    outer loop
      vertex 8.39122 -0.902207 3
      vertex 8.58551 -1.12078 2.61
      vertex 8.44853 -0.848528 3
    endloop
  endfacet
  facet normal 0.545074 -0.585751 0.599825
    outer loop
      vertex 8.58551 -1.12078 2.61
      vertex 8.39122 -0.902207 3
      vertex 8.58407 -1.12212 2.61
    endloop
  endfacet
  facet normal 0.50759 -0.618539 0.599801
    outer loop
      vertex 8.58256 -1.12337 2.61
      vertex 8.33051 -0.952024 3
      vertex 8.50858 -1.18408 2.61
    endloop
  endfacet
  facet normal 0.650399 -0.46607 0.5998
    outer loop
      vertex 8.55202 -0.730514 3
      vertex 8.84097 -0.829188 2.61
      vertex 8.59776 -0.666684 3
    endloop
  endfacet
  facet normal 0.649364 -0.4679 0.599496
    outer loop
      vertex 8.84097 -0.829188 2.61
      vertex 8.55202 -0.730514 3
      vertex 8.83982 -0.830784 2.61
    endloop
  endfacet
  facet normal 0.705694 -0.37716 0.599789
    outer loop
      vertex 8.93858 -0.660115 2.61
      vertex 8.67625 -0.530746 3
      vertex 8.89347 -0.744519 2.61
    endloop
  endfacet
  facet normal 0.765721 -0.232228 0.599785
    outer loop
      vertex 8.73632 -0.385727 3
      vertex 9.01386 -0.477869 2.61
      vertex 8.75911 -0.310582 3
    endloop
  endfacet
  facet normal 0.765705 -0.232279 0.599786
    outer loop
      vertex 9.01386 -0.477869 2.61
      vertex 8.73632 -0.385727 3
      vertex 9.01329 -0.479748 2.61
    endloop
  endfacet
  facet normal 0.510216 0.616341 0.599837
    outer loop
      vertex 8.58256 1.12337 2.61
      vertex 8.39122 0.902207 3
      vertex 8.58407 1.12212 2.61
    endloop
  endfacet
  facet normal 0.507572 0.618558 0.599797
    outer loop
      vertex 8.39122 0.902207 3
      vertex 8.58256 1.12337 2.61
      vertex 8.33051 0.952024 3
    endloop
  endfacet
  facet normal 0.50759 0.618539 0.599801
    outer loop
      vertex 8.50858 1.18408 2.61
      vertex 8.33051 0.952024 3
      vertex 8.58256 1.12337 2.61
    endloop
  endfacet
  facet normal 0.377141 0.705708 0.599783
    outer loop
      vertex 8.26011 1.33858 2.61
      vertex 8.13075 1.07625 3
      vertex 8.34452 1.29347 2.61
    endloop
  endfacet
  facet normal 0.419875 0.680768 0.600216
    outer loop
      vertex 8.34625 1.29254 2.61
      vertex 8.26668 0.997763 3
      vertex 8.34792 1.29151 2.61
    endloop
  endfacet
  facet normal 0.422557 0.679482 0.599791
    outer loop
      vertex 8.26668 0.997763 3
      vertex 8.34625 1.29254 2.61
      vertex 8.2 1.03923 3
    endloop
  endfacet
  facet normal 0.282315 0.748748 0.599729
    outer loop
      vertex 8.07975 1.41329 2.61
      vertex 8.05922 1.10865 3
      vertex 8.08158 1.4126 2.61
    endloop
  endfacet
  facet normal 0.281949 0.748842 0.599784
    outer loop
      vertex 8.05922 1.10865 3
      vertex 8.07975 1.41329 2.61
      vertex 7.98573 1.13632 3
    endloop
  endfacet
  facet normal 0.329864 0.728958 0.599842
    outer loop
      vertex 8.17115 1.37889 2.61
      vertex 8.13075 1.07625 3
      vertex 8.17294 1.37808 2.61
    endloop
  endfacet
  facet normal 0.330145 0.728866 0.599799
    outer loop
      vertex 8.13075 1.07625 3
      vertex 8.17115 1.37889 2.61
      vertex 8.05922 1.10865 3
    endloop
  endfacet
  facet normal 0.130351 0.789463 0.599798
    outer loop
      vertex 7.79481 1.47973 2.61
      vertex 7.75663 1.18973 3
      vertex 7.88923 1.46414 2.61
    endloop
  endfacet
  facet normal 0.0784259 0.796299 0.599798
    outer loop
      vertex 7.79481 1.47973 2.61
      vertex 7.69957 1.48911 2.61
      vertex 7.75663 1.18973 3
    endloop
  endfacet
  facet normal 0.181668 0.779259 0.599794
    outer loop
      vertex 7.89117 1.46382 2.61
      vertex 7.83411 1.17694 3
      vertex 7.98438 1.44209 2.61
    endloop
  endfacet
  facet normal 0.232166 0.765741 0.599783
    outer loop
      vertex 8.07787 1.41386 2.61
      vertex 7.98573 1.13632 3
      vertex 8.07975 1.41329 2.61
    endloop
  endfacet
  facet normal 0.232214 0.765726 0.599784
    outer loop
      vertex 7.98573 1.13632 3
      vertex 8.07787 1.41386 2.61
      vertex 7.91058 1.15911 3
    endloop
  endfacet
  facet normal 0.61751 0.508825 0.599815
    outer loop
      vertex 8.50221 0.791215 3
      vertex 8.72337 0.982556 2.61
      vertex 8.72212 0.984073 2.61
    endloop
  endfacet
  facet normal 0.618557 0.507575 0.599795
    outer loop
      vertex 8.72337 0.982556 2.61
      vertex 8.50221 0.791215 3
      vertex 8.55202 0.730514 3
    endloop
  endfacet
  facet normal 0.584438 0.546509 0.599801
    outer loop
      vertex 8.72078 0.985506 2.61
      vertex 8.50221 0.791215 3
      vertex 8.72212 0.984073 2.61
    endloop
  endfacet
  facet normal 0.584002 0.546983 0.599793
    outer loop
      vertex 8.50221 0.791215 3
      vertex 8.72078 0.985506 2.61
      vertex 8.44853 0.848528 3
    endloop
  endfacet
  facet normal -0.789452 0.130421 0.599796
    outer loop
      vertex 6.13586 0.289235 2.61
      vertex 6.42306 0.234108 3
      vertex 6.13618 0.291172 2.61
    endloop
  endfacet
  facet normal -0.789469 0.130327 0.599795
    outer loop
      vertex 6.42306 0.234108 3
      vertex 6.13586 0.289235 2.61
      vertex 6.41027 0.156631 3
    endloop
  endfacet
  facet normal -0.765705 0.232265 0.59979
    outer loop
      vertex 6.18614 0.477869 2.61
      vertex 6.15836 0.386287 2.61
      vertex 6.44089 0.310582 3
    endloop
  endfacet
  facet normal -0.680489 0.420458 0.600125
    outer loop
      vertex 6.30746 0.74625 2.61
      vertex 6.60224 0.666684 3
      vertex 6.30849 0.747917 2.61
    endloop
  endfacet
  facet normal -0.679482 0.422556 0.599792
    outer loop
      vertex 6.60224 0.666684 3
      vertex 6.30746 0.74625 2.61
      vertex 6.56077 0.599999 3
    endloop
  endfacet
  facet normal -0.584002 0.546983 0.599793
    outer loop
      vertex 6.47922 0.985506 2.61
      vertex 6.69779 0.791215 3
      vertex 6.75147 0.848528 3
    endloop
  endfacet
  facet normal -0.584438 0.546509 0.599801
    outer loop
      vertex 6.69779 0.791215 3
      vertex 6.47922 0.985506 2.61
      vertex 6.47788 0.984073 2.61
    endloop
  endfacet
  facet normal -0.584024 0.546953 0.599798
    outer loop
      vertex 6.54464 1.05536 2.61
      vertex 6.47922 0.985506 2.61
      vertex 6.75147 0.848528 3
    endloop
  endfacet
  facet normal -0.0244825 0.79976 0.59982
    outer loop
      vertex 7.59804 1.49244 2.61
      vertex 7.6 1.2 3
      vertex 7.6 1.4925 2.61
    endloop
  endfacet
  facet normal -0.0261886 0.799721 0.5998
    outer loop
      vertex 7.6 1.2 3
      vertex 7.59804 1.49244 2.61
      vertex 7.52152 1.19743 3
    endloop
  endfacet
  facet normal -0.0784259 0.796299 0.599798
    outer loop
      vertex 7.50043 1.48911 2.61
      vertex 7.40519 1.47973 2.61
      vertex 7.44337 1.18973 3
    endloop
  endfacet
  facet normal -0.130322 0.789471 0.599793
    outer loop
      vertex 7.31077 1.46414 2.61
      vertex 7.36589 1.17694 3
      vertex 7.44337 1.18973 3
    endloop
  endfacet
  facet normal -0.130225 0.789488 0.599792
    outer loop
      vertex 7.36589 1.17694 3
      vertex 7.31077 1.46414 2.61
      vertex 7.30883 1.46382 2.61
    endloop
  endfacet
  facet normal -0.330259 0.728827 0.599783
    outer loop
      vertex 7.02706 1.37808 2.61
      vertex 6.93989 1.33858 2.61
      vertex 7.06925 1.07625 3
    endloop
  endfacet
  facet normal -0.422552 0.679477 0.599801
    outer loop
      vertex 6.85208 1.29151 2.61
      vertex 6.77081 1.24097 2.61
      vertex 6.93332 0.997763 3
    endloop
  endfacet
  facet normal -0.466063 0.650403 0.599801
    outer loop
      vertex 6.77081 1.24097 2.61
      vertex 6.86949 0.952024 3
      vertex 6.93332 0.997763 3
    endloop
  endfacet
  facet normal -0.469152 0.648654 0.599287
    outer loop
      vertex 6.86949 0.952024 3
      vertex 6.77081 1.24097 2.61
      vertex 6.76922 1.23982 2.61
    endloop
  endfacet
  facet normal -0.510216 -0.616341 0.599837
    outer loop
      vertex 6.61744 -1.12337 2.61
      vertex 6.80878 -0.902207 3
      vertex 6.61593 -1.12212 2.61
    endloop
  endfacet
  facet normal -0.507572 -0.618558 0.599797
    outer loop
      vertex 6.80878 -0.902207 3
      vertex 6.61744 -1.12337 2.61
      vertex 6.86949 -0.952024 3
    endloop
  endfacet
  facet normal -0.50759 -0.618539 0.599801
    outer loop
      vertex 6.86949 -0.952024 3
      vertex 6.61744 -1.12337 2.61
      vertex 6.69142 -1.18408 2.61
    endloop
  endfacet
  facet normal -0.377141 -0.705708 0.599783
    outer loop
      vertex 7.06925 -1.07625 3
      vertex 6.85548 -1.29347 2.61
      vertex 6.93989 -1.33858 2.61
    endloop
  endfacet
  facet normal -0.419875 -0.680768 0.600216
    outer loop
      vertex 6.85375 -1.29254 2.61
      vertex 6.93332 -0.997763 3
      vertex 6.85208 -1.29151 2.61
    endloop
  endfacet
  facet normal -0.422557 -0.679482 0.599791
    outer loop
      vertex 6.93332 -0.997763 3
      vertex 6.85375 -1.29254 2.61
      vertex 7 -1.03923 3
    endloop
  endfacet
  facet normal -0.280915 -0.749108 0.599937
    outer loop
      vertex 7.12025 -1.41329 2.61
      vertex 7.14078 -1.10865 3
      vertex 7.11841 -1.4126 2.61
    endloop
  endfacet
  facet normal -0.281949 -0.748842 0.599784
    outer loop
      vertex 7.14078 -1.10865 3
      vertex 7.12025 -1.41329 2.61
      vertex 7.21427 -1.13632 3
    endloop
  endfacet
  facet normal -0.329864 -0.728958 0.599842
    outer loop
      vertex 7.02885 -1.37889 2.61
      vertex 7.06925 -1.07625 3
      vertex 7.02706 -1.37808 2.61
    endloop
  endfacet
  facet normal -0.330145 -0.728866 0.599799
    outer loop
      vertex 7.06925 -1.07625 3
      vertex 7.02885 -1.37889 2.61
      vertex 7.14078 -1.10865 3
    endloop
  endfacet
  facet normal -0.181668 -0.779259 0.599794
    outer loop
      vertex 7.36589 -1.17694 3
      vertex 7.21562 -1.44209 2.61
      vertex 7.30883 -1.46382 2.61
    endloop
  endfacet
  facet normal -0.232166 -0.765741 0.599783
    outer loop
      vertex 7.12213 -1.41386 2.61
      vertex 7.21427 -1.13632 3
      vertex 7.12025 -1.41329 2.61
    endloop
  endfacet
  facet normal -0.232214 -0.765726 0.599784
    outer loop
      vertex 7.21427 -1.13632 3
      vertex 7.12213 -1.41386 2.61
      vertex 7.28942 -1.15911 3
    endloop
  endfacet
  facet normal -0.0784259 -0.796299 0.599798
    outer loop
      vertex 7.44337 -1.18973 3
      vertex 7.40519 -1.47973 2.61
      vertex 7.50043 -1.48911 2.61
    endloop
  endfacet
  facet normal -0.0784582 -0.796299 0.599793
    outer loop
      vertex 7.50043 -1.48911 2.61
      vertex 7.52152 -1.19743 3
      vertex 7.44337 -1.18973 3
    endloop
  endfacet
  facet normal -0.0772031 -0.796411 0.599808
    outer loop
      vertex 7.52152 -1.19743 3
      vertex 7.50043 -1.48911 2.61
      vertex 7.50239 -1.4893 2.61
    endloop
  endfacet
  facet normal -0.618557 -0.507575 0.599795
    outer loop
      vertex 6.47663 -0.982556 2.61
      vertex 6.69779 -0.791215 3
      vertex 6.64798 -0.730514 3
    endloop
  endfacet
  facet normal -0.61751 -0.508825 0.599815
    outer loop
      vertex 6.69779 -0.791215 3
      vertex 6.47663 -0.982556 2.61
      vertex 6.47788 -0.984073 2.61
    endloop
  endfacet
  facet normal -0.584002 -0.546983 0.599793
    outer loop
      vertex 6.69779 -0.791215 3
      vertex 6.47922 -0.985506 2.61
      vertex 6.75147 -0.848528 3
    endloop
  endfacet
  facet normal -0.584438 -0.546509 0.599801
    outer loop
      vertex 6.47922 -0.985506 2.61
      vertex 6.69779 -0.791215 3
      vertex 6.47788 -0.984073 2.61
    endloop
  endfacet
  facet normal 0.330259 -0.728827 0.599783
    outer loop
      vertex 8.26011 -1.33858 2.61
      vertex 8.13075 -1.07625 3
      vertex 8.17294 -1.37808 2.61
    endloop
  endfacet
  facet normal 0.422557 -0.679482 0.599791
    outer loop
      vertex 8.34625 -1.29254 2.61
      vertex 8.26668 -0.997763 3
      vertex 8.2 -1.03923 3
    endloop
  endfacet
  facet normal 0.419875 -0.680768 0.600216
    outer loop
      vertex 8.26668 -0.997763 3
      vertex 8.34625 -1.29254 2.61
      vertex 8.34792 -1.29151 2.61
    endloop
  endfacet
  facet normal 0.377141 -0.705708 0.599783
    outer loop
      vertex 8.34452 -1.29347 2.61
      vertex 8.13075 -1.07625 3
      vertex 8.26011 -1.33858 2.61
    endloop
  endfacet
  facet normal 0.377229 -0.705649 0.599798
    outer loop
      vertex 8.34452 -1.29347 2.61
      vertex 8.2 -1.03923 3
      vertex 8.13075 -1.07625 3
    endloop
  endfacet
  facet normal 0.378858 -0.704757 0.59982
    outer loop
      vertex 8.2 -1.03923 3
      vertex 8.34452 -1.29347 2.61
      vertex 8.34625 -1.29254 2.61
    endloop
  endfacet
  facet normal 0.181668 -0.779259 0.599794
    outer loop
      vertex 7.98438 -1.44209 2.61
      vertex 7.83411 -1.17694 3
      vertex 7.89117 -1.46382 2.61
    endloop
  endfacet
  facet normal 0.232214 -0.765726 0.599784
    outer loop
      vertex 8.07787 -1.41386 2.61
      vertex 7.98573 -1.13632 3
      vertex 7.91058 -1.15911 3
    endloop
  endfacet
  facet normal 0.232166 -0.765741 0.599783
    outer loop
      vertex 7.98573 -1.13632 3
      vertex 8.07787 -1.41386 2.61
      vertex 8.07975 -1.41329 2.61
    endloop
  endfacet
  facet normal 0.0244825 -0.79976 0.59982
    outer loop
      vertex 7.60196 -1.49244 2.61
      vertex 7.6 -1.2 3
      vertex 7.6 -1.4925 2.61
    endloop
  endfacet
  facet normal 0.0261886 -0.799721 0.5998
    outer loop
      vertex 7.6 -1.2 3
      vertex 7.60196 -1.49244 2.61
      vertex 7.67848 -1.19743 3
    endloop
  endfacet
  facet normal 0.728828 -0.330248 0.599788
    outer loop
      vertex 8.97808 -0.572942 2.61
      vertex 8.67625 -0.530746 3
      vertex 8.93858 -0.660115 2.61
    endloop
  endfacet
  facet normal 0.728828 -0.330248 0.599788
    outer loop
      vertex 8.67625 -0.530746 3
      vertex 8.97889 -0.571154 2.61
      vertex 8.70866 -0.45922 3
    endloop
  endfacet
  facet normal 0.72885 -0.330184 0.599798
    outer loop
      vertex 8.97889 -0.571154 2.61
      vertex 8.67625 -0.530746 3
      vertex 8.97808 -0.572942 2.61
    endloop
  endfacet
  facet normal 0.469152 0.648654 0.599287
    outer loop
      vertex 8.42919 1.24097 2.61
      vertex 8.33051 0.952024 3
      vertex 8.43078 1.23982 2.61
    endloop
  endfacet
  facet normal 0.466063 0.650403 0.599801
    outer loop
      vertex 8.33051 0.952024 3
      vertex 8.42919 1.24097 2.61
      vertex 8.26668 0.997763 3
    endloop
  endfacet
  facet normal 0.130225 0.789488 0.599792
    outer loop
      vertex 7.88923 1.46414 2.61
      vertex 7.83411 1.17694 3
      vertex 7.89117 1.46382 2.61
    endloop
  endfacet
  facet normal 0.130322 0.789471 0.599793
    outer loop
      vertex 7.83411 1.17694 3
      vertex 7.88923 1.46414 2.61
      vertex 7.75663 1.18973 3
    endloop
  endfacet
  facet normal 0.232269 0.765702 0.599792
    outer loop
      vertex 7.98629 1.44164 2.61
      vertex 7.91058 1.15911 3
      vertex 8.07787 1.41386 2.61
    endloop
  endfacet
  facet normal -0.778858 0.183309 0.599815
    outer loop
      vertex 6.15791 0.384375 2.61
      vertex 6.44089 0.310582 3
      vertex 6.15836 0.386287 2.61
    endloop
  endfacet
  facet normal -0.779254 0.181684 0.599795
    outer loop
      vertex 6.44089 0.310582 3
      vertex 6.15791 0.384375 2.61
      vertex 6.42306 0.234108 3
    endloop
  endfacet
  facet normal -0.67948 0.422548 0.5998
    outer loop
      vertex 6.35903 0.829188 2.61
      vertex 6.30849 0.747917 2.61
      vertex 6.60224 0.666684 3
    endloop
  endfacet
  facet normal -0.649364 0.4679 0.599496
    outer loop
      vertex 6.35903 0.829188 2.61
      vertex 6.64798 0.730514 3
      vertex 6.36018 0.830784 2.61
    endloop
  endfacet
  facet normal -0.650399 0.46607 0.5998
    outer loop
      vertex 6.64798 0.730514 3
      vertex 6.35903 0.829188 2.61
      vertex 6.60224 0.666684 3
    endloop
  endfacet
  facet normal -0.422557 0.679482 0.599791
    outer loop
      vertex 6.85375 1.29254 2.61
      vertex 6.93332 0.997763 3
      vertex 7 1.03923 3
    endloop
  endfacet
  facet normal -0.419875 0.680768 0.600216
    outer loop
      vertex 6.93332 0.997763 3
      vertex 6.85375 1.29254 2.61
      vertex 6.85208 1.29151 2.61
    endloop
  endfacet
  facet normal -0.469152 -0.648654 0.599287
    outer loop
      vertex 6.77081 -1.24097 2.61
      vertex 6.86949 -0.952024 3
      vertex 6.76922 -1.23982 2.61
    endloop
  endfacet
  facet normal -0.466063 -0.650403 0.599801
    outer loop
      vertex 6.86949 -0.952024 3
      vertex 6.77081 -1.24097 2.61
      vertex 6.93332 -0.997763 3
    endloop
  endfacet
  facet normal -0.232269 -0.765702 0.599792
    outer loop
      vertex 7.28942 -1.15911 3
      vertex 7.12213 -1.41386 2.61
      vertex 7.21371 -1.44164 2.61
    endloop
  endfacet
  facet normal -0.130225 -0.789488 0.599792
    outer loop
      vertex 7.31077 -1.46414 2.61
      vertex 7.36589 -1.17694 3
      vertex 7.30883 -1.46382 2.61
    endloop
  endfacet
  facet normal -0.130322 -0.789471 0.599793
    outer loop
      vertex 7.36589 -1.17694 3
      vertex 7.31077 -1.46414 2.61
      vertex 7.44337 -1.18973 3
    endloop
  endfacet
  facet normal 0.330145 -0.728866 0.599799
    outer loop
      vertex 8.17115 -1.37889 2.61
      vertex 8.13075 -1.07625 3
      vertex 8.05922 -1.10865 3
    endloop
  endfacet
  facet normal 0.329864 -0.728958 0.599842
    outer loop
      vertex 8.13075 -1.07625 3
      vertex 8.17115 -1.37889 2.61
      vertex 8.17294 -1.37808 2.61
    endloop
  endfacet
  facet normal 0.181693 -0.77925 0.599798
    outer loop
      vertex 7.98438 -1.44209 2.61
      vertex 7.91058 -1.15911 3
      vertex 7.83411 -1.17694 3
    endloop
  endfacet
  facet normal 0.18349 -0.778812 0.59982
    outer loop
      vertex 7.91058 -1.15911 3
      vertex 7.98438 -1.44209 2.61
      vertex 7.98629 -1.44164 2.61
    endloop
  endfacet
  facet normal 0.232269 -0.765702 0.599792
    outer loop
      vertex 8.07787 -1.41386 2.61
      vertex 7.91058 -1.15911 3
      vertex 7.98629 -1.44164 2.61
    endloop
  endfacet
  facet normal 0.0784259 -0.796299 0.599798
    outer loop
      vertex 7.75663 -1.18973 3
      vertex 7.69957 -1.48911 2.61
      vertex 7.79481 -1.47973 2.61
    endloop
  endfacet
  facet normal 0.130351 -0.789463 0.599798
    outer loop
      vertex 7.88923 -1.46414 2.61
      vertex 7.75663 -1.18973 3
      vertex 7.79481 -1.47973 2.61
    endloop
  endfacet
  facet normal 0.18349 0.778812 0.59982
    outer loop
      vertex 7.98438 1.44209 2.61
      vertex 7.91058 1.15911 3
      vertex 7.98629 1.44164 2.61
    endloop
  endfacet
  facet normal 0.181693 0.77925 0.599798
    outer loop
      vertex 7.91058 1.15911 3
      vertex 7.98438 1.44209 2.61
      vertex 7.83411 1.17694 3
    endloop
  endfacet
  facet normal -0.18349 -0.778812 0.59982
    outer loop
      vertex 7.21562 -1.44209 2.61
      vertex 7.28942 -1.15911 3
      vertex 7.21371 -1.44164 2.61
    endloop
  endfacet
  facet normal -0.181693 -0.77925 0.599798
    outer loop
      vertex 7.28942 -1.15911 3
      vertex 7.21562 -1.44209 2.61
      vertex 7.36589 -1.17694 3
    endloop
  endfacet
  facet normal 0.634374 -0.773026 0
    outer loop
      vertex 8.51314 -1.19003 1.2
      vertex 8.58902 -1.12776 2.61
      vertex 8.51314 -1.19003 2.61
    endloop
  endfacet
  facet normal 0.634374 -0.773026 0
    outer loop
      vertex 8.58902 -1.12776 2.61
      vertex 8.51314 -1.19003 1.2
      vertex 8.58902 -1.12776 1.2
    endloop
  endfacet
  facet normal -0.352217 -0.935918 0
    outer loop
      vertex 7.02598 -1.38582 1.2
      vertex 7.11784 -1.42039 2.61
      vertex 7.02598 -1.38582 2.61
    endloop
  endfacet
  facet normal -0.352217 -0.935918 -0
    outer loop
      vertex 7.11784 -1.42039 2.61
      vertex 7.02598 -1.38582 1.2
      vertex 7.11784 -1.42039 1.2
    endloop
  endfacet
  facet normal -0.910865 -0.412705 0
    outer loop
      vertex 6.25469 -0.663432 1.2
      vertex 6.21418 -0.574024 2.61
      vertex 6.21418 -0.574024 1.2
    endloop
  endfacet
  facet normal -0.910865 -0.412705 0
    outer loop
      vertex 6.21418 -0.574024 2.61
      vertex 6.25469 -0.663432 1.2
      vertex 6.25469 -0.663432 2.61
    endloop
  endfacet
  facet normal 0.881928 -0.471384 0
    outer loop
      vertex 8.89904 -0.75 2.61
      vertex 8.94531 -0.663432 1.2
      vertex 8.94531 -0.663432 2.61
    endloop
  endfacet
  facet normal 0.881928 -0.471384 0
    outer loop
      vertex 8.94531 -0.663432 1.2
      vertex 8.89904 -0.75 2.61
      vertex 8.89904 -0.75 1.2
    endloop
  endfacet
  facet normal 0.352217 -0.935918 0
    outer loop
      vertex 8.08216 -1.42039 1.2
      vertex 8.17402 -1.38582 2.61
      vertex 8.08216 -1.42039 2.61
    endloop
  endfacet
  facet normal 0.352217 -0.935918 0
    outer loop
      vertex 8.17402 -1.38582 2.61
      vertex 8.08216 -1.42039 1.2
      vertex 8.17402 -1.38582 1.2
    endloop
  endfacet
  facet normal -0.729864 -0.683592 0
    outer loop
      vertex 6.53934 -1.06066 1.2
      vertex 6.47224 -0.989018 2.61
      vertex 6.47224 -0.989018 1.2
    endloop
  endfacet
  facet normal -0.729864 -0.683592 0
    outer loop
      vertex 6.47224 -0.989018 2.61
      vertex 6.53934 -1.06066 1.2
      vertex 6.53934 -1.06066 2.61
    endloop
  endfacet
  facet normal -0.162895 -0.986643 0
    outer loop
      vertex 7.30736 -1.47118 1.2
      vertex 7.40421 -1.48717 2.61
      vertex 7.30736 -1.47118 2.61
    endloop
  endfacet
  facet normal -0.162895 -0.986643 -0
    outer loop
      vertex 7.40421 -1.48717 2.61
      vertex 7.30736 -1.47118 1.2
      vertex 7.40421 -1.48717 1.2
    endloop
  endfacet
  facet normal 0.995186 0.0980072 0
    outer loop
      vertex 9.09679 0.0981045 2.61
      vertex 9.08717 0.195788 1.2
      vertex 9.08717 0.195788 2.61
    endloop
  endfacet
  facet normal 0.995186 0.0980072 0
    outer loop
      vertex 9.08717 0.195788 1.2
      vertex 9.09679 0.0981045 2.61
      vertex 9.09679 0.0981045 1.2
    endloop
  endfacet
  facet normal 0.773014 0.634389 0
    outer loop
      vertex 8.79003 0.913141 2.61
      vertex 8.72776 0.989018 1.2
      vertex 8.72776 0.989018 2.61
    endloop
  endfacet
  facet normal 0.773014 0.634389 0
    outer loop
      vertex 8.72776 0.989018 1.2
      vertex 8.79003 0.913141 2.61
      vertex 8.79003 0.913141 1.2
    endloop
  endfacet
  facet normal -0.683602 0.729855 0
    outer loop
      vertex 6.61098 1.12776 1.2
      vertex 6.53934 1.06066 2.61
      vertex 6.61098 1.12776 2.61
    endloop
  endfacet
  facet normal -0.683602 0.729855 0
    outer loop
      vertex 6.53934 1.06066 2.61
      vertex 6.61098 1.12776 1.2
      vertex 6.53934 1.06066 1.2
    endloop
  endfacet
  facet normal -0.935925 0.352201 0
    outer loop
      vertex 6.17961 0.482159 1.2
      vertex 6.21418 0.574024 2.61
      vertex 6.21418 0.574024 1.2
    endloop
  endfacet
  facet normal -0.935925 0.352201 0
    outer loop
      vertex 6.21418 0.574024 2.61
      vertex 6.17961 0.482159 1.2
      vertex 6.17961 0.482159 2.61
    endloop
  endfacet
  facet normal 0.986643 -0.1629 0
    outer loop
      vertex 9.07118 -0.292635 2.61
      vertex 9.08717 -0.195788 1.2
      vertex 9.08717 -0.195788 2.61
    endloop
  endfacet
  facet normal 0.986643 -0.1629 0
    outer loop
      vertex 9.08717 -0.195788 1.2
      vertex 9.07118 -0.292635 2.61
      vertex 9.07118 -0.292635 1.2
    endloop
  endfacet
  facet normal 0.973875 -0.227084 0
    outer loop
      vertex 9.04889 -0.388228 2.61
      vertex 9.07118 -0.292635 1.2
      vertex 9.07118 -0.292635 2.61
    endloop
  endfacet
  facet normal 0.973875 -0.227084 0
    outer loop
      vertex 9.07118 -0.292635 1.2
      vertex 9.04889 -0.388228 2.61
      vertex 9.04889 -0.388228 1.2
    endloop
  endfacet
  facet normal 0.956951 -0.290251 0
    outer loop
      vertex 9.0204 -0.482159 2.61
      vertex 9.04889 -0.388228 1.2
      vertex 9.04889 -0.388228 2.61
    endloop
  endfacet
  facet normal 0.956951 -0.290251 0
    outer loop
      vertex 9.04889 -0.388228 1.2
      vertex 9.0204 -0.482159 2.61
      vertex 9.0204 -0.482159 1.2
    endloop
  endfacet
  facet normal 0.773014 -0.634389 0
    outer loop
      vertex 8.72776 -0.989018 2.61
      vertex 8.79003 -0.913141 1.2
      vertex 8.79003 -0.913141 2.61
    endloop
  endfacet
  facet normal 0.773014 -0.634389 0
    outer loop
      vertex 8.79003 -0.913141 1.2
      vertex 8.72776 -0.989018 2.61
      vertex 8.72776 -0.989018 1.2
    endloop
  endfacet
  facet normal 0.812865 -0.582452 0
    outer loop
      vertex 8.79003 -0.913141 2.61
      vertex 8.8472 -0.833355 1.2
      vertex 8.8472 -0.833355 2.61
    endloop
  endfacet
  facet normal 0.812865 -0.582452 0
    outer loop
      vertex 8.8472 -0.833355 1.2
      vertex 8.79003 -0.913141 2.61
      vertex 8.79003 -0.913141 1.2
    endloop
  endfacet
  facet normal 0.528093 -0.849187 0
    outer loop
      vertex 8.35 -1.29904 1.2
      vertex 8.43336 -1.2472 2.61
      vertex 8.35 -1.29904 2.61
    endloop
  endfacet
  facet normal 0.528093 -0.849187 0
    outer loop
      vertex 8.43336 -1.2472 2.61
      vertex 8.35 -1.29904 1.2
      vertex 8.43336 -1.2472 1.2
    endloop
  endfacet
  facet normal 0.0327042 -0.999465 0
    outer loop
      vertex 7.6 -1.5 1.2
      vertex 7.6981 -1.49679 2.61
      vertex 7.6 -1.5 2.61
    endloop
  endfacet
  facet normal 0.0327042 -0.999465 0
    outer loop
      vertex 7.6981 -1.49679 2.61
      vertex 7.6 -1.5 1.2
      vertex 7.6981 -1.49679 1.2
    endloop
  endfacet
  facet normal 0.0980007 -0.995186 0
    outer loop
      vertex 7.6981 -1.49679 1.2
      vertex 7.79579 -1.48717 2.61
      vertex 7.6981 -1.49679 2.61
    endloop
  endfacet
  facet normal 0.0980007 -0.995186 0
    outer loop
      vertex 7.79579 -1.48717 2.61
      vertex 7.6981 -1.49679 1.2
      vertex 7.79579 -1.48717 1.2
    endloop
  endfacet
  facet normal 0.290347 -0.956922 0
    outer loop
      vertex 7.98823 -1.44889 1.2
      vertex 8.08216 -1.42039 2.61
      vertex 7.98823 -1.44889 2.61
    endloop
  endfacet
  facet normal 0.290347 -0.956922 0
    outer loop
      vertex 8.08216 -1.42039 2.61
      vertex 7.98823 -1.44889 1.2
      vertex 8.08216 -1.42039 1.2
    endloop
  endfacet
  facet normal 0.227069 -0.973879 0
    outer loop
      vertex 7.89263 -1.47118 1.2
      vertex 7.98823 -1.44889 2.61
      vertex 7.89263 -1.47118 2.61
    endloop
  endfacet
  facet normal 0.227069 -0.973879 0
    outer loop
      vertex 7.98823 -1.44889 2.61
      vertex 7.89263 -1.47118 1.2
      vertex 7.98823 -1.44889 1.2
    endloop
  endfacet
  facet normal -0.999465 -0.0327027 0
    outer loop
      vertex 6.10321 -0.0981045 1.2
      vertex 6.1 0 2.61
      vertex 6.1 0 1.2
    endloop
  endfacet
  facet normal -0.999465 -0.0327027 0
    outer loop
      vertex 6.1 0 2.61
      vertex 6.10321 -0.0981045 1.2
      vertex 6.10321 -0.0981045 2.61
    endloop
  endfacet
  facet normal -0.995186 -0.0980072 0
    outer loop
      vertex 6.11283 -0.195788 1.2
      vertex 6.10321 -0.0981045 2.61
      vertex 6.10321 -0.0981045 1.2
    endloop
  endfacet
  facet normal -0.995186 -0.0980072 0
    outer loop
      vertex 6.10321 -0.0981045 2.61
      vertex 6.11283 -0.195788 1.2
      vertex 6.11283 -0.195788 2.61
    endloop
  endfacet
  facet normal -0.935925 -0.352201 0
    outer loop
      vertex 6.21418 -0.574024 1.2
      vertex 6.17961 -0.482159 2.61
      vertex 6.17961 -0.482159 1.2
    endloop
  endfacet
  facet normal -0.935925 -0.352201 0
    outer loop
      vertex 6.17961 -0.482159 2.61
      vertex 6.21418 -0.574024 1.2
      vertex 6.21418 -0.574024 2.61
    endloop
  endfacet
  facet normal -0.973875 -0.227084 0
    outer loop
      vertex 6.15111 -0.388228 1.2
      vertex 6.12882 -0.292635 2.61
      vertex 6.12882 -0.292635 1.2
    endloop
  endfacet
  facet normal -0.973875 -0.227084 0
    outer loop
      vertex 6.12882 -0.292635 2.61
      vertex 6.15111 -0.388228 1.2
      vertex 6.15111 -0.388228 2.61
    endloop
  endfacet
  facet normal -0.849172 -0.528116 0
    outer loop
      vertex 6.3528 -0.833355 1.2
      vertex 6.30096 -0.75 2.61
      vertex 6.30096 -0.75 1.2
    endloop
  endfacet
  facet normal -0.849172 -0.528116 0
    outer loop
      vertex 6.30096 -0.75 2.61
      vertex 6.3528 -0.833355 1.2
      vertex 6.3528 -0.833355 2.61
    endloop
  endfacet
  facet normal -0.812865 -0.582452 0
    outer loop
      vertex 6.40997 -0.913141 1.2
      vertex 6.3528 -0.833355 2.61
      vertex 6.3528 -0.833355 1.2
    endloop
  endfacet
  facet normal -0.812865 -0.582452 0
    outer loop
      vertex 6.3528 -0.833355 2.61
      vertex 6.40997 -0.913141 1.2
      vertex 6.40997 -0.913141 2.61
    endloop
  endfacet
  facet normal -0.0327042 -0.999465 0
    outer loop
      vertex 7.5019 -1.49679 1.2
      vertex 7.6 -1.5 2.61
      vertex 7.5019 -1.49679 2.61
    endloop
  endfacet
  facet normal -0.0327042 -0.999465 -0
    outer loop
      vertex 7.6 -1.5 2.61
      vertex 7.5019 -1.49679 1.2
      vertex 7.6 -1.5 1.2
    endloop
  endfacet
  facet normal -0.528093 -0.849187 0
    outer loop
      vertex 6.76664 -1.2472 1.2
      vertex 6.85 -1.29904 2.61
      vertex 6.76664 -1.2472 2.61
    endloop
  endfacet
  facet normal -0.528093 -0.849187 -0
    outer loop
      vertex 6.85 -1.29904 2.61
      vertex 6.76664 -1.2472 1.2
      vertex 6.85 -1.29904 1.2
    endloop
  endfacet
  facet normal -0.471376 -0.881932 0
    outer loop
      vertex 6.85 -1.29904 1.2
      vertex 6.93657 -1.34531 2.61
      vertex 6.85 -1.29904 2.61
    endloop
  endfacet
  facet normal -0.471376 -0.881932 -0
    outer loop
      vertex 6.93657 -1.34531 2.61
      vertex 6.85 -1.29904 1.2
      vertex 6.93657 -1.34531 1.2
    endloop
  endfacet
  facet normal -0.683602 -0.729855 0
    outer loop
      vertex 6.53934 -1.06066 1.2
      vertex 6.61098 -1.12776 2.61
      vertex 6.53934 -1.06066 2.61
    endloop
  endfacet
  facet normal -0.683602 -0.729855 -0
    outer loop
      vertex 6.61098 -1.12776 2.61
      vertex 6.53934 -1.06066 1.2
      vertex 6.61098 -1.12776 1.2
    endloop
  endfacet
  facet normal 0.999465 -0.0327027 0
    outer loop
      vertex 9.09679 -0.0981045 2.61
      vertex 9.1 0 1.2
      vertex 9.1 0 2.61
    endloop
  endfacet
  facet normal 0.999465 -0.0327027 0
    outer loop
      vertex 9.1 0 1.2
      vertex 9.09679 -0.0981045 2.61
      vertex 9.09679 -0.0981045 1.2
    endloop
  endfacet
  facet normal 0.290347 0.956922 -0
    outer loop
      vertex 8.08216 1.42039 1.2
      vertex 7.98823 1.44889 2.61
      vertex 8.08216 1.42039 2.61
    endloop
  endfacet
  facet normal 0.290347 0.956922 0
    outer loop
      vertex 7.98823 1.44889 2.61
      vertex 8.08216 1.42039 1.2
      vertex 7.98823 1.44889 1.2
    endloop
  endfacet
  facet normal 0.634374 0.773026 -0
    outer loop
      vertex 8.58902 1.12776 1.2
      vertex 8.51314 1.19003 2.61
      vertex 8.58902 1.12776 2.61
    endloop
  endfacet
  facet normal 0.634374 0.773026 0
    outer loop
      vertex 8.51314 1.19003 2.61
      vertex 8.58902 1.12776 1.2
      vertex 8.51314 1.19003 1.2
    endloop
  endfacet
  facet normal 0.471376 0.881932 -0
    outer loop
      vertex 8.35 1.29904 1.2
      vertex 8.26343 1.34531 2.61
      vertex 8.35 1.29904 2.61
    endloop
  endfacet
  facet normal 0.471376 0.881932 0
    outer loop
      vertex 8.26343 1.34531 2.61
      vertex 8.35 1.29904 1.2
      vertex 8.26343 1.34531 1.2
    endloop
  endfacet
  facet normal -0.352217 0.935918 0
    outer loop
      vertex 7.11784 1.42039 1.2
      vertex 7.02598 1.38582 2.61
      vertex 7.11784 1.42039 2.61
    endloop
  endfacet
  facet normal -0.352217 0.935918 0
    outer loop
      vertex 7.02598 1.38582 2.61
      vertex 7.11784 1.42039 1.2
      vertex 7.02598 1.38582 1.2
    endloop
  endfacet
  facet normal -0.528093 0.849187 0
    outer loop
      vertex 6.85 1.29904 1.2
      vertex 6.76664 1.2472 2.61
      vertex 6.85 1.29904 2.61
    endloop
  endfacet
  facet normal -0.528093 0.849187 0
    outer loop
      vertex 6.76664 1.2472 2.61
      vertex 6.85 1.29904 1.2
      vertex 6.76664 1.2472 1.2
    endloop
  endfacet
  facet normal -0.412697 0.910868 0
    outer loop
      vertex 7.02598 1.38582 1.2
      vertex 6.93657 1.34531 2.61
      vertex 7.02598 1.38582 2.61
    endloop
  endfacet
  facet normal -0.412697 0.910868 0
    outer loop
      vertex 6.93657 1.34531 2.61
      vertex 7.02598 1.38582 1.2
      vertex 6.93657 1.34531 1.2
    endloop
  endfacet
  facet normal -0.999465 0.0327027 0
    outer loop
      vertex 6.1 0 1.2
      vertex 6.10321 0.0981045 2.61
      vertex 6.10321 0.0981045 1.2
    endloop
  endfacet
  facet normal -0.999465 0.0327027 0
    outer loop
      vertex 6.10321 0.0981045 2.61
      vertex 6.1 0 1.2
      vertex 6.1 0 2.61
    endloop
  endfacet
  facet normal -0 0 1
    outer loop
      vertex 9.09244 0.00196214 2.61
      vertex 9.1 0 2.61
      vertex 9.09679 0.0981045 2.61
    endloop
  endfacet
  facet normal 0 0 1
    outer loop
      vertex 9.09244 -0.00196214 2.61
      vertex 9.1 0 2.61
      vertex 9.0925 0 2.61
    endloop
  endfacet
  facet normal 0 0 1
    outer loop
      vertex 9.1 0 2.61
      vertex 9.09244 0.00196214 2.61
      vertex 9.0925 0 2.61
    endloop
  endfacet
  facet normal 0 0 1
    outer loop
      vertex 9.09679 0.0981045 2.61
      vertex 9.0893 0.0976139 2.61
      vertex 9.09244 0.00196214 2.61
    endloop
  endfacet
  facet normal 0 0 1
    outer loop
      vertex 9.09679 0.0981045 2.61
      vertex 9.08911 0.0995677 2.61
      vertex 9.0893 0.0976139 2.61
    endloop
  endfacet
  facet normal 0 0 1
    outer loop
      vertex 9.08717 0.195788 2.61
      vertex 9.08911 0.0995677 2.61
      vertex 9.09679 0.0981045 2.61
    endloop
  endfacet
  facet normal 0 0 1
    outer loop
      vertex 9.08717 0.195788 2.61
      vertex 9.07973 0.194809 2.61
      vertex 9.08911 0.0995677 2.61
    endloop
  endfacet
  facet normal -0 0 1
    outer loop
      vertex 9.06414 0.289235 2.61
      vertex 9.08717 0.195788 2.61
      vertex 9.07118 0.292635 2.61
    endloop
  endfacet
  facet normal 0 0 1
    outer loop
      vertex 9.08717 0.195788 2.61
      vertex 9.06414 0.289235 2.61
      vertex 9.07973 0.194809 2.61
    endloop
  endfacet
  facet normal 0 0 1
    outer loop
      vertex 9.07118 0.292635 2.61
      vertex 9.06382 0.291172 2.61
      vertex 9.06414 0.289235 2.61
    endloop
  endfacet
  facet normal -0 0 1
    outer loop
      vertex 9.04209 0.384375 2.61
      vertex 9.07118 0.292635 2.61
      vertex 9.04889 0.388228 2.61
    endloop
  endfacet
  facet normal 0 0 1
    outer loop
      vertex 9.07118 0.292635 2.61
      vertex 9.04209 0.384375 2.61
      vertex 9.06382 0.291172 2.61
    endloop
  endfacet
  facet normal 0 0 1
    outer loop
      vertex 9.04889 0.388228 2.61
      vertex 9.04164 0.386287 2.61
      vertex 9.04209 0.384375 2.61
    endloop
  endfacet
  facet normal -0 0 1
    outer loop
      vertex 9.01386 0.477869 2.61
      vertex 9.04889 0.388228 2.61
      vertex 9.0204 0.482159 2.61
    endloop
  endfacet
  facet normal 0 0 1
    outer loop
      vertex 9.04889 0.388228 2.61
      vertex 9.01386 0.477869 2.61
      vertex 9.04164 0.386287 2.61
    endloop
  endfacet
  facet normal 0 0 1
    outer loop
      vertex 9.0204 0.482159 2.61
      vertex 9.01329 0.479748 2.61
      vertex 9.01386 0.477869 2.61
    endloop
  endfacet
  facet normal 0 0 1
    outer loop
      vertex 9.0204 0.482159 2.61
      vertex 9.0126 0.481585 2.61
      vertex 9.01329 0.479748 2.61
    endloop
  endfacet
  facet normal 0 0 1
    outer loop
      vertex 8.98582 0.574024 2.61
      vertex 9.0126 0.481585 2.61
      vertex 9.0204 0.482159 2.61
    endloop
  endfacet
  facet normal 0 0 1
    outer loop
      vertex 8.98582 0.574024 2.61
      vertex 8.97889 0.571154 2.61
      vertex 9.0126 0.481585 2.61
    endloop
  endfacet
  facet normal 0 0 1
    outer loop
      vertex 8.98582 0.574024 2.61
      vertex 8.97808 0.572942 2.61
      vertex 8.97889 0.571154 2.61
    endloop
  endfacet
  facet normal 0 0 1
    outer loop
      vertex 8.94531 0.663432 2.61
      vertex 8.97808 0.572942 2.61
      vertex 8.98582 0.574024 2.61
    endloop
  endfacet
  facet normal 0 0 1
    outer loop
      vertex 8.94531 0.663432 2.61
      vertex 8.93858 0.660115 2.61
      vertex 8.97808 0.572942 2.61
    endloop
  endfacet
  facet normal -0 0 1
    outer loop
      vertex 8.89347 0.744519 2.61
      vertex 8.94531 0.663432 2.61
      vertex 8.89904 0.75 2.61
    endloop
  endfacet
  facet normal 0 0 1
    outer loop
      vertex 8.94531 0.663432 2.61
      vertex 8.89347 0.744519 2.61
      vertex 8.93858 0.660115 2.61
    endloop
  endfacet
  facet normal 0 0 1
    outer loop
      vertex 8.89904 0.75 2.61
      vertex 8.89254 0.74625 2.61
      vertex 8.89347 0.744519 2.61
    endloop
  endfacet
  facet normal 0 0 1
    outer loop
      vertex 8.89904 0.75 2.61
      vertex 8.89151 0.747917 2.61
      vertex 8.89254 0.74625 2.61
    endloop
  endfacet
  facet normal 0 0 1
    outer loop
      vertex 8.8472 0.833355 2.61
      vertex 8.89151 0.747917 2.61
      vertex 8.89904 0.75 2.61
    endloop
  endfacet
  facet normal 0 0 1
    outer loop
      vertex 8.8472 0.833355 2.61
      vertex 8.84097 0.829188 2.61
      vertex 8.89151 0.747917 2.61
    endloop
  endfacet
  facet normal 0 0 1
    outer loop
      vertex 8.8472 0.833355 2.61
      vertex 8.83982 0.830784 2.61
      vertex 8.84097 0.829188 2.61
    endloop
  endfacet
  facet normal 0 0 1
    outer loop
      vertex 8.79003 0.913141 2.61
      vertex 8.83982 0.830784 2.61
      vertex 8.8472 0.833355 2.61
    endloop
  endfacet
  facet normal 0 0 1
    outer loop
      vertex 8.79003 0.913141 2.61
      vertex 8.78408 0.908575 2.61
      vertex 8.83982 0.830784 2.61
    endloop
  endfacet
  facet normal -0 0 1
    outer loop
      vertex 8.72337 0.982556 2.61
      vertex 8.79003 0.913141 2.61
      vertex 8.72776 0.989018 2.61
    endloop
  endfacet
  facet normal 0 0 1
    outer loop
      vertex 8.79003 0.913141 2.61
      vertex 8.72337 0.982556 2.61
      vertex 8.78408 0.908575 2.61
    endloop
  endfacet
  facet normal 0 0 1
    outer loop
      vertex 8.72776 0.989018 2.61
      vertex 8.72212 0.984073 2.61
      vertex 8.72337 0.982556 2.61
    endloop
  endfacet
  facet normal 0 0 1
    outer loop
      vertex 8.72776 0.989018 2.61
      vertex 8.72078 0.985506 2.61
      vertex 8.72212 0.984073 2.61
    endloop
  endfacet
  facet normal 0 0 1
    outer loop
      vertex 8.66066 1.06066 2.61
      vertex 8.72078 0.985506 2.61
      vertex 8.72776 0.989018 2.61
    endloop
  endfacet
  facet normal 0 0 1
    outer loop
      vertex 8.66066 1.06066 2.61
      vertex 8.65536 1.05536 2.61
      vertex 8.72078 0.985506 2.61
    endloop
  endfacet
  facet normal -0 0 1
    outer loop
      vertex 8.58551 1.12078 2.61
      vertex 8.66066 1.06066 2.61
      vertex 8.58902 1.12776 2.61
    endloop
  endfacet
  facet normal 0 0 1
    outer loop
      vertex 8.66066 1.06066 2.61
      vertex 8.58551 1.12078 2.61
      vertex 8.65536 1.05536 2.61
    endloop
  endfacet
  facet normal 0 0 1
    outer loop
      vertex 8.58902 1.12776 2.61
      vertex 8.58407 1.12212 2.61
      vertex 8.58551 1.12078 2.61
    endloop
  endfacet
  facet normal 0 0 1
    outer loop
      vertex 8.58902 1.12776 2.61
      vertex 8.58256 1.12337 2.61
      vertex 8.58407 1.12212 2.61
    endloop
  endfacet
  facet normal 0 0 1
    outer loop
      vertex 8.51314 1.19003 2.61
      vertex 8.58256 1.12337 2.61
      vertex 8.58902 1.12776 2.61
    endloop
  endfacet
  facet normal 0 0 1
    outer loop
      vertex 8.51314 1.19003 2.61
      vertex 8.50858 1.18408 2.61
      vertex 8.58256 1.12337 2.61
    endloop
  endfacet
  facet normal -0 0 1
    outer loop
      vertex 8.43078 1.23982 2.61
      vertex 8.51314 1.19003 2.61
      vertex 8.43336 1.2472 2.61
    endloop
  endfacet
  facet normal 0 0 1
    outer loop
      vertex 8.51314 1.19003 2.61
      vertex 8.43078 1.23982 2.61
      vertex 8.50858 1.18408 2.61
    endloop
  endfacet
  facet normal 0 0 1
    outer loop
      vertex 8.43336 1.2472 2.61
      vertex 8.42919 1.24097 2.61
      vertex 8.43078 1.23982 2.61
    endloop
  endfacet
  facet normal -0 0 1
    outer loop
      vertex 8.34792 1.29151 2.61
      vertex 8.43336 1.2472 2.61
      vertex 8.35 1.29904 2.61
    endloop
  endfacet
  facet normal 0 0 1
    outer loop
      vertex 8.43336 1.2472 2.61
      vertex 8.34792 1.29151 2.61
      vertex 8.42919 1.24097 2.61
    endloop
  endfacet
  facet normal 0 0 1
    outer loop
      vertex 8.35 1.29904 2.61
      vertex 8.34625 1.29254 2.61
      vertex 8.34792 1.29151 2.61
    endloop
  endfacet
  facet normal 0 0 1
    outer loop
      vertex 8.35 1.29904 2.61
      vertex 8.34452 1.29347 2.61
      vertex 8.34625 1.29254 2.61
    endloop
  endfacet
  facet normal 0 0 1
    outer loop
      vertex 8.26343 1.34531 2.61
      vertex 8.34452 1.29347 2.61
      vertex 8.35 1.29904 2.61
    endloop
  endfacet
  facet normal 0 0 1
    outer loop
      vertex 8.26343 1.34531 2.61
      vertex 8.26011 1.33858 2.61
      vertex 8.34452 1.29347 2.61
    endloop
  endfacet
  facet normal -0 0 1
    outer loop
      vertex 8.17294 1.37808 2.61
      vertex 8.26343 1.34531 2.61
      vertex 8.17402 1.38582 2.61
    endloop
  endfacet
  facet normal 0 0 1
    outer loop
      vertex 8.26343 1.34531 2.61
      vertex 8.17294 1.37808 2.61
      vertex 8.26011 1.33858 2.61
    endloop
  endfacet
  facet normal 0 0 1
    outer loop
      vertex 8.17402 1.38582 2.61
      vertex 8.17115 1.37889 2.61
      vertex 8.17294 1.37808 2.61
    endloop
  endfacet
  facet normal -0 0 1
    outer loop
      vertex 8.08158 1.4126 2.61
      vertex 8.17402 1.38582 2.61
      vertex 8.08216 1.42039 2.61
    endloop
  endfacet
  facet normal 0 0 1
    outer loop
      vertex 8.17402 1.38582 2.61
      vertex 8.08158 1.4126 2.61
      vertex 8.17115 1.37889 2.61
    endloop
  endfacet
  facet normal 0 0 1
    outer loop
      vertex 8.08216 1.42039 2.61
      vertex 8.07975 1.41329 2.61
      vertex 8.08158 1.4126 2.61
    endloop
  endfacet
  facet normal 0 0 1
    outer loop
      vertex 8.08216 1.42039 2.61
      vertex 8.07787 1.41386 2.61
      vertex 8.07975 1.41329 2.61
    endloop
  endfacet
  facet normal 0 0 1
    outer loop
      vertex 7.98823 1.44889 2.61
      vertex 8.07787 1.41386 2.61
      vertex 8.08216 1.42039 2.61
    endloop
  endfacet
  facet normal 0 0 1
    outer loop
      vertex 7.98823 1.44889 2.61
      vertex 7.98629 1.44164 2.61
      vertex 8.07787 1.41386 2.61
    endloop
  endfacet
  facet normal 0 0 1
    outer loop
      vertex 7.98823 1.44889 2.61
      vertex 7.98438 1.44209 2.61
      vertex 7.98629 1.44164 2.61
    endloop
  endfacet
  facet normal 0 0 1
    outer loop
      vertex 7.89263 1.47118 2.61
      vertex 7.98438 1.44209 2.61
      vertex 7.98823 1.44889 2.61
    endloop
  endfacet
  facet normal 0 0 1
    outer loop
      vertex 7.89263 1.47118 2.61
      vertex 7.89117 1.46382 2.61
      vertex 7.98438 1.44209 2.61
    endloop
  endfacet
  facet normal 0 0 1
    outer loop
      vertex 7.89263 1.47118 2.61
      vertex 7.88923 1.46414 2.61
      vertex 7.89117 1.46382 2.61
    endloop
  endfacet
  facet normal 0 0 1
    outer loop
      vertex 7.79579 1.48717 2.61
      vertex 7.88923 1.46414 2.61
      vertex 7.89263 1.47118 2.61
    endloop
  endfacet
  facet normal 0 0 1
    outer loop
      vertex 7.79579 1.48717 2.61
      vertex 7.79481 1.47973 2.61
      vertex 7.88923 1.46414 2.61
    endloop
  endfacet
  facet normal 0 0 1
    outer loop
      vertex 7.79579 1.48717 2.61
      vertex 7.69957 1.48911 2.61
      vertex 7.79481 1.47973 2.61
    endloop
  endfacet
  facet normal 0 0 1
    outer loop
      vertex 7.6981 1.49679 2.61
      vertex 7.69957 1.48911 2.61
      vertex 7.79579 1.48717 2.61
    endloop
  endfacet
  facet normal 0 0 1
    outer loop
      vertex 7.6981 1.49679 2.61
      vertex 7.69761 1.4893 2.61
      vertex 7.69957 1.48911 2.61
    endloop
  endfacet
  facet normal 0 0 1
    outer loop
      vertex 7.6981 1.49679 2.61
      vertex 7.60196 1.49244 2.61
      vertex 7.69761 1.4893 2.61
    endloop
  endfacet
  facet normal 0 0 1
    outer loop
      vertex 7.6 1.5 2.61
      vertex 7.60196 1.49244 2.61
      vertex 7.6981 1.49679 2.61
    endloop
  endfacet
  facet normal 0 0 1
    outer loop
      vertex 7.6 1.5 2.61
      vertex 7.6 1.4925 2.61
      vertex 7.60196 1.49244 2.61
    endloop
  endfacet
  facet normal 0 0 1
    outer loop
      vertex 7.6 1.5 2.61
      vertex 7.59804 1.49244 2.61
      vertex 7.6 1.4925 2.61
    endloop
  endfacet
  facet normal -0 0 1
    outer loop
      vertex 7.5019 1.49679 2.61
      vertex 7.59804 1.49244 2.61
      vertex 7.6 1.5 2.61
    endloop
  endfacet
  facet normal 0 0 1
    outer loop
      vertex 7.59804 1.49244 2.61
      vertex 7.5019 1.49679 2.61
      vertex 7.50239 1.4893 2.61
    endloop
  endfacet
  facet normal 0 0 1
    outer loop
      vertex 7.5019 1.49679 2.61
      vertex 7.50043 1.48911 2.61
      vertex 7.50239 1.4893 2.61
    endloop
  endfacet
  facet normal 0 0 1
    outer loop
      vertex 7.40421 1.48717 2.61
      vertex 7.50043 1.48911 2.61
      vertex 7.5019 1.49679 2.61
    endloop
  endfacet
  facet normal 0 0 1
    outer loop
      vertex 7.50043 1.48911 2.61
      vertex 7.40421 1.48717 2.61
      vertex 7.40519 1.47973 2.61
    endloop
  endfacet
  facet normal 0 0 1
    outer loop
      vertex 7.40421 1.48717 2.61
      vertex 7.31077 1.46414 2.61
      vertex 7.40519 1.47973 2.61
    endloop
  endfacet
  facet normal -0 0 1
    outer loop
      vertex 7.30736 1.47118 2.61
      vertex 7.31077 1.46414 2.61
      vertex 7.40421 1.48717 2.61
    endloop
  endfacet
  facet normal 0 0 1
    outer loop
      vertex 7.31077 1.46414 2.61
      vertex 7.30736 1.47118 2.61
      vertex 7.30883 1.46382 2.61
    endloop
  endfacet
  facet normal 0 0 1
    outer loop
      vertex 7.30736 1.47118 2.61
      vertex 7.21562 1.44209 2.61
      vertex 7.30883 1.46382 2.61
    endloop
  endfacet
  facet normal -0 0 1
    outer loop
      vertex 7.21177 1.44889 2.61
      vertex 7.21562 1.44209 2.61
      vertex 7.30736 1.47118 2.61
    endloop
  endfacet
  facet normal 0 0 1
    outer loop
      vertex 7.21562 1.44209 2.61
      vertex 7.21177 1.44889 2.61
      vertex 7.21371 1.44164 2.61
    endloop
  endfacet
  facet normal 0 0 1
    outer loop
      vertex 7.21177 1.44889 2.61
      vertex 7.12213 1.41386 2.61
      vertex 7.21371 1.44164 2.61
    endloop
  endfacet
  facet normal -0 0 1
    outer loop
      vertex 7.11784 1.42039 2.61
      vertex 7.12213 1.41386 2.61
      vertex 7.21177 1.44889 2.61
    endloop
  endfacet
  facet normal 0 0 1
    outer loop
      vertex 7.12213 1.41386 2.61
      vertex 7.11784 1.42039 2.61
      vertex 7.12025 1.41329 2.61
    endloop
  endfacet
  facet normal 0 0 1
    outer loop
      vertex 7.12025 1.41329 2.61
      vertex 7.11784 1.42039 2.61
      vertex 7.11841 1.4126 2.61
    endloop
  endfacet
  facet normal 0 0 1
    outer loop
      vertex 7.02598 1.38582 2.61
      vertex 7.11841 1.4126 2.61
      vertex 7.11784 1.42039 2.61
    endloop
  endfacet
  facet normal 0 0 1
    outer loop
      vertex 7.11841 1.4126 2.61
      vertex 7.02598 1.38582 2.61
      vertex 7.02885 1.37889 2.61
    endloop
  endfacet
  facet normal 0 0 1
    outer loop
      vertex 7.02885 1.37889 2.61
      vertex 7.02598 1.38582 2.61
      vertex 7.02706 1.37808 2.61
    endloop
  endfacet
  facet normal 0 0 1
    outer loop
      vertex 6.93657 1.34531 2.61
      vertex 7.02706 1.37808 2.61
      vertex 7.02598 1.38582 2.61
    endloop
  endfacet
  facet normal 0 0 1
    outer loop
      vertex 7.02706 1.37808 2.61
      vertex 6.93657 1.34531 2.61
      vertex 6.93989 1.33858 2.61
    endloop
  endfacet
  facet normal 0 0 1
    outer loop
      vertex 6.93657 1.34531 2.61
      vertex 6.85548 1.29347 2.61
      vertex 6.93989 1.33858 2.61
    endloop
  endfacet
  facet normal -0 0 1
    outer loop
      vertex 6.85 1.29904 2.61
      vertex 6.85548 1.29347 2.61
      vertex 6.93657 1.34531 2.61
    endloop
  endfacet
  facet normal 0 0 1
    outer loop
      vertex 6.85548 1.29347 2.61
      vertex 6.85 1.29904 2.61
      vertex 6.85375 1.29254 2.61
    endloop
  endfacet
  facet normal 0 0 1
    outer loop
      vertex 6.85375 1.29254 2.61
      vertex 6.85 1.29904 2.61
      vertex 6.85208 1.29151 2.61
    endloop
  endfacet
  facet normal 0 0 1
    outer loop
      vertex 6.76664 1.2472 2.61
      vertex 6.85208 1.29151 2.61
      vertex 6.85 1.29904 2.61
    endloop
  endfacet
  facet normal 0 0 1
    outer loop
      vertex 6.85208 1.29151 2.61
      vertex 6.76664 1.2472 2.61
      vertex 6.77081 1.24097 2.61
    endloop
  endfacet
  facet normal 0 0 1
    outer loop
      vertex 6.77081 1.24097 2.61
      vertex 6.76664 1.2472 2.61
      vertex 6.76922 1.23982 2.61
    endloop
  endfacet
  facet normal 0 0 1
    outer loop
      vertex 6.68686 1.19003 2.61
      vertex 6.76922 1.23982 2.61
      vertex 6.76664 1.2472 2.61
    endloop
  endfacet
  facet normal 0 0 1
    outer loop
      vertex 6.76922 1.23982 2.61
      vertex 6.68686 1.19003 2.61
      vertex 6.69142 1.18408 2.61
    endloop
  endfacet
  facet normal 0 0 1
    outer loop
      vertex 6.68686 1.19003 2.61
      vertex 6.61744 1.12337 2.61
      vertex 6.69142 1.18408 2.61
    endloop
  endfacet
  facet normal -0 0 1
    outer loop
      vertex 6.61098 1.12776 2.61
      vertex 6.61744 1.12337 2.61
      vertex 6.68686 1.19003 2.61
    endloop
  endfacet
  facet normal 0 0 1
    outer loop
      vertex 6.61744 1.12337 2.61
      vertex 6.61098 1.12776 2.61
      vertex 6.61593 1.12212 2.61
    endloop
  endfacet
  facet normal 0 0 1
    outer loop
      vertex 6.61593 1.12212 2.61
      vertex 6.61098 1.12776 2.61
      vertex 6.61449 1.12078 2.61
    endloop
  endfacet
  facet normal 0 0 1
    outer loop
      vertex 6.53934 1.06066 2.61
      vertex 6.61449 1.12078 2.61
      vertex 6.61098 1.12776 2.61
    endloop
  endfacet
  facet normal 0 0 1
    outer loop
      vertex 6.61449 1.12078 2.61
      vertex 6.53934 1.06066 2.61
      vertex 6.54464 1.05536 2.61
    endloop
  endfacet
  facet normal 0 0 1
    outer loop
      vertex 6.53934 1.06066 2.61
      vertex 6.47922 0.985506 2.61
      vertex 6.54464 1.05536 2.61
    endloop
  endfacet
  facet normal -0 0 1
    outer loop
      vertex 6.47224 0.989018 2.61
      vertex 6.47922 0.985506 2.61
      vertex 6.53934 1.06066 2.61
    endloop
  endfacet
  facet normal 0 0 1
    outer loop
      vertex 6.47922 0.985506 2.61
      vertex 6.47224 0.989018 2.61
      vertex 6.47788 0.984073 2.61
    endloop
  endfacet
  facet normal 0 0 1
    outer loop
      vertex 6.47788 0.984073 2.61
      vertex 6.47224 0.989018 2.61
      vertex 6.47663 0.982556 2.61
    endloop
  endfacet
  facet normal 0 0 1
    outer loop
      vertex 6.40997 0.913141 2.61
      vertex 6.47663 0.982556 2.61
      vertex 6.47224 0.989018 2.61
    endloop
  endfacet
  facet normal 0 0 1
    outer loop
      vertex 6.47663 0.982556 2.61
      vertex 6.40997 0.913141 2.61
      vertex 6.41592 0.908575 2.61
    endloop
  endfacet
  facet normal 0 0 1
    outer loop
      vertex 6.40997 0.913141 2.61
      vertex 6.36018 0.830784 2.61
      vertex 6.41592 0.908575 2.61
    endloop
  endfacet
  facet normal -0 0 1
    outer loop
      vertex 6.3528 0.833355 2.61
      vertex 6.36018 0.830784 2.61
      vertex 6.40997 0.913141 2.61
    endloop
  endfacet
  facet normal 0 0 1
    outer loop
      vertex 6.36018 0.830784 2.61
      vertex 6.3528 0.833355 2.61
      vertex 6.35903 0.829188 2.61
    endloop
  endfacet
  facet normal 0 0 1
    outer loop
      vertex 6.3528 0.833355 2.61
      vertex 6.30849 0.747917 2.61
      vertex 6.35903 0.829188 2.61
    endloop
  endfacet
  facet normal -0 0 1
    outer loop
      vertex 6.30096 0.75 2.61
      vertex 6.30849 0.747917 2.61
      vertex 6.3528 0.833355 2.61
    endloop
  endfacet
  facet normal 0 0 1
    outer loop
      vertex 6.30849 0.747917 2.61
      vertex 6.30096 0.75 2.61
      vertex 6.30746 0.74625 2.61
    endloop
  endfacet
  facet normal 0 0 1
    outer loop
      vertex 6.30746 0.74625 2.61
      vertex 6.30096 0.75 2.61
      vertex 6.30653 0.744519 2.61
    endloop
  endfacet
  facet normal 0 0 1
    outer loop
      vertex 6.25469 0.663432 2.61
      vertex 6.30653 0.744519 2.61
      vertex 6.30096 0.75 2.61
    endloop
  endfacet
  facet normal 0 0 1
    outer loop
      vertex 6.30653 0.744519 2.61
      vertex 6.25469 0.663432 2.61
      vertex 6.26142 0.660115 2.61
    endloop
  endfacet
  facet normal 0 0 1
    outer loop
      vertex 6.25469 0.663432 2.61
      vertex 6.22192 0.572942 2.61
      vertex 6.26142 0.660115 2.61
    endloop
  endfacet
  facet normal -0 0 1
    outer loop
      vertex 6.21418 0.574024 2.61
      vertex 6.22192 0.572942 2.61
      vertex 6.25469 0.663432 2.61
    endloop
  endfacet
  facet normal 0 0 1
    outer loop
      vertex 6.22192 0.572942 2.61
      vertex 6.21418 0.574024 2.61
      vertex 6.22111 0.571154 2.61
    endloop
  endfacet
  facet normal 0 0 1
    outer loop
      vertex 6.21418 0.574024 2.61
      vertex 6.1874 0.481585 2.61
      vertex 6.22111 0.571154 2.61
    endloop
  endfacet
  facet normal -0 0 1
    outer loop
      vertex 6.17961 0.482159 2.61
      vertex 6.1874 0.481585 2.61
      vertex 6.21418 0.574024 2.61
    endloop
  endfacet
  facet normal 0 0 1
    outer loop
      vertex 6.1874 0.481585 2.61
      vertex 6.17961 0.482159 2.61
      vertex 6.18671 0.479748 2.61
    endloop
  endfacet
  facet normal 0 0 1
    outer loop
      vertex 6.18671 0.479748 2.61
      vertex 6.17961 0.482159 2.61
      vertex 6.18614 0.477869 2.61
    endloop
  endfacet
  facet normal 0 0 1
    outer loop
      vertex 6.15111 0.388228 2.61
      vertex 6.18614 0.477869 2.61
      vertex 6.17961 0.482159 2.61
    endloop
  endfacet
  facet normal 0 0 1
    outer loop
      vertex 6.18614 0.477869 2.61
      vertex 6.15111 0.388228 2.61
      vertex 6.15836 0.386287 2.61
    endloop
  endfacet
  facet normal 0 0 1
    outer loop
      vertex 6.15836 0.386287 2.61
      vertex 6.15111 0.388228 2.61
      vertex 6.15791 0.384375 2.61
    endloop
  endfacet
  facet normal 0 0 1
    outer loop
      vertex 6.12882 0.292635 2.61
      vertex 6.15791 0.384375 2.61
      vertex 6.15111 0.388228 2.61
    endloop
  endfacet
  facet normal 0 0 1
    outer loop
      vertex 6.15791 0.384375 2.61
      vertex 6.12882 0.292635 2.61
      vertex 6.13618 0.291172 2.61
    endloop
  endfacet
  facet normal 0 0 1
    outer loop
      vertex 6.13618 0.291172 2.61
      vertex 6.12882 0.292635 2.61
      vertex 6.13586 0.289235 2.61
    endloop
  endfacet
  facet normal 0 0 1
    outer loop
      vertex 6.11283 0.195788 2.61
      vertex 6.13586 0.289235 2.61
      vertex 6.12882 0.292635 2.61
    endloop
  endfacet
  facet normal 0 0 1
    outer loop
      vertex 6.13586 0.289235 2.61
      vertex 6.11283 0.195788 2.61
      vertex 6.12027 0.194809 2.61
    endloop
  endfacet
  facet normal 0 0 1
    outer loop
      vertex 6.11283 0.195788 2.61
      vertex 6.11089 0.0995677 2.61
      vertex 6.12027 0.194809 2.61
    endloop
  endfacet
  facet normal 0 0 1
    outer loop
      vertex 6.10321 0.0981045 2.61
      vertex 6.11089 0.0995677 2.61
      vertex 6.11283 0.195788 2.61
    endloop
  endfacet
  facet normal 0 0 1
    outer loop
      vertex 6.11089 0.0995677 2.61
      vertex 6.10321 0.0981045 2.61
      vertex 6.1107 0.0976139 2.61
    endloop
  endfacet
  facet normal 0 0 1
    outer loop
      vertex 6.1107 0.0976139 2.61
      vertex 6.10321 0.0981045 2.61
      vertex 6.10756 0.00196214 2.61
    endloop
  endfacet
  facet normal 0 0 1
    outer loop
      vertex 6.1 0 2.61
      vertex 6.10756 0.00196214 2.61
      vertex 6.10321 0.0981045 2.61
    endloop
  endfacet
  facet normal 0 0 1
    outer loop
      vertex 9.1 0 2.61
      vertex 9.09244 -0.00196214 2.61
      vertex 9.09679 -0.0981045 2.61
    endloop
  endfacet
  facet normal -0 0 1
    outer loop
      vertex 9.0893 -0.0976139 2.61
      vertex 9.09679 -0.0981045 2.61
      vertex 9.09244 -0.00196214 2.61
    endloop
  endfacet
  facet normal 0 0 1
    outer loop
      vertex 9.08911 -0.0995677 2.61
      vertex 9.09679 -0.0981045 2.61
      vertex 9.0893 -0.0976139 2.61
    endloop
  endfacet
  facet normal -0 0 1
    outer loop
      vertex 9.08911 -0.0995677 2.61
      vertex 9.08717 -0.195788 2.61
      vertex 9.09679 -0.0981045 2.61
    endloop
  endfacet
  facet normal -0 0 1
    outer loop
      vertex 9.07973 -0.194809 2.61
      vertex 9.08717 -0.195788 2.61
      vertex 9.08911 -0.0995677 2.61
    endloop
  endfacet
  facet normal 0 0 1
    outer loop
      vertex 9.06414 -0.289235 2.61
      vertex 9.08717 -0.195788 2.61
      vertex 9.07973 -0.194809 2.61
    endloop
  endfacet
  facet normal 0 0 1
    outer loop
      vertex 9.08717 -0.195788 2.61
      vertex 9.06414 -0.289235 2.61
      vertex 9.07118 -0.292635 2.61
    endloop
  endfacet
  facet normal -0 0 1
    outer loop
      vertex 9.06382 -0.291172 2.61
      vertex 9.07118 -0.292635 2.61
      vertex 9.06414 -0.289235 2.61
    endloop
  endfacet
  facet normal 0 0 1
    outer loop
      vertex 9.04209 -0.384375 2.61
      vertex 9.07118 -0.292635 2.61
      vertex 9.06382 -0.291172 2.61
    endloop
  endfacet
  facet normal 0 0 1
    outer loop
      vertex 9.07118 -0.292635 2.61
      vertex 9.04209 -0.384375 2.61
      vertex 9.04889 -0.388228 2.61
    endloop
  endfacet
  facet normal -0 0 1
    outer loop
      vertex 9.04164 -0.386287 2.61
      vertex 9.04889 -0.388228 2.61
      vertex 9.04209 -0.384375 2.61
    endloop
  endfacet
  facet normal 0 0 1
    outer loop
      vertex 9.01386 -0.477869 2.61
      vertex 9.04889 -0.388228 2.61
      vertex 9.04164 -0.386287 2.61
    endloop
  endfacet
  facet normal 0 0 1
    outer loop
      vertex 9.04889 -0.388228 2.61
      vertex 9.01386 -0.477869 2.61
      vertex 9.0204 -0.482159 2.61
    endloop
  endfacet
  facet normal -0 0 1
    outer loop
      vertex 9.01329 -0.479748 2.61
      vertex 9.0204 -0.482159 2.61
      vertex 9.01386 -0.477869 2.61
    endloop
  endfacet
  facet normal -0 0 1
    outer loop
      vertex 9.0126 -0.481585 2.61
      vertex 9.0204 -0.482159 2.61
      vertex 9.01329 -0.479748 2.61
    endloop
  endfacet
  facet normal 0 0 1
    outer loop
      vertex 9.0126 -0.481585 2.61
      vertex 8.98582 -0.574024 2.61
      vertex 9.0204 -0.482159 2.61
    endloop
  endfacet
  facet normal -0 0 1
    outer loop
      vertex 8.97889 -0.571154 2.61
      vertex 8.98582 -0.574024 2.61
      vertex 9.0126 -0.481585 2.61
    endloop
  endfacet
  facet normal -0 0 1
    outer loop
      vertex 8.97808 -0.572942 2.61
      vertex 8.98582 -0.574024 2.61
      vertex 8.97889 -0.571154 2.61
    endloop
  endfacet
  facet normal 0 0 1
    outer loop
      vertex 8.97808 -0.572942 2.61
      vertex 8.94531 -0.663432 2.61
      vertex 8.98582 -0.574024 2.61
    endloop
  endfacet
  facet normal -0 0 1
    outer loop
      vertex 8.93858 -0.660115 2.61
      vertex 8.94531 -0.663432 2.61
      vertex 8.97808 -0.572942 2.61
    endloop
  endfacet
  facet normal 0 0 1
    outer loop
      vertex 8.89347 -0.744519 2.61
      vertex 8.94531 -0.663432 2.61
      vertex 8.93858 -0.660115 2.61
    endloop
  endfacet
  facet normal 0 0 1
    outer loop
      vertex 8.94531 -0.663432 2.61
      vertex 8.89347 -0.744519 2.61
      vertex 8.89904 -0.75 2.61
    endloop
  endfacet
  facet normal -0 0 1
    outer loop
      vertex 8.89254 -0.74625 2.61
      vertex 8.89904 -0.75 2.61
      vertex 8.89347 -0.744519 2.61
    endloop
  endfacet
  facet normal -0 0 1
    outer loop
      vertex 8.89151 -0.747917 2.61
      vertex 8.89904 -0.75 2.61
      vertex 8.89254 -0.74625 2.61
    endloop
  endfacet
  facet normal 0 0 1
    outer loop
      vertex 8.89151 -0.747917 2.61
      vertex 8.8472 -0.833355 2.61
      vertex 8.89904 -0.75 2.61
    endloop
  endfacet
  facet normal -0 0 1
    outer loop
      vertex 8.84097 -0.829188 2.61
      vertex 8.8472 -0.833355 2.61
      vertex 8.89151 -0.747917 2.61
    endloop
  endfacet
  facet normal -0 0 1
    outer loop
      vertex 8.83982 -0.830784 2.61
      vertex 8.8472 -0.833355 2.61
      vertex 8.84097 -0.829188 2.61
    endloop
  endfacet
  facet normal 0 0 1
    outer loop
      vertex 8.83982 -0.830784 2.61
      vertex 8.79003 -0.913141 2.61
      vertex 8.8472 -0.833355 2.61
    endloop
  endfacet
  facet normal -0 0 1
    outer loop
      vertex 8.78408 -0.908575 2.61
      vertex 8.79003 -0.913141 2.61
      vertex 8.83982 -0.830784 2.61
    endloop
  endfacet
  facet normal 0 0 1
    outer loop
      vertex 8.72337 -0.982556 2.61
      vertex 8.79003 -0.913141 2.61
      vertex 8.78408 -0.908575 2.61
    endloop
  endfacet
  facet normal 0 0 1
    outer loop
      vertex 8.79003 -0.913141 2.61
      vertex 8.72337 -0.982556 2.61
      vertex 8.72776 -0.989018 2.61
    endloop
  endfacet
  facet normal -0 0 1
    outer loop
      vertex 8.72212 -0.984073 2.61
      vertex 8.72776 -0.989018 2.61
      vertex 8.72337 -0.982556 2.61
    endloop
  endfacet
  facet normal -0 0 1
    outer loop
      vertex 8.72078 -0.985506 2.61
      vertex 8.72776 -0.989018 2.61
      vertex 8.72212 -0.984073 2.61
    endloop
  endfacet
  facet normal 0 0 1
    outer loop
      vertex 8.72078 -0.985506 2.61
      vertex 8.66066 -1.06066 2.61
      vertex 8.72776 -0.989018 2.61
    endloop
  endfacet
  facet normal -0 0 1
    outer loop
      vertex 8.65536 -1.05536 2.61
      vertex 8.66066 -1.06066 2.61
      vertex 8.72078 -0.985506 2.61
    endloop
  endfacet
  facet normal 0 0 1
    outer loop
      vertex 8.58551 -1.12078 2.61
      vertex 8.66066 -1.06066 2.61
      vertex 8.65536 -1.05536 2.61
    endloop
  endfacet
  facet normal 0 0 1
    outer loop
      vertex 8.66066 -1.06066 2.61
      vertex 8.58551 -1.12078 2.61
      vertex 8.58902 -1.12776 2.61
    endloop
  endfacet
  facet normal -0 0 1
    outer loop
      vertex 8.58407 -1.12212 2.61
      vertex 8.58902 -1.12776 2.61
      vertex 8.58551 -1.12078 2.61
    endloop
  endfacet
  facet normal -0 0 1
    outer loop
      vertex 8.58256 -1.12337 2.61
      vertex 8.58902 -1.12776 2.61
      vertex 8.58407 -1.12212 2.61
    endloop
  endfacet
  facet normal 0 0 1
    outer loop
      vertex 8.58256 -1.12337 2.61
      vertex 8.51314 -1.19003 2.61
      vertex 8.58902 -1.12776 2.61
    endloop
  endfacet
  facet normal -0 0 1
    outer loop
      vertex 8.50858 -1.18408 2.61
      vertex 8.51314 -1.19003 2.61
      vertex 8.58256 -1.12337 2.61
    endloop
  endfacet
  facet normal 0 0 1
    outer loop
      vertex 8.43078 -1.23982 2.61
      vertex 8.51314 -1.19003 2.61
      vertex 8.50858 -1.18408 2.61
    endloop
  endfacet
  facet normal 0 0 1
    outer loop
      vertex 8.51314 -1.19003 2.61
      vertex 8.43078 -1.23982 2.61
      vertex 8.43336 -1.2472 2.61
    endloop
  endfacet
  facet normal -0 0 1
    outer loop
      vertex 8.42919 -1.24097 2.61
      vertex 8.43336 -1.2472 2.61
      vertex 8.43078 -1.23982 2.61
    endloop
  endfacet
  facet normal 0 0 1
    outer loop
      vertex 8.34792 -1.29151 2.61
      vertex 8.43336 -1.2472 2.61
      vertex 8.42919 -1.24097 2.61
    endloop
  endfacet
  facet normal 0 0 1
    outer loop
      vertex 8.43336 -1.2472 2.61
      vertex 8.34792 -1.29151 2.61
      vertex 8.35 -1.29904 2.61
    endloop
  endfacet
  facet normal -0 0 1
    outer loop
      vertex 8.34625 -1.29254 2.61
      vertex 8.35 -1.29904 2.61
      vertex 8.34792 -1.29151 2.61
    endloop
  endfacet
  facet normal -0 0 1
    outer loop
      vertex 8.34452 -1.29347 2.61
      vertex 8.35 -1.29904 2.61
      vertex 8.34625 -1.29254 2.61
    endloop
  endfacet
  facet normal 0 0 1
    outer loop
      vertex 8.34452 -1.29347 2.61
      vertex 8.26343 -1.34531 2.61
      vertex 8.35 -1.29904 2.61
    endloop
  endfacet
  facet normal -0 0 1
    outer loop
      vertex 8.26011 -1.33858 2.61
      vertex 8.26343 -1.34531 2.61
      vertex 8.34452 -1.29347 2.61
    endloop
  endfacet
  facet normal 0 0 1
    outer loop
      vertex 8.17294 -1.37808 2.61
      vertex 8.26343 -1.34531 2.61
      vertex 8.26011 -1.33858 2.61
    endloop
  endfacet
  facet normal 0 0 1
    outer loop
      vertex 8.26343 -1.34531 2.61
      vertex 8.17294 -1.37808 2.61
      vertex 8.17402 -1.38582 2.61
    endloop
  endfacet
  facet normal -0 0 1
    outer loop
      vertex 8.17115 -1.37889 2.61
      vertex 8.17402 -1.38582 2.61
      vertex 8.17294 -1.37808 2.61
    endloop
  endfacet
  facet normal 0 0 1
    outer loop
      vertex 8.08158 -1.4126 2.61
      vertex 8.17402 -1.38582 2.61
      vertex 8.17115 -1.37889 2.61
    endloop
  endfacet
  facet normal 0 0 1
    outer loop
      vertex 8.17402 -1.38582 2.61
      vertex 8.08158 -1.4126 2.61
      vertex 8.08216 -1.42039 2.61
    endloop
  endfacet
  facet normal -0 0 1
    outer loop
      vertex 8.07975 -1.41329 2.61
      vertex 8.08216 -1.42039 2.61
      vertex 8.08158 -1.4126 2.61
    endloop
  endfacet
  facet normal -0 0 1
    outer loop
      vertex 8.07787 -1.41386 2.61
      vertex 8.08216 -1.42039 2.61
      vertex 8.07975 -1.41329 2.61
    endloop
  endfacet
  facet normal 0 0 1
    outer loop
      vertex 8.07787 -1.41386 2.61
      vertex 7.98823 -1.44889 2.61
      vertex 8.08216 -1.42039 2.61
    endloop
  endfacet
  facet normal -0 0 1
    outer loop
      vertex 7.98629 -1.44164 2.61
      vertex 7.98823 -1.44889 2.61
      vertex 8.07787 -1.41386 2.61
    endloop
  endfacet
  facet normal -0 0 1
    outer loop
      vertex 7.98438 -1.44209 2.61
      vertex 7.98823 -1.44889 2.61
      vertex 7.98629 -1.44164 2.61
    endloop
  endfacet
  facet normal 0 0 1
    outer loop
      vertex 7.98438 -1.44209 2.61
      vertex 7.89263 -1.47118 2.61
      vertex 7.98823 -1.44889 2.61
    endloop
  endfacet
  facet normal -0 0 1
    outer loop
      vertex 7.89117 -1.46382 2.61
      vertex 7.89263 -1.47118 2.61
      vertex 7.98438 -1.44209 2.61
    endloop
  endfacet
  facet normal -0 0 1
    outer loop
      vertex 7.88923 -1.46414 2.61
      vertex 7.89263 -1.47118 2.61
      vertex 7.89117 -1.46382 2.61
    endloop
  endfacet
  facet normal 0 0 1
    outer loop
      vertex 7.88923 -1.46414 2.61
      vertex 7.79579 -1.48717 2.61
      vertex 7.89263 -1.47118 2.61
    endloop
  endfacet
  facet normal -0 0 1
    outer loop
      vertex 7.79481 -1.47973 2.61
      vertex 7.79579 -1.48717 2.61
      vertex 7.88923 -1.46414 2.61
    endloop
  endfacet
  facet normal 0 0 1
    outer loop
      vertex 7.69957 -1.48911 2.61
      vertex 7.79579 -1.48717 2.61
      vertex 7.79481 -1.47973 2.61
    endloop
  endfacet
  facet normal -0 0 1
    outer loop
      vertex 7.69957 -1.48911 2.61
      vertex 7.6981 -1.49679 2.61
      vertex 7.79579 -1.48717 2.61
    endloop
  endfacet
  facet normal -0 0 1
    outer loop
      vertex 7.69761 -1.4893 2.61
      vertex 7.6981 -1.49679 2.61
      vertex 7.69957 -1.48911 2.61
    endloop
  endfacet
  facet normal -0 0 1
    outer loop
      vertex 7.60196 -1.49244 2.61
      vertex 7.6981 -1.49679 2.61
      vertex 7.69761 -1.4893 2.61
    endloop
  endfacet
  facet normal 0 0 1
    outer loop
      vertex 7.6 -1.5 2.61
      vertex 7.60196 -1.49244 2.61
      vertex 7.6 -1.4925 2.61
    endloop
  endfacet
  facet normal 0 0 1
    outer loop
      vertex 7.60196 -1.49244 2.61
      vertex 7.6 -1.5 2.61
      vertex 7.6981 -1.49679 2.61
    endloop
  endfacet
  facet normal 0 0 1
    outer loop
      vertex 7.59804 -1.49244 2.61
      vertex 7.6 -1.5 2.61
      vertex 7.6 -1.4925 2.61
    endloop
  endfacet
  facet normal 0 0 1
    outer loop
      vertex 7.5019 -1.49679 2.61
      vertex 7.59804 -1.49244 2.61
      vertex 7.50239 -1.4893 2.61
    endloop
  endfacet
  facet normal 0 0 1
    outer loop
      vertex 7.59804 -1.49244 2.61
      vertex 7.5019 -1.49679 2.61
      vertex 7.6 -1.5 2.61
    endloop
  endfacet
  facet normal 0 0 1
    outer loop
      vertex 7.50043 -1.48911 2.61
      vertex 7.5019 -1.49679 2.61
      vertex 7.50239 -1.4893 2.61
    endloop
  endfacet
  facet normal -0 0 1
    outer loop
      vertex 7.40421 -1.48717 2.61
      vertex 7.50043 -1.48911 2.61
      vertex 7.40519 -1.47973 2.61
    endloop
  endfacet
  facet normal 0 0 1
    outer loop
      vertex 7.50043 -1.48911 2.61
      vertex 7.40421 -1.48717 2.61
      vertex 7.5019 -1.49679 2.61
    endloop
  endfacet
  facet normal 0 0 1
    outer loop
      vertex 7.31077 -1.46414 2.61
      vertex 7.40421 -1.48717 2.61
      vertex 7.40519 -1.47973 2.61
    endloop
  endfacet
  facet normal 0 0 1
    outer loop
      vertex 7.30736 -1.47118 2.61
      vertex 7.31077 -1.46414 2.61
      vertex 7.30883 -1.46382 2.61
    endloop
  endfacet
  facet normal 0 0 1
    outer loop
      vertex 7.31077 -1.46414 2.61
      vertex 7.30736 -1.47118 2.61
      vertex 7.40421 -1.48717 2.61
    endloop
  endfacet
  facet normal 0 0 1
    outer loop
      vertex 7.21562 -1.44209 2.61
      vertex 7.30736 -1.47118 2.61
      vertex 7.30883 -1.46382 2.61
    endloop
  endfacet
  facet normal 0 0 1
    outer loop
      vertex 7.21177 -1.44889 2.61
      vertex 7.21562 -1.44209 2.61
      vertex 7.21371 -1.44164 2.61
    endloop
  endfacet
  facet normal 0 0 1
    outer loop
      vertex 7.21562 -1.44209 2.61
      vertex 7.21177 -1.44889 2.61
      vertex 7.30736 -1.47118 2.61
    endloop
  endfacet
  facet normal 0 0 1
    outer loop
      vertex 7.12213 -1.41386 2.61
      vertex 7.21177 -1.44889 2.61
      vertex 7.21371 -1.44164 2.61
    endloop
  endfacet
  facet normal 0 0 1
    outer loop
      vertex 7.11784 -1.42039 2.61
      vertex 7.12213 -1.41386 2.61
      vertex 7.12025 -1.41329 2.61
    endloop
  endfacet
  facet normal 0 0 1
    outer loop
      vertex 7.11784 -1.42039 2.61
      vertex 7.12025 -1.41329 2.61
      vertex 7.11841 -1.4126 2.61
    endloop
  endfacet
  facet normal 0 0 1
    outer loop
      vertex 7.12213 -1.41386 2.61
      vertex 7.11784 -1.42039 2.61
      vertex 7.21177 -1.44889 2.61
    endloop
  endfacet
  facet normal -0 0 1
    outer loop
      vertex 7.02598 -1.38582 2.61
      vertex 7.11841 -1.4126 2.61
      vertex 7.02885 -1.37889 2.61
    endloop
  endfacet
  facet normal 0 0 1
    outer loop
      vertex 7.02598 -1.38582 2.61
      vertex 7.02885 -1.37889 2.61
      vertex 7.02706 -1.37808 2.61
    endloop
  endfacet
  facet normal 0 0 1
    outer loop
      vertex 7.11841 -1.4126 2.61
      vertex 7.02598 -1.38582 2.61
      vertex 7.11784 -1.42039 2.61
    endloop
  endfacet
  facet normal -0 0 1
    outer loop
      vertex 6.93657 -1.34531 2.61
      vertex 7.02706 -1.37808 2.61
      vertex 6.93989 -1.33858 2.61
    endloop
  endfacet
  facet normal 0 0 1
    outer loop
      vertex 7.02706 -1.37808 2.61
      vertex 6.93657 -1.34531 2.61
      vertex 7.02598 -1.38582 2.61
    endloop
  endfacet
  facet normal 0 0 1
    outer loop
      vertex 6.85548 -1.29347 2.61
      vertex 6.93657 -1.34531 2.61
      vertex 6.93989 -1.33858 2.61
    endloop
  endfacet
  facet normal 0 0 1
    outer loop
      vertex 6.85 -1.29904 2.61
      vertex 6.85548 -1.29347 2.61
      vertex 6.85375 -1.29254 2.61
    endloop
  endfacet
  facet normal 0 0 1
    outer loop
      vertex 6.85 -1.29904 2.61
      vertex 6.85375 -1.29254 2.61
      vertex 6.85208 -1.29151 2.61
    endloop
  endfacet
  facet normal 0 0 1
    outer loop
      vertex 6.85548 -1.29347 2.61
      vertex 6.85 -1.29904 2.61
      vertex 6.93657 -1.34531 2.61
    endloop
  endfacet
  facet normal -0 0 1
    outer loop
      vertex 6.76664 -1.2472 2.61
      vertex 6.85208 -1.29151 2.61
      vertex 6.77081 -1.24097 2.61
    endloop
  endfacet
  facet normal 0 0 1
    outer loop
      vertex 6.76664 -1.2472 2.61
      vertex 6.77081 -1.24097 2.61
      vertex 6.76922 -1.23982 2.61
    endloop
  endfacet
  facet normal 0 0 1
    outer loop
      vertex 6.85208 -1.29151 2.61
      vertex 6.76664 -1.2472 2.61
      vertex 6.85 -1.29904 2.61
    endloop
  endfacet
  facet normal -0 0 1
    outer loop
      vertex 6.68686 -1.19003 2.61
      vertex 6.76922 -1.23982 2.61
      vertex 6.69142 -1.18408 2.61
    endloop
  endfacet
  facet normal 0 0 1
    outer loop
      vertex 6.76922 -1.23982 2.61
      vertex 6.68686 -1.19003 2.61
      vertex 6.76664 -1.2472 2.61
    endloop
  endfacet
  facet normal 0 0 1
    outer loop
      vertex 6.61744 -1.12337 2.61
      vertex 6.68686 -1.19003 2.61
      vertex 6.69142 -1.18408 2.61
    endloop
  endfacet
  facet normal 0 0 1
    outer loop
      vertex 6.61098 -1.12776 2.61
      vertex 6.61744 -1.12337 2.61
      vertex 6.61593 -1.12212 2.61
    endloop
  endfacet
  facet normal 0 0 1
    outer loop
      vertex 6.61098 -1.12776 2.61
      vertex 6.61593 -1.12212 2.61
      vertex 6.61449 -1.12078 2.61
    endloop
  endfacet
  facet normal 0 0 1
    outer loop
      vertex 6.61744 -1.12337 2.61
      vertex 6.61098 -1.12776 2.61
      vertex 6.68686 -1.19003 2.61
    endloop
  endfacet
  facet normal -0 0 1
    outer loop
      vertex 6.53934 -1.06066 2.61
      vertex 6.61449 -1.12078 2.61
      vertex 6.54464 -1.05536 2.61
    endloop
  endfacet
  facet normal 0 0 1
    outer loop
      vertex 6.61449 -1.12078 2.61
      vertex 6.53934 -1.06066 2.61
      vertex 6.61098 -1.12776 2.61
    endloop
  endfacet
  facet normal 0 0 1
    outer loop
      vertex 6.47922 -0.985506 2.61
      vertex 6.53934 -1.06066 2.61
      vertex 6.54464 -1.05536 2.61
    endloop
  endfacet
  facet normal 0 0 1
    outer loop
      vertex 6.47224 -0.989018 2.61
      vertex 6.47922 -0.985506 2.61
      vertex 6.47788 -0.984073 2.61
    endloop
  endfacet
  facet normal 0 0 1
    outer loop
      vertex 6.47224 -0.989018 2.61
      vertex 6.47788 -0.984073 2.61
      vertex 6.47663 -0.982556 2.61
    endloop
  endfacet
  facet normal 0 0 1
    outer loop
      vertex 6.47922 -0.985506 2.61
      vertex 6.47224 -0.989018 2.61
      vertex 6.53934 -1.06066 2.61
    endloop
  endfacet
  facet normal -0 0 1
    outer loop
      vertex 6.40997 -0.913141 2.61
      vertex 6.47663 -0.982556 2.61
      vertex 6.41592 -0.908575 2.61
    endloop
  endfacet
  facet normal 0 0 1
    outer loop
      vertex 6.47663 -0.982556 2.61
      vertex 6.40997 -0.913141 2.61
      vertex 6.47224 -0.989018 2.61
    endloop
  endfacet
  facet normal 0 0 1
    outer loop
      vertex 6.36018 -0.830784 2.61
      vertex 6.40997 -0.913141 2.61
      vertex 6.41592 -0.908575 2.61
    endloop
  endfacet
  facet normal 0 0 1
    outer loop
      vertex 6.3528 -0.833355 2.61
      vertex 6.36018 -0.830784 2.61
      vertex 6.35903 -0.829188 2.61
    endloop
  endfacet
  facet normal 0 0 1
    outer loop
      vertex 6.36018 -0.830784 2.61
      vertex 6.3528 -0.833355 2.61
      vertex 6.40997 -0.913141 2.61
    endloop
  endfacet
  facet normal 0 0 1
    outer loop
      vertex 6.30849 -0.747917 2.61
      vertex 6.3528 -0.833355 2.61
      vertex 6.35903 -0.829188 2.61
    endloop
  endfacet
  facet normal 0 0 1
    outer loop
      vertex 6.30096 -0.75 2.61
      vertex 6.30849 -0.747917 2.61
      vertex 6.30746 -0.74625 2.61
    endloop
  endfacet
  facet normal 0 0 1
    outer loop
      vertex 6.30096 -0.75 2.61
      vertex 6.30746 -0.74625 2.61
      vertex 6.30653 -0.744519 2.61
    endloop
  endfacet
  facet normal 0 0 1
    outer loop
      vertex 6.30849 -0.747917 2.61
      vertex 6.30096 -0.75 2.61
      vertex 6.3528 -0.833355 2.61
    endloop
  endfacet
  facet normal -0 0 1
    outer loop
      vertex 6.25469 -0.663432 2.61
      vertex 6.30653 -0.744519 2.61
      vertex 6.26142 -0.660115 2.61
    endloop
  endfacet
  facet normal 0 0 1
    outer loop
      vertex 6.30653 -0.744519 2.61
      vertex 6.25469 -0.663432 2.61
      vertex 6.30096 -0.75 2.61
    endloop
  endfacet
  facet normal 0 0 1
    outer loop
      vertex 6.22192 -0.572942 2.61
      vertex 6.25469 -0.663432 2.61
      vertex 6.26142 -0.660115 2.61
    endloop
  endfacet
  facet normal 0 0 1
    outer loop
      vertex 6.21418 -0.574024 2.61
      vertex 6.22192 -0.572942 2.61
      vertex 6.22111 -0.571154 2.61
    endloop
  endfacet
  facet normal 0 0 1
    outer loop
      vertex 6.22192 -0.572942 2.61
      vertex 6.21418 -0.574024 2.61
      vertex 6.25469 -0.663432 2.61
    endloop
  endfacet
  facet normal 0 0 1
    outer loop
      vertex 6.1874 -0.481585 2.61
      vertex 6.21418 -0.574024 2.61
      vertex 6.22111 -0.571154 2.61
    endloop
  endfacet
  facet normal 0 0 1
    outer loop
      vertex 6.17961 -0.482159 2.61
      vertex 6.1874 -0.481585 2.61
      vertex 6.18671 -0.479748 2.61
    endloop
  endfacet
  facet normal 0 0 1
    outer loop
      vertex 6.17961 -0.482159 2.61
      vertex 6.18671 -0.479748 2.61
      vertex 6.18614 -0.477869 2.61
    endloop
  endfacet
  facet normal 0 0 1
    outer loop
      vertex 6.1874 -0.481585 2.61
      vertex 6.17961 -0.482159 2.61
      vertex 6.21418 -0.574024 2.61
    endloop
  endfacet
  facet normal -0 0 1
    outer loop
      vertex 6.15111 -0.388228 2.61
      vertex 6.18614 -0.477869 2.61
      vertex 6.15836 -0.386287 2.61
    endloop
  endfacet
  facet normal 0 0 1
    outer loop
      vertex 6.15111 -0.388228 2.61
      vertex 6.15836 -0.386287 2.61
      vertex 6.15791 -0.384375 2.61
    endloop
  endfacet
  facet normal 0 0 1
    outer loop
      vertex 6.18614 -0.477869 2.61
      vertex 6.15111 -0.388228 2.61
      vertex 6.17961 -0.482159 2.61
    endloop
  endfacet
  facet normal -0 0 1
    outer loop
      vertex 6.12882 -0.292635 2.61
      vertex 6.15791 -0.384375 2.61
      vertex 6.13618 -0.291172 2.61
    endloop
  endfacet
  facet normal 0 0 1
    outer loop
      vertex 6.12882 -0.292635 2.61
      vertex 6.13618 -0.291172 2.61
      vertex 6.13586 -0.289235 2.61
    endloop
  endfacet
  facet normal 0 0 1
    outer loop
      vertex 6.15791 -0.384375 2.61
      vertex 6.12882 -0.292635 2.61
      vertex 6.15111 -0.388228 2.61
    endloop
  endfacet
  facet normal -0 0 1
    outer loop
      vertex 6.11283 -0.195788 2.61
      vertex 6.13586 -0.289235 2.61
      vertex 6.12027 -0.194809 2.61
    endloop
  endfacet
  facet normal 0 0 1
    outer loop
      vertex 6.13586 -0.289235 2.61
      vertex 6.11283 -0.195788 2.61
      vertex 6.12882 -0.292635 2.61
    endloop
  endfacet
  facet normal 0 0 1
    outer loop
      vertex 6.11089 -0.0995677 2.61
      vertex 6.11283 -0.195788 2.61
      vertex 6.12027 -0.194809 2.61
    endloop
  endfacet
  facet normal -0 0 1
    outer loop
      vertex 6.10321 -0.0981045 2.61
      vertex 6.11089 -0.0995677 2.61
      vertex 6.1107 -0.0976139 2.61
    endloop
  endfacet
  facet normal 0 0 1
    outer loop
      vertex 6.10321 -0.0981045 2.61
      vertex 6.1107 -0.0976139 2.61
      vertex 6.10756 -0.00196214 2.61
    endloop
  endfacet
  facet normal -0 0 1
    outer loop
      vertex 6.1 0 2.61
      vertex 6.10756 -0.00196214 2.61
      vertex 6.1075 0 2.61
    endloop
  endfacet
  facet normal 0 0 1
    outer loop
      vertex 6.10756 0.00196214 2.61
      vertex 6.1 0 2.61
      vertex 6.1075 0 2.61
    endloop
  endfacet
  facet normal 0 0 1
    outer loop
      vertex 6.11089 -0.0995677 2.61
      vertex 6.10321 -0.0981045 2.61
      vertex 6.11283 -0.195788 2.61
    endloop
  endfacet
  facet normal 0 0 1
    outer loop
      vertex 6.10756 -0.00196214 2.61
      vertex 6.1 0 2.61
      vertex 6.10321 -0.0981045 2.61
    endloop
  endfacet
  facet normal -0.995186 0.0980072 0
    outer loop
      vertex 6.10321 0.0981045 1.2
      vertex 6.11283 0.195788 2.61
      vertex 6.11283 0.195788 1.2
    endloop
  endfacet
  facet normal -0.995186 0.0980072 0
    outer loop
      vertex 6.11283 0.195788 2.61
      vertex 6.10321 0.0981045 1.2
      vertex 6.10321 0.0981045 2.61
    endloop
  endfacet
  facet normal -0.729864 0.683592 0
    outer loop
      vertex 6.47224 0.989018 1.2
      vertex 6.53934 1.06066 2.61
      vertex 6.53934 1.06066 1.2
    endloop
  endfacet
  facet normal -0.729864 0.683592 0
    outer loop
      vertex 6.53934 1.06066 2.61
      vertex 6.47224 0.989018 1.2
      vertex 6.47224 0.989018 2.61
    endloop
  endfacet
  facet normal 0.995186 -0.0980072 0
    outer loop
      vertex 9.08717 -0.195788 2.61
      vertex 9.09679 -0.0981045 1.2
      vertex 9.09679 -0.0981045 2.61
    endloop
  endfacet
  facet normal 0.995186 -0.0980072 0
    outer loop
      vertex 9.09679 -0.0981045 1.2
      vertex 9.08717 -0.195788 2.61
      vertex 9.08717 -0.195788 1.2
    endloop
  endfacet
  facet normal 0.910865 -0.412705 0
    outer loop
      vertex 8.94531 -0.663432 2.61
      vertex 8.98582 -0.574024 1.2
      vertex 8.98582 -0.574024 2.61
    endloop
  endfacet
  facet normal 0.910865 -0.412705 0
    outer loop
      vertex 8.98582 -0.574024 1.2
      vertex 8.94531 -0.663432 2.61
      vertex 8.94531 -0.663432 1.2
    endloop
  endfacet
  facet normal 0.935891 -0.35229 0
    outer loop
      vertex 8.98582 -0.574024 2.61
      vertex 9.0204 -0.482159 1.2
      vertex 9.0204 -0.482159 2.61
    endloop
  endfacet
  facet normal 0.935891 -0.35229 0
    outer loop
      vertex 9.0204 -0.482159 1.2
      vertex 8.98582 -0.574024 2.61
      vertex 8.98582 -0.574024 1.2
    endloop
  endfacet
  facet normal 0.849172 -0.528116 0
    outer loop
      vertex 8.8472 -0.833355 2.61
      vertex 8.89904 -0.75 1.2
      vertex 8.89904 -0.75 2.61
    endloop
  endfacet
  facet normal 0.849172 -0.528116 0
    outer loop
      vertex 8.89904 -0.75 1.2
      vertex 8.8472 -0.833355 2.61
      vertex 8.8472 -0.833355 1.2
    endloop
  endfacet
  facet normal 0.729864 -0.683592 0
    outer loop
      vertex 8.66066 -1.06066 2.61
      vertex 8.72776 -0.989018 1.2
      vertex 8.72776 -0.989018 2.61
    endloop
  endfacet
  facet normal 0.729864 -0.683592 0
    outer loop
      vertex 8.72776 -0.989018 1.2
      vertex 8.66066 -1.06066 2.61
      vertex 8.66066 -1.06066 1.2
    endloop
  endfacet
  facet normal 0.683602 -0.729855 0
    outer loop
      vertex 8.58902 -1.12776 1.2
      vertex 8.66066 -1.06066 2.61
      vertex 8.58902 -1.12776 2.61
    endloop
  endfacet
  facet normal 0.683602 -0.729855 0
    outer loop
      vertex 8.66066 -1.06066 2.61
      vertex 8.58902 -1.12776 1.2
      vertex 8.66066 -1.06066 1.2
    endloop
  endfacet
  facet normal 0.582481 -0.812844 0
    outer loop
      vertex 8.43336 -1.2472 1.2
      vertex 8.51314 -1.19003 2.61
      vertex 8.43336 -1.2472 2.61
    endloop
  endfacet
  facet normal 0.582481 -0.812844 0
    outer loop
      vertex 8.51314 -1.19003 2.61
      vertex 8.43336 -1.2472 1.2
      vertex 8.51314 -1.19003 1.2
    endloop
  endfacet
  facet normal 0.412697 -0.910868 0
    outer loop
      vertex 8.17402 -1.38582 1.2
      vertex 8.26343 -1.34531 2.61
      vertex 8.17402 -1.38582 2.61
    endloop
  endfacet
  facet normal 0.412697 -0.910868 0
    outer loop
      vertex 8.26343 -1.34531 2.61
      vertex 8.17402 -1.38582 1.2
      vertex 8.26343 -1.34531 1.2
    endloop
  endfacet
  facet normal 0.471376 -0.881932 0
    outer loop
      vertex 8.26343 -1.34531 1.2
      vertex 8.35 -1.29904 2.61
      vertex 8.26343 -1.34531 2.61
    endloop
  endfacet
  facet normal 0.471376 -0.881932 0
    outer loop
      vertex 8.35 -1.29904 2.61
      vertex 8.26343 -1.34531 1.2
      vertex 8.35 -1.29904 1.2
    endloop
  endfacet
  facet normal 0 0 -1
    outer loop
      vertex 9.09679 -0.0981045 1.2
      vertex 9.09679 0.0981045 1.2
      vertex 9.1 0 1.2
    endloop
  endfacet
  facet normal 0 0 -1
    outer loop
      vertex 9.08717 -0.195788 1.2
      vertex 9.09679 0.0981045 1.2
      vertex 9.09679 -0.0981045 1.2
    endloop
  endfacet
  facet normal 0 0 -1
    outer loop
      vertex 9.08717 -0.195788 1.2
      vertex 9.08717 0.195788 1.2
      vertex 9.09679 0.0981045 1.2
    endloop
  endfacet
  facet normal 0 0 -1
    outer loop
      vertex 9.07118 -0.292635 1.2
      vertex 9.08717 0.195788 1.2
      vertex 9.08717 -0.195788 1.2
    endloop
  endfacet
  facet normal 0 0 -1
    outer loop
      vertex 9.07118 -0.292635 1.2
      vertex 9.07118 0.292635 1.2
      vertex 9.08717 0.195788 1.2
    endloop
  endfacet
  facet normal 0 0 -1
    outer loop
      vertex 9.04889 -0.388228 1.2
      vertex 9.07118 0.292635 1.2
      vertex 9.07118 -0.292635 1.2
    endloop
  endfacet
  facet normal 0 0 -1
    outer loop
      vertex 9.04889 -0.388228 1.2
      vertex 9.04889 0.388228 1.2
      vertex 9.07118 0.292635 1.2
    endloop
  endfacet
  facet normal 0 0 -1
    outer loop
      vertex 9.0204 -0.482159 1.2
      vertex 9.04889 0.388228 1.2
      vertex 9.04889 -0.388228 1.2
    endloop
  endfacet
  facet normal 0 0 -1
    outer loop
      vertex 9.0204 -0.482159 1.2
      vertex 9.0204 0.482159 1.2
      vertex 9.04889 0.388228 1.2
    endloop
  endfacet
  facet normal 0 0 -1
    outer loop
      vertex 8.98582 -0.574024 1.2
      vertex 9.0204 0.482159 1.2
      vertex 9.0204 -0.482159 1.2
    endloop
  endfacet
  facet normal 0 0 -1
    outer loop
      vertex 8.98582 -0.574024 1.2
      vertex 8.98582 0.574024 1.2
      vertex 9.0204 0.482159 1.2
    endloop
  endfacet
  facet normal 0 0 -1
    outer loop
      vertex 8.94531 -0.663432 1.2
      vertex 8.98582 0.574024 1.2
      vertex 8.98582 -0.574024 1.2
    endloop
  endfacet
  facet normal 0 0 -1
    outer loop
      vertex 8.94531 -0.663432 1.2
      vertex 8.94531 0.663432 1.2
      vertex 8.98582 0.574024 1.2
    endloop
  endfacet
  facet normal 0 0 -1
    outer loop
      vertex 8.89904 -0.75 1.2
      vertex 8.94531 0.663432 1.2
      vertex 8.94531 -0.663432 1.2
    endloop
  endfacet
  facet normal 0 0 -1
    outer loop
      vertex 8.89904 -0.75 1.2
      vertex 8.89904 0.75 1.2
      vertex 8.94531 0.663432 1.2
    endloop
  endfacet
  facet normal 0 0 -1
    outer loop
      vertex 8.8472 -0.833355 1.2
      vertex 8.89904 0.75 1.2
      vertex 8.89904 -0.75 1.2
    endloop
  endfacet
  facet normal 0 0 -1
    outer loop
      vertex 8.8472 -0.833355 1.2
      vertex 8.8472 0.833355 1.2
      vertex 8.89904 0.75 1.2
    endloop
  endfacet
  facet normal 0 0 -1
    outer loop
      vertex 8.79003 -0.913141 1.2
      vertex 8.8472 0.833355 1.2
      vertex 8.8472 -0.833355 1.2
    endloop
  endfacet
  facet normal 0 0 -1
    outer loop
      vertex 8.79003 -0.913141 1.2
      vertex 8.79003 0.913141 1.2
      vertex 8.8472 0.833355 1.2
    endloop
  endfacet
  facet normal 0 0 -1
    outer loop
      vertex 8.72776 -0.989018 1.2
      vertex 8.79003 0.913141 1.2
      vertex 8.79003 -0.913141 1.2
    endloop
  endfacet
  facet normal 0 0 -1
    outer loop
      vertex 8.72776 -0.989018 1.2
      vertex 8.72776 0.989018 1.2
      vertex 8.79003 0.913141 1.2
    endloop
  endfacet
  facet normal 0 0 -1
    outer loop
      vertex 8.66066 -1.06066 1.2
      vertex 8.72776 0.989018 1.2
      vertex 8.72776 -0.989018 1.2
    endloop
  endfacet
  facet normal 0 0 -1
    outer loop
      vertex 8.66066 -1.06066 1.2
      vertex 8.66066 1.06066 1.2
      vertex 8.72776 0.989018 1.2
    endloop
  endfacet
  facet normal 0 0 -1
    outer loop
      vertex 8.58902 -1.12776 1.2
      vertex 8.66066 1.06066 1.2
      vertex 8.66066 -1.06066 1.2
    endloop
  endfacet
  facet normal 0 0 -1
    outer loop
      vertex 8.58902 -1.12776 1.2
      vertex 8.58902 1.12776 1.2
      vertex 8.66066 1.06066 1.2
    endloop
  endfacet
  facet normal 0 0 -1
    outer loop
      vertex 8.51314 -1.19003 1.2
      vertex 8.58902 1.12776 1.2
      vertex 8.58902 -1.12776 1.2
    endloop
  endfacet
  facet normal 0 0 -1
    outer loop
      vertex 8.51314 -1.19003 1.2
      vertex 8.51314 1.19003 1.2
      vertex 8.58902 1.12776 1.2
    endloop
  endfacet
  facet normal 0 0 -1
    outer loop
      vertex 8.43336 -1.2472 1.2
      vertex 8.51314 1.19003 1.2
      vertex 8.51314 -1.19003 1.2
    endloop
  endfacet
  facet normal 0 0 -1
    outer loop
      vertex 8.43336 -1.2472 1.2
      vertex 8.43336 1.2472 1.2
      vertex 8.51314 1.19003 1.2
    endloop
  endfacet
  facet normal 0 0 -1
    outer loop
      vertex 8.35 -1.29904 1.2
      vertex 8.43336 1.2472 1.2
      vertex 8.43336 -1.2472 1.2
    endloop
  endfacet
  facet normal 0 0 -1
    outer loop
      vertex 8.35 -1.29904 1.2
      vertex 8.35 1.29904 1.2
      vertex 8.43336 1.2472 1.2
    endloop
  endfacet
  facet normal 0 0 -1
    outer loop
      vertex 8.26343 -1.34531 1.2
      vertex 8.35 1.29904 1.2
      vertex 8.35 -1.29904 1.2
    endloop
  endfacet
  facet normal 0 0 -1
    outer loop
      vertex 8.26343 -1.34531 1.2
      vertex 8.26343 1.34531 1.2
      vertex 8.35 1.29904 1.2
    endloop
  endfacet
  facet normal 0 0 -1
    outer loop
      vertex 8.17402 -1.38582 1.2
      vertex 8.26343 1.34531 1.2
      vertex 8.26343 -1.34531 1.2
    endloop
  endfacet
  facet normal 0 0 -1
    outer loop
      vertex 8.17402 -1.38582 1.2
      vertex 8.17402 1.38582 1.2
      vertex 8.26343 1.34531 1.2
    endloop
  endfacet
  facet normal 0 0 -1
    outer loop
      vertex 8.08216 -1.42039 1.2
      vertex 8.17402 1.38582 1.2
      vertex 8.17402 -1.38582 1.2
    endloop
  endfacet
  facet normal 0 0 -1
    outer loop
      vertex 8.08216 -1.42039 1.2
      vertex 8.08216 1.42039 1.2
      vertex 8.17402 1.38582 1.2
    endloop
  endfacet
  facet normal 0 0 -1
    outer loop
      vertex 7.98823 -1.44889 1.2
      vertex 8.08216 1.42039 1.2
      vertex 8.08216 -1.42039 1.2
    endloop
  endfacet
  facet normal 0 0 -1
    outer loop
      vertex 7.98823 -1.44889 1.2
      vertex 7.98823 1.44889 1.2
      vertex 8.08216 1.42039 1.2
    endloop
  endfacet
  facet normal 0 0 -1
    outer loop
      vertex 7.89263 -1.47118 1.2
      vertex 7.98823 1.44889 1.2
      vertex 7.98823 -1.44889 1.2
    endloop
  endfacet
  facet normal 0 0 -1
    outer loop
      vertex 7.89263 -1.47118 1.2
      vertex 7.89263 1.47118 1.2
      vertex 7.98823 1.44889 1.2
    endloop
  endfacet
  facet normal 0 0 -1
    outer loop
      vertex 7.79579 -1.48717 1.2
      vertex 7.89263 1.47118 1.2
      vertex 7.89263 -1.47118 1.2
    endloop
  endfacet
  facet normal 0 0 -1
    outer loop
      vertex 7.79579 -1.48717 1.2
      vertex 7.79579 1.48717 1.2
      vertex 7.89263 1.47118 1.2
    endloop
  endfacet
  facet normal 0 0 -1
    outer loop
      vertex 7.6981 -1.49679 1.2
      vertex 7.79579 1.48717 1.2
      vertex 7.79579 -1.48717 1.2
    endloop
  endfacet
  facet normal 0 0 -1
    outer loop
      vertex 7.6981 -1.49679 1.2
      vertex 7.6981 1.49679 1.2
      vertex 7.79579 1.48717 1.2
    endloop
  endfacet
  facet normal 0 0 -1
    outer loop
      vertex 7.6 -1.5 1.2
      vertex 7.6981 1.49679 1.2
      vertex 7.6981 -1.49679 1.2
    endloop
  endfacet
  facet normal 0 0 -1
    outer loop
      vertex 7.6 -1.5 1.2
      vertex 7.6 1.5 1.2
      vertex 7.6981 1.49679 1.2
    endloop
  endfacet
  facet normal 0 0 -1
    outer loop
      vertex 7.5019 -1.49679 1.2
      vertex 7.6 1.5 1.2
      vertex 7.6 -1.5 1.2
    endloop
  endfacet
  facet normal 0 0 -1
    outer loop
      vertex 7.5019 -1.49679 1.2
      vertex 7.5019 1.49679 1.2
      vertex 7.6 1.5 1.2
    endloop
  endfacet
  facet normal 0 0 -1
    outer loop
      vertex 7.40421 -1.48717 1.2
      vertex 7.5019 1.49679 1.2
      vertex 7.5019 -1.49679 1.2
    endloop
  endfacet
  facet normal 0 0 -1
    outer loop
      vertex 7.40421 -1.48717 1.2
      vertex 7.40421 1.48717 1.2
      vertex 7.5019 1.49679 1.2
    endloop
  endfacet
  facet normal 0 0 -1
    outer loop
      vertex 7.30736 -1.47118 1.2
      vertex 7.40421 1.48717 1.2
      vertex 7.40421 -1.48717 1.2
    endloop
  endfacet
  facet normal 0 0 -1
    outer loop
      vertex 7.30736 -1.47118 1.2
      vertex 7.30736 1.47118 1.2
      vertex 7.40421 1.48717 1.2
    endloop
  endfacet
  facet normal 0 0 -1
    outer loop
      vertex 7.21177 -1.44889 1.2
      vertex 7.30736 1.47118 1.2
      vertex 7.30736 -1.47118 1.2
    endloop
  endfacet
  facet normal 0 0 -1
    outer loop
      vertex 7.21177 -1.44889 1.2
      vertex 7.21177 1.44889 1.2
      vertex 7.30736 1.47118 1.2
    endloop
  endfacet
  facet normal 0 0 -1
    outer loop
      vertex 7.11784 -1.42039 1.2
      vertex 7.21177 1.44889 1.2
      vertex 7.21177 -1.44889 1.2
    endloop
  endfacet
  facet normal 0 0 -1
    outer loop
      vertex 7.11784 -1.42039 1.2
      vertex 7.11784 1.42039 1.2
      vertex 7.21177 1.44889 1.2
    endloop
  endfacet
  facet normal 0 0 -1
    outer loop
      vertex 7.02598 -1.38582 1.2
      vertex 7.11784 1.42039 1.2
      vertex 7.11784 -1.42039 1.2
    endloop
  endfacet
  facet normal 0 0 -1
    outer loop
      vertex 7.02598 -1.38582 1.2
      vertex 7.02598 1.38582 1.2
      vertex 7.11784 1.42039 1.2
    endloop
  endfacet
  facet normal 0 0 -1
    outer loop
      vertex 6.93657 -1.34531 1.2
      vertex 7.02598 1.38582 1.2
      vertex 7.02598 -1.38582 1.2
    endloop
  endfacet
  facet normal 0 0 -1
    outer loop
      vertex 6.93657 -1.34531 1.2
      vertex 6.93657 1.34531 1.2
      vertex 7.02598 1.38582 1.2
    endloop
  endfacet
  facet normal 0 0 -1
    outer loop
      vertex 6.85 -1.29904 1.2
      vertex 6.93657 1.34531 1.2
      vertex 6.93657 -1.34531 1.2
    endloop
  endfacet
  facet normal 0 0 -1
    outer loop
      vertex 6.85 -1.29904 1.2
      vertex 6.85 1.29904 1.2
      vertex 6.93657 1.34531 1.2
    endloop
  endfacet
  facet normal 0 0 -1
    outer loop
      vertex 6.76664 -1.2472 1.2
      vertex 6.85 1.29904 1.2
      vertex 6.85 -1.29904 1.2
    endloop
  endfacet
  facet normal 0 0 -1
    outer loop
      vertex 6.76664 -1.2472 1.2
      vertex 6.76664 1.2472 1.2
      vertex 6.85 1.29904 1.2
    endloop
  endfacet
  facet normal 0 0 -1
    outer loop
      vertex 6.68686 -1.19003 1.2
      vertex 6.76664 1.2472 1.2
      vertex 6.76664 -1.2472 1.2
    endloop
  endfacet
  facet normal 0 0 -1
    outer loop
      vertex 6.68686 -1.19003 1.2
      vertex 6.68686 1.19003 1.2
      vertex 6.76664 1.2472 1.2
    endloop
  endfacet
  facet normal 0 0 -1
    outer loop
      vertex 6.61098 -1.12776 1.2
      vertex 6.68686 1.19003 1.2
      vertex 6.68686 -1.19003 1.2
    endloop
  endfacet
  facet normal 0 0 -1
    outer loop
      vertex 6.61098 -1.12776 1.2
      vertex 6.61098 1.12776 1.2
      vertex 6.68686 1.19003 1.2
    endloop
  endfacet
  facet normal 0 0 -1
    outer loop
      vertex 6.53934 -1.06066 1.2
      vertex 6.61098 1.12776 1.2
      vertex 6.61098 -1.12776 1.2
    endloop
  endfacet
  facet normal 0 0 -1
    outer loop
      vertex 6.53934 -1.06066 1.2
      vertex 6.53934 1.06066 1.2
      vertex 6.61098 1.12776 1.2
    endloop
  endfacet
  facet normal 0 0 -1
    outer loop
      vertex 6.47224 -0.989018 1.2
      vertex 6.53934 1.06066 1.2
      vertex 6.53934 -1.06066 1.2
    endloop
  endfacet
  facet normal 0 0 -1
    outer loop
      vertex 6.47224 -0.989018 1.2
      vertex 6.47224 0.989018 1.2
      vertex 6.53934 1.06066 1.2
    endloop
  endfacet
  facet normal 0 0 -1
    outer loop
      vertex 6.40997 -0.913141 1.2
      vertex 6.47224 0.989018 1.2
      vertex 6.47224 -0.989018 1.2
    endloop
  endfacet
  facet normal 0 0 -1
    outer loop
      vertex 6.40997 -0.913141 1.2
      vertex 6.40997 0.913141 1.2
      vertex 6.47224 0.989018 1.2
    endloop
  endfacet
  facet normal 0 0 -1
    outer loop
      vertex 6.3528 -0.833355 1.2
      vertex 6.40997 0.913141 1.2
      vertex 6.40997 -0.913141 1.2
    endloop
  endfacet
  facet normal 0 0 -1
    outer loop
      vertex 6.3528 -0.833355 1.2
      vertex 6.3528 0.833355 1.2
      vertex 6.40997 0.913141 1.2
    endloop
  endfacet
  facet normal 0 0 -1
    outer loop
      vertex 6.30096 -0.75 1.2
      vertex 6.3528 0.833355 1.2
      vertex 6.3528 -0.833355 1.2
    endloop
  endfacet
  facet normal 0 0 -1
    outer loop
      vertex 6.30096 -0.75 1.2
      vertex 6.30096 0.75 1.2
      vertex 6.3528 0.833355 1.2
    endloop
  endfacet
  facet normal 0 0 -1
    outer loop
      vertex 6.25469 -0.663432 1.2
      vertex 6.30096 0.75 1.2
      vertex 6.30096 -0.75 1.2
    endloop
  endfacet
  facet normal 0 0 -1
    outer loop
      vertex 6.25469 -0.663432 1.2
      vertex 6.25469 0.663432 1.2
      vertex 6.30096 0.75 1.2
    endloop
  endfacet
  facet normal 0 0 -1
    outer loop
      vertex 6.21418 -0.574024 1.2
      vertex 6.25469 0.663432 1.2
      vertex 6.25469 -0.663432 1.2
    endloop
  endfacet
  facet normal 0 0 -1
    outer loop
      vertex 6.21418 -0.574024 1.2
      vertex 6.21418 0.574024 1.2
      vertex 6.25469 0.663432 1.2
    endloop
  endfacet
  facet normal 0 0 -1
    outer loop
      vertex 6.17961 -0.482159 1.2
      vertex 6.21418 0.574024 1.2
      vertex 6.21418 -0.574024 1.2
    endloop
  endfacet
  facet normal 0 0 -1
    outer loop
      vertex 6.17961 -0.482159 1.2
      vertex 6.17961 0.482159 1.2
      vertex 6.21418 0.574024 1.2
    endloop
  endfacet
  facet normal 0 0 -1
    outer loop
      vertex 6.15111 -0.388228 1.2
      vertex 6.17961 0.482159 1.2
      vertex 6.17961 -0.482159 1.2
    endloop
  endfacet
  facet normal 0 0 -1
    outer loop
      vertex 6.15111 -0.388228 1.2
      vertex 6.15111 0.388228 1.2
      vertex 6.17961 0.482159 1.2
    endloop
  endfacet
  facet normal 0 0 -1
    outer loop
      vertex 6.12882 -0.292635 1.2
      vertex 6.15111 0.388228 1.2
      vertex 6.15111 -0.388228 1.2
    endloop
  endfacet
  facet normal 0 0 -1
    outer loop
      vertex 6.12882 -0.292635 1.2
      vertex 6.12882 0.292635 1.2
      vertex 6.15111 0.388228 1.2
    endloop
  endfacet
  facet normal 0 0 -1
    outer loop
      vertex 6.11283 -0.195788 1.2
      vertex 6.12882 0.292635 1.2
      vertex 6.12882 -0.292635 1.2
    endloop
  endfacet
  facet normal 0 0 -1
    outer loop
      vertex 6.11283 -0.195788 1.2
      vertex 6.11283 0.195788 1.2
      vertex 6.12882 0.292635 1.2
    endloop
  endfacet
  facet normal 0 0 -1
    outer loop
      vertex 6.10321 -0.0981045 1.2
      vertex 6.11283 0.195788 1.2
      vertex 6.11283 -0.195788 1.2
    endloop
  endfacet
  facet normal 0 0 -1
    outer loop
      vertex 6.10321 -0.0981045 1.2
      vertex 6.10321 0.0981045 1.2
      vertex 6.11283 0.195788 1.2
    endloop
  endfacet
  facet normal 0 -0 -1
    outer loop
      vertex 6.10321 0.0981045 1.2
      vertex 6.10321 -0.0981045 1.2
      vertex 6.1 0 1.2
    endloop
  endfacet
  facet normal -0.956922 -0.290344 0
    outer loop
      vertex 6.17961 -0.482159 1.2
      vertex 6.15111 -0.388228 2.61
      vertex 6.15111 -0.388228 1.2
    endloop
  endfacet
  facet normal -0.956922 -0.290344 0
    outer loop
      vertex 6.15111 -0.388228 2.61
      vertex 6.17961 -0.482159 1.2
      vertex 6.17961 -0.482159 2.61
    endloop
  endfacet
  facet normal -0.881928 -0.471384 0
    outer loop
      vertex 6.30096 -0.75 1.2
      vertex 6.25469 -0.663432 2.61
      vertex 6.25469 -0.663432 1.2
    endloop
  endfacet
  facet normal -0.881928 -0.471384 0
    outer loop
      vertex 6.25469 -0.663432 2.61
      vertex 6.30096 -0.75 1.2
      vertex 6.30096 -0.75 2.61
    endloop
  endfacet
  facet normal -0.290347 -0.956922 0
    outer loop
      vertex 7.11784 -1.42039 1.2
      vertex 7.21177 -1.44889 2.61
      vertex 7.11784 -1.42039 2.61
    endloop
  endfacet
  facet normal -0.290347 -0.956922 -0
    outer loop
      vertex 7.21177 -1.44889 2.61
      vertex 7.11784 -1.42039 1.2
      vertex 7.21177 -1.44889 1.2
    endloop
  endfacet
  facet normal -0.412697 -0.910868 0
    outer loop
      vertex 6.93657 -1.34531 1.2
      vertex 7.02598 -1.38582 2.61
      vertex 6.93657 -1.34531 2.61
    endloop
  endfacet
  facet normal -0.412697 -0.910868 -0
    outer loop
      vertex 7.02598 -1.38582 2.61
      vertex 6.93657 -1.34531 1.2
      vertex 7.02598 -1.38582 1.2
    endloop
  endfacet
  facet normal -0.634374 -0.773026 0
    outer loop
      vertex 6.61098 -1.12776 1.2
      vertex 6.68686 -1.19003 2.61
      vertex 6.61098 -1.12776 2.61
    endloop
  endfacet
  facet normal -0.634374 -0.773026 -0
    outer loop
      vertex 6.68686 -1.19003 2.61
      vertex 6.61098 -1.12776 1.2
      vertex 6.68686 -1.19003 1.2
    endloop
  endfacet
  facet normal -0.582481 -0.812844 0
    outer loop
      vertex 6.68686 -1.19003 1.2
      vertex 6.76664 -1.2472 2.61
      vertex 6.68686 -1.19003 2.61
    endloop
  endfacet
  facet normal -0.582481 -0.812844 -0
    outer loop
      vertex 6.76664 -1.2472 2.61
      vertex 6.68686 -1.19003 1.2
      vertex 6.76664 -1.2472 1.2
    endloop
  endfacet
  facet normal 0.0327042 0.999465 -0
    outer loop
      vertex 7.6981 1.49679 1.2
      vertex 7.6 1.5 2.61
      vertex 7.6981 1.49679 2.61
    endloop
  endfacet
  facet normal 0.0327042 0.999465 0
    outer loop
      vertex 7.6 1.5 2.61
      vertex 7.6981 1.49679 1.2
      vertex 7.6 1.5 1.2
    endloop
  endfacet
  facet normal 0.986643 0.1629 0
    outer loop
      vertex 9.08717 0.195788 2.61
      vertex 9.07118 0.292635 1.2
      vertex 9.07118 0.292635 2.61
    endloop
  endfacet
  facet normal 0.986643 0.1629 0
    outer loop
      vertex 9.07118 0.292635 1.2
      vertex 9.08717 0.195788 2.61
      vertex 9.08717 0.195788 1.2
    endloop
  endfacet
  facet normal 0.956951 0.290251 0
    outer loop
      vertex 9.04889 0.388228 2.61
      vertex 9.0204 0.482159 1.2
      vertex 9.0204 0.482159 2.61
    endloop
  endfacet
  facet normal 0.956951 0.290251 0
    outer loop
      vertex 9.0204 0.482159 1.2
      vertex 9.04889 0.388228 2.61
      vertex 9.04889 0.388228 1.2
    endloop
  endfacet
  facet normal 0.0980007 0.995186 -0
    outer loop
      vertex 7.79579 1.48717 1.2
      vertex 7.6981 1.49679 2.61
      vertex 7.79579 1.48717 2.61
    endloop
  endfacet
  facet normal 0.0980007 0.995186 0
    outer loop
      vertex 7.6981 1.49679 2.61
      vertex 7.79579 1.48717 1.2
      vertex 7.6981 1.49679 1.2
    endloop
  endfacet
  facet normal 0.162912 0.986641 -0
    outer loop
      vertex 7.89263 1.47118 1.2
      vertex 7.79579 1.48717 2.61
      vertex 7.89263 1.47118 2.61
    endloop
  endfacet
  facet normal 0.162912 0.986641 0
    outer loop
      vertex 7.79579 1.48717 2.61
      vertex 7.89263 1.47118 1.2
      vertex 7.79579 1.48717 1.2
    endloop
  endfacet
  facet normal 0.352217 0.935918 -0
    outer loop
      vertex 8.17402 1.38582 1.2
      vertex 8.08216 1.42039 2.61
      vertex 8.17402 1.38582 2.61
    endloop
  endfacet
  facet normal 0.352217 0.935918 0
    outer loop
      vertex 8.08216 1.42039 2.61
      vertex 8.17402 1.38582 1.2
      vertex 8.08216 1.42039 1.2
    endloop
  endfacet
  facet normal 0.683602 0.729855 -0
    outer loop
      vertex 8.66066 1.06066 1.2
      vertex 8.58902 1.12776 2.61
      vertex 8.66066 1.06066 2.61
    endloop
  endfacet
  facet normal 0.683602 0.729855 0
    outer loop
      vertex 8.58902 1.12776 2.61
      vertex 8.66066 1.06066 1.2
      vertex 8.58902 1.12776 1.2
    endloop
  endfacet
  facet normal 0.528093 0.849187 -0
    outer loop
      vertex 8.43336 1.2472 1.2
      vertex 8.35 1.29904 2.61
      vertex 8.43336 1.2472 2.61
    endloop
  endfacet
  facet normal 0.528093 0.849187 0
    outer loop
      vertex 8.35 1.29904 2.61
      vertex 8.43336 1.2472 1.2
      vertex 8.35 1.29904 1.2
    endloop
  endfacet
  facet normal 0.582481 0.812844 -0
    outer loop
      vertex 8.51314 1.19003 1.2
      vertex 8.43336 1.2472 2.61
      vertex 8.51314 1.19003 2.61
    endloop
  endfacet
  facet normal 0.582481 0.812844 0
    outer loop
      vertex 8.43336 1.2472 2.61
      vertex 8.51314 1.19003 1.2
      vertex 8.43336 1.2472 1.2
    endloop
  endfacet
  facet normal 0.910865 0.412705 0
    outer loop
      vertex 8.98582 0.574024 2.61
      vertex 8.94531 0.663432 1.2
      vertex 8.94531 0.663432 2.61
    endloop
  endfacet
  facet normal 0.910865 0.412705 0
    outer loop
      vertex 8.94531 0.663432 1.2
      vertex 8.98582 0.574024 2.61
      vertex 8.98582 0.574024 1.2
    endloop
  endfacet
  facet normal 0.881928 0.471384 0
    outer loop
      vertex 8.94531 0.663432 2.61
      vertex 8.89904 0.75 1.2
      vertex 8.89904 0.75 2.61
    endloop
  endfacet
  facet normal 0.881928 0.471384 0
    outer loop
      vertex 8.89904 0.75 1.2
      vertex 8.94531 0.663432 2.61
      vertex 8.94531 0.663432 1.2
    endloop
  endfacet
  facet normal 0.935891 0.35229 0
    outer loop
      vertex 9.0204 0.482159 2.61
      vertex 8.98582 0.574024 1.2
      vertex 8.98582 0.574024 2.61
    endloop
  endfacet
  facet normal 0.935891 0.35229 0
    outer loop
      vertex 8.98582 0.574024 1.2
      vertex 9.0204 0.482159 2.61
      vertex 9.0204 0.482159 1.2
    endloop
  endfacet
  facet normal 0.849172 0.528116 0
    outer loop
      vertex 8.89904 0.75 2.61
      vertex 8.8472 0.833355 1.2
      vertex 8.8472 0.833355 2.61
    endloop
  endfacet
  facet normal 0.849172 0.528116 0
    outer loop
      vertex 8.8472 0.833355 1.2
      vertex 8.89904 0.75 2.61
      vertex 8.89904 0.75 1.2
    endloop
  endfacet
  facet normal -0.0327042 0.999465 0
    outer loop
      vertex 7.6 1.5 1.2
      vertex 7.5019 1.49679 2.61
      vertex 7.6 1.5 2.61
    endloop
  endfacet
  facet normal -0.0327042 0.999465 0
    outer loop
      vertex 7.5019 1.49679 2.61
      vertex 7.6 1.5 1.2
      vertex 7.5019 1.49679 1.2
    endloop
  endfacet
  facet normal -0.162895 0.986643 0
    outer loop
      vertex 7.40421 1.48717 1.2
      vertex 7.30736 1.47118 2.61
      vertex 7.40421 1.48717 2.61
    endloop
  endfacet
  facet normal -0.162895 0.986643 0
    outer loop
      vertex 7.30736 1.47118 2.61
      vertex 7.40421 1.48717 1.2
      vertex 7.30736 1.47118 1.2
    endloop
  endfacet
  facet normal -0.0980007 0.995186 0
    outer loop
      vertex 7.5019 1.49679 1.2
      vertex 7.40421 1.48717 2.61
      vertex 7.5019 1.49679 2.61
    endloop
  endfacet
  facet normal -0.0980007 0.995186 0
    outer loop
      vertex 7.40421 1.48717 2.61
      vertex 7.5019 1.49679 1.2
      vertex 7.40421 1.48717 1.2
    endloop
  endfacet
  facet normal -0.290347 0.956922 0
    outer loop
      vertex 7.21177 1.44889 1.2
      vertex 7.11784 1.42039 2.61
      vertex 7.21177 1.44889 2.61
    endloop
  endfacet
  facet normal -0.290347 0.956922 0
    outer loop
      vertex 7.11784 1.42039 2.61
      vertex 7.21177 1.44889 1.2
      vertex 7.11784 1.42039 1.2
    endloop
  endfacet
  facet normal -0.471376 0.881932 0
    outer loop
      vertex 6.93657 1.34531 1.2
      vertex 6.85 1.29904 2.61
      vertex 6.93657 1.34531 2.61
    endloop
  endfacet
  facet normal -0.471376 0.881932 0
    outer loop
      vertex 6.85 1.29904 2.61
      vertex 6.93657 1.34531 1.2
      vertex 6.85 1.29904 1.2
    endloop
  endfacet
  facet normal -0.634374 0.773026 0
    outer loop
      vertex 6.68686 1.19003 1.2
      vertex 6.61098 1.12776 2.61
      vertex 6.68686 1.19003 2.61
    endloop
  endfacet
  facet normal -0.634374 0.773026 0
    outer loop
      vertex 6.61098 1.12776 2.61
      vertex 6.68686 1.19003 1.2
      vertex 6.61098 1.12776 1.2
    endloop
  endfacet
  facet normal -0.582481 0.812844 0
    outer loop
      vertex 6.76664 1.2472 1.2
      vertex 6.68686 1.19003 2.61
      vertex 6.76664 1.2472 2.61
    endloop
  endfacet
  facet normal -0.582481 0.812844 0
    outer loop
      vertex 6.68686 1.19003 2.61
      vertex 6.76664 1.2472 1.2
      vertex 6.68686 1.19003 1.2
    endloop
  endfacet
  facet normal -0.956922 0.290344 0
    outer loop
      vertex 6.15111 0.388228 1.2
      vertex 6.17961 0.482159 2.61
      vertex 6.17961 0.482159 1.2
    endloop
  endfacet
  facet normal -0.956922 0.290344 0
    outer loop
      vertex 6.17961 0.482159 2.61
      vertex 6.15111 0.388228 1.2
      vertex 6.15111 0.388228 2.61
    endloop
  endfacet
  facet normal -0.973875 0.227084 0
    outer loop
      vertex 6.12882 0.292635 1.2
      vertex 6.15111 0.388228 2.61
      vertex 6.15111 0.388228 1.2
    endloop
  endfacet
  facet normal -0.973875 0.227084 0
    outer loop
      vertex 6.15111 0.388228 2.61
      vertex 6.12882 0.292635 1.2
      vertex 6.12882 0.292635 2.61
    endloop
  endfacet
  facet normal -0.910865 0.412705 0
    outer loop
      vertex 6.21418 0.574024 1.2
      vertex 6.25469 0.663432 2.61
      vertex 6.25469 0.663432 1.2
    endloop
  endfacet
  facet normal -0.910865 0.412705 0
    outer loop
      vertex 6.25469 0.663432 2.61
      vertex 6.21418 0.574024 1.2
      vertex 6.21418 0.574024 2.61
    endloop
  endfacet
  facet normal -0.849172 0.528116 0
    outer loop
      vertex 6.30096 0.75 1.2
      vertex 6.3528 0.833355 2.61
      vertex 6.3528 0.833355 1.2
    endloop
  endfacet
  facet normal -0.849172 0.528116 0
    outer loop
      vertex 6.3528 0.833355 2.61
      vertex 6.30096 0.75 1.2
      vertex 6.30096 0.75 2.61
    endloop
  endfacet
  facet normal -0.881928 0.471384 0
    outer loop
      vertex 6.25469 0.663432 1.2
      vertex 6.30096 0.75 2.61
      vertex 6.30096 0.75 1.2
    endloop
  endfacet
  facet normal -0.881928 0.471384 0
    outer loop
      vertex 6.30096 0.75 2.61
      vertex 6.25469 0.663432 1.2
      vertex 6.25469 0.663432 2.61
    endloop
  endfacet
  facet normal -0.812865 0.582452 0
    outer loop
      vertex 6.3528 0.833355 1.2
      vertex 6.40997 0.913141 2.61
      vertex 6.40997 0.913141 1.2
    endloop
  endfacet
  facet normal -0.812865 0.582452 0
    outer loop
      vertex 6.40997 0.913141 2.61
      vertex 6.3528 0.833355 1.2
      vertex 6.3528 0.833355 2.61
    endloop
  endfacet
  facet normal -0.773014 0.634389 0
    outer loop
      vertex 6.40997 0.913141 1.2
      vertex 6.47224 0.989018 2.61
      vertex 6.47224 0.989018 1.2
    endloop
  endfacet
  facet normal -0.773014 0.634389 0
    outer loop
      vertex 6.47224 0.989018 2.61
      vertex 6.40997 0.913141 1.2
      vertex 6.40997 0.913141 2.61
    endloop
  endfacet
  facet normal 0.162912 -0.986641 0
    outer loop
      vertex 7.79579 -1.48717 1.2
      vertex 7.89263 -1.47118 2.61
      vertex 7.79579 -1.48717 2.61
    endloop
  endfacet
  facet normal 0.162912 -0.986641 0
    outer loop
      vertex 7.89263 -1.47118 2.61
      vertex 7.79579 -1.48717 1.2
      vertex 7.89263 -1.47118 1.2
    endloop
  endfacet
  facet normal -0.986643 -0.1629 0
    outer loop
      vertex 6.12882 -0.292635 1.2
      vertex 6.11283 -0.195788 2.61
      vertex 6.11283 -0.195788 1.2
    endloop
  endfacet
  facet normal -0.986643 -0.1629 0
    outer loop
      vertex 6.11283 -0.195788 2.61
      vertex 6.12882 -0.292635 1.2
      vertex 6.12882 -0.292635 2.61
    endloop
  endfacet
  facet normal -0.773014 -0.634389 0
    outer loop
      vertex 6.47224 -0.989018 1.2
      vertex 6.40997 -0.913141 2.61
      vertex 6.40997 -0.913141 1.2
    endloop
  endfacet
  facet normal -0.773014 -0.634389 0
    outer loop
      vertex 6.40997 -0.913141 2.61
      vertex 6.47224 -0.989018 1.2
      vertex 6.47224 -0.989018 2.61
    endloop
  endfacet
  facet normal -0.227091 -0.973874 0
    outer loop
      vertex 7.21177 -1.44889 1.2
      vertex 7.30736 -1.47118 2.61
      vertex 7.21177 -1.44889 2.61
    endloop
  endfacet
  facet normal -0.227091 -0.973874 -0
    outer loop
      vertex 7.30736 -1.47118 2.61
      vertex 7.21177 -1.44889 1.2
      vertex 7.30736 -1.47118 1.2
    endloop
  endfacet
  facet normal -0.0980007 -0.995186 0
    outer loop
      vertex 7.40421 -1.48717 1.2
      vertex 7.5019 -1.49679 2.61
      vertex 7.40421 -1.48717 2.61
    endloop
  endfacet
  facet normal -0.0980007 -0.995186 -0
    outer loop
      vertex 7.5019 -1.49679 2.61
      vertex 7.40421 -1.48717 1.2
      vertex 7.5019 -1.49679 1.2
    endloop
  endfacet
  facet normal 0.973875 0.227084 0
    outer loop
      vertex 9.07118 0.292635 2.61
      vertex 9.04889 0.388228 1.2
      vertex 9.04889 0.388228 2.61
    endloop
  endfacet
  facet normal 0.973875 0.227084 0
    outer loop
      vertex 9.04889 0.388228 1.2
      vertex 9.07118 0.292635 2.61
      vertex 9.07118 0.292635 1.2
    endloop
  endfacet
  facet normal 0.227069 0.973879 -0
    outer loop
      vertex 7.98823 1.44889 1.2
      vertex 7.89263 1.47118 2.61
      vertex 7.98823 1.44889 2.61
    endloop
  endfacet
  facet normal 0.227069 0.973879 0
    outer loop
      vertex 7.89263 1.47118 2.61
      vertex 7.98823 1.44889 1.2
      vertex 7.89263 1.47118 1.2
    endloop
  endfacet
  facet normal 0.412697 0.910868 -0
    outer loop
      vertex 8.26343 1.34531 1.2
      vertex 8.17402 1.38582 2.61
      vertex 8.26343 1.34531 2.61
    endloop
  endfacet
  facet normal 0.412697 0.910868 0
    outer loop
      vertex 8.17402 1.38582 2.61
      vertex 8.26343 1.34531 1.2
      vertex 8.17402 1.38582 1.2
    endloop
  endfacet
  facet normal 0.729864 0.683592 0
    outer loop
      vertex 8.72776 0.989018 2.61
      vertex 8.66066 1.06066 1.2
      vertex 8.66066 1.06066 2.61
    endloop
  endfacet
  facet normal 0.729864 0.683592 0
    outer loop
      vertex 8.66066 1.06066 1.2
      vertex 8.72776 0.989018 2.61
      vertex 8.72776 0.989018 1.2
    endloop
  endfacet
  facet normal 0.812865 0.582452 0
    outer loop
      vertex 8.8472 0.833355 2.61
      vertex 8.79003 0.913141 1.2
      vertex 8.79003 0.913141 2.61
    endloop
  endfacet
  facet normal 0.812865 0.582452 0
    outer loop
      vertex 8.79003 0.913141 1.2
      vertex 8.8472 0.833355 2.61
      vertex 8.8472 0.833355 1.2
    endloop
  endfacet
  facet normal -0.227091 0.973874 0
    outer loop
      vertex 7.30736 1.47118 1.2
      vertex 7.21177 1.44889 2.61
      vertex 7.30736 1.47118 2.61
    endloop
  endfacet
  facet normal -0.227091 0.973874 0
    outer loop
      vertex 7.21177 1.44889 2.61
      vertex 7.30736 1.47118 1.2
      vertex 7.21177 1.44889 1.2
    endloop
  endfacet
  facet normal -0.986643 0.1629 0
    outer loop
      vertex 6.11283 0.195788 1.2
      vertex 6.12882 0.292635 2.61
      vertex 6.12882 0.292635 1.2
    endloop
  endfacet
  facet normal -0.986643 0.1629 0
    outer loop
      vertex 6.12882 0.292635 2.61
      vertex 6.11283 0.195788 1.2
      vertex 6.11283 0.195788 2.61
    endloop
  endfacet
  facet normal 0.999465 0.0327027 0
    outer loop
      vertex 9.1 0 2.61
      vertex 9.09679 0.0981045 1.2
      vertex 9.09679 0.0981045 2.61
    endloop
  endfacet
  facet normal 0.999465 0.0327027 0
    outer loop
      vertex 9.09679 0.0981045 1.2
      vertex 9.1 0 2.61
      vertex 9.1 0 1.2
    endloop
  endfacet
  facet normal 0.634394 -0.77301 0
    outer loop
      vertex 7.9139 -10.3136 0
      vertex 8.5715 -9.77392 1.2
      vertex 7.9139 -10.3136 1.2
    endloop
  endfacet
  facet normal 0.634394 -0.77301 0
    outer loop
      vertex 8.5715 -9.77392 1.2
      vertex 7.9139 -10.3136 0
      vertex 8.5715 -9.77392 0
    endloop
  endfacet
  facet normal -0.352294 -0.935889 0
    outer loop
      vertex -4.97488 -12.0104 0
      vertex -4.17871 -12.3101 1.2
      vertex -4.97488 -12.0104 1.2
    endloop
  endfacet
  facet normal -0.352294 -0.935889 -0
    outer loop
      vertex -4.17871 -12.3101 1.2
      vertex -4.97488 -12.0104 0
      vertex -4.17871 -12.3101 0
    endloop
  endfacet
  facet normal -0.910859 -0.412718 0
    outer loop
      vertex -11.6593 -5.74975 0
      vertex -12.0104 -4.97488 1.2
      vertex -12.0104 -4.97488 0
    endloop
  endfacet
  facet normal -0.910859 -0.412718 0
    outer loop
      vertex -12.0104 -4.97488 1.2
      vertex -11.6593 -5.74975 0
      vertex -11.6593 -5.74975 1.2
    endloop
  endfacet
  facet normal 0.88193 -0.471381 0
    outer loop
      vertex 11.2583 -6.5 1.2
      vertex 11.6593 -5.74975 0
      vertex 11.6593 -5.74975 1.2
    endloop
  endfacet
  facet normal 0.88193 -0.471381 0
    outer loop
      vertex 11.6593 -5.74975 0
      vertex 11.2583 -6.5 1.2
      vertex 11.2583 -6.5 0
    endloop
  endfacet
  facet normal 0.352294 -0.935889 0
    outer loop
      vertex 4.17871 -12.3101 0
      vertex 4.97488 -12.0104 1.2
      vertex 4.17871 -12.3101 1.2
    endloop
  endfacet
  facet normal 0.352294 -0.935889 0
    outer loop
      vertex 4.97488 -12.0104 1.2
      vertex 4.17871 -12.3101 0
      vertex 4.97488 -12.0104 0
    endloop
  endfacet
  facet normal 0.162925 -0.986638 0
    outer loop
      vertex 1.69684 -12.8888 0
      vertex 2.53617 -12.7502 1.2
      vertex 1.69684 -12.8888 1.2
    endloop
  endfacet
  facet normal 0.162925 -0.986638 0
    outer loop
      vertex 2.53617 -12.7502 1.2
      vertex 1.69684 -12.8888 0
      vertex 2.53617 -12.7502 0
    endloop
  endfacet
  facet normal -0.986638 -0.162925 0
    outer loop
      vertex -12.7502 -2.53617 0
      vertex -12.8888 -1.69684 1.2
      vertex -12.8888 -1.69684 0
    endloop
  endfacet
  facet normal -0.986638 -0.162925 0
    outer loop
      vertex -12.8888 -1.69684 1.2
      vertex -12.7502 -2.53617 0
      vertex -12.7502 -2.53617 1.2
    endloop
  endfacet
  facet normal -0.729862 -0.683594 0
    outer loop
      vertex -9.19239 -9.19239 0
      vertex -9.77392 -8.5715 1.2
      vertex -9.77392 -8.5715 0
    endloop
  endfacet
  facet normal -0.729862 -0.683594 0
    outer loop
      vertex -9.77392 -8.5715 1.2
      vertex -9.19239 -9.19239 0
      vertex -9.19239 -9.19239 1.2
    endloop
  endfacet
  facet normal -0.162925 -0.986638 0
    outer loop
      vertex -2.53617 -12.7502 0
      vertex -1.69684 -12.8888 1.2
      vertex -2.53617 -12.7502 1.2
    endloop
  endfacet
  facet normal -0.162925 -0.986638 -0
    outer loop
      vertex -1.69684 -12.8888 1.2
      vertex -2.53617 -12.7502 0
      vertex -1.69684 -12.8888 0
    endloop
  endfacet
  facet normal 0.995183 0.0980371 0
    outer loop
      vertex 12.9722 0.85024 1.2
      vertex 12.8888 1.69684 0
      vertex 12.8888 1.69684 1.2
    endloop
  endfacet
  facet normal 0.995183 0.0980371 0
    outer loop
      vertex 12.8888 1.69684 0
      vertex 12.9722 0.85024 1.2
      vertex 12.9722 0.85024 0
    endloop
  endfacet
  facet normal 0.77301 0.634394 0
    outer loop
      vertex 10.3136 7.9139 1.2
      vertex 9.77392 8.5715 0
      vertex 9.77392 8.5715 1.2
    endloop
  endfacet
  facet normal 0.77301 0.634394 0
    outer loop
      vertex 9.77392 8.5715 0
      vertex 10.3136 7.9139 1.2
      vertex 10.3136 7.9139 0
    endloop
  endfacet
  facet normal -0.162925 0.986638 0
    outer loop
      vertex -1.69684 12.8888 0
      vertex -2.53617 12.7502 1.2
      vertex -1.69684 12.8888 1.2
    endloop
  endfacet
  facet normal -0.162925 0.986638 0
    outer loop
      vertex -2.53617 12.7502 1.2
      vertex -1.69684 12.8888 0
      vertex -2.53617 12.7502 0
    endloop
  endfacet
  facet normal -0.683594 0.729862 0
    outer loop
      vertex -8.5715 9.77392 0
      vertex -9.19239 9.19239 1.2
      vertex -8.5715 9.77392 1.2
    endloop
  endfacet
  facet normal -0.683594 0.729862 0
    outer loop
      vertex -9.19239 9.19239 1.2
      vertex -8.5715 9.77392 0
      vertex -9.19239 9.19239 0
    endloop
  endfacet
  facet normal -0.956954 0.290239 0
    outer loop
      vertex -12.557 3.36465 0
      vertex -12.3101 4.17871 1.2
      vertex -12.3101 4.17871 0
    endloop
  endfacet
  facet normal -0.956954 0.290239 0
    outer loop
      vertex -12.3101 4.17871 1.2
      vertex -12.557 3.36465 0
      vertex -12.557 3.36465 1.2
    endloop
  endfacet
  facet normal 0.995183 -0.0980371 0
    outer loop
      vertex 12.8888 -1.69684 1.2
      vertex 12.9722 -0.85024 0
      vertex 12.9722 -0.85024 1.2
    endloop
  endfacet
  facet normal 0.995183 -0.0980371 0
    outer loop
      vertex 12.9722 -0.85024 0
      vertex 12.8888 -1.69684 1.2
      vertex 12.8888 -1.69684 0
    endloop
  endfacet
  facet normal 0.97387 -0.227105 0
    outer loop
      vertex 12.557 -3.36465 1.2
      vertex 12.7502 -2.53617 0
      vertex 12.7502 -2.53617 1.2
    endloop
  endfacet
  facet normal 0.97387 -0.227105 0
    outer loop
      vertex 12.7502 -2.53617 0
      vertex 12.557 -3.36465 1.2
      vertex 12.557 -3.36465 0
    endloop
  endfacet
  facet normal 0.956954 -0.290239 0
    outer loop
      vertex 12.3101 -4.17871 1.2
      vertex 12.557 -3.36465 0
      vertex 12.557 -3.36465 1.2
    endloop
  endfacet
  facet normal 0.956954 -0.290239 0
    outer loop
      vertex 12.557 -3.36465 0
      vertex 12.3101 -4.17871 1.2
      vertex 12.3101 -4.17871 0
    endloop
  endfacet
  facet normal 0.77301 -0.634394 0
    outer loop
      vertex 9.77392 -8.5715 1.2
      vertex 10.3136 -7.9139 0
      vertex 10.3136 -7.9139 1.2
    endloop
  endfacet
  facet normal 0.77301 -0.634394 0
    outer loop
      vertex 10.3136 -7.9139 0
      vertex 9.77392 -8.5715 1.2
      vertex 9.77392 -8.5715 0
    endloop
  endfacet
  facet normal 0.812855 -0.582466 0
    outer loop
      vertex 10.3136 -7.9139 1.2
      vertex 10.8091 -7.22241 0
      vertex 10.8091 -7.22241 1.2
    endloop
  endfacet
  facet normal 0.812855 -0.582466 0
    outer loop
      vertex 10.8091 -7.22241 0
      vertex 10.3136 -7.9139 1.2
      vertex 10.3136 -7.9139 0
    endloop
  endfacet
  facet normal 0.528048 -0.849215 0
    outer loop
      vertex 6.5 -11.2583 0
      vertex 7.22241 -10.8091 1.2
      vertex 6.5 -11.2583 1.2
    endloop
  endfacet
  facet normal 0.528048 -0.849215 0
    outer loop
      vertex 7.22241 -10.8091 1.2
      vertex 6.5 -11.2583 0
      vertex 7.22241 -10.8091 0
    endloop
  endfacet
  facet normal 0.0326792 -0.999466 0
    outer loop
      vertex 0 -13 0
      vertex 0.85024 -12.9722 1.2
      vertex 0 -13 1.2
    endloop
  endfacet
  facet normal 0.0326792 -0.999466 0
    outer loop
      vertex 0.85024 -12.9722 1.2
      vertex 0 -13 0
      vertex 0.85024 -12.9722 0
    endloop
  endfacet
  facet normal 0.471381 -0.88193 0
    outer loop
      vertex 5.74975 -11.6593 0
      vertex 6.5 -11.2583 1.2
      vertex 5.74975 -11.6593 1.2
    endloop
  endfacet
  facet normal 0.471381 -0.88193 0
    outer loop
      vertex 6.5 -11.2583 1.2
      vertex 5.74975 -11.6593 0
      vertex 6.5 -11.2583 0
    endloop
  endfacet
  facet normal 0.290239 -0.956954 0
    outer loop
      vertex 3.36465 -12.557 0
      vertex 4.17871 -12.3101 1.2
      vertex 3.36465 -12.557 1.2
    endloop
  endfacet
  facet normal 0.290239 -0.956954 0
    outer loop
      vertex 4.17871 -12.3101 1.2
      vertex 3.36465 -12.557 0
      vertex 4.17871 -12.3101 0
    endloop
  endfacet
  facet normal 0.227105 -0.97387 0
    outer loop
      vertex 2.53617 -12.7502 0
      vertex 3.36465 -12.557 1.2
      vertex 2.53617 -12.7502 1.2
    endloop
  endfacet
  facet normal 0.227105 -0.97387 0
    outer loop
      vertex 3.36465 -12.557 1.2
      vertex 2.53617 -12.7502 0
      vertex 3.36465 -12.557 0
    endloop
  endfacet
  facet normal -0.999466 -0.0326792 0
    outer loop
      vertex -12.9722 -0.85024 0
      vertex -13 0 1.2
      vertex -13 0 0
    endloop
  endfacet
  facet normal -0.999466 -0.0326792 0
    outer loop
      vertex -13 0 1.2
      vertex -12.9722 -0.85024 0
      vertex -12.9722 -0.85024 1.2
    endloop
  endfacet
  facet normal -0.97387 -0.227105 0
    outer loop
      vertex -12.557 -3.36465 0
      vertex -12.7502 -2.53617 1.2
      vertex -12.7502 -2.53617 0
    endloop
  endfacet
  facet normal -0.97387 -0.227105 0
    outer loop
      vertex -12.7502 -2.53617 1.2
      vertex -12.557 -3.36465 0
      vertex -12.557 -3.36465 1.2
    endloop
  endfacet
  facet normal -0.812855 -0.582466 0
    outer loop
      vertex -10.3136 -7.9139 0
      vertex -10.8091 -7.22241 1.2
      vertex -10.8091 -7.22241 0
    endloop
  endfacet
  facet normal -0.812855 -0.582466 0
    outer loop
      vertex -10.8091 -7.22241 1.2
      vertex -10.3136 -7.9139 0
      vertex -10.3136 -7.9139 1.2
    endloop
  endfacet
  facet normal -0.0326792 -0.999466 0
    outer loop
      vertex -0.85024 -12.9722 0
      vertex 0 -13 1.2
      vertex -0.85024 -12.9722 1.2
    endloop
  endfacet
  facet normal -0.0326792 -0.999466 -0
    outer loop
      vertex 0 -13 1.2
      vertex -0.85024 -12.9722 0
      vertex 0 -13 0
    endloop
  endfacet
  facet normal -0.227105 -0.97387 0
    outer loop
      vertex -3.36465 -12.557 0
      vertex -2.53617 -12.7502 1.2
      vertex -3.36465 -12.557 1.2
    endloop
  endfacet
  facet normal -0.227105 -0.97387 -0
    outer loop
      vertex -2.53617 -12.7502 1.2
      vertex -3.36465 -12.557 0
      vertex -2.53617 -12.7502 0
    endloop
  endfacet
  facet normal -0.528048 -0.849215 0
    outer loop
      vertex -7.22241 -10.8091 0
      vertex -6.5 -11.2583 1.2
      vertex -7.22241 -10.8091 1.2
    endloop
  endfacet
  facet normal -0.528048 -0.849215 -0
    outer loop
      vertex -6.5 -11.2583 1.2
      vertex -7.22241 -10.8091 0
      vertex -6.5 -11.2583 0
    endloop
  endfacet
  facet normal -0.582466 -0.812855 0
    outer loop
      vertex -7.9139 -10.3136 0
      vertex -7.22241 -10.8091 1.2
      vertex -7.9139 -10.3136 1.2
    endloop
  endfacet
  facet normal -0.582466 -0.812855 -0
    outer loop
      vertex -7.22241 -10.8091 1.2
      vertex -7.9139 -10.3136 0
      vertex -7.22241 -10.8091 0
    endloop
  endfacet
  facet normal -0.412718 -0.910859 0
    outer loop
      vertex -5.74975 -11.6593 0
      vertex -4.97488 -12.0104 1.2
      vertex -5.74975 -11.6593 1.2
    endloop
  endfacet
  facet normal -0.412718 -0.910859 -0
    outer loop
      vertex -4.97488 -12.0104 1.2
      vertex -5.74975 -11.6593 0
      vertex -4.97488 -12.0104 0
    endloop
  endfacet
  facet normal 0.999466 -0.0326792 0
    outer loop
      vertex 12.9722 -0.85024 1.2
      vertex 13 0 0
      vertex 13 0 1.2
    endloop
  endfacet
  facet normal 0.999466 -0.0326792 0
    outer loop
      vertex 13 0 0
      vertex 12.9722 -0.85024 1.2
      vertex 12.9722 -0.85024 0
    endloop
  endfacet
  facet normal 0.956954 0.290239 0
    outer loop
      vertex 12.557 3.36465 1.2
      vertex 12.3101 4.17871 0
      vertex 12.3101 4.17871 1.2
    endloop
  endfacet
  facet normal 0.956954 0.290239 0
    outer loop
      vertex 12.3101 4.17871 0
      vertex 12.557 3.36465 1.2
      vertex 12.557 3.36465 0
    endloop
  endfacet
  facet normal 0.290239 0.956954 -0
    outer loop
      vertex 4.17871 12.3101 0
      vertex 3.36465 12.557 1.2
      vertex 4.17871 12.3101 1.2
    endloop
  endfacet
  facet normal 0.290239 0.956954 0
    outer loop
      vertex 3.36465 12.557 1.2
      vertex 4.17871 12.3101 0
      vertex 3.36465 12.557 0
    endloop
  endfacet
  facet normal 0.634394 0.77301 -0
    outer loop
      vertex 8.5715 9.77392 0
      vertex 7.9139 10.3136 1.2
      vertex 8.5715 9.77392 1.2
    endloop
  endfacet
  facet normal 0.634394 0.77301 0
    outer loop
      vertex 7.9139 10.3136 1.2
      vertex 8.5715 9.77392 0
      vertex 7.9139 10.3136 0
    endloop
  endfacet
  facet normal 0.88193 0.471381 0
    outer loop
      vertex 11.6593 5.74975 1.2
      vertex 11.2583 6.5 0
      vertex 11.2583 6.5 1.2
    endloop
  endfacet
  facet normal 0.88193 0.471381 0
    outer loop
      vertex 11.2583 6.5 0
      vertex 11.6593 5.74975 1.2
      vertex 11.6593 5.74975 0
    endloop
  endfacet
  facet normal -0.0326792 0.999466 0
    outer loop
      vertex 0 13 0
      vertex -0.85024 12.9722 1.2
      vertex 0 13 1.2
    endloop
  endfacet
  facet normal -0.0326792 0.999466 0
    outer loop
      vertex -0.85024 12.9722 1.2
      vertex 0 13 0
      vertex -0.85024 12.9722 0
    endloop
  endfacet
  facet normal -0.97387 0.227105 0
    outer loop
      vertex -12.7502 2.53617 0
      vertex -12.557 3.36465 1.2
      vertex -12.557 3.36465 0
    endloop
  endfacet
  facet normal -0.97387 0.227105 0
    outer loop
      vertex -12.557 3.36465 1.2
      vertex -12.7502 2.53617 0
      vertex -12.7502 2.53617 1.2
    endloop
  endfacet
  facet normal -0.986638 0.162925 0
    outer loop
      vertex -12.8888 1.69684 0
      vertex -12.7502 2.53617 1.2
      vertex -12.7502 2.53617 0
    endloop
  endfacet
  facet normal -0.986638 0.162925 0
    outer loop
      vertex -12.7502 2.53617 1.2
      vertex -12.8888 1.69684 0
      vertex -12.8888 1.69684 1.2
    endloop
  endfacet
  facet normal -0.812855 0.582466 0
    outer loop
      vertex -10.8091 7.22241 0
      vertex -10.3136 7.9139 1.2
      vertex -10.3136 7.9139 0
    endloop
  endfacet
  facet normal -0.812855 0.582466 0
    outer loop
      vertex -10.3136 7.9139 1.2
      vertex -10.8091 7.22241 0
      vertex -10.8091 7.22241 1.2
    endloop
  endfacet
  facet normal -0.849215 0.528048 0
    outer loop
      vertex -11.2583 6.5 0
      vertex -10.8091 7.22241 1.2
      vertex -10.8091 7.22241 0
    endloop
  endfacet
  facet normal -0.849215 0.528048 0
    outer loop
      vertex -10.8091 7.22241 1.2
      vertex -11.2583 6.5 0
      vertex -11.2583 6.5 1.2
    endloop
  endfacet
  facet normal -0.910859 0.412718 0
    outer loop
      vertex -12.0104 4.97488 0
      vertex -11.6593 5.74975 1.2
      vertex -11.6593 5.74975 0
    endloop
  endfacet
  facet normal -0.910859 0.412718 0
    outer loop
      vertex -11.6593 5.74975 1.2
      vertex -12.0104 4.97488 0
      vertex -12.0104 4.97488 1.2
    endloop
  endfacet
  facet normal -0.77301 0.634394 0
    outer loop
      vertex -10.3136 7.9139 0
      vertex -9.77392 8.5715 1.2
      vertex -9.77392 8.5715 0
    endloop
  endfacet
  facet normal -0.77301 0.634394 0
    outer loop
      vertex -9.77392 8.5715 1.2
      vertex -10.3136 7.9139 0
      vertex -10.3136 7.9139 1.2
    endloop
  endfacet
  facet normal 0.986638 -0.162925 0
    outer loop
      vertex 12.7502 -2.53617 1.2
      vertex 12.8888 -1.69684 0
      vertex 12.8888 -1.69684 1.2
    endloop
  endfacet
  facet normal 0.986638 -0.162925 0
    outer loop
      vertex 12.8888 -1.69684 0
      vertex 12.7502 -2.53617 1.2
      vertex 12.7502 -2.53617 0
    endloop
  endfacet
  facet normal 0.910859 -0.412718 0
    outer loop
      vertex 11.6593 -5.74975 1.2
      vertex 12.0104 -4.97488 0
      vertex 12.0104 -4.97488 1.2
    endloop
  endfacet
  facet normal 0.910859 -0.412718 0
    outer loop
      vertex 12.0104 -4.97488 0
      vertex 11.6593 -5.74975 1.2
      vertex 11.6593 -5.74975 0
    endloop
  endfacet
  facet normal 0.935889 -0.352294 0
    outer loop
      vertex 12.0104 -4.97488 1.2
      vertex 12.3101 -4.17871 0
      vertex 12.3101 -4.17871 1.2
    endloop
  endfacet
  facet normal 0.935889 -0.352294 0
    outer loop
      vertex 12.3101 -4.17871 0
      vertex 12.0104 -4.97488 1.2
      vertex 12.0104 -4.97488 0
    endloop
  endfacet
  facet normal 0.849215 -0.528048 0
    outer loop
      vertex 10.8091 -7.22241 1.2
      vertex 11.2583 -6.5 0
      vertex 11.2583 -6.5 1.2
    endloop
  endfacet
  facet normal 0.849215 -0.528048 0
    outer loop
      vertex 11.2583 -6.5 0
      vertex 10.8091 -7.22241 1.2
      vertex 10.8091 -7.22241 0
    endloop
  endfacet
  facet normal 0.729862 -0.683594 0
    outer loop
      vertex 9.19239 -9.19239 1.2
      vertex 9.77392 -8.5715 0
      vertex 9.77392 -8.5715 1.2
    endloop
  endfacet
  facet normal 0.729862 -0.683594 0
    outer loop
      vertex 9.77392 -8.5715 0
      vertex 9.19239 -9.19239 1.2
      vertex 9.19239 -9.19239 0
    endloop
  endfacet
  facet normal 0.683594 -0.729862 0
    outer loop
      vertex 8.5715 -9.77392 0
      vertex 9.19239 -9.19239 1.2
      vertex 8.5715 -9.77392 1.2
    endloop
  endfacet
  facet normal 0.683594 -0.729862 0
    outer loop
      vertex 9.19239 -9.19239 1.2
      vertex 8.5715 -9.77392 0
      vertex 9.19239 -9.19239 0
    endloop
  endfacet
  facet normal 0.582466 -0.812855 0
    outer loop
      vertex 7.22241 -10.8091 0
      vertex 7.9139 -10.3136 1.2
      vertex 7.22241 -10.8091 1.2
    endloop
  endfacet
  facet normal 0.582466 -0.812855 0
    outer loop
      vertex 7.9139 -10.3136 1.2
      vertex 7.22241 -10.8091 0
      vertex 7.9139 -10.3136 0
    endloop
  endfacet
  facet normal 0.412718 -0.910859 0
    outer loop
      vertex 4.97488 -12.0104 0
      vertex 5.74975 -11.6593 1.2
      vertex 4.97488 -12.0104 1.2
    endloop
  endfacet
  facet normal 0.412718 -0.910859 0
    outer loop
      vertex 5.74975 -11.6593 1.2
      vertex 4.97488 -12.0104 0
      vertex 5.74975 -11.6593 0
    endloop
  endfacet
  facet normal -0.956954 -0.290239 0
    outer loop
      vertex -12.3101 -4.17871 0
      vertex -12.557 -3.36465 1.2
      vertex -12.557 -3.36465 0
    endloop
  endfacet
  facet normal -0.956954 -0.290239 0
    outer loop
      vertex -12.557 -3.36465 1.2
      vertex -12.3101 -4.17871 0
      vertex -12.3101 -4.17871 1.2
    endloop
  endfacet
  facet normal -0.935889 -0.352294 0
    outer loop
      vertex -12.0104 -4.97488 0
      vertex -12.3101 -4.17871 1.2
      vertex -12.3101 -4.17871 0
    endloop
  endfacet
  facet normal -0.935889 -0.352294 0
    outer loop
      vertex -12.3101 -4.17871 1.2
      vertex -12.0104 -4.97488 0
      vertex -12.0104 -4.97488 1.2
    endloop
  endfacet
  facet normal -0.88193 -0.471381 0
    outer loop
      vertex -11.2583 -6.5 0
      vertex -11.6593 -5.74975 1.2
      vertex -11.6593 -5.74975 0
    endloop
  endfacet
  facet normal -0.88193 -0.471381 0
    outer loop
      vertex -11.6593 -5.74975 1.2
      vertex -11.2583 -6.5 0
      vertex -11.2583 -6.5 1.2
    endloop
  endfacet
  facet normal -0.77301 -0.634394 0
    outer loop
      vertex -9.77392 -8.5715 0
      vertex -10.3136 -7.9139 1.2
      vertex -10.3136 -7.9139 0
    endloop
  endfacet
  facet normal -0.77301 -0.634394 0
    outer loop
      vertex -10.3136 -7.9139 1.2
      vertex -9.77392 -8.5715 0
      vertex -9.77392 -8.5715 1.2
    endloop
  endfacet
  facet normal -0.290239 -0.956954 0
    outer loop
      vertex -4.17871 -12.3101 0
      vertex -3.36465 -12.557 1.2
      vertex -4.17871 -12.3101 1.2
    endloop
  endfacet
  facet normal -0.290239 -0.956954 -0
    outer loop
      vertex -3.36465 -12.557 1.2
      vertex -4.17871 -12.3101 0
      vertex -3.36465 -12.557 0
    endloop
  endfacet
  facet normal -0.0980371 -0.995183 0
    outer loop
      vertex -1.69684 -12.8888 0
      vertex -0.85024 -12.9722 1.2
      vertex -1.69684 -12.8888 1.2
    endloop
  endfacet
  facet normal -0.0980371 -0.995183 -0
    outer loop
      vertex -0.85024 -12.9722 1.2
      vertex -1.69684 -12.8888 0
      vertex -0.85024 -12.9722 0
    endloop
  endfacet
  facet normal -0.634394 -0.77301 0
    outer loop
      vertex -8.5715 -9.77392 0
      vertex -7.9139 -10.3136 1.2
      vertex -8.5715 -9.77392 1.2
    endloop
  endfacet
  facet normal -0.634394 -0.77301 -0
    outer loop
      vertex -7.9139 -10.3136 1.2
      vertex -8.5715 -9.77392 0
      vertex -7.9139 -10.3136 0
    endloop
  endfacet
  facet normal -0.683594 -0.729862 0
    outer loop
      vertex -9.19239 -9.19239 0
      vertex -8.5715 -9.77392 1.2
      vertex -9.19239 -9.19239 1.2
    endloop
  endfacet
  facet normal -0.683594 -0.729862 -0
    outer loop
      vertex -8.5715 -9.77392 1.2
      vertex -9.19239 -9.19239 0
      vertex -8.5715 -9.77392 0
    endloop
  endfacet
  facet normal 0.999466 0.0326792 0
    outer loop
      vertex 13 0 1.2
      vertex 12.9722 0.85024 0
      vertex 12.9722 0.85024 1.2
    endloop
  endfacet
  facet normal 0.999466 0.0326792 0
    outer loop
      vertex 12.9722 0.85024 0
      vertex 13 0 1.2
      vertex 13 0 0
    endloop
  endfacet
  facet normal 0.0326792 0.999466 -0
    outer loop
      vertex 0.85024 12.9722 0
      vertex 0 13 1.2
      vertex 0.85024 12.9722 1.2
    endloop
  endfacet
  facet normal 0.0326792 0.999466 0
    outer loop
      vertex 0 13 1.2
      vertex 0.85024 12.9722 0
      vertex 0 13 0
    endloop
  endfacet
  facet normal 0.986638 0.162925 0
    outer loop
      vertex 12.8888 1.69684 1.2
      vertex 12.7502 2.53617 0
      vertex 12.7502 2.53617 1.2
    endloop
  endfacet
  facet normal 0.986638 0.162925 0
    outer loop
      vertex 12.7502 2.53617 0
      vertex 12.8888 1.69684 1.2
      vertex 12.8888 1.69684 0
    endloop
  endfacet
  facet normal 0.0980371 0.995183 -0
    outer loop
      vertex 1.69684 12.8888 0
      vertex 0.85024 12.9722 1.2
      vertex 1.69684 12.8888 1.2
    endloop
  endfacet
  facet normal 0.0980371 0.995183 0
    outer loop
      vertex 0.85024 12.9722 1.2
      vertex 1.69684 12.8888 0
      vertex 0.85024 12.9722 0
    endloop
  endfacet
  facet normal 0.162925 0.986638 -0
    outer loop
      vertex 2.53617 12.7502 0
      vertex 1.69684 12.8888 1.2
      vertex 2.53617 12.7502 1.2
    endloop
  endfacet
  facet normal 0.162925 0.986638 0
    outer loop
      vertex 1.69684 12.8888 1.2
      vertex 2.53617 12.7502 0
      vertex 1.69684 12.8888 0
    endloop
  endfacet
  facet normal 0.352294 0.935889 -0
    outer loop
      vertex 4.97488 12.0104 0
      vertex 4.17871 12.3101 1.2
      vertex 4.97488 12.0104 1.2
    endloop
  endfacet
  facet normal 0.352294 0.935889 0
    outer loop
      vertex 4.17871 12.3101 1.2
      vertex 4.97488 12.0104 0
      vertex 4.17871 12.3101 0
    endloop
  endfacet
  facet normal 0.683594 0.729862 -0
    outer loop
      vertex 9.19239 9.19239 0
      vertex 8.5715 9.77392 1.2
      vertex 9.19239 9.19239 1.2
    endloop
  endfacet
  facet normal 0.683594 0.729862 0
    outer loop
      vertex 8.5715 9.77392 1.2
      vertex 9.19239 9.19239 0
      vertex 8.5715 9.77392 0
    endloop
  endfacet
  facet normal 0.582466 0.812855 -0
    outer loop
      vertex 7.9139 10.3136 0
      vertex 7.22241 10.8091 1.2
      vertex 7.9139 10.3136 1.2
    endloop
  endfacet
  facet normal 0.582466 0.812855 0
    outer loop
      vertex 7.22241 10.8091 1.2
      vertex 7.9139 10.3136 0
      vertex 7.22241 10.8091 0
    endloop
  endfacet
  facet normal 0.471381 0.88193 -0
    outer loop
      vertex 6.5 11.2583 0
      vertex 5.74975 11.6593 1.2
      vertex 6.5 11.2583 1.2
    endloop
  endfacet
  facet normal 0.471381 0.88193 0
    outer loop
      vertex 5.74975 11.6593 1.2
      vertex 6.5 11.2583 0
      vertex 5.74975 11.6593 0
    endloop
  endfacet
  facet normal 0.910859 0.412718 0
    outer loop
      vertex 12.0104 4.97488 1.2
      vertex 11.6593 5.74975 0
      vertex 11.6593 5.74975 1.2
    endloop
  endfacet
  facet normal 0.910859 0.412718 0
    outer loop
      vertex 11.6593 5.74975 0
      vertex 12.0104 4.97488 1.2
      vertex 12.0104 4.97488 0
    endloop
  endfacet
  facet normal 0.812855 0.582466 0
    outer loop
      vertex 10.8091 7.22241 1.2
      vertex 10.3136 7.9139 0
      vertex 10.3136 7.9139 1.2
    endloop
  endfacet
  facet normal 0.812855 0.582466 0
    outer loop
      vertex 10.3136 7.9139 0
      vertex 10.8091 7.22241 1.2
      vertex 10.8091 7.22241 0
    endloop
  endfacet
  facet normal 0.849215 0.528048 0
    outer loop
      vertex 11.2583 6.5 1.2
      vertex 10.8091 7.22241 0
      vertex 10.8091 7.22241 1.2
    endloop
  endfacet
  facet normal 0.849215 0.528048 0
    outer loop
      vertex 10.8091 7.22241 0
      vertex 11.2583 6.5 1.2
      vertex 11.2583 6.5 0
    endloop
  endfacet
  facet normal -0.227105 0.97387 0
    outer loop
      vertex -2.53617 12.7502 0
      vertex -3.36465 12.557 1.2
      vertex -2.53617 12.7502 1.2
    endloop
  endfacet
  facet normal -0.227105 0.97387 0
    outer loop
      vertex -3.36465 12.557 1.2
      vertex -2.53617 12.7502 0
      vertex -3.36465 12.557 0
    endloop
  endfacet
  facet normal -0.352294 0.935889 0
    outer loop
      vertex -4.17871 12.3101 0
      vertex -4.97488 12.0104 1.2
      vertex -4.17871 12.3101 1.2
    endloop
  endfacet
  facet normal -0.352294 0.935889 0
    outer loop
      vertex -4.97488 12.0104 1.2
      vertex -4.17871 12.3101 0
      vertex -4.97488 12.0104 0
    endloop
  endfacet
  facet normal -0.0980371 0.995183 0
    outer loop
      vertex -0.85024 12.9722 0
      vertex -1.69684 12.8888 1.2
      vertex -0.85024 12.9722 1.2
    endloop
  endfacet
  facet normal -0.0980371 0.995183 0
    outer loop
      vertex -1.69684 12.8888 1.2
      vertex -0.85024 12.9722 0
      vertex -1.69684 12.8888 0
    endloop
  endfacet
  facet normal -0.290239 0.956954 0
    outer loop
      vertex -3.36465 12.557 0
      vertex -4.17871 12.3101 1.2
      vertex -3.36465 12.557 1.2
    endloop
  endfacet
  facet normal -0.290239 0.956954 0
    outer loop
      vertex -4.17871 12.3101 1.2
      vertex -3.36465 12.557 0
      vertex -4.17871 12.3101 0
    endloop
  endfacet
  facet normal -0.412718 0.910859 0
    outer loop
      vertex -4.97488 12.0104 0
      vertex -5.74975 11.6593 1.2
      vertex -4.97488 12.0104 1.2
    endloop
  endfacet
  facet normal -0.412718 0.910859 0
    outer loop
      vertex -5.74975 11.6593 1.2
      vertex -4.97488 12.0104 0
      vertex -5.74975 11.6593 0
    endloop
  endfacet
  facet normal -0.528048 0.849215 0
    outer loop
      vertex -6.5 11.2583 0
      vertex -7.22241 10.8091 1.2
      vertex -6.5 11.2583 1.2
    endloop
  endfacet
  facet normal -0.528048 0.849215 0
    outer loop
      vertex -7.22241 10.8091 1.2
      vertex -6.5 11.2583 0
      vertex -7.22241 10.8091 0
    endloop
  endfacet
  facet normal -0.471381 0.88193 0
    outer loop
      vertex -5.74975 11.6593 0
      vertex -6.5 11.2583 1.2
      vertex -5.74975 11.6593 1.2
    endloop
  endfacet
  facet normal -0.471381 0.88193 0
    outer loop
      vertex -6.5 11.2583 1.2
      vertex -5.74975 11.6593 0
      vertex -6.5 11.2583 0
    endloop
  endfacet
  facet normal -0.582466 0.812855 0
    outer loop
      vertex -7.22241 10.8091 0
      vertex -7.9139 10.3136 1.2
      vertex -7.22241 10.8091 1.2
    endloop
  endfacet
  facet normal -0.582466 0.812855 0
    outer loop
      vertex -7.9139 10.3136 1.2
      vertex -7.22241 10.8091 0
      vertex -7.9139 10.3136 0
    endloop
  endfacet
  facet normal -0.999466 0.0326792 0
    outer loop
      vertex -13 0 0
      vertex -12.9722 0.85024 1.2
      vertex -12.9722 0.85024 0
    endloop
  endfacet
  facet normal -0.999466 0.0326792 0
    outer loop
      vertex -12.9722 0.85024 1.2
      vertex -13 0 0
      vertex -13 0 1.2
    endloop
  endfacet
  facet normal 0 0 1
    outer loop
      vertex -5.5 0 1.2
      vertex -9.8 0 1.2
      vertex -9.77902 -0.64095 1.2
    endloop
  endfacet
  facet normal 0 0 1
    outer loop
      vertex -3.7503 -9.05402 1.2
      vertex -2.10476 -5.08134 1.2
      vertex -2.43259 -4.9328 1.2
    endloop
  endfacet
  facet normal 0 0 1
    outer loop
      vertex -2.10476 -5.08134 1.2
      vertex -2.53643 -9.46607 1.2
      vertex -2.19104 -9.54661 1.2
    endloop
  endfacet
  facet normal 0 0 1
    outer loop
      vertex -4.33443 -8.78935 1.2
      vertex -2.43259 -4.9328 1.2
      vertex -2.75 -4.76314 1.2
    endloop
  endfacet
  facet normal 0 0 1
    outer loop
      vertex -4.9 -8.48705 1.2
      vertex -2.75 -4.76314 1.2
      vertex -3.05564 -4.57308 1.2
    endloop
  endfacet
  facet normal 0 0 1
    outer loop
      vertex -2.10476 -5.08134 1.2
      vertex -3.15011 -9.27991 1.2
      vertex -2.53643 -9.46607 1.2
    endloop
  endfacet
  facet normal 0 0 1
    outer loop
      vertex -5.44459 -8.1484 1.2
      vertex -3.05564 -4.57308 1.2
      vertex -3.34819 -4.36344 1.2
    endloop
  endfacet
  facet normal 0 0 1
    outer loop
      vertex -5.96586 -7.77486 1.2
      vertex -3.34819 -4.36344 1.2
      vertex -3.6264 -4.13512 1.2
    endloop
  endfacet
  facet normal 0 0 1
    outer loop
      vertex -2.10476 -5.08134 1.2
      vertex -3.7503 -9.05402 1.2
      vertex -3.15011 -9.27991 1.2
    endloop
  endfacet
  facet normal 0 0 1
    outer loop
      vertex -6.46159 -7.36803 1.2
      vertex -3.6264 -4.13512 1.2
      vertex -3.88909 -3.88909 1.2
    endloop
  endfacet
  facet normal 0 0 1
    outer loop
      vertex -6.92965 -6.92965 1.2
      vertex -3.88909 -3.88909 1.2
      vertex -4.13512 -3.6264 1.2
    endloop
  endfacet
  facet normal 0 0 1
    outer loop
      vertex -2.43259 -4.9328 1.2
      vertex -4.33443 -8.78935 1.2
      vertex -3.7503 -9.05402 1.2
    endloop
  endfacet
  facet normal 0 0 1
    outer loop
      vertex -7.36803 -6.46159 1.2
      vertex -4.13512 -3.6264 1.2
      vertex -4.36344 -3.34819 1.2
    endloop
  endfacet
  facet normal 0 0 1
    outer loop
      vertex -7.77486 -5.96586 1.2
      vertex -4.36344 -3.34819 1.2
      vertex -4.57308 -3.05564 1.2
    endloop
  endfacet
  facet normal 0 0 1
    outer loop
      vertex -8.1484 -5.44459 1.2
      vertex -4.57308 -3.05564 1.2
      vertex -4.76314 -2.75 1.2
    endloop
  endfacet
  facet normal 0 0 1
    outer loop
      vertex -2.75 -4.76314 1.2
      vertex -4.9 -8.48705 1.2
      vertex -4.33443 -8.78935 1.2
    endloop
  endfacet
  facet normal 0 0 1
    outer loop
      vertex -8.48705 -4.9 1.2
      vertex -4.76314 -2.75 1.2
      vertex -4.9328 -2.43259 1.2
    endloop
  endfacet
  facet normal 0 0 1
    outer loop
      vertex -8.78935 -4.33443 1.2
      vertex -4.9328 -2.43259 1.2
      vertex -5.08134 -2.10476 1.2
    endloop
  endfacet
  facet normal 0 0 1
    outer loop
      vertex -9.05402 -3.7503 1.2
      vertex -5.08134 -2.10476 1.2
      vertex -5.20812 -1.76792 1.2
    endloop
  endfacet
  facet normal 0 0 1
    outer loop
      vertex -9.27991 -3.15011 1.2
      vertex -5.20812 -1.76792 1.2
      vertex -5.31259 -1.4235 1.2
    endloop
  endfacet
  facet normal 0 0 1
    outer loop
      vertex -9.46607 -2.53643 1.2
      vertex -5.31259 -1.4235 1.2
      vertex -5.39432 -1.073 1.2
    endloop
  endfacet
  facet normal 0 0 1
    outer loop
      vertex -3.05564 -4.57308 1.2
      vertex -5.44459 -8.1484 1.2
      vertex -4.9 -8.48705 1.2
    endloop
  endfacet
  facet normal 0 0 1
    outer loop
      vertex -9.6117 -1.91188 1.2
      vertex -5.39432 -1.073 1.2
      vertex -5.45295 -0.717894 1.2
    endloop
  endfacet
  facet normal 0 0 1
    outer loop
      vertex -9.71616 -1.27916 1.2
      vertex -5.45295 -0.717894 1.2
      vertex -5.48822 -0.359716 1.2
    endloop
  endfacet
  facet normal 0 0 1
    outer loop
      vertex -9.77902 -0.64095 1.2
      vertex -5.48822 -0.359716 1.2
      vertex -5.5 0 1.2
    endloop
  endfacet
  facet normal 0 0 1
    outer loop
      vertex -4.9328 2.43259 1.2
      vertex -8.78935 4.33443 1.2
      vertex -5.08134 2.10476 1.2
    endloop
  endfacet
  facet normal 0 0 1
    outer loop
      vertex -3.34819 -4.36344 1.2
      vertex -5.96586 -7.77486 1.2
      vertex -5.44459 -8.1484 1.2
    endloop
  endfacet
  facet normal -0 0 1
    outer loop
      vertex -9.05402 3.7503 1.2
      vertex -5.08134 2.10476 1.2
      vertex -8.78935 4.33443 1.2
    endloop
  endfacet
  facet normal 0 0 1
    outer loop
      vertex -3.6264 -4.13512 1.2
      vertex -6.46159 -7.36803 1.2
      vertex -5.96586 -7.77486 1.2
    endloop
  endfacet
  facet normal 0 0 1
    outer loop
      vertex -5.08134 2.10476 1.2
      vertex -9.05402 3.7503 1.2
      vertex -5.20812 1.76792 1.2
    endloop
  endfacet
  facet normal 0 0 1
    outer loop
      vertex -3.88909 -3.88909 1.2
      vertex -6.92965 -6.92965 1.2
      vertex -6.46159 -7.36803 1.2
    endloop
  endfacet
  facet normal -0 0 1
    outer loop
      vertex -9.27991 3.15011 1.2
      vertex -5.20812 1.76792 1.2
      vertex -9.05402 3.7503 1.2
    endloop
  endfacet
  facet normal 0 0 1
    outer loop
      vertex -4.13512 -3.6264 1.2
      vertex -7.36803 -6.46159 1.2
      vertex -6.92965 -6.92965 1.2
    endloop
  endfacet
  facet normal 0 0 1
    outer loop
      vertex -5.20812 1.76792 1.2
      vertex -9.27991 3.15011 1.2
      vertex -5.31259 1.4235 1.2
    endloop
  endfacet
  facet normal 0 0 1
    outer loop
      vertex -4.36344 -3.34819 1.2
      vertex -7.77486 -5.96586 1.2
      vertex -7.36803 -6.46159 1.2
    endloop
  endfacet
  facet normal -0 0 1
    outer loop
      vertex -9.46607 2.53643 1.2
      vertex -5.31259 1.4235 1.2
      vertex -9.27991 3.15011 1.2
    endloop
  endfacet
  facet normal 0 0 1
    outer loop
      vertex -4.57308 -3.05564 1.2
      vertex -8.1484 -5.44459 1.2
      vertex -7.77486 -5.96586 1.2
    endloop
  endfacet
  facet normal 0 0 1
    outer loop
      vertex -5.31259 1.4235 1.2
      vertex -9.46607 2.53643 1.2
      vertex -5.39432 1.073 1.2
    endloop
  endfacet
  facet normal 0 0 1
    outer loop
      vertex -4.76314 -2.75 1.2
      vertex -8.48705 -4.9 1.2
      vertex -8.1484 -5.44459 1.2
    endloop
  endfacet
  facet normal -0 0 1
    outer loop
      vertex -9.6117 1.91188 1.2
      vertex -5.39432 1.073 1.2
      vertex -9.46607 2.53643 1.2
    endloop
  endfacet
  facet normal 0 0 1
    outer loop
      vertex -4.9328 -2.43259 1.2
      vertex -8.78935 -4.33443 1.2
      vertex -8.48705 -4.9 1.2
    endloop
  endfacet
  facet normal -0 0 1
    outer loop
      vertex -9.70431 1.35093 1.2
      vertex -5.39432 1.073 1.2
      vertex -9.6117 1.91188 1.2
    endloop
  endfacet
  facet normal 0 0 1
    outer loop
      vertex -5.08134 -2.10476 1.2
      vertex -9.05402 -3.7503 1.2
      vertex -8.78935 -4.33443 1.2
    endloop
  endfacet
  facet normal 0 0 1
    outer loop
      vertex -5.39432 1.073 1.2
      vertex -9.70431 1.35093 1.2
      vertex -5.45295 0.717894 1.2
    endloop
  endfacet
  facet normal 0 0 1
    outer loop
      vertex -5.20812 -1.76792 1.2
      vertex -9.27991 -3.15011 1.2
      vertex -9.05402 -3.7503 1.2
    endloop
  endfacet
  facet normal 0 0 1
    outer loop
      vertex -5.45295 0.717894 1.2
      vertex -9.70431 1.35093 1.2
      vertex -5.48822 0.359716 1.2
    endloop
  endfacet
  facet normal 0 0 1
    outer loop
      vertex -5.31259 -1.4235 1.2
      vertex -9.46607 -2.53643 1.2
      vertex -9.27991 -3.15011 1.2
    endloop
  endfacet
  facet normal 0 0 1
    outer loop
      vertex -9.78839 0.354463 1.2
      vertex -5.48822 0.359716 1.2
      vertex -9.70431 1.35093 1.2
    endloop
  endfacet
  facet normal 0 0 1
    outer loop
      vertex -5.39432 -1.073 1.2
      vertex -9.6117 -1.91188 1.2
      vertex -9.46607 -2.53643 1.2
    endloop
  endfacet
  facet normal 0 0 1
    outer loop
      vertex -5.48822 0.359716 1.2
      vertex -9.78839 0.354463 1.2
      vertex -5.5 0 1.2
    endloop
  endfacet
  facet normal 0 0 1
    outer loop
      vertex -5.45295 -0.717894 1.2
      vertex -9.71616 -1.27916 1.2
      vertex -9.6117 -1.91188 1.2
    endloop
  endfacet
  facet normal 0 0 1
    outer loop
      vertex -5.48822 -0.359716 1.2
      vertex -9.77902 -0.64095 1.2
      vertex -9.71616 -1.27916 1.2
    endloop
  endfacet
  facet normal 0 0 1
    outer loop
      vertex -9.8 0 1.2
      vertex -5.5 0 1.2
      vertex -9.78839 0.354463 1.2
    endloop
  endfacet
  facet normal 0 0 1
    outer loop
      vertex -11.8996 1.54299 1.2
      vertex -9.78839 0.354463 1.2
      vertex -9.70431 1.35093 1.2
    endloop
  endfacet
  facet normal 0 0 1
    outer loop
      vertex -9.78839 0.354463 1.2
      vertex -11.8996 1.54299 1.2
      vertex -11.9821 0.546388 1.2
    endloop
  endfacet
  facet normal 0 0 1
    outer loop
      vertex 0 13 1.2
      vertex -0.784837 11.9743 1.2
      vertex 0 12 1.2
    endloop
  endfacet
  facet normal -0 0 1
    outer loop
      vertex -0.85024 12.9722 1.2
      vertex -0.784837 11.9743 1.2
      vertex 0 13 1.2
    endloop
  endfacet
  facet normal 0 0 1
    outer loop
      vertex -0.85024 12.9722 1.2
      vertex -1.56631 11.8973 1.2
      vertex -0.784837 11.9743 1.2
    endloop
  endfacet
  facet normal -0 0 1
    outer loop
      vertex -1.69684 12.8888 1.2
      vertex -1.56631 11.8973 1.2
      vertex -0.85024 12.9722 1.2
    endloop
  endfacet
  facet normal 0 0 1
    outer loop
      vertex -1.69684 12.8888 1.2
      vertex -2.34108 11.7694 1.2
      vertex -1.56631 11.8973 1.2
    endloop
  endfacet
  facet normal -0 0 1
    outer loop
      vertex -2.53617 12.7502 1.2
      vertex -2.34108 11.7694 1.2
      vertex -1.69684 12.8888 1.2
    endloop
  endfacet
  facet normal 0 0 1
    outer loop
      vertex -2.53617 12.7502 1.2
      vertex -3.10583 11.5911 1.2
      vertex -2.34108 11.7694 1.2
    endloop
  endfacet
  facet normal -0 0 1
    outer loop
      vertex -3.36465 12.557 1.2
      vertex -3.10583 11.5911 1.2
      vertex -2.53617 12.7502 1.2
    endloop
  endfacet
  facet normal 0 0 1
    outer loop
      vertex -3.36465 12.557 1.2
      vertex -3.85727 11.3632 1.2
      vertex -3.10583 11.5911 1.2
    endloop
  endfacet
  facet normal -0 0 1
    outer loop
      vertex -4.17871 12.3101 1.2
      vertex -3.85727 11.3632 1.2
      vertex -3.36465 12.557 1.2
    endloop
  endfacet
  facet normal 0 0 1
    outer loop
      vertex -4.17871 12.3101 1.2
      vertex -4.5922 11.0866 1.2
      vertex -3.85727 11.3632 1.2
    endloop
  endfacet
  facet normal -0 0 1
    outer loop
      vertex -4.97488 12.0104 1.2
      vertex -4.5922 11.0866 1.2
      vertex -4.17871 12.3101 1.2
    endloop
  endfacet
  facet normal 0 0 1
    outer loop
      vertex -4.97488 12.0104 1.2
      vertex -5.30746 10.7625 1.2
      vertex -4.5922 11.0866 1.2
    endloop
  endfacet
  facet normal -0 0 1
    outer loop
      vertex -5.74975 11.6593 1.2
      vertex -5.30746 10.7625 1.2
      vertex -4.97488 12.0104 1.2
    endloop
  endfacet
  facet normal 0 0 1
    outer loop
      vertex -5.74975 11.6593 1.2
      vertex -6 10.3923 1.2
      vertex -5.30746 10.7625 1.2
    endloop
  endfacet
  facet normal -0 0 1
    outer loop
      vertex -6.5 11.2583 1.2
      vertex -6 10.3923 1.2
      vertex -5.74975 11.6593 1.2
    endloop
  endfacet
  facet normal 0 0 1
    outer loop
      vertex -6.5 11.2583 1.2
      vertex -6.66684 9.97763 1.2
      vertex -6 10.3923 1.2
    endloop
  endfacet
  facet normal -0 0 1
    outer loop
      vertex -7.22241 10.8091 1.2
      vertex -6.66684 9.97763 1.2
      vertex -6.5 11.2583 1.2
    endloop
  endfacet
  facet normal 0 0 1
    outer loop
      vertex -7.22241 10.8091 1.2
      vertex -7.30514 9.52024 1.2
      vertex -6.66684 9.97763 1.2
    endloop
  endfacet
  facet normal -0 0 1
    outer loop
      vertex -7.9139 10.3136 1.2
      vertex -7.30514 9.52024 1.2
      vertex -7.22241 10.8091 1.2
    endloop
  endfacet
  facet normal 0 0 1
    outer loop
      vertex -7.30514 9.52024 1.2
      vertex -7.9139 10.3136 1.2
      vertex -7.91215 9.02208 1.2
    endloop
  endfacet
  facet normal -0 0 1
    outer loop
      vertex -8.5715 9.77392 1.2
      vertex -7.91215 9.02208 1.2
      vertex -7.9139 10.3136 1.2
    endloop
  endfacet
  facet normal 0 0 1
    outer loop
      vertex -7.91215 9.02208 1.2
      vertex -8.5715 9.77392 1.2
      vertex -8.48528 8.48528 1.2
    endloop
  endfacet
  facet normal -0 0 1
    outer loop
      vertex -9.19239 9.19239 1.2
      vertex -8.48528 8.48528 1.2
      vertex -8.5715 9.77392 1.2
    endloop
  endfacet
  facet normal 0 0 1
    outer loop
      vertex -8.48528 8.48528 1.2
      vertex -9.19239 9.19239 1.2
      vertex -9.02208 7.91215 1.2
    endloop
  endfacet
  facet normal -0 0 1
    outer loop
      vertex -9.77392 8.5715 1.2
      vertex -9.02208 7.91215 1.2
      vertex -9.19239 9.19239 1.2
    endloop
  endfacet
  facet normal 0 0 1
    outer loop
      vertex -9.02208 7.91215 1.2
      vertex -9.77392 8.5715 1.2
      vertex -9.52024 7.30514 1.2
    endloop
  endfacet
  facet normal -0 0 1
    outer loop
      vertex -10.3136 7.9139 1.2
      vertex -9.52024 7.30514 1.2
      vertex -9.77392 8.5715 1.2
    endloop
  endfacet
  facet normal 0 0 1
    outer loop
      vertex -9.52024 7.30514 1.2
      vertex -10.3136 7.9139 1.2
      vertex -9.97763 6.66684 1.2
    endloop
  endfacet
  facet normal -0 0 1
    outer loop
      vertex -10.8091 7.22241 1.2
      vertex -9.97763 6.66684 1.2
      vertex -10.3136 7.9139 1.2
    endloop
  endfacet
  facet normal 0 0 1
    outer loop
      vertex -9.97763 6.66684 1.2
      vertex -10.8091 7.22241 1.2
      vertex -10.3923 6 1.2
    endloop
  endfacet
  facet normal -0 0 1
    outer loop
      vertex -11.2583 6.5 1.2
      vertex -10.3923 6 1.2
      vertex -10.8091 7.22241 1.2
    endloop
  endfacet
  facet normal 0 0 1
    outer loop
      vertex -10.3923 6 1.2
      vertex -11.2583 6.5 1.2
      vertex -10.7625 5.30746 1.2
    endloop
  endfacet
  facet normal -0 0 1
    outer loop
      vertex -11.6593 5.74975 1.2
      vertex -10.7625 5.30746 1.2
      vertex -11.2583 6.5 1.2
    endloop
  endfacet
  facet normal 0 0 1
    outer loop
      vertex -10.7625 5.30746 1.2
      vertex -11.6593 5.74975 1.2
      vertex -11.0866 4.5922 1.2
    endloop
  endfacet
  facet normal -0 0 1
    outer loop
      vertex -12.0104 4.97488 1.2
      vertex -11.0866 4.5922 1.2
      vertex -11.6593 5.74975 1.2
    endloop
  endfacet
  facet normal 0 0 1
    outer loop
      vertex -11.0866 4.5922 1.2
      vertex -12.0104 4.97488 1.2
      vertex -11.3632 3.85727 1.2
    endloop
  endfacet
  facet normal -0 0 1
    outer loop
      vertex -12.3101 4.17871 1.2
      vertex -11.3632 3.85727 1.2
      vertex -12.0104 4.97488 1.2
    endloop
  endfacet
  facet normal 0 0 1
    outer loop
      vertex -11.3632 3.85727 1.2
      vertex -12.3101 4.17871 1.2
      vertex -11.5911 3.10583 1.2
    endloop
  endfacet
  facet normal -0 0 1
    outer loop
      vertex -12.557 3.36465 1.2
      vertex -11.5911 3.10583 1.2
      vertex -12.3101 4.17871 1.2
    endloop
  endfacet
  facet normal 0 0 1
    outer loop
      vertex -11.5911 3.10583 1.2
      vertex -12.557 3.36465 1.2
      vertex -11.7694 2.34108 1.2
    endloop
  endfacet
  facet normal 0 0 1
    outer loop
      vertex -11.7694 2.34108 1.2
      vertex -12.7502 2.53617 1.2
      vertex -11.8973 1.56631 1.2
    endloop
  endfacet
  facet normal -0 0 1
    outer loop
      vertex -12.7502 2.53617 1.2
      vertex -11.7694 2.34108 1.2
      vertex -12.557 3.36465 1.2
    endloop
  endfacet
  facet normal 0 0 1
    outer loop
      vertex 8.78935 -4.33443 1.2
      vertex 4.9328 -2.43259 1.2
      vertex 8.48705 -4.9 1.2
    endloop
  endfacet
  facet normal -0 0 1
    outer loop
      vertex 4.76314 -2.75 1.2
      vertex 8.48705 -4.9 1.2
      vertex 4.9328 -2.43259 1.2
    endloop
  endfacet
  facet normal 0 0 1
    outer loop
      vertex 8.48705 -4.9 1.2
      vertex 4.76314 -2.75 1.2
      vertex 8.1484 -5.44459 1.2
    endloop
  endfacet
  facet normal -0 0 1
    outer loop
      vertex 4.57308 -3.05564 1.2
      vertex 8.1484 -5.44459 1.2
      vertex 4.76314 -2.75 1.2
    endloop
  endfacet
  facet normal 0 0 1
    outer loop
      vertex 8.1484 -5.44459 1.2
      vertex 4.57308 -3.05564 1.2
      vertex 7.77486 -5.96586 1.2
    endloop
  endfacet
  facet normal -0 0 1
    outer loop
      vertex 4.36344 -3.34819 1.2
      vertex 7.77486 -5.96586 1.2
      vertex 4.57308 -3.05564 1.2
    endloop
  endfacet
  facet normal 0 0 1
    outer loop
      vertex 7.77486 -5.96586 1.2
      vertex 4.36344 -3.34819 1.2
      vertex 7.36803 -6.46159 1.2
    endloop
  endfacet
  facet normal -0 0 1
    outer loop
      vertex 4.13512 -3.6264 1.2
      vertex 7.36803 -6.46159 1.2
      vertex 4.36344 -3.34819 1.2
    endloop
  endfacet
  facet normal 0 0 1
    outer loop
      vertex 7.36803 -6.46159 1.2
      vertex 4.13512 -3.6264 1.2
      vertex 6.92965 -6.92965 1.2
    endloop
  endfacet
  facet normal -0 0 1
    outer loop
      vertex 3.88909 -3.88909 1.2
      vertex 6.92965 -6.92965 1.2
      vertex 4.13512 -3.6264 1.2
    endloop
  endfacet
  facet normal 0 0 1
    outer loop
      vertex 6.92965 -6.92965 1.2
      vertex 3.88909 -3.88909 1.2
      vertex 6.46159 -7.36803 1.2
    endloop
  endfacet
  facet normal -0 0 1
    outer loop
      vertex 3.6264 -4.13512 1.2
      vertex 6.46159 -7.36803 1.2
      vertex 3.88909 -3.88909 1.2
    endloop
  endfacet
  facet normal 0 0 1
    outer loop
      vertex 6.46159 -7.36803 1.2
      vertex 3.6264 -4.13512 1.2
      vertex 5.96586 -7.77486 1.2
    endloop
  endfacet
  facet normal -0 0 1
    outer loop
      vertex 3.34819 -4.36344 1.2
      vertex 5.96586 -7.77486 1.2
      vertex 3.6264 -4.13512 1.2
    endloop
  endfacet
  facet normal 0 0 1
    outer loop
      vertex 5.96586 -7.77486 1.2
      vertex 3.34819 -4.36344 1.2
      vertex 5.44459 -8.1484 1.2
    endloop
  endfacet
  facet normal -0 0 1
    outer loop
      vertex 3.05564 -4.57308 1.2
      vertex 5.44459 -8.1484 1.2
      vertex 3.34819 -4.36344 1.2
    endloop
  endfacet
  facet normal 0 0 1
    outer loop
      vertex 5.44459 -8.1484 1.2
      vertex 3.05564 -4.57308 1.2
      vertex 4.9 -8.48705 1.2
    endloop
  endfacet
  facet normal -0 0 1
    outer loop
      vertex 2.75 -4.76314 1.2
      vertex 4.9 -8.48705 1.2
      vertex 3.05564 -4.57308 1.2
    endloop
  endfacet
  facet normal 0 0 1
    outer loop
      vertex 4.9 -8.48705 1.2
      vertex 2.75 -4.76314 1.2
      vertex 4.33443 -8.78935 1.2
    endloop
  endfacet
  facet normal -0 0 1
    outer loop
      vertex 2.43259 -4.9328 1.2
      vertex 4.33443 -8.78935 1.2
      vertex 2.75 -4.76314 1.2
    endloop
  endfacet
  facet normal 0 0 1
    outer loop
      vertex 4.33443 -8.78935 1.2
      vertex 2.43259 -4.9328 1.2
      vertex 3.7503 -9.05402 1.2
    endloop
  endfacet
  facet normal -0 0 1
    outer loop
      vertex 2.10476 -5.08134 1.2
      vertex 3.7503 -9.05402 1.2
      vertex 2.43259 -4.9328 1.2
    endloop
  endfacet
  facet normal 0 0 1
    outer loop
      vertex 3.7503 -9.05402 1.2
      vertex 2.10476 -5.08134 1.2
      vertex 3.15011 -9.27991 1.2
    endloop
  endfacet
  facet normal -0 0 1
    outer loop
      vertex 1.76792 -5.20812 1.2
      vertex 3.15011 -9.27991 1.2
      vertex 2.10476 -5.08134 1.2
    endloop
  endfacet
  facet normal 0 0 1
    outer loop
      vertex 3.15011 -9.27991 1.2
      vertex 1.76792 -5.20812 1.2
      vertex 2.53643 -9.46607 1.2
    endloop
  endfacet
  facet normal -0 0 1
    outer loop
      vertex 1.4235 -5.31259 1.2
      vertex 2.53643 -9.46607 1.2
      vertex 1.76792 -5.20812 1.2
    endloop
  endfacet
  facet normal 0 0 1
    outer loop
      vertex 2.53643 -9.46607 1.2
      vertex 1.4235 -5.31259 1.2
      vertex 1.91188 -9.6117 1.2
    endloop
  endfacet
  facet normal -0 0 1
    outer loop
      vertex 1.073 -5.39432 1.2
      vertex 1.91188 -9.6117 1.2
      vertex 1.4235 -5.31259 1.2
    endloop
  endfacet
  facet normal 0 0 1
    outer loop
      vertex 1.91188 -9.6117 1.2
      vertex 1.073 -5.39432 1.2
      vertex 1.27916 -9.71616 1.2
    endloop
  endfacet
  facet normal -0 0 1
    outer loop
      vertex 0.717894 -5.45295 1.2
      vertex 1.27916 -9.71616 1.2
      vertex 1.073 -5.39432 1.2
    endloop
  endfacet
  facet normal 0 0 1
    outer loop
      vertex 0.717894 -5.45295 1.2
      vertex 0.64095 -9.77902 1.2
      vertex 1.27916 -9.71616 1.2
    endloop
  endfacet
  facet normal -0 0 1
    outer loop
      vertex 0.359716 -5.48822 1.2
      vertex 0.64095 -9.77902 1.2
      vertex 0.717894 -5.45295 1.2
    endloop
  endfacet
  facet normal -0 0 1
    outer loop
      vertex 0 -5.5 1.2
      vertex 0.64095 -9.77902 1.2
      vertex 0.359716 -5.48822 1.2
    endloop
  endfacet
  facet normal 0 0 1
    outer loop
      vertex 0 -5.5 1.2
      vertex 0 -9.8 1.2
      vertex 0.64095 -9.77902 1.2
    endloop
  endfacet
  facet normal 0 0 1
    outer loop
      vertex -0.359716 -5.48822 1.2
      vertex 0 -9.8 1.2
      vertex 0 -5.5 1.2
    endloop
  endfacet
  facet normal 0 0 1
    outer loop
      vertex -0.359716 -5.48822 1.2
      vertex -0.64095 -9.77902 1.2
      vertex 0 -9.8 1.2
    endloop
  endfacet
  facet normal 0 0 1
    outer loop
      vertex -1.20676 -9.72329 1.2
      vertex -0.359716 -5.48822 1.2
      vertex -0.717894 -5.45295 1.2
    endloop
  endfacet
  facet normal 0 0 1
    outer loop
      vertex -1.20676 -9.72329 1.2
      vertex -0.717894 -5.45295 1.2
      vertex -1.073 -5.39432 1.2
    endloop
  endfacet
  facet normal 0 0 1
    outer loop
      vertex -0.359716 -5.48822 1.2
      vertex -1.20676 -9.72329 1.2
      vertex -0.64095 -9.77902 1.2
    endloop
  endfacet
  facet normal 0 0 1
    outer loop
      vertex -2.19104 -9.54661 1.2
      vertex -1.073 -5.39432 1.2
      vertex -1.4235 -5.31259 1.2
    endloop
  endfacet
  facet normal 0 0 1
    outer loop
      vertex -1.073 -5.39432 1.2
      vertex -2.19104 -9.54661 1.2
      vertex -1.20676 -9.72329 1.2
    endloop
  endfacet
  facet normal 0 0 1
    outer loop
      vertex -1.20676 -9.72329 1.2
      vertex -2.19104 -9.54661 1.2
      vertex -1.58943 -11.8935 1.2
    endloop
  endfacet
  facet normal 0 0 1
    outer loop
      vertex -2.19104 -9.54661 1.2
      vertex -1.4235 -5.31259 1.2
      vertex -1.76792 -5.20812 1.2
    endloop
  endfacet
  facet normal 0 0 1
    outer loop
      vertex -2.19104 -9.54661 1.2
      vertex -1.76792 -5.20812 1.2
      vertex -2.10476 -5.08134 1.2
    endloop
  endfacet
  facet normal -0 0 1
    outer loop
      vertex -2.57343 -11.7152 1.2
      vertex -1.58943 -11.8935 1.2
      vertex -2.19104 -9.54661 1.2
    endloop
  endfacet
  facet normal 0 -0 1
    outer loop
      vertex -2.53617 -12.7502 1.2
      vertex -1.58943 -11.8935 1.2
      vertex -2.57343 -11.7152 1.2
    endloop
  endfacet
  facet normal 0 0 1
    outer loop
      vertex -1.58943 -11.8935 1.2
      vertex -2.53617 -12.7502 1.2
      vertex -1.69684 -12.8888 1.2
    endloop
  endfacet
  facet normal 0 0 1
    outer loop
      vertex -3.36465 -12.557 1.2
      vertex -2.57343 -11.7152 1.2
      vertex -3.10583 -11.5911 1.2
    endloop
  endfacet
  facet normal 0 0 1
    outer loop
      vertex -2.57343 -11.7152 1.2
      vertex -3.36465 -12.557 1.2
      vertex -2.53617 -12.7502 1.2
    endloop
  endfacet
  facet normal 0 0 1
    outer loop
      vertex -3.85727 -11.3632 1.2
      vertex -3.36465 -12.557 1.2
      vertex -3.10583 -11.5911 1.2
    endloop
  endfacet
  facet normal 0 0 1
    outer loop
      vertex -3.85727 -11.3632 1.2
      vertex -4.17871 -12.3101 1.2
      vertex -3.36465 -12.557 1.2
    endloop
  endfacet
  facet normal 0 0 1
    outer loop
      vertex -4.5922 -11.0866 1.2
      vertex -4.17871 -12.3101 1.2
      vertex -3.85727 -11.3632 1.2
    endloop
  endfacet
  facet normal 0 0 1
    outer loop
      vertex -4.5922 -11.0866 1.2
      vertex -4.97488 -12.0104 1.2
      vertex -4.17871 -12.3101 1.2
    endloop
  endfacet
  facet normal 0 0 1
    outer loop
      vertex -5.30746 -10.7625 1.2
      vertex -4.97488 -12.0104 1.2
      vertex -4.5922 -11.0866 1.2
    endloop
  endfacet
  facet normal 0 0 1
    outer loop
      vertex -5.30746 -10.7625 1.2
      vertex -5.74975 -11.6593 1.2
      vertex -4.97488 -12.0104 1.2
    endloop
  endfacet
  facet normal 0 0 1
    outer loop
      vertex -6 -10.3923 1.2
      vertex -5.74975 -11.6593 1.2
      vertex -5.30746 -10.7625 1.2
    endloop
  endfacet
  facet normal 0 0 1
    outer loop
      vertex -6 -10.3923 1.2
      vertex -6.5 -11.2583 1.2
      vertex -5.74975 -11.6593 1.2
    endloop
  endfacet
  facet normal 0 0 1
    outer loop
      vertex -6.66684 -9.97763 1.2
      vertex -6.5 -11.2583 1.2
      vertex -6 -10.3923 1.2
    endloop
  endfacet
  facet normal 0 0 1
    outer loop
      vertex -6.66684 -9.97763 1.2
      vertex -7.22241 -10.8091 1.2
      vertex -6.5 -11.2583 1.2
    endloop
  endfacet
  facet normal 0 0 1
    outer loop
      vertex -7.30514 -9.52024 1.2
      vertex -7.22241 -10.8091 1.2
      vertex -6.66684 -9.97763 1.2
    endloop
  endfacet
  facet normal 0 0 1
    outer loop
      vertex -7.9139 -10.3136 1.2
      vertex -7.30514 -9.52024 1.2
      vertex -7.91215 -9.02208 1.2
    endloop
  endfacet
  facet normal 0 0 1
    outer loop
      vertex -7.30514 -9.52024 1.2
      vertex -7.9139 -10.3136 1.2
      vertex -7.22241 -10.8091 1.2
    endloop
  endfacet
  facet normal 0 0 1
    outer loop
      vertex -8.5715 -9.77392 1.2
      vertex -7.91215 -9.02208 1.2
      vertex -8.48528 -8.48528 1.2
    endloop
  endfacet
  facet normal 0 0 1
    outer loop
      vertex -7.91215 -9.02208 1.2
      vertex -8.5715 -9.77392 1.2
      vertex -7.9139 -10.3136 1.2
    endloop
  endfacet
  facet normal 0 0 1
    outer loop
      vertex -9.19239 -9.19239 1.2
      vertex -8.48528 -8.48528 1.2
      vertex -9.02208 -7.91215 1.2
    endloop
  endfacet
  facet normal 0 0 1
    outer loop
      vertex -8.48528 -8.48528 1.2
      vertex -9.19239 -9.19239 1.2
      vertex -8.5715 -9.77392 1.2
    endloop
  endfacet
  facet normal 0 0 1
    outer loop
      vertex -9.77392 -8.5715 1.2
      vertex -9.02208 -7.91215 1.2
      vertex -9.52024 -7.30514 1.2
    endloop
  endfacet
  facet normal 0 0 1
    outer loop
      vertex -9.02208 -7.91215 1.2
      vertex -9.77392 -8.5715 1.2
      vertex -9.19239 -9.19239 1.2
    endloop
  endfacet
  facet normal 0 0 1
    outer loop
      vertex -10.3136 -7.9139 1.2
      vertex -9.52024 -7.30514 1.2
      vertex -9.97763 -6.66684 1.2
    endloop
  endfacet
  facet normal 0 0 1
    outer loop
      vertex -9.52024 -7.30514 1.2
      vertex -10.3136 -7.9139 1.2
      vertex -9.77392 -8.5715 1.2
    endloop
  endfacet
  facet normal 0 0 1
    outer loop
      vertex -10.8091 -7.22241 1.2
      vertex -9.97763 -6.66684 1.2
      vertex -10.3923 -6 1.2
    endloop
  endfacet
  facet normal 0 0 1
    outer loop
      vertex -11.2583 -6.5 1.2
      vertex -10.3923 -6 1.2
      vertex -10.7625 -5.30746 1.2
    endloop
  endfacet
  facet normal 0 0 1
    outer loop
      vertex -9.97763 -6.66684 1.2
      vertex -10.8091 -7.22241 1.2
      vertex -10.3136 -7.9139 1.2
    endloop
  endfacet
  facet normal 0 0 1
    outer loop
      vertex -11.6593 -5.74975 1.2
      vertex -10.7625 -5.30746 1.2
      vertex -11.0866 -4.5922 1.2
    endloop
  endfacet
  facet normal 0 0 1
    outer loop
      vertex -10.3923 -6 1.2
      vertex -11.2583 -6.5 1.2
      vertex -10.8091 -7.22241 1.2
    endloop
  endfacet
  facet normal 0 0 1
    outer loop
      vertex -12.0104 -4.97488 1.2
      vertex -11.0866 -4.5922 1.2
      vertex -11.3632 -3.85727 1.2
    endloop
  endfacet
  facet normal 0 0 1
    outer loop
      vertex -12.3101 -4.17871 1.2
      vertex -11.3632 -3.85727 1.2
      vertex -11.5911 -3.10583 1.2
    endloop
  endfacet
  facet normal 0 0 1
    outer loop
      vertex -10.7625 -5.30746 1.2
      vertex -11.6593 -5.74975 1.2
      vertex -11.2583 -6.5 1.2
    endloop
  endfacet
  facet normal 0 0 1
    outer loop
      vertex -12.557 -3.36465 1.2
      vertex -11.5911 -3.10583 1.2
      vertex -11.7694 -2.34108 1.2
    endloop
  endfacet
  facet normal 0 0 1
    outer loop
      vertex -12.7502 -2.53617 1.2
      vertex -11.7694 -2.34108 1.2
      vertex -11.8973 -1.56631 1.2
    endloop
  endfacet
  facet normal 0 0 1
    outer loop
      vertex -12.8888 -1.69684 1.2
      vertex -11.8973 -1.56631 1.2
      vertex -11.9743 -0.784837 1.2
    endloop
  endfacet
  facet normal 0 0 1
    outer loop
      vertex -11.0866 -4.5922 1.2
      vertex -12.0104 -4.97488 1.2
      vertex -11.6593 -5.74975 1.2
    endloop
  endfacet
  facet normal 0 0 1
    outer loop
      vertex -12.9722 -0.85024 1.2
      vertex -11.9743 -0.784837 1.2
      vertex -12 0 1.2
    endloop
  endfacet
  facet normal -0 0 1
    outer loop
      vertex -12.8888 1.69684 1.2
      vertex -11.8973 1.56631 1.2
      vertex -12.7502 2.53617 1.2
    endloop
  endfacet
  facet normal 0 0 1
    outer loop
      vertex -11.8973 1.56631 1.2
      vertex -12.8888 1.69684 1.2
      vertex -11.8996 1.54299 1.2
    endloop
  endfacet
  facet normal 0 0 1
    outer loop
      vertex -11.3632 -3.85727 1.2
      vertex -12.3101 -4.17871 1.2
      vertex -12.0104 -4.97488 1.2
    endloop
  endfacet
  facet normal 0 0 1
    outer loop
      vertex -12.9722 0.85024 1.2
      vertex -11.8996 1.54299 1.2
      vertex -12.8888 1.69684 1.2
    endloop
  endfacet
  facet normal 0 0 1
    outer loop
      vertex -11.5911 -3.10583 1.2
      vertex -12.557 -3.36465 1.2
      vertex -12.3101 -4.17871 1.2
    endloop
  endfacet
  facet normal 0 0 1
    outer loop
      vertex -11.8996 1.54299 1.2
      vertex -12.9722 0.85024 1.2
      vertex -11.9821 0.546388 1.2
    endloop
  endfacet
  facet normal 0 0 1
    outer loop
      vertex -11.7694 -2.34108 1.2
      vertex -12.7502 -2.53617 1.2
      vertex -12.557 -3.36465 1.2
    endloop
  endfacet
  facet normal 0 0 1
    outer loop
      vertex -13 0 1.2
      vertex -11.9821 0.546388 1.2
      vertex -12.9722 0.85024 1.2
    endloop
  endfacet
  facet normal 0 0 1
    outer loop
      vertex -11.8973 -1.56631 1.2
      vertex -12.8888 -1.69684 1.2
      vertex -12.7502 -2.53617 1.2
    endloop
  endfacet
  facet normal 0 0 1
    outer loop
      vertex -11.9821 0.546388 1.2
      vertex -13 0 1.2
      vertex -12 0 1.2
    endloop
  endfacet
  facet normal 0 0 1
    outer loop
      vertex -11.9743 -0.784837 1.2
      vertex -12.9722 -0.85024 1.2
      vertex -12.8888 -1.69684 1.2
    endloop
  endfacet
  facet normal 0 0 1
    outer loop
      vertex -12 0 1.2
      vertex -13 0 1.2
      vertex -12.9722 -0.85024 1.2
    endloop
  endfacet
  facet normal 0 0 1
    outer loop
      vertex 5.5 0 1.2
      vertex 9.8 0 1.2
      vertex 9.77902 0.64095 1.2
    endloop
  endfacet
  facet normal 0 0 1
    outer loop
      vertex 5.48822 0.359716 1.2
      vertex 9.77902 0.64095 1.2
      vertex 9.71616 1.27916 1.2
    endloop
  endfacet
  facet normal 0 0 1
    outer loop
      vertex 9.8 0 1.2
      vertex 5.5 0 1.2
      vertex 9.77902 -0.64095 1.2
    endloop
  endfacet
  facet normal 0 0 1
    outer loop
      vertex 5.45295 0.717894 1.2
      vertex 9.71616 1.27916 1.2
      vertex 9.6117 1.91188 1.2
    endloop
  endfacet
  facet normal -0 0 1
    outer loop
      vertex 5.48822 -0.359716 1.2
      vertex 9.77902 -0.64095 1.2
      vertex 5.5 0 1.2
    endloop
  endfacet
  facet normal 0 0 1
    outer loop
      vertex 9.77902 -0.64095 1.2
      vertex 5.48822 -0.359716 1.2
      vertex 9.71616 -1.27916 1.2
    endloop
  endfacet
  facet normal 0 0 1
    outer loop
      vertex 5.39432 1.073 1.2
      vertex 9.6117 1.91188 1.2
      vertex 9.46607 2.53643 1.2
    endloop
  endfacet
  facet normal 0 0 1
    outer loop
      vertex 12 0 1.2
      vertex 13 0 1.2
      vertex 12.9722 0.85024 1.2
    endloop
  endfacet
  facet normal 0 0 1
    outer loop
      vertex 11.9743 0.784837 1.2
      vertex 12.9722 0.85024 1.2
      vertex 12.8888 1.69684 1.2
    endloop
  endfacet
  facet normal 0 0 1
    outer loop
      vertex 13 0 1.2
      vertex 12 0 1.2
      vertex 12.9722 -0.85024 1.2
    endloop
  endfacet
  facet normal 0 0 1
    outer loop
      vertex 11.8973 1.56631 1.2
      vertex 12.8888 1.69684 1.2
      vertex 12.7502 2.53617 1.2
    endloop
  endfacet
  facet normal -0 0 1
    outer loop
      vertex 11.9743 -0.784837 1.2
      vertex 12.9722 -0.85024 1.2
      vertex 12 0 1.2
    endloop
  endfacet
  facet normal 0 0 1
    outer loop
      vertex 11.7694 2.34108 1.2
      vertex 12.7502 2.53617 1.2
      vertex 12.557 3.36465 1.2
    endloop
  endfacet
  facet normal 0 0 1
    outer loop
      vertex 12.9722 -0.85024 1.2
      vertex 11.9743 -0.784837 1.2
      vertex 12.8888 -1.69684 1.2
    endloop
  endfacet
  facet normal 0 0 1
    outer loop
      vertex 11.5911 3.10583 1.2
      vertex 12.557 3.36465 1.2
      vertex 12.3101 4.17871 1.2
    endloop
  endfacet
  facet normal -0 0 1
    outer loop
      vertex 11.8973 -1.56631 1.2
      vertex 12.8888 -1.69684 1.2
      vertex 11.9743 -0.784837 1.2
    endloop
  endfacet
  facet normal 0 0 1
    outer loop
      vertex 11.3632 3.85727 1.2
      vertex 12.3101 4.17871 1.2
      vertex 12.0104 4.97488 1.2
    endloop
  endfacet
  facet normal 0 0 1
    outer loop
      vertex 12.8888 -1.69684 1.2
      vertex 11.8973 -1.56631 1.2
      vertex 12.7502 -2.53617 1.2
    endloop
  endfacet
  facet normal -0 0 1
    outer loop
      vertex 11.7694 -2.34108 1.2
      vertex 12.7502 -2.53617 1.2
      vertex 11.8973 -1.56631 1.2
    endloop
  endfacet
  facet normal 0 0 1
    outer loop
      vertex 12.9722 0.85024 1.2
      vertex 11.9743 0.784837 1.2
      vertex 12 0 1.2
    endloop
  endfacet
  facet normal 0 0 1
    outer loop
      vertex 12.8888 1.69684 1.2
      vertex 11.8973 1.56631 1.2
      vertex 11.9743 0.784837 1.2
    endloop
  endfacet
  facet normal 0 0 1
    outer loop
      vertex 12.7502 2.53617 1.2
      vertex 11.7694 2.34108 1.2
      vertex 11.8973 1.56631 1.2
    endloop
  endfacet
  facet normal 0 0 1
    outer loop
      vertex 11.0866 4.5922 1.2
      vertex 12.0104 4.97488 1.2
      vertex 11.6593 5.74975 1.2
    endloop
  endfacet
  facet normal 0 0 1
    outer loop
      vertex 12.557 3.36465 1.2
      vertex 11.5911 3.10583 1.2
      vertex 11.7694 2.34108 1.2
    endloop
  endfacet
  facet normal 0 0 1
    outer loop
      vertex 12.3101 4.17871 1.2
      vertex 11.3632 3.85727 1.2
      vertex 11.5911 3.10583 1.2
    endloop
  endfacet
  facet normal 0 0 1
    outer loop
      vertex 10.7625 5.30746 1.2
      vertex 11.6593 5.74975 1.2
      vertex 11.2583 6.5 1.2
    endloop
  endfacet
  facet normal 0 0 1
    outer loop
      vertex 12.0104 4.97488 1.2
      vertex 11.0866 4.5922 1.2
      vertex 11.3632 3.85727 1.2
    endloop
  endfacet
  facet normal 0 0 1
    outer loop
      vertex 10.3923 6 1.2
      vertex 11.2583 6.5 1.2
      vertex 10.8091 7.22241 1.2
    endloop
  endfacet
  facet normal 0 0 1
    outer loop
      vertex 11.6593 5.74975 1.2
      vertex 10.7625 5.30746 1.2
      vertex 11.0866 4.5922 1.2
    endloop
  endfacet
  facet normal 0 0 1
    outer loop
      vertex 11.2583 6.5 1.2
      vertex 10.3923 6 1.2
      vertex 10.7625 5.30746 1.2
    endloop
  endfacet
  facet normal 0 0 1
    outer loop
      vertex 9.97763 6.66684 1.2
      vertex 10.8091 7.22241 1.2
      vertex 10.3136 7.9139 1.2
    endloop
  endfacet
  facet normal 0 0 1
    outer loop
      vertex 10.8091 7.22241 1.2
      vertex 9.97763 6.66684 1.2
      vertex 10.3923 6 1.2
    endloop
  endfacet
  facet normal 0 0 1
    outer loop
      vertex 9.52024 7.30514 1.2
      vertex 10.3136 7.9139 1.2
      vertex 9.77392 8.5715 1.2
    endloop
  endfacet
  facet normal 0 0 1
    outer loop
      vertex 10.3136 7.9139 1.2
      vertex 9.52024 7.30514 1.2
      vertex 9.97763 6.66684 1.2
    endloop
  endfacet
  facet normal 0 0 1
    outer loop
      vertex 9.02208 7.91215 1.2
      vertex 9.77392 8.5715 1.2
      vertex 9.19239 9.19239 1.2
    endloop
  endfacet
  facet normal 0 0 1
    outer loop
      vertex 9.77392 8.5715 1.2
      vertex 9.02208 7.91215 1.2
      vertex 9.52024 7.30514 1.2
    endloop
  endfacet
  facet normal 0 0 1
    outer loop
      vertex 8.48528 8.48528 1.2
      vertex 9.19239 9.19239 1.2
      vertex 8.5715 9.77392 1.2
    endloop
  endfacet
  facet normal 0 0 1
    outer loop
      vertex 9.19239 9.19239 1.2
      vertex 8.48528 8.48528 1.2
      vertex 9.02208 7.91215 1.2
    endloop
  endfacet
  facet normal 0 0 1
    outer loop
      vertex 7.91215 9.02208 1.2
      vertex 8.5715 9.77392 1.2
      vertex 7.9139 10.3136 1.2
    endloop
  endfacet
  facet normal 0 0 1
    outer loop
      vertex 8.5715 9.77392 1.2
      vertex 7.91215 9.02208 1.2
      vertex 8.48528 8.48528 1.2
    endloop
  endfacet
  facet normal 0 0 1
    outer loop
      vertex 7.9139 10.3136 1.2
      vertex 7.30514 9.52024 1.2
      vertex 7.91215 9.02208 1.2
    endloop
  endfacet
  facet normal 0 0 1
    outer loop
      vertex 7.22241 10.8091 1.2
      vertex 7.30514 9.52024 1.2
      vertex 7.9139 10.3136 1.2
    endloop
  endfacet
  facet normal 0 0 1
    outer loop
      vertex 7.22241 10.8091 1.2
      vertex 6.66684 9.97763 1.2
      vertex 7.30514 9.52024 1.2
    endloop
  endfacet
  facet normal 0 0 1
    outer loop
      vertex 6.5 11.2583 1.2
      vertex 6.66684 9.97763 1.2
      vertex 7.22241 10.8091 1.2
    endloop
  endfacet
  facet normal 0 0 1
    outer loop
      vertex 6.5 11.2583 1.2
      vertex 6 10.3923 1.2
      vertex 6.66684 9.97763 1.2
    endloop
  endfacet
  facet normal 0 0 1
    outer loop
      vertex 5.74975 11.6593 1.2
      vertex 6 10.3923 1.2
      vertex 6.5 11.2583 1.2
    endloop
  endfacet
  facet normal 0 0 1
    outer loop
      vertex 5.74975 11.6593 1.2
      vertex 5.30746 10.7625 1.2
      vertex 6 10.3923 1.2
    endloop
  endfacet
  facet normal 0 0 1
    outer loop
      vertex 4.97488 12.0104 1.2
      vertex 5.30746 10.7625 1.2
      vertex 5.74975 11.6593 1.2
    endloop
  endfacet
  facet normal 0 0 1
    outer loop
      vertex 4.97488 12.0104 1.2
      vertex 4.5922 11.0866 1.2
      vertex 5.30746 10.7625 1.2
    endloop
  endfacet
  facet normal 0 0 1
    outer loop
      vertex 4.10229 11.2709 1.2
      vertex 4.97488 12.0104 1.2
      vertex 4.17871 12.3101 1.2
    endloop
  endfacet
  facet normal 0 0 1
    outer loop
      vertex 4.97488 12.0104 1.2
      vertex 4.10229 11.2709 1.2
      vertex 4.5922 11.0866 1.2
    endloop
  endfacet
  facet normal 0 0 1
    outer loop
      vertex 3.36465 12.557 1.2
      vertex 4.10229 11.2709 1.2
      vertex 4.17871 12.3101 1.2
    endloop
  endfacet
  facet normal 0 0 1
    outer loop
      vertex 2.53617 12.7502 1.2
      vertex 4.10229 11.2709 1.2
      vertex 3.36465 12.557 1.2
    endloop
  endfacet
  facet normal 0 0 1
    outer loop
      vertex 5.44459 8.1484 1.2
      vertex 3.05564 4.57308 1.2
      vertex 3.34819 4.36344 1.2
    endloop
  endfacet
  facet normal 0 0 1
    outer loop
      vertex 4.10229 11.2709 1.2
      vertex 2.53617 12.7502 1.2
      vertex 3.3502 9.2046 1.2
    endloop
  endfacet
  facet normal 0 0 1
    outer loop
      vertex 3.7503 9.05402 1.2
      vertex 2.75 4.76314 1.2
      vertex 3.05564 4.57308 1.2
    endloop
  endfacet
  facet normal 0 0 1
    outer loop
      vertex 3.3502 9.2046 1.2
      vertex 2.53617 12.7502 1.2
      vertex 0 9.8 1.2
    endloop
  endfacet
  facet normal 0 0 1
    outer loop
      vertex 3.7503 9.05402 1.2
      vertex 2.43259 4.9328 1.2
      vertex 2.75 4.76314 1.2
    endloop
  endfacet
  facet normal 0 -0 1
    outer loop
      vertex 1.073 5.39432 1.2
      vertex 3.3502 9.2046 1.2
      vertex 0 9.8 1.2
    endloop
  endfacet
  facet normal 0 0 1
    outer loop
      vertex 3.7503 9.05402 1.2
      vertex 2.10476 5.08134 1.2
      vertex 2.43259 4.9328 1.2
    endloop
  endfacet
  facet normal 0 0 1
    outer loop
      vertex 0 9.8 1.2
      vertex 2.53617 12.7502 1.2
      vertex 1.69684 12.8888 1.2
    endloop
  endfacet
  facet normal 0 0 1
    outer loop
      vertex 3.3502 9.2046 1.2
      vertex 1.76792 5.20812 1.2
      vertex 2.10476 5.08134 1.2
    endloop
  endfacet
  facet normal 0 0 1
    outer loop
      vertex 3.3502 9.2046 1.2
      vertex 1.4235 5.31259 1.2
      vertex 1.76792 5.20812 1.2
    endloop
  endfacet
  facet normal 0 0 1
    outer loop
      vertex 0 12 1.2
      vertex 1.69684 12.8888 1.2
      vertex 0.85024 12.9722 1.2
    endloop
  endfacet
  facet normal 0 0 1
    outer loop
      vertex 3.3502 9.2046 1.2
      vertex 1.073 5.39432 1.2
      vertex 1.4235 5.31259 1.2
    endloop
  endfacet
  facet normal 0 0 1
    outer loop
      vertex 1.073 5.39432 1.2
      vertex 0 9.8 1.2
      vertex 0.717894 5.45295 1.2
    endloop
  endfacet
  facet normal 0 0 1
    outer loop
      vertex 0 12 1.2
      vertex 0.85024 12.9722 1.2
      vertex 0 13 1.2
    endloop
  endfacet
  facet normal 0 0 1
    outer loop
      vertex 1.69684 12.8888 1.2
      vertex 0 12 1.2
      vertex 0 9.8 1.2
    endloop
  endfacet
  facet normal 0 0 1
    outer loop
      vertex 0.717894 5.45295 1.2
      vertex 0 9.8 1.2
      vertex 0.359716 5.48822 1.2
    endloop
  endfacet
  facet normal 0 0 1
    outer loop
      vertex 0 9.8 1.2
      vertex 0 5.5 1.2
      vertex 0.359716 5.48822 1.2
    endloop
  endfacet
  facet normal 0 0 1
    outer loop
      vertex 0 9.8 1.2
      vertex -0.359716 5.48822 1.2
      vertex 0 5.5 1.2
    endloop
  endfacet
  facet normal -0 0 1
    outer loop
      vertex -0.64095 9.77902 1.2
      vertex -0.359716 5.48822 1.2
      vertex 0 9.8 1.2
    endloop
  endfacet
  facet normal 0 0 1
    outer loop
      vertex -0.64095 9.77902 1.2
      vertex -0.717894 5.45295 1.2
      vertex -0.359716 5.48822 1.2
    endloop
  endfacet
  facet normal -0 0 1
    outer loop
      vertex -1.27916 9.71616 1.2
      vertex -0.717894 5.45295 1.2
      vertex -0.64095 9.77902 1.2
    endloop
  endfacet
  facet normal 0 0 1
    outer loop
      vertex -0.717894 5.45295 1.2
      vertex -1.27916 9.71616 1.2
      vertex -1.073 5.39432 1.2
    endloop
  endfacet
  facet normal -0 0 1
    outer loop
      vertex -1.91188 9.6117 1.2
      vertex -1.073 5.39432 1.2
      vertex -1.27916 9.71616 1.2
    endloop
  endfacet
  facet normal 0 0 1
    outer loop
      vertex -1.073 5.39432 1.2
      vertex -1.91188 9.6117 1.2
      vertex -1.4235 5.31259 1.2
    endloop
  endfacet
  facet normal -0 0 1
    outer loop
      vertex -2.53643 9.46607 1.2
      vertex -1.4235 5.31259 1.2
      vertex -1.91188 9.6117 1.2
    endloop
  endfacet
  facet normal 0 0 1
    outer loop
      vertex -1.4235 5.31259 1.2
      vertex -2.53643 9.46607 1.2
      vertex -1.76792 5.20812 1.2
    endloop
  endfacet
  facet normal -0 0 1
    outer loop
      vertex -3.15011 9.27991 1.2
      vertex -1.76792 5.20812 1.2
      vertex -2.53643 9.46607 1.2
    endloop
  endfacet
  facet normal 0 0 1
    outer loop
      vertex -1.76792 5.20812 1.2
      vertex -3.15011 9.27991 1.2
      vertex -2.10476 5.08134 1.2
    endloop
  endfacet
  facet normal -0 0 1
    outer loop
      vertex -3.7503 9.05402 1.2
      vertex -2.10476 5.08134 1.2
      vertex -3.15011 9.27991 1.2
    endloop
  endfacet
  facet normal 0 0 1
    outer loop
      vertex -2.10476 5.08134 1.2
      vertex -3.7503 9.05402 1.2
      vertex -2.43259 4.9328 1.2
    endloop
  endfacet
  facet normal -0 0 1
    outer loop
      vertex -4.33443 8.78935 1.2
      vertex -2.43259 4.9328 1.2
      vertex -3.7503 9.05402 1.2
    endloop
  endfacet
  facet normal 0 0 1
    outer loop
      vertex -2.43259 4.9328 1.2
      vertex -4.33443 8.78935 1.2
      vertex -2.75 4.76314 1.2
    endloop
  endfacet
  facet normal -0 0 1
    outer loop
      vertex -4.9 8.48705 1.2
      vertex -2.75 4.76314 1.2
      vertex -4.33443 8.78935 1.2
    endloop
  endfacet
  facet normal 0 0 1
    outer loop
      vertex -2.75 4.76314 1.2
      vertex -4.9 8.48705 1.2
      vertex -3.05564 4.57308 1.2
    endloop
  endfacet
  facet normal -0 0 1
    outer loop
      vertex -5.44459 8.1484 1.2
      vertex -3.05564 4.57308 1.2
      vertex -4.9 8.48705 1.2
    endloop
  endfacet
  facet normal 0 0 1
    outer loop
      vertex -3.05564 4.57308 1.2
      vertex -5.44459 8.1484 1.2
      vertex -3.34819 4.36344 1.2
    endloop
  endfacet
  facet normal -0 0 1
    outer loop
      vertex -5.96586 7.77486 1.2
      vertex -3.34819 4.36344 1.2
      vertex -5.44459 8.1484 1.2
    endloop
  endfacet
  facet normal 0 0 1
    outer loop
      vertex -3.34819 4.36344 1.2
      vertex -5.96586 7.77486 1.2
      vertex -3.6264 4.13512 1.2
    endloop
  endfacet
  facet normal -0 0 1
    outer loop
      vertex -6.46159 7.36803 1.2
      vertex -3.6264 4.13512 1.2
      vertex -5.96586 7.77486 1.2
    endloop
  endfacet
  facet normal 0 0 1
    outer loop
      vertex -3.6264 4.13512 1.2
      vertex -6.46159 7.36803 1.2
      vertex -3.88909 3.88909 1.2
    endloop
  endfacet
  facet normal -0 0 1
    outer loop
      vertex -6.92965 6.92965 1.2
      vertex -3.88909 3.88909 1.2
      vertex -6.46159 7.36803 1.2
    endloop
  endfacet
  facet normal 0 0 1
    outer loop
      vertex -3.88909 3.88909 1.2
      vertex -6.92965 6.92965 1.2
      vertex -4.13512 3.6264 1.2
    endloop
  endfacet
  facet normal -0 0 1
    outer loop
      vertex -7.36803 6.46159 1.2
      vertex -4.13512 3.6264 1.2
      vertex -6.92965 6.92965 1.2
    endloop
  endfacet
  facet normal 0 0 1
    outer loop
      vertex -4.13512 3.6264 1.2
      vertex -7.36803 6.46159 1.2
      vertex -4.36344 3.34819 1.2
    endloop
  endfacet
  facet normal -0 0 1
    outer loop
      vertex -7.77486 5.96586 1.2
      vertex -4.36344 3.34819 1.2
      vertex -7.36803 6.46159 1.2
    endloop
  endfacet
  facet normal 0 0 1
    outer loop
      vertex -4.36344 3.34819 1.2
      vertex -7.77486 5.96586 1.2
      vertex -4.57308 3.05564 1.2
    endloop
  endfacet
  facet normal -0 0 1
    outer loop
      vertex -8.1484 5.44459 1.2
      vertex -4.57308 3.05564 1.2
      vertex -7.77486 5.96586 1.2
    endloop
  endfacet
  facet normal 0 0 1
    outer loop
      vertex -4.57308 3.05564 1.2
      vertex -8.1484 5.44459 1.2
      vertex -4.76314 2.75 1.2
    endloop
  endfacet
  facet normal -0 0 1
    outer loop
      vertex -8.48705 4.9 1.2
      vertex -4.76314 2.75 1.2
      vertex -8.1484 5.44459 1.2
    endloop
  endfacet
  facet normal 0 0 1
    outer loop
      vertex -4.76314 2.75 1.2
      vertex -8.48705 4.9 1.2
      vertex -4.9328 2.43259 1.2
    endloop
  endfacet
  facet normal -0 0 1
    outer loop
      vertex -8.78935 4.33443 1.2
      vertex -4.9328 2.43259 1.2
      vertex -8.48705 4.9 1.2
    endloop
  endfacet
  facet normal 0 0 1
    outer loop
      vertex 11.7047 -2.61863 1.2
      vertex 12.7502 -2.53617 1.2
      vertex 11.7694 -2.34108 1.2
    endloop
  endfacet
  facet normal 0 0 1
    outer loop
      vertex 12.7502 -2.53617 1.2
      vertex 11.7047 -2.61863 1.2
      vertex 12.557 -3.36465 1.2
    endloop
  endfacet
  facet normal 0 0 1
    outer loop
      vertex 11.4459 -3.58455 1.2
      vertex 12.557 -3.36465 1.2
      vertex 11.7047 -2.61863 1.2
    endloop
  endfacet
  facet normal 0 0 1
    outer loop
      vertex 12.557 -3.36465 1.2
      vertex 11.4459 -3.58455 1.2
      vertex 12.3101 -4.17871 1.2
    endloop
  endfacet
  facet normal -0 0 1
    outer loop
      vertex 11.3632 -3.85727 1.2
      vertex 12.3101 -4.17871 1.2
      vertex 11.4459 -3.58455 1.2
    endloop
  endfacet
  facet normal 0 0 1
    outer loop
      vertex 12.3101 -4.17871 1.2
      vertex 11.3632 -3.85727 1.2
      vertex 12.0104 -4.97488 1.2
    endloop
  endfacet
  facet normal 0 0 1
    outer loop
      vertex 9.57967 -2.04923 1.2
      vertex 11.4459 -3.58455 1.2
      vertex 11.7047 -2.61863 1.2
    endloop
  endfacet
  facet normal 0 0 1
    outer loop
      vertex 9.57967 -2.04923 1.2
      vertex 9.32085 -3.01515 1.2
      vertex 11.4459 -3.58455 1.2
    endloop
  endfacet
  facet normal -0 0 1
    outer loop
      vertex 5.45295 -0.717894 1.2
      vertex 9.71616 -1.27916 1.2
      vertex 5.48822 -0.359716 1.2
    endloop
  endfacet
  facet normal 0 0 1
    outer loop
      vertex 5.31259 1.4235 1.2
      vertex 9.46607 2.53643 1.2
      vertex 9.27991 3.15011 1.2
    endloop
  endfacet
  facet normal 0 0 1
    outer loop
      vertex 9.71616 -1.27916 1.2
      vertex 5.45295 -0.717894 1.2
      vertex 9.6117 -1.91188 1.2
    endloop
  endfacet
  facet normal 0 0 1
    outer loop
      vertex 5.20812 1.76792 1.2
      vertex 9.27991 3.15011 1.2
      vertex 9.05402 3.7503 1.2
    endloop
  endfacet
  facet normal -0 0 1
    outer loop
      vertex 5.39432 -1.073 1.2
      vertex 9.6117 -1.91188 1.2
      vertex 5.45295 -0.717894 1.2
    endloop
  endfacet
  facet normal 0 0 1
    outer loop
      vertex 5.08134 2.10476 1.2
      vertex 9.05402 3.7503 1.2
      vertex 8.78935 4.33443 1.2
    endloop
  endfacet
  facet normal 0 0 1
    outer loop
      vertex 9.6117 -1.91188 1.2
      vertex 5.39432 -1.073 1.2
      vertex 9.57967 -2.04923 1.2
    endloop
  endfacet
  facet normal 0 0 1
    outer loop
      vertex 4.9328 2.43259 1.2
      vertex 8.78935 4.33443 1.2
      vertex 8.48705 4.9 1.2
    endloop
  endfacet
  facet normal -0 0 1
    outer loop
      vertex 5.31259 -1.4235 1.2
      vertex 9.57967 -2.04923 1.2
      vertex 5.39432 -1.073 1.2
    endloop
  endfacet
  facet normal 0 0 1
    outer loop
      vertex 4.76314 2.75 1.2
      vertex 8.48705 4.9 1.2
      vertex 8.1484 5.44459 1.2
    endloop
  endfacet
  facet normal 0 0 1
    outer loop
      vertex 9.57967 -2.04923 1.2
      vertex 5.31259 -1.4235 1.2
      vertex 9.32085 -3.01515 1.2
    endloop
  endfacet
  facet normal 0 0 1
    outer loop
      vertex 4.57308 3.05564 1.2
      vertex 8.1484 5.44459 1.2
      vertex 7.77486 5.96586 1.2
    endloop
  endfacet
  facet normal -0 0 1
    outer loop
      vertex 5.20812 -1.76792 1.2
      vertex 9.32085 -3.01515 1.2
      vertex 5.31259 -1.4235 1.2
    endloop
  endfacet
  facet normal 0 0 1
    outer loop
      vertex 4.36344 3.34819 1.2
      vertex 7.77486 5.96586 1.2
      vertex 7.36803 6.46159 1.2
    endloop
  endfacet
  facet normal 0 0 1
    outer loop
      vertex 9.32085 -3.01515 1.2
      vertex 5.20812 -1.76792 1.2
      vertex 9.27991 -3.15011 1.2
    endloop
  endfacet
  facet normal 0 0 1
    outer loop
      vertex 4.13512 3.6264 1.2
      vertex 7.36803 6.46159 1.2
      vertex 6.92965 6.92965 1.2
    endloop
  endfacet
  facet normal 0 0 1
    outer loop
      vertex 9.27991 -3.15011 1.2
      vertex 5.20812 -1.76792 1.2
      vertex 9.05402 -3.7503 1.2
    endloop
  endfacet
  facet normal 0 0 1
    outer loop
      vertex 3.88909 3.88909 1.2
      vertex 6.92965 6.92965 1.2
      vertex 6.46159 7.36803 1.2
    endloop
  endfacet
  facet normal -0 0 1
    outer loop
      vertex 5.08134 -2.10476 1.2
      vertex 9.05402 -3.7503 1.2
      vertex 5.20812 -1.76792 1.2
    endloop
  endfacet
  facet normal 0 0 1
    outer loop
      vertex 3.6264 4.13512 1.2
      vertex 6.46159 7.36803 1.2
      vertex 5.96586 7.77486 1.2
    endloop
  endfacet
  facet normal 0 0 1
    outer loop
      vertex 9.05402 -3.7503 1.2
      vertex 5.08134 -2.10476 1.2
      vertex 8.78935 -4.33443 1.2
    endloop
  endfacet
  facet normal -0 0 1
    outer loop
      vertex 4.9328 -2.43259 1.2
      vertex 8.78935 -4.33443 1.2
      vertex 5.08134 -2.10476 1.2
    endloop
  endfacet
  facet normal 0 0 1
    outer loop
      vertex 9.77902 0.64095 1.2
      vertex 5.48822 0.359716 1.2
      vertex 5.5 0 1.2
    endloop
  endfacet
  facet normal 0 0 1
    outer loop
      vertex 9.71616 1.27916 1.2
      vertex 5.45295 0.717894 1.2
      vertex 5.48822 0.359716 1.2
    endloop
  endfacet
  facet normal 0 0 1
    outer loop
      vertex 3.34819 4.36344 1.2
      vertex 5.96586 7.77486 1.2
      vertex 5.44459 8.1484 1.2
    endloop
  endfacet
  facet normal 0 0 1
    outer loop
      vertex 9.6117 1.91188 1.2
      vertex 5.39432 1.073 1.2
      vertex 5.45295 0.717894 1.2
    endloop
  endfacet
  facet normal 0 0 1
    outer loop
      vertex 9.46607 2.53643 1.2
      vertex 5.31259 1.4235 1.2
      vertex 5.39432 1.073 1.2
    endloop
  endfacet
  facet normal 0 0 1
    outer loop
      vertex 9.27991 3.15011 1.2
      vertex 5.20812 1.76792 1.2
      vertex 5.31259 1.4235 1.2
    endloop
  endfacet
  facet normal 0 0 1
    outer loop
      vertex 9.05402 3.7503 1.2
      vertex 5.08134 2.10476 1.2
      vertex 5.20812 1.76792 1.2
    endloop
  endfacet
  facet normal 0 0 1
    outer loop
      vertex 8.78935 4.33443 1.2
      vertex 4.9328 2.43259 1.2
      vertex 5.08134 2.10476 1.2
    endloop
  endfacet
  facet normal 0 0 1
    outer loop
      vertex 3.05564 4.57308 1.2
      vertex 5.44459 8.1484 1.2
      vertex 4.9 8.48705 1.2
    endloop
  endfacet
  facet normal 0 0 1
    outer loop
      vertex 8.48705 4.9 1.2
      vertex 4.76314 2.75 1.2
      vertex 4.9328 2.43259 1.2
    endloop
  endfacet
  facet normal 0 0 1
    outer loop
      vertex 8.1484 5.44459 1.2
      vertex 4.57308 3.05564 1.2
      vertex 4.76314 2.75 1.2
    endloop
  endfacet
  facet normal 0 0 1
    outer loop
      vertex 7.77486 5.96586 1.2
      vertex 4.36344 3.34819 1.2
      vertex 4.57308 3.05564 1.2
    endloop
  endfacet
  facet normal 0 0 1
    outer loop
      vertex 3.05564 4.57308 1.2
      vertex 4.9 8.48705 1.2
      vertex 4.33443 8.78935 1.2
    endloop
  endfacet
  facet normal 0 0 1
    outer loop
      vertex 7.36803 6.46159 1.2
      vertex 4.13512 3.6264 1.2
      vertex 4.36344 3.34819 1.2
    endloop
  endfacet
  facet normal 0 0 1
    outer loop
      vertex 6.92965 6.92965 1.2
      vertex 3.88909 3.88909 1.2
      vertex 4.13512 3.6264 1.2
    endloop
  endfacet
  facet normal 0 0 1
    outer loop
      vertex 3.05564 4.57308 1.2
      vertex 4.33443 8.78935 1.2
      vertex 3.7503 9.05402 1.2
    endloop
  endfacet
  facet normal 0 0 1
    outer loop
      vertex 6.46159 7.36803 1.2
      vertex 3.6264 4.13512 1.2
      vertex 3.88909 3.88909 1.2
    endloop
  endfacet
  facet normal 0 0 1
    outer loop
      vertex 2.10476 5.08134 1.2
      vertex 3.7503 9.05402 1.2
      vertex 3.3502 9.2046 1.2
    endloop
  endfacet
  facet normal 0 0 1
    outer loop
      vertex 5.96586 7.77486 1.2
      vertex 3.34819 4.36344 1.2
      vertex 3.6264 4.13512 1.2
    endloop
  endfacet
  facet normal -0 0 1
    outer loop
      vertex 11.0866 -4.5922 1.2
      vertex 12.0104 -4.97488 1.2
      vertex 11.3632 -3.85727 1.2
    endloop
  endfacet
  facet normal 0 0 1
    outer loop
      vertex 12.0104 -4.97488 1.2
      vertex 11.0866 -4.5922 1.2
      vertex 11.6593 -5.74975 1.2
    endloop
  endfacet
  facet normal -0 0 1
    outer loop
      vertex 10.7625 -5.30746 1.2
      vertex 11.6593 -5.74975 1.2
      vertex 11.0866 -4.5922 1.2
    endloop
  endfacet
  facet normal 0 0 1
    outer loop
      vertex 11.6593 -5.74975 1.2
      vertex 10.7625 -5.30746 1.2
      vertex 11.2583 -6.5 1.2
    endloop
  endfacet
  facet normal -0 0 1
    outer loop
      vertex 10.3923 -6 1.2
      vertex 11.2583 -6.5 1.2
      vertex 10.7625 -5.30746 1.2
    endloop
  endfacet
  facet normal 0 0 1
    outer loop
      vertex 11.2583 -6.5 1.2
      vertex 10.3923 -6 1.2
      vertex 10.8091 -7.22241 1.2
    endloop
  endfacet
  facet normal -0 0 1
    outer loop
      vertex 9.97763 -6.66684 1.2
      vertex 10.8091 -7.22241 1.2
      vertex 10.3923 -6 1.2
    endloop
  endfacet
  facet normal 0 0 1
    outer loop
      vertex 10.8091 -7.22241 1.2
      vertex 9.97763 -6.66684 1.2
      vertex 10.3136 -7.9139 1.2
    endloop
  endfacet
  facet normal -0 0 1
    outer loop
      vertex 9.52024 -7.30514 1.2
      vertex 10.3136 -7.9139 1.2
      vertex 9.97763 -6.66684 1.2
    endloop
  endfacet
  facet normal 0 0 1
    outer loop
      vertex 10.3136 -7.9139 1.2
      vertex 9.52024 -7.30514 1.2
      vertex 9.77392 -8.5715 1.2
    endloop
  endfacet
  facet normal -0 0 1
    outer loop
      vertex 9.02208 -7.91215 1.2
      vertex 9.77392 -8.5715 1.2
      vertex 9.52024 -7.30514 1.2
    endloop
  endfacet
  facet normal 0 0 1
    outer loop
      vertex 9.77392 -8.5715 1.2
      vertex 9.02208 -7.91215 1.2
      vertex 9.19239 -9.19239 1.2
    endloop
  endfacet
  facet normal -0 0 1
    outer loop
      vertex 8.48528 -8.48528 1.2
      vertex 9.19239 -9.19239 1.2
      vertex 9.02208 -7.91215 1.2
    endloop
  endfacet
  facet normal 0 0 1
    outer loop
      vertex 9.19239 -9.19239 1.2
      vertex 8.48528 -8.48528 1.2
      vertex 8.5715 -9.77392 1.2
    endloop
  endfacet
  facet normal -0 0 1
    outer loop
      vertex 7.91215 -9.02208 1.2
      vertex 8.5715 -9.77392 1.2
      vertex 8.48528 -8.48528 1.2
    endloop
  endfacet
  facet normal 0 0 1
    outer loop
      vertex 8.5715 -9.77392 1.2
      vertex 7.91215 -9.02208 1.2
      vertex 7.9139 -10.3136 1.2
    endloop
  endfacet
  facet normal -0 0 1
    outer loop
      vertex 7.30514 -9.52024 1.2
      vertex 7.9139 -10.3136 1.2
      vertex 7.91215 -9.02208 1.2
    endloop
  endfacet
  facet normal 0 0 1
    outer loop
      vertex 7.30514 -9.52024 1.2
      vertex 7.22241 -10.8091 1.2
      vertex 7.9139 -10.3136 1.2
    endloop
  endfacet
  facet normal -0 0 1
    outer loop
      vertex 6.66684 -9.97763 1.2
      vertex 7.22241 -10.8091 1.2
      vertex 7.30514 -9.52024 1.2
    endloop
  endfacet
  facet normal 0 0 1
    outer loop
      vertex 6.66684 -9.97763 1.2
      vertex 6.5 -11.2583 1.2
      vertex 7.22241 -10.8091 1.2
    endloop
  endfacet
  facet normal -0 0 1
    outer loop
      vertex 6 -10.3923 1.2
      vertex 6.5 -11.2583 1.2
      vertex 6.66684 -9.97763 1.2
    endloop
  endfacet
  facet normal 0 0 1
    outer loop
      vertex 6 -10.3923 1.2
      vertex 5.74975 -11.6593 1.2
      vertex 6.5 -11.2583 1.2
    endloop
  endfacet
  facet normal -0 0 1
    outer loop
      vertex 5.30746 -10.7625 1.2
      vertex 5.74975 -11.6593 1.2
      vertex 6 -10.3923 1.2
    endloop
  endfacet
  facet normal 0 0 1
    outer loop
      vertex 5.30746 -10.7625 1.2
      vertex 4.97488 -12.0104 1.2
      vertex 5.74975 -11.6593 1.2
    endloop
  endfacet
  facet normal -0 0 1
    outer loop
      vertex 4.5922 -11.0866 1.2
      vertex 4.97488 -12.0104 1.2
      vertex 5.30746 -10.7625 1.2
    endloop
  endfacet
  facet normal 0 0 1
    outer loop
      vertex 4.5922 -11.0866 1.2
      vertex 4.17871 -12.3101 1.2
      vertex 4.97488 -12.0104 1.2
    endloop
  endfacet
  facet normal -0 0 1
    outer loop
      vertex 3.85727 -11.3632 1.2
      vertex 4.17871 -12.3101 1.2
      vertex 4.5922 -11.0866 1.2
    endloop
  endfacet
  facet normal 0 0 1
    outer loop
      vertex 3.85727 -11.3632 1.2
      vertex 3.36465 -12.557 1.2
      vertex 4.17871 -12.3101 1.2
    endloop
  endfacet
  facet normal -0 0 1
    outer loop
      vertex 3.10583 -11.5911 1.2
      vertex 3.36465 -12.557 1.2
      vertex 3.85727 -11.3632 1.2
    endloop
  endfacet
  facet normal 0 0 1
    outer loop
      vertex 3.10583 -11.5911 1.2
      vertex 2.53617 -12.7502 1.2
      vertex 3.36465 -12.557 1.2
    endloop
  endfacet
  facet normal -0 0 1
    outer loop
      vertex 2.34108 -11.7694 1.2
      vertex 2.53617 -12.7502 1.2
      vertex 3.10583 -11.5911 1.2
    endloop
  endfacet
  facet normal 0 0 1
    outer loop
      vertex 2.34108 -11.7694 1.2
      vertex 1.69684 -12.8888 1.2
      vertex 2.53617 -12.7502 1.2
    endloop
  endfacet
  facet normal -0 0 1
    outer loop
      vertex 1.56631 -11.8973 1.2
      vertex 1.69684 -12.8888 1.2
      vertex 2.34108 -11.7694 1.2
    endloop
  endfacet
  facet normal 0 0 1
    outer loop
      vertex 1.56631 -11.8973 1.2
      vertex 0.85024 -12.9722 1.2
      vertex 1.69684 -12.8888 1.2
    endloop
  endfacet
  facet normal -0 0 1
    outer loop
      vertex 0.784837 -11.9743 1.2
      vertex 0.85024 -12.9722 1.2
      vertex 1.56631 -11.8973 1.2
    endloop
  endfacet
  facet normal -0 0 1
    outer loop
      vertex 0 -12 1.2
      vertex 0.85024 -12.9722 1.2
      vertex 0.784837 -11.9743 1.2
    endloop
  endfacet
  facet normal 0 0 1
    outer loop
      vertex 0 -12 1.2
      vertex 0 -13 1.2
      vertex 0.85024 -12.9722 1.2
    endloop
  endfacet
  facet normal 0 0 1
    outer loop
      vertex -0.784837 -11.9743 1.2
      vertex 0 -13 1.2
      vertex 0 -12 1.2
    endloop
  endfacet
  facet normal 0 0 1
    outer loop
      vertex -0.784837 -11.9743 1.2
      vertex -0.85024 -12.9722 1.2
      vertex 0 -13 1.2
    endloop
  endfacet
  facet normal 0 0 1
    outer loop
      vertex -1.56631 -11.8973 1.2
      vertex -0.85024 -12.9722 1.2
      vertex -0.784837 -11.9743 1.2
    endloop
  endfacet
  facet normal 0 0 1
    outer loop
      vertex -1.69684 -12.8888 1.2
      vertex -1.56631 -11.8973 1.2
      vertex -1.58943 -11.8935 1.2
    endloop
  endfacet
  facet normal 0 0 1
    outer loop
      vertex -1.56631 -11.8973 1.2
      vertex -1.69684 -12.8888 1.2
      vertex -0.85024 -12.9722 1.2
    endloop
  endfacet
  facet normal -0.995183 0.0980371 0
    outer loop
      vertex -12.9722 0.85024 0
      vertex -12.8888 1.69684 1.2
      vertex -12.8888 1.69684 0
    endloop
  endfacet
  facet normal -0.995183 0.0980371 0
    outer loop
      vertex -12.8888 1.69684 1.2
      vertex -12.9722 0.85024 0
      vertex -12.9722 0.85024 1.2
    endloop
  endfacet
  facet normal -0.88193 0.471381 0
    outer loop
      vertex -11.6593 5.74975 0
      vertex -11.2583 6.5 1.2
      vertex -11.2583 6.5 0
    endloop
  endfacet
  facet normal -0.88193 0.471381 0
    outer loop
      vertex -11.2583 6.5 1.2
      vertex -11.6593 5.74975 0
      vertex -11.6593 5.74975 1.2
    endloop
  endfacet
  facet normal 0.0980371 -0.995183 0
    outer loop
      vertex 0.85024 -12.9722 0
      vertex 1.69684 -12.8888 1.2
      vertex 0.85024 -12.9722 1.2
    endloop
  endfacet
  facet normal 0.0980371 -0.995183 0
    outer loop
      vertex 1.69684 -12.8888 1.2
      vertex 0.85024 -12.9722 0
      vertex 1.69684 -12.8888 0
    endloop
  endfacet
  facet normal 0 0 -1
    outer loop
      vertex 5.79032 0 0
      vertex 9.8 0 0
      vertex 9.77902 -0.64095 0
    endloop
  endfacet
  facet normal 0 0 -1
    outer loop
      vertex 5.77679 -0.390259 0
      vertex 9.77902 -0.64095 0
      vertex 9.71616 -1.27916 0
    endloop
  endfacet
  facet normal 0 0 -1
    outer loop
      vertex 9.8 0 0
      vertex 5.79032 0 0
      vertex 9.77902 0.64095 0
    endloop
  endfacet
  facet normal 0 0 -1
    outer loop
      vertex 5.74078 -0.755788 0
      vertex 9.71616 -1.27916 0
      vertex 9.6117 -1.91188 0
    endloop
  endfacet
  facet normal 0 0 -1
    outer loop
      vertex 5.7783 0.3671 0
      vertex 9.77902 0.64095 0
      vertex 5.79032 0 0
    endloop
  endfacet
  facet normal 0 0 -1
    outer loop
      vertex 5.67906 -1.12964 0
      vertex 9.6117 -1.91188 0
      vertex 9.46607 -2.53643 0
    endloop
  endfacet
  facet normal 0 0 -1
    outer loop
      vertex 5.77792 0.378704 0
      vertex 9.77902 0.64095 0
      vertex 5.7783 0.3671 0
    endloop
  endfacet
  facet normal 0 0 -1
    outer loop
      vertex 5.58965 -1.50976 0
      vertex 9.46607 -2.53643 0
      vertex 9.27991 -3.15011 0
    endloop
  endfacet
  facet normal 0 0 -1
    outer loop
      vertex 5.77679 0.390259 0
      vertex 9.77902 0.64095 0
      vertex 5.77792 0.378704 0
    endloop
  endfacet
  facet normal 0 0 -1
    outer loop
      vertex 5.48303 -1.86124 0
      vertex 9.27991 -3.15011 0
      vertex 9.05402 -3.7503 0
    endloop
  endfacet
  facet normal -0 0 -1
    outer loop
      vertex 9.77902 0.64095 0
      vertex 5.77679 0.390259 0
      vertex 9.71616 1.27916 0
    endloop
  endfacet
  facet normal 0 0 -1
    outer loop
      vertex 5.34956 -2.21586 0
      vertex 9.05402 -3.7503 0
      vertex 8.78935 -4.33443 0
    endloop
  endfacet
  facet normal 0 0 -1
    outer loop
      vertex 5.74078 0.755788 0
      vertex 9.71616 1.27916 0
      vertex 5.77679 0.390259 0
    endloop
  endfacet
  facet normal 0 0 -1
    outer loop
      vertex 5.19318 -2.56099 0
      vertex 8.78935 -4.33443 0
      vertex 8.48705 -4.9 0
    endloop
  endfacet
  facet normal -0 0 -1
    outer loop
      vertex 9.71616 1.27916 0
      vertex 5.74078 0.755788 0
      vertex 9.6117 1.91188 0
    endloop
  endfacet
  facet normal 0 0 -1
    outer loop
      vertex 5.01457 -2.89516 0
      vertex 8.48705 -4.9 0
      vertex 8.1484 -5.44459 0
    endloop
  endfacet
  facet normal 0 0 -1
    outer loop
      vertex 5.68095 1.11818 0
      vertex 9.6117 1.91188 0
      vertex 5.74078 0.755788 0
    endloop
  endfacet
  facet normal 0 0 -1
    outer loop
      vertex 4.80771 -3.22637 0
      vertex 8.1484 -5.44459 0
      vertex 7.77486 -5.96586 0
    endloop
  endfacet
  facet normal 0 0 -1
    outer loop
      vertex 5.67906 1.12964 0
      vertex 9.6117 1.91188 0
      vertex 5.68095 1.11818 0
    endloop
  endfacet
  facet normal 0 0 -1
    outer loop
      vertex 4.58641 -3.5339 0
      vertex 7.77486 -5.96586 0
      vertex 7.36803 -6.46159 0
    endloop
  endfacet
  facet normal -0 0 -1
    outer loop
      vertex 9.6117 1.91188 0
      vertex 5.67906 1.12964 0
      vertex 9.46607 2.53643 0
    endloop
  endfacet
  facet normal 0 0 -1
    outer loop
      vertex 4.35339 -3.81782 0
      vertex 7.36803 -6.46159 0
      vertex 6.92965 -6.92965 0
    endloop
  endfacet
  facet normal 0 0 -1
    outer loop
      vertex 5.59566 1.48734 0
      vertex 9.46607 2.53643 0
      vertex 5.67906 1.12964 0
    endloop
  endfacet
  facet normal 0 0 -1
    outer loop
      vertex 4.0859 -4.10231 0
      vertex 6.92965 -6.92965 0
      vertex 6.46159 -7.36803 0
    endloop
  endfacet
  facet normal 0 0 -1
    outer loop
      vertex 5.59302 1.49865 0
      vertex 9.46607 2.53643 0
      vertex 5.59566 1.48734 0
    endloop
  endfacet
  facet normal 0 0 -1
    outer loop
      vertex 3.81782 -4.35339 0
      vertex 6.46159 -7.36803 0
      vertex 5.96586 -7.77486 0
    endloop
  endfacet
  facet normal 0 0 -1
    outer loop
      vertex 5.58965 1.50976 0
      vertex 9.46607 2.53643 0
      vertex 5.59302 1.49865 0
    endloop
  endfacet
  facet normal -0 0 -1
    outer loop
      vertex 9.46607 2.53643 0
      vertex 5.58965 1.50976 0
      vertex 9.27991 3.15011 0
    endloop
  endfacet
  facet normal 0 0 -1
    outer loop
      vertex 9.77902 -0.64095 0
      vertex 5.7783 -0.3671 0
      vertex 5.79032 0 0
    endloop
  endfacet
  facet normal 0 0 -1
    outer loop
      vertex 9.77902 -0.64095 0
      vertex 5.77792 -0.378704 0
      vertex 5.7783 -0.3671 0
    endloop
  endfacet
  facet normal 0 0 -1
    outer loop
      vertex 9.77902 -0.64095 0
      vertex 5.77679 -0.390259 0
      vertex 5.77792 -0.378704 0
    endloop
  endfacet
  facet normal 0 0 -1
    outer loop
      vertex 9.71616 -1.27916 0
      vertex 5.74078 -0.755788 0
      vertex 5.77679 -0.390259 0
    endloop
  endfacet
  facet normal 0 0 -1
    outer loop
      vertex 9.6117 -1.91188 0
      vertex 5.68095 -1.11818 0
      vertex 5.74078 -0.755788 0
    endloop
  endfacet
  facet normal 0 0 -1
    outer loop
      vertex 9.6117 -1.91188 0
      vertex 5.67906 -1.12964 0
      vertex 5.68095 -1.11818 0
    endloop
  endfacet
  facet normal 0 0 -1
    outer loop
      vertex 9.46607 -2.53643 0
      vertex 5.59566 -1.48734 0
      vertex 5.67906 -1.12964 0
    endloop
  endfacet
  facet normal 0 0 -1
    outer loop
      vertex 9.46607 -2.53643 0
      vertex 5.59302 -1.49865 0
      vertex 5.59566 -1.48734 0
    endloop
  endfacet
  facet normal 0 0 -1
    outer loop
      vertex 9.46607 -2.53643 0
      vertex 5.58965 -1.50976 0
      vertex 5.59302 -1.49865 0
    endloop
  endfacet
  facet normal 0 0 -1
    outer loop
      vertex 9.27991 -3.15011 0
      vertex 5.48303 -1.86124 0
      vertex 5.58965 -1.50976 0
    endloop
  endfacet
  facet normal 0 0 -1
    outer loop
      vertex 3.52492 -4.59377 0
      vertex 5.96586 -7.77486 0
      vertex 5.44459 -8.1484 0
    endloop
  endfacet
  facet normal 0 0 -1
    outer loop
      vertex 9.05402 -3.7503 0
      vertex 5.35365 -2.20499 0
      vertex 5.48303 -1.86124 0
    endloop
  endfacet
  facet normal 0 0 -1
    outer loop
      vertex 9.05402 -3.7503 0
      vertex 5.34956 -2.21586 0
      vertex 5.35365 -2.20499 0
    endloop
  endfacet
  facet normal 0 0 -1
    outer loop
      vertex 8.78935 -4.33443 0
      vertex 5.19797 -2.55042 0
      vertex 5.34956 -2.21586 0
    endloop
  endfacet
  facet normal 0 0 -1
    outer loop
      vertex 8.78935 -4.33443 0
      vertex 5.19318 -2.56099 0
      vertex 5.19797 -2.55042 0
    endloop
  endfacet
  facet normal 0 0 -1
    outer loop
      vertex 8.48705 -4.9 0
      vertex 5.02004 -2.88492 0
      vertex 5.19318 -2.56099 0
    endloop
  endfacet
  facet normal 0 0 -1
    outer loop
      vertex 8.48705 -4.9 0
      vertex 5.01457 -2.89516 0
      vertex 5.02004 -2.88492 0
    endloop
  endfacet
  facet normal 0 0 -1
    outer loop
      vertex 3.20707 -4.82061 0
      vertex 5.44459 -8.1484 0
      vertex 4.9 -8.48705 0
    endloop
  endfacet
  facet normal 0 0 -1
    outer loop
      vertex 8.1484 -5.44459 0
      vertex 4.82061 -3.20707 0
      vertex 5.01457 -2.89516 0
    endloop
  endfacet
  facet normal 0 0 -1
    outer loop
      vertex 8.1484 -5.44459 0
      vertex 4.81448 -3.21693 0
      vertex 4.82061 -3.20707 0
    endloop
  endfacet
  facet normal 0 0 -1
    outer loop
      vertex 8.1484 -5.44459 0
      vertex 4.80771 -3.22637 0
      vertex 4.81448 -3.21693 0
    endloop
  endfacet
  facet normal 0 0 -1
    outer loop
      vertex 7.77486 -5.96586 0
      vertex 4.59377 -3.52492 0
      vertex 4.80771 -3.22637 0
    endloop
  endfacet
  facet normal 0 0 -1
    outer loop
      vertex 7.77486 -5.96586 0
      vertex 4.58641 -3.5339 0
      vertex 4.59377 -3.52492 0
    endloop
  endfacet
  facet normal 0 0 -1
    outer loop
      vertex 7.36803 -6.46159 0
      vertex 4.35339 -3.81782 0
      vertex 4.58641 -3.5339 0
    endloop
  endfacet
  facet normal 0 0 -1
    outer loop
      vertex 2.88492 -5.02004 0
      vertex 4.9 -8.48705 0
      vertex 4.33443 -8.78935 0
    endloop
  endfacet
  facet normal 0 0 -1
    outer loop
      vertex 6.92965 -6.92965 0
      vertex 4.10231 -4.0859 0
      vertex 4.35339 -3.81782 0
    endloop
  endfacet
  facet normal 0 0 -1
    outer loop
      vertex 6.92965 -6.92965 0
      vertex 4.09438 -4.09438 0
      vertex 4.10231 -4.0859 0
    endloop
  endfacet
  facet normal 0 0 -1
    outer loop
      vertex 6.92965 -6.92965 0
      vertex 4.0859 -4.10231 0
      vertex 4.09438 -4.09438 0
    endloop
  endfacet
  facet normal 0 0 -1
    outer loop
      vertex 6.46159 -7.36803 0
      vertex 3.81782 -4.35339 0
      vertex 4.0859 -4.10231 0
    endloop
  endfacet
  facet normal 0 0 -1
    outer loop
      vertex 2.55042 -5.19797 0
      vertex 4.33443 -8.78935 0
      vertex 3.7503 -9.05402 0
    endloop
  endfacet
  facet normal 0 0 -1
    outer loop
      vertex 5.96586 -7.77486 0
      vertex 3.5339 -4.58641 0
      vertex 3.81782 -4.35339 0
    endloop
  endfacet
  facet normal 0 0 -1
    outer loop
      vertex 5.96586 -7.77486 0
      vertex 3.52492 -4.59377 0
      vertex 3.5339 -4.58641 0
    endloop
  endfacet
  facet normal 0 0 -1
    outer loop
      vertex 5.44459 -8.1484 0
      vertex 3.22637 -4.80771 0
      vertex 3.52492 -4.59377 0
    endloop
  endfacet
  facet normal 0 0 -1
    outer loop
      vertex 5.44459 -8.1484 0
      vertex 3.21693 -4.81448 0
      vertex 3.22637 -4.80771 0
    endloop
  endfacet
  facet normal 0 0 -1
    outer loop
      vertex 5.44459 -8.1484 0
      vertex 3.20707 -4.82061 0
      vertex 3.21693 -4.81448 0
    endloop
  endfacet
  facet normal 0 0 -1
    outer loop
      vertex 2.20499 -5.35365 0
      vertex 3.7503 -9.05402 0
      vertex 3.15011 -9.27991 0
    endloop
  endfacet
  facet normal 0 0 -1
    outer loop
      vertex 4.9 -8.48705 0
      vertex 2.89516 -5.01457 0
      vertex 3.20707 -4.82061 0
    endloop
  endfacet
  facet normal 0 0 -1
    outer loop
      vertex 4.9 -8.48705 0
      vertex 2.88492 -5.02004 0
      vertex 2.89516 -5.01457 0
    endloop
  endfacet
  facet normal 0 0 -1
    outer loop
      vertex 4.33443 -8.78935 0
      vertex 2.56099 -5.19318 0
      vertex 2.88492 -5.02004 0
    endloop
  endfacet
  facet normal 0 0 -1
    outer loop
      vertex 4.33443 -8.78935 0
      vertex 2.55042 -5.19797 0
      vertex 2.56099 -5.19318 0
    endloop
  endfacet
  facet normal 0 0 -1
    outer loop
      vertex 1.86124 -5.48303 0
      vertex 3.15011 -9.27991 0
      vertex 2.53643 -9.46607 0
    endloop
  endfacet
  facet normal 0 0 -1
    outer loop
      vertex 3.7503 -9.05402 0
      vertex 2.21586 -5.34956 0
      vertex 2.55042 -5.19797 0
    endloop
  endfacet
  facet normal 0 0 -1
    outer loop
      vertex 3.7503 -9.05402 0
      vertex 2.20499 -5.35365 0
      vertex 2.21586 -5.34956 0
    endloop
  endfacet
  facet normal 0 0 -1
    outer loop
      vertex 1.48734 -5.59566 0
      vertex 2.53643 -9.46607 0
      vertex 1.91188 -9.6117 0
    endloop
  endfacet
  facet normal 0 0 -1
    outer loop
      vertex 3.15011 -9.27991 0
      vertex 1.86124 -5.48303 0
      vertex 2.20499 -5.35365 0
    endloop
  endfacet
  facet normal 0 0 -1
    outer loop
      vertex 2.53643 -9.46607 0
      vertex 1.50976 -5.58965 0
      vertex 1.86124 -5.48303 0
    endloop
  endfacet
  facet normal 0 0 -1
    outer loop
      vertex 2.53643 -9.46607 0
      vertex 1.49865 -5.59302 0
      vertex 1.50976 -5.58965 0
    endloop
  endfacet
  facet normal 0 0 -1
    outer loop
      vertex 2.53643 -9.46607 0
      vertex 1.48734 -5.59566 0
      vertex 1.49865 -5.59302 0
    endloop
  endfacet
  facet normal 0 0 -1
    outer loop
      vertex 1.11818 -5.68095 0
      vertex 1.91188 -9.6117 0
      vertex 1.27916 -9.71616 0
    endloop
  endfacet
  facet normal 0 0 -1
    outer loop
      vertex 1.91188 -9.6117 0
      vertex 1.12964 -5.67906 0
      vertex 1.48734 -5.59566 0
    endloop
  endfacet
  facet normal 0 0 -1
    outer loop
      vertex 1.91188 -9.6117 0
      vertex 1.11818 -5.68095 0
      vertex 1.12964 -5.67906 0
    endloop
  endfacet
  facet normal 0 0 -1
    outer loop
      vertex 1.27916 -9.71616 0
      vertex 0.755788 -5.74078 0
      vertex 1.11818 -5.68095 0
    endloop
  endfacet
  facet normal 0 0 -1
    outer loop
      vertex 0.64095 -9.77902 0
      vertex 0.755788 -5.74078 0
      vertex 1.27916 -9.71616 0
    endloop
  endfacet
  facet normal 0 0 -1
    outer loop
      vertex 0.64095 -9.77902 0
      vertex 0.390259 -5.77679 0
      vertex 0.755788 -5.74078 0
    endloop
  endfacet
  facet normal 0 0 -1
    outer loop
      vertex 0.64095 -9.77902 0
      vertex 0.378704 -5.77792 0
      vertex 0.390259 -5.77679 0
    endloop
  endfacet
  facet normal 0 0 -1
    outer loop
      vertex 0.64095 -9.77902 0
      vertex 0.3671 -5.7783 0
      vertex 0.378704 -5.77792 0
    endloop
  endfacet
  facet normal 0 0 -1
    outer loop
      vertex 0 -9.8 0
      vertex 0.3671 -5.7783 0
      vertex 0.64095 -9.77902 0
    endloop
  endfacet
  facet normal 0 0 -1
    outer loop
      vertex 0 -9.8 0
      vertex 0 -5.79032 0
      vertex 0.3671 -5.7783 0
    endloop
  endfacet
  facet normal 0 0 -1
    outer loop
      vertex 0 -9.8 0
      vertex -0.3671 -5.7783 0
      vertex 0 -5.79032 0
    endloop
  endfacet
  facet normal 0 0 -1
    outer loop
      vertex -0.64095 -9.77902 0
      vertex -0.3671 -5.7783 0
      vertex 0 -9.8 0
    endloop
  endfacet
  facet normal -0 0 -1
    outer loop
      vertex -0.3671 -5.7783 0
      vertex -0.64095 -9.77902 0
      vertex -0.378704 -5.77792 0
    endloop
  endfacet
  facet normal -0 0 -1
    outer loop
      vertex -0.378704 -5.77792 0
      vertex -0.64095 -9.77902 0
      vertex -0.390259 -5.77679 0
    endloop
  endfacet
  facet normal 0 0 -1
    outer loop
      vertex -0.64095 -9.77902 0
      vertex -0.755788 -5.74078 0
      vertex -0.390259 -5.77679 0
    endloop
  endfacet
  facet normal 0 0 -1
    outer loop
      vertex -1.27916 -9.71616 0
      vertex -0.755788 -5.74078 0
      vertex -0.64095 -9.77902 0
    endloop
  endfacet
  facet normal -0 0 -1
    outer loop
      vertex -0.755788 -5.74078 0
      vertex -1.27916 -9.71616 0
      vertex -1.11818 -5.68095 0
    endloop
  endfacet
  facet normal 0 0 -1
    outer loop
      vertex -1.91188 -9.6117 0
      vertex -1.11818 -5.68095 0
      vertex -1.27916 -9.71616 0
    endloop
  endfacet
  facet normal -0 0 -1
    outer loop
      vertex -1.11818 -5.68095 0
      vertex -1.91188 -9.6117 0
      vertex -1.12964 -5.67906 0
    endloop
  endfacet
  facet normal -0 0 -1
    outer loop
      vertex -1.12964 -5.67906 0
      vertex -1.91188 -9.6117 0
      vertex -1.48734 -5.59566 0
    endloop
  endfacet
  facet normal 0 0 -1
    outer loop
      vertex -2.53643 -9.46607 0
      vertex -1.48734 -5.59566 0
      vertex -1.91188 -9.6117 0
    endloop
  endfacet
  facet normal -0 0 -1
    outer loop
      vertex -1.48734 -5.59566 0
      vertex -2.53643 -9.46607 0
      vertex -1.49865 -5.59302 0
    endloop
  endfacet
  facet normal -0 0 -1
    outer loop
      vertex -1.49865 -5.59302 0
      vertex -2.53643 -9.46607 0
      vertex -1.50976 -5.58965 0
    endloop
  endfacet
  facet normal -0 0 -1
    outer loop
      vertex -1.50976 -5.58965 0
      vertex -2.53643 -9.46607 0
      vertex -1.86124 -5.48303 0
    endloop
  endfacet
  facet normal 0 0 -1
    outer loop
      vertex -3.15011 -9.27991 0
      vertex -1.86124 -5.48303 0
      vertex -2.53643 -9.46607 0
    endloop
  endfacet
  facet normal -0 0 -1
    outer loop
      vertex -1.86124 -5.48303 0
      vertex -3.15011 -9.27991 0
      vertex -2.20499 -5.35365 0
    endloop
  endfacet
  facet normal 0 0 -1
    outer loop
      vertex -3.7503 -9.05402 0
      vertex -2.20499 -5.35365 0
      vertex -3.15011 -9.27991 0
    endloop
  endfacet
  facet normal -0 0 -1
    outer loop
      vertex -2.20499 -5.35365 0
      vertex -3.7503 -9.05402 0
      vertex -2.21586 -5.34956 0
    endloop
  endfacet
  facet normal -0 0 -1
    outer loop
      vertex -2.21586 -5.34956 0
      vertex -3.7503 -9.05402 0
      vertex -2.55042 -5.19797 0
    endloop
  endfacet
  facet normal 0 0 -1
    outer loop
      vertex -4.33443 -8.78935 0
      vertex -2.55042 -5.19797 0
      vertex -3.7503 -9.05402 0
    endloop
  endfacet
  facet normal -0 0 -1
    outer loop
      vertex -2.55042 -5.19797 0
      vertex -4.33443 -8.78935 0
      vertex -2.56099 -5.19318 0
    endloop
  endfacet
  facet normal -0 0 -1
    outer loop
      vertex -2.56099 -5.19318 0
      vertex -4.33443 -8.78935 0
      vertex -2.88492 -5.02004 0
    endloop
  endfacet
  facet normal 0 0 -1
    outer loop
      vertex -4.9 -8.48705 0
      vertex -2.88492 -5.02004 0
      vertex -4.33443 -8.78935 0
    endloop
  endfacet
  facet normal -0 0 -1
    outer loop
      vertex -2.88492 -5.02004 0
      vertex -4.9 -8.48705 0
      vertex -2.89516 -5.01457 0
    endloop
  endfacet
  facet normal -0 0 -1
    outer loop
      vertex -2.89516 -5.01457 0
      vertex -4.9 -8.48705 0
      vertex -3.20707 -4.82061 0
    endloop
  endfacet
  facet normal 0 0 -1
    outer loop
      vertex -5.44459 -8.1484 0
      vertex -3.20707 -4.82061 0
      vertex -4.9 -8.48705 0
    endloop
  endfacet
  facet normal -0 0 -1
    outer loop
      vertex -3.20707 -4.82061 0
      vertex -5.44459 -8.1484 0
      vertex -3.21693 -4.81448 0
    endloop
  endfacet
  facet normal -0 0 -1
    outer loop
      vertex -3.21693 -4.81448 0
      vertex -5.44459 -8.1484 0
      vertex -3.22637 -4.80771 0
    endloop
  endfacet
  facet normal -0 0 -1
    outer loop
      vertex -3.22637 -4.80771 0
      vertex -5.44459 -8.1484 0
      vertex -3.52492 -4.59377 0
    endloop
  endfacet
  facet normal 0 0 -1
    outer loop
      vertex -5.96586 -7.77486 0
      vertex -3.52492 -4.59377 0
      vertex -5.44459 -8.1484 0
    endloop
  endfacet
  facet normal -0 0 -1
    outer loop
      vertex -3.52492 -4.59377 0
      vertex -5.96586 -7.77486 0
      vertex -3.5339 -4.58641 0
    endloop
  endfacet
  facet normal -0 0 -1
    outer loop
      vertex -3.5339 -4.58641 0
      vertex -5.96586 -7.77486 0
      vertex -3.81782 -4.35339 0
    endloop
  endfacet
  facet normal 0 0 -1
    outer loop
      vertex -6.46159 -7.36803 0
      vertex -3.81782 -4.35339 0
      vertex -5.96586 -7.77486 0
    endloop
  endfacet
  facet normal -0 0 -1
    outer loop
      vertex -3.81782 -4.35339 0
      vertex -6.46159 -7.36803 0
      vertex -4.0859 -4.10231 0
    endloop
  endfacet
  facet normal 0 0 -1
    outer loop
      vertex -6.92965 -6.92965 0
      vertex -4.0859 -4.10231 0
      vertex -6.46159 -7.36803 0
    endloop
  endfacet
  facet normal -0 0 -1
    outer loop
      vertex -4.0859 -4.10231 0
      vertex -6.92965 -6.92965 0
      vertex -4.09438 -4.09438 0
    endloop
  endfacet
  facet normal -0 0 -1
    outer loop
      vertex -4.09438 -4.09438 0
      vertex -6.92965 -6.92965 0
      vertex -4.10231 -4.0859 0
    endloop
  endfacet
  facet normal -0 0 -1
    outer loop
      vertex -4.10231 -4.0859 0
      vertex -6.92965 -6.92965 0
      vertex -4.35339 -3.81782 0
    endloop
  endfacet
  facet normal 0 0 -1
    outer loop
      vertex -7.36803 -6.46159 0
      vertex -4.35339 -3.81782 0
      vertex -6.92965 -6.92965 0
    endloop
  endfacet
  facet normal -0 0 -1
    outer loop
      vertex -4.35339 -3.81782 0
      vertex -7.36803 -6.46159 0
      vertex -4.58641 -3.5339 0
    endloop
  endfacet
  facet normal 0 0 -1
    outer loop
      vertex -7.77486 -5.96586 0
      vertex -4.58641 -3.5339 0
      vertex -7.36803 -6.46159 0
    endloop
  endfacet
  facet normal -0 0 -1
    outer loop
      vertex -4.58641 -3.5339 0
      vertex -7.77486 -5.96586 0
      vertex -4.59377 -3.52492 0
    endloop
  endfacet
  facet normal -0 0 -1
    outer loop
      vertex -4.59377 -3.52492 0
      vertex -7.77486 -5.96586 0
      vertex -4.80771 -3.22637 0
    endloop
  endfacet
  facet normal 0 0 -1
    outer loop
      vertex -8.1484 -5.44459 0
      vertex -4.80771 -3.22637 0
      vertex -7.77486 -5.96586 0
    endloop
  endfacet
  facet normal -0 0 -1
    outer loop
      vertex -4.80771 -3.22637 0
      vertex -8.1484 -5.44459 0
      vertex -4.81448 -3.21693 0
    endloop
  endfacet
  facet normal -0 0 -1
    outer loop
      vertex -4.81448 -3.21693 0
      vertex -8.1484 -5.44459 0
      vertex -4.82061 -3.20707 0
    endloop
  endfacet
  facet normal -0 0 -1
    outer loop
      vertex -4.82061 -3.20707 0
      vertex -8.1484 -5.44459 0
      vertex -5.01457 -2.89516 0
    endloop
  endfacet
  facet normal 0 0 -1
    outer loop
      vertex -8.48705 -4.9 0
      vertex -5.01457 -2.89516 0
      vertex -8.1484 -5.44459 0
    endloop
  endfacet
  facet normal -0 0 -1
    outer loop
      vertex -5.01457 -2.89516 0
      vertex -8.48705 -4.9 0
      vertex -5.02004 -2.88492 0
    endloop
  endfacet
  facet normal -0 0 -1
    outer loop
      vertex -5.02004 -2.88492 0
      vertex -8.48705 -4.9 0
      vertex -5.19318 -2.56099 0
    endloop
  endfacet
  facet normal 0 0 -1
    outer loop
      vertex -8.78935 -4.33443 0
      vertex -5.19318 -2.56099 0
      vertex -8.48705 -4.9 0
    endloop
  endfacet
  facet normal -0 0 -1
    outer loop
      vertex -5.19318 -2.56099 0
      vertex -8.78935 -4.33443 0
      vertex -5.19797 -2.55042 0
    endloop
  endfacet
  facet normal -0 0 -1
    outer loop
      vertex -5.19797 -2.55042 0
      vertex -8.78935 -4.33443 0
      vertex -5.34956 -2.21586 0
    endloop
  endfacet
  facet normal 0 0 -1
    outer loop
      vertex -9.05402 -3.7503 0
      vertex -5.34956 -2.21586 0
      vertex -8.78935 -4.33443 0
    endloop
  endfacet
  facet normal -0 0 -1
    outer loop
      vertex -5.34956 -2.21586 0
      vertex -9.05402 -3.7503 0
      vertex -5.35365 -2.20499 0
    endloop
  endfacet
  facet normal -0 0 -1
    outer loop
      vertex -5.48303 -1.86124 0
      vertex -9.27991 -3.15011 0
      vertex -5.58965 -1.50976 0
    endloop
  endfacet
  facet normal 0 0 -1
    outer loop
      vertex -9.27991 -3.15011 0
      vertex -5.48303 -1.86124 0
      vertex -9.05402 -3.7503 0
    endloop
  endfacet
  facet normal -0 0 -1
    outer loop
      vertex -5.35365 -2.20499 0
      vertex -9.05402 -3.7503 0
      vertex -5.48303 -1.86124 0
    endloop
  endfacet
  facet normal 0 0 -1
    outer loop
      vertex 5.48303 1.86124 0
      vertex 9.27991 3.15011 0
      vertex 5.58965 1.50976 0
    endloop
  endfacet
  facet normal -0 0 -1
    outer loop
      vertex 9.27991 3.15011 0
      vertex 5.48303 1.86124 0
      vertex 9.05402 3.7503 0
    endloop
  endfacet
  facet normal 0 0 -1
    outer loop
      vertex 5.35365 2.20499 0
      vertex 9.05402 3.7503 0
      vertex 5.48303 1.86124 0
    endloop
  endfacet
  facet normal 0 0 -1
    outer loop
      vertex 5.34956 2.21586 0
      vertex 9.05402 3.7503 0
      vertex 5.35365 2.20499 0
    endloop
  endfacet
  facet normal -0 0 -1
    outer loop
      vertex 9.05402 3.7503 0
      vertex 5.34956 2.21586 0
      vertex 8.78935 4.33443 0
    endloop
  endfacet
  facet normal 0 0 -1
    outer loop
      vertex 5.19797 2.55042 0
      vertex 8.78935 4.33443 0
      vertex 5.34956 2.21586 0
    endloop
  endfacet
  facet normal 0 0 -1
    outer loop
      vertex 5.19318 2.56099 0
      vertex 8.78935 4.33443 0
      vertex 5.19797 2.55042 0
    endloop
  endfacet
  facet normal -0 0 -1
    outer loop
      vertex 8.78935 4.33443 0
      vertex 5.19318 2.56099 0
      vertex 8.48705 4.9 0
    endloop
  endfacet
  facet normal 0 0 -1
    outer loop
      vertex 5.02004 2.88492 0
      vertex 8.48705 4.9 0
      vertex 5.19318 2.56099 0
    endloop
  endfacet
  facet normal 0 0 -1
    outer loop
      vertex 5.01457 2.89516 0
      vertex 8.48705 4.9 0
      vertex 5.02004 2.88492 0
    endloop
  endfacet
  facet normal -0 0 -1
    outer loop
      vertex 8.48705 4.9 0
      vertex 5.01457 2.89516 0
      vertex 8.1484 5.44459 0
    endloop
  endfacet
  facet normal 0 0 -1
    outer loop
      vertex 4.82061 3.20707 0
      vertex 8.1484 5.44459 0
      vertex 5.01457 2.89516 0
    endloop
  endfacet
  facet normal 0 0 -1
    outer loop
      vertex 4.81448 3.21693 0
      vertex 8.1484 5.44459 0
      vertex 4.82061 3.20707 0
    endloop
  endfacet
  facet normal 0 0 -1
    outer loop
      vertex 4.80771 3.22637 0
      vertex 8.1484 5.44459 0
      vertex 4.81448 3.21693 0
    endloop
  endfacet
  facet normal -0 0 -1
    outer loop
      vertex 8.1484 5.44459 0
      vertex 4.80771 3.22637 0
      vertex 7.77486 5.96586 0
    endloop
  endfacet
  facet normal 0 0 -1
    outer loop
      vertex 4.59377 3.52492 0
      vertex 7.77486 5.96586 0
      vertex 4.80771 3.22637 0
    endloop
  endfacet
  facet normal 0 0 -1
    outer loop
      vertex 4.58641 3.5339 0
      vertex 7.77486 5.96586 0
      vertex 4.59377 3.52492 0
    endloop
  endfacet
  facet normal -0 0 -1
    outer loop
      vertex 7.77486 5.96586 0
      vertex 4.58641 3.5339 0
      vertex 7.36803 6.46159 0
    endloop
  endfacet
  facet normal 0 0 -1
    outer loop
      vertex 4.35339 3.81782 0
      vertex 7.36803 6.46159 0
      vertex 4.58641 3.5339 0
    endloop
  endfacet
  facet normal -0 0 -1
    outer loop
      vertex 7.36803 6.46159 0
      vertex 4.35339 3.81782 0
      vertex 6.92965 6.92965 0
    endloop
  endfacet
  facet normal 0 0 -1
    outer loop
      vertex 4.10231 4.0859 0
      vertex 6.92965 6.92965 0
      vertex 4.35339 3.81782 0
    endloop
  endfacet
  facet normal 0 0 -1
    outer loop
      vertex 4.09438 4.09438 0
      vertex 6.92965 6.92965 0
      vertex 4.10231 4.0859 0
    endloop
  endfacet
  facet normal 0 0 -1
    outer loop
      vertex 4.0859 4.10231 0
      vertex 6.92965 6.92965 0
      vertex 4.09438 4.09438 0
    endloop
  endfacet
  facet normal -0 0 -1
    outer loop
      vertex 6.92965 6.92965 0
      vertex 4.0859 4.10231 0
      vertex 6.46159 7.36803 0
    endloop
  endfacet
  facet normal 0 0 -1
    outer loop
      vertex 3.81782 4.35339 0
      vertex 6.46159 7.36803 0
      vertex 4.0859 4.10231 0
    endloop
  endfacet
  facet normal -0 0 -1
    outer loop
      vertex 6.46159 7.36803 0
      vertex 3.81782 4.35339 0
      vertex 5.96586 7.77486 0
    endloop
  endfacet
  facet normal 0 0 -1
    outer loop
      vertex 3.5339 4.58641 0
      vertex 5.96586 7.77486 0
      vertex 3.81782 4.35339 0
    endloop
  endfacet
  facet normal 0 0 -1
    outer loop
      vertex 3.52492 4.59377 0
      vertex 5.96586 7.77486 0
      vertex 3.5339 4.58641 0
    endloop
  endfacet
  facet normal -0 0 -1
    outer loop
      vertex 5.96586 7.77486 0
      vertex 3.52492 4.59377 0
      vertex 5.44459 8.1484 0
    endloop
  endfacet
  facet normal 0 0 -1
    outer loop
      vertex 3.22637 4.80771 0
      vertex 5.44459 8.1484 0
      vertex 3.52492 4.59377 0
    endloop
  endfacet
  facet normal 0 0 -1
    outer loop
      vertex 3.21693 4.81448 0
      vertex 5.44459 8.1484 0
      vertex 3.22637 4.80771 0
    endloop
  endfacet
  facet normal 0 0 -1
    outer loop
      vertex 3.20707 4.82061 0
      vertex 5.44459 8.1484 0
      vertex 3.21693 4.81448 0
    endloop
  endfacet
  facet normal -0 0 -1
    outer loop
      vertex 5.44459 8.1484 0
      vertex 3.20707 4.82061 0
      vertex 4.9 8.48705 0
    endloop
  endfacet
  facet normal 0 0 -1
    outer loop
      vertex 2.89516 5.01457 0
      vertex 4.9 8.48705 0
      vertex 3.20707 4.82061 0
    endloop
  endfacet
  facet normal 0 0 -1
    outer loop
      vertex 12 0 0
      vertex 13 0 0
      vertex 12.9722 -0.85024 0
    endloop
  endfacet
  facet normal 0 0 -1
    outer loop
      vertex 11.9743 -0.784837 0
      vertex 12.9722 -0.85024 0
      vertex 12.8888 -1.69684 0
    endloop
  endfacet
  facet normal 0 0 -1
    outer loop
      vertex 13 0 0
      vertex 12 0 0
      vertex 12.9722 0.85024 0
    endloop
  endfacet
  facet normal 0 0 -1
    outer loop
      vertex 11.8973 -1.56631 0
      vertex 12.8888 -1.69684 0
      vertex 12.7502 -2.53617 0
    endloop
  endfacet
  facet normal 0 0 -1
    outer loop
      vertex 11.9743 0.784837 0
      vertex 12.9722 0.85024 0
      vertex 12 0 0
    endloop
  endfacet
  facet normal 0 0 -1
    outer loop
      vertex 11.7694 -2.34108 0
      vertex 12.7502 -2.53617 0
      vertex 12.557 -3.36465 0
    endloop
  endfacet
  facet normal -0 0 -1
    outer loop
      vertex 12.9722 0.85024 0
      vertex 11.9743 0.784837 0
      vertex 12.8888 1.69684 0
    endloop
  endfacet
  facet normal 0 0 -1
    outer loop
      vertex 11.5911 -3.10583 0
      vertex 12.557 -3.36465 0
      vertex 12.3101 -4.17871 0
    endloop
  endfacet
  facet normal 0 0 -1
    outer loop
      vertex 11.8973 1.56631 0
      vertex 12.8888 1.69684 0
      vertex 11.9743 0.784837 0
    endloop
  endfacet
  facet normal 0 0 -1
    outer loop
      vertex 11.3632 -3.85727 0
      vertex 12.3101 -4.17871 0
      vertex 12.0104 -4.97488 0
    endloop
  endfacet
  facet normal -0 0 -1
    outer loop
      vertex 12.8888 1.69684 0
      vertex 11.8973 1.56631 0
      vertex 12.7502 2.53617 0
    endloop
  endfacet
  facet normal 0 0 -1
    outer loop
      vertex 11.7694 2.34108 0
      vertex 12.7502 2.53617 0
      vertex 11.8973 1.56631 0
    endloop
  endfacet
  facet normal 0 0 -1
    outer loop
      vertex 12.9722 -0.85024 0
      vertex 11.9743 -0.784837 0
      vertex 12 0 0
    endloop
  endfacet
  facet normal 0 0 -1
    outer loop
      vertex 12.8888 -1.69684 0
      vertex 11.8973 -1.56631 0
      vertex 11.9743 -0.784837 0
    endloop
  endfacet
  facet normal 0 0 -1
    outer loop
      vertex 12.7502 -2.53617 0
      vertex 11.7694 -2.34108 0
      vertex 11.8973 -1.56631 0
    endloop
  endfacet
  facet normal 0 0 -1
    outer loop
      vertex 11.0866 -4.5922 0
      vertex 12.0104 -4.97488 0
      vertex 11.6593 -5.74975 0
    endloop
  endfacet
  facet normal 0 0 -1
    outer loop
      vertex 12.557 -3.36465 0
      vertex 11.5911 -3.10583 0
      vertex 11.7694 -2.34108 0
    endloop
  endfacet
  facet normal 0 0 -1
    outer loop
      vertex 12.3101 -4.17871 0
      vertex 11.3632 -3.85727 0
      vertex 11.5911 -3.10583 0
    endloop
  endfacet
  facet normal 0 0 -1
    outer loop
      vertex 10.7625 -5.30746 0
      vertex 11.6593 -5.74975 0
      vertex 11.2583 -6.5 0
    endloop
  endfacet
  facet normal 0 0 -1
    outer loop
      vertex 12.0104 -4.97488 0
      vertex 11.0866 -4.5922 0
      vertex 11.3632 -3.85727 0
    endloop
  endfacet
  facet normal 0 0 -1
    outer loop
      vertex 10.3923 -6 0
      vertex 11.2583 -6.5 0
      vertex 10.8091 -7.22241 0
    endloop
  endfacet
  facet normal 0 0 -1
    outer loop
      vertex 11.6593 -5.74975 0
      vertex 10.7625 -5.30746 0
      vertex 11.0866 -4.5922 0
    endloop
  endfacet
  facet normal 0 0 -1
    outer loop
      vertex 11.2583 -6.5 0
      vertex 10.3923 -6 0
      vertex 10.7625 -5.30746 0
    endloop
  endfacet
  facet normal 0 0 -1
    outer loop
      vertex 9.97763 -6.66684 0
      vertex 10.8091 -7.22241 0
      vertex 10.3136 -7.9139 0
    endloop
  endfacet
  facet normal 0 0 -1
    outer loop
      vertex 10.8091 -7.22241 0
      vertex 9.97763 -6.66684 0
      vertex 10.3923 -6 0
    endloop
  endfacet
  facet normal 0 0 -1
    outer loop
      vertex 9.52024 -7.30514 0
      vertex 10.3136 -7.9139 0
      vertex 9.77392 -8.5715 0
    endloop
  endfacet
  facet normal 0 0 -1
    outer loop
      vertex 10.3136 -7.9139 0
      vertex 9.52024 -7.30514 0
      vertex 9.97763 -6.66684 0
    endloop
  endfacet
  facet normal 0 0 -1
    outer loop
      vertex 9.02208 -7.91215 0
      vertex 9.77392 -8.5715 0
      vertex 9.19239 -9.19239 0
    endloop
  endfacet
  facet normal 0 0 -1
    outer loop
      vertex 9.77392 -8.5715 0
      vertex 9.02208 -7.91215 0
      vertex 9.52024 -7.30514 0
    endloop
  endfacet
  facet normal 0 0 -1
    outer loop
      vertex 8.48528 -8.48528 0
      vertex 9.19239 -9.19239 0
      vertex 8.5715 -9.77392 0
    endloop
  endfacet
  facet normal 0 0 -1
    outer loop
      vertex 9.19239 -9.19239 0
      vertex 8.48528 -8.48528 0
      vertex 9.02208 -7.91215 0
    endloop
  endfacet
  facet normal 0 0 -1
    outer loop
      vertex 7.91215 -9.02208 0
      vertex 8.5715 -9.77392 0
      vertex 7.9139 -10.3136 0
    endloop
  endfacet
  facet normal 0 0 -1
    outer loop
      vertex 8.5715 -9.77392 0
      vertex 7.91215 -9.02208 0
      vertex 8.48528 -8.48528 0
    endloop
  endfacet
  facet normal 0 0 -1
    outer loop
      vertex 7.9139 -10.3136 0
      vertex 7.30514 -9.52024 0
      vertex 7.91215 -9.02208 0
    endloop
  endfacet
  facet normal 0 0 -1
    outer loop
      vertex 7.22241 -10.8091 0
      vertex 7.30514 -9.52024 0
      vertex 7.9139 -10.3136 0
    endloop
  endfacet
  facet normal 0 0 -1
    outer loop
      vertex 7.22241 -10.8091 0
      vertex 6.66684 -9.97763 0
      vertex 7.30514 -9.52024 0
    endloop
  endfacet
  facet normal 0 0 -1
    outer loop
      vertex 6.5 -11.2583 0
      vertex 6.66684 -9.97763 0
      vertex 7.22241 -10.8091 0
    endloop
  endfacet
  facet normal 0 0 -1
    outer loop
      vertex 6.5 -11.2583 0
      vertex 6 -10.3923 0
      vertex 6.66684 -9.97763 0
    endloop
  endfacet
  facet normal 0 0 -1
    outer loop
      vertex 5.74975 -11.6593 0
      vertex 6 -10.3923 0
      vertex 6.5 -11.2583 0
    endloop
  endfacet
  facet normal 0 0 -1
    outer loop
      vertex 5.74975 -11.6593 0
      vertex 5.30746 -10.7625 0
      vertex 6 -10.3923 0
    endloop
  endfacet
  facet normal 0 0 -1
    outer loop
      vertex 4.97488 -12.0104 0
      vertex 5.30746 -10.7625 0
      vertex 5.74975 -11.6593 0
    endloop
  endfacet
  facet normal 0 0 -1
    outer loop
      vertex 4.97488 -12.0104 0
      vertex 4.5922 -11.0866 0
      vertex 5.30746 -10.7625 0
    endloop
  endfacet
  facet normal 0 0 -1
    outer loop
      vertex 4.17871 -12.3101 0
      vertex 4.5922 -11.0866 0
      vertex 4.97488 -12.0104 0
    endloop
  endfacet
  facet normal 0 0 -1
    outer loop
      vertex 4.17871 -12.3101 0
      vertex 3.85727 -11.3632 0
      vertex 4.5922 -11.0866 0
    endloop
  endfacet
  facet normal 0 0 -1
    outer loop
      vertex 3.36465 -12.557 0
      vertex 3.85727 -11.3632 0
      vertex 4.17871 -12.3101 0
    endloop
  endfacet
  facet normal 0 0 -1
    outer loop
      vertex 3.36465 -12.557 0
      vertex 3.10583 -11.5911 0
      vertex 3.85727 -11.3632 0
    endloop
  endfacet
  facet normal 0 0 -1
    outer loop
      vertex 2.53617 -12.7502 0
      vertex 3.10583 -11.5911 0
      vertex 3.36465 -12.557 0
    endloop
  endfacet
  facet normal 0 0 -1
    outer loop
      vertex 2.53617 -12.7502 0
      vertex 2.34108 -11.7694 0
      vertex 3.10583 -11.5911 0
    endloop
  endfacet
  facet normal 0 0 -1
    outer loop
      vertex 1.69684 -12.8888 0
      vertex 2.34108 -11.7694 0
      vertex 2.53617 -12.7502 0
    endloop
  endfacet
  facet normal 0 0 -1
    outer loop
      vertex 1.69684 -12.8888 0
      vertex 1.56631 -11.8973 0
      vertex 2.34108 -11.7694 0
    endloop
  endfacet
  facet normal 0 0 -1
    outer loop
      vertex 0.85024 -12.9722 0
      vertex 1.56631 -11.8973 0
      vertex 1.69684 -12.8888 0
    endloop
  endfacet
  facet normal 0 0 -1
    outer loop
      vertex 0.85024 -12.9722 0
      vertex 0.784837 -11.9743 0
      vertex 1.56631 -11.8973 0
    endloop
  endfacet
  facet normal 0 0 -1
    outer loop
      vertex 0 -13 0
      vertex 0.784837 -11.9743 0
      vertex 0.85024 -12.9722 0
    endloop
  endfacet
  facet normal 0 0 -1
    outer loop
      vertex 0 -13 0
      vertex 0 -12 0
      vertex 0.784837 -11.9743 0
    endloop
  endfacet
  facet normal 0 0 -1
    outer loop
      vertex 0 -13 0
      vertex -0.784837 -11.9743 0
      vertex 0 -12 0
    endloop
  endfacet
  facet normal 0 0 -1
    outer loop
      vertex -0.85024 -12.9722 0
      vertex -0.784837 -11.9743 0
      vertex 0 -13 0
    endloop
  endfacet
  facet normal 0 0 -1
    outer loop
      vertex -0.85024 -12.9722 0
      vertex -1.56631 -11.8973 0
      vertex -0.784837 -11.9743 0
    endloop
  endfacet
  facet normal 0 0 -1
    outer loop
      vertex -1.69684 -12.8888 0
      vertex -1.56631 -11.8973 0
      vertex -0.85024 -12.9722 0
    endloop
  endfacet
  facet normal 0 0 -1
    outer loop
      vertex -1.69684 -12.8888 0
      vertex -2.34108 -11.7694 0
      vertex -1.56631 -11.8973 0
    endloop
  endfacet
  facet normal 0 0 -1
    outer loop
      vertex -2.53617 -12.7502 0
      vertex -2.34108 -11.7694 0
      vertex -1.69684 -12.8888 0
    endloop
  endfacet
  facet normal 0 0 -1
    outer loop
      vertex -2.53617 -12.7502 0
      vertex -3.10583 -11.5911 0
      vertex -2.34108 -11.7694 0
    endloop
  endfacet
  facet normal 0 0 -1
    outer loop
      vertex -3.36465 -12.557 0
      vertex -3.10583 -11.5911 0
      vertex -2.53617 -12.7502 0
    endloop
  endfacet
  facet normal 0 0 -1
    outer loop
      vertex -3.36465 -12.557 0
      vertex -3.85727 -11.3632 0
      vertex -3.10583 -11.5911 0
    endloop
  endfacet
  facet normal 0 0 -1
    outer loop
      vertex -4.17871 -12.3101 0
      vertex -3.85727 -11.3632 0
      vertex -3.36465 -12.557 0
    endloop
  endfacet
  facet normal 0 0 -1
    outer loop
      vertex -4.17871 -12.3101 0
      vertex -4.5922 -11.0866 0
      vertex -3.85727 -11.3632 0
    endloop
  endfacet
  facet normal 0 0 -1
    outer loop
      vertex -4.97488 -12.0104 0
      vertex -4.5922 -11.0866 0
      vertex -4.17871 -12.3101 0
    endloop
  endfacet
  facet normal 0 0 -1
    outer loop
      vertex -4.97488 -12.0104 0
      vertex -5.30746 -10.7625 0
      vertex -4.5922 -11.0866 0
    endloop
  endfacet
  facet normal 0 0 -1
    outer loop
      vertex -5.74975 -11.6593 0
      vertex -5.30746 -10.7625 0
      vertex -4.97488 -12.0104 0
    endloop
  endfacet
  facet normal 0 0 -1
    outer loop
      vertex -5.74975 -11.6593 0
      vertex -6 -10.3923 0
      vertex -5.30746 -10.7625 0
    endloop
  endfacet
  facet normal 0 0 -1
    outer loop
      vertex -6.5 -11.2583 0
      vertex -6 -10.3923 0
      vertex -5.74975 -11.6593 0
    endloop
  endfacet
  facet normal 0 0 -1
    outer loop
      vertex -6.5 -11.2583 0
      vertex -6.66684 -9.97763 0
      vertex -6 -10.3923 0
    endloop
  endfacet
  facet normal 0 0 -1
    outer loop
      vertex -7.22241 -10.8091 0
      vertex -6.66684 -9.97763 0
      vertex -6.5 -11.2583 0
    endloop
  endfacet
  facet normal 0 0 -1
    outer loop
      vertex -7.22241 -10.8091 0
      vertex -7.30514 -9.52024 0
      vertex -6.66684 -9.97763 0
    endloop
  endfacet
  facet normal 0 0 -1
    outer loop
      vertex -7.9139 -10.3136 0
      vertex -7.30514 -9.52024 0
      vertex -7.22241 -10.8091 0
    endloop
  endfacet
  facet normal -0 0 -1
    outer loop
      vertex -7.30514 -9.52024 0
      vertex -7.9139 -10.3136 0
      vertex -7.91215 -9.02208 0
    endloop
  endfacet
  facet normal 0 0 -1
    outer loop
      vertex -8.5715 -9.77392 0
      vertex -7.91215 -9.02208 0
      vertex -7.9139 -10.3136 0
    endloop
  endfacet
  facet normal -0 0 -1
    outer loop
      vertex -7.91215 -9.02208 0
      vertex -8.5715 -9.77392 0
      vertex -8.48528 -8.48528 0
    endloop
  endfacet
  facet normal 0 0 -1
    outer loop
      vertex -9.19239 -9.19239 0
      vertex -8.48528 -8.48528 0
      vertex -8.5715 -9.77392 0
    endloop
  endfacet
  facet normal -0 0 -1
    outer loop
      vertex -8.48528 -8.48528 0
      vertex -9.19239 -9.19239 0
      vertex -9.02208 -7.91215 0
    endloop
  endfacet
  facet normal 0 0 -1
    outer loop
      vertex -9.77392 -8.5715 0
      vertex -9.02208 -7.91215 0
      vertex -9.19239 -9.19239 0
    endloop
  endfacet
  facet normal -0 0 -1
    outer loop
      vertex -9.02208 -7.91215 0
      vertex -9.77392 -8.5715 0
      vertex -9.52024 -7.30514 0
    endloop
  endfacet
  facet normal 0 0 -1
    outer loop
      vertex -10.3136 -7.9139 0
      vertex -9.52024 -7.30514 0
      vertex -9.77392 -8.5715 0
    endloop
  endfacet
  facet normal -0 0 -1
    outer loop
      vertex -9.52024 -7.30514 0
      vertex -10.3136 -7.9139 0
      vertex -9.97763 -6.66684 0
    endloop
  endfacet
  facet normal 0 0 -1
    outer loop
      vertex -10.8091 -7.22241 0
      vertex -9.97763 -6.66684 0
      vertex -10.3136 -7.9139 0
    endloop
  endfacet
  facet normal -0 0 -1
    outer loop
      vertex -9.97763 -6.66684 0
      vertex -10.8091 -7.22241 0
      vertex -10.3923 -6 0
    endloop
  endfacet
  facet normal 0 0 -1
    outer loop
      vertex -11.2583 -6.5 0
      vertex -10.3923 -6 0
      vertex -10.8091 -7.22241 0
    endloop
  endfacet
  facet normal -0 0 -1
    outer loop
      vertex -10.3923 -6 0
      vertex -11.2583 -6.5 0
      vertex -10.7625 -5.30746 0
    endloop
  endfacet
  facet normal 0 0 -1
    outer loop
      vertex -11.6593 -5.74975 0
      vertex -10.7625 -5.30746 0
      vertex -11.2583 -6.5 0
    endloop
  endfacet
  facet normal -0 0 -1
    outer loop
      vertex -10.7625 -5.30746 0
      vertex -11.6593 -5.74975 0
      vertex -11.0866 -4.5922 0
    endloop
  endfacet
  facet normal 0 0 -1
    outer loop
      vertex -12.0104 -4.97488 0
      vertex -11.0866 -4.5922 0
      vertex -11.6593 -5.74975 0
    endloop
  endfacet
  facet normal -0 0 -1
    outer loop
      vertex -11.0866 -4.5922 0
      vertex -12.0104 -4.97488 0
      vertex -11.3632 -3.85727 0
    endloop
  endfacet
  facet normal 0 0 -1
    outer loop
      vertex -12.3101 -4.17871 0
      vertex -11.3632 -3.85727 0
      vertex -12.0104 -4.97488 0
    endloop
  endfacet
  facet normal -0 0 -1
    outer loop
      vertex -11.3632 -3.85727 0
      vertex -12.3101 -4.17871 0
      vertex -11.5911 -3.10583 0
    endloop
  endfacet
  facet normal 0 0 -1
    outer loop
      vertex -12.557 -3.36465 0
      vertex -11.5911 -3.10583 0
      vertex -12.3101 -4.17871 0
    endloop
  endfacet
  facet normal 0 0 -1
    outer loop
      vertex -12.7502 -2.53617 0
      vertex -11.7694 -2.34108 0
      vertex -12.557 -3.36465 0
    endloop
  endfacet
  facet normal -0 0 -1
    outer loop
      vertex -11.5911 -3.10583 0
      vertex -12.557 -3.36465 0
      vertex -11.7694 -2.34108 0
    endloop
  endfacet
  facet normal -0 0 -1
    outer loop
      vertex 12.7502 2.53617 0
      vertex 11.7694 2.34108 0
      vertex 12.557 3.36465 0
    endloop
  endfacet
  facet normal 0 0 -1
    outer loop
      vertex 11.5911 3.10583 0
      vertex 12.557 3.36465 0
      vertex 11.7694 2.34108 0
    endloop
  endfacet
  facet normal -0 0 -1
    outer loop
      vertex 12.557 3.36465 0
      vertex 11.5911 3.10583 0
      vertex 12.3101 4.17871 0
    endloop
  endfacet
  facet normal 0 0 -1
    outer loop
      vertex 11.3632 3.85727 0
      vertex 12.3101 4.17871 0
      vertex 11.5911 3.10583 0
    endloop
  endfacet
  facet normal -0 0 -1
    outer loop
      vertex 12.3101 4.17871 0
      vertex 11.3632 3.85727 0
      vertex 12.0104 4.97488 0
    endloop
  endfacet
  facet normal 0 0 -1
    outer loop
      vertex 11.0866 4.5922 0
      vertex 12.0104 4.97488 0
      vertex 11.3632 3.85727 0
    endloop
  endfacet
  facet normal -0 0 -1
    outer loop
      vertex 12.0104 4.97488 0
      vertex 11.0866 4.5922 0
      vertex 11.6593 5.74975 0
    endloop
  endfacet
  facet normal 0 0 -1
    outer loop
      vertex 10.7625 5.30746 0
      vertex 11.6593 5.74975 0
      vertex 11.0866 4.5922 0
    endloop
  endfacet
  facet normal -0 0 -1
    outer loop
      vertex 11.6593 5.74975 0
      vertex 10.7625 5.30746 0
      vertex 11.2583 6.5 0
    endloop
  endfacet
  facet normal 0 0 -1
    outer loop
      vertex 10.3923 6 0
      vertex 11.2583 6.5 0
      vertex 10.7625 5.30746 0
    endloop
  endfacet
  facet normal -0 0 -1
    outer loop
      vertex 11.2583 6.5 0
      vertex 10.3923 6 0
      vertex 10.8091 7.22241 0
    endloop
  endfacet
  facet normal 0 0 -1
    outer loop
      vertex 9.97763 6.66684 0
      vertex 10.8091 7.22241 0
      vertex 10.3923 6 0
    endloop
  endfacet
  facet normal -0 0 -1
    outer loop
      vertex 10.8091 7.22241 0
      vertex 9.97763 6.66684 0
      vertex 10.3136 7.9139 0
    endloop
  endfacet
  facet normal 0 0 -1
    outer loop
      vertex 9.52024 7.30514 0
      vertex 10.3136 7.9139 0
      vertex 9.97763 6.66684 0
    endloop
  endfacet
  facet normal -0 0 -1
    outer loop
      vertex 10.3136 7.9139 0
      vertex 9.52024 7.30514 0
      vertex 9.77392 8.5715 0
    endloop
  endfacet
  facet normal 0 0 -1
    outer loop
      vertex 9.02208 7.91215 0
      vertex 9.77392 8.5715 0
      vertex 9.52024 7.30514 0
    endloop
  endfacet
  facet normal -0 0 -1
    outer loop
      vertex 9.77392 8.5715 0
      vertex 9.02208 7.91215 0
      vertex 9.19239 9.19239 0
    endloop
  endfacet
  facet normal 0 0 -1
    outer loop
      vertex 8.48528 8.48528 0
      vertex 9.19239 9.19239 0
      vertex 9.02208 7.91215 0
    endloop
  endfacet
  facet normal -0 0 -1
    outer loop
      vertex 9.19239 9.19239 0
      vertex 8.48528 8.48528 0
      vertex 8.5715 9.77392 0
    endloop
  endfacet
  facet normal 0 0 -1
    outer loop
      vertex 7.91215 9.02208 0
      vertex 8.5715 9.77392 0
      vertex 8.48528 8.48528 0
    endloop
  endfacet
  facet normal -0 0 -1
    outer loop
      vertex 8.5715 9.77392 0
      vertex 7.91215 9.02208 0
      vertex 7.9139 10.3136 0
    endloop
  endfacet
  facet normal 0 0 -1
    outer loop
      vertex 7.30514 9.52024 0
      vertex 7.9139 10.3136 0
      vertex 7.91215 9.02208 0
    endloop
  endfacet
  facet normal 0 0 -1
    outer loop
      vertex 7.30514 9.52024 0
      vertex 7.22241 10.8091 0
      vertex 7.9139 10.3136 0
    endloop
  endfacet
  facet normal 0 0 -1
    outer loop
      vertex 6.66684 9.97763 0
      vertex 7.22241 10.8091 0
      vertex 7.30514 9.52024 0
    endloop
  endfacet
  facet normal 0 0 -1
    outer loop
      vertex 6.66684 9.97763 0
      vertex 6.5 11.2583 0
      vertex 7.22241 10.8091 0
    endloop
  endfacet
  facet normal 0 0 -1
    outer loop
      vertex 6 10.3923 0
      vertex 6.5 11.2583 0
      vertex 6.66684 9.97763 0
    endloop
  endfacet
  facet normal 0 0 -1
    outer loop
      vertex 6 10.3923 0
      vertex 5.74975 11.6593 0
      vertex 6.5 11.2583 0
    endloop
  endfacet
  facet normal 0 0 -1
    outer loop
      vertex 5.30746 10.7625 0
      vertex 5.74975 11.6593 0
      vertex 6 10.3923 0
    endloop
  endfacet
  facet normal 0 0 -1
    outer loop
      vertex 5.30746 10.7625 0
      vertex 4.97488 12.0104 0
      vertex 5.74975 11.6593 0
    endloop
  endfacet
  facet normal 0 0 -1
    outer loop
      vertex 4.5922 11.0866 0
      vertex 4.97488 12.0104 0
      vertex 5.30746 10.7625 0
    endloop
  endfacet
  facet normal 0 0 -1
    outer loop
      vertex 4.10229 11.2709 0
      vertex 4.97488 12.0104 0
      vertex 4.5922 11.0866 0
    endloop
  endfacet
  facet normal -0 0 -1
    outer loop
      vertex 4.97488 12.0104 0
      vertex 4.10229 11.2709 0
      vertex 4.17871 12.3101 0
    endloop
  endfacet
  facet normal 0 0 -1
    outer loop
      vertex 4.10229 11.2709 0
      vertex 3.36465 12.557 0
      vertex 4.17871 12.3101 0
    endloop
  endfacet
  facet normal 0 0 -1
    outer loop
      vertex 2.53617 12.7502 0
      vertex 4.10229 11.2709 0
      vertex 3.3502 9.2046 0
    endloop
  endfacet
  facet normal 0 0 -1
    outer loop
      vertex 2.88492 5.02004 0
      vertex 4.9 8.48705 0
      vertex 2.89516 5.01457 0
    endloop
  endfacet
  facet normal -0 0 -1
    outer loop
      vertex 4.9 8.48705 0
      vertex 2.88492 5.02004 0
      vertex 4.33443 8.78935 0
    endloop
  endfacet
  facet normal 0 0 -1
    outer loop
      vertex 2.56099 5.19318 0
      vertex 4.33443 8.78935 0
      vertex 2.88492 5.02004 0
    endloop
  endfacet
  facet normal 0 0 -1
    outer loop
      vertex 2.55042 5.19797 0
      vertex 4.33443 8.78935 0
      vertex 2.56099 5.19318 0
    endloop
  endfacet
  facet normal -0 0 -1
    outer loop
      vertex 4.33443 8.78935 0
      vertex 2.55042 5.19797 0
      vertex 3.7503 9.05402 0
    endloop
  endfacet
  facet normal 0 0 -1
    outer loop
      vertex 2.21586 5.34956 0
      vertex 3.7503 9.05402 0
      vertex 2.55042 5.19797 0
    endloop
  endfacet
  facet normal 0 0 -1
    outer loop
      vertex 2.20499 5.35365 0
      vertex 3.7503 9.05402 0
      vertex 2.21586 5.34956 0
    endloop
  endfacet
  facet normal -0 0 -1
    outer loop
      vertex 3.7503 9.05402 0
      vertex 2.20499 5.35365 0
      vertex 3.3502 9.2046 0
    endloop
  endfacet
  facet normal 0 -0 -1
    outer loop
      vertex 2.53617 12.7502 0
      vertex 3.3502 9.2046 0
      vertex 0 9.8 0
    endloop
  endfacet
  facet normal 0 0 -1
    outer loop
      vertex 1.86124 5.48303 0
      vertex 3.3502 9.2046 0
      vertex 2.20499 5.35365 0
    endloop
  endfacet
  facet normal 0 0 -1
    outer loop
      vertex 1.50976 5.58965 0
      vertex 3.3502 9.2046 0
      vertex 1.86124 5.48303 0
    endloop
  endfacet
  facet normal 0 0 -1
    outer loop
      vertex 4.10229 11.2709 0
      vertex 2.53617 12.7502 0
      vertex 3.36465 12.557 0
    endloop
  endfacet
  facet normal 0 0 -1
    outer loop
      vertex 1.49865 5.59302 0
      vertex 3.3502 9.2046 0
      vertex 1.50976 5.58965 0
    endloop
  endfacet
  facet normal 0 0 -1
    outer loop
      vertex 1.48734 5.59566 0
      vertex 3.3502 9.2046 0
      vertex 1.49865 5.59302 0
    endloop
  endfacet
  facet normal 0 0 -1
    outer loop
      vertex 1.12964 5.67906 0
      vertex 3.3502 9.2046 0
      vertex 1.48734 5.59566 0
    endloop
  endfacet
  facet normal 0 0 -1
    outer loop
      vertex 1.11818 5.68095 0
      vertex 3.3502 9.2046 0
      vertex 1.12964 5.67906 0
    endloop
  endfacet
  facet normal -0 0 -1
    outer loop
      vertex 3.3502 9.2046 0
      vertex 1.11818 5.68095 0
      vertex 0 9.8 0
    endloop
  endfacet
  facet normal -0 0 -1
    outer loop
      vertex 2.53617 12.7502 0
      vertex 0 9.8 0
      vertex 1.69684 12.8888 0
    endloop
  endfacet
  facet normal 0 0 -1
    outer loop
      vertex 0 9.8 0
      vertex 1.11818 5.68095 0
      vertex 0.755788 5.74078 0
    endloop
  endfacet
  facet normal 0 0 -1
    outer loop
      vertex 0 9.8 0
      vertex 0.755788 5.74078 0
      vertex 0.390259 5.77679 0
    endloop
  endfacet
  facet normal 0 0 -1
    outer loop
      vertex 0 9.8 0
      vertex 0.390259 5.77679 0
      vertex 0.378704 5.77792 0
    endloop
  endfacet
  facet normal 0 0 -1
    outer loop
      vertex 0 9.8 0
      vertex 0.378704 5.77792 0
      vertex 0.3671 5.7783 0
    endloop
  endfacet
  facet normal 0 0 -1
    outer loop
      vertex 0 9.8 0
      vertex 0.3671 5.7783 0
      vertex 0 5.79032 0
    endloop
  endfacet
  facet normal 0 0 -1
    outer loop
      vertex 0 12 0
      vertex 1.69684 12.8888 0
      vertex 0 9.8 0
    endloop
  endfacet
  facet normal -0 0 -1
    outer loop
      vertex 1.69684 12.8888 0
      vertex 0 12 0
      vertex 0.85024 12.9722 0
    endloop
  endfacet
  facet normal 0 0 -1
    outer loop
      vertex 0 12 0
      vertex 0 13 0
      vertex 0.85024 12.9722 0
    endloop
  endfacet
  facet normal 0 0 -1
    outer loop
      vertex -0.784837 11.9743 0
      vertex 0 13 0
      vertex 0 12 0
    endloop
  endfacet
  facet normal 0 0 -1
    outer loop
      vertex -0.784837 11.9743 0
      vertex -0.85024 12.9722 0
      vertex 0 13 0
    endloop
  endfacet
  facet normal 0 0 -1
    outer loop
      vertex -1.56631 11.8973 0
      vertex -0.85024 12.9722 0
      vertex -0.784837 11.9743 0
    endloop
  endfacet
  facet normal 0 0 -1
    outer loop
      vertex -1.56631 11.8973 0
      vertex -1.69684 12.8888 0
      vertex -0.85024 12.9722 0
    endloop
  endfacet
  facet normal 0 0 -1
    outer loop
      vertex -2.34108 11.7694 0
      vertex -1.69684 12.8888 0
      vertex -1.56631 11.8973 0
    endloop
  endfacet
  facet normal 0 0 -1
    outer loop
      vertex -2.34108 11.7694 0
      vertex -2.53617 12.7502 0
      vertex -1.69684 12.8888 0
    endloop
  endfacet
  facet normal 0 0 -1
    outer loop
      vertex -3.10583 11.5911 0
      vertex -2.53617 12.7502 0
      vertex -2.34108 11.7694 0
    endloop
  endfacet
  facet normal 0 0 -1
    outer loop
      vertex -3.10583 11.5911 0
      vertex -3.36465 12.557 0
      vertex -2.53617 12.7502 0
    endloop
  endfacet
  facet normal 0 0 -1
    outer loop
      vertex -3.85727 11.3632 0
      vertex -3.36465 12.557 0
      vertex -3.10583 11.5911 0
    endloop
  endfacet
  facet normal 0 0 -1
    outer loop
      vertex -3.85727 11.3632 0
      vertex -4.17871 12.3101 0
      vertex -3.36465 12.557 0
    endloop
  endfacet
  facet normal 0 0 -1
    outer loop
      vertex -4.5922 11.0866 0
      vertex -4.17871 12.3101 0
      vertex -3.85727 11.3632 0
    endloop
  endfacet
  facet normal 0 0 -1
    outer loop
      vertex -4.5922 11.0866 0
      vertex -4.97488 12.0104 0
      vertex -4.17871 12.3101 0
    endloop
  endfacet
  facet normal 0 0 -1
    outer loop
      vertex -5.30746 10.7625 0
      vertex -4.97488 12.0104 0
      vertex -4.5922 11.0866 0
    endloop
  endfacet
  facet normal 0 0 -1
    outer loop
      vertex -5.30746 10.7625 0
      vertex -5.74975 11.6593 0
      vertex -4.97488 12.0104 0
    endloop
  endfacet
  facet normal 0 0 -1
    outer loop
      vertex -6 10.3923 0
      vertex -5.74975 11.6593 0
      vertex -5.30746 10.7625 0
    endloop
  endfacet
  facet normal 0 0 -1
    outer loop
      vertex -6 10.3923 0
      vertex -6.5 11.2583 0
      vertex -5.74975 11.6593 0
    endloop
  endfacet
  facet normal 0 0 -1
    outer loop
      vertex -6.66684 9.97763 0
      vertex -6.5 11.2583 0
      vertex -6 10.3923 0
    endloop
  endfacet
  facet normal 0 0 -1
    outer loop
      vertex -6.66684 9.97763 0
      vertex -7.22241 10.8091 0
      vertex -6.5 11.2583 0
    endloop
  endfacet
  facet normal 0 0 -1
    outer loop
      vertex -7.30514 9.52024 0
      vertex -7.22241 10.8091 0
      vertex -6.66684 9.97763 0
    endloop
  endfacet
  facet normal 0 0 -1
    outer loop
      vertex -7.9139 10.3136 0
      vertex -7.30514 9.52024 0
      vertex -7.91215 9.02208 0
    endloop
  endfacet
  facet normal 0 0 -1
    outer loop
      vertex -7.30514 9.52024 0
      vertex -7.9139 10.3136 0
      vertex -7.22241 10.8091 0
    endloop
  endfacet
  facet normal 0 0 -1
    outer loop
      vertex -8.5715 9.77392 0
      vertex -7.91215 9.02208 0
      vertex -8.48528 8.48528 0
    endloop
  endfacet
  facet normal 0 0 -1
    outer loop
      vertex -7.91215 9.02208 0
      vertex -8.5715 9.77392 0
      vertex -7.9139 10.3136 0
    endloop
  endfacet
  facet normal 0 0 -1
    outer loop
      vertex -9.19239 9.19239 0
      vertex -8.48528 8.48528 0
      vertex -9.02208 7.91215 0
    endloop
  endfacet
  facet normal 0 0 -1
    outer loop
      vertex -8.48528 8.48528 0
      vertex -9.19239 9.19239 0
      vertex -8.5715 9.77392 0
    endloop
  endfacet
  facet normal 0 0 -1
    outer loop
      vertex -9.77392 8.5715 0
      vertex -9.02208 7.91215 0
      vertex -9.52024 7.30514 0
    endloop
  endfacet
  facet normal 0 0 -1
    outer loop
      vertex -9.02208 7.91215 0
      vertex -9.77392 8.5715 0
      vertex -9.19239 9.19239 0
    endloop
  endfacet
  facet normal 0 0 -1
    outer loop
      vertex -10.3136 7.9139 0
      vertex -9.52024 7.30514 0
      vertex -9.97763 6.66684 0
    endloop
  endfacet
  facet normal 0 0 -1
    outer loop
      vertex -9.52024 7.30514 0
      vertex -10.3136 7.9139 0
      vertex -9.77392 8.5715 0
    endloop
  endfacet
  facet normal 0 0 -1
    outer loop
      vertex -10.8091 7.22241 0
      vertex -9.97763 6.66684 0
      vertex -10.3923 6 0
    endloop
  endfacet
  facet normal 0 0 -1
    outer loop
      vertex -11.2583 6.5 0
      vertex -10.3923 6 0
      vertex -10.7625 5.30746 0
    endloop
  endfacet
  facet normal 0 0 -1
    outer loop
      vertex -9.97763 6.66684 0
      vertex -10.8091 7.22241 0
      vertex -10.3136 7.9139 0
    endloop
  endfacet
  facet normal 0 0 -1
    outer loop
      vertex -11.6593 5.74975 0
      vertex -10.7625 5.30746 0
      vertex -11.0866 4.5922 0
    endloop
  endfacet
  facet normal 0 0 -1
    outer loop
      vertex -10.3923 6 0
      vertex -11.2583 6.5 0
      vertex -10.8091 7.22241 0
    endloop
  endfacet
  facet normal 0 0 -1
    outer loop
      vertex -12.0104 4.97488 0
      vertex -11.0866 4.5922 0
      vertex -11.3632 3.85727 0
    endloop
  endfacet
  facet normal 0 0 -1
    outer loop
      vertex -12.3101 4.17871 0
      vertex -11.3632 3.85727 0
      vertex -11.5911 3.10583 0
    endloop
  endfacet
  facet normal 0 0 -1
    outer loop
      vertex -10.7625 5.30746 0
      vertex -11.6593 5.74975 0
      vertex -11.2583 6.5 0
    endloop
  endfacet
  facet normal 0 0 -1
    outer loop
      vertex -12.557 3.36465 0
      vertex -11.5911 3.10583 0
      vertex -11.7694 2.34108 0
    endloop
  endfacet
  facet normal 0 0 -1
    outer loop
      vertex -12.7502 2.53617 0
      vertex -11.7694 2.34108 0
      vertex -11.8973 1.56631 0
    endloop
  endfacet
  facet normal 0 0 -1
    outer loop
      vertex -12.8888 1.69684 0
      vertex -11.8973 1.56631 0
      vertex -11.9743 0.784837 0
    endloop
  endfacet
  facet normal 0 0 -1
    outer loop
      vertex -11.0866 4.5922 0
      vertex -12.0104 4.97488 0
      vertex -11.6593 5.74975 0
    endloop
  endfacet
  facet normal 0 0 -1
    outer loop
      vertex -12.9722 0.85024 0
      vertex -11.9743 0.784837 0
      vertex -12 0 0
    endloop
  endfacet
  facet normal -0 0 -1
    outer loop
      vertex -11.7694 -2.34108 0
      vertex -12.7502 -2.53617 0
      vertex -11.8973 -1.56631 0
    endloop
  endfacet
  facet normal 0 0 -1
    outer loop
      vertex -12.8888 -1.69684 0
      vertex -11.8973 -1.56631 0
      vertex -12.7502 -2.53617 0
    endloop
  endfacet
  facet normal 0 0 -1
    outer loop
      vertex -11.3632 3.85727 0
      vertex -12.3101 4.17871 0
      vertex -12.0104 4.97488 0
    endloop
  endfacet
  facet normal -0 0 -1
    outer loop
      vertex -11.8973 -1.56631 0
      vertex -12.8888 -1.69684 0
      vertex -11.9743 -0.784837 0
    endloop
  endfacet
  facet normal 0 0 -1
    outer loop
      vertex -11.5911 3.10583 0
      vertex -12.557 3.36465 0
      vertex -12.3101 4.17871 0
    endloop
  endfacet
  facet normal 0 0 -1
    outer loop
      vertex -12.9722 -0.85024 0
      vertex -11.9743 -0.784837 0
      vertex -12.8888 -1.69684 0
    endloop
  endfacet
  facet normal 0 0 -1
    outer loop
      vertex -11.7694 2.34108 0
      vertex -12.7502 2.53617 0
      vertex -12.557 3.36465 0
    endloop
  endfacet
  facet normal -0 0 -1
    outer loop
      vertex -11.9743 -0.784837 0
      vertex -12.9722 -0.85024 0
      vertex -12 0 0
    endloop
  endfacet
  facet normal 0 0 -1
    outer loop
      vertex -11.8973 1.56631 0
      vertex -12.8888 1.69684 0
      vertex -12.7502 2.53617 0
    endloop
  endfacet
  facet normal 0 0 -1
    outer loop
      vertex -13 0 0
      vertex -12 0 0
      vertex -12.9722 -0.85024 0
    endloop
  endfacet
  facet normal 0 0 -1
    outer loop
      vertex -11.9743 0.784837 0
      vertex -12.9722 0.85024 0
      vertex -12.8888 1.69684 0
    endloop
  endfacet
  facet normal 0 0 -1
    outer loop
      vertex -12 0 0
      vertex -13 0 0
      vertex -12.9722 0.85024 0
    endloop
  endfacet
  facet normal 0 0 -1
    outer loop
      vertex -0.3671 5.7783 0
      vertex 0 9.8 0
      vertex 0 5.79032 0
    endloop
  endfacet
  facet normal 0 0 -1
    outer loop
      vertex -0.64095 9.77902 0
      vertex -0.3671 5.7783 0
      vertex -0.378704 5.77792 0
    endloop
  endfacet
  facet normal 0 0 -1
    outer loop
      vertex -0.64095 9.77902 0
      vertex -0.378704 5.77792 0
      vertex -0.390259 5.77679 0
    endloop
  endfacet
  facet normal 0 0 -1
    outer loop
      vertex -0.3671 5.7783 0
      vertex -0.64095 9.77902 0
      vertex 0 9.8 0
    endloop
  endfacet
  facet normal 0 0 -1
    outer loop
      vertex -0.755788 5.74078 0
      vertex -0.64095 9.77902 0
      vertex -0.390259 5.77679 0
    endloop
  endfacet
  facet normal 0 0 -1
    outer loop
      vertex -1.27916 9.71616 0
      vertex -0.755788 5.74078 0
      vertex -1.11818 5.68095 0
    endloop
  endfacet
  facet normal 0 0 -1
    outer loop
      vertex -1.91188 9.6117 0
      vertex -1.11818 5.68095 0
      vertex -1.12964 5.67906 0
    endloop
  endfacet
  facet normal 0 0 -1
    outer loop
      vertex -0.755788 5.74078 0
      vertex -1.27916 9.71616 0
      vertex -0.64095 9.77902 0
    endloop
  endfacet
  facet normal 0 0 -1
    outer loop
      vertex -1.91188 9.6117 0
      vertex -1.12964 5.67906 0
      vertex -1.48734 5.59566 0
    endloop
  endfacet
  facet normal 0 0 -1
    outer loop
      vertex -2.53643 9.46607 0
      vertex -1.48734 5.59566 0
      vertex -1.49865 5.59302 0
    endloop
  endfacet
  facet normal 0 0 -1
    outer loop
      vertex -2.53643 9.46607 0
      vertex -1.49865 5.59302 0
      vertex -1.50976 5.58965 0
    endloop
  endfacet
  facet normal 0 0 -1
    outer loop
      vertex -2.53643 9.46607 0
      vertex -1.50976 5.58965 0
      vertex -1.86124 5.48303 0
    endloop
  endfacet
  facet normal 0 0 -1
    outer loop
      vertex -1.11818 5.68095 0
      vertex -1.91188 9.6117 0
      vertex -1.27916 9.71616 0
    endloop
  endfacet
  facet normal 0 0 -1
    outer loop
      vertex -3.15011 9.27991 0
      vertex -1.86124 5.48303 0
      vertex -2.20499 5.35365 0
    endloop
  endfacet
  facet normal 0 0 -1
    outer loop
      vertex -3.7503 9.05402 0
      vertex -2.20499 5.35365 0
      vertex -2.21586 5.34956 0
    endloop
  endfacet
  facet normal 0 0 -1
    outer loop
      vertex -1.48734 5.59566 0
      vertex -2.53643 9.46607 0
      vertex -1.91188 9.6117 0
    endloop
  endfacet
  facet normal 0 0 -1
    outer loop
      vertex -3.7503 9.05402 0
      vertex -2.21586 5.34956 0
      vertex -2.55042 5.19797 0
    endloop
  endfacet
  facet normal 0 0 -1
    outer loop
      vertex -4.33443 8.78935 0
      vertex -2.55042 5.19797 0
      vertex -2.56099 5.19318 0
    endloop
  endfacet
  facet normal 0 0 -1
    outer loop
      vertex -4.33443 8.78935 0
      vertex -2.56099 5.19318 0
      vertex -2.88492 5.02004 0
    endloop
  endfacet
  facet normal 0 0 -1
    outer loop
      vertex -4.9 8.48705 0
      vertex -2.88492 5.02004 0
      vertex -2.89516 5.01457 0
    endloop
  endfacet
  facet normal 0 0 -1
    outer loop
      vertex -1.86124 5.48303 0
      vertex -3.15011 9.27991 0
      vertex -2.53643 9.46607 0
    endloop
  endfacet
  facet normal 0 0 -1
    outer loop
      vertex -4.9 8.48705 0
      vertex -2.89516 5.01457 0
      vertex -3.20707 4.82061 0
    endloop
  endfacet
  facet normal 0 0 -1
    outer loop
      vertex -5.44459 8.1484 0
      vertex -3.20707 4.82061 0
      vertex -3.21693 4.81448 0
    endloop
  endfacet
  facet normal 0 0 -1
    outer loop
      vertex -5.44459 8.1484 0
      vertex -3.21693 4.81448 0
      vertex -3.22637 4.80771 0
    endloop
  endfacet
  facet normal 0 0 -1
    outer loop
      vertex -5.44459 8.1484 0
      vertex -3.22637 4.80771 0
      vertex -3.52492 4.59377 0
    endloop
  endfacet
  facet normal 0 0 -1
    outer loop
      vertex -5.96586 7.77486 0
      vertex -3.52492 4.59377 0
      vertex -3.5339 4.58641 0
    endloop
  endfacet
  facet normal 0 0 -1
    outer loop
      vertex -2.20499 5.35365 0
      vertex -3.7503 9.05402 0
      vertex -3.15011 9.27991 0
    endloop
  endfacet
  facet normal 0 0 -1
    outer loop
      vertex -5.96586 7.77486 0
      vertex -3.5339 4.58641 0
      vertex -3.81782 4.35339 0
    endloop
  endfacet
  facet normal 0 0 -1
    outer loop
      vertex -6.46159 7.36803 0
      vertex -3.81782 4.35339 0
      vertex -4.0859 4.10231 0
    endloop
  endfacet
  facet normal 0 0 -1
    outer loop
      vertex -6.92965 6.92965 0
      vertex -4.0859 4.10231 0
      vertex -4.09438 4.09438 0
    endloop
  endfacet
  facet normal 0 0 -1
    outer loop
      vertex -6.92965 6.92965 0
      vertex -4.09438 4.09438 0
      vertex -4.10231 4.0859 0
    endloop
  endfacet
  facet normal 0 0 -1
    outer loop
      vertex -2.55042 5.19797 0
      vertex -4.33443 8.78935 0
      vertex -3.7503 9.05402 0
    endloop
  endfacet
  facet normal 0 0 -1
    outer loop
      vertex -6.92965 6.92965 0
      vertex -4.10231 4.0859 0
      vertex -4.35339 3.81782 0
    endloop
  endfacet
  facet normal 0 0 -1
    outer loop
      vertex -7.36803 6.46159 0
      vertex -4.35339 3.81782 0
      vertex -4.58641 3.5339 0
    endloop
  endfacet
  facet normal 0 0 -1
    outer loop
      vertex -7.77486 5.96586 0
      vertex -4.58641 3.5339 0
      vertex -4.59377 3.52492 0
    endloop
  endfacet
  facet normal 0 0 -1
    outer loop
      vertex -7.77486 5.96586 0
      vertex -4.59377 3.52492 0
      vertex -4.80771 3.22637 0
    endloop
  endfacet
  facet normal 0 0 -1
    outer loop
      vertex -8.1484 5.44459 0
      vertex -4.80771 3.22637 0
      vertex -4.81448 3.21693 0
    endloop
  endfacet
  facet normal 0 0 -1
    outer loop
      vertex -8.1484 5.44459 0
      vertex -4.81448 3.21693 0
      vertex -4.82061 3.20707 0
    endloop
  endfacet
  facet normal 0 0 -1
    outer loop
      vertex -2.88492 5.02004 0
      vertex -4.9 8.48705 0
      vertex -4.33443 8.78935 0
    endloop
  endfacet
  facet normal 0 0 -1
    outer loop
      vertex -8.1484 5.44459 0
      vertex -4.82061 3.20707 0
      vertex -5.01457 2.89516 0
    endloop
  endfacet
  facet normal 0 0 -1
    outer loop
      vertex -8.48705 4.9 0
      vertex -5.01457 2.89516 0
      vertex -5.02004 2.88492 0
    endloop
  endfacet
  facet normal 0 0 -1
    outer loop
      vertex -8.48705 4.9 0
      vertex -5.02004 2.88492 0
      vertex -5.19318 2.56099 0
    endloop
  endfacet
  facet normal 0 0 -1
    outer loop
      vertex -8.78935 4.33443 0
      vertex -5.19318 2.56099 0
      vertex -5.19797 2.55042 0
    endloop
  endfacet
  facet normal 0 0 -1
    outer loop
      vertex -8.78935 4.33443 0
      vertex -5.19797 2.55042 0
      vertex -5.34956 2.21586 0
    endloop
  endfacet
  facet normal 0 0 -1
    outer loop
      vertex -9.05402 3.7503 0
      vertex -5.34956 2.21586 0
      vertex -5.35365 2.20499 0
    endloop
  endfacet
  facet normal 0 0 -1
    outer loop
      vertex -3.20707 4.82061 0
      vertex -5.44459 8.1484 0
      vertex -4.9 8.48705 0
    endloop
  endfacet
  facet normal 0 0 -1
    outer loop
      vertex -9.05402 3.7503 0
      vertex -5.35365 2.20499 0
      vertex -5.48303 1.86124 0
    endloop
  endfacet
  facet normal 0 0 -1
    outer loop
      vertex -9.27991 3.15011 0
      vertex -5.48303 1.86124 0
      vertex -5.58965 1.50976 0
    endloop
  endfacet
  facet normal 0 0 -1
    outer loop
      vertex -9.46607 2.53643 0
      vertex -5.58965 1.50976 0
      vertex -5.59302 1.49865 0
    endloop
  endfacet
  facet normal 0 0 -1
    outer loop
      vertex -9.46607 2.53643 0
      vertex -5.59302 1.49865 0
      vertex -5.59566 1.48734 0
    endloop
  endfacet
  facet normal 0 0 -1
    outer loop
      vertex -9.46607 2.53643 0
      vertex -5.59566 1.48734 0
      vertex -5.67906 1.12964 0
    endloop
  endfacet
  facet normal 0 0 -1
    outer loop
      vertex -9.6117 1.91188 0
      vertex -5.67906 1.12964 0
      vertex -5.68095 1.11818 0
    endloop
  endfacet
  facet normal 0 0 -1
    outer loop
      vertex -9.6117 1.91188 0
      vertex -5.68095 1.11818 0
      vertex -5.74078 0.755788 0
    endloop
  endfacet
  facet normal 0 0 -1
    outer loop
      vertex -9.71616 1.27916 0
      vertex -5.74078 0.755788 0
      vertex -5.77679 0.390259 0
    endloop
  endfacet
  facet normal 0 0 -1
    outer loop
      vertex -9.77902 0.64095 0
      vertex -5.77679 0.390259 0
      vertex -5.77792 0.378704 0
    endloop
  endfacet
  facet normal 0 0 -1
    outer loop
      vertex -3.52492 4.59377 0
      vertex -5.96586 7.77486 0
      vertex -5.44459 8.1484 0
    endloop
  endfacet
  facet normal 0 0 -1
    outer loop
      vertex -9.77902 0.64095 0
      vertex -5.77792 0.378704 0
      vertex -5.7783 0.3671 0
    endloop
  endfacet
  facet normal 0 0 -1
    outer loop
      vertex -9.77902 0.64095 0
      vertex -5.7783 0.3671 0
      vertex -5.79032 0 0
    endloop
  endfacet
  facet normal 0 0 -1
    outer loop
      vertex -9.46607 -2.53643 0
      vertex -5.58965 -1.50976 0
      vertex -9.27991 -3.15011 0
    endloop
  endfacet
  facet normal -0 0 -1
    outer loop
      vertex -5.58965 -1.50976 0
      vertex -9.46607 -2.53643 0
      vertex -5.59302 -1.49865 0
    endloop
  endfacet
  facet normal 0 0 -1
    outer loop
      vertex -3.81782 4.35339 0
      vertex -6.46159 7.36803 0
      vertex -5.96586 7.77486 0
    endloop
  endfacet
  facet normal -0 0 -1
    outer loop
      vertex -5.59302 -1.49865 0
      vertex -9.46607 -2.53643 0
      vertex -5.59566 -1.48734 0
    endloop
  endfacet
  facet normal 0 0 -1
    outer loop
      vertex -4.0859 4.10231 0
      vertex -6.92965 6.92965 0
      vertex -6.46159 7.36803 0
    endloop
  endfacet
  facet normal -0 0 -1
    outer loop
      vertex -5.59566 -1.48734 0
      vertex -9.46607 -2.53643 0
      vertex -5.67906 -1.12964 0
    endloop
  endfacet
  facet normal 0 0 -1
    outer loop
      vertex -4.35339 3.81782 0
      vertex -7.36803 6.46159 0
      vertex -6.92965 6.92965 0
    endloop
  endfacet
  facet normal 0 0 -1
    outer loop
      vertex -9.6117 -1.91188 0
      vertex -5.67906 -1.12964 0
      vertex -9.46607 -2.53643 0
    endloop
  endfacet
  facet normal 0 0 -1
    outer loop
      vertex -4.58641 3.5339 0
      vertex -7.77486 5.96586 0
      vertex -7.36803 6.46159 0
    endloop
  endfacet
  facet normal -0 0 -1
    outer loop
      vertex -5.67906 -1.12964 0
      vertex -9.6117 -1.91188 0
      vertex -5.68095 -1.11818 0
    endloop
  endfacet
  facet normal 0 0 -1
    outer loop
      vertex -4.80771 3.22637 0
      vertex -8.1484 5.44459 0
      vertex -7.77486 5.96586 0
    endloop
  endfacet
  facet normal -0 0 -1
    outer loop
      vertex -5.68095 -1.11818 0
      vertex -9.6117 -1.91188 0
      vertex -5.74078 -0.755788 0
    endloop
  endfacet
  facet normal 0 0 -1
    outer loop
      vertex -5.01457 2.89516 0
      vertex -8.48705 4.9 0
      vertex -8.1484 5.44459 0
    endloop
  endfacet
  facet normal 0 0 -1
    outer loop
      vertex -9.71616 -1.27916 0
      vertex -5.74078 -0.755788 0
      vertex -9.6117 -1.91188 0
    endloop
  endfacet
  facet normal 0 0 -1
    outer loop
      vertex -5.19318 2.56099 0
      vertex -8.78935 4.33443 0
      vertex -8.48705 4.9 0
    endloop
  endfacet
  facet normal -0 0 -1
    outer loop
      vertex -5.74078 -0.755788 0
      vertex -9.71616 -1.27916 0
      vertex -5.77679 -0.390259 0
    endloop
  endfacet
  facet normal 0 0 -1
    outer loop
      vertex -5.34956 2.21586 0
      vertex -9.05402 3.7503 0
      vertex -8.78935 4.33443 0
    endloop
  endfacet
  facet normal 0 0 -1
    outer loop
      vertex -9.77902 -0.64095 0
      vertex -5.77679 -0.390259 0
      vertex -9.71616 -1.27916 0
    endloop
  endfacet
  facet normal 0 0 -1
    outer loop
      vertex -5.48303 1.86124 0
      vertex -9.27991 3.15011 0
      vertex -9.05402 3.7503 0
    endloop
  endfacet
  facet normal -0 0 -1
    outer loop
      vertex -5.77679 -0.390259 0
      vertex -9.77902 -0.64095 0
      vertex -5.77792 -0.378704 0
    endloop
  endfacet
  facet normal 0 0 -1
    outer loop
      vertex -5.58965 1.50976 0
      vertex -9.46607 2.53643 0
      vertex -9.27991 3.15011 0
    endloop
  endfacet
  facet normal -0 0 -1
    outer loop
      vertex -5.77792 -0.378704 0
      vertex -9.77902 -0.64095 0
      vertex -5.7783 -0.3671 0
    endloop
  endfacet
  facet normal 0 0 -1
    outer loop
      vertex -5.67906 1.12964 0
      vertex -9.6117 1.91188 0
      vertex -9.46607 2.53643 0
    endloop
  endfacet
  facet normal -0 0 -1
    outer loop
      vertex -5.7783 -0.3671 0
      vertex -9.77902 -0.64095 0
      vertex -5.79032 0 0
    endloop
  endfacet
  facet normal 0 0 -1
    outer loop
      vertex -5.74078 0.755788 0
      vertex -9.71616 1.27916 0
      vertex -9.6117 1.91188 0
    endloop
  endfacet
  facet normal 0 0 -1
    outer loop
      vertex -9.8 0 0
      vertex -5.79032 0 0
      vertex -9.77902 -0.64095 0
    endloop
  endfacet
  facet normal 0 0 -1
    outer loop
      vertex -5.77679 0.390259 0
      vertex -9.77902 0.64095 0
      vertex -9.71616 1.27916 0
    endloop
  endfacet
  facet normal 0 0 -1
    outer loop
      vertex -5.79032 0 0
      vertex -9.8 0 0
      vertex -9.77902 0.64095 0
    endloop
  endfacet
  facet normal -0.995183 -0.0980371 0
    outer loop
      vertex -12.8888 -1.69684 0
      vertex -12.9722 -0.85024 1.2
      vertex -12.9722 -0.85024 0
    endloop
  endfacet
  facet normal -0.995183 -0.0980371 0
    outer loop
      vertex -12.9722 -0.85024 1.2
      vertex -12.8888 -1.69684 0
      vertex -12.8888 -1.69684 1.2
    endloop
  endfacet
  facet normal -0.849215 -0.528048 0
    outer loop
      vertex -10.8091 -7.22241 0
      vertex -11.2583 -6.5 1.2
      vertex -11.2583 -6.5 0
    endloop
  endfacet
  facet normal -0.849215 -0.528048 0
    outer loop
      vertex -11.2583 -6.5 1.2
      vertex -10.8091 -7.22241 0
      vertex -10.8091 -7.22241 1.2
    endloop
  endfacet
  facet normal -0.471381 -0.88193 0
    outer loop
      vertex -6.5 -11.2583 0
      vertex -5.74975 -11.6593 1.2
      vertex -6.5 -11.2583 1.2
    endloop
  endfacet
  facet normal -0.471381 -0.88193 -0
    outer loop
      vertex -5.74975 -11.6593 1.2
      vertex -6.5 -11.2583 0
      vertex -5.74975 -11.6593 0
    endloop
  endfacet
  facet normal 0.97387 0.227105 0
    outer loop
      vertex 12.7502 2.53617 1.2
      vertex 12.557 3.36465 0
      vertex 12.557 3.36465 1.2
    endloop
  endfacet
  facet normal 0.97387 0.227105 0
    outer loop
      vertex 12.557 3.36465 0
      vertex 12.7502 2.53617 1.2
      vertex 12.7502 2.53617 0
    endloop
  endfacet
  facet normal 0.227105 0.97387 -0
    outer loop
      vertex 3.36465 12.557 0
      vertex 2.53617 12.7502 1.2
      vertex 3.36465 12.557 1.2
    endloop
  endfacet
  facet normal 0.227105 0.97387 0
    outer loop
      vertex 2.53617 12.7502 1.2
      vertex 3.36465 12.557 0
      vertex 2.53617 12.7502 0
    endloop
  endfacet
  facet normal 0.412718 0.910859 -0
    outer loop
      vertex 5.74975 11.6593 0
      vertex 4.97488 12.0104 1.2
      vertex 5.74975 11.6593 1.2
    endloop
  endfacet
  facet normal 0.412718 0.910859 0
    outer loop
      vertex 4.97488 12.0104 1.2
      vertex 5.74975 11.6593 0
      vertex 4.97488 12.0104 0
    endloop
  endfacet
  facet normal 0.729862 0.683594 0
    outer loop
      vertex 9.77392 8.5715 1.2
      vertex 9.19239 9.19239 0
      vertex 9.19239 9.19239 1.2
    endloop
  endfacet
  facet normal 0.729862 0.683594 0
    outer loop
      vertex 9.19239 9.19239 0
      vertex 9.77392 8.5715 1.2
      vertex 9.77392 8.5715 0
    endloop
  endfacet
  facet normal 0.528048 0.849215 -0
    outer loop
      vertex 7.22241 10.8091 0
      vertex 6.5 11.2583 1.2
      vertex 7.22241 10.8091 1.2
    endloop
  endfacet
  facet normal 0.528048 0.849215 0
    outer loop
      vertex 6.5 11.2583 1.2
      vertex 7.22241 10.8091 0
      vertex 6.5 11.2583 0
    endloop
  endfacet
  facet normal 0.935889 0.352294 0
    outer loop
      vertex 12.3101 4.17871 1.2
      vertex 12.0104 4.97488 0
      vertex 12.0104 4.97488 1.2
    endloop
  endfacet
  facet normal 0.935889 0.352294 0
    outer loop
      vertex 12.0104 4.97488 0
      vertex 12.3101 4.17871 1.2
      vertex 12.3101 4.17871 0
    endloop
  endfacet
  facet normal -0.634394 0.77301 0
    outer loop
      vertex -7.9139 10.3136 0
      vertex -8.5715 9.77392 1.2
      vertex -7.9139 10.3136 1.2
    endloop
  endfacet
  facet normal -0.634394 0.77301 0
    outer loop
      vertex -8.5715 9.77392 1.2
      vertex -7.9139 10.3136 0
      vertex -8.5715 9.77392 0
    endloop
  endfacet
  facet normal -0.935889 0.352294 0
    outer loop
      vertex -12.3101 4.17871 0
      vertex -12.0104 4.97488 1.2
      vertex -12.0104 4.97488 0
    endloop
  endfacet
  facet normal -0.935889 0.352294 0
    outer loop
      vertex -12.0104 4.97488 1.2
      vertex -12.3101 4.17871 0
      vertex -12.3101 4.17871 1.2
    endloop
  endfacet
  facet normal -0.729862 0.683594 0
    outer loop
      vertex -9.77392 8.5715 0
      vertex -9.19239 9.19239 1.2
      vertex -9.19239 9.19239 0
    endloop
  endfacet
  facet normal -0.729862 0.683594 0
    outer loop
      vertex -9.19239 9.19239 1.2
      vertex -9.77392 8.5715 0
      vertex -9.77392 8.5715 1.2
    endloop
  endfacet
  facet normal 0.999464 0.0327281 0
    outer loop
      vertex -11.9743 -0.784837 1.2
      vertex -12 0 0
      vertex -12 0 1.2
    endloop
  endfacet
  facet normal 0.999464 0.0327281 0
    outer loop
      vertex -12 0 0
      vertex -11.9743 -0.784837 1.2
      vertex -11.9743 -0.784837 0
    endloop
  endfacet
  facet normal -0.999465 -0.0327151 0
    outer loop
      vertex -9.77902 -0.64095 0
      vertex -9.8 0 1.2
      vertex -9.8 0 0
    endloop
  endfacet
  facet normal -0.999465 -0.0327151 0
    outer loop
      vertex -9.8 0 1.2
      vertex -9.77902 -0.64095 0
      vertex -9.77902 -0.64095 1.2
    endloop
  endfacet
  facet normal 0.995181 0.098057 0
    outer loop
      vertex -11.8973 -1.56631 1.2
      vertex -11.9743 -0.784837 0
      vertex -11.9743 -0.784837 1.2
    endloop
  endfacet
  facet normal 0.995181 0.098057 0
    outer loop
      vertex -11.9743 -0.784837 0
      vertex -11.8973 -1.56631 1.2
      vertex -11.8973 -1.56631 0
    endloop
  endfacet
  facet normal -0.995184 -0.0980199 0
    outer loop
      vertex -9.71616 -1.27916 0
      vertex -9.77902 -0.64095 1.2
      vertex -9.77902 -0.64095 0
    endloop
  endfacet
  facet normal -0.995184 -0.0980199 0
    outer loop
      vertex -9.77902 -0.64095 1.2
      vertex -9.71616 -1.27916 0
      vertex -9.71616 -1.27916 1.2
    endloop
  endfacet
  facet normal 0.986646 0.162877 0
    outer loop
      vertex -11.7694 -2.34108 1.2
      vertex -11.8973 -1.56631 0
      vertex -11.8973 -1.56631 1.2
    endloop
  endfacet
  facet normal 0.986646 0.162877 0
    outer loop
      vertex -11.8973 -1.56631 0
      vertex -11.7694 -2.34108 1.2
      vertex -11.7694 -2.34108 0
    endloop
  endfacet
  facet normal -0.986644 -0.162892 0
    outer loop
      vertex -9.6117 -1.91188 0
      vertex -9.71616 -1.27916 1.2
      vertex -9.71616 -1.27916 0
    endloop
  endfacet
  facet normal -0.986644 -0.162892 0
    outer loop
      vertex -9.71616 -1.27916 1.2
      vertex -9.6117 -1.91188 0
      vertex -9.6117 -1.91188 1.2
    endloop
  endfacet
  facet normal 0.973881 0.227059 0
    outer loop
      vertex -11.5911 -3.10583 1.2
      vertex -11.7694 -2.34108 0
      vertex -11.7694 -2.34108 1.2
    endloop
  endfacet
  facet normal 0.973881 0.227059 0
    outer loop
      vertex -11.7694 -2.34108 0
      vertex -11.5911 -3.10583 1.2
      vertex -11.5911 -3.10583 0
    endloop
  endfacet
  facet normal -0.973875 -0.227084 0
    outer loop
      vertex -9.46607 -2.53643 0
      vertex -9.6117 -1.91188 1.2
      vertex -9.6117 -1.91188 0
    endloop
  endfacet
  facet normal -0.973875 -0.227084 0
    outer loop
      vertex -9.6117 -1.91188 1.2
      vertex -9.46607 -2.53643 0
      vertex -9.46607 -2.53643 1.2
    endloop
  endfacet
  facet normal 0.956957 0.29023 0
    outer loop
      vertex -11.3632 -3.85727 1.2
      vertex -11.5911 -3.10583 0
      vertex -11.5911 -3.10583 1.2
    endloop
  endfacet
  facet normal 0.956957 0.29023 0
    outer loop
      vertex -11.5911 -3.10583 0
      vertex -11.3632 -3.85727 1.2
      vertex -11.3632 -3.85727 0
    endloop
  endfacet
  facet normal -0.956939 -0.290288 0
    outer loop
      vertex -9.27991 -3.15011 0
      vertex -9.46607 -2.53643 1.2
      vertex -9.46607 -2.53643 0
    endloop
  endfacet
  facet normal -0.956939 -0.290288 0
    outer loop
      vertex -9.46607 -2.53643 1.2
      vertex -9.27991 -3.15011 0
      vertex -9.27991 -3.15011 1.2
    endloop
  endfacet
  facet normal 0.935909 0.352241 0
    outer loop
      vertex -11.0866 -4.5922 1.2
      vertex -11.3632 -3.85727 0
      vertex -11.3632 -3.85727 1.2
    endloop
  endfacet
  facet normal 0.935909 0.352241 0
    outer loop
      vertex -11.3632 -3.85727 0
      vertex -11.0866 -4.5922 1.2
      vertex -11.0866 -4.5922 0
    endloop
  endfacet
  facet normal -0.935909 -0.352243 0
    outer loop
      vertex -9.05402 -3.7503 0
      vertex -9.27991 -3.15011 1.2
      vertex -9.27991 -3.15011 0
    endloop
  endfacet
  facet normal -0.935909 -0.352243 0
    outer loop
      vertex -9.27991 -3.15011 1.2
      vertex -9.05402 -3.7503 0
      vertex -9.05402 -3.7503 1.2
    endloop
  endfacet
  facet normal 0.910854 0.412728 0
    outer loop
      vertex -10.7625 -5.30746 1.2
      vertex -11.0866 -4.5922 0
      vertex -11.0866 -4.5922 1.2
    endloop
  endfacet
  facet normal 0.910854 0.412728 0
    outer loop
      vertex -11.0866 -4.5922 0
      vertex -10.7625 -5.30746 1.2
      vertex -10.7625 -5.30746 0
    endloop
  endfacet
  facet normal -0.910861 -0.412712 0
    outer loop
      vertex -8.78935 -4.33443 0
      vertex -9.05402 -3.7503 1.2
      vertex -9.05402 -3.7503 0
    endloop
  endfacet
  facet normal -0.910861 -0.412712 0
    outer loop
      vertex -9.05402 -3.7503 1.2
      vertex -8.78935 -4.33443 0
      vertex -8.78935 -4.33443 1.2
    endloop
  endfacet
  facet normal 0.881906 0.471426 0
    outer loop
      vertex -10.3923 -6 1.2
      vertex -10.7625 -5.30746 0
      vertex -10.7625 -5.30746 1.2
    endloop
  endfacet
  facet normal 0.881906 0.471426 0
    outer loop
      vertex -10.7625 -5.30746 0
      vertex -10.3923 -6 1.2
      vertex -10.3923 -6 0
    endloop
  endfacet
  facet normal -0.881924 -0.471393 0
    outer loop
      vertex -8.48705 -4.9 0
      vertex -8.78935 -4.33443 1.2
      vertex -8.78935 -4.33443 0
    endloop
  endfacet
  facet normal -0.881924 -0.471393 0
    outer loop
      vertex -8.78935 -4.33443 1.2
      vertex -8.48705 -4.9 0
      vertex -8.48705 -4.9 1.2
    endloop
  endfacet
  facet normal 0.849201 0.52807 0
    outer loop
      vertex -9.97763 -6.66684 1.2
      vertex -10.3923 -6 0
      vertex -10.3923 -6 1.2
    endloop
  endfacet
  facet normal 0.849201 0.52807 0
    outer loop
      vertex -10.3923 -6 0
      vertex -9.97763 -6.66684 1.2
      vertex -9.97763 -6.66684 0
    endloop
  endfacet
  facet normal -0.849201 -0.52807 0
    outer loop
      vertex -8.1484 -5.44459 0
      vertex -8.48705 -4.9 1.2
      vertex -8.48705 -4.9 0
    endloop
  endfacet
  facet normal -0.849201 -0.52807 0
    outer loop
      vertex -8.48705 -4.9 1.2
      vertex -8.1484 -5.44459 0
      vertex -8.1484 -5.44459 1.2
    endloop
  endfacet
  facet normal 0.812852 0.58247 0
    outer loop
      vertex -9.52024 -7.30514 1.2
      vertex -9.97763 -6.66684 0
      vertex -9.97763 -6.66684 1.2
    endloop
  endfacet
  facet normal 0.812852 0.58247 0
    outer loop
      vertex -9.97763 -6.66684 0
      vertex -9.52024 -7.30514 1.2
      vertex -9.52024 -7.30514 0
    endloop
  endfacet
  facet normal -0.812844 -0.582481 0
    outer loop
      vertex -7.77486 -5.96586 0
      vertex -8.1484 -5.44459 1.2
      vertex -8.1484 -5.44459 0
    endloop
  endfacet
  facet normal -0.812844 -0.582481 0
    outer loop
      vertex -8.1484 -5.44459 1.2
      vertex -7.77486 -5.96586 0
      vertex -7.77486 -5.96586 1.2
    endloop
  endfacet
  facet normal 0.773011 0.634393 0
    outer loop
      vertex -9.02208 -7.91215 1.2
      vertex -9.52024 -7.30514 0
      vertex -9.52024 -7.30514 1.2
    endloop
  endfacet
  facet normal 0.773011 0.634393 0
    outer loop
      vertex -9.52024 -7.30514 0
      vertex -9.02208 -7.91215 1.2
      vertex -9.02208 -7.91215 0
    endloop
  endfacet
  facet normal -0.773014 -0.634389 0
    outer loop
      vertex -7.36803 -6.46159 0
      vertex -7.77486 -5.96586 1.2
      vertex -7.77486 -5.96586 0
    endloop
  endfacet
  facet normal -0.773014 -0.634389 0
    outer loop
      vertex -7.77486 -5.96586 1.2
      vertex -7.36803 -6.46159 0
      vertex -7.36803 -6.46159 1.2
    endloop
  endfacet
  facet normal 0.729861 0.683596 0
    outer loop
      vertex -8.48528 -8.48528 1.2
      vertex -9.02208 -7.91215 0
      vertex -9.02208 -7.91215 1.2
    endloop
  endfacet
  facet normal 0.729861 0.683596 0
    outer loop
      vertex -9.02208 -7.91215 0
      vertex -8.48528 -8.48528 1.2
      vertex -8.48528 -8.48528 0
    endloop
  endfacet
  facet normal -0.729869 -0.683587 0
    outer loop
      vertex -6.92965 -6.92965 0
      vertex -7.36803 -6.46159 1.2
      vertex -7.36803 -6.46159 0
    endloop
  endfacet
  facet normal -0.729869 -0.683587 0
    outer loop
      vertex -7.36803 -6.46159 1.2
      vertex -6.92965 -6.92965 0
      vertex -6.92965 -6.92965 1.2
    endloop
  endfacet
  facet normal 0.683596 0.729861 -0
    outer loop
      vertex -7.91215 -9.02208 0
      vertex -8.48528 -8.48528 1.2
      vertex -7.91215 -9.02208 1.2
    endloop
  endfacet
  facet normal 0.683596 0.729861 0
    outer loop
      vertex -8.48528 -8.48528 1.2
      vertex -7.91215 -9.02208 0
      vertex -8.48528 -8.48528 0
    endloop
  endfacet
  facet normal -0.683587 -0.729869 0
    outer loop
      vertex -6.92965 -6.92965 0
      vertex -6.46159 -7.36803 1.2
      vertex -6.92965 -6.92965 1.2
    endloop
  endfacet
  facet normal -0.683587 -0.729869 -0
    outer loop
      vertex -6.46159 -7.36803 1.2
      vertex -6.92965 -6.92965 0
      vertex -6.46159 -7.36803 0
    endloop
  endfacet
  facet normal 0.634393 0.773011 -0
    outer loop
      vertex -7.30514 -9.52024 0
      vertex -7.91215 -9.02208 1.2
      vertex -7.30514 -9.52024 1.2
    endloop
  endfacet
  facet normal 0.634393 0.773011 0
    outer loop
      vertex -7.91215 -9.02208 1.2
      vertex -7.30514 -9.52024 0
      vertex -7.91215 -9.02208 0
    endloop
  endfacet
  facet normal -0.634389 -0.773014 0
    outer loop
      vertex -6.46159 -7.36803 0
      vertex -5.96586 -7.77486 1.2
      vertex -6.46159 -7.36803 1.2
    endloop
  endfacet
  facet normal -0.634389 -0.773014 -0
    outer loop
      vertex -5.96586 -7.77486 1.2
      vertex -6.46159 -7.36803 0
      vertex -5.96586 -7.77486 0
    endloop
  endfacet
  facet normal 0.58247 0.812852 -0
    outer loop
      vertex -6.66684 -9.97763 0
      vertex -7.30514 -9.52024 1.2
      vertex -6.66684 -9.97763 1.2
    endloop
  endfacet
  facet normal 0.58247 0.812852 0
    outer loop
      vertex -7.30514 -9.52024 1.2
      vertex -6.66684 -9.97763 0
      vertex -7.30514 -9.52024 0
    endloop
  endfacet
  facet normal -0.582481 -0.812844 0
    outer loop
      vertex -5.96586 -7.77486 0
      vertex -5.44459 -8.1484 1.2
      vertex -5.96586 -7.77486 1.2
    endloop
  endfacet
  facet normal -0.582481 -0.812844 -0
    outer loop
      vertex -5.44459 -8.1484 1.2
      vertex -5.96586 -7.77486 0
      vertex -5.44459 -8.1484 0
    endloop
  endfacet
  facet normal 0.52807 0.849201 -0
    outer loop
      vertex -6 -10.3923 0
      vertex -6.66684 -9.97763 1.2
      vertex -6 -10.3923 1.2
    endloop
  endfacet
  facet normal 0.52807 0.849201 0
    outer loop
      vertex -6.66684 -9.97763 1.2
      vertex -6 -10.3923 0
      vertex -6.66684 -9.97763 0
    endloop
  endfacet
  facet normal -0.52807 -0.849201 0
    outer loop
      vertex -5.44459 -8.1484 0
      vertex -4.9 -8.48705 1.2
      vertex -5.44459 -8.1484 1.2
    endloop
  endfacet
  facet normal -0.52807 -0.849201 -0
    outer loop
      vertex -4.9 -8.48705 1.2
      vertex -5.44459 -8.1484 0
      vertex -4.9 -8.48705 0
    endloop
  endfacet
  facet normal 0.471426 0.881906 -0
    outer loop
      vertex -5.30746 -10.7625 0
      vertex -6 -10.3923 1.2
      vertex -5.30746 -10.7625 1.2
    endloop
  endfacet
  facet normal 0.471426 0.881906 0
    outer loop
      vertex -6 -10.3923 1.2
      vertex -5.30746 -10.7625 0
      vertex -6 -10.3923 0
    endloop
  endfacet
  facet normal -0.471393 -0.881924 0
    outer loop
      vertex -4.9 -8.48705 0
      vertex -4.33443 -8.78935 1.2
      vertex -4.9 -8.48705 1.2
    endloop
  endfacet
  facet normal -0.471393 -0.881924 -0
    outer loop
      vertex -4.33443 -8.78935 1.2
      vertex -4.9 -8.48705 0
      vertex -4.33443 -8.78935 0
    endloop
  endfacet
  facet normal 0.412728 0.910854 -0
    outer loop
      vertex -4.5922 -11.0866 0
      vertex -5.30746 -10.7625 1.2
      vertex -4.5922 -11.0866 1.2
    endloop
  endfacet
  facet normal 0.412728 0.910854 0
    outer loop
      vertex -5.30746 -10.7625 1.2
      vertex -4.5922 -11.0866 0
      vertex -5.30746 -10.7625 0
    endloop
  endfacet
  facet normal -0.412712 -0.910861 0
    outer loop
      vertex -4.33443 -8.78935 0
      vertex -3.7503 -9.05402 1.2
      vertex -4.33443 -8.78935 1.2
    endloop
  endfacet
  facet normal -0.412712 -0.910861 -0
    outer loop
      vertex -3.7503 -9.05402 1.2
      vertex -4.33443 -8.78935 0
      vertex -3.7503 -9.05402 0
    endloop
  endfacet
  facet normal 0.352241 0.935909 -0
    outer loop
      vertex -3.85727 -11.3632 0
      vertex -4.5922 -11.0866 1.2
      vertex -3.85727 -11.3632 1.2
    endloop
  endfacet
  facet normal 0.352241 0.935909 0
    outer loop
      vertex -4.5922 -11.0866 1.2
      vertex -3.85727 -11.3632 0
      vertex -4.5922 -11.0866 0
    endloop
  endfacet
  facet normal -0.352243 -0.935909 0
    outer loop
      vertex -3.7503 -9.05402 0
      vertex -3.15011 -9.27991 1.2
      vertex -3.7503 -9.05402 1.2
    endloop
  endfacet
  facet normal -0.352243 -0.935909 -0
    outer loop
      vertex -3.15011 -9.27991 1.2
      vertex -3.7503 -9.05402 0
      vertex -3.15011 -9.27991 0
    endloop
  endfacet
  facet normal 0.29023 0.956957 -0
    outer loop
      vertex -3.10583 -11.5911 0
      vertex -3.85727 -11.3632 1.2
      vertex -3.10583 -11.5911 1.2
    endloop
  endfacet
  facet normal 0.29023 0.956957 0
    outer loop
      vertex -3.85727 -11.3632 1.2
      vertex -3.10583 -11.5911 0
      vertex -3.85727 -11.3632 0
    endloop
  endfacet
  facet normal -0.290288 -0.956939 0
    outer loop
      vertex -3.15011 -9.27991 0
      vertex -2.53643 -9.46607 1.2
      vertex -3.15011 -9.27991 1.2
    endloop
  endfacet
  facet normal -0.290288 -0.956939 -0
    outer loop
      vertex -2.53643 -9.46607 1.2
      vertex -3.15011 -9.27991 0
      vertex -2.53643 -9.46607 0
    endloop
  endfacet
  facet normal 0.22717 0.973855 0
    outer loop
      vertex -2.34108 -11.7694 0.799999
      vertex -2.34108 -11.7694 0
      vertex -2.57343 -11.7152 0.799999
    endloop
  endfacet
  facet normal 0.22701 0.973892 -0
    outer loop
      vertex -2.57343 -11.7152 0.799999
      vertex -3.10583 -11.5911 1.2
      vertex -2.57343 -11.7152 1.2
    endloop
  endfacet
  facet normal 0.227059 0.973881 -3.41368e-05
    outer loop
      vertex -3.10583 -11.5911 0
      vertex -2.57343 -11.7152 0.799999
      vertex -2.34108 -11.7694 0
    endloop
  endfacet
  facet normal 0.22701 0.973892 0
    outer loop
      vertex -2.57343 -11.7152 0.799999
      vertex -3.10583 -11.5911 0
      vertex -3.10583 -11.5911 1.2
    endloop
  endfacet
  facet normal -0.227093 -0.973873 0
    outer loop
      vertex -2.53643 -9.46607 1.2
      vertex -2.19104 -9.54661 0.799999
      vertex -2.19104 -9.54661 1.2
    endloop
  endfacet
  facet normal -0.227093 -0.973873 0
    outer loop
      vertex -2.53643 -9.46607 0
      vertex -2.19104 -9.54661 0.799999
      vertex -2.53643 -9.46607 1.2
    endloop
  endfacet
  facet normal -0.227084 -0.973875 -4.11525e-06
    outer loop
      vertex -1.91188 -9.6117 0
      vertex -2.19104 -9.54661 0.799999
      vertex -2.53643 -9.46607 0
    endloop
  endfacet
  facet normal -0.227073 -0.973878 0
    outer loop
      vertex -2.19104 -9.54661 0.799999
      vertex -1.91188 -9.6117 0
      vertex -1.91188 -9.6117 0.799999
    endloop
  endfacet
  facet normal 0.162184 0.986761 0
    outer loop
      vertex -1.56631 -11.8973 1.2
      vertex -1.58943 -11.8935 0.799999
      vertex -1.58943 -11.8935 1.2
    endloop
  endfacet
  facet normal 0.162184 0.986761 -0
    outer loop
      vertex -1.56631 -11.8973 0
      vertex -1.58943 -11.8935 0.799999
      vertex -1.56631 -11.8973 1.2
    endloop
  endfacet
  facet normal 0.162877 0.986646 2.05698e-05
    outer loop
      vertex -2.34108 -11.7694 0
      vertex -1.58943 -11.8935 0.799999
      vertex -1.56631 -11.8973 0
    endloop
  endfacet
  facet normal 0.162898 0.986643 0
    outer loop
      vertex -1.58943 -11.8935 0.799999
      vertex -2.34108 -11.7694 0
      vertex -2.34108 -11.7694 0.799999
    endloop
  endfacet
  facet normal -0.162892 -0.986644 0
    outer loop
      vertex -1.91188 -9.6117 0
      vertex -1.27916 -9.71616 0.799999
      vertex -1.91188 -9.6117 0.799999
    endloop
  endfacet
  facet normal -0.162892 -0.986644 -0
    outer loop
      vertex -1.27916 -9.71616 0.799999
      vertex -1.91188 -9.6117 0
      vertex -1.27916 -9.71616 0
    endloop
  endfacet
  facet normal 0.098057 0.995181 -0
    outer loop
      vertex -0.784837 -11.9743 0
      vertex -1.56631 -11.8973 1.2
      vertex -0.784837 -11.9743 1.2
    endloop
  endfacet
  facet normal 0.098057 0.995181 0
    outer loop
      vertex -1.56631 -11.8973 1.2
      vertex -0.784837 -11.9743 0
      vertex -1.56631 -11.8973 0
    endloop
  endfacet
  facet normal -0.0980216 -0.995184 0
    outer loop
      vertex -1.20676 -9.72329 0.799999
      vertex -0.64095 -9.77902 1.2
      vertex -1.20676 -9.72329 1.2
    endloop
  endfacet
  facet normal -0.0980199 -0.995184 1.22155e-06
    outer loop
      vertex -0.64095 -9.77902 0
      vertex -1.20676 -9.72329 0.799999
      vertex -1.27916 -9.71616 0
    endloop
  endfacet
  facet normal -0.0980216 -0.995184 0
    outer loop
      vertex -1.20676 -9.72329 0.799999
      vertex -0.64095 -9.77902 0
      vertex -0.64095 -9.77902 1.2
    endloop
  endfacet
  facet normal -0.0980066 -0.995186 -0
    outer loop
      vertex -1.27916 -9.71616 0.799999
      vertex -1.27916 -9.71616 0
      vertex -1.20676 -9.72329 0.799999
    endloop
  endfacet
  facet normal 0.0327281 0.999464 -0
    outer loop
      vertex 0 -12 0
      vertex -0.784837 -11.9743 1.2
      vertex 0 -12 1.2
    endloop
  endfacet
  facet normal 0.0327281 0.999464 0
    outer loop
      vertex -0.784837 -11.9743 1.2
      vertex 0 -12 0
      vertex -0.784837 -11.9743 0
    endloop
  endfacet
  facet normal -0.0327151 -0.999465 0
    outer loop
      vertex -0.64095 -9.77902 0
      vertex 0 -9.8 1.2
      vertex -0.64095 -9.77902 1.2
    endloop
  endfacet
  facet normal -0.0327151 -0.999465 -0
    outer loop
      vertex 0 -9.8 1.2
      vertex -0.64095 -9.77902 0
      vertex 0 -9.8 0
    endloop
  endfacet
  facet normal -0.0327281 0.999464 0
    outer loop
      vertex 0.784837 -11.9743 0
      vertex 0 -12 1.2
      vertex 0.784837 -11.9743 1.2
    endloop
  endfacet
  facet normal -0.0327281 0.999464 0
    outer loop
      vertex 0 -12 1.2
      vertex 0.784837 -11.9743 0
      vertex 0 -12 0
    endloop
  endfacet
  facet normal 0.0327151 -0.999465 0
    outer loop
      vertex 0 -9.8 0
      vertex 0.64095 -9.77902 1.2
      vertex 0 -9.8 1.2
    endloop
  endfacet
  facet normal 0.0327151 -0.999465 0
    outer loop
      vertex 0.64095 -9.77902 1.2
      vertex 0 -9.8 0
      vertex 0.64095 -9.77902 0
    endloop
  endfacet
  facet normal -0.098057 0.995181 0
    outer loop
      vertex 1.56631 -11.8973 0
      vertex 0.784837 -11.9743 1.2
      vertex 1.56631 -11.8973 1.2
    endloop
  endfacet
  facet normal -0.098057 0.995181 0
    outer loop
      vertex 0.784837 -11.9743 1.2
      vertex 1.56631 -11.8973 0
      vertex 0.784837 -11.9743 0
    endloop
  endfacet
  facet normal 0.0980199 -0.995184 0
    outer loop
      vertex 0.64095 -9.77902 0
      vertex 1.27916 -9.71616 1.2
      vertex 0.64095 -9.77902 1.2
    endloop
  endfacet
  facet normal 0.0980199 -0.995184 0
    outer loop
      vertex 1.27916 -9.71616 1.2
      vertex 0.64095 -9.77902 0
      vertex 1.27916 -9.71616 0
    endloop
  endfacet
  facet normal -0.162877 0.986646 0
    outer loop
      vertex 2.34108 -11.7694 0
      vertex 1.56631 -11.8973 1.2
      vertex 2.34108 -11.7694 1.2
    endloop
  endfacet
  facet normal -0.162877 0.986646 0
    outer loop
      vertex 1.56631 -11.8973 1.2
      vertex 2.34108 -11.7694 0
      vertex 1.56631 -11.8973 0
    endloop
  endfacet
  facet normal 0.162892 -0.986644 0
    outer loop
      vertex 1.27916 -9.71616 0
      vertex 1.91188 -9.6117 1.2
      vertex 1.27916 -9.71616 1.2
    endloop
  endfacet
  facet normal 0.162892 -0.986644 0
    outer loop
      vertex 1.91188 -9.6117 1.2
      vertex 1.27916 -9.71616 0
      vertex 1.91188 -9.6117 0
    endloop
  endfacet
  facet normal -0.227059 0.973881 0
    outer loop
      vertex 3.10583 -11.5911 0
      vertex 2.34108 -11.7694 1.2
      vertex 3.10583 -11.5911 1.2
    endloop
  endfacet
  facet normal -0.227059 0.973881 0
    outer loop
      vertex 2.34108 -11.7694 1.2
      vertex 3.10583 -11.5911 0
      vertex 2.34108 -11.7694 0
    endloop
  endfacet
  facet normal 0.227084 -0.973875 0
    outer loop
      vertex 1.91188 -9.6117 0
      vertex 2.53643 -9.46607 1.2
      vertex 1.91188 -9.6117 1.2
    endloop
  endfacet
  facet normal 0.227084 -0.973875 0
    outer loop
      vertex 2.53643 -9.46607 1.2
      vertex 1.91188 -9.6117 0
      vertex 2.53643 -9.46607 0
    endloop
  endfacet
  facet normal -0.29023 0.956957 0
    outer loop
      vertex 3.85727 -11.3632 0
      vertex 3.10583 -11.5911 1.2
      vertex 3.85727 -11.3632 1.2
    endloop
  endfacet
  facet normal -0.29023 0.956957 0
    outer loop
      vertex 3.10583 -11.5911 1.2
      vertex 3.85727 -11.3632 0
      vertex 3.10583 -11.5911 0
    endloop
  endfacet
  facet normal 0.290288 -0.956939 0
    outer loop
      vertex 2.53643 -9.46607 0
      vertex 3.15011 -9.27991 1.2
      vertex 2.53643 -9.46607 1.2
    endloop
  endfacet
  facet normal 0.290288 -0.956939 0
    outer loop
      vertex 3.15011 -9.27991 1.2
      vertex 2.53643 -9.46607 0
      vertex 3.15011 -9.27991 0
    endloop
  endfacet
  facet normal -0.352241 0.935909 0
    outer loop
      vertex 4.5922 -11.0866 0
      vertex 3.85727 -11.3632 1.2
      vertex 4.5922 -11.0866 1.2
    endloop
  endfacet
  facet normal -0.352241 0.935909 0
    outer loop
      vertex 3.85727 -11.3632 1.2
      vertex 4.5922 -11.0866 0
      vertex 3.85727 -11.3632 0
    endloop
  endfacet
  facet normal 0.352243 -0.935909 0
    outer loop
      vertex 3.15011 -9.27991 0
      vertex 3.7503 -9.05402 1.2
      vertex 3.15011 -9.27991 1.2
    endloop
  endfacet
  facet normal 0.352243 -0.935909 0
    outer loop
      vertex 3.7503 -9.05402 1.2
      vertex 3.15011 -9.27991 0
      vertex 3.7503 -9.05402 0
    endloop
  endfacet
  facet normal -0.412728 0.910854 0
    outer loop
      vertex 5.30746 -10.7625 0
      vertex 4.5922 -11.0866 1.2
      vertex 5.30746 -10.7625 1.2
    endloop
  endfacet
  facet normal -0.412728 0.910854 0
    outer loop
      vertex 4.5922 -11.0866 1.2
      vertex 5.30746 -10.7625 0
      vertex 4.5922 -11.0866 0
    endloop
  endfacet
  facet normal 0.412712 -0.910861 0
    outer loop
      vertex 3.7503 -9.05402 0
      vertex 4.33443 -8.78935 1.2
      vertex 3.7503 -9.05402 1.2
    endloop
  endfacet
  facet normal 0.412712 -0.910861 0
    outer loop
      vertex 4.33443 -8.78935 1.2
      vertex 3.7503 -9.05402 0
      vertex 4.33443 -8.78935 0
    endloop
  endfacet
  facet normal -0.471426 0.881906 0
    outer loop
      vertex 6 -10.3923 0
      vertex 5.30746 -10.7625 1.2
      vertex 6 -10.3923 1.2
    endloop
  endfacet
  facet normal -0.471426 0.881906 0
    outer loop
      vertex 5.30746 -10.7625 1.2
      vertex 6 -10.3923 0
      vertex 5.30746 -10.7625 0
    endloop
  endfacet
  facet normal 0.471393 -0.881924 0
    outer loop
      vertex 4.33443 -8.78935 0
      vertex 4.9 -8.48705 1.2
      vertex 4.33443 -8.78935 1.2
    endloop
  endfacet
  facet normal 0.471393 -0.881924 0
    outer loop
      vertex 4.9 -8.48705 1.2
      vertex 4.33443 -8.78935 0
      vertex 4.9 -8.48705 0
    endloop
  endfacet
  facet normal -0.52807 0.849201 0
    outer loop
      vertex 6.66684 -9.97763 0
      vertex 6 -10.3923 1.2
      vertex 6.66684 -9.97763 1.2
    endloop
  endfacet
  facet normal -0.52807 0.849201 0
    outer loop
      vertex 6 -10.3923 1.2
      vertex 6.66684 -9.97763 0
      vertex 6 -10.3923 0
    endloop
  endfacet
  facet normal 0.52807 -0.849201 0
    outer loop
      vertex 4.9 -8.48705 0
      vertex 5.44459 -8.1484 1.2
      vertex 4.9 -8.48705 1.2
    endloop
  endfacet
  facet normal 0.52807 -0.849201 0
    outer loop
      vertex 5.44459 -8.1484 1.2
      vertex 4.9 -8.48705 0
      vertex 5.44459 -8.1484 0
    endloop
  endfacet
  facet normal -0.58247 0.812852 0
    outer loop
      vertex 7.30514 -9.52024 0
      vertex 6.66684 -9.97763 1.2
      vertex 7.30514 -9.52024 1.2
    endloop
  endfacet
  facet normal -0.58247 0.812852 0
    outer loop
      vertex 6.66684 -9.97763 1.2
      vertex 7.30514 -9.52024 0
      vertex 6.66684 -9.97763 0
    endloop
  endfacet
  facet normal 0.582481 -0.812844 0
    outer loop
      vertex 5.44459 -8.1484 0
      vertex 5.96586 -7.77486 1.2
      vertex 5.44459 -8.1484 1.2
    endloop
  endfacet
  facet normal 0.582481 -0.812844 0
    outer loop
      vertex 5.96586 -7.77486 1.2
      vertex 5.44459 -8.1484 0
      vertex 5.96586 -7.77486 0
    endloop
  endfacet
  facet normal -0.634393 0.773011 0
    outer loop
      vertex 7.91215 -9.02208 0
      vertex 7.30514 -9.52024 1.2
      vertex 7.91215 -9.02208 1.2
    endloop
  endfacet
  facet normal -0.634393 0.773011 0
    outer loop
      vertex 7.30514 -9.52024 1.2
      vertex 7.91215 -9.02208 0
      vertex 7.30514 -9.52024 0
    endloop
  endfacet
  facet normal 0.634389 -0.773014 0
    outer loop
      vertex 5.96586 -7.77486 0
      vertex 6.46159 -7.36803 1.2
      vertex 5.96586 -7.77486 1.2
    endloop
  endfacet
  facet normal 0.634389 -0.773014 0
    outer loop
      vertex 6.46159 -7.36803 1.2
      vertex 5.96586 -7.77486 0
      vertex 6.46159 -7.36803 0
    endloop
  endfacet
  facet normal -0.683596 0.729861 0
    outer loop
      vertex 8.48528 -8.48528 0
      vertex 7.91215 -9.02208 1.2
      vertex 8.48528 -8.48528 1.2
    endloop
  endfacet
  facet normal -0.683596 0.729861 0
    outer loop
      vertex 7.91215 -9.02208 1.2
      vertex 8.48528 -8.48528 0
      vertex 7.91215 -9.02208 0
    endloop
  endfacet
  facet normal 0.683587 -0.729869 0
    outer loop
      vertex 6.46159 -7.36803 0
      vertex 6.92965 -6.92965 1.2
      vertex 6.46159 -7.36803 1.2
    endloop
  endfacet
  facet normal 0.683587 -0.729869 0
    outer loop
      vertex 6.92965 -6.92965 1.2
      vertex 6.46159 -7.36803 0
      vertex 6.92965 -6.92965 0
    endloop
  endfacet
  facet normal -0.729861 0.683596 0
    outer loop
      vertex 8.48528 -8.48528 0
      vertex 9.02208 -7.91215 1.2
      vertex 9.02208 -7.91215 0
    endloop
  endfacet
  facet normal -0.729861 0.683596 0
    outer loop
      vertex 9.02208 -7.91215 1.2
      vertex 8.48528 -8.48528 0
      vertex 8.48528 -8.48528 1.2
    endloop
  endfacet
  facet normal 0.729869 -0.683587 0
    outer loop
      vertex 6.92965 -6.92965 1.2
      vertex 7.36803 -6.46159 0
      vertex 7.36803 -6.46159 1.2
    endloop
  endfacet
  facet normal 0.729869 -0.683587 0
    outer loop
      vertex 7.36803 -6.46159 0
      vertex 6.92965 -6.92965 1.2
      vertex 6.92965 -6.92965 0
    endloop
  endfacet
  facet normal -0.773011 0.634393 0
    outer loop
      vertex 9.02208 -7.91215 0
      vertex 9.52024 -7.30514 1.2
      vertex 9.52024 -7.30514 0
    endloop
  endfacet
  facet normal -0.773011 0.634393 0
    outer loop
      vertex 9.52024 -7.30514 1.2
      vertex 9.02208 -7.91215 0
      vertex 9.02208 -7.91215 1.2
    endloop
  endfacet
  facet normal 0.773014 -0.634389 0
    outer loop
      vertex 7.36803 -6.46159 1.2
      vertex 7.77486 -5.96586 0
      vertex 7.77486 -5.96586 1.2
    endloop
  endfacet
  facet normal 0.773014 -0.634389 0
    outer loop
      vertex 7.77486 -5.96586 0
      vertex 7.36803 -6.46159 1.2
      vertex 7.36803 -6.46159 0
    endloop
  endfacet
  facet normal -0.812852 0.58247 0
    outer loop
      vertex 9.52024 -7.30514 0
      vertex 9.97763 -6.66684 1.2
      vertex 9.97763 -6.66684 0
    endloop
  endfacet
  facet normal -0.812852 0.58247 0
    outer loop
      vertex 9.97763 -6.66684 1.2
      vertex 9.52024 -7.30514 0
      vertex 9.52024 -7.30514 1.2
    endloop
  endfacet
  facet normal 0.812844 -0.582481 0
    outer loop
      vertex 7.77486 -5.96586 1.2
      vertex 8.1484 -5.44459 0
      vertex 8.1484 -5.44459 1.2
    endloop
  endfacet
  facet normal 0.812844 -0.582481 0
    outer loop
      vertex 8.1484 -5.44459 0
      vertex 7.77486 -5.96586 1.2
      vertex 7.77486 -5.96586 0
    endloop
  endfacet
  facet normal -0.849201 0.52807 0
    outer loop
      vertex 9.97763 -6.66684 0
      vertex 10.3923 -6 1.2
      vertex 10.3923 -6 0
    endloop
  endfacet
  facet normal -0.849201 0.52807 0
    outer loop
      vertex 10.3923 -6 1.2
      vertex 9.97763 -6.66684 0
      vertex 9.97763 -6.66684 1.2
    endloop
  endfacet
  facet normal 0.849201 -0.52807 0
    outer loop
      vertex 8.1484 -5.44459 1.2
      vertex 8.48705 -4.9 0
      vertex 8.48705 -4.9 1.2
    endloop
  endfacet
  facet normal 0.849201 -0.52807 0
    outer loop
      vertex 8.48705 -4.9 0
      vertex 8.1484 -5.44459 1.2
      vertex 8.1484 -5.44459 0
    endloop
  endfacet
  facet normal -0.881906 0.471426 0
    outer loop
      vertex 10.3923 -6 0
      vertex 10.7625 -5.30746 1.2
      vertex 10.7625 -5.30746 0
    endloop
  endfacet
  facet normal -0.881906 0.471426 0
    outer loop
      vertex 10.7625 -5.30746 1.2
      vertex 10.3923 -6 0
      vertex 10.3923 -6 1.2
    endloop
  endfacet
  facet normal 0.881924 -0.471393 0
    outer loop
      vertex 8.48705 -4.9 1.2
      vertex 8.78935 -4.33443 0
      vertex 8.78935 -4.33443 1.2
    endloop
  endfacet
  facet normal 0.881924 -0.471393 0
    outer loop
      vertex 8.78935 -4.33443 0
      vertex 8.48705 -4.9 1.2
      vertex 8.48705 -4.9 0
    endloop
  endfacet
  facet normal -0.910854 0.412728 0
    outer loop
      vertex 10.7625 -5.30746 0
      vertex 11.0866 -4.5922 1.2
      vertex 11.0866 -4.5922 0
    endloop
  endfacet
  facet normal -0.910854 0.412728 0
    outer loop
      vertex 11.0866 -4.5922 1.2
      vertex 10.7625 -5.30746 0
      vertex 10.7625 -5.30746 1.2
    endloop
  endfacet
  facet normal 0.910861 -0.412712 0
    outer loop
      vertex 8.78935 -4.33443 1.2
      vertex 9.05402 -3.7503 0
      vertex 9.05402 -3.7503 1.2
    endloop
  endfacet
  facet normal 0.910861 -0.412712 0
    outer loop
      vertex 9.05402 -3.7503 0
      vertex 8.78935 -4.33443 1.2
      vertex 8.78935 -4.33443 0
    endloop
  endfacet
  facet normal -0.935909 0.352241 0
    outer loop
      vertex 11.0866 -4.5922 0
      vertex 11.3632 -3.85727 1.2
      vertex 11.3632 -3.85727 0
    endloop
  endfacet
  facet normal -0.935909 0.352241 0
    outer loop
      vertex 11.3632 -3.85727 1.2
      vertex 11.0866 -4.5922 0
      vertex 11.0866 -4.5922 1.2
    endloop
  endfacet
  facet normal 0.935909 -0.352243 0
    outer loop
      vertex 9.05402 -3.7503 1.2
      vertex 9.27991 -3.15011 0
      vertex 9.27991 -3.15011 1.2
    endloop
  endfacet
  facet normal 0.935909 -0.352243 0
    outer loop
      vertex 9.27991 -3.15011 0
      vertex 9.05402 -3.7503 1.2
      vertex 9.05402 -3.7503 0
    endloop
  endfacet
  facet normal -0.95695 0.290251 0
    outer loop
      vertex 11.5911 -3.10583 0
      vertex 11.4459 -3.58455 0.799999
      vertex 11.5911 -3.10583 0.799999
    endloop
  endfacet
  facet normal -0.956957 0.29023 -1.40085e-05
    outer loop
      vertex 11.3632 -3.85727 0
      vertex 11.4459 -3.58455 0.799999
      vertex 11.5911 -3.10583 0
    endloop
  endfacet
  facet normal -0.956968 0.290192 0
    outer loop
      vertex 11.3632 -3.85727 1.2
      vertex 11.4459 -3.58455 0.799999
      vertex 11.3632 -3.85727 0
    endloop
  endfacet
  facet normal -0.956968 0.290192 0
    outer loop
      vertex 11.4459 -3.58455 0.799999
      vertex 11.3632 -3.85727 1.2
      vertex 11.4459 -3.58455 1.2
    endloop
  endfacet
  facet normal 0.95694 -0.290287 0
    outer loop
      vertex 9.32085 -3.01515 1.2
      vertex 9.27991 -3.15011 1.2
      vertex 9.32085 -3.01515 0.799999
    endloop
  endfacet
  facet normal 0.956939 -0.290288 0
    outer loop
      vertex 9.32085 -3.01515 0.799999
      vertex 9.46607 -2.53643 0
      vertex 9.46607 -2.53643 0.799999
    endloop
  endfacet
  facet normal 0.956939 -0.290288 1.84003e-07
    outer loop
      vertex 9.32085 -3.01515 0.799999
      vertex 9.27991 -3.15011 0
      vertex 9.46607 -2.53643 0
    endloop
  endfacet
  facet normal 0.95694 -0.290287 0
    outer loop
      vertex 9.27991 -3.15011 0
      vertex 9.32085 -3.01515 0.799999
      vertex 9.27991 -3.15011 1.2
    endloop
  endfacet
  facet normal -0.973889 0.227024 0
    outer loop
      vertex 11.7694 -2.34108 0
      vertex 11.7047 -2.61863 0.799999
      vertex 11.7694 -2.34108 1.2
    endloop
  endfacet
  facet normal -0.973881 0.227059 1.248e-05
    outer loop
      vertex 11.5911 -3.10583 0
      vertex 11.7047 -2.61863 0.799999
      vertex 11.7694 -2.34108 0
    endloop
  endfacet
  facet normal -0.973877 0.227078 0
    outer loop
      vertex 11.7047 -2.61863 0.799999
      vertex 11.5911 -3.10583 0
      vertex 11.5911 -3.10583 0.799999
    endloop
  endfacet
  facet normal -0.973889 0.227024 0
    outer loop
      vertex 11.7694 -2.34108 1.2
      vertex 11.7047 -2.61863 0.799999
      vertex 11.7047 -2.61863 1.2
    endloop
  endfacet
  facet normal 0.97387 -0.227106 0
    outer loop
      vertex 9.57967 -2.04923 0.799999
      vertex 9.6117 -1.91188 1.2
      vertex 9.57967 -2.04923 1.2
    endloop
  endfacet
  facet normal 0.97387 -0.227106 0
    outer loop
      vertex 9.6117 -1.91188 1.2
      vertex 9.57967 -2.04923 0.799999
      vertex 9.6117 -1.91188 0
    endloop
  endfacet
  facet normal 0.973877 -0.227078 0
    outer loop
      vertex 9.46607 -2.53643 0
      vertex 9.57967 -2.04923 0.799999
      vertex 9.46607 -2.53643 0.799999
    endloop
  endfacet
  facet normal 0.973875 -0.227084 4.00746e-06
    outer loop
      vertex 9.57967 -2.04923 0.799999
      vertex 9.46607 -2.53643 0
      vertex 9.6117 -1.91188 0
    endloop
  endfacet
  facet normal -0.986646 0.162877 0
    outer loop
      vertex 11.7694 -2.34108 0
      vertex 11.8973 -1.56631 1.2
      vertex 11.8973 -1.56631 0
    endloop
  endfacet
  facet normal -0.986646 0.162877 0
    outer loop
      vertex 11.8973 -1.56631 1.2
      vertex 11.7694 -2.34108 0
      vertex 11.7694 -2.34108 1.2
    endloop
  endfacet
  facet normal 0.986644 -0.162892 0
    outer loop
      vertex 9.6117 -1.91188 1.2
      vertex 9.71616 -1.27916 0
      vertex 9.71616 -1.27916 1.2
    endloop
  endfacet
  facet normal 0.986644 -0.162892 0
    outer loop
      vertex 9.71616 -1.27916 0
      vertex 9.6117 -1.91188 1.2
      vertex 9.6117 -1.91188 0
    endloop
  endfacet
  facet normal -0.995181 0.098057 0
    outer loop
      vertex 11.8973 -1.56631 0
      vertex 11.9743 -0.784837 1.2
      vertex 11.9743 -0.784837 0
    endloop
  endfacet
  facet normal -0.995181 0.098057 0
    outer loop
      vertex 11.9743 -0.784837 1.2
      vertex 11.8973 -1.56631 0
      vertex 11.8973 -1.56631 1.2
    endloop
  endfacet
  facet normal 0.995184 -0.0980199 0
    outer loop
      vertex 9.71616 -1.27916 1.2
      vertex 9.77902 -0.64095 0
      vertex 9.77902 -0.64095 1.2
    endloop
  endfacet
  facet normal 0.995184 -0.0980199 0
    outer loop
      vertex 9.77902 -0.64095 0
      vertex 9.71616 -1.27916 1.2
      vertex 9.71616 -1.27916 0
    endloop
  endfacet
  facet normal -0.999464 0.0327281 0
    outer loop
      vertex 11.9743 -0.784837 0
      vertex 12 0 1.2
      vertex 12 0 0
    endloop
  endfacet
  facet normal -0.999464 0.0327281 0
    outer loop
      vertex 12 0 1.2
      vertex 11.9743 -0.784837 0
      vertex 11.9743 -0.784837 1.2
    endloop
  endfacet
  facet normal 0.999465 -0.0327151 0
    outer loop
      vertex 9.77902 -0.64095 1.2
      vertex 9.8 0 0
      vertex 9.8 0 1.2
    endloop
  endfacet
  facet normal 0.999465 -0.0327151 0
    outer loop
      vertex 9.8 0 0
      vertex 9.77902 -0.64095 1.2
      vertex 9.77902 -0.64095 0
    endloop
  endfacet
  facet normal -0.999464 -0.0327281 0
    outer loop
      vertex 12 0 0
      vertex 11.9743 0.784837 1.2
      vertex 11.9743 0.784837 0
    endloop
  endfacet
  facet normal -0.999464 -0.0327281 0
    outer loop
      vertex 11.9743 0.784837 1.2
      vertex 12 0 0
      vertex 12 0 1.2
    endloop
  endfacet
  facet normal 0.999465 0.0327151 0
    outer loop
      vertex 9.8 0 1.2
      vertex 9.77902 0.64095 0
      vertex 9.77902 0.64095 1.2
    endloop
  endfacet
  facet normal 0.999465 0.0327151 0
    outer loop
      vertex 9.77902 0.64095 0
      vertex 9.8 0 1.2
      vertex 9.8 0 0
    endloop
  endfacet
  facet normal -0.995181 -0.098057 0
    outer loop
      vertex 11.9743 0.784837 0
      vertex 11.8973 1.56631 1.2
      vertex 11.8973 1.56631 0
    endloop
  endfacet
  facet normal -0.995181 -0.098057 0
    outer loop
      vertex 11.8973 1.56631 1.2
      vertex 11.9743 0.784837 0
      vertex 11.9743 0.784837 1.2
    endloop
  endfacet
  facet normal 0.995184 0.0980199 0
    outer loop
      vertex 9.77902 0.64095 1.2
      vertex 9.71616 1.27916 0
      vertex 9.71616 1.27916 1.2
    endloop
  endfacet
  facet normal 0.995184 0.0980199 0
    outer loop
      vertex 9.71616 1.27916 0
      vertex 9.77902 0.64095 1.2
      vertex 9.77902 0.64095 0
    endloop
  endfacet
  facet normal -0.986646 -0.162877 0
    outer loop
      vertex 11.8973 1.56631 0
      vertex 11.7694 2.34108 1.2
      vertex 11.7694 2.34108 0
    endloop
  endfacet
  facet normal -0.986646 -0.162877 0
    outer loop
      vertex 11.7694 2.34108 1.2
      vertex 11.8973 1.56631 0
      vertex 11.8973 1.56631 1.2
    endloop
  endfacet
  facet normal 0.986644 0.162892 0
    outer loop
      vertex 9.71616 1.27916 1.2
      vertex 9.6117 1.91188 0
      vertex 9.6117 1.91188 1.2
    endloop
  endfacet
  facet normal 0.986644 0.162892 0
    outer loop
      vertex 9.6117 1.91188 0
      vertex 9.71616 1.27916 1.2
      vertex 9.71616 1.27916 0
    endloop
  endfacet
  facet normal -0.973881 -0.227059 0
    outer loop
      vertex 11.7694 2.34108 0
      vertex 11.5911 3.10583 1.2
      vertex 11.5911 3.10583 0
    endloop
  endfacet
  facet normal -0.973881 -0.227059 0
    outer loop
      vertex 11.5911 3.10583 1.2
      vertex 11.7694 2.34108 0
      vertex 11.7694 2.34108 1.2
    endloop
  endfacet
  facet normal 0.973875 0.227084 0
    outer loop
      vertex 9.6117 1.91188 1.2
      vertex 9.46607 2.53643 0
      vertex 9.46607 2.53643 1.2
    endloop
  endfacet
  facet normal 0.973875 0.227084 0
    outer loop
      vertex 9.46607 2.53643 0
      vertex 9.6117 1.91188 1.2
      vertex 9.6117 1.91188 0
    endloop
  endfacet
  facet normal -0.956957 -0.29023 0
    outer loop
      vertex 11.5911 3.10583 0
      vertex 11.3632 3.85727 1.2
      vertex 11.3632 3.85727 0
    endloop
  endfacet
  facet normal -0.956957 -0.29023 0
    outer loop
      vertex 11.3632 3.85727 1.2
      vertex 11.5911 3.10583 0
      vertex 11.5911 3.10583 1.2
    endloop
  endfacet
  facet normal 0.956939 0.290288 0
    outer loop
      vertex 9.46607 2.53643 1.2
      vertex 9.27991 3.15011 0
      vertex 9.27991 3.15011 1.2
    endloop
  endfacet
  facet normal 0.956939 0.290288 0
    outer loop
      vertex 9.27991 3.15011 0
      vertex 9.46607 2.53643 1.2
      vertex 9.46607 2.53643 0
    endloop
  endfacet
  facet normal -0.935909 -0.352241 0
    outer loop
      vertex 11.3632 3.85727 0
      vertex 11.0866 4.5922 1.2
      vertex 11.0866 4.5922 0
    endloop
  endfacet
  facet normal -0.935909 -0.352241 0
    outer loop
      vertex 11.0866 4.5922 1.2
      vertex 11.3632 3.85727 0
      vertex 11.3632 3.85727 1.2
    endloop
  endfacet
  facet normal 0.935909 0.352243 0
    outer loop
      vertex 9.27991 3.15011 1.2
      vertex 9.05402 3.7503 0
      vertex 9.05402 3.7503 1.2
    endloop
  endfacet
  facet normal 0.935909 0.352243 0
    outer loop
      vertex 9.05402 3.7503 0
      vertex 9.27991 3.15011 1.2
      vertex 9.27991 3.15011 0
    endloop
  endfacet
  facet normal -0.910854 -0.412728 0
    outer loop
      vertex 11.0866 4.5922 0
      vertex 10.7625 5.30746 1.2
      vertex 10.7625 5.30746 0
    endloop
  endfacet
  facet normal -0.910854 -0.412728 0
    outer loop
      vertex 10.7625 5.30746 1.2
      vertex 11.0866 4.5922 0
      vertex 11.0866 4.5922 1.2
    endloop
  endfacet
  facet normal 0.910861 0.412712 0
    outer loop
      vertex 9.05402 3.7503 1.2
      vertex 8.78935 4.33443 0
      vertex 8.78935 4.33443 1.2
    endloop
  endfacet
  facet normal 0.910861 0.412712 0
    outer loop
      vertex 8.78935 4.33443 0
      vertex 9.05402 3.7503 1.2
      vertex 9.05402 3.7503 0
    endloop
  endfacet
  facet normal -0.881906 -0.471426 0
    outer loop
      vertex 10.7625 5.30746 0
      vertex 10.3923 6 1.2
      vertex 10.3923 6 0
    endloop
  endfacet
  facet normal -0.881906 -0.471426 0
    outer loop
      vertex 10.3923 6 1.2
      vertex 10.7625 5.30746 0
      vertex 10.7625 5.30746 1.2
    endloop
  endfacet
  facet normal 0.881924 0.471393 0
    outer loop
      vertex 8.78935 4.33443 1.2
      vertex 8.48705 4.9 0
      vertex 8.48705 4.9 1.2
    endloop
  endfacet
  facet normal 0.881924 0.471393 0
    outer loop
      vertex 8.48705 4.9 0
      vertex 8.78935 4.33443 1.2
      vertex 8.78935 4.33443 0
    endloop
  endfacet
  facet normal -0.849201 -0.52807 0
    outer loop
      vertex 10.3923 6 0
      vertex 9.97763 6.66684 1.2
      vertex 9.97763 6.66684 0
    endloop
  endfacet
  facet normal -0.849201 -0.52807 0
    outer loop
      vertex 9.97763 6.66684 1.2
      vertex 10.3923 6 0
      vertex 10.3923 6 1.2
    endloop
  endfacet
  facet normal 0.849201 0.52807 0
    outer loop
      vertex 8.48705 4.9 1.2
      vertex 8.1484 5.44459 0
      vertex 8.1484 5.44459 1.2
    endloop
  endfacet
  facet normal 0.849201 0.52807 0
    outer loop
      vertex 8.1484 5.44459 0
      vertex 8.48705 4.9 1.2
      vertex 8.48705 4.9 0
    endloop
  endfacet
  facet normal -0.812852 -0.58247 0
    outer loop
      vertex 9.97763 6.66684 0
      vertex 9.52024 7.30514 1.2
      vertex 9.52024 7.30514 0
    endloop
  endfacet
  facet normal -0.812852 -0.58247 0
    outer loop
      vertex 9.52024 7.30514 1.2
      vertex 9.97763 6.66684 0
      vertex 9.97763 6.66684 1.2
    endloop
  endfacet
  facet normal 0.812844 0.582481 0
    outer loop
      vertex 8.1484 5.44459 1.2
      vertex 7.77486 5.96586 0
      vertex 7.77486 5.96586 1.2
    endloop
  endfacet
  facet normal 0.812844 0.582481 0
    outer loop
      vertex 7.77486 5.96586 0
      vertex 8.1484 5.44459 1.2
      vertex 8.1484 5.44459 0
    endloop
  endfacet
  facet normal -0.773011 -0.634393 0
    outer loop
      vertex 9.52024 7.30514 0
      vertex 9.02208 7.91215 1.2
      vertex 9.02208 7.91215 0
    endloop
  endfacet
  facet normal -0.773011 -0.634393 0
    outer loop
      vertex 9.02208 7.91215 1.2
      vertex 9.52024 7.30514 0
      vertex 9.52024 7.30514 1.2
    endloop
  endfacet
  facet normal 0.773014 0.634389 0
    outer loop
      vertex 7.77486 5.96586 1.2
      vertex 7.36803 6.46159 0
      vertex 7.36803 6.46159 1.2
    endloop
  endfacet
  facet normal 0.773014 0.634389 0
    outer loop
      vertex 7.36803 6.46159 0
      vertex 7.77486 5.96586 1.2
      vertex 7.77486 5.96586 0
    endloop
  endfacet
  facet normal -0.729861 -0.683596 0
    outer loop
      vertex 9.02208 7.91215 0
      vertex 8.48528 8.48528 1.2
      vertex 8.48528 8.48528 0
    endloop
  endfacet
  facet normal -0.729861 -0.683596 0
    outer loop
      vertex 8.48528 8.48528 1.2
      vertex 9.02208 7.91215 0
      vertex 9.02208 7.91215 1.2
    endloop
  endfacet
  facet normal 0.729869 0.683587 0
    outer loop
      vertex 7.36803 6.46159 1.2
      vertex 6.92965 6.92965 0
      vertex 6.92965 6.92965 1.2
    endloop
  endfacet
  facet normal 0.729869 0.683587 0
    outer loop
      vertex 6.92965 6.92965 0
      vertex 7.36803 6.46159 1.2
      vertex 7.36803 6.46159 0
    endloop
  endfacet
  facet normal -0.683596 -0.729861 0
    outer loop
      vertex 7.91215 9.02208 0
      vertex 8.48528 8.48528 1.2
      vertex 7.91215 9.02208 1.2
    endloop
  endfacet
  facet normal -0.683596 -0.729861 -0
    outer loop
      vertex 8.48528 8.48528 1.2
      vertex 7.91215 9.02208 0
      vertex 8.48528 8.48528 0
    endloop
  endfacet
  facet normal 0.683587 0.729869 -0
    outer loop
      vertex 6.92965 6.92965 0
      vertex 6.46159 7.36803 1.2
      vertex 6.92965 6.92965 1.2
    endloop
  endfacet
  facet normal 0.683587 0.729869 0
    outer loop
      vertex 6.46159 7.36803 1.2
      vertex 6.92965 6.92965 0
      vertex 6.46159 7.36803 0
    endloop
  endfacet
  facet normal -0.634393 -0.773011 0
    outer loop
      vertex 7.30514 9.52024 0
      vertex 7.91215 9.02208 1.2
      vertex 7.30514 9.52024 1.2
    endloop
  endfacet
  facet normal -0.634393 -0.773011 -0
    outer loop
      vertex 7.91215 9.02208 1.2
      vertex 7.30514 9.52024 0
      vertex 7.91215 9.02208 0
    endloop
  endfacet
  facet normal 0.634389 0.773014 -0
    outer loop
      vertex 6.46159 7.36803 0
      vertex 5.96586 7.77486 1.2
      vertex 6.46159 7.36803 1.2
    endloop
  endfacet
  facet normal 0.634389 0.773014 0
    outer loop
      vertex 5.96586 7.77486 1.2
      vertex 6.46159 7.36803 0
      vertex 5.96586 7.77486 0
    endloop
  endfacet
  facet normal -0.58247 -0.812852 0
    outer loop
      vertex 6.66684 9.97763 0
      vertex 7.30514 9.52024 1.2
      vertex 6.66684 9.97763 1.2
    endloop
  endfacet
  facet normal -0.58247 -0.812852 -0
    outer loop
      vertex 7.30514 9.52024 1.2
      vertex 6.66684 9.97763 0
      vertex 7.30514 9.52024 0
    endloop
  endfacet
  facet normal 0.582481 0.812844 -0
    outer loop
      vertex 5.96586 7.77486 0
      vertex 5.44459 8.1484 1.2
      vertex 5.96586 7.77486 1.2
    endloop
  endfacet
  facet normal 0.582481 0.812844 0
    outer loop
      vertex 5.44459 8.1484 1.2
      vertex 5.96586 7.77486 0
      vertex 5.44459 8.1484 0
    endloop
  endfacet
  facet normal -0.52807 -0.849201 0
    outer loop
      vertex 6 10.3923 0
      vertex 6.66684 9.97763 1.2
      vertex 6 10.3923 1.2
    endloop
  endfacet
  facet normal -0.52807 -0.849201 -0
    outer loop
      vertex 6.66684 9.97763 1.2
      vertex 6 10.3923 0
      vertex 6.66684 9.97763 0
    endloop
  endfacet
  facet normal 0.52807 0.849201 -0
    outer loop
      vertex 5.44459 8.1484 0
      vertex 4.9 8.48705 1.2
      vertex 5.44459 8.1484 1.2
    endloop
  endfacet
  facet normal 0.52807 0.849201 0
    outer loop
      vertex 4.9 8.48705 1.2
      vertex 5.44459 8.1484 0
      vertex 4.9 8.48705 0
    endloop
  endfacet
  facet normal -0.471426 -0.881906 0
    outer loop
      vertex 5.30746 10.7625 0
      vertex 6 10.3923 1.2
      vertex 5.30746 10.7625 1.2
    endloop
  endfacet
  facet normal -0.471426 -0.881906 -0
    outer loop
      vertex 6 10.3923 1.2
      vertex 5.30746 10.7625 0
      vertex 6 10.3923 0
    endloop
  endfacet
  facet normal 0.471393 0.881924 -0
    outer loop
      vertex 4.9 8.48705 0
      vertex 4.33443 8.78935 1.2
      vertex 4.9 8.48705 1.2
    endloop
  endfacet
  facet normal 0.471393 0.881924 0
    outer loop
      vertex 4.33443 8.78935 1.2
      vertex 4.9 8.48705 0
      vertex 4.33443 8.78935 0
    endloop
  endfacet
  facet normal -0.412728 -0.910854 0
    outer loop
      vertex 4.5922 11.0866 0
      vertex 5.30746 10.7625 1.2
      vertex 4.5922 11.0866 1.2
    endloop
  endfacet
  facet normal -0.412728 -0.910854 -0
    outer loop
      vertex 5.30746 10.7625 1.2
      vertex 4.5922 11.0866 0
      vertex 5.30746 10.7625 0
    endloop
  endfacet
  facet normal 0.412712 0.910861 -0
    outer loop
      vertex 4.33443 8.78935 0
      vertex 3.7503 9.05402 1.2
      vertex 4.33443 8.78935 1.2
    endloop
  endfacet
  facet normal 0.412712 0.910861 0
    outer loop
      vertex 3.7503 9.05402 1.2
      vertex 4.33443 8.78935 0
      vertex 3.7503 9.05402 0
    endloop
  endfacet
  facet normal -0.352101 -0.935962 0
    outer loop
      vertex 4.10229 11.2709 0
      vertex 4.5922 11.0866 1.2
      vertex 4.10229 11.2709 1.2
    endloop
  endfacet
  facet normal -0.352101 -0.935962 -0
    outer loop
      vertex 4.5922 11.0866 1.2
      vertex 4.10229 11.2709 0
      vertex 4.5922 11.0866 0
    endloop
  endfacet
  facet normal 0.352236 0.935911 -0
    outer loop
      vertex 3.7503 9.05402 0
      vertex 3.3502 9.2046 1.2
      vertex 3.7503 9.05402 1.2
    endloop
  endfacet
  facet normal 0.352236 0.935911 0
    outer loop
      vertex 3.3502 9.2046 1.2
      vertex 3.7503 9.05402 0
      vertex 3.3502 9.2046 0
    endloop
  endfacet
  facet normal 0.0327281 -0.999464 0
    outer loop
      vertex -0.784837 11.9743 0
      vertex 0 12 1.2
      vertex -0.784837 11.9743 1.2
    endloop
  endfacet
  facet normal 0.0327281 -0.999464 0
    outer loop
      vertex 0 12 1.2
      vertex -0.784837 11.9743 0
      vertex 0 12 0
    endloop
  endfacet
  facet normal -0.0327151 0.999465 0
    outer loop
      vertex 0 9.8 0
      vertex -0.64095 9.77902 1.2
      vertex 0 9.8 1.2
    endloop
  endfacet
  facet normal -0.0327151 0.999465 0
    outer loop
      vertex -0.64095 9.77902 1.2
      vertex 0 9.8 0
      vertex -0.64095 9.77902 0
    endloop
  endfacet
  facet normal 0.098057 -0.995181 0
    outer loop
      vertex -1.56631 11.8973 0
      vertex -0.784837 11.9743 1.2
      vertex -1.56631 11.8973 1.2
    endloop
  endfacet
  facet normal 0.098057 -0.995181 0
    outer loop
      vertex -0.784837 11.9743 1.2
      vertex -1.56631 11.8973 0
      vertex -0.784837 11.9743 0
    endloop
  endfacet
  facet normal -0.0980199 0.995184 0
    outer loop
      vertex -0.64095 9.77902 0
      vertex -1.27916 9.71616 1.2
      vertex -0.64095 9.77902 1.2
    endloop
  endfacet
  facet normal -0.0980199 0.995184 0
    outer loop
      vertex -1.27916 9.71616 1.2
      vertex -0.64095 9.77902 0
      vertex -1.27916 9.71616 0
    endloop
  endfacet
  facet normal 0.162877 -0.986646 0
    outer loop
      vertex -2.34108 11.7694 0
      vertex -1.56631 11.8973 1.2
      vertex -2.34108 11.7694 1.2
    endloop
  endfacet
  facet normal 0.162877 -0.986646 0
    outer loop
      vertex -1.56631 11.8973 1.2
      vertex -2.34108 11.7694 0
      vertex -1.56631 11.8973 0
    endloop
  endfacet
  facet normal -0.162892 0.986644 0
    outer loop
      vertex -1.27916 9.71616 0
      vertex -1.91188 9.6117 1.2
      vertex -1.27916 9.71616 1.2
    endloop
  endfacet
  facet normal -0.162892 0.986644 0
    outer loop
      vertex -1.91188 9.6117 1.2
      vertex -1.27916 9.71616 0
      vertex -1.91188 9.6117 0
    endloop
  endfacet
  facet normal 0.227059 -0.973881 0
    outer loop
      vertex -3.10583 11.5911 0
      vertex -2.34108 11.7694 1.2
      vertex -3.10583 11.5911 1.2
    endloop
  endfacet
  facet normal 0.227059 -0.973881 0
    outer loop
      vertex -2.34108 11.7694 1.2
      vertex -3.10583 11.5911 0
      vertex -2.34108 11.7694 0
    endloop
  endfacet
  facet normal -0.227084 0.973875 0
    outer loop
      vertex -1.91188 9.6117 0
      vertex -2.53643 9.46607 1.2
      vertex -1.91188 9.6117 1.2
    endloop
  endfacet
  facet normal -0.227084 0.973875 0
    outer loop
      vertex -2.53643 9.46607 1.2
      vertex -1.91188 9.6117 0
      vertex -2.53643 9.46607 0
    endloop
  endfacet
  facet normal 0.29023 -0.956957 0
    outer loop
      vertex -3.85727 11.3632 0
      vertex -3.10583 11.5911 1.2
      vertex -3.85727 11.3632 1.2
    endloop
  endfacet
  facet normal 0.29023 -0.956957 0
    outer loop
      vertex -3.10583 11.5911 1.2
      vertex -3.85727 11.3632 0
      vertex -3.10583 11.5911 0
    endloop
  endfacet
  facet normal -0.290288 0.956939 0
    outer loop
      vertex -2.53643 9.46607 0
      vertex -3.15011 9.27991 1.2
      vertex -2.53643 9.46607 1.2
    endloop
  endfacet
  facet normal -0.290288 0.956939 0
    outer loop
      vertex -3.15011 9.27991 1.2
      vertex -2.53643 9.46607 0
      vertex -3.15011 9.27991 0
    endloop
  endfacet
  facet normal 0.352241 -0.935909 0
    outer loop
      vertex -4.5922 11.0866 0
      vertex -3.85727 11.3632 1.2
      vertex -4.5922 11.0866 1.2
    endloop
  endfacet
  facet normal 0.352241 -0.935909 0
    outer loop
      vertex -3.85727 11.3632 1.2
      vertex -4.5922 11.0866 0
      vertex -3.85727 11.3632 0
    endloop
  endfacet
  facet normal -0.352243 0.935909 0
    outer loop
      vertex -3.15011 9.27991 0
      vertex -3.7503 9.05402 1.2
      vertex -3.15011 9.27991 1.2
    endloop
  endfacet
  facet normal -0.352243 0.935909 0
    outer loop
      vertex -3.7503 9.05402 1.2
      vertex -3.15011 9.27991 0
      vertex -3.7503 9.05402 0
    endloop
  endfacet
  facet normal 0.412728 -0.910854 0
    outer loop
      vertex -5.30746 10.7625 0
      vertex -4.5922 11.0866 1.2
      vertex -5.30746 10.7625 1.2
    endloop
  endfacet
  facet normal 0.412728 -0.910854 0
    outer loop
      vertex -4.5922 11.0866 1.2
      vertex -5.30746 10.7625 0
      vertex -4.5922 11.0866 0
    endloop
  endfacet
  facet normal -0.412712 0.910861 0
    outer loop
      vertex -3.7503 9.05402 0
      vertex -4.33443 8.78935 1.2
      vertex -3.7503 9.05402 1.2
    endloop
  endfacet
  facet normal -0.412712 0.910861 0
    outer loop
      vertex -4.33443 8.78935 1.2
      vertex -3.7503 9.05402 0
      vertex -4.33443 8.78935 0
    endloop
  endfacet
  facet normal 0.471426 -0.881906 0
    outer loop
      vertex -6 10.3923 0
      vertex -5.30746 10.7625 1.2
      vertex -6 10.3923 1.2
    endloop
  endfacet
  facet normal 0.471426 -0.881906 0
    outer loop
      vertex -5.30746 10.7625 1.2
      vertex -6 10.3923 0
      vertex -5.30746 10.7625 0
    endloop
  endfacet
  facet normal -0.471393 0.881924 0
    outer loop
      vertex -4.33443 8.78935 0
      vertex -4.9 8.48705 1.2
      vertex -4.33443 8.78935 1.2
    endloop
  endfacet
  facet normal -0.471393 0.881924 0
    outer loop
      vertex -4.9 8.48705 1.2
      vertex -4.33443 8.78935 0
      vertex -4.9 8.48705 0
    endloop
  endfacet
  facet normal 0.52807 -0.849201 0
    outer loop
      vertex -6.66684 9.97763 0
      vertex -6 10.3923 1.2
      vertex -6.66684 9.97763 1.2
    endloop
  endfacet
  facet normal 0.52807 -0.849201 0
    outer loop
      vertex -6 10.3923 1.2
      vertex -6.66684 9.97763 0
      vertex -6 10.3923 0
    endloop
  endfacet
  facet normal -0.52807 0.849201 0
    outer loop
      vertex -4.9 8.48705 0
      vertex -5.44459 8.1484 1.2
      vertex -4.9 8.48705 1.2
    endloop
  endfacet
  facet normal -0.52807 0.849201 0
    outer loop
      vertex -5.44459 8.1484 1.2
      vertex -4.9 8.48705 0
      vertex -5.44459 8.1484 0
    endloop
  endfacet
  facet normal 0.58247 -0.812852 0
    outer loop
      vertex -7.30514 9.52024 0
      vertex -6.66684 9.97763 1.2
      vertex -7.30514 9.52024 1.2
    endloop
  endfacet
  facet normal 0.58247 -0.812852 0
    outer loop
      vertex -6.66684 9.97763 1.2
      vertex -7.30514 9.52024 0
      vertex -6.66684 9.97763 0
    endloop
  endfacet
  facet normal -0.582481 0.812844 0
    outer loop
      vertex -5.44459 8.1484 0
      vertex -5.96586 7.77486 1.2
      vertex -5.44459 8.1484 1.2
    endloop
  endfacet
  facet normal -0.582481 0.812844 0
    outer loop
      vertex -5.96586 7.77486 1.2
      vertex -5.44459 8.1484 0
      vertex -5.96586 7.77486 0
    endloop
  endfacet
  facet normal 0.634393 -0.773011 0
    outer loop
      vertex -7.91215 9.02208 0
      vertex -7.30514 9.52024 1.2
      vertex -7.91215 9.02208 1.2
    endloop
  endfacet
  facet normal 0.634393 -0.773011 0
    outer loop
      vertex -7.30514 9.52024 1.2
      vertex -7.91215 9.02208 0
      vertex -7.30514 9.52024 0
    endloop
  endfacet
  facet normal -0.634389 0.773014 0
    outer loop
      vertex -5.96586 7.77486 0
      vertex -6.46159 7.36803 1.2
      vertex -5.96586 7.77486 1.2
    endloop
  endfacet
  facet normal -0.634389 0.773014 0
    outer loop
      vertex -6.46159 7.36803 1.2
      vertex -5.96586 7.77486 0
      vertex -6.46159 7.36803 0
    endloop
  endfacet
  facet normal 0.683596 -0.729861 0
    outer loop
      vertex -8.48528 8.48528 0
      vertex -7.91215 9.02208 1.2
      vertex -8.48528 8.48528 1.2
    endloop
  endfacet
  facet normal 0.683596 -0.729861 0
    outer loop
      vertex -7.91215 9.02208 1.2
      vertex -8.48528 8.48528 0
      vertex -7.91215 9.02208 0
    endloop
  endfacet
  facet normal -0.683587 0.729869 0
    outer loop
      vertex -6.46159 7.36803 0
      vertex -6.92965 6.92965 1.2
      vertex -6.46159 7.36803 1.2
    endloop
  endfacet
  facet normal -0.683587 0.729869 0
    outer loop
      vertex -6.92965 6.92965 1.2
      vertex -6.46159 7.36803 0
      vertex -6.92965 6.92965 0
    endloop
  endfacet
  facet normal 0.729861 -0.683596 0
    outer loop
      vertex -9.02208 7.91215 1.2
      vertex -8.48528 8.48528 0
      vertex -8.48528 8.48528 1.2
    endloop
  endfacet
  facet normal 0.729861 -0.683596 0
    outer loop
      vertex -8.48528 8.48528 0
      vertex -9.02208 7.91215 1.2
      vertex -9.02208 7.91215 0
    endloop
  endfacet
  facet normal -0.729869 0.683587 0
    outer loop
      vertex -7.36803 6.46159 0
      vertex -6.92965 6.92965 1.2
      vertex -6.92965 6.92965 0
    endloop
  endfacet
  facet normal -0.729869 0.683587 0
    outer loop
      vertex -6.92965 6.92965 1.2
      vertex -7.36803 6.46159 0
      vertex -7.36803 6.46159 1.2
    endloop
  endfacet
  facet normal 0.773011 -0.634393 0
    outer loop
      vertex -9.52024 7.30514 1.2
      vertex -9.02208 7.91215 0
      vertex -9.02208 7.91215 1.2
    endloop
  endfacet
  facet normal 0.773011 -0.634393 0
    outer loop
      vertex -9.02208 7.91215 0
      vertex -9.52024 7.30514 1.2
      vertex -9.52024 7.30514 0
    endloop
  endfacet
  facet normal -0.773014 0.634389 0
    outer loop
      vertex -7.77486 5.96586 0
      vertex -7.36803 6.46159 1.2
      vertex -7.36803 6.46159 0
    endloop
  endfacet
  facet normal -0.773014 0.634389 0
    outer loop
      vertex -7.36803 6.46159 1.2
      vertex -7.77486 5.96586 0
      vertex -7.77486 5.96586 1.2
    endloop
  endfacet
  facet normal 0.812852 -0.58247 0
    outer loop
      vertex -9.97763 6.66684 1.2
      vertex -9.52024 7.30514 0
      vertex -9.52024 7.30514 1.2
    endloop
  endfacet
  facet normal 0.812852 -0.58247 0
    outer loop
      vertex -9.52024 7.30514 0
      vertex -9.97763 6.66684 1.2
      vertex -9.97763 6.66684 0
    endloop
  endfacet
  facet normal -0.812844 0.582481 0
    outer loop
      vertex -8.1484 5.44459 0
      vertex -7.77486 5.96586 1.2
      vertex -7.77486 5.96586 0
    endloop
  endfacet
  facet normal -0.812844 0.582481 0
    outer loop
      vertex -7.77486 5.96586 1.2
      vertex -8.1484 5.44459 0
      vertex -8.1484 5.44459 1.2
    endloop
  endfacet
  facet normal 0.849201 -0.52807 0
    outer loop
      vertex -10.3923 6 1.2
      vertex -9.97763 6.66684 0
      vertex -9.97763 6.66684 1.2
    endloop
  endfacet
  facet normal 0.849201 -0.52807 0
    outer loop
      vertex -9.97763 6.66684 0
      vertex -10.3923 6 1.2
      vertex -10.3923 6 0
    endloop
  endfacet
  facet normal -0.849201 0.52807 0
    outer loop
      vertex -8.48705 4.9 0
      vertex -8.1484 5.44459 1.2
      vertex -8.1484 5.44459 0
    endloop
  endfacet
  facet normal -0.849201 0.52807 0
    outer loop
      vertex -8.1484 5.44459 1.2
      vertex -8.48705 4.9 0
      vertex -8.48705 4.9 1.2
    endloop
  endfacet
  facet normal 0.881906 -0.471426 0
    outer loop
      vertex -10.7625 5.30746 1.2
      vertex -10.3923 6 0
      vertex -10.3923 6 1.2
    endloop
  endfacet
  facet normal 0.881906 -0.471426 0
    outer loop
      vertex -10.3923 6 0
      vertex -10.7625 5.30746 1.2
      vertex -10.7625 5.30746 0
    endloop
  endfacet
  facet normal -0.881924 0.471393 0
    outer loop
      vertex -8.78935 4.33443 0
      vertex -8.48705 4.9 1.2
      vertex -8.48705 4.9 0
    endloop
  endfacet
  facet normal -0.881924 0.471393 0
    outer loop
      vertex -8.48705 4.9 1.2
      vertex -8.78935 4.33443 0
      vertex -8.78935 4.33443 1.2
    endloop
  endfacet
  facet normal 0.910854 -0.412728 0
    outer loop
      vertex -11.0866 4.5922 1.2
      vertex -10.7625 5.30746 0
      vertex -10.7625 5.30746 1.2
    endloop
  endfacet
  facet normal 0.910854 -0.412728 0
    outer loop
      vertex -10.7625 5.30746 0
      vertex -11.0866 4.5922 1.2
      vertex -11.0866 4.5922 0
    endloop
  endfacet
  facet normal -0.910861 0.412712 0
    outer loop
      vertex -9.05402 3.7503 0
      vertex -8.78935 4.33443 1.2
      vertex -8.78935 4.33443 0
    endloop
  endfacet
  facet normal -0.910861 0.412712 0
    outer loop
      vertex -8.78935 4.33443 1.2
      vertex -9.05402 3.7503 0
      vertex -9.05402 3.7503 1.2
    endloop
  endfacet
  facet normal 0.935909 -0.352241 0
    outer loop
      vertex -11.3632 3.85727 1.2
      vertex -11.0866 4.5922 0
      vertex -11.0866 4.5922 1.2
    endloop
  endfacet
  facet normal 0.935909 -0.352241 0
    outer loop
      vertex -11.0866 4.5922 0
      vertex -11.3632 3.85727 1.2
      vertex -11.3632 3.85727 0
    endloop
  endfacet
  facet normal -0.935909 0.352243 0
    outer loop
      vertex -9.27991 3.15011 0
      vertex -9.05402 3.7503 1.2
      vertex -9.05402 3.7503 0
    endloop
  endfacet
  facet normal -0.935909 0.352243 0
    outer loop
      vertex -9.05402 3.7503 1.2
      vertex -9.27991 3.15011 0
      vertex -9.27991 3.15011 1.2
    endloop
  endfacet
  facet normal 0.956957 -0.29023 0
    outer loop
      vertex -11.5911 3.10583 1.2
      vertex -11.3632 3.85727 0
      vertex -11.3632 3.85727 1.2
    endloop
  endfacet
  facet normal 0.956957 -0.29023 0
    outer loop
      vertex -11.3632 3.85727 0
      vertex -11.5911 3.10583 1.2
      vertex -11.5911 3.10583 0
    endloop
  endfacet
  facet normal -0.956939 0.290288 0
    outer loop
      vertex -9.46607 2.53643 0
      vertex -9.27991 3.15011 1.2
      vertex -9.27991 3.15011 0
    endloop
  endfacet
  facet normal -0.956939 0.290288 0
    outer loop
      vertex -9.27991 3.15011 1.2
      vertex -9.46607 2.53643 0
      vertex -9.46607 2.53643 1.2
    endloop
  endfacet
  facet normal 0.973881 -0.227059 0
    outer loop
      vertex -11.7694 2.34108 1.2
      vertex -11.5911 3.10583 0
      vertex -11.5911 3.10583 1.2
    endloop
  endfacet
  facet normal 0.973881 -0.227059 0
    outer loop
      vertex -11.5911 3.10583 0
      vertex -11.7694 2.34108 1.2
      vertex -11.7694 2.34108 0
    endloop
  endfacet
  facet normal -0.973875 0.227084 0
    outer loop
      vertex -9.6117 1.91188 0
      vertex -9.46607 2.53643 1.2
      vertex -9.46607 2.53643 0
    endloop
  endfacet
  facet normal -0.973875 0.227084 0
    outer loop
      vertex -9.46607 2.53643 1.2
      vertex -9.6117 1.91188 0
      vertex -9.6117 1.91188 1.2
    endloop
  endfacet
  facet normal 0.986646 -0.162877 0
    outer loop
      vertex -11.8973 1.56631 1.2
      vertex -11.7694 2.34108 0
      vertex -11.7694 2.34108 1.2
    endloop
  endfacet
  facet normal 0.986646 -0.162877 0
    outer loop
      vertex -11.7694 2.34108 0
      vertex -11.8973 1.56631 1.2
      vertex -11.8973 1.56631 0
    endloop
  endfacet
  facet normal -0.986644 0.16289 0
    outer loop
      vertex -9.6117 1.91188 0
      vertex -9.70431 1.35093 0.799999
      vertex -9.6117 1.91188 1.2
    endloop
  endfacet
  facet normal -0.986644 0.162892 1.24321e-06
    outer loop
      vertex -9.71616 1.27916 0
      vertex -9.70431 1.35093 0.799999
      vertex -9.6117 1.91188 0
    endloop
  endfacet
  facet normal -0.986642 0.162905 0
    outer loop
      vertex -9.70431 1.35093 0.799999
      vertex -9.71616 1.27916 0
      vertex -9.71616 1.27916 0.799999
    endloop
  endfacet
  facet normal -0.986644 0.16289 0
    outer loop
      vertex -9.6117 1.91188 1.2
      vertex -9.70431 1.35093 0.799999
      vertex -9.70431 1.35093 1.2
    endloop
  endfacet
  facet normal 0.995171 -0.0981516 0
    outer loop
      vertex -11.8996 1.54299 0.799999
      vertex -11.8973 1.56631 1.2
      vertex -11.8996 1.54299 1.2
    endloop
  endfacet
  facet normal 0.995171 -0.0981516 0
    outer loop
      vertex -11.8973 1.56631 1.2
      vertex -11.8996 1.54299 0.799999
      vertex -11.8973 1.56631 0
    endloop
  endfacet
  facet normal 0.995181 -0.0980541 0
    outer loop
      vertex -11.9743 0.784837 0
      vertex -11.8996 1.54299 0.799999
      vertex -11.9743 0.784837 0.799999
    endloop
  endfacet
  facet normal 0.995181 -0.098057 2.78237e-06
    outer loop
      vertex -11.8996 1.54299 0.799999
      vertex -11.9743 0.784837 0
      vertex -11.8973 1.56631 0
    endloop
  endfacet
  facet normal -0.995184 0.0980199 0
    outer loop
      vertex -9.77902 0.64095 0
      vertex -9.71616 1.27916 0.799999
      vertex -9.71616 1.27916 0
    endloop
  endfacet
  facet normal -0.995184 0.0980199 0
    outer loop
      vertex -9.71616 1.27916 0.799999
      vertex -9.77902 0.64095 0
      vertex -9.77902 0.64095 0.799999
    endloop
  endfacet
  facet normal 0.999464 -0.032743 0
    outer loop
      vertex -11.9821 0.546388 1.2
      vertex -12 0 1.2
      vertex -11.9821 0.546388 0.799999
    endloop
  endfacet
  facet normal 0.999465 -0.0326939 0
    outer loop
      vertex -11.9821 0.546388 0.799999
      vertex -11.9743 0.784837 0
      vertex -11.9743 0.784837 0.799999
    endloop
  endfacet
  facet normal 0.999464 -0.032743 0
    outer loop
      vertex -12 0 0
      vertex -11.9821 0.546388 0.799999
      vertex -12 0 1.2
    endloop
  endfacet
  facet normal 0.999464 -0.0327281 -1.02048e-05
    outer loop
      vertex -11.9821 0.546388 0.799999
      vertex -12 0 0
      vertex -11.9743 0.784837 0
    endloop
  endfacet
  facet normal -0.999466 0.0326891 0
    outer loop
      vertex -9.77902 0.64095 0
      vertex -9.78839 0.354463 0.799999
      vertex -9.77902 0.64095 0.799999
    endloop
  endfacet
  facet normal -0.999465 0.0327151 9.34784e-06
    outer loop
      vertex -9.8 0 0
      vertex -9.78839 0.354463 0.799999
      vertex -9.77902 0.64095 0
    endloop
  endfacet
  facet normal -0.999464 0.0327362 0
    outer loop
      vertex -9.8 0 1.2
      vertex -9.78839 0.354463 0.799999
      vertex -9.8 0 0
    endloop
  endfacet
  facet normal -0.999464 0.0327362 0
    outer loop
      vertex -9.78839 0.354463 0.799999
      vertex -9.8 0 1.2
      vertex -9.78839 0.354463 1.2
    endloop
  endfacet
  facet normal -1 0 0
    outer loop
      vertex 0 9.8 0
      vertex 0 12 1.2
      vertex 0 12 0
    endloop
  endfacet
  facet normal -1 -0 0
    outer loop
      vertex 0 12 1.2
      vertex 0 9.8 0
      vertex 0 9.8 1.2
    endloop
  endfacet
  facet normal 0.93969 -0.342027 0
    outer loop
      vertex 3.3502 9.2046 1.2
      vertex 4.10229 11.2709 0
      vertex 4.10229 11.2709 1.2
    endloop
  endfacet
  facet normal 0.93969 -0.342027 0
    outer loop
      vertex 4.10229 11.2709 0
      vertex 3.3502 9.2046 1.2
      vertex 3.3502 9.2046 0
    endloop
  endfacet
  facet normal -0.999464 0.0327305 0
    outer loop
      vertex 5.48822 -0.359716 0.299999
      vertex 5.5 0 1.2
      vertex 5.5 0 0.299999
    endloop
  endfacet
  facet normal -0.999464 0.0327305 0
    outer loop
      vertex 5.5 0 1.2
      vertex 5.48822 -0.359716 0.299999
      vertex 5.48822 -0.359716 1.2
    endloop
  endfacet
  facet normal 0.999464 0.0327305 0
    outer loop
      vertex -5.48822 -0.359716 1.2
      vertex -5.5 0 0.299999
      vertex -5.5 0 1.2
    endloop
  endfacet
  facet normal 0.999464 0.0327305 0
    outer loop
      vertex -5.5 0 0.299999
      vertex -5.48822 -0.359716 1.2
      vertex -5.48822 -0.359716 0.299999
    endloop
  endfacet
  facet normal -0.0327305 0.999464 0
    outer loop
      vertex 0.359716 -5.48822 0.299999
      vertex 0 -5.5 1.2
      vertex 0.359716 -5.48822 1.2
    endloop
  endfacet
  facet normal -0.0327305 0.999464 0
    outer loop
      vertex 0 -5.5 1.2
      vertex 0.359716 -5.48822 0.299999
      vertex 0 -5.5 0.299999
    endloop
  endfacet
  facet normal 0.0327305 -0.999464 0
    outer loop
      vertex -0.359716 5.48822 0.299999
      vertex 0 5.5 1.2
      vertex -0.359716 5.48822 1.2
    endloop
  endfacet
  facet normal 0.0327305 -0.999464 0
    outer loop
      vertex 0 5.5 1.2
      vertex -0.359716 5.48822 0.299999
      vertex 0 5.5 0.299999
    endloop
  endfacet
  facet normal -0.683583 0.729872 0
    outer loop
      vertex 3.88909 -3.88909 0.299999
      vertex 3.6264 -4.13512 1.2
      vertex 3.88909 -3.88909 1.2
    endloop
  endfacet
  facet normal -0.683583 0.729872 0
    outer loop
      vertex 3.6264 -4.13512 1.2
      vertex 3.88909 -3.88909 0.299999
      vertex 3.6264 -4.13512 0.299999
    endloop
  endfacet
  facet normal 0.683583 0.729872 -0
    outer loop
      vertex -3.6264 -4.13512 0.299999
      vertex -3.88909 -3.88909 1.2
      vertex -3.6264 -4.13512 1.2
    endloop
  endfacet
  facet normal 0.683583 0.729872 0
    outer loop
      vertex -3.88909 -3.88909 1.2
      vertex -3.6264 -4.13512 0.299999
      vertex -3.88909 -3.88909 0.299999
    endloop
  endfacet
  facet normal 0.352256 0.935904 -0
    outer loop
      vertex -1.76792 -5.20812 0.299999
      vertex -2.10476 -5.08134 1.2
      vertex -1.76792 -5.20812 1.2
    endloop
  endfacet
  facet normal 0.352256 0.935904 0
    outer loop
      vertex -2.10476 -5.08134 1.2
      vertex -1.76792 -5.20812 0.299999
      vertex -2.10476 -5.08134 0.299999
    endloop
  endfacet
  facet normal -0.910862 0.412712 0
    outer loop
      vertex 4.9328 -2.43259 0.299999
      vertex 5.08134 -2.10476 1.2
      vertex 5.08134 -2.10476 0.299999
    endloop
  endfacet
  facet normal -0.910862 0.412712 0
    outer loop
      vertex 5.08134 -2.10476 1.2
      vertex 4.9328 -2.43259 0.299999
      vertex 4.9328 -2.43259 1.2
    endloop
  endfacet
  facet normal -0.352256 0.935904 0
    outer loop
      vertex 2.10476 -5.08134 0.299999
      vertex 1.76792 -5.20812 1.2
      vertex 2.10476 -5.08134 1.2
    endloop
  endfacet
  facet normal -0.352256 0.935904 0
    outer loop
      vertex 1.76792 -5.20812 1.2
      vertex 2.10476 -5.08134 0.299999
      vertex 1.76792 -5.20812 0.299999
    endloop
  endfacet
  facet normal -0.52807 0.849201 0
    outer loop
      vertex 3.05564 -4.57308 0.299999
      vertex 2.75 -4.76314 1.2
      vertex 3.05564 -4.57308 1.2
    endloop
  endfacet
  facet normal -0.52807 0.849201 0
    outer loop
      vertex 2.75 -4.76314 1.2
      vertex 3.05564 -4.57308 0.299999
      vertex 2.75 -4.76314 0.299999
    endloop
  endfacet
  facet normal 0.910862 0.412712 0
    outer loop
      vertex -4.9328 -2.43259 1.2
      vertex -5.08134 -2.10476 0.299999
      vertex -5.08134 -2.10476 1.2
    endloop
  endfacet
  facet normal 0.910862 0.412712 0
    outer loop
      vertex -5.08134 -2.10476 0.299999
      vertex -4.9328 -2.43259 1.2
      vertex -4.9328 -2.43259 0.299999
    endloop
  endfacet
  facet normal 0.1629 0.986643 -0
    outer loop
      vertex -0.717894 -5.45295 0.299999
      vertex -1.073 -5.39432 1.2
      vertex -0.717894 -5.45295 1.2
    endloop
  endfacet
  facet normal 0.1629 0.986643 0
    outer loop
      vertex -1.073 -5.39432 1.2
      vertex -0.717894 -5.45295 0.299999
      vertex -1.073 -5.39432 0.299999
    endloop
  endfacet
  facet normal 0.729872 -0.683583 0
    outer loop
      vertex -4.13512 3.6264 1.2
      vertex -3.88909 3.88909 0.299999
      vertex -3.88909 3.88909 1.2
    endloop
  endfacet
  facet normal 0.729872 -0.683583 0
    outer loop
      vertex -3.88909 3.88909 0.299999
      vertex -4.13512 3.6264 1.2
      vertex -4.13512 3.6264 0.299999
    endloop
  endfacet
  facet normal -0.986643 0.1629 0
    outer loop
      vertex 5.39432 -1.073 0.299999
      vertex 5.45295 -0.717894 1.2
      vertex 5.45295 -0.717894 0.299999
    endloop
  endfacet
  facet normal -0.986643 0.1629 0
    outer loop
      vertex 5.45295 -0.717894 1.2
      vertex 5.39432 -1.073 0.299999
      vertex 5.39432 -1.073 1.2
    endloop
  endfacet
  facet normal -0.995187 0.0979966 0
    outer loop
      vertex 5.45295 -0.717894 0.299999
      vertex 5.48822 -0.359716 1.2
      vertex 5.48822 -0.359716 0.299999
    endloop
  endfacet
  facet normal -0.995187 0.0979966 0
    outer loop
      vertex 5.48822 -0.359716 1.2
      vertex 5.45295 -0.717894 0.299999
      vertex 5.45295 -0.717894 1.2
    endloop
  endfacet
  facet normal -0.956947 0.290263 0
    outer loop
      vertex 5.20812 -1.76792 0.299999
      vertex 5.31259 -1.4235 1.2
      vertex 5.31259 -1.4235 0.299999
    endloop
  endfacet
  facet normal -0.956947 0.290263 0
    outer loop
      vertex 5.31259 -1.4235 1.2
      vertex 5.20812 -1.76792 0.299999
      vertex 5.20812 -1.76792 1.2
    endloop
  endfacet
  facet normal -0.812845 0.582481 0
    outer loop
      vertex 4.36344 -3.34819 0.299999
      vertex 4.57308 -3.05564 1.2
      vertex 4.57308 -3.05564 0.299999
    endloop
  endfacet
  facet normal -0.812845 0.582481 0
    outer loop
      vertex 4.57308 -3.05564 1.2
      vertex 4.36344 -3.34819 0.299999
      vertex 4.36344 -3.34819 1.2
    endloop
  endfacet
  facet normal -0.773012 0.634392 0
    outer loop
      vertex 4.13512 -3.6264 0.299999
      vertex 4.36344 -3.34819 1.2
      vertex 4.36344 -3.34819 0.299999
    endloop
  endfacet
  facet normal -0.773012 0.634392 0
    outer loop
      vertex 4.36344 -3.34819 1.2
      vertex 4.13512 -3.6264 0.299999
      vertex 4.13512 -3.6264 1.2
    endloop
  endfacet
  facet normal -0.88192 0.471399 0
    outer loop
      vertex 4.76314 -2.75 0.299999
      vertex 4.9328 -2.43259 1.2
      vertex 4.9328 -2.43259 0.299999
    endloop
  endfacet
  facet normal -0.88192 0.471399 0
    outer loop
      vertex 4.9328 -2.43259 1.2
      vertex 4.76314 -2.75 0.299999
      vertex 4.76314 -2.75 1.2
    endloop
  endfacet
  facet normal -0.1629 0.986643 0
    outer loop
      vertex 1.073 -5.39432 0.299999
      vertex 0.717894 -5.45295 1.2
      vertex 1.073 -5.39432 1.2
    endloop
  endfacet
  facet normal -0.1629 0.986643 0
    outer loop
      vertex 0.717894 -5.45295 1.2
      vertex 1.073 -5.39432 0.299999
      vertex 0.717894 -5.45295 0.299999
    endloop
  endfacet
  facet normal -0.227089 0.973874 0
    outer loop
      vertex 1.4235 -5.31259 0.299999
      vertex 1.073 -5.39432 1.2
      vertex 1.4235 -5.31259 1.2
    endloop
  endfacet
  facet normal -0.227089 0.973874 0
    outer loop
      vertex 1.073 -5.39432 1.2
      vertex 1.4235 -5.31259 0.299999
      vertex 1.073 -5.39432 0.299999
    endloop
  endfacet
  facet normal -0.0979966 0.995187 0
    outer loop
      vertex 0.717894 -5.45295 0.299999
      vertex 0.359716 -5.48822 1.2
      vertex 0.717894 -5.45295 1.2
    endloop
  endfacet
  facet normal -0.0979966 0.995187 0
    outer loop
      vertex 0.359716 -5.48822 1.2
      vertex 0.717894 -5.45295 0.299999
      vertex 0.359716 -5.48822 0.299999
    endloop
  endfacet
  facet normal -0.471399 0.88192 0
    outer loop
      vertex 2.75 -4.76314 0.299999
      vertex 2.43259 -4.9328 1.2
      vertex 2.75 -4.76314 1.2
    endloop
  endfacet
  facet normal -0.471399 0.88192 0
    outer loop
      vertex 2.43259 -4.9328 1.2
      vertex 2.75 -4.76314 0.299999
      vertex 2.43259 -4.9328 0.299999
    endloop
  endfacet
  facet normal -0.634392 0.773012 0
    outer loop
      vertex 3.6264 -4.13512 0.299999
      vertex 3.34819 -4.36344 1.2
      vertex 3.6264 -4.13512 1.2
    endloop
  endfacet
  facet normal -0.634392 0.773012 0
    outer loop
      vertex 3.34819 -4.36344 1.2
      vertex 3.6264 -4.13512 0.299999
      vertex 3.34819 -4.36344 0.299999
    endloop
  endfacet
  facet normal 0.956947 0.290263 0
    outer loop
      vertex -5.20812 -1.76792 1.2
      vertex -5.31259 -1.4235 0.299999
      vertex -5.31259 -1.4235 1.2
    endloop
  endfacet
  facet normal 0.956947 0.290263 0
    outer loop
      vertex -5.31259 -1.4235 0.299999
      vertex -5.20812 -1.76792 1.2
      vertex -5.20812 -1.76792 0.299999
    endloop
  endfacet
  facet normal 0.773012 0.634392 0
    outer loop
      vertex -4.13512 -3.6264 1.2
      vertex -4.36344 -3.34819 0.299999
      vertex -4.36344 -3.34819 1.2
    endloop
  endfacet
  facet normal 0.773012 0.634392 0
    outer loop
      vertex -4.36344 -3.34819 0.299999
      vertex -4.13512 -3.6264 1.2
      vertex -4.13512 -3.6264 0.299999
    endloop
  endfacet
  facet normal 0.729872 0.683583 0
    outer loop
      vertex -3.88909 -3.88909 1.2
      vertex -4.13512 -3.6264 0.299999
      vertex -4.13512 -3.6264 1.2
    endloop
  endfacet
  facet normal 0.729872 0.683583 0
    outer loop
      vertex -4.13512 -3.6264 0.299999
      vertex -3.88909 -3.88909 1.2
      vertex -3.88909 -3.88909 0.299999
    endloop
  endfacet
  facet normal 0.849201 0.52807 0
    outer loop
      vertex -4.57308 -3.05564 1.2
      vertex -4.76314 -2.75 0.299999
      vertex -4.76314 -2.75 1.2
    endloop
  endfacet
  facet normal 0.849201 0.52807 0
    outer loop
      vertex -4.76314 -2.75 0.299999
      vertex -4.57308 -3.05564 1.2
      vertex -4.57308 -3.05564 0.299999
    endloop
  endfacet
  facet normal 0.935904 0.352256 0
    outer loop
      vertex -5.08134 -2.10476 1.2
      vertex -5.20812 -1.76792 0.299999
      vertex -5.20812 -1.76792 1.2
    endloop
  endfacet
  facet normal 0.935904 0.352256 0
    outer loop
      vertex -5.20812 -1.76792 0.299999
      vertex -5.08134 -2.10476 1.2
      vertex -5.08134 -2.10476 0.299999
    endloop
  endfacet
  facet normal 0.986643 0.1629 0
    outer loop
      vertex -5.39432 -1.073 1.2
      vertex -5.45295 -0.717894 0.299999
      vertex -5.45295 -0.717894 1.2
    endloop
  endfacet
  facet normal 0.986643 0.1629 0
    outer loop
      vertex -5.45295 -0.717894 0.299999
      vertex -5.39432 -1.073 1.2
      vertex -5.39432 -1.073 0.299999
    endloop
  endfacet
  facet normal 0.52807 0.849201 -0
    outer loop
      vertex -2.75 -4.76314 0.299999
      vertex -3.05564 -4.57308 1.2
      vertex -2.75 -4.76314 1.2
    endloop
  endfacet
  facet normal 0.52807 0.849201 0
    outer loop
      vertex -3.05564 -4.57308 1.2
      vertex -2.75 -4.76314 0.299999
      vertex -3.05564 -4.57308 0.299999
    endloop
  endfacet
  facet normal 0.471399 0.88192 -0
    outer loop
      vertex -2.43259 -4.9328 0.299999
      vertex -2.75 -4.76314 1.2
      vertex -2.43259 -4.9328 1.2
    endloop
  endfacet
  facet normal 0.471399 0.88192 0
    outer loop
      vertex -2.75 -4.76314 1.2
      vertex -2.43259 -4.9328 0.299999
      vertex -2.75 -4.76314 0.299999
    endloop
  endfacet
  facet normal 0.634392 0.773012 -0
    outer loop
      vertex -3.34819 -4.36344 0.299999
      vertex -3.6264 -4.13512 1.2
      vertex -3.34819 -4.36344 1.2
    endloop
  endfacet
  facet normal 0.634392 0.773012 0
    outer loop
      vertex -3.6264 -4.13512 1.2
      vertex -3.34819 -4.36344 0.299999
      vertex -3.6264 -4.13512 0.299999
    endloop
  endfacet
  facet normal 0.290263 0.956947 -0
    outer loop
      vertex -1.4235 -5.31259 0.299999
      vertex -1.76792 -5.20812 1.2
      vertex -1.4235 -5.31259 1.2
    endloop
  endfacet
  facet normal 0.290263 0.956947 0
    outer loop
      vertex -1.76792 -5.20812 1.2
      vertex -1.4235 -5.31259 0.299999
      vertex -1.76792 -5.20812 0.299999
    endloop
  endfacet
  facet normal 0.0979966 0.995187 -0
    outer loop
      vertex -0.359716 -5.48822 0.299999
      vertex -0.717894 -5.45295 1.2
      vertex -0.359716 -5.48822 1.2
    endloop
  endfacet
  facet normal 0.0979966 0.995187 0
    outer loop
      vertex -0.717894 -5.45295 1.2
      vertex -0.359716 -5.48822 0.299999
      vertex -0.717894 -5.45295 0.299999
    endloop
  endfacet
  facet normal -0.634392 -0.773012 0
    outer loop
      vertex 3.34819 4.36344 0.299999
      vertex 3.6264 4.13512 1.2
      vertex 3.34819 4.36344 1.2
    endloop
  endfacet
  facet normal -0.634392 -0.773012 -0
    outer loop
      vertex 3.6264 4.13512 1.2
      vertex 3.34819 4.36344 0.299999
      vertex 3.6264 4.13512 0.299999
    endloop
  endfacet
  facet normal -0.729872 -0.683583 0
    outer loop
      vertex 4.13512 3.6264 0.299999
      vertex 3.88909 3.88909 1.2
      vertex 3.88909 3.88909 0.299999
    endloop
  endfacet
  facet normal -0.729872 -0.683583 0
    outer loop
      vertex 3.88909 3.88909 1.2
      vertex 4.13512 3.6264 0.299999
      vertex 4.13512 3.6264 1.2
    endloop
  endfacet
  facet normal -0.582481 -0.812845 0
    outer loop
      vertex 3.05564 4.57308 0.299999
      vertex 3.34819 4.36344 1.2
      vertex 3.05564 4.57308 1.2
    endloop
  endfacet
  facet normal -0.582481 -0.812845 -0
    outer loop
      vertex 3.34819 4.36344 1.2
      vertex 3.05564 4.57308 0.299999
      vertex 3.34819 4.36344 0.299999
    endloop
  endfacet
  facet normal -0.812845 -0.582481 0
    outer loop
      vertex 4.57308 3.05564 0.299999
      vertex 4.36344 3.34819 1.2
      vertex 4.36344 3.34819 0.299999
    endloop
  endfacet
  facet normal -0.812845 -0.582481 0
    outer loop
      vertex 4.36344 3.34819 1.2
      vertex 4.57308 3.05564 0.299999
      vertex 4.57308 3.05564 1.2
    endloop
  endfacet
  facet normal -0.773012 -0.634392 0
    outer loop
      vertex 4.36344 3.34819 0.299999
      vertex 4.13512 3.6264 1.2
      vertex 4.13512 3.6264 0.299999
    endloop
  endfacet
  facet normal -0.773012 -0.634392 0
    outer loop
      vertex 4.13512 3.6264 1.2
      vertex 4.36344 3.34819 0.299999
      vertex 4.36344 3.34819 1.2
    endloop
  endfacet
  facet normal -0.935904 -0.352256 0
    outer loop
      vertex 5.20812 1.76792 0.299999
      vertex 5.08134 2.10476 1.2
      vertex 5.08134 2.10476 0.299999
    endloop
  endfacet
  facet normal -0.935904 -0.352256 0
    outer loop
      vertex 5.08134 2.10476 1.2
      vertex 5.20812 1.76792 0.299999
      vertex 5.20812 1.76792 1.2
    endloop
  endfacet
  facet normal -0.88192 -0.471399 0
    outer loop
      vertex 4.9328 2.43259 0.299999
      vertex 4.76314 2.75 1.2
      vertex 4.76314 2.75 0.299999
    endloop
  endfacet
  facet normal -0.88192 -0.471399 0
    outer loop
      vertex 4.76314 2.75 1.2
      vertex 4.9328 2.43259 0.299999
      vertex 4.9328 2.43259 1.2
    endloop
  endfacet
  facet normal -0.995187 -0.0979966 0
    outer loop
      vertex 5.48822 0.359716 0.299999
      vertex 5.45295 0.717894 1.2
      vertex 5.45295 0.717894 0.299999
    endloop
  endfacet
  facet normal -0.995187 -0.0979966 0
    outer loop
      vertex 5.45295 0.717894 1.2
      vertex 5.48822 0.359716 0.299999
      vertex 5.48822 0.359716 1.2
    endloop
  endfacet
  facet normal 0.634392 -0.773012 0
    outer loop
      vertex -3.6264 4.13512 0.299999
      vertex -3.34819 4.36344 1.2
      vertex -3.6264 4.13512 1.2
    endloop
  endfacet
  facet normal 0.634392 -0.773012 0
    outer loop
      vertex -3.34819 4.36344 1.2
      vertex -3.6264 4.13512 0.299999
      vertex -3.34819 4.36344 0.299999
    endloop
  endfacet
  facet normal 0.683583 -0.729872 0
    outer loop
      vertex -3.88909 3.88909 0.299999
      vertex -3.6264 4.13512 1.2
      vertex -3.88909 3.88909 1.2
    endloop
  endfacet
  facet normal 0.683583 -0.729872 0
    outer loop
      vertex -3.6264 4.13512 1.2
      vertex -3.88909 3.88909 0.299999
      vertex -3.6264 4.13512 0.299999
    endloop
  endfacet
  facet normal 0.412712 -0.910862 0
    outer loop
      vertex -2.43259 4.9328 0.299999
      vertex -2.10476 5.08134 1.2
      vertex -2.43259 4.9328 1.2
    endloop
  endfacet
  facet normal 0.412712 -0.910862 0
    outer loop
      vertex -2.10476 5.08134 1.2
      vertex -2.43259 4.9328 0.299999
      vertex -2.10476 5.08134 0.299999
    endloop
  endfacet
  facet normal 0.52807 -0.849201 0
    outer loop
      vertex -3.05564 4.57308 0.299999
      vertex -2.75 4.76314 1.2
      vertex -3.05564 4.57308 1.2
    endloop
  endfacet
  facet normal 0.52807 -0.849201 0
    outer loop
      vertex -2.75 4.76314 1.2
      vertex -3.05564 4.57308 0.299999
      vertex -2.75 4.76314 0.299999
    endloop
  endfacet
  facet normal 0.352256 -0.935904 0
    outer loop
      vertex -2.10476 5.08134 0.299999
      vertex -1.76792 5.20812 1.2
      vertex -2.10476 5.08134 1.2
    endloop
  endfacet
  facet normal 0.352256 -0.935904 0
    outer loop
      vertex -1.76792 5.20812 1.2
      vertex -2.10476 5.08134 0.299999
      vertex -1.76792 5.20812 0.299999
    endloop
  endfacet
  facet normal 0.1629 -0.986643 0
    outer loop
      vertex -1.073 5.39432 0.299999
      vertex -0.717894 5.45295 1.2
      vertex -1.073 5.39432 1.2
    endloop
  endfacet
  facet normal 0.1629 -0.986643 0
    outer loop
      vertex -0.717894 5.45295 1.2
      vertex -1.073 5.39432 0.299999
      vertex -0.717894 5.45295 0.299999
    endloop
  endfacet
  facet normal 0.849201 -0.52807 0
    outer loop
      vertex -4.76314 2.75 1.2
      vertex -4.57308 3.05564 0.299999
      vertex -4.57308 3.05564 1.2
    endloop
  endfacet
  facet normal 0.849201 -0.52807 0
    outer loop
      vertex -4.57308 3.05564 0.299999
      vertex -4.76314 2.75 1.2
      vertex -4.76314 2.75 0.299999
    endloop
  endfacet
  facet normal 0.935904 -0.352256 0
    outer loop
      vertex -5.20812 1.76792 1.2
      vertex -5.08134 2.10476 0.299999
      vertex -5.08134 2.10476 1.2
    endloop
  endfacet
  facet normal 0.935904 -0.352256 0
    outer loop
      vertex -5.08134 2.10476 0.299999
      vertex -5.20812 1.76792 1.2
      vertex -5.20812 1.76792 0.299999
    endloop
  endfacet
  facet normal -0.973874 0.227089 0
    outer loop
      vertex 5.31259 -1.4235 0.299999
      vertex 5.39432 -1.073 1.2
      vertex 5.39432 -1.073 0.299999
    endloop
  endfacet
  facet normal -0.973874 0.227089 0
    outer loop
      vertex 5.39432 -1.073 1.2
      vertex 5.31259 -1.4235 0.299999
      vertex 5.31259 -1.4235 1.2
    endloop
  endfacet
  facet normal 0.812845 0.582481 0
    outer loop
      vertex -4.36344 -3.34819 1.2
      vertex -4.57308 -3.05564 0.299999
      vertex -4.57308 -3.05564 1.2
    endloop
  endfacet
  facet normal 0.812845 0.582481 0
    outer loop
      vertex -4.57308 -3.05564 0.299999
      vertex -4.36344 -3.34819 1.2
      vertex -4.36344 -3.34819 0.299999
    endloop
  endfacet
  facet normal 0.973874 0.227089 0
    outer loop
      vertex -5.31259 -1.4235 1.2
      vertex -5.39432 -1.073 0.299999
      vertex -5.39432 -1.073 1.2
    endloop
  endfacet
  facet normal 0.973874 0.227089 0
    outer loop
      vertex -5.39432 -1.073 0.299999
      vertex -5.31259 -1.4235 1.2
      vertex -5.31259 -1.4235 0.299999
    endloop
  endfacet
  facet normal 0.995187 0.0979966 0
    outer loop
      vertex -5.45295 -0.717894 1.2
      vertex -5.48822 -0.359716 0.299999
      vertex -5.48822 -0.359716 1.2
    endloop
  endfacet
  facet normal 0.995187 0.0979966 0
    outer loop
      vertex -5.48822 -0.359716 0.299999
      vertex -5.45295 -0.717894 1.2
      vertex -5.45295 -0.717894 0.299999
    endloop
  endfacet
  facet normal 0.0327305 0.999464 -0
    outer loop
      vertex 0 -5.5 0.299999
      vertex -0.359716 -5.48822 1.2
      vertex 0 -5.5 1.2
    endloop
  endfacet
  facet normal 0.0327305 0.999464 0
    outer loop
      vertex -0.359716 -5.48822 1.2
      vertex 0 -5.5 0.299999
      vertex -0.359716 -5.48822 0.299999
    endloop
  endfacet
  facet normal -0.999464 -0.0327305 0
    outer loop
      vertex 5.5 0 0.299999
      vertex 5.48822 0.359716 1.2
      vertex 5.48822 0.359716 0.299999
    endloop
  endfacet
  facet normal -0.999464 -0.0327305 0
    outer loop
      vertex 5.48822 0.359716 1.2
      vertex 5.5 0 0.299999
      vertex 5.5 0 1.2
    endloop
  endfacet
  facet normal -0.0327305 -0.999464 0
    outer loop
      vertex 0 5.5 0.299999
      vertex 0.359716 5.48822 1.2
      vertex 0 5.5 1.2
    endloop
  endfacet
  facet normal -0.0327305 -0.999464 -0
    outer loop
      vertex 0.359716 5.48822 1.2
      vertex 0 5.5 0.299999
      vertex 0.359716 5.48822 0.299999
    endloop
  endfacet
  facet normal -0.1629 -0.986643 0
    outer loop
      vertex 0.717894 5.45295 0.299999
      vertex 1.073 5.39432 1.2
      vertex 0.717894 5.45295 1.2
    endloop
  endfacet
  facet normal -0.1629 -0.986643 -0
    outer loop
      vertex 1.073 5.39432 1.2
      vertex 0.717894 5.45295 0.299999
      vertex 1.073 5.39432 0.299999
    endloop
  endfacet
  facet normal -0.227089 -0.973874 0
    outer loop
      vertex 1.073 5.39432 0.299999
      vertex 1.4235 5.31259 1.2
      vertex 1.073 5.39432 1.2
    endloop
  endfacet
  facet normal -0.227089 -0.973874 -0
    outer loop
      vertex 1.4235 5.31259 1.2
      vertex 1.073 5.39432 0.299999
      vertex 1.4235 5.31259 0.299999
    endloop
  endfacet
  facet normal -0.352256 -0.935904 0
    outer loop
      vertex 1.76792 5.20812 0.299999
      vertex 2.10476 5.08134 1.2
      vertex 1.76792 5.20812 1.2
    endloop
  endfacet
  facet normal -0.352256 -0.935904 -0
    outer loop
      vertex 2.10476 5.08134 1.2
      vertex 1.76792 5.20812 0.299999
      vertex 2.10476 5.08134 0.299999
    endloop
  endfacet
  facet normal -0.290263 -0.956947 0
    outer loop
      vertex 1.4235 5.31259 0.299999
      vertex 1.76792 5.20812 1.2
      vertex 1.4235 5.31259 1.2
    endloop
  endfacet
  facet normal -0.290263 -0.956947 -0
    outer loop
      vertex 1.76792 5.20812 1.2
      vertex 1.4235 5.31259 0.299999
      vertex 1.76792 5.20812 0.299999
    endloop
  endfacet
  facet normal -0.683583 -0.729872 0
    outer loop
      vertex 3.6264 4.13512 0.299999
      vertex 3.88909 3.88909 1.2
      vertex 3.6264 4.13512 1.2
    endloop
  endfacet
  facet normal -0.683583 -0.729872 -0
    outer loop
      vertex 3.88909 3.88909 1.2
      vertex 3.6264 4.13512 0.299999
      vertex 3.88909 3.88909 0.299999
    endloop
  endfacet
  facet normal -0.412712 -0.910862 0
    outer loop
      vertex 2.10476 5.08134 0.299999
      vertex 2.43259 4.9328 1.2
      vertex 2.10476 5.08134 1.2
    endloop
  endfacet
  facet normal -0.412712 -0.910862 -0
    outer loop
      vertex 2.43259 4.9328 1.2
      vertex 2.10476 5.08134 0.299999
      vertex 2.43259 4.9328 0.299999
    endloop
  endfacet
  facet normal -0.52807 -0.849201 0
    outer loop
      vertex 2.75 4.76314 0.299999
      vertex 3.05564 4.57308 1.2
      vertex 2.75 4.76314 1.2
    endloop
  endfacet
  facet normal -0.52807 -0.849201 -0
    outer loop
      vertex 3.05564 4.57308 1.2
      vertex 2.75 4.76314 0.299999
      vertex 3.05564 4.57308 0.299999
    endloop
  endfacet
  facet normal -0.471399 -0.88192 0
    outer loop
      vertex 2.43259 4.9328 0.299999
      vertex 2.75 4.76314 1.2
      vertex 2.43259 4.9328 1.2
    endloop
  endfacet
  facet normal -0.471399 -0.88192 -0
    outer loop
      vertex 2.75 4.76314 1.2
      vertex 2.43259 4.9328 0.299999
      vertex 2.75 4.76314 0.299999
    endloop
  endfacet
  facet normal -0.910862 -0.412712 0
    outer loop
      vertex 5.08134 2.10476 0.299999
      vertex 4.9328 2.43259 1.2
      vertex 4.9328 2.43259 0.299999
    endloop
  endfacet
  facet normal -0.910862 -0.412712 0
    outer loop
      vertex 4.9328 2.43259 1.2
      vertex 5.08134 2.10476 0.299999
      vertex 5.08134 2.10476 1.2
    endloop
  endfacet
  facet normal -0.986643 -0.1629 0
    outer loop
      vertex 5.45295 0.717894 0.299999
      vertex 5.39432 1.073 1.2
      vertex 5.39432 1.073 0.299999
    endloop
  endfacet
  facet normal -0.986643 -0.1629 0
    outer loop
      vertex 5.39432 1.073 1.2
      vertex 5.45295 0.717894 0.299999
      vertex 5.45295 0.717894 1.2
    endloop
  endfacet
  facet normal -0.956947 -0.290263 0
    outer loop
      vertex 5.31259 1.4235 0.299999
      vertex 5.20812 1.76792 1.2
      vertex 5.20812 1.76792 0.299999
    endloop
  endfacet
  facet normal -0.956947 -0.290263 0
    outer loop
      vertex 5.20812 1.76792 1.2
      vertex 5.31259 1.4235 0.299999
      vertex 5.31259 1.4235 1.2
    endloop
  endfacet
  facet normal -0.973874 -0.227089 0
    outer loop
      vertex 5.39432 1.073 0.299999
      vertex 5.31259 1.4235 1.2
      vertex 5.31259 1.4235 0.299999
    endloop
  endfacet
  facet normal -0.973874 -0.227089 0
    outer loop
      vertex 5.31259 1.4235 1.2
      vertex 5.39432 1.073 0.299999
      vertex 5.39432 1.073 1.2
    endloop
  endfacet
  facet normal 0.471399 -0.88192 0
    outer loop
      vertex -2.75 4.76314 0.299999
      vertex -2.43259 4.9328 1.2
      vertex -2.75 4.76314 1.2
    endloop
  endfacet
  facet normal 0.471399 -0.88192 0
    outer loop
      vertex -2.43259 4.9328 1.2
      vertex -2.75 4.76314 0.299999
      vertex -2.43259 4.9328 0.299999
    endloop
  endfacet
  facet normal 0.290263 -0.956947 0
    outer loop
      vertex -1.76792 5.20812 0.299999
      vertex -1.4235 5.31259 1.2
      vertex -1.76792 5.20812 1.2
    endloop
  endfacet
  facet normal 0.290263 -0.956947 0
    outer loop
      vertex -1.4235 5.31259 1.2
      vertex -1.76792 5.20812 0.299999
      vertex -1.4235 5.31259 0.299999
    endloop
  endfacet
  facet normal 0.227089 -0.973874 0
    outer loop
      vertex -1.4235 5.31259 0.299999
      vertex -1.073 5.39432 1.2
      vertex -1.4235 5.31259 1.2
    endloop
  endfacet
  facet normal 0.227089 -0.973874 0
    outer loop
      vertex -1.073 5.39432 1.2
      vertex -1.4235 5.31259 0.299999
      vertex -1.073 5.39432 0.299999
    endloop
  endfacet
  facet normal 0.0979966 -0.995187 0
    outer loop
      vertex -0.717894 5.45295 0.299999
      vertex -0.359716 5.48822 1.2
      vertex -0.717894 5.45295 1.2
    endloop
  endfacet
  facet normal 0.0979966 -0.995187 0
    outer loop
      vertex -0.359716 5.48822 1.2
      vertex -0.717894 5.45295 0.299999
      vertex -0.359716 5.48822 0.299999
    endloop
  endfacet
  facet normal 0.910862 -0.412712 0
    outer loop
      vertex -5.08134 2.10476 1.2
      vertex -4.9328 2.43259 0.299999
      vertex -4.9328 2.43259 1.2
    endloop
  endfacet
  facet normal 0.910862 -0.412712 0
    outer loop
      vertex -4.9328 2.43259 0.299999
      vertex -5.08134 2.10476 1.2
      vertex -5.08134 2.10476 0.299999
    endloop
  endfacet
  facet normal 0.88192 -0.471399 0
    outer loop
      vertex -4.9328 2.43259 1.2
      vertex -4.76314 2.75 0.299999
      vertex -4.76314 2.75 1.2
    endloop
  endfacet
  facet normal 0.88192 -0.471399 0
    outer loop
      vertex -4.76314 2.75 0.299999
      vertex -4.9328 2.43259 1.2
      vertex -4.9328 2.43259 0.299999
    endloop
  endfacet
  facet normal 0.812845 -0.582481 0
    outer loop
      vertex -4.57308 3.05564 1.2
      vertex -4.36344 3.34819 0.299999
      vertex -4.36344 3.34819 1.2
    endloop
  endfacet
  facet normal 0.812845 -0.582481 0
    outer loop
      vertex -4.36344 3.34819 0.299999
      vertex -4.57308 3.05564 1.2
      vertex -4.57308 3.05564 0.299999
    endloop
  endfacet
  facet normal 0.973874 -0.227089 0
    outer loop
      vertex -5.39432 1.073 1.2
      vertex -5.31259 1.4235 0.299999
      vertex -5.31259 1.4235 1.2
    endloop
  endfacet
  facet normal 0.973874 -0.227089 0
    outer loop
      vertex -5.31259 1.4235 0.299999
      vertex -5.39432 1.073 1.2
      vertex -5.39432 1.073 0.299999
    endloop
  endfacet
  facet normal 0.986643 -0.1629 0
    outer loop
      vertex -5.45295 0.717894 1.2
      vertex -5.39432 1.073 0.299999
      vertex -5.39432 1.073 1.2
    endloop
  endfacet
  facet normal 0.986643 -0.1629 0
    outer loop
      vertex -5.39432 1.073 0.299999
      vertex -5.45295 0.717894 1.2
      vertex -5.45295 0.717894 0.299999
    endloop
  endfacet
  facet normal 0.999464 -0.0327305 0
    outer loop
      vertex -5.5 0 1.2
      vertex -5.48822 0.359716 0.299999
      vertex -5.48822 0.359716 1.2
    endloop
  endfacet
  facet normal 0.999464 -0.0327305 0
    outer loop
      vertex -5.48822 0.359716 0.299999
      vertex -5.5 0 1.2
      vertex -5.5 0 0.299999
    endloop
  endfacet
  facet normal -0.935904 0.352256 0
    outer loop
      vertex 5.08134 -2.10476 0.299999
      vertex 5.20812 -1.76792 1.2
      vertex 5.20812 -1.76792 0.299999
    endloop
  endfacet
  facet normal -0.935904 0.352256 0
    outer loop
      vertex 5.20812 -1.76792 1.2
      vertex 5.08134 -2.10476 0.299999
      vertex 5.08134 -2.10476 1.2
    endloop
  endfacet
  facet normal -0.729872 0.683583 0
    outer loop
      vertex 3.88909 -3.88909 0.299999
      vertex 4.13512 -3.6264 1.2
      vertex 4.13512 -3.6264 0.299999
    endloop
  endfacet
  facet normal -0.729872 0.683583 0
    outer loop
      vertex 4.13512 -3.6264 1.2
      vertex 3.88909 -3.88909 0.299999
      vertex 3.88909 -3.88909 1.2
    endloop
  endfacet
  facet normal -0.849201 0.52807 0
    outer loop
      vertex 4.57308 -3.05564 0.299999
      vertex 4.76314 -2.75 1.2
      vertex 4.76314 -2.75 0.299999
    endloop
  endfacet
  facet normal -0.849201 0.52807 0
    outer loop
      vertex 4.76314 -2.75 1.2
      vertex 4.57308 -3.05564 0.299999
      vertex 4.57308 -3.05564 1.2
    endloop
  endfacet
  facet normal -0.290263 0.956947 0
    outer loop
      vertex 1.76792 -5.20812 0.299999
      vertex 1.4235 -5.31259 1.2
      vertex 1.76792 -5.20812 1.2
    endloop
  endfacet
  facet normal -0.290263 0.956947 0
    outer loop
      vertex 1.4235 -5.31259 1.2
      vertex 1.76792 -5.20812 0.299999
      vertex 1.4235 -5.31259 0.299999
    endloop
  endfacet
  facet normal -0.412712 0.910862 0
    outer loop
      vertex 2.43259 -4.9328 0.299999
      vertex 2.10476 -5.08134 1.2
      vertex 2.43259 -4.9328 1.2
    endloop
  endfacet
  facet normal -0.412712 0.910862 0
    outer loop
      vertex 2.10476 -5.08134 1.2
      vertex 2.43259 -4.9328 0.299999
      vertex 2.10476 -5.08134 0.299999
    endloop
  endfacet
  facet normal -0.582481 0.812845 0
    outer loop
      vertex 3.34819 -4.36344 0.299999
      vertex 3.05564 -4.57308 1.2
      vertex 3.34819 -4.36344 1.2
    endloop
  endfacet
  facet normal -0.582481 0.812845 0
    outer loop
      vertex 3.05564 -4.57308 1.2
      vertex 3.34819 -4.36344 0.299999
      vertex 3.05564 -4.57308 0.299999
    endloop
  endfacet
  facet normal 0.88192 0.471399 0
    outer loop
      vertex -4.76314 -2.75 1.2
      vertex -4.9328 -2.43259 0.299999
      vertex -4.9328 -2.43259 1.2
    endloop
  endfacet
  facet normal 0.88192 0.471399 0
    outer loop
      vertex -4.9328 -2.43259 0.299999
      vertex -4.76314 -2.75 1.2
      vertex -4.76314 -2.75 0.299999
    endloop
  endfacet
  facet normal 0.412712 0.910862 -0
    outer loop
      vertex -2.10476 -5.08134 0.299999
      vertex -2.43259 -4.9328 1.2
      vertex -2.10476 -5.08134 1.2
    endloop
  endfacet
  facet normal 0.412712 0.910862 0
    outer loop
      vertex -2.43259 -4.9328 1.2
      vertex -2.10476 -5.08134 0.299999
      vertex -2.43259 -4.9328 0.299999
    endloop
  endfacet
  facet normal 0.582481 0.812845 -0
    outer loop
      vertex -3.05564 -4.57308 0.299999
      vertex -3.34819 -4.36344 1.2
      vertex -3.05564 -4.57308 1.2
    endloop
  endfacet
  facet normal 0.582481 0.812845 0
    outer loop
      vertex -3.34819 -4.36344 1.2
      vertex -3.05564 -4.57308 0.299999
      vertex -3.34819 -4.36344 0.299999
    endloop
  endfacet
  facet normal 0.227089 0.973874 -0
    outer loop
      vertex -1.073 -5.39432 0.299999
      vertex -1.4235 -5.31259 1.2
      vertex -1.073 -5.39432 1.2
    endloop
  endfacet
  facet normal 0.227089 0.973874 0
    outer loop
      vertex -1.4235 -5.31259 1.2
      vertex -1.073 -5.39432 0.299999
      vertex -1.4235 -5.31259 0.299999
    endloop
  endfacet
  facet normal -0.0979966 -0.995187 0
    outer loop
      vertex 0.359716 5.48822 0.299999
      vertex 0.717894 5.45295 1.2
      vertex 0.359716 5.48822 1.2
    endloop
  endfacet
  facet normal -0.0979966 -0.995187 -0
    outer loop
      vertex 0.717894 5.45295 1.2
      vertex 0.359716 5.48822 0.299999
      vertex 0.717894 5.45295 0.299999
    endloop
  endfacet
  facet normal -0.849201 -0.52807 0
    outer loop
      vertex 4.76314 2.75 0.299999
      vertex 4.57308 3.05564 1.2
      vertex 4.57308 3.05564 0.299999
    endloop
  endfacet
  facet normal -0.849201 -0.52807 0
    outer loop
      vertex 4.57308 3.05564 1.2
      vertex 4.76314 2.75 0.299999
      vertex 4.76314 2.75 1.2
    endloop
  endfacet
  facet normal 0.582481 -0.812845 0
    outer loop
      vertex -3.34819 4.36344 0.299999
      vertex -3.05564 4.57308 1.2
      vertex -3.34819 4.36344 1.2
    endloop
  endfacet
  facet normal 0.582481 -0.812845 0
    outer loop
      vertex -3.05564 4.57308 1.2
      vertex -3.34819 4.36344 0.299999
      vertex -3.05564 4.57308 0.299999
    endloop
  endfacet
  facet normal 0.773012 -0.634392 0
    outer loop
      vertex -4.36344 3.34819 1.2
      vertex -4.13512 3.6264 0.299999
      vertex -4.13512 3.6264 1.2
    endloop
  endfacet
  facet normal 0.773012 -0.634392 0
    outer loop
      vertex -4.13512 3.6264 0.299999
      vertex -4.36344 3.34819 1.2
      vertex -4.36344 3.34819 0.299999
    endloop
  endfacet
  facet normal 0.956947 -0.290263 0
    outer loop
      vertex -5.31259 1.4235 1.2
      vertex -5.20812 1.76792 0.299999
      vertex -5.20812 1.76792 1.2
    endloop
  endfacet
  facet normal 0.956947 -0.290263 0
    outer loop
      vertex -5.20812 1.76792 0.299999
      vertex -5.31259 1.4235 1.2
      vertex -5.31259 1.4235 0.299999
    endloop
  endfacet
  facet normal 0.995187 -0.0979966 0
    outer loop
      vertex -5.48822 0.359716 1.2
      vertex -5.45295 0.717894 0.299999
      vertex -5.45295 0.717894 1.2
    endloop
  endfacet
  facet normal 0.995187 -0.0979966 0
    outer loop
      vertex -5.45295 0.717894 0.299999
      vertex -5.48822 0.359716 1.2
      vertex -5.48822 0.359716 0.299999
    endloop
  endfacet
  facet normal -0.709197 -0.117087 -0.695219
    outer loop
      vertex 5.68095 1.11818 0
      vertex 5.74078 0.755788 0
      vertex 5.45295 0.717894 0.299999
    endloop
  endfacet
  facet normal -0.718405 0.0235228 -0.695227
    outer loop
      vertex 5.79032 0 0
      vertex 5.7783 -0.3671 0
      vertex 5.5 0 0.299999
    endloop
  endfacet
  facet normal -0.718403 0.0235263 -0.695229
    outer loop
      vertex 5.7783 -0.3671 0
      vertex 5.48822 -0.359716 0.299999
      vertex 5.5 0 0.299999
    endloop
  endfacet
  facet normal -0.718403 0.0235258 -0.695229
    outer loop
      vertex 5.48822 -0.359716 0.299999
      vertex 5.7783 -0.3671 0
      vertex 5.77792 -0.378704 0
    endloop
  endfacet
  facet normal -0.718403 -0.0235258 -0.695229
    outer loop
      vertex 5.7783 0.3671 0
      vertex 5.48822 0.359716 0.299999
      vertex 5.77792 0.378704 0
    endloop
  endfacet
  facet normal -0.718403 -0.0235263 -0.695229
    outer loop
      vertex 5.48822 0.359716 0.299999
      vertex 5.7783 0.3671 0
      vertex 5.5 0 0.299999
    endloop
  endfacet
  facet normal 0.715319 -0.0704379 -0.695239
    outer loop
      vertex -5.48822 0.359716 0.299999
      vertex -5.77679 0.390259 0
      vertex -5.45295 0.717894 0.299999
    endloop
  endfacet
  facet normal 0.715368 -0.0699581 -0.695237
    outer loop
      vertex -5.77679 0.390259 0
      vertex -5.48822 0.359716 0.299999
      vertex -5.77792 0.378704 0
    endloop
  endfacet
  facet normal 0.0699581 0.715368 -0.695237
    outer loop
      vertex -0.390259 -5.77679 0
      vertex -0.359716 -5.48822 0.299999
      vertex -0.378704 -5.77792 0
    endloop
  endfacet
  facet normal 0.0704379 0.715319 -0.695239
    outer loop
      vertex -0.359716 -5.48822 0.299999
      vertex -0.390259 -5.77679 0
      vertex -0.717894 -5.45295 0.299999
    endloop
  endfacet
  facet normal -0.0235263 -0.718403 -0.695229
    outer loop
      vertex 0.3671 5.7783 0
      vertex 0.359716 5.48822 0.299999
      vertex 0 5.5 0.299999
    endloop
  endfacet
  facet normal -0.0235258 -0.718403 -0.695229
    outer loop
      vertex 0.359716 5.48822 0.299999
      vertex 0.3671 5.7783 0
      vertex 0.378704 5.77792 0
    endloop
  endfacet
  facet normal -0.52463 -0.491357 -0.695221
    outer loop
      vertex 3.88909 3.88909 0.299999
      vertex 4.10231 4.0859 0
      vertex 4.13512 3.6264 0.299999
    endloop
  endfacet
  facet normal -0.525005 -0.490954 -0.695223
    outer loop
      vertex 4.10231 4.0859 0
      vertex 3.88909 3.88909 0.299999
      vertex 4.09438 4.09438 0
    endloop
  endfacet
  facet normal 0.208654 -0.687843 -0.695224
    outer loop
      vertex -1.50976 5.58965 0
      vertex -1.76792 5.20812 0.299999
      vertex -1.86124 5.48303 0
    endloop
  endfacet
  facet normal -0.672721 -0.253199 -0.695225
    outer loop
      vertex 5.08134 2.10476 0.299999
      vertex 5.35365 2.20499 0
      vertex 5.20812 1.76792 0.299999
    endloop
  endfacet
  facet normal -0.672746 -0.253131 -0.695225
    outer loop
      vertex 5.35365 2.20499 0
      vertex 5.08134 2.10476 0.299999
      vertex 5.34956 2.21586 0
    endloop
  endfacet
  facet normal -0.718405 -0.0235228 -0.695227
    outer loop
      vertex 5.7783 0.3671 0
      vertex 5.79032 0 0
      vertex 5.5 0 0.299999
    endloop
  endfacet
  facet normal -0.491358 -0.524627 -0.695222
    outer loop
      vertex 3.81782 4.35339 0
      vertex 4.0859 4.10231 0
      vertex 3.6264 4.13512 0.299999
    endloop
  endfacet
  facet normal -0.070471 -0.715335 -0.69522
    outer loop
      vertex 0.755788 5.74078 0
      vertex 0.717894 5.45295 0.299999
      vertex 0.390259 5.77679 0
    endloop
  endfacet
  facet normal -0.418681 -0.584265 -0.695227
    outer loop
      vertex 3.05564 4.57308 0.299999
      vertex 3.22637 4.80771 0
      vertex 3.34819 4.36344 0.299999
    endloop
  endfacet
  facet normal -0.418899 -0.584107 -0.695228
    outer loop
      vertex 3.22637 4.80771 0
      vertex 3.05564 4.57308 0.299999
      vertex 3.21693 4.81448 0
    endloop
  endfacet
  facet normal 0.418682 -0.584265 -0.695227
    outer loop
      vertex -3.22637 4.80771 0
      vertex -3.34819 4.36344 0.299999
      vertex -3.52492 4.59377 0
    endloop
  endfacet
  facet normal 0.208642 -0.687836 -0.695234
    outer loop
      vertex -1.4235 5.31259 0.299999
      vertex -1.50976 5.58965 0
      vertex -1.49865 5.59302 0
    endloop
  endfacet
  facet normal 0.208636 -0.687838 -0.695234
    outer loop
      vertex -1.50976 5.58965 0
      vertex -1.4235 5.31259 0.299999
      vertex -1.76792 5.20812 0.299999
    endloop
  endfacet
  facet normal 0.524627 0.491358 -0.695222
    outer loop
      vertex -4.13512 -3.6264 0.299999
      vertex -4.10231 -4.0859 0
      vertex -4.35339 -3.81782 0
    endloop
  endfacet
  facet normal -0.709213 -0.116965 -0.695223
    outer loop
      vertex 5.68095 1.11818 0
      vertex 5.39432 1.073 0.299999
      vertex 5.67906 1.12964 0
    endloop
  endfacet
  facet normal -0.709193 -0.117092 -0.695223
    outer loop
      vertex 5.39432 1.073 0.299999
      vertex 5.68095 1.11818 0
      vertex 5.45295 0.717894 0.299999
    endloop
  endfacet
  facet normal -0.700016 -0.163213 -0.695226
    outer loop
      vertex 5.59566 1.48734 0
      vertex 5.67906 1.12964 0
      vertex 5.39432 1.073 0.299999
    endloop
  endfacet
  facet normal -0.584107 -0.418899 -0.695228
    outer loop
      vertex 4.57308 3.05564 0.299999
      vertex 4.80771 3.22637 0
      vertex 4.81448 3.21693 0
    endloop
  endfacet
  facet normal -0.584265 -0.418681 -0.695227
    outer loop
      vertex 4.80771 3.22637 0
      vertex 4.57308 3.05564 0.299999
      vertex 4.36344 3.34819 0.299999
    endloop
  endfacet
  facet normal -0.610392 -0.37957 -0.695233
    outer loop
      vertex 4.82061 3.20707 0
      vertex 5.01457 2.89516 0
      vertex 4.76314 2.75 0.299999
    endloop
  endfacet
  facet normal -0.338671 -0.634001 -0.69523
    outer loop
      vertex 2.75 4.76314 0.299999
      vertex 2.88492 5.02004 0
      vertex 2.89516 5.01457 0
    endloop
  endfacet
  facet normal -0.338836 -0.633914 -0.695229
    outer loop
      vertex 2.88492 5.02004 0
      vertex 2.75 4.76314 0.299999
      vertex 2.43259 4.9328 0.299999
    endloop
  endfacet
  facet normal -0.208654 -0.687843 -0.695224
    outer loop
      vertex 1.86124 5.48303 0
      vertex 1.76792 5.20812 0.299999
      vertex 1.50976 5.58965 0
    endloop
  endfacet
  facet normal -0.456014 -0.555623 -0.695222
    outer loop
      vertex 3.81782 4.35339 0
      vertex 3.6264 4.13512 0.299999
      vertex 3.5339 4.58641 0
    endloop
  endfacet
  facet normal -0.455989 -0.555627 -0.695235
    outer loop
      vertex 3.34819 4.36344 0.299999
      vertex 3.5339 4.58641 0
      vertex 3.6264 4.13512 0.299999
    endloop
  endfacet
  facet normal -0.455633 -0.555922 -0.695234
    outer loop
      vertex 3.5339 4.58641 0
      vertex 3.34819 4.36344 0.299999
      vertex 3.52492 4.59377 0
    endloop
  endfacet
  facet normal 0.65472 -0.296654 -0.695225
    outer loop
      vertex -5.19797 2.55042 0
      vertex -4.9328 2.43259 0.299999
      vertex -5.08134 2.10476 0.299999
    endloop
  endfacet
  facet normal 0.654703 -0.296691 -0.695225
    outer loop
      vertex -4.9328 2.43259 0.299999
      vertex -5.19797 2.55042 0
      vertex -5.19318 2.56099 0
    endloop
  endfacet
  facet normal 0.700016 -0.163213 -0.695226
    outer loop
      vertex -5.59566 1.48734 0
      vertex -5.39432 1.073 0.299999
      vertex -5.67906 1.12964 0
    endloop
  endfacet
  facet normal 0.525005 -0.490954 -0.695223
    outer loop
      vertex -3.88909 3.88909 0.299999
      vertex -4.10231 4.0859 0
      vertex -4.09438 4.09438 0
    endloop
  endfacet
  facet normal 0.52463 -0.491357 -0.695221
    outer loop
      vertex -4.10231 4.0859 0
      vertex -3.88909 3.88909 0.299999
      vertex -4.13512 3.6264 0.299999
    endloop
  endfacet
  facet normal 0.524627 -0.491358 -0.695222
    outer loop
      vertex -4.10231 4.0859 0
      vertex -4.13512 3.6264 0.299999
      vertex -4.35339 3.81782 0
    endloop
  endfacet
  facet normal 0.33883 -0.633922 -0.695224
    outer loop
      vertex -2.56099 5.19318 0
      vertex -2.43259 4.9328 0.299999
      vertex -2.88492 5.02004 0
    endloop
  endfacet
  facet normal 0.338836 -0.633914 -0.695229
    outer loop
      vertex -2.75 4.76314 0.299999
      vertex -2.88492 5.02004 0
      vertex -2.43259 4.9328 0.299999
    endloop
  endfacet
  facet normal 0.338671 -0.634001 -0.69523
    outer loop
      vertex -2.88492 5.02004 0
      vertex -2.75 4.76314 0.299999
      vertex -2.89516 5.01457 0
    endloop
  endfacet
  facet normal 0.379569 -0.610394 -0.695232
    outer loop
      vertex -3.05564 4.57308 0.299999
      vertex -3.20707 4.82061 0
      vertex -2.75 4.76314 0.299999
    endloop
  endfacet
  facet normal 0.379508 -0.610431 -0.695232
    outer loop
      vertex -3.20707 4.82061 0
      vertex -3.05564 4.57308 0.299999
      vertex -3.21693 4.81448 0
    endloop
  endfacet
  facet normal 0.070471 -0.715335 -0.69522
    outer loop
      vertex -0.390259 5.77679 0
      vertex -0.717894 5.45295 0.299999
      vertex -0.755788 5.74078 0
    endloop
  endfacet
  facet normal -0.253131 0.672746 -0.695225
    outer loop
      vertex 2.20499 -5.35365 0
      vertex 2.10476 -5.08134 0.299999
      vertex 2.21586 -5.34956 0
    endloop
  endfacet
  facet normal -0.253199 0.672721 -0.695225
    outer loop
      vertex 2.10476 -5.08134 0.299999
      vertex 2.20499 -5.35365 0
      vertex 1.76792 -5.20812 0.299999
    endloop
  endfacet
  facet normal 0.253198 0.672722 -0.695224
    outer loop
      vertex -1.76792 -5.20812 0.299999
      vertex -1.86124 -5.48303 0
      vertex -2.20499 -5.35365 0
    endloop
  endfacet
  facet normal 0.584265 0.418682 -0.695227
    outer loop
      vertex -4.36344 -3.34819 0.299999
      vertex -4.59377 -3.52492 0
      vertex -4.80771 -3.22637 0
    endloop
  endfacet
  facet normal 0.555623 0.456014 -0.695222
    outer loop
      vertex -4.13512 -3.6264 0.299999
      vertex -4.35339 -3.81782 0
      vertex -4.58641 -3.5339 0
    endloop
  endfacet
  facet normal -0.715368 -0.0699581 -0.695237
    outer loop
      vertex 5.48822 0.359716 0.299999
      vertex 5.77679 0.390259 0
      vertex 5.77792 0.378704 0
    endloop
  endfacet
  facet normal -0.715319 -0.0704379 -0.695239
    outer loop
      vertex 5.77679 0.390259 0
      vertex 5.48822 0.359716 0.299999
      vertex 5.45295 0.717894 0.299999
    endloop
  endfacet
  facet normal -0.715335 -0.070471 -0.69522
    outer loop
      vertex 5.74078 0.755788 0
      vertex 5.77679 0.390259 0
      vertex 5.45295 0.717894 0.299999
    endloop
  endfacet
  facet normal -0.699966 -0.163387 -0.695236
    outer loop
      vertex 5.59566 1.48734 0
      vertex 5.31259 1.4235 0.299999
      vertex 5.59302 1.49865 0
    endloop
  endfacet
  facet normal -0.700003 -0.163227 -0.695236
    outer loop
      vertex 5.31259 1.4235 0.299999
      vertex 5.59566 1.48734 0
      vertex 5.39432 1.073 0.299999
    endloop
  endfacet
  facet normal -0.687836 -0.208642 -0.695234
    outer loop
      vertex 5.31259 1.4235 0.299999
      vertex 5.58965 1.50976 0
      vertex 5.59302 1.49865 0
    endloop
  endfacet
  facet normal -0.687838 -0.208636 -0.695234
    outer loop
      vertex 5.58965 1.50976 0
      vertex 5.31259 1.4235 0.299999
      vertex 5.20812 1.76792 0.299999
    endloop
  endfacet
  facet normal -0.610394 -0.379569 -0.695232
    outer loop
      vertex 4.57308 3.05564 0.299999
      vertex 4.82061 3.20707 0
      vertex 4.76314 2.75 0.299999
    endloop
  endfacet
  facet normal -0.610431 -0.379508 -0.695232
    outer loop
      vertex 4.82061 3.20707 0
      vertex 4.57308 3.05564 0.299999
      vertex 4.81448 3.21693 0
    endloop
  endfacet
  facet normal -0.65472 -0.296654 -0.695225
    outer loop
      vertex 4.9328 2.43259 0.299999
      vertex 5.19797 2.55042 0
      vertex 5.08134 2.10476 0.299999
    endloop
  endfacet
  facet normal -0.654703 -0.296691 -0.695225
    outer loop
      vertex 5.19797 2.55042 0
      vertex 4.9328 2.43259 0.299999
      vertex 5.19318 2.56099 0
    endloop
  endfacet
  facet normal -0.654719 -0.296655 -0.695226
    outer loop
      vertex 5.19797 2.55042 0
      vertex 5.34956 2.21586 0
      vertex 5.08134 2.10476 0.299999
    endloop
  endfacet
  facet normal -0.0699581 -0.715368 -0.695237
    outer loop
      vertex 0.390259 5.77679 0
      vertex 0.359716 5.48822 0.299999
      vertex 0.378704 5.77792 0
    endloop
  endfacet
  facet normal -0.0704379 -0.715319 -0.695239
    outer loop
      vertex 0.359716 5.48822 0.299999
      vertex 0.390259 5.77679 0
      vertex 0.717894 5.45295 0.299999
    endloop
  endfacet
  facet normal -0.33883 -0.633922 -0.695224
    outer loop
      vertex 2.56099 5.19318 0
      vertex 2.88492 5.02004 0
      vertex 2.43259 4.9328 0.299999
    endloop
  endfacet
  facet normal -0.208636 -0.687838 -0.695234
    outer loop
      vertex 1.4235 5.31259 0.299999
      vertex 1.50976 5.58965 0
      vertex 1.76792 5.20812 0.299999
    endloop
  endfacet
  facet normal -0.208642 -0.687836 -0.695234
    outer loop
      vertex 1.50976 5.58965 0
      vertex 1.4235 5.31259 0.299999
      vertex 1.49865 5.59302 0
    endloop
  endfacet
  facet normal -0.117087 -0.709197 -0.695219
    outer loop
      vertex 0.755788 5.74078 0
      vertex 1.11818 5.68095 0
      vertex 0.717894 5.45295 0.299999
    endloop
  endfacet
  facet normal -0.163227 -0.700003 -0.695236
    outer loop
      vertex 1.48734 5.59566 0
      vertex 1.4235 5.31259 0.299999
      vertex 1.073 5.39432 0.299999
    endloop
  endfacet
  facet normal -0.163387 -0.699966 -0.695236
    outer loop
      vertex 1.4235 5.31259 0.299999
      vertex 1.48734 5.59566 0
      vertex 1.49865 5.59302 0
    endloop
  endfacet
  facet normal 0.715335 -0.070471 -0.69522
    outer loop
      vertex -5.74078 0.755788 0
      vertex -5.45295 0.717894 0.299999
      vertex -5.77679 0.390259 0
    endloop
  endfacet
  facet normal 0.687843 -0.208654 -0.695224
    outer loop
      vertex -5.48303 1.86124 0
      vertex -5.20812 1.76792 0.299999
      vertex -5.58965 1.50976 0
    endloop
  endfacet
  facet normal 0.455633 -0.555922 -0.695234
    outer loop
      vertex -3.34819 4.36344 0.299999
      vertex -3.5339 4.58641 0
      vertex -3.52492 4.59377 0
    endloop
  endfacet
  facet normal 0.455989 -0.555627 -0.695235
    outer loop
      vertex -3.5339 4.58641 0
      vertex -3.34819 4.36344 0.299999
      vertex -3.6264 4.13512 0.299999
    endloop
  endfacet
  facet normal 0.456014 -0.555623 -0.695222
    outer loop
      vertex -3.5339 4.58641 0
      vertex -3.6264 4.13512 0.299999
      vertex -3.81782 4.35339 0
    endloop
  endfacet
  facet normal 0.555623 -0.456014 -0.695222
    outer loop
      vertex -4.35339 3.81782 0
      vertex -4.13512 3.6264 0.299999
      vertex -4.58641 3.5339 0
    endloop
  endfacet
  facet normal 0.253198 -0.672722 -0.695224
    outer loop
      vertex -1.86124 5.48303 0
      vertex -1.76792 5.20812 0.299999
      vertex -2.20499 5.35365 0
    endloop
  endfacet
  facet normal 0.37957 -0.610392 -0.695233
    outer loop
      vertex -2.89516 5.01457 0
      vertex -2.75 4.76314 0.299999
      vertex -3.20707 4.82061 0
    endloop
  endfacet
  facet normal 0.296654 -0.65472 -0.695225
    outer loop
      vertex -2.43259 4.9328 0.299999
      vertex -2.55042 5.19797 0
      vertex -2.10476 5.08134 0.299999
    endloop
  endfacet
  facet normal 0.296691 -0.654703 -0.695225
    outer loop
      vertex -2.55042 5.19797 0
      vertex -2.43259 4.9328 0.299999
      vertex -2.56099 5.19318 0
    endloop
  endfacet
  facet normal 0.0235258 -0.718403 -0.695229
    outer loop
      vertex -0.3671 5.7783 0
      vertex -0.359716 5.48822 0.299999
      vertex -0.378704 5.77792 0
    endloop
  endfacet
  facet normal 0.0235263 -0.718403 -0.695229
    outer loop
      vertex -0.359716 5.48822 0.299999
      vertex -0.3671 5.7783 0
      vertex 0 5.5 0.299999
    endloop
  endfacet
  facet normal 0.0704379 -0.715319 -0.695239
    outer loop
      vertex -0.390259 5.77679 0
      vertex -0.359716 5.48822 0.299999
      vertex -0.717894 5.45295 0.299999
    endloop
  endfacet
  facet normal 0.0699581 -0.715368 -0.695237
    outer loop
      vertex -0.359716 5.48822 0.299999
      vertex -0.390259 5.77679 0
      vertex -0.378704 5.77792 0
    endloop
  endfacet
  facet normal 0.117087 -0.709197 -0.695219
    outer loop
      vertex -0.755788 5.74078 0
      vertex -0.717894 5.45295 0.299999
      vertex -1.11818 5.68095 0
    endloop
  endfacet
  facet normal -0.687836 0.208642 -0.695234
    outer loop
      vertex 5.58965 -1.50976 0
      vertex 5.31259 -1.4235 0.299999
      vertex 5.59302 -1.49865 0
    endloop
  endfacet
  facet normal -0.687838 0.208636 -0.695234
    outer loop
      vertex 5.31259 -1.4235 0.299999
      vertex 5.58965 -1.50976 0
      vertex 5.20812 -1.76792 0.299999
    endloop
  endfacet
  facet normal -0.555922 0.455633 -0.695234
    outer loop
      vertex 4.58641 -3.5339 0
      vertex 4.36344 -3.34819 0.299999
      vertex 4.59377 -3.52492 0
    endloop
  endfacet
  facet normal -0.555627 0.455989 -0.695235
    outer loop
      vertex 4.36344 -3.34819 0.299999
      vertex 4.58641 -3.5339 0
      vertex 4.13512 -3.6264 0.299999
    endloop
  endfacet
  facet normal 0.070471 0.715335 -0.69522
    outer loop
      vertex -0.717894 -5.45295 0.299999
      vertex -0.390259 -5.77679 0
      vertex -0.755788 -5.74078 0
    endloop
  endfacet
  facet normal 0.418682 0.584265 -0.695227
    outer loop
      vertex -3.34819 -4.36344 0.299999
      vertex -3.22637 -4.80771 0
      vertex -3.52492 -4.59377 0
    endloop
  endfacet
  facet normal 0.208654 0.687843 -0.695224
    outer loop
      vertex -1.76792 -5.20812 0.299999
      vertex -1.50976 -5.58965 0
      vertex -1.86124 -5.48303 0
    endloop
  endfacet
  facet normal 0.633922 0.33883 -0.695224
    outer loop
      vertex -4.9328 -2.43259 0.299999
      vertex -5.02004 -2.88492 0
      vertex -5.19318 -2.56099 0
    endloop
  endfacet
  facet normal 0.634001 0.338671 -0.69523
    outer loop
      vertex -5.02004 -2.88492 0
      vertex -4.76314 -2.75 0.299999
      vertex -5.01457 -2.89516 0
    endloop
  endfacet
  facet normal 0.633914 0.338836 -0.695229
    outer loop
      vertex -4.76314 -2.75 0.299999
      vertex -5.02004 -2.88492 0
      vertex -4.9328 -2.43259 0.299999
    endloop
  endfacet
  facet normal 0.610431 0.379508 -0.695232
    outer loop
      vertex -4.82061 -3.20707 0
      vertex -4.57308 -3.05564 0.299999
      vertex -4.81448 -3.21693 0
    endloop
  endfacet
  facet normal 0.610394 0.379569 -0.695232
    outer loop
      vertex -4.57308 -3.05564 0.299999
      vertex -4.82061 -3.20707 0
      vertex -4.76314 -2.75 0.299999
    endloop
  endfacet
  facet normal 0.555627 0.455989 -0.695235
    outer loop
      vertex -4.58641 -3.5339 0
      vertex -4.36344 -3.34819 0.299999
      vertex -4.13512 -3.6264 0.299999
    endloop
  endfacet
  facet normal 0.555922 0.455633 -0.695234
    outer loop
      vertex -4.36344 -3.34819 0.299999
      vertex -4.58641 -3.5339 0
      vertex -4.59377 -3.52492 0
    endloop
  endfacet
  facet normal 0.491358 0.524627 -0.695222
    outer loop
      vertex -3.6264 -4.13512 0.299999
      vertex -3.81782 -4.35339 0
      vertex -4.0859 -4.10231 0
    endloop
  endfacet
  facet normal 0.525005 0.490954 -0.695223
    outer loop
      vertex -4.10231 -4.0859 0
      vertex -3.88909 -3.88909 0.299999
      vertex -4.09438 -4.09438 0
    endloop
  endfacet
  facet normal 0.52463 0.491357 -0.695221
    outer loop
      vertex -3.88909 -3.88909 0.299999
      vertex -4.10231 -4.0859 0
      vertex -4.13512 -3.6264 0.299999
    endloop
  endfacet
  facet normal -0.687843 -0.208654 -0.695224
    outer loop
      vertex 5.48303 1.86124 0
      vertex 5.58965 1.50976 0
      vertex 5.20812 1.76792 0.299999
    endloop
  endfacet
  facet normal -0.672722 -0.253198 -0.695224
    outer loop
      vertex 5.35365 2.20499 0
      vertex 5.48303 1.86124 0
      vertex 5.20812 1.76792 0.299999
    endloop
  endfacet
  facet normal -0.555623 -0.456014 -0.695222
    outer loop
      vertex 4.35339 3.81782 0
      vertex 4.58641 3.5339 0
      vertex 4.13512 3.6264 0.299999
    endloop
  endfacet
  facet normal -0.524627 -0.491358 -0.695222
    outer loop
      vertex 4.35339 3.81782 0
      vertex 4.13512 3.6264 0.299999
      vertex 4.10231 4.0859 0
    endloop
  endfacet
  facet normal -0.633922 -0.33883 -0.695224
    outer loop
      vertex 5.02004 2.88492 0
      vertex 5.19318 2.56099 0
      vertex 4.9328 2.43259 0.299999
    endloop
  endfacet
  facet normal -0.633914 -0.338836 -0.695229
    outer loop
      vertex 4.76314 2.75 0.299999
      vertex 5.02004 2.88492 0
      vertex 4.9328 2.43259 0.299999
    endloop
  endfacet
  facet normal -0.634001 -0.338671 -0.69523
    outer loop
      vertex 5.02004 2.88492 0
      vertex 4.76314 2.75 0.299999
      vertex 5.01457 2.89516 0
    endloop
  endfacet
  facet normal -0.490954 -0.525005 -0.695223
    outer loop
      vertex 3.88909 3.88909 0.299999
      vertex 4.0859 4.10231 0
      vertex 4.09438 4.09438 0
    endloop
  endfacet
  facet normal -0.491357 -0.52463 -0.695221
    outer loop
      vertex 4.0859 4.10231 0
      vertex 3.88909 3.88909 0.299999
      vertex 3.6264 4.13512 0.299999
    endloop
  endfacet
  facet normal -0.418682 -0.584265 -0.695227
    outer loop
      vertex 3.52492 4.59377 0
      vertex 3.34819 4.36344 0.299999
      vertex 3.22637 4.80771 0
    endloop
  endfacet
  facet normal -0.296691 -0.654703 -0.695225
    outer loop
      vertex 2.43259 4.9328 0.299999
      vertex 2.55042 5.19797 0
      vertex 2.56099 5.19318 0
    endloop
  endfacet
  facet normal -0.296654 -0.65472 -0.695225
    outer loop
      vertex 2.55042 5.19797 0
      vertex 2.43259 4.9328 0.299999
      vertex 2.10476 5.08134 0.299999
    endloop
  endfacet
  facet normal -0.253198 -0.672722 -0.695224
    outer loop
      vertex 1.86124 5.48303 0
      vertex 2.20499 5.35365 0
      vertex 1.76792 5.20812 0.299999
    endloop
  endfacet
  facet normal -0.117092 -0.709193 -0.695223
    outer loop
      vertex 1.11818 5.68095 0
      vertex 1.073 5.39432 0.299999
      vertex 0.717894 5.45295 0.299999
    endloop
  endfacet
  facet normal -0.116965 -0.709213 -0.695223
    outer loop
      vertex 1.073 5.39432 0.299999
      vertex 1.11818 5.68095 0
      vertex 1.12964 5.67906 0
    endloop
  endfacet
  facet normal -0.163213 -0.700016 -0.695226
    outer loop
      vertex 1.12964 5.67906 0
      vertex 1.48734 5.59566 0
      vertex 1.073 5.39432 0.299999
    endloop
  endfacet
  facet normal 0.610394 -0.379569 -0.695232
    outer loop
      vertex -4.82061 3.20707 0
      vertex -4.57308 3.05564 0.299999
      vertex -4.76314 2.75 0.299999
    endloop
  endfacet
  facet normal 0.610431 -0.379508 -0.695232
    outer loop
      vertex -4.57308 3.05564 0.299999
      vertex -4.82061 3.20707 0
      vertex -4.81448 3.21693 0
    endloop
  endfacet
  facet normal 0.584265 -0.418682 -0.695227
    outer loop
      vertex -4.59377 3.52492 0
      vertex -4.36344 3.34819 0.299999
      vertex -4.80771 3.22637 0
    endloop
  endfacet
  facet normal 0.633922 -0.33883 -0.695224
    outer loop
      vertex -5.02004 2.88492 0
      vertex -4.9328 2.43259 0.299999
      vertex -5.19318 2.56099 0
    endloop
  endfacet
  facet normal 0.672722 -0.253198 -0.695224
    outer loop
      vertex -5.35365 2.20499 0
      vertex -5.20812 1.76792 0.299999
      vertex -5.48303 1.86124 0
    endloop
  endfacet
  facet normal 0.654719 -0.296655 -0.695226
    outer loop
      vertex -5.19797 2.55042 0
      vertex -5.08134 2.10476 0.299999
      vertex -5.34956 2.21586 0
    endloop
  endfacet
  facet normal 0.555627 -0.455989 -0.695235
    outer loop
      vertex -4.36344 3.34819 0.299999
      vertex -4.58641 3.5339 0
      vertex -4.13512 3.6264 0.299999
    endloop
  endfacet
  facet normal 0.555922 -0.455633 -0.695234
    outer loop
      vertex -4.58641 3.5339 0
      vertex -4.36344 3.34819 0.299999
      vertex -4.59377 3.52492 0
    endloop
  endfacet
  facet normal 0.491357 -0.52463 -0.695221
    outer loop
      vertex -3.88909 3.88909 0.299999
      vertex -4.0859 4.10231 0
      vertex -3.6264 4.13512 0.299999
    endloop
  endfacet
  facet normal 0.490954 -0.525005 -0.695223
    outer loop
      vertex -4.0859 4.10231 0
      vertex -3.88909 3.88909 0.299999
      vertex -4.09438 4.09438 0
    endloop
  endfacet
  facet normal 0.491358 -0.524627 -0.695222
    outer loop
      vertex -3.81782 4.35339 0
      vertex -3.6264 4.13512 0.299999
      vertex -4.0859 4.10231 0
    endloop
  endfacet
  facet normal 0.418899 -0.584107 -0.695228
    outer loop
      vertex -3.05564 4.57308 0.299999
      vertex -3.22637 4.80771 0
      vertex -3.21693 4.81448 0
    endloop
  endfacet
  facet normal 0.418681 -0.584265 -0.695227
    outer loop
      vertex -3.22637 4.80771 0
      vertex -3.05564 4.57308 0.299999
      vertex -3.34819 4.36344 0.299999
    endloop
  endfacet
  facet normal 0.253199 -0.672721 -0.695225
    outer loop
      vertex -2.10476 5.08134 0.299999
      vertex -2.20499 5.35365 0
      vertex -1.76792 5.20812 0.299999
    endloop
  endfacet
  facet normal 0.253131 -0.672746 -0.695225
    outer loop
      vertex -2.20499 5.35365 0
      vertex -2.10476 5.08134 0.299999
      vertex -2.21586 5.34956 0
    endloop
  endfacet
  facet normal 0.296655 -0.654719 -0.695226
    outer loop
      vertex -2.21586 5.34956 0
      vertex -2.10476 5.08134 0.299999
      vertex -2.55042 5.19797 0
    endloop
  endfacet
  facet normal 0.0235228 -0.718405 -0.695227
    outer loop
      vertex 0 5.79032 0
      vertex 0 5.5 0.299999
      vertex -0.3671 5.7783 0
    endloop
  endfacet
  facet normal -0.0235228 -0.718405 -0.695227
    outer loop
      vertex 0.3671 5.7783 0
      vertex 0 5.5 0.299999
      vertex 0 5.79032 0
    endloop
  endfacet
  facet normal 0.163387 -0.699966 -0.695236
    outer loop
      vertex -1.48734 5.59566 0
      vertex -1.4235 5.31259 0.299999
      vertex -1.49865 5.59302 0
    endloop
  endfacet
  facet normal 0.163227 -0.700003 -0.695236
    outer loop
      vertex -1.4235 5.31259 0.299999
      vertex -1.48734 5.59566 0
      vertex -1.073 5.39432 0.299999
    endloop
  endfacet
  facet normal 0.163213 -0.700016 -0.695226
    outer loop
      vertex -1.12964 5.67906 0
      vertex -1.073 5.39432 0.299999
      vertex -1.48734 5.59566 0
    endloop
  endfacet
  facet normal 0.116965 -0.709213 -0.695223
    outer loop
      vertex -1.11818 5.68095 0
      vertex -1.073 5.39432 0.299999
      vertex -1.12964 5.67906 0
    endloop
  endfacet
  facet normal 0.117092 -0.709193 -0.695223
    outer loop
      vertex -1.073 5.39432 0.299999
      vertex -1.11818 5.68095 0
      vertex -0.717894 5.45295 0.299999
    endloop
  endfacet
  facet normal -0.456014 0.555623 -0.695222
    outer loop
      vertex 3.6264 -4.13512 0.299999
      vertex 3.81782 -4.35339 0
      vertex 3.5339 -4.58641 0
    endloop
  endfacet
  facet normal -0.455633 0.555922 -0.695234
    outer loop
      vertex 3.34819 -4.36344 0.299999
      vertex 3.5339 -4.58641 0
      vertex 3.52492 -4.59377 0
    endloop
  endfacet
  facet normal -0.455989 0.555627 -0.695235
    outer loop
      vertex 3.5339 -4.58641 0
      vertex 3.34819 -4.36344 0.299999
      vertex 3.6264 -4.13512 0.299999
    endloop
  endfacet
  facet normal -0.633922 0.33883 -0.695224
    outer loop
      vertex 5.19318 -2.56099 0
      vertex 5.02004 -2.88492 0
      vertex 4.9328 -2.43259 0.299999
    endloop
  endfacet
  facet normal -0.491358 0.524627 -0.695222
    outer loop
      vertex 4.0859 -4.10231 0
      vertex 3.81782 -4.35339 0
      vertex 3.6264 -4.13512 0.299999
    endloop
  endfacet
  facet normal -0.709197 0.117087 -0.695219
    outer loop
      vertex 5.74078 -0.755788 0
      vertex 5.68095 -1.11818 0
      vertex 5.45295 -0.717894 0.299999
    endloop
  endfacet
  facet normal 0.117092 0.709193 -0.695223
    outer loop
      vertex -1.11818 -5.68095 0
      vertex -1.073 -5.39432 0.299999
      vertex -0.717894 -5.45295 0.299999
    endloop
  endfacet
  facet normal 0.116965 0.709213 -0.695223
    outer loop
      vertex -1.073 -5.39432 0.299999
      vertex -1.11818 -5.68095 0
      vertex -1.12964 -5.67906 0
    endloop
  endfacet
  facet normal 0.163213 0.700016 -0.695226
    outer loop
      vertex -1.073 -5.39432 0.299999
      vertex -1.12964 -5.67906 0
      vertex -1.48734 -5.59566 0
    endloop
  endfacet
  facet normal 0.37957 0.610392 -0.695233
    outer loop
      vertex -2.75 -4.76314 0.299999
      vertex -2.89516 -5.01457 0
      vertex -3.20707 -4.82061 0
    endloop
  endfacet
  facet normal 0.296654 0.65472 -0.695225
    outer loop
      vertex -2.55042 -5.19797 0
      vertex -2.43259 -4.9328 0.299999
      vertex -2.10476 -5.08134 0.299999
    endloop
  endfacet
  facet normal 0.296691 0.654703 -0.695225
    outer loop
      vertex -2.43259 -4.9328 0.299999
      vertex -2.55042 -5.19797 0
      vertex -2.56099 -5.19318 0
    endloop
  endfacet
  facet normal 0.296655 0.654719 -0.695226
    outer loop
      vertex -2.10476 -5.08134 0.299999
      vertex -2.21586 -5.34956 0
      vertex -2.55042 -5.19797 0
    endloop
  endfacet
  facet normal 0.687843 0.208654 -0.695224
    outer loop
      vertex -5.20812 -1.76792 0.299999
      vertex -5.48303 -1.86124 0
      vertex -5.58965 -1.50976 0
    endloop
  endfacet
  facet normal 0.687838 0.208636 -0.695234
    outer loop
      vertex -5.58965 -1.50976 0
      vertex -5.31259 -1.4235 0.299999
      vertex -5.20812 -1.76792 0.299999
    endloop
  endfacet
  facet normal 0.687836 0.208642 -0.695234
    outer loop
      vertex -5.31259 -1.4235 0.299999
      vertex -5.58965 -1.50976 0
      vertex -5.59302 -1.49865 0
    endloop
  endfacet
  facet normal 0.672722 0.253198 -0.695224
    outer loop
      vertex -5.20812 -1.76792 0.299999
      vertex -5.35365 -2.20499 0
      vertex -5.48303 -1.86124 0
    endloop
  endfacet
  facet normal 0.610392 0.37957 -0.695233
    outer loop
      vertex -4.76314 -2.75 0.299999
      vertex -4.82061 -3.20707 0
      vertex -5.01457 -2.89516 0
    endloop
  endfacet
  facet normal 0.654703 0.296691 -0.695225
    outer loop
      vertex -5.19797 -2.55042 0
      vertex -4.9328 -2.43259 0.299999
      vertex -5.19318 -2.56099 0
    endloop
  endfacet
  facet normal 0.65472 0.296654 -0.695225
    outer loop
      vertex -4.9328 -2.43259 0.299999
      vertex -5.19797 -2.55042 0
      vertex -5.08134 -2.10476 0.299999
    endloop
  endfacet
  facet normal 0.456014 0.555623 -0.695222
    outer loop
      vertex -3.6264 -4.13512 0.299999
      vertex -3.5339 -4.58641 0
      vertex -3.81782 -4.35339 0
    endloop
  endfacet
  facet normal 0.455633 0.555922 -0.695234
    outer loop
      vertex -3.5339 -4.58641 0
      vertex -3.34819 -4.36344 0.299999
      vertex -3.52492 -4.59377 0
    endloop
  endfacet
  facet normal 0.455989 0.555627 -0.695235
    outer loop
      vertex -3.34819 -4.36344 0.299999
      vertex -3.5339 -4.58641 0
      vertex -3.6264 -4.13512 0.299999
    endloop
  endfacet
  facet normal -0.584265 -0.418682 -0.695227
    outer loop
      vertex 4.59377 3.52492 0
      vertex 4.80771 3.22637 0
      vertex 4.36344 3.34819 0.299999
    endloop
  endfacet
  facet normal -0.555922 -0.455633 -0.695234
    outer loop
      vertex 4.36344 3.34819 0.299999
      vertex 4.58641 3.5339 0
      vertex 4.59377 3.52492 0
    endloop
  endfacet
  facet normal -0.555627 -0.455989 -0.695235
    outer loop
      vertex 4.58641 3.5339 0
      vertex 4.36344 3.34819 0.299999
      vertex 4.13512 3.6264 0.299999
    endloop
  endfacet
  facet normal -0.37957 -0.610392 -0.695233
    outer loop
      vertex 2.89516 5.01457 0
      vertex 3.20707 4.82061 0
      vertex 2.75 4.76314 0.299999
    endloop
  endfacet
  facet normal -0.379508 -0.610431 -0.695232
    outer loop
      vertex 3.05564 4.57308 0.299999
      vertex 3.20707 4.82061 0
      vertex 3.21693 4.81448 0
    endloop
  endfacet
  facet normal -0.379569 -0.610394 -0.695232
    outer loop
      vertex 3.20707 4.82061 0
      vertex 3.05564 4.57308 0.299999
      vertex 2.75 4.76314 0.299999
    endloop
  endfacet
  facet normal -0.253131 -0.672746 -0.695225
    outer loop
      vertex 2.10476 5.08134 0.299999
      vertex 2.20499 5.35365 0
      vertex 2.21586 5.34956 0
    endloop
  endfacet
  facet normal -0.253199 -0.672721 -0.695225
    outer loop
      vertex 2.20499 5.35365 0
      vertex 2.10476 5.08134 0.299999
      vertex 1.76792 5.20812 0.299999
    endloop
  endfacet
  facet normal -0.296655 -0.654719 -0.695226
    outer loop
      vertex 2.21586 5.34956 0
      vertex 2.55042 5.19797 0
      vertex 2.10476 5.08134 0.299999
    endloop
  endfacet
  facet normal 0.709197 -0.117087 -0.695219
    outer loop
      vertex -5.68095 1.11818 0
      vertex -5.45295 0.717894 0.299999
      vertex -5.74078 0.755788 0
    endloop
  endfacet
  facet normal 0.709213 -0.116965 -0.695223
    outer loop
      vertex -5.39432 1.073 0.299999
      vertex -5.68095 1.11818 0
      vertex -5.67906 1.12964 0
    endloop
  endfacet
  facet normal 0.709193 -0.117092 -0.695223
    outer loop
      vertex -5.68095 1.11818 0
      vertex -5.39432 1.073 0.299999
      vertex -5.45295 0.717894 0.299999
    endloop
  endfacet
  facet normal 0.687838 -0.208636 -0.695234
    outer loop
      vertex -5.31259 1.4235 0.299999
      vertex -5.58965 1.50976 0
      vertex -5.20812 1.76792 0.299999
    endloop
  endfacet
  facet normal 0.687836 -0.208642 -0.695234
    outer loop
      vertex -5.58965 1.50976 0
      vertex -5.31259 1.4235 0.299999
      vertex -5.59302 1.49865 0
    endloop
  endfacet
  facet normal 0.699966 -0.163387 -0.695236
    outer loop
      vertex -5.31259 1.4235 0.299999
      vertex -5.59566 1.48734 0
      vertex -5.59302 1.49865 0
    endloop
  endfacet
  facet normal 0.700003 -0.163227 -0.695236
    outer loop
      vertex -5.59566 1.48734 0
      vertex -5.31259 1.4235 0.299999
      vertex -5.39432 1.073 0.299999
    endloop
  endfacet
  facet normal 0.633914 -0.338836 -0.695229
    outer loop
      vertex -5.02004 2.88492 0
      vertex -4.76314 2.75 0.299999
      vertex -4.9328 2.43259 0.299999
    endloop
  endfacet
  facet normal 0.634001 -0.338671 -0.69523
    outer loop
      vertex -4.76314 2.75 0.299999
      vertex -5.02004 2.88492 0
      vertex -5.01457 2.89516 0
    endloop
  endfacet
  facet normal 0.610392 -0.37957 -0.695233
    outer loop
      vertex -4.82061 3.20707 0
      vertex -4.76314 2.75 0.299999
      vertex -5.01457 2.89516 0
    endloop
  endfacet
  facet normal 0.584265 -0.418681 -0.695227
    outer loop
      vertex -4.57308 3.05564 0.299999
      vertex -4.80771 3.22637 0
      vertex -4.36344 3.34819 0.299999
    endloop
  endfacet
  facet normal 0.584107 -0.418899 -0.695228
    outer loop
      vertex -4.80771 3.22637 0
      vertex -4.57308 3.05564 0.299999
      vertex -4.81448 3.21693 0
    endloop
  endfacet
  facet normal 0.672721 -0.253199 -0.695225
    outer loop
      vertex -5.35365 2.20499 0
      vertex -5.08134 2.10476 0.299999
      vertex -5.20812 1.76792 0.299999
    endloop
  endfacet
  facet normal 0.672746 -0.253131 -0.695225
    outer loop
      vertex -5.08134 2.10476 0.299999
      vertex -5.35365 2.20499 0
      vertex -5.34956 2.21586 0
    endloop
  endfacet
  facet normal -0.296691 0.654703 -0.695225
    outer loop
      vertex 2.55042 -5.19797 0
      vertex 2.43259 -4.9328 0.299999
      vertex 2.56099 -5.19318 0
    endloop
  endfacet
  facet normal -0.296654 0.65472 -0.695225
    outer loop
      vertex 2.43259 -4.9328 0.299999
      vertex 2.55042 -5.19797 0
      vertex 2.10476 -5.08134 0.299999
    endloop
  endfacet
  facet normal -0.418682 0.584265 -0.695227
    outer loop
      vertex 3.34819 -4.36344 0.299999
      vertex 3.52492 -4.59377 0
      vertex 3.22637 -4.80771 0
    endloop
  endfacet
  facet normal -0.208642 0.687836 -0.695234
    outer loop
      vertex 1.4235 -5.31259 0.299999
      vertex 1.50976 -5.58965 0
      vertex 1.49865 -5.59302 0
    endloop
  endfacet
  facet normal -0.208636 0.687838 -0.695234
    outer loop
      vertex 1.50976 -5.58965 0
      vertex 1.4235 -5.31259 0.299999
      vertex 1.76792 -5.20812 0.299999
    endloop
  endfacet
  facet normal -0.163387 0.699966 -0.695236
    outer loop
      vertex 1.48734 -5.59566 0
      vertex 1.4235 -5.31259 0.299999
      vertex 1.49865 -5.59302 0
    endloop
  endfacet
  facet normal -0.163227 0.700003 -0.695236
    outer loop
      vertex 1.4235 -5.31259 0.299999
      vertex 1.48734 -5.59566 0
      vertex 1.073 -5.39432 0.299999
    endloop
  endfacet
  facet normal -0.070471 0.715335 -0.69522
    outer loop
      vertex 0.717894 -5.45295 0.299999
      vertex 0.755788 -5.74078 0
      vertex 0.390259 -5.77679 0
    endloop
  endfacet
  facet normal -0.33883 0.633922 -0.695224
    outer loop
      vertex 2.88492 -5.02004 0
      vertex 2.56099 -5.19318 0
      vertex 2.43259 -4.9328 0.299999
    endloop
  endfacet
  facet normal -0.208654 0.687843 -0.695224
    outer loop
      vertex 1.76792 -5.20812 0.299999
      vertex 1.86124 -5.48303 0
      vertex 1.50976 -5.58965 0
    endloop
  endfacet
  facet normal -0.253198 0.672722 -0.695224
    outer loop
      vertex 2.20499 -5.35365 0
      vertex 1.86124 -5.48303 0
      vertex 1.76792 -5.20812 0.299999
    endloop
  endfacet
  facet normal -0.634001 0.338671 -0.69523
    outer loop
      vertex 4.76314 -2.75 0.299999
      vertex 5.02004 -2.88492 0
      vertex 5.01457 -2.89516 0
    endloop
  endfacet
  facet normal -0.633914 0.338836 -0.695229
    outer loop
      vertex 5.02004 -2.88492 0
      vertex 4.76314 -2.75 0.299999
      vertex 4.9328 -2.43259 0.299999
    endloop
  endfacet
  facet normal -0.584265 0.418682 -0.695227
    outer loop
      vertex 4.80771 -3.22637 0
      vertex 4.59377 -3.52492 0
      vertex 4.36344 -3.34819 0.299999
    endloop
  endfacet
  facet normal -0.490954 0.525005 -0.695223
    outer loop
      vertex 4.0859 -4.10231 0
      vertex 3.88909 -3.88909 0.299999
      vertex 4.09438 -4.09438 0
    endloop
  endfacet
  facet normal -0.491357 0.52463 -0.695221
    outer loop
      vertex 3.88909 -3.88909 0.299999
      vertex 4.0859 -4.10231 0
      vertex 3.6264 -4.13512 0.299999
    endloop
  endfacet
  facet normal -0.525005 0.490954 -0.695223
    outer loop
      vertex 3.88909 -3.88909 0.299999
      vertex 4.10231 -4.0859 0
      vertex 4.09438 -4.09438 0
    endloop
  endfacet
  facet normal -0.52463 0.491357 -0.695221
    outer loop
      vertex 4.10231 -4.0859 0
      vertex 3.88909 -3.88909 0.299999
      vertex 4.13512 -3.6264 0.299999
    endloop
  endfacet
  facet normal -0.715335 0.070471 -0.69522
    outer loop
      vertex 5.77679 -0.390259 0
      vertex 5.74078 -0.755788 0
      vertex 5.45295 -0.717894 0.299999
    endloop
  endfacet
  facet normal -0.715368 0.0699581 -0.695237
    outer loop
      vertex 5.77679 -0.390259 0
      vertex 5.48822 -0.359716 0.299999
      vertex 5.77792 -0.378704 0
    endloop
  endfacet
  facet normal -0.715319 0.0704379 -0.695239
    outer loop
      vertex 5.48822 -0.359716 0.299999
      vertex 5.77679 -0.390259 0
      vertex 5.45295 -0.717894 0.299999
    endloop
  endfacet
  facet normal 0.208642 0.687836 -0.695234
    outer loop
      vertex -1.50976 -5.58965 0
      vertex -1.4235 -5.31259 0.299999
      vertex -1.49865 -5.59302 0
    endloop
  endfacet
  facet normal 0.208636 0.687838 -0.695234
    outer loop
      vertex -1.4235 -5.31259 0.299999
      vertex -1.50976 -5.58965 0
      vertex -1.76792 -5.20812 0.299999
    endloop
  endfacet
  facet normal 0.163227 0.700003 -0.695236
    outer loop
      vertex -1.48734 -5.59566 0
      vertex -1.4235 -5.31259 0.299999
      vertex -1.073 -5.39432 0.299999
    endloop
  endfacet
  facet normal 0.163387 0.699966 -0.695236
    outer loop
      vertex -1.4235 -5.31259 0.299999
      vertex -1.48734 -5.59566 0
      vertex -1.49865 -5.59302 0
    endloop
  endfacet
  facet normal 0.117087 0.709197 -0.695219
    outer loop
      vertex -0.717894 -5.45295 0.299999
      vertex -0.755788 -5.74078 0
      vertex -1.11818 -5.68095 0
    endloop
  endfacet
  facet normal 0.418899 0.584107 -0.695228
    outer loop
      vertex -3.22637 -4.80771 0
      vertex -3.05564 -4.57308 0.299999
      vertex -3.21693 -4.81448 0
    endloop
  endfacet
  facet normal 0.418681 0.584265 -0.695227
    outer loop
      vertex -3.05564 -4.57308 0.299999
      vertex -3.22637 -4.80771 0
      vertex -3.34819 -4.36344 0.299999
    endloop
  endfacet
  facet normal 0.379569 0.610394 -0.695232
    outer loop
      vertex -3.20707 -4.82061 0
      vertex -3.05564 -4.57308 0.299999
      vertex -2.75 -4.76314 0.299999
    endloop
  endfacet
  facet normal 0.379508 0.610431 -0.695232
    outer loop
      vertex -3.05564 -4.57308 0.299999
      vertex -3.20707 -4.82061 0
      vertex -3.21693 -4.81448 0
    endloop
  endfacet
  facet normal 0.33883 0.633922 -0.695224
    outer loop
      vertex -2.43259 -4.9328 0.299999
      vertex -2.56099 -5.19318 0
      vertex -2.88492 -5.02004 0
    endloop
  endfacet
  facet normal 0.338836 0.633914 -0.695229
    outer loop
      vertex -2.88492 -5.02004 0
      vertex -2.75 -4.76314 0.299999
      vertex -2.43259 -4.9328 0.299999
    endloop
  endfacet
  facet normal 0.338671 0.634001 -0.69523
    outer loop
      vertex -2.75 -4.76314 0.299999
      vertex -2.88492 -5.02004 0
      vertex -2.89516 -5.01457 0
    endloop
  endfacet
  facet normal 0.253199 0.672721 -0.695225
    outer loop
      vertex -2.20499 -5.35365 0
      vertex -2.10476 -5.08134 0.299999
      vertex -1.76792 -5.20812 0.299999
    endloop
  endfacet
  facet normal 0.253131 0.672746 -0.695225
    outer loop
      vertex -2.10476 -5.08134 0.299999
      vertex -2.20499 -5.35365 0
      vertex -2.21586 -5.34956 0
    endloop
  endfacet
  facet normal 0.718403 0.0235263 -0.695229
    outer loop
      vertex -5.48822 -0.359716 0.299999
      vertex -5.7783 -0.3671 0
      vertex -5.5 0 0.299999
    endloop
  endfacet
  facet normal 0.718403 0.0235258 -0.695229
    outer loop
      vertex -5.7783 -0.3671 0
      vertex -5.48822 -0.359716 0.299999
      vertex -5.77792 -0.378704 0
    endloop
  endfacet
  facet normal 0.709197 0.117087 -0.695219
    outer loop
      vertex -5.45295 -0.717894 0.299999
      vertex -5.68095 -1.11818 0
      vertex -5.74078 -0.755788 0
    endloop
  endfacet
  facet normal 0.718403 -0.0235258 -0.695229
    outer loop
      vertex -5.48822 0.359716 0.299999
      vertex -5.7783 0.3671 0
      vertex -5.77792 0.378704 0
    endloop
  endfacet
  facet normal 0.718403 -0.0235263 -0.695229
    outer loop
      vertex -5.7783 0.3671 0
      vertex -5.48822 0.359716 0.299999
      vertex -5.5 0 0.299999
    endloop
  endfacet
  facet normal 0.584265 0.418681 -0.695227
    outer loop
      vertex -4.80771 -3.22637 0
      vertex -4.57308 -3.05564 0.299999
      vertex -4.36344 -3.34819 0.299999
    endloop
  endfacet
  facet normal 0.584107 0.418899 -0.695228
    outer loop
      vertex -4.57308 -3.05564 0.299999
      vertex -4.80771 -3.22637 0
      vertex -4.81448 -3.21693 0
    endloop
  endfacet
  facet normal 0.672746 0.253131 -0.695225
    outer loop
      vertex -5.35365 -2.20499 0
      vertex -5.08134 -2.10476 0.299999
      vertex -5.34956 -2.21586 0
    endloop
  endfacet
  facet normal 0.672721 0.253199 -0.695225
    outer loop
      vertex -5.08134 -2.10476 0.299999
      vertex -5.35365 -2.20499 0
      vertex -5.20812 -1.76792 0.299999
    endloop
  endfacet
  facet normal 0.654719 0.296655 -0.695226
    outer loop
      vertex -5.08134 -2.10476 0.299999
      vertex -5.19797 -2.55042 0
      vertex -5.34956 -2.21586 0
    endloop
  endfacet
  facet normal 0.491357 0.52463 -0.695221
    outer loop
      vertex -4.0859 -4.10231 0
      vertex -3.88909 -3.88909 0.299999
      vertex -3.6264 -4.13512 0.299999
    endloop
  endfacet
  facet normal 0.490954 0.525005 -0.695223
    outer loop
      vertex -3.88909 -3.88909 0.299999
      vertex -4.0859 -4.10231 0
      vertex -4.09438 -4.09438 0
    endloop
  endfacet
  facet normal -0.418899 0.584107 -0.695228
    outer loop
      vertex 3.05564 -4.57308 0.299999
      vertex 3.22637 -4.80771 0
      vertex 3.21693 -4.81448 0
    endloop
  endfacet
  facet normal -0.418681 0.584265 -0.695227
    outer loop
      vertex 3.22637 -4.80771 0
      vertex 3.05564 -4.57308 0.299999
      vertex 3.34819 -4.36344 0.299999
    endloop
  endfacet
  facet normal -0.379508 0.610431 -0.695232
    outer loop
      vertex 3.20707 -4.82061 0
      vertex 3.05564 -4.57308 0.299999
      vertex 3.21693 -4.81448 0
    endloop
  endfacet
  facet normal -0.379569 0.610394 -0.695232
    outer loop
      vertex 3.05564 -4.57308 0.299999
      vertex 3.20707 -4.82061 0
      vertex 2.75 -4.76314 0.299999
    endloop
  endfacet
  facet normal -0.37957 0.610392 -0.695233
    outer loop
      vertex 3.20707 -4.82061 0
      vertex 2.89516 -5.01457 0
      vertex 2.75 -4.76314 0.299999
    endloop
  endfacet
  facet normal -0.117087 0.709197 -0.695219
    outer loop
      vertex 1.11818 -5.68095 0
      vertex 0.755788 -5.74078 0
      vertex 0.717894 -5.45295 0.299999
    endloop
  endfacet
  facet normal -0.296655 0.654719 -0.695226
    outer loop
      vertex 2.55042 -5.19797 0
      vertex 2.21586 -5.34956 0
      vertex 2.10476 -5.08134 0.299999
    endloop
  endfacet
  facet normal -0.584107 0.418899 -0.695228
    outer loop
      vertex 4.80771 -3.22637 0
      vertex 4.57308 -3.05564 0.299999
      vertex 4.81448 -3.21693 0
    endloop
  endfacet
  facet normal -0.584265 0.418681 -0.695227
    outer loop
      vertex 4.57308 -3.05564 0.299999
      vertex 4.80771 -3.22637 0
      vertex 4.36344 -3.34819 0.299999
    endloop
  endfacet
  facet normal -0.610392 0.37957 -0.695233
    outer loop
      vertex 5.01457 -2.89516 0
      vertex 4.82061 -3.20707 0
      vertex 4.76314 -2.75 0.299999
    endloop
  endfacet
  facet normal -0.524627 0.491358 -0.695222
    outer loop
      vertex 4.13512 -3.6264 0.299999
      vertex 4.35339 -3.81782 0
      vertex 4.10231 -4.0859 0
    endloop
  endfacet
  facet normal -0.555623 0.456014 -0.695222
    outer loop
      vertex 4.58641 -3.5339 0
      vertex 4.35339 -3.81782 0
      vertex 4.13512 -3.6264 0.299999
    endloop
  endfacet
  facet normal -0.672722 0.253198 -0.695224
    outer loop
      vertex 5.48303 -1.86124 0
      vertex 5.35365 -2.20499 0
      vertex 5.20812 -1.76792 0.299999
    endloop
  endfacet
  facet normal -0.687843 0.208654 -0.695224
    outer loop
      vertex 5.58965 -1.50976 0
      vertex 5.48303 -1.86124 0
      vertex 5.20812 -1.76792 0.299999
    endloop
  endfacet
  facet normal -0.700016 0.163213 -0.695226
    outer loop
      vertex 5.67906 -1.12964 0
      vertex 5.59566 -1.48734 0
      vertex 5.39432 -1.073 0.299999
    endloop
  endfacet
  facet normal -0.709193 0.117092 -0.695223
    outer loop
      vertex 5.68095 -1.11818 0
      vertex 5.39432 -1.073 0.299999
      vertex 5.45295 -0.717894 0.299999
    endloop
  endfacet
  facet normal -0.709213 0.116965 -0.695223
    outer loop
      vertex 5.39432 -1.073 0.299999
      vertex 5.68095 -1.11818 0
      vertex 5.67906 -1.12964 0
    endloop
  endfacet
  facet normal 0.700016 0.163213 -0.695226
    outer loop
      vertex -5.39432 -1.073 0.299999
      vertex -5.59566 -1.48734 0
      vertex -5.67906 -1.12964 0
    endloop
  endfacet
  facet normal 0.709193 0.117092 -0.695223
    outer loop
      vertex -5.39432 -1.073 0.299999
      vertex -5.68095 -1.11818 0
      vertex -5.45295 -0.717894 0.299999
    endloop
  endfacet
  facet normal 0.709213 0.116965 -0.695223
    outer loop
      vertex -5.68095 -1.11818 0
      vertex -5.39432 -1.073 0.299999
      vertex -5.67906 -1.12964 0
    endloop
  endfacet
  facet normal 0.700003 0.163227 -0.695236
    outer loop
      vertex -5.31259 -1.4235 0.299999
      vertex -5.59566 -1.48734 0
      vertex -5.39432 -1.073 0.299999
    endloop
  endfacet
  facet normal 0.699966 0.163387 -0.695236
    outer loop
      vertex -5.59566 -1.48734 0
      vertex -5.31259 -1.4235 0.299999
      vertex -5.59302 -1.49865 0
    endloop
  endfacet
  facet normal 0.715368 0.0699581 -0.695237
    outer loop
      vertex -5.48822 -0.359716 0.299999
      vertex -5.77679 -0.390259 0
      vertex -5.77792 -0.378704 0
    endloop
  endfacet
  facet normal 0.715319 0.0704379 -0.695239
    outer loop
      vertex -5.77679 -0.390259 0
      vertex -5.48822 -0.359716 0.299999
      vertex -5.45295 -0.717894 0.299999
    endloop
  endfacet
  facet normal 0.715335 0.070471 -0.69522
    outer loop
      vertex -5.45295 -0.717894 0.299999
      vertex -5.74078 -0.755788 0
      vertex -5.77679 -0.390259 0
    endloop
  endfacet
  facet normal 0.718405 0.0235228 -0.695227
    outer loop
      vertex -5.5 0 0.299999
      vertex -5.7783 -0.3671 0
      vertex -5.79032 0 0
    endloop
  endfacet
  facet normal 0.718405 -0.0235228 -0.695227
    outer loop
      vertex -5.7783 0.3671 0
      vertex -5.5 0 0.299999
      vertex -5.79032 0 0
    endloop
  endfacet
  facet normal -0.338671 0.634001 -0.69523
    outer loop
      vertex 2.88492 -5.02004 0
      vertex 2.75 -4.76314 0.299999
      vertex 2.89516 -5.01457 0
    endloop
  endfacet
  facet normal -0.338836 0.633914 -0.695229
    outer loop
      vertex 2.75 -4.76314 0.299999
      vertex 2.88492 -5.02004 0
      vertex 2.43259 -4.9328 0.299999
    endloop
  endfacet
  facet normal 0.0235263 0.718403 -0.695229
    outer loop
      vertex -0.3671 -5.7783 0
      vertex -0.359716 -5.48822 0.299999
      vertex 0 -5.5 0.299999
    endloop
  endfacet
  facet normal 0.0235258 0.718403 -0.695229
    outer loop
      vertex -0.359716 -5.48822 0.299999
      vertex -0.3671 -5.7783 0
      vertex -0.378704 -5.77792 0
    endloop
  endfacet
  facet normal -0.116965 0.709213 -0.695223
    outer loop
      vertex 1.11818 -5.68095 0
      vertex 1.073 -5.39432 0.299999
      vertex 1.12964 -5.67906 0
    endloop
  endfacet
  facet normal -0.117092 0.709193 -0.695223
    outer loop
      vertex 1.073 -5.39432 0.299999
      vertex 1.11818 -5.68095 0
      vertex 0.717894 -5.45295 0.299999
    endloop
  endfacet
  facet normal -0.163213 0.700016 -0.695226
    outer loop
      vertex 1.48734 -5.59566 0
      vertex 1.12964 -5.67906 0
      vertex 1.073 -5.39432 0.299999
    endloop
  endfacet
  facet normal -0.610431 0.379508 -0.695232
    outer loop
      vertex 4.57308 -3.05564 0.299999
      vertex 4.82061 -3.20707 0
      vertex 4.81448 -3.21693 0
    endloop
  endfacet
  facet normal -0.610394 0.379569 -0.695232
    outer loop
      vertex 4.82061 -3.20707 0
      vertex 4.57308 -3.05564 0.299999
      vertex 4.76314 -2.75 0.299999
    endloop
  endfacet
  facet normal -0.654719 0.296655 -0.695226
    outer loop
      vertex 5.34956 -2.21586 0
      vertex 5.19797 -2.55042 0
      vertex 5.08134 -2.10476 0.299999
    endloop
  endfacet
  facet normal -0.672746 0.253131 -0.695225
    outer loop
      vertex 5.08134 -2.10476 0.299999
      vertex 5.35365 -2.20499 0
      vertex 5.34956 -2.21586 0
    endloop
  endfacet
  facet normal -0.672721 0.253199 -0.695225
    outer loop
      vertex 5.35365 -2.20499 0
      vertex 5.08134 -2.10476 0.299999
      vertex 5.20812 -1.76792 0.299999
    endloop
  endfacet
  facet normal -0.700003 0.163227 -0.695236
    outer loop
      vertex 5.59566 -1.48734 0
      vertex 5.31259 -1.4235 0.299999
      vertex 5.39432 -1.073 0.299999
    endloop
  endfacet
  facet normal -0.699966 0.163387 -0.695236
    outer loop
      vertex 5.31259 -1.4235 0.299999
      vertex 5.59566 -1.48734 0
      vertex 5.59302 -1.49865 0
    endloop
  endfacet
  facet normal -0.0235228 0.718405 -0.695227
    outer loop
      vertex 0.3671 -5.7783 0
      vertex 0 -5.79032 0
      vertex 0 -5.5 0.299999
    endloop
  endfacet
  facet normal 0.0235228 0.718405 -0.695227
    outer loop
      vertex 0 -5.5 0.299999
      vertex 0 -5.79032 0
      vertex -0.3671 -5.7783 0
    endloop
  endfacet
  facet normal -0.0235258 0.718403 -0.695229
    outer loop
      vertex 0.3671 -5.7783 0
      vertex 0.359716 -5.48822 0.299999
      vertex 0.378704 -5.77792 0
    endloop
  endfacet
  facet normal -0.0235263 0.718403 -0.695229
    outer loop
      vertex 0.359716 -5.48822 0.299999
      vertex 0.3671 -5.7783 0
      vertex 0 -5.5 0.299999
    endloop
  endfacet
  facet normal -0.0704379 0.715319 -0.695239
    outer loop
      vertex 0.390259 -5.77679 0
      vertex 0.359716 -5.48822 0.299999
      vertex 0.717894 -5.45295 0.299999
    endloop
  endfacet
  facet normal -0.0699581 0.715368 -0.695237
    outer loop
      vertex 0.359716 -5.48822 0.299999
      vertex 0.390259 -5.77679 0
      vertex 0.378704 -5.77792 0
    endloop
  endfacet
  facet normal -0.654703 0.296691 -0.695225
    outer loop
      vertex 4.9328 -2.43259 0.299999
      vertex 5.19797 -2.55042 0
      vertex 5.19318 -2.56099 0
    endloop
  endfacet
  facet normal -0.65472 0.296654 -0.695225
    outer loop
      vertex 5.19797 -2.55042 0
      vertex 4.9328 -2.43259 0.299999
      vertex 5.08134 -2.10476 0.299999
    endloop
  endfacet
  facet normal 0 0 -1
    outer loop
      vertex 9.46607 -2.53643 0.799999
      vertex 11.5911 -3.10583 0.799999
      vertex 11.4459 -3.58455 0.799999
    endloop
  endfacet
  facet normal 0 0 -1
    outer loop
      vertex 11.5911 -3.10583 0.799999
      vertex 9.46607 -2.53643 0.799999
      vertex 11.7047 -2.61863 0.799999
    endloop
  endfacet
  facet normal 0 0 -1
    outer loop
      vertex 11.7047 -2.61863 0.799999
      vertex 9.46607 -2.53643 0.799999
      vertex 9.57967 -2.04923 0.799999
    endloop
  endfacet
  facet normal 0 -0 -1
    outer loop
      vertex 9.46607 -2.53643 0.799999
      vertex 11.4459 -3.58455 0.799999
      vertex 9.32085 -3.01515 0.799999
    endloop
  endfacet
  facet normal -0.258817 -0.965926 0
    outer loop
      vertex 9.32085 -3.01515 0.799999
      vertex 11.4459 -3.58455 1.2
      vertex 9.32085 -3.01515 1.2
    endloop
  endfacet
  facet normal -0.258817 -0.965926 -0
    outer loop
      vertex 11.4459 -3.58455 1.2
      vertex 9.32085 -3.01515 0.799999
      vertex 11.4459 -3.58455 0.799999
    endloop
  endfacet
  facet normal 0.258819 0.965926 -0
    outer loop
      vertex 11.7047 -2.61863 0.799999
      vertex 9.57967 -2.04923 1.2
      vertex 11.7047 -2.61863 1.2
    endloop
  endfacet
  facet normal 0.258819 0.965926 0
    outer loop
      vertex 9.57967 -2.04923 1.2
      vertex 11.7047 -2.61863 0.799999
      vertex 9.57967 -2.04923 0.799999
    endloop
  endfacet
  facet normal 0 0 -1
    outer loop
      vertex -1.58943 -11.8935 0.799999
      vertex -1.27916 -9.71616 0.799999
      vertex -1.20676 -9.72329 0.799999
    endloop
  endfacet
  facet normal 0 0 -1
    outer loop
      vertex -1.58943 -11.8935 0.799999
      vertex -1.91188 -9.6117 0.799999
      vertex -1.27916 -9.71616 0.799999
    endloop
  endfacet
  facet normal 0 0 -1
    outer loop
      vertex -2.34108 -11.7694 0.799999
      vertex -1.91188 -9.6117 0.799999
      vertex -1.58943 -11.8935 0.799999
    endloop
  endfacet
  facet normal 0 0 -1
    outer loop
      vertex -2.57343 -11.7152 0.799999
      vertex -1.91188 -9.6117 0.799999
      vertex -2.34108 -11.7694 0.799999
    endloop
  endfacet
  facet normal -0 0 -1
    outer loop
      vertex -1.91188 -9.6117 0.799999
      vertex -2.57343 -11.7152 0.799999
      vertex -2.19104 -9.54661 0.799999
    endloop
  endfacet
  facet normal 0.984807 -0.17365 0
    outer loop
      vertex -1.58943 -11.8935 1.2
      vertex -1.20676 -9.72329 0.799999
      vertex -1.20676 -9.72329 1.2
    endloop
  endfacet
  facet normal 0.984807 -0.17365 0
    outer loop
      vertex -1.20676 -9.72329 0.799999
      vertex -1.58943 -11.8935 1.2
      vertex -1.58943 -11.8935 0.799999
    endloop
  endfacet
  facet normal -0.984807 0.173652 0
    outer loop
      vertex -2.57343 -11.7152 0.799999
      vertex -2.19104 -9.54661 1.2
      vertex -2.19104 -9.54661 0.799999
    endloop
  endfacet
  facet normal -0.984807 0.173652 0
    outer loop
      vertex -2.19104 -9.54661 1.2
      vertex -2.57343 -11.7152 0.799999
      vertex -2.57343 -11.7152 1.2
    endloop
  endfacet
  facet normal 0 0 -1
    outer loop
      vertex -9.71616 1.27916 0.799999
      vertex -11.8996 1.54299 0.799999
      vertex -9.70431 1.35093 0.799999
    endloop
  endfacet
  facet normal 0 0 -1
    outer loop
      vertex -9.77902 0.64095 0.799999
      vertex -11.8996 1.54299 0.799999
      vertex -9.71616 1.27916 0.799999
    endloop
  endfacet
  facet normal 0 0 -1
    outer loop
      vertex -11.9821 0.546388 0.799999
      vertex -9.77902 0.64095 0.799999
      vertex -9.78839 0.354463 0.799999
    endloop
  endfacet
  facet normal 0 0 -1
    outer loop
      vertex -9.77902 0.64095 0.799999
      vertex -11.9743 0.784837 0.799999
      vertex -11.8996 1.54299 0.799999
    endloop
  endfacet
  facet normal -0 0 -1
    outer loop
      vertex -9.77902 0.64095 0.799999
      vertex -11.9821 0.546388 0.799999
      vertex -11.9743 0.784837 0.799999
    endloop
  endfacet
  facet normal -0.0871559 -0.996195 0
    outer loop
      vertex -11.9821 0.546388 0.799999
      vertex -9.78839 0.354463 1.2
      vertex -11.9821 0.546388 1.2
    endloop
  endfacet
  facet normal -0.0871559 -0.996195 -0
    outer loop
      vertex -9.78839 0.354463 1.2
      vertex -11.9821 0.546388 0.799999
      vertex -9.78839 0.354463 0.799999
    endloop
  endfacet
  facet normal 0.0871544 0.996195 -0
    outer loop
      vertex -9.70431 1.35093 0.799999
      vertex -11.8996 1.54299 1.2
      vertex -9.70431 1.35093 1.2
    endloop
  endfacet
  facet normal 0.0871544 0.996195 0
    outer loop
      vertex -11.8996 1.54299 1.2
      vertex -9.70431 1.35093 0.799999
      vertex -11.8996 1.54299 0.799999
    endloop
  endfacet
endsolid OpenSCAD_Model
