solid OpenSCAD_Model
  facet normal -0.258372 0.188579 0.947461
    outer loop
      vertex 8.71921 1.01423 2.89631
      vertex 8.66235 0.955619 2.89247
      vertex 8.71921 0.957607 2.90758
    endloop
  endfacet
  facet normal 0 -0.0655461 0.99785
    outer loop
      vertex 8.77757 0.9 2.91904
      vertex 8.83643 0.841389 2.91519
      vertex 8.83643 0.9 2.91904
    endloop
  endfacet
  facet normal 0 -0.0655461 0.99785
    outer loop
      vertex 8.83643 0.841389 2.91519
      vertex 8.77757 0.9 2.91904
      vertex 8.77757 0.841389 2.91519
    endloop
  endfacet
  facet normal 0 -0.321438 0.946931
    outer loop
      vertex 8.77757 0.78378 2.90374
      vertex 8.83643 0.728161 2.88486
      vertex 8.83643 0.78378 2.90374
    endloop
  endfacet
  facet normal 0 -0.321438 0.946931
    outer loop
      vertex 8.83643 0.728161 2.88486
      vertex 8.77757 0.78378 2.90374
      vertex 8.77757 0.728161 2.88486
    endloop
  endfacet
  facet normal -0.382044 0.768368 0.513471
    outer loop
      vertex 8.66235 1.23806 2.72941
      vertex 8.60797 1.24952 2.6718
      vertex 8.60797 1.22019 2.71569
    endloop
  endfacet
  facet normal -0.706358 -0.532195 0.46672
    outer loop
      vertex 8.46867 0.690197 2.6798
      vertex 8.46867 0.664607 2.65062
      vertex 8.51029 0.660766 2.70923
    endloop
  endfacet
  facet normal -0.499148 0.278543 0.820528
    outer loop
      vertex 8.60797 1.05445 2.84287
      vertex 8.55699 1.04319 2.81568
      vertex 8.60797 1.00446 2.85984
    endloop
  endfacet
  facet normal -0.607955 -0.523514 0.596928
    outer loop
      vertex 8.51029 0.694038 2.73841
      vertex 8.51029 0.660766 2.70923
      vertex 8.55699 0.635427 2.73457
    endloop
  endfacet
  facet normal 0.130129 0.0649887 0.989365
    outer loop
      vertex 8.83643 0.9 2.91904
      vertex 8.89479 0.957607 2.90758
      vertex 8.83643 0.958611 2.91519
    endloop
  endfacet
  facet normal -0.130394 -0.193543 0.972388
    outer loop
      vertex 8.71921 0.842391 2.90758
      vertex 8.71921 0.785769 2.89631
      vertex 8.77757 0.78378 2.90374
    endloop
  endfacet
  facet normal -0.381981 0.408719 0.828878
    outer loop
      vertex 8.66235 1.06307 2.86368
      vertex 8.66235 1.11306 2.83903
      vertex 8.60797 1.05445 2.84287
    endloop
  endfacet
  facet normal -0.499175 -0.169054 0.84985
    outer loop
      vertex 8.60797 0.847321 2.87014
      vertex 8.55699 0.851162 2.84096
      vertex 8.60797 0.795542 2.85984
    endloop
  endfacet
  facet normal -0.499111 -0.651491 0.571356
    outer loop
      vertex 8.60797 0.614616 2.75538
      vertex 8.55699 0.603157 2.69778
      vertex 8.60797 0.579808 2.71569
    endloop
  endfacet
  facet normal 0.792724 -0.195912 0.577241
    outer loop
      vertex 9.14533 0.786455 2.74412
      vertex 9.18116 0.804326 2.70098
      vertex 9.18116 0.835293 2.71149
    endloop
  endfacet
  facet normal 0.706471 -0.588465 0.393201
    outer loop
      vertex 9.10371 0.631586 2.67596
      vertex 9.10371 0.61424 2.65
      vertex 9.12246 0.63675 2.65
    endloop
  endfacet
  facet normal 0.499202 0.278464 0.820521
    outer loop
      vertex 9.05701 0.99684 2.83141
      vertex 9.05701 1.04319 2.81568
      vertex 9.00603 1.00446 2.85984
    endloop
  endfacet
  facet normal 0.60794 -0.441143 0.660153
    outer loop
      vertex 9.05701 0.672225 2.76684
      vertex 9.10371 0.694038 2.73841
      vertex 9.10371 0.730836 2.763
    endloop
  endfacet
  facet normal 0.499178 0.169048 0.84985
    outer loop
      vertex 9.00603 0.952679 2.87014
      vertex 9.05701 0.948837 2.84096
      vertex 9.00603 1.00446 2.85984
    endloop
  endfacet
  facet normal -0.792755 0.0398924 0.608234
    outer loop
      vertex 8.46867 0.938727 2.76417
      vertex 8.43284 0.932631 2.71787
      vertex 8.46867 0.9 2.76671
    endloop
  endfacet
  facet normal -0.706351 0.5322 0.466724
    outer loop
      vertex 8.51029 1.13923 2.70923
      vertex 8.46867 1.13539 2.65062
      vertex 8.46867 1.1098 2.6798
    endloop
  endfacet
  facet normal 0.381998 0.768414 0.513437
    outer loop
      vertex 8.95165 1.23806 2.72941
      vertex 9.00603 1.24952 2.6718
      vertex 8.95165 1.26903 2.68306
    endloop
  endfacet
  facet normal 0.60784 0.660188 0.441227
    outer loop
      vertex 9.07546 1.21177 2.65
      vertex 9.10371 1.16841 2.67596
      vertex 9.10371 1.18576 2.65
    endloop
  endfacet
  facet normal 0.607951 0.660178 0.44109
    outer loop
      vertex 9.10371 1.16841 2.67596
      vertex 9.07546 1.21177 2.65
      vertex 9.05701 1.22403 2.65708
    endloop
  endfacet
  facet normal 0.706351 0.466724 0.5322
    outer loop
      vertex 9.14533 1.08062 2.70539
      vertex 9.14533 1.1098 2.6798
      vertex 9.10371 1.13923 2.70923
    endloop
  endfacet
  facet normal -0.258266 -0.866449 0.427275
    outer loop
      vertex 8.66235 0.514667 2.65
      vertex 8.70492 0.501978 2.65
      vertex 8.66235 0.53097 2.68306
    endloop
  endfacet
  facet normal 0.706317 0.313056 0.634911
    outer loop
      vertex 9.10371 1.02947 2.78257
      vertex 9.14533 1.04835 2.72696
      vertex 9.10371 1.06916 2.763
    endloop
  endfacet
  facet normal 0.607969 0.0520276 0.792255
    outer loop
      vertex 9.10371 0.9 2.80833
      vertex 9.10371 0.94416 2.80543
      vertex 9.05701 0.948837 2.84096
    endloop
  endfacet
  facet normal 0.607963 0.523528 0.596908
    outer loop
      vertex 9.10371 1.10596 2.73841
      vertex 9.10371 1.13923 2.70923
      vertex 9.05701 1.16457 2.73457
    endloop
  endfacet
  facet normal 0.25836 -0.310417 0.914818
    outer loop
      vertex 8.89479 0.731101 2.87776
      vertex 8.95165 0.736931 2.86368
      vertex 8.89479 0.785769 2.89631
    endloop
  endfacet
  facet normal -0.130133 0.193283 0.972475
    outer loop
      vertex 8.77757 0.958611 2.91519
      vertex 8.77757 1.01622 2.90374
      vertex 8.71921 0.957607 2.90758
    endloop
  endfacet
  facet normal -0.258248 -0.726288 0.637036
    outer loop
      vertex 8.66235 0.598688 2.77131
      vertex 8.66235 0.561937 2.72941
      vertex 8.71921 0.54985 2.73868
    endloop
  endfacet
  facet normal -0.258284 0.726289 0.63702
    outer loop
      vertex 8.71921 1.25015 2.73868
      vertex 8.66235 1.23806 2.72941
      vertex 8.66235 1.20131 2.77131
    endloop
  endfacet
  facet normal 0 0.751901 0.659276
    outer loop
      vertex 8.83643 1.25624 2.74336
      vertex 8.77757 1.21752 2.78752
      vertex 8.83643 1.21752 2.78752
    endloop
  endfacet
  facet normal 0 0.751901 0.659276
    outer loop
      vertex 8.77757 1.21752 2.78752
      vertex 8.83643 1.25624 2.74336
      vertex 8.77757 1.25624 2.74336
    endloop
  endfacet
  facet normal -0.792557 0.458471 0.402066
    outer loop
      vertex 8.46286 1.12589 2.65
      vertex 8.46867 1.1098 2.6798
      vertex 8.46867 1.13539 2.65062
    endloop
  endfacet
  facet normal -0.792706 0.45828 0.401992
    outer loop
      vertex 8.46867 1.1098 2.6798
      vertex 8.46286 1.12589 2.65
      vertex 8.43633 1.08 2.65
    endloop
  endfacet
  facet normal 0.499219 0.48143 0.720421
    outer loop
      vertex 9.05701 1.08708 2.79403
      vertex 9.00603 1.14569 2.79019
      vertex 9.00603 1.1018 2.81952
    endloop
  endfacet
  facet normal 0.607909 0.154928 0.778745
    outer loop
      vertex 9.05701 0.948837 2.84096
      vertex 9.10371 0.987565 2.7968
      vertex 9.05701 0.99684 2.83141
    endloop
  endfacet
  facet normal -0.258387 0.637043 0.726232
    outer loop
      vertex 8.71921 1.16868 2.82015
      vertex 8.71921 1.21208 2.78208
      vertex 8.66235 1.1594 2.80806
    endloop
  endfacet
  facet normal -0.381964 0.513521 0.768375
    outer loop
      vertex 8.66235 1.1594 2.80806
      vertex 8.60797 1.14569 2.79019
      vertex 8.66235 1.11306 2.83903
    endloop
  endfacet
  facet normal 0 0.896911 0.44221
    outer loop
      vertex 8.83643 1.31083 2.65
      vertex 8.77757 1.28888 2.69452
      vertex 8.83643 1.28888 2.69452
    endloop
  endfacet
  facet normal 0 0.896911 0.44221
    outer loop
      vertex 8.77757 1.28888 2.69452
      vertex 8.83643 1.31083 2.65
      vertex 8.77757 1.31083 2.65
    endloop
  endfacet
  facet normal 0.258263 0.803262 0.536721
    outer loop
      vertex 8.95165 1.23806 2.72941
      vertex 8.95165 1.26903 2.68306
      vertex 8.89479 1.28222 2.69068
    endloop
  endfacet
  facet normal 0.258296 0.803274 0.536688
    outer loop
      vertex 8.95165 1.23806 2.72941
      vertex 8.89479 1.28222 2.69068
      vertex 8.89479 1.25015 2.73868
    endloop
  endfacet
  facet normal -0.499159 -0.383296 0.777126
    outer loop
      vertex 8.55699 0.756814 2.81568
      vertex 8.55699 0.712919 2.79403
      vertex 8.60797 0.745551 2.84287
    endloop
  endfacet
  facet normal -0.923683 -0.0753719 0.375671
    outer loop
      vertex 8.39776 0.856671 2.65
      vertex 8.39816 0.851769 2.65
      vertex 8.40341 0.848487 2.66225
    endloop
  endfacet
  facet normal 0.792754 -0.118892 0.597834
    outer loop
      vertex 9.14533 0.823207 2.7566
      vertex 9.18116 0.867367 2.71787
      vertex 9.14533 0.861272 2.76417
    endloop
  endfacet
  facet normal 0.792703 0.401941 0.458329
    outer loop
      vertex 9.14533 1.08062 2.70539
      vertex 9.17767 1.08 2.65
      vertex 9.14533 1.1098 2.6798
    endloop
  endfacet
  facet normal 0.793218 0.400562 0.458645
    outer loop
      vertex 9.17767 1.08 2.65
      vertex 9.14533 1.08062 2.70539
      vertex 9.17919 1.07699 2.65
    endloop
  endfacet
  facet normal 0.70634 -0.313005 0.634911
    outer loop
      vertex 9.10371 0.770527 2.78257
      vertex 9.14533 0.751647 2.72696
      vertex 9.14533 0.786455 2.74412
    endloop
  endfacet
  facet normal 0.258187 -0.866482 0.427256
    outer loop
      vertex 8.90909 0.501978 2.65
      vertex 8.89479 0.517776 2.69068
      vertex 8.89479 0.497717 2.65
    endloop
  endfacet
  facet normal 0.258312 -0.866433 0.42728
    outer loop
      vertex 8.89479 0.517776 2.69068
      vertex 8.90909 0.501978 2.65
      vertex 8.95165 0.53097 2.68306
    endloop
  endfacet
  facet normal 0.130274 -0.438534 0.889222
    outer loop
      vertex 8.83643 0.728161 2.88486
      vertex 8.83643 0.675481 2.85888
      vertex 8.89479 0.731101 2.87776
    endloop
  endfacet
  facet normal 0.130365 -0.0647442 0.98935
    outer loop
      vertex 8.83643 0.9 2.91904
      vertex 8.89479 0.842391 2.90758
      vertex 8.89479 0.9 2.91135
    endloop
  endfacet
  facet normal -0.706334 0.138072 0.694283
    outer loop
      vertex 8.51029 0.987565 2.7968
      vertex 8.46867 0.976792 2.7566
      vertex 8.46867 0.938727 2.76417
    endloop
  endfacet
  facet normal -0.607969 0.0520276 0.792255
    outer loop
      vertex 8.55699 0.948837 2.84096
      vertex 8.51029 0.94416 2.80543
      vertex 8.51029 0.9 2.80833
    endloop
  endfacet
  facet normal -0.706321 -0.393383 0.588524
    outer loop
      vertex 8.46867 0.751647 2.72696
      vertex 8.46867 0.719377 2.70539
      vertex 8.51029 0.730836 2.763
    endloop
  endfacet
  facet normal -0.706318 0.138045 0.694304
    outer loop
      vertex 8.51029 0.987565 2.7968
      vertex 8.46867 0.938727 2.76417
      vertex 8.51029 0.94416 2.80543
    endloop
  endfacet
  facet normal -0.130275 -0.745435 0.653724
    outer loop
      vertex 8.77757 0.582482 2.78752
      vertex 8.71921 0.54985 2.73868
      vertex 8.77757 0.543755 2.74336
    endloop
  endfacet
  facet normal -0.792764 -0.118915 0.597817
    outer loop
      vertex 8.43284 0.867367 2.71787
      vertex 8.43284 0.835293 2.71149
      vertex 8.46867 0.823207 2.7566
    endloop
  endfacet
  facet normal 0.499111 -0.651491 0.571356
    outer loop
      vertex 9.00603 0.579808 2.71569
      vertex 9.05701 0.603157 2.69778
      vertex 9.00603 0.614616 2.75538
    endloop
  endfacet
  facet normal -0.923693 -0.122104 0.363155
    outer loop
      vertex 8.39816 0.851769 2.65
      vertex 8.3987 0.847684 2.65
      vertex 8.40341 0.848487 2.66225
    endloop
  endfacet
  facet normal -0.706346 0.0463859 0.706346
    outer loop
      vertex 8.51029 0.94416 2.80543
      vertex 8.46867 0.9 2.76671
      vertex 8.51029 0.9 2.80833
    endloop
  endfacet
  facet normal 0.499118 0.651442 0.571406
    outer loop
      vertex 9.05701 1.16457 2.73457
      vertex 9.05701 1.19684 2.69778
      vertex 9.00603 1.22019 2.71569
    endloop
  endfacet
  facet normal -0.608004 0.351224 0.71202
    outer loop
      vertex 8.55699 1.08708 2.79403
      vertex 8.51029 1.02947 2.78257
      vertex 8.55699 1.04319 2.81568
    endloop
  endfacet
  facet normal -0.499118 0.651442 0.571406
    outer loop
      vertex 8.60797 1.22019 2.71569
      vertex 8.55699 1.19684 2.69778
      vertex 8.55699 1.16457 2.73457
    endloop
  endfacet
  facet normal -0.130397 0.19354 0.972388
    outer loop
      vertex 8.77757 1.01622 2.90374
      vertex 8.71921 1.01423 2.89631
      vertex 8.71921 0.957607 2.90758
    endloop
  endfacet
  facet normal -0.499152 0.571359 0.651457
    outer loop
      vertex 8.60797 1.18538 2.75538
      vertex 8.55699 1.16457 2.73457
      vertex 8.60797 1.14569 2.79019
    endloop
  endfacet
  facet normal -0.258296 0.803274 0.536688
    outer loop
      vertex 8.71921 1.25015 2.73868
      vertex 8.71921 1.28222 2.69068
      vertex 8.66235 1.23806 2.72941
    endloop
  endfacet
  facet normal -0.499206 0.571285 0.651481
    outer loop
      vertex 8.60797 1.14569 2.79019
      vertex 8.55699 1.16457 2.73457
      vertex 8.55699 1.12777 2.76684
    endloop
  endfacet
  facet normal 0.706346 0.0463859 0.706346
    outer loop
      vertex 9.10371 0.9 2.80833
      vertex 9.14533 0.9 2.76671
      vertex 9.10371 0.94416 2.80543
    endloop
  endfacet
  facet normal 0.607984 0.596874 0.523543
    outer loop
      vertex 9.05701 1.16457 2.73457
      vertex 9.10371 1.16841 2.67596
      vertex 9.05701 1.19684 2.69778
    endloop
  endfacet
  facet normal 0.130201 0.824344 0.550913
    outer loop
      vertex 8.89479 1.25015 2.73868
      vertex 8.83643 1.28888 2.69452
      vertex 8.83643 1.25624 2.74336
    endloop
  endfacet
  facet normal 0.258187 0.310597 0.914805
    outer loop
      vertex 8.95165 1.01029 2.8816
      vertex 8.95165 1.06307 2.86368
      vertex 8.89479 1.01423 2.89631
    endloop
  endfacet
  facet normal -0.258375 0.0630863 0.963983
    outer loop
      vertex 8.71921 0.957607 2.90758
      vertex 8.66235 0.955619 2.89247
      vertex 8.71921 0.9 2.91135
    endloop
  endfacet
  facet normal 0.382019 0.297113 0.875092
    outer loop
      vertex 8.95165 1.01029 2.8816
      vertex 9.00603 1.00446 2.85984
      vertex 8.95165 1.06307 2.86368
    endloop
  endfacet
  facet normal -0.130211 0.653822 0.74536
    outer loop
      vertex 8.77757 1.17336 2.82624
      vertex 8.71921 1.21208 2.78208
      vertex 8.71921 1.16868 2.82015
    endloop
  endfacet
  facet normal -0.130419 0.653645 0.745479
    outer loop
      vertex 8.77757 1.21752 2.78752
      vertex 8.71921 1.21208 2.78208
      vertex 8.77757 1.17336 2.82624
    endloop
  endfacet
  facet normal 0.60807 -0.660207 0.440883
    outer loop
      vertex 9.07546 0.588231 2.65
      vertex 9.10371 0.631586 2.67596
      vertex 9.05701 0.575966 2.65708
    endloop
  endfacet
  facet normal 0.607853 -0.660227 0.441152
    outer loop
      vertex 9.10371 0.631586 2.67596
      vertex 9.07546 0.588231 2.65
      vertex 9.10371 0.61424 2.65
    endloop
  endfacet
  facet normal 0.60797 -0.660183 0.441057
    outer loop
      vertex 9.05701 0.603157 2.69778
      vertex 9.05701 0.575966 2.65708
      vertex 9.10371 0.631586 2.67596
    endloop
  endfacet
  facet normal 0.381964 0.513521 0.768375
    outer loop
      vertex 8.95165 1.11306 2.83903
      vertex 9.00603 1.14569 2.79019
      vertex 8.95165 1.1594 2.80806
    endloop
  endfacet
  facet normal -0.258384 0.536675 0.803255
    outer loop
      vertex 8.71921 1.16868 2.82015
      vertex 8.66235 1.1594 2.80806
      vertex 8.71921 1.12068 2.85222
    endloop
  endfacet
  facet normal 0.865572 -0.160997 0.4742
    outer loop
      vertex 9.18116 0.835293 2.71149
      vertex 9.21059 0.823834 2.65388
      vertex 9.21059 0.848487 2.66225
    endloop
  endfacet
  facet normal 0.792763 0.401879 0.45828
    outer loop
      vertex 9.18116 1.05219 2.66834
      vertex 9.17919 1.07699 2.65
      vertex 9.14533 1.08062 2.70539
    endloop
  endfacet
  facet normal 0.792251 0.402251 0.458838
    outer loop
      vertex 9.17919 1.07699 2.65
      vertex 9.18116 1.05219 2.66834
      vertex 9.18116 1.07311 2.65
    endloop
  endfacet
  facet normal 0.499141 0.383336 0.777118
    outer loop
      vertex 9.05701 1.04319 2.81568
      vertex 9.05701 1.08708 2.79403
      vertex 9.00603 1.05445 2.84287
    endloop
  endfacet
  facet normal 0.923452 -0.0254249 0.382871
    outer loop
      vertex 9.21059 0.9 2.66903
      vertex 9.218 0.882566 2.65
      vertex 9.21848 0.9 2.65
    endloop
  endfacet
  facet normal 0.923589 -0.0250342 0.382566
    outer loop
      vertex 9.218 0.882566 2.65
      vertex 9.21059 0.9 2.66903
      vertex 9.21059 0.874021 2.66733
    endloop
  endfacet
  facet normal 0.499163 -0.651422 0.571389
    outer loop
      vertex 9.00603 0.614616 2.75538
      vertex 9.05701 0.603157 2.69778
      vertex 9.05701 0.635427 2.73457
    endloop
  endfacet
  facet normal 0.25833 -0.536667 0.803277
    outer loop
      vertex 8.89479 0.631321 2.82015
      vertex 8.95165 0.640595 2.80806
      vertex 8.89479 0.679323 2.85222
    endloop
  endfacet
  facet normal -0.49916 -0.278536 0.820523
    outer loop
      vertex 8.60797 0.795542 2.85984
      vertex 8.55699 0.756814 2.81568
      vertex 8.60797 0.745551 2.84287
    endloop
  endfacet
  facet normal -0.382024 -0.40875 0.828843
    outer loop
      vertex 8.60797 0.745551 2.84287
      vertex 8.60797 0.698203 2.81952
      vertex 8.66235 0.68694 2.83903
    endloop
  endfacet
  facet normal 0.381957 -0.180307 0.90642
    outer loop
      vertex 8.95165 0.844379 2.89247
      vertex 9.00603 0.795542 2.85984
      vertex 9.00603 0.847321 2.87014
    endloop
  endfacet
  facet normal 0.258357 -0.427352 0.866384
    outer loop
      vertex 8.89479 0.731101 2.87776
      vertex 8.89479 0.679323 2.85222
      vertex 8.95165 0.736931 2.86368
    endloop
  endfacet
  facet normal -0.499193 -0.278487 0.820519
    outer loop
      vertex 8.55699 0.80316 2.83141
      vertex 8.55699 0.756814 2.81568
      vertex 8.60797 0.795542 2.85984
    endloop
  endfacet
  facet normal -0.499193 -0.169075 0.849836
    outer loop
      vertex 8.55699 0.851162 2.84096
      vertex 8.55699 0.80316 2.83141
      vertex 8.60797 0.795542 2.85984
    endloop
  endfacet
  facet normal -0.865589 0.222308 0.448704
    outer loop
      vertex 8.40724 0.999014 2.65
      vertex 8.43284 1.025 2.68651
      vertex 8.4085 1.00392 2.65
    endloop
  endfacet
  facet normal -0.865532 0.221615 0.449157
    outer loop
      vertex 8.43284 1.025 2.68651
      vertex 8.40724 0.999014 2.65
      vertex 8.43284 0.995673 2.70098
    endloop
  endfacet
  facet normal -0.865587 -0.221499 0.449107
    outer loop
      vertex 8.4085 0.796076 2.65
      vertex 8.40341 0.823834 2.65388
      vertex 8.40341 0.815967 2.65
    endloop
  endfacet
  facet normal -0.865563 -0.221501 0.449153
    outer loop
      vertex 8.40341 0.823834 2.65388
      vertex 8.4085 0.796076 2.65
      vertex 8.43284 0.774996 2.68651
    endloop
  endfacet
  facet normal 0.382019 -0.297108 0.875093
    outer loop
      vertex 8.95165 0.736931 2.86368
      vertex 9.00603 0.795542 2.85984
      vertex 8.95165 0.789712 2.8816
    endloop
  endfacet
  facet normal 0.499155 0.056656 0.864659
    outer loop
      vertex 9.05701 0.9 2.84416
      vertex 9.05701 0.948837 2.84096
      vertex 9.00603 0.9 2.87359
    endloop
  endfacet
  facet normal -0.258262 0.536802 0.803209
    outer loop
      vertex 8.71921 1.12068 2.85222
      vertex 8.66235 1.1594 2.80806
      vertex 8.66235 1.11306 2.83903
    endloop
  endfacet
  facet normal -0.130129 0.0649887 0.989365
    outer loop
      vertex 8.77757 0.958611 2.91519
      vertex 8.71921 0.957607 2.90758
      vertex 8.77757 0.9 2.91904
    endloop
  endfacet
  facet normal -0.382022 -0.513427 0.768408
    outer loop
      vertex 8.60797 0.698203 2.81952
      vertex 8.60797 0.654307 2.79019
      vertex 8.66235 0.68694 2.83903
    endloop
  endfacet
  facet normal -0.258203 -0.31059 0.914803
    outer loop
      vertex 8.66235 0.789712 2.8816
      vertex 8.66235 0.736931 2.86368
      vertex 8.71921 0.785769 2.89631
    endloop
  endfacet
  facet normal -0.706365 -0.466727 0.532178
    outer loop
      vertex 8.51029 0.694038 2.73841
      vertex 8.46867 0.719377 2.70539
      vertex 8.51029 0.660766 2.70923
    endloop
  endfacet
  facet normal -0.382054 -0.768418 0.513389
    outer loop
      vertex 8.60797 0.579808 2.71569
      vertex 8.66235 0.53097 2.68306
      vertex 8.66235 0.561937 2.72941
    endloop
  endfacet
  facet normal -0.499163 -0.651422 0.571389
    outer loop
      vertex 8.55699 0.635427 2.73457
      vertex 8.55699 0.603157 2.69778
      vertex 8.60797 0.614616 2.75538
    endloop
  endfacet
  facet normal -0.382023 -0.828851 0.408735
    outer loop
      vertex 8.63168 0.528803 2.65
      vertex 8.66235 0.514667 2.65
      vertex 8.66235 0.53097 2.68306
    endloop
  endfacet
  facet normal 0.382064 -0.694755 0.609378
    outer loop
      vertex 8.95165 0.561937 2.72941
      vertex 9.00603 0.579808 2.71569
      vertex 8.95165 0.598688 2.77131
    endloop
  endfacet
  facet normal -0.130224 -0.824404 0.550818
    outer loop
      vertex 8.77757 0.543755 2.74336
      vertex 8.71921 0.517776 2.69068
      vertex 8.77757 0.511123 2.69452
    endloop
  endfacet
  facet normal -0.130181 -0.550796 0.824425
    outer loop
      vertex 8.71921 0.679323 2.85222
      vertex 8.71921 0.631321 2.82015
      vertex 8.77757 0.626643 2.82624
    endloop
  endfacet
  facet normal -0.865567 -0.0327007 0.499724
    outer loop
      vertex 8.40341 0.9 2.66903
      vertex 8.40341 0.874021 2.66733
      vertex 8.43284 0.867367 2.71787
    endloop
  endfacet
  facet normal -0.130201 0.824344 0.550913
    outer loop
      vertex 8.77757 1.25624 2.74336
      vertex 8.77757 1.28888 2.69452
      vertex 8.71921 1.25015 2.73868
    endloop
  endfacet
  facet normal -0.706316 0.0463295 0.706379
    outer loop
      vertex 8.51029 0.94416 2.80543
      vertex 8.46867 0.938727 2.76417
      vertex 8.46867 0.9 2.76671
    endloop
  endfacet
  facet normal -0.706369 0.393268 0.588543
    outer loop
      vertex 8.51029 1.10596 2.73841
      vertex 8.46867 1.08062 2.70539
      vertex 8.51029 1.06916 2.763
    endloop
  endfacet
  facet normal -0.499141 0.383336 0.777118
    outer loop
      vertex 8.60797 1.05445 2.84287
      vertex 8.55699 1.08708 2.79403
      vertex 8.55699 1.04319 2.81568
    endloop
  endfacet
  facet normal -0.499178 0.169048 0.84985
    outer loop
      vertex 8.60797 1.00446 2.85984
      vertex 8.55699 0.948837 2.84096
      vertex 8.60797 0.952679 2.87014
    endloop
  endfacet
  facet normal -0.130276 -0.318698 0.938861
    outer loop
      vertex 8.77757 0.78378 2.90374
      vertex 8.71921 0.731101 2.87776
      vertex 8.77757 0.728161 2.88486
    endloop
  endfacet
  facet normal -0.130365 0.0647464 0.98935
    outer loop
      vertex 8.77757 0.9 2.91904
      vertex 8.71921 0.957607 2.90758
      vertex 8.71921 0.9 2.91135
    endloop
  endfacet
  facet normal 0.130274 0.438534 0.889222
    outer loop
      vertex 8.89479 1.0689 2.87776
      vertex 8.83643 1.12452 2.85888
      vertex 8.83643 1.07184 2.88486
    endloop
  endfacet
  facet normal -0.499128 0.720532 0.481358
    outer loop
      vertex 8.60797 1.22019 2.71569
      vertex 8.55699 1.22403 2.65708
      vertex 8.55699 1.19684 2.69778
    endloop
  endfacet
  facet normal 0.499175 -0.0566267 0.864649
    outer loop
      vertex 9.00603 0.847321 2.87014
      vertex 9.05701 0.851162 2.84096
      vertex 9.00603 0.9 2.87359
    endloop
  endfacet
  facet normal 0.381952 -0.0603962 0.922207
    outer loop
      vertex 8.95165 0.844379 2.89247
      vertex 9.00603 0.847321 2.87014
      vertex 9.00603 0.9 2.87359
    endloop
  endfacet
  facet normal -0.130423 0.88925 0.438433
    outer loop
      vertex 8.76782 1.3094 2.65
      vertex 8.77757 1.28888 2.69452
      vertex 8.77757 1.31083 2.65
    endloop
  endfacet
  facet normal -0.13033 0.88927 0.438422
    outer loop
      vertex 8.77757 1.28888 2.69452
      vertex 8.76782 1.3094 2.65
      vertex 8.71921 1.28222 2.69068
    endloop
  endfacet
  facet normal -0 0.442304 0.896865
    outer loop
      vertex 8.77757 1.12452 2.85888
      vertex 8.83643 1.07184 2.88486
      vertex 8.83643 1.12452 2.85888
    endloop
  endfacet
  facet normal 0 0.442304 0.896865
    outer loop
      vertex 8.83643 1.07184 2.88486
      vertex 8.77757 1.12452 2.85888
      vertex 8.77757 1.07184 2.88486
    endloop
  endfacet
  facet normal -0 0.321433 0.946932
    outer loop
      vertex 8.77757 1.07184 2.88486
      vertex 8.83643 1.01622 2.90374
      vertex 8.83643 1.07184 2.88486
    endloop
  endfacet
  facet normal 0 0.321433 0.946932
    outer loop
      vertex 8.83643 1.01622 2.90374
      vertex 8.77757 1.07184 2.88486
      vertex 8.77757 1.01622 2.90374
    endloop
  endfacet
  facet normal -0.130322 0.824399 0.550802
    outer loop
      vertex 8.77757 1.28888 2.69452
      vertex 8.71921 1.28222 2.69068
      vertex 8.71921 1.25015 2.73868
    endloop
  endfacet
  facet normal -0.25836 0.310407 0.914821
    outer loop
      vertex 8.71921 1.0689 2.87776
      vertex 8.66235 1.06307 2.86368
      vertex 8.71921 1.01423 2.89631
    endloop
  endfacet
  facet normal -0.130274 0.438534 0.889222
    outer loop
      vertex 8.77757 1.07184 2.88486
      vertex 8.77757 1.12452 2.85888
      vertex 8.71921 1.0689 2.87776
    endloop
  endfacet
  facet normal -0.382005 0.40874 0.828857
    outer loop
      vertex 8.66235 1.11306 2.83903
      vertex 8.60797 1.1018 2.81952
      vertex 8.60797 1.05445 2.84287
    endloop
  endfacet
  facet normal -0.25823 0.636943 0.726375
    outer loop
      vertex 8.71921 1.21208 2.78208
      vertex 8.66235 1.20131 2.77131
      vertex 8.66235 1.1594 2.80806
    endloop
  endfacet
  facet normal 0.499118 -0.720529 0.481373
    outer loop
      vertex 9.00603 0.579808 2.71569
      vertex 9.05701 0.575966 2.65708
      vertex 9.05701 0.603157 2.69778
    endloop
  endfacet
  facet normal -0.792723 -0.269702 0.546672
    outer loop
      vertex 8.43284 0.804326 2.70098
      vertex 8.43284 0.774996 2.68651
      vertex 8.46867 0.786455 2.74412
    endloop
  endfacet
  facet normal -0.792761 -0.19599 0.577164
    outer loop
      vertex 8.46867 0.823207 2.7566
      vertex 8.43284 0.835293 2.71149
      vertex 8.46867 0.786455 2.74412
    endloop
  endfacet
  facet normal 0.607898 -0.712109 0.351227
    outer loop
      vertex 9.05701 0.575966 2.65708
      vertex 9.05701 0.572474 2.65
      vertex 9.06275 0.577374 2.65
    endloop
  endfacet
  facet normal 0.607956 -0.59689 0.523557
    outer loop
      vertex 9.05701 0.635427 2.73457
      vertex 9.05701 0.603157 2.69778
      vertex 9.10371 0.660766 2.70923
    endloop
  endfacet
  facet normal 0.499186 -0.481388 0.720471
    outer loop
      vertex 9.00603 0.654307 2.79019
      vertex 9.05701 0.672225 2.76684
      vertex 9.05701 0.712919 2.79403
    endloop
  endfacet
  facet normal 0.130226 -0.889246 0.4385
    outer loop
      vertex 8.88314 0.49601 2.65
      vertex 8.89479 0.517776 2.69068
      vertex 8.83643 0.511123 2.69452
    endloop
  endfacet
  facet normal 0.130295 -0.889246 0.43848
    outer loop
      vertex 8.89479 0.517776 2.69068
      vertex 8.88314 0.49601 2.65
      vertex 8.89479 0.497717 2.65
    endloop
  endfacet
  facet normal 0.706365 -0.393285 0.588536
    outer loop
      vertex 9.10371 0.694038 2.73841
      vertex 9.14533 0.719377 2.70539
      vertex 9.10371 0.730836 2.763
    endloop
  endfacet
  facet normal 0.79314 -0.400789 0.458582
    outer loop
      vertex 9.14533 0.719377 2.70539
      vertex 9.17767 0.719999 2.65
      vertex 9.17919 0.723007 2.65
    endloop
  endfacet
  facet normal 0.792713 -0.401933 0.45832
    outer loop
      vertex 9.17767 0.719999 2.65
      vertex 9.14533 0.719377 2.70539
      vertex 9.14533 0.690197 2.6798
    endloop
  endfacet
  facet normal 0.706369 0.393268 0.588543
    outer loop
      vertex 9.10371 1.06916 2.763
      vertex 9.14533 1.08062 2.70539
      vertex 9.10371 1.10596 2.73841
    endloop
  endfacet
  facet normal 0.130127 -0.0649888 0.989365
    outer loop
      vertex 8.83643 0.841389 2.91519
      vertex 8.89479 0.842391 2.90758
      vertex 8.83643 0.9 2.91904
    endloop
  endfacet
  facet normal 0.923555 0.123318 0.363096
    outer loop
      vertex 9.21059 0.976165 2.65388
      vertex 9.2153 0.952315 2.65
      vertex 9.21233 0.974558 2.65
    endloop
  endfacet
  facet normal 0.923528 0.123301 0.36317
    outer loop
      vertex 9.2153 0.952315 2.65
      vertex 9.21059 0.976165 2.65388
      vertex 9.21059 0.951512 2.66225
    endloop
  endfacet
  facet normal 0.258384 0.536675 0.803255
    outer loop
      vertex 8.89479 1.12068 2.85222
      vertex 8.95165 1.1594 2.80806
      vertex 8.89479 1.16868 2.82015
    endloop
  endfacet
  facet normal 0.499152 0.651457 0.571359
    outer loop
      vertex 9.05701 1.16457 2.73457
      vertex 9.00603 1.22019 2.71569
      vertex 9.00603 1.18538 2.75538
    endloop
  endfacet
  facet normal 0.923594 0.0250656 0.382553
    outer loop
      vertex 9.21059 0.925978 2.66733
      vertex 9.218 0.917433 2.65
      vertex 9.21783 0.923697 2.65
    endloop
  endfacet
  facet normal 0.706316 0.393385 0.588528
    outer loop
      vertex 9.14533 1.04835 2.72696
      vertex 9.14533 1.08062 2.70539
      vertex 9.10371 1.06916 2.763
    endloop
  endfacet
  facet normal 0.607907 -0.255191 0.751882
    outer loop
      vertex 9.05701 0.756814 2.81568
      vertex 9.10371 0.812434 2.7968
      vertex 9.05701 0.80316 2.83141
    endloop
  endfacet
  facet normal 0.792755 0.118891 0.597833
    outer loop
      vertex 9.14533 0.938727 2.76417
      vertex 9.18116 0.932631 2.71787
      vertex 9.14533 0.976792 2.7566
    endloop
  endfacet
  facet normal 0.792754 -0.0398914 0.608234
    outer loop
      vertex 9.14533 0.861272 2.76417
      vertex 9.18116 0.867367 2.71787
      vertex 9.14533 0.9 2.76671
    endloop
  endfacet
  facet normal 0.792789 -0.269505 0.546674
    outer loop
      vertex 9.14533 0.751647 2.72696
      vertex 9.18116 0.774996 2.68651
      vertex 9.14533 0.786455 2.74412
    endloop
  endfacet
  facet normal 0.130347 -0.438597 0.889181
    outer loop
      vertex 8.83643 0.675481 2.85888
      vertex 8.89479 0.679323 2.85222
      vertex 8.89479 0.731101 2.87776
    endloop
  endfacet
  facet normal 0 -0.194941 0.980815
    outer loop
      vertex 8.77757 0.841389 2.91519
      vertex 8.83643 0.78378 2.90374
      vertex 8.83643 0.841389 2.91519
    endloop
  endfacet
  facet normal 0 -0.194941 0.980815
    outer loop
      vertex 8.83643 0.78378 2.90374
      vertex 8.77757 0.841389 2.91519
      vertex 8.77757 0.78378 2.90374
    endloop
  endfacet
  facet normal -0.25836 -0.310417 0.914818
    outer loop
      vertex 8.71921 0.785769 2.89631
      vertex 8.66235 0.736931 2.86368
      vertex 8.71921 0.731101 2.87776
    endloop
  endfacet
  facet normal -0.130347 -0.438597 0.889181
    outer loop
      vertex 8.71921 0.731101 2.87776
      vertex 8.71921 0.679323 2.85222
      vertex 8.77757 0.675481 2.85888
    endloop
  endfacet
  facet normal -0.607907 -0.255191 0.751882
    outer loop
      vertex 8.55699 0.80316 2.83141
      vertex 8.51029 0.812434 2.7968
      vertex 8.55699 0.756814 2.81568
    endloop
  endfacet
  facet normal 0.607911 -0.441116 0.660198
    outer loop
      vertex 9.05701 0.672225 2.76684
      vertex 9.10371 0.730836 2.763
      vertex 9.05701 0.712919 2.79403
    endloop
  endfacet
  facet normal 0.499188 -0.571309 0.651473
    outer loop
      vertex 9.00603 0.654307 2.79019
      vertex 9.05701 0.635427 2.73457
      vertex 9.05701 0.672225 2.76684
    endloop
  endfacet
  facet normal 0 -0.555658 0.831411
    outer loop
      vertex 8.77757 0.675481 2.85888
      vertex 8.83643 0.626643 2.82624
      vertex 8.83643 0.675481 2.85888
    endloop
  endfacet
  facet normal 0 -0.555658 0.831411
    outer loop
      vertex 8.83643 0.626643 2.82624
      vertex 8.77757 0.675481 2.85888
      vertex 8.77757 0.626643 2.82624
    endloop
  endfacet
  facet normal 0.793909 0.502809 0.341893
    outer loop
      vertex 9.14533 1.13539 2.65062
      vertex 9.14611 1.13458 2.65
      vertex 9.14573 1.13518 2.65
    endloop
  endfacet
  facet normal 0.382006 0.828833 0.408788
    outer loop
      vertex 8.97542 1.27438 2.65
      vertex 8.95165 1.26903 2.68306
      vertex 9.00603 1.24952 2.6718
    endloop
  endfacet
  facet normal 0.381864 0.82894 0.408703
    outer loop
      vertex 8.95165 1.26903 2.68306
      vertex 8.97542 1.27438 2.65
      vertex 8.95165 1.28533 2.65
    endloop
  endfacet
  facet normal 0.865492 0.278321 0.416486
    outer loop
      vertex 9.18116 1.025 2.68651
      vertex 9.19451 1.03812 2.65
      vertex 9.18116 1.05219 2.66834
    endloop
  endfacet
  facet normal 0.865443 0.278437 0.41651
    outer loop
      vertex 9.19451 1.03812 2.65
      vertex 9.18116 1.025 2.68651
      vertex 9.1995 1.02261 2.65
    endloop
  endfacet
  facet normal -0.706338 -0.22761 0.670284
    outer loop
      vertex 8.46867 0.823207 2.7566
      vertex 8.46867 0.786455 2.74412
      vertex 8.51029 0.770527 2.78257
    endloop
  endfacet
  facet normal -0.706334 -0.227605 0.67029
    outer loop
      vertex 8.51029 0.812434 2.7968
      vertex 8.46867 0.823207 2.7566
      vertex 8.51029 0.770527 2.78257
    endloop
  endfacet
  facet normal -0.865567 0.032702 0.499724
    outer loop
      vertex 8.43284 0.932631 2.71787
      vertex 8.40341 0.925978 2.66733
      vertex 8.40341 0.9 2.66903
    endloop
  endfacet
  facet normal -0.706316 0.393385 0.588528
    outer loop
      vertex 8.51029 1.06916 2.763
      vertex 8.46867 1.08062 2.70539
      vertex 8.46867 1.04835 2.72696
    endloop
  endfacet
  facet normal -0.865559 -0.278376 0.416312
    outer loop
      vertex 8.4085 0.796076 2.65
      vertex 8.41451 0.777389 2.65
      vertex 8.43284 0.774996 2.68651
    endloop
  endfacet
  facet normal -0 0.0655461 0.99785
    outer loop
      vertex 8.77757 0.958611 2.91519
      vertex 8.83643 0.9 2.91904
      vertex 8.83643 0.958611 2.91519
    endloop
  endfacet
  facet normal 0 0.0655461 0.99785
    outer loop
      vertex 8.83643 0.9 2.91904
      vertex 8.77757 0.958611 2.91519
      vertex 8.77757 0.9 2.91904
    endloop
  endfacet
  facet normal 0.130397 0.19354 0.972388
    outer loop
      vertex 8.89479 0.957607 2.90758
      vertex 8.89479 1.01423 2.89631
      vertex 8.83643 1.01622 2.90374
    endloop
  endfacet
  facet normal -0.13039 -0.318583 0.938884
    outer loop
      vertex 8.71921 0.785769 2.89631
      vertex 8.71921 0.731101 2.87776
      vertex 8.77757 0.78378 2.90374
    endloop
  endfacet
  facet normal -0.499175 -0.0566267 0.864649
    outer loop
      vertex 8.60797 0.9 2.87359
      vertex 8.55699 0.851162 2.84096
      vertex 8.60797 0.847321 2.87014
    endloop
  endfacet
  facet normal -0.607972 -0.351203 0.712058
    outer loop
      vertex 8.55699 0.756814 2.81568
      vertex 8.51029 0.770527 2.78257
      vertex 8.55699 0.712919 2.79403
    endloop
  endfacet
  facet normal -0.792785 -0.338706 0.506725
    outer loop
      vertex 8.46867 0.751647 2.72696
      vertex 8.43284 0.774996 2.68651
      vertex 8.46867 0.719377 2.70539
    endloop
  endfacet
  facet normal -0.499198 -0.720431 0.481436
    outer loop
      vertex 8.60797 0.579808 2.71569
      vertex 8.55699 0.575966 2.65708
      vertex 8.60797 0.550478 2.6718
    endloop
  endfacet
  facet normal -0.499161 -0.571347 0.651461
    outer loop
      vertex 8.60797 0.654307 2.79019
      vertex 8.55699 0.635427 2.73457
      vertex 8.60797 0.614616 2.75538
    endloop
  endfacet
  facet normal -0.607906 -0.351132 0.712149
    outer loop
      vertex 8.51029 0.770527 2.78257
      vertex 8.51029 0.730836 2.763
      vertex 8.55699 0.712919 2.79403
    endloop
  endfacet
  facet normal -0.706365 -0.393285 0.588536
    outer loop
      vertex 8.51029 0.730836 2.763
      vertex 8.46867 0.719377 2.70539
      vertex 8.51029 0.694038 2.73841
    endloop
  endfacet
  facet normal -0.498874 -0.777274 0.383367
    outer loop
      vertex 8.55699 0.572474 2.65
      vertex 8.56806 0.565369 2.65
      vertex 8.55699 0.575966 2.65708
    endloop
  endfacet
  facet normal -0.130365 -0.0647442 0.98935
    outer loop
      vertex 8.71921 0.9 2.91135
      vertex 8.71921 0.842391 2.90758
      vertex 8.77757 0.9 2.91904
    endloop
  endfacet
  facet normal -0.25833 -0.536667 0.803277
    outer loop
      vertex 8.71921 0.679323 2.85222
      vertex 8.66235 0.640595 2.80806
      vertex 8.71921 0.631321 2.82015
    endloop
  endfacet
  facet normal -0.923636 -0.0249001 0.382462
    outer loop
      vertex 8.396 0.882566 2.65
      vertex 8.40341 0.9 2.66903
      vertex 8.39553 0.9 2.65
    endloop
  endfacet
  facet normal -0.923589 -0.0250342 0.382566
    outer loop
      vertex 8.40341 0.9 2.66903
      vertex 8.396 0.882566 2.65
      vertex 8.40341 0.874021 2.66733
    endloop
  endfacet
  facet normal -0.130235 -0.889241 0.438508
    outer loop
      vertex 8.73086 0.49601 2.65
      vertex 8.77757 0.489169 2.65
      vertex 8.77757 0.511123 2.69452
    endloop
  endfacet
  facet normal 0 -0.831484 0.555549
    outer loop
      vertex 8.77757 0.511123 2.69452
      vertex 8.83643 0.543755 2.74336
      vertex 8.77757 0.543755 2.74336
    endloop
  endfacet
  facet normal 0 -0.831484 0.555549
    outer loop
      vertex 8.83643 0.543755 2.74336
      vertex 8.77757 0.511123 2.69452
      vertex 8.83643 0.511123 2.69452
    endloop
  endfacet
  facet normal -0.865583 -0.221557 0.449086
    outer loop
      vertex 8.43284 0.804326 2.70098
      vertex 8.40341 0.823834 2.65388
      vertex 8.43284 0.774996 2.68651
    endloop
  endfacet
  facet normal -0.865573 0.0977158 0.491157
    outer loop
      vertex 8.43284 0.964706 2.71149
      vertex 8.40341 0.951512 2.66225
      vertex 8.40341 0.925978 2.66733
    endloop
  endfacet
  facet normal -0.258232 0.726263 0.63707
    outer loop
      vertex 8.71921 1.21208 2.78208
      vertex 8.71921 1.25015 2.73868
      vertex 8.66235 1.20131 2.77131
    endloop
  endfacet
  facet normal -0.258263 0.803262 0.536721
    outer loop
      vertex 8.71921 1.28222 2.69068
      vertex 8.66235 1.26903 2.68306
      vertex 8.66235 1.23806 2.72941
    endloop
  endfacet
  facet normal -0.258315 0.866443 0.427258
    outer loop
      vertex 8.71921 1.30228 2.65
      vertex 8.67906 1.29031 2.65
      vertex 8.71921 1.28222 2.69068
    endloop
  endfacet
  facet normal -0.923693 0.122104 0.363155
    outer loop
      vertex 8.3987 0.952315 2.65
      vertex 8.39816 0.94823 2.65
      vertex 8.40341 0.951512 2.66225
    endloop
  endfacet
  facet normal -0.865572 0.160997 0.4742
    outer loop
      vertex 8.43284 0.964706 2.71149
      vertex 8.40341 0.976165 2.65388
      vertex 8.40341 0.951512 2.66225
    endloop
  endfacet
  facet normal -0.793826 0.459487 0.398386
    outer loop
      vertex 8.46789 1.13458 2.65
      vertex 8.46286 1.12589 2.65
      vertex 8.46867 1.13539 2.65062
    endloop
  endfacet
  facet normal -0.792251 0.402251 0.458838
    outer loop
      vertex 8.43284 1.05219 2.66834
      vertex 8.43481 1.07699 2.65
      vertex 8.43284 1.07311 2.65
    endloop
  endfacet
  facet normal -0.792763 0.401879 0.45828
    outer loop
      vertex 8.43481 1.07699 2.65
      vertex 8.43284 1.05219 2.66834
      vertex 8.46867 1.08062 2.70539
    endloop
  endfacet
  facet normal -0.607921 0.351134 0.712136
    outer loop
      vertex 8.55699 1.08708 2.79403
      vertex 8.51029 1.06916 2.763
      vertex 8.51029 1.02947 2.78257
    endloop
  endfacet
  facet normal -0.70637 0.46674 0.53216
    outer loop
      vertex 8.51029 1.13923 2.70923
      vertex 8.46867 1.08062 2.70539
      vertex 8.51029 1.10596 2.73841
    endloop
  endfacet
  facet normal -0.792716 0.195915 0.577251
    outer loop
      vertex 8.46867 1.01354 2.74412
      vertex 8.43284 0.995673 2.70098
      vertex 8.43284 0.964706 2.71149
    endloop
  endfacet
  facet normal -0.706344 0.227631 0.67027
    outer loop
      vertex 8.51029 1.02947 2.78257
      vertex 8.46867 1.01354 2.74412
      vertex 8.46867 0.976792 2.7566
    endloop
  endfacet
  facet normal -0.607963 0.523528 0.596908
    outer loop
      vertex 8.55699 1.16457 2.73457
      vertex 8.51029 1.13923 2.70923
      vertex 8.51029 1.10596 2.73841
    endloop
  endfacet
  facet normal -0.607916 0.523496 0.596984
    outer loop
      vertex 8.55699 1.12777 2.76684
      vertex 8.55699 1.16457 2.73457
      vertex 8.51029 1.10596 2.73841
    endloop
  endfacet
  facet normal -0.607911 0.255171 0.751885
    outer loop
      vertex 8.55699 1.04319 2.81568
      vertex 8.51029 0.987565 2.7968
      vertex 8.55699 0.99684 2.83141
    endloop
  endfacet
  facet normal -0.381952 0.180301 0.906424
    outer loop
      vertex 8.66235 0.955619 2.89247
      vertex 8.60797 1.00446 2.85984
      vertex 8.60797 0.952679 2.87014
    endloop
  endfacet
  facet normal -0.381957 -0.180307 0.90642
    outer loop
      vertex 8.60797 0.847321 2.87014
      vertex 8.60797 0.795542 2.85984
      vertex 8.66235 0.844379 2.89247
    endloop
  endfacet
  facet normal -0.499155 -0.0566548 0.864659
    outer loop
      vertex 8.55699 0.9 2.84416
      vertex 8.55699 0.851162 2.84096
      vertex 8.60797 0.9 2.87359
    endloop
  endfacet
  facet normal -0.499215 0.383228 0.777123
    outer loop
      vertex 8.60797 1.1018 2.81952
      vertex 8.55699 1.08708 2.79403
      vertex 8.60797 1.05445 2.84287
    endloop
  endfacet
  facet normal -0.130332 0.438584 0.889189
    outer loop
      vertex 8.77757 1.12452 2.85888
      vertex 8.71921 1.12068 2.85222
      vertex 8.71921 1.0689 2.87776
    endloop
  endfacet
  facet normal -0.607978 0.660185 0.441042
    outer loop
      vertex 8.55699 1.19684 2.69778
      vertex 8.55699 1.22403 2.65708
      vertex 8.51029 1.16841 2.67596
    endloop
  endfacet
  facet normal -0.499219 0.48143 0.720421
    outer loop
      vertex 8.60797 1.1018 2.81952
      vertex 8.60797 1.14569 2.79019
      vertex 8.55699 1.08708 2.79403
    endloop
  endfacet
  facet normal 0.499176 0.0566267 0.864648
    outer loop
      vertex 9.00603 0.9 2.87359
      vertex 9.05701 0.948837 2.84096
      vertex 9.00603 0.952679 2.87014
    endloop
  endfacet
  facet normal 0.258372 0.188579 0.947461
    outer loop
      vertex 8.89479 0.957607 2.90758
      vertex 8.95165 0.955619 2.89247
      vertex 8.89479 1.01423 2.89631
    endloop
  endfacet
  facet normal 0.499193 -0.278487 0.820519
    outer loop
      vertex 9.00603 0.795542 2.85984
      vertex 9.05701 0.756814 2.81568
      vertex 9.05701 0.80316 2.83141
    endloop
  endfacet
  facet normal 0.38198 -0.29707 0.875123
    outer loop
      vertex 8.95165 0.736931 2.86368
      vertex 9.00603 0.745551 2.84287
      vertex 9.00603 0.795542 2.85984
    endloop
  endfacet
  facet normal 0 0.831421 0.555643
    outer loop
      vertex 8.83643 1.28888 2.69452
      vertex 8.77757 1.25624 2.74336
      vertex 8.83643 1.25624 2.74336
    endloop
  endfacet
  facet normal 0 0.831421 0.555643
    outer loop
      vertex 8.77757 1.25624 2.74336
      vertex 8.83643 1.28888 2.69452
      vertex 8.77757 1.28888 2.69452
    endloop
  endfacet
  facet normal -0 0.555643 0.831421
    outer loop
      vertex 8.77757 1.17336 2.82624
      vertex 8.83643 1.12452 2.85888
      vertex 8.83643 1.17336 2.82624
    endloop
  endfacet
  facet normal 0 0.555643 0.831421
    outer loop
      vertex 8.83643 1.12452 2.85888
      vertex 8.77757 1.17336 2.82624
      vertex 8.77757 1.12452 2.85888
    endloop
  endfacet
  facet normal -0.258254 0.427252 0.866464
    outer loop
      vertex 8.71921 1.12068 2.85222
      vertex 8.66235 1.11306 2.83903
      vertex 8.66235 1.06307 2.86368
    endloop
  endfacet
  facet normal -0 0.194941 0.980815
    outer loop
      vertex 8.77757 1.01622 2.90374
      vertex 8.83643 0.958611 2.91519
      vertex 8.83643 1.01622 2.90374
    endloop
  endfacet
  facet normal 0 0.194941 0.980815
    outer loop
      vertex 8.83643 0.958611 2.91519
      vertex 8.77757 1.01622 2.90374
      vertex 8.77757 0.958611 2.91519
    endloop
  endfacet
  facet normal 0.130133 0.193283 0.972475
    outer loop
      vertex 8.89479 0.957607 2.90758
      vertex 8.83643 1.01622 2.90374
      vertex 8.83643 0.958611 2.91519
    endloop
  endfacet
  facet normal -0.13042 0.74534 0.653804
    outer loop
      vertex 8.77757 1.21752 2.78752
      vertex 8.71921 1.25015 2.73868
      vertex 8.71921 1.21208 2.78208
    endloop
  endfacet
  facet normal -0.130213 0.7455 0.653663
    outer loop
      vertex 8.77757 1.25624 2.74336
      vertex 8.71921 1.25015 2.73868
      vertex 8.77757 1.21752 2.78752
    endloop
  endfacet
  facet normal 0.607941 0.71216 0.35105
    outer loop
      vertex 9.05701 1.22403 2.65708
      vertex 9.07546 1.21177 2.65
      vertex 9.05701 1.22752 2.65
    endloop
  endfacet
  facet normal 0.499258 0.777163 0.383093
    outer loop
      vertex 9.02499 1.24809 2.65
      vertex 9.05701 1.22403 2.65708
      vertex 9.05701 1.22752 2.65
    endloop
  endfacet
  facet normal 0.499214 0.777137 0.383202
    outer loop
      vertex 9.05701 1.22403 2.65708
      vertex 9.02499 1.24809 2.65
      vertex 9.00603 1.24952 2.6718
    endloop
  endfacet
  facet normal 0.607977 -0.5969 0.523521
    outer loop
      vertex 9.05701 0.603157 2.69778
      vertex 9.10371 0.631586 2.67596
      vertex 9.10371 0.660766 2.70923
    endloop
  endfacet
  facet normal 0.499198 -0.720431 0.481436
    outer loop
      vertex 9.00603 0.550478 2.6718
      vertex 9.05701 0.575966 2.65708
      vertex 9.00603 0.579808 2.71569
    endloop
  endfacet
  facet normal 0.258262 -0.636963 0.726346
    outer loop
      vertex 8.89479 0.587915 2.78208
      vertex 8.95165 0.598688 2.77131
      vertex 8.95165 0.640595 2.80806
    endloop
  endfacet
  facet normal 0 -0.659267 0.751909
    outer loop
      vertex 8.77757 0.626643 2.82624
      vertex 8.83643 0.582482 2.78752
      vertex 8.83643 0.626643 2.82624
    endloop
  endfacet
  facet normal 0 -0.659267 0.751909
    outer loop
      vertex 8.83643 0.582482 2.78752
      vertex 8.77757 0.626643 2.82624
      vertex 8.77757 0.582482 2.78752
    endloop
  endfacet
  facet normal 0.382016 -0.609357 0.6948
    outer loop
      vertex 8.95165 0.598688 2.77131
      vertex 9.00603 0.614616 2.75538
      vertex 9.00603 0.654307 2.79019
    endloop
  endfacet
  facet normal 0.382013 -0.694811 0.609347
    outer loop
      vertex 8.95165 0.598688 2.77131
      vertex 9.00603 0.579808 2.71569
      vertex 9.00603 0.614616 2.75538
    endloop
  endfacet
  facet normal 0.608077 -0.71186 0.351422
    outer loop
      vertex 9.05701 0.575966 2.65708
      vertex 9.06275 0.577374 2.65
      vertex 9.07546 0.588231 2.65
    endloop
  endfacet
  facet normal 0.130224 -0.824404 0.550818
    outer loop
      vertex 8.83643 0.511123 2.69452
      vertex 8.89479 0.517776 2.69068
      vertex 8.83643 0.543755 2.74336
    endloop
  endfacet
  facet normal 0.706358 -0.532195 0.46672
    outer loop
      vertex 9.10371 0.660766 2.70923
      vertex 9.14533 0.664607 2.65062
      vertex 9.14533 0.690197 2.6798
    endloop
  endfacet
  facet normal 0.130322 0.824399 0.550802
    outer loop
      vertex 8.89479 1.25015 2.73868
      vertex 8.89479 1.28222 2.69068
      vertex 8.83643 1.28888 2.69452
    endloop
  endfacet
  facet normal -0 0.659276 0.751901
    outer loop
      vertex 8.77757 1.21752 2.78752
      vertex 8.83643 1.17336 2.82624
      vertex 8.83643 1.21752 2.78752
    endloop
  endfacet
  facet normal 0 0.659276 0.751901
    outer loop
      vertex 8.83643 1.17336 2.82624
      vertex 8.77757 1.21752 2.78752
      vertex 8.77757 1.17336 2.82624
    endloop
  endfacet
  facet normal 0.499148 0.278543 0.820528
    outer loop
      vertex 9.00603 1.00446 2.85984
      vertex 9.05701 1.04319 2.81568
      vertex 9.00603 1.05445 2.84287
    endloop
  endfacet
  facet normal 0.499197 0.169071 0.849833
    outer loop
      vertex 9.05701 0.948837 2.84096
      vertex 9.05701 0.99684 2.83141
      vertex 9.00603 1.00446 2.85984
    endloop
  endfacet
  facet normal 0.607916 0.523496 0.596984
    outer loop
      vertex 9.10371 1.10596 2.73841
      vertex 9.05701 1.16457 2.73457
      vertex 9.05701 1.12777 2.76684
    endloop
  endfacet
  facet normal 0.607963 0.596908 0.523528
    outer loop
      vertex 9.10371 1.13923 2.70923
      vertex 9.10371 1.16841 2.67596
      vertex 9.05701 1.16457 2.73457
    endloop
  endfacet
  facet normal 0.70637 0.46674 0.53216
    outer loop
      vertex 9.10371 1.10596 2.73841
      vertex 9.14533 1.08062 2.70539
      vertex 9.10371 1.13923 2.70923
    endloop
  endfacet
  facet normal 0.608002 0.255285 0.751773
    outer loop
      vertex 9.10371 0.987565 2.7968
      vertex 9.10371 1.02947 2.78257
      vertex 9.05701 1.04319 2.81568
    endloop
  endfacet
  facet normal 0.258387 0.637043 0.726232
    outer loop
      vertex 8.95165 1.1594 2.80806
      vertex 8.89479 1.21208 2.78208
      vertex 8.89479 1.16868 2.82015
    endloop
  endfacet
  facet normal 0.258262 0.536802 0.803209
    outer loop
      vertex 8.95165 1.11306 2.83903
      vertex 8.95165 1.1594 2.80806
      vertex 8.89479 1.12068 2.85222
    endloop
  endfacet
  facet normal 0.923375 -0.0734632 0.376804
    outer loop
      vertex 9.21059 0.848487 2.66225
      vertex 9.21585 0.851769 2.65
      vertex 9.21624 0.856671 2.65
    endloop
  endfacet
  facet normal 0.865589 0.222308 0.448704
    outer loop
      vertex 9.18116 1.025 2.68651
      vertex 9.20676 0.999014 2.65
      vertex 9.2055 1.00392 2.65
    endloop
  endfacet
  facet normal 0.865532 0.221615 0.449157
    outer loop
      vertex 9.20676 0.999014 2.65
      vertex 9.18116 1.025 2.68651
      vertex 9.18116 0.995673 2.70098
    endloop
  endfacet
  facet normal 0.865569 -0.0977005 0.491167
    outer loop
      vertex 9.18116 0.835293 2.71149
      vertex 9.21059 0.874021 2.66733
      vertex 9.18116 0.867367 2.71787
    endloop
  endfacet
  facet normal 0.79276 0.196009 0.577159
    outer loop
      vertex 9.14533 0.976792 2.7566
      vertex 9.18116 0.964706 2.71149
      vertex 9.14533 1.01354 2.74412
    endloop
  endfacet
  facet normal 0.923375 0.0734632 0.376804
    outer loop
      vertex 9.21059 0.951512 2.66225
      vertex 9.21624 0.943328 2.65
      vertex 9.21585 0.94823 2.65
    endloop
  endfacet
  facet normal 0.607921 0.351134 0.712136
    outer loop
      vertex 9.10371 1.02947 2.78257
      vertex 9.10371 1.06916 2.763
      vertex 9.05701 1.08708 2.79403
    endloop
  endfacet
  facet normal 0.706348 0.312987 0.634911
    outer loop
      vertex 9.14533 1.01354 2.74412
      vertex 9.14533 1.04835 2.72696
      vertex 9.10371 1.02947 2.78257
    endloop
  endfacet
  facet normal 0.499155 -0.0566548 0.864659
    outer loop
      vertex 9.00603 0.9 2.87359
      vertex 9.05701 0.851162 2.84096
      vertex 9.05701 0.9 2.84416
    endloop
  endfacet
  facet normal 0.607896 -0.0519148 0.792318
    outer loop
      vertex 9.05701 0.851162 2.84096
      vertex 9.10371 0.9 2.80833
      vertex 9.05701 0.9 2.84416
    endloop
  endfacet
  facet normal 0.499159 -0.383296 0.777126
    outer loop
      vertex 9.00603 0.745551 2.84287
      vertex 9.05701 0.712919 2.79403
      vertex 9.05701 0.756814 2.81568
    endloop
  endfacet
  facet normal 0.706334 -0.138072 0.694283
    outer loop
      vertex 9.10371 0.812434 2.7968
      vertex 9.14533 0.823207 2.7566
      vertex 9.14533 0.861272 2.76417
    endloop
  endfacet
  facet normal 0.130339 -0.550918 0.824318
    outer loop
      vertex 8.83643 0.675481 2.85888
      vertex 8.83643 0.626643 2.82624
      vertex 8.89479 0.679323 2.85222
    endloop
  endfacet
  facet normal -0.130274 -0.438534 0.889222
    outer loop
      vertex 8.71921 0.731101 2.87776
      vertex 8.77757 0.675481 2.85888
      vertex 8.77757 0.728161 2.88486
    endloop
  endfacet
  facet normal 0.130276 -0.318698 0.938861
    outer loop
      vertex 8.83643 0.728161 2.88486
      vertex 8.89479 0.731101 2.87776
      vertex 8.83643 0.78378 2.90374
    endloop
  endfacet
  facet normal 0.13039 -0.318583 0.938884
    outer loop
      vertex 8.83643 0.78378 2.90374
      vertex 8.89479 0.731101 2.87776
      vertex 8.89479 0.785769 2.89631
    endloop
  endfacet
  facet normal -0.381979 -0.609335 0.694841
    outer loop
      vertex 8.60797 0.654307 2.79019
      vertex 8.66235 0.598688 2.77131
      vertex 8.66235 0.640595 2.80806
    endloop
  endfacet
  facet normal 0.792785 -0.338706 0.506725
    outer loop
      vertex 9.14533 0.719377 2.70539
      vertex 9.18116 0.774996 2.68651
      vertex 9.14533 0.751647 2.72696
    endloop
  endfacet
  facet normal 0.607906 -0.351132 0.712149
    outer loop
      vertex 9.05701 0.712919 2.79403
      vertex 9.10371 0.730836 2.763
      vertex 9.10371 0.770527 2.78257
    endloop
  endfacet
  facet normal 0.792557 0.458471 0.402066
    outer loop
      vertex 9.14533 1.1098 2.6798
      vertex 9.15114 1.12589 2.65
      vertex 9.14533 1.13539 2.65062
    endloop
  endfacet
  facet normal 0.792706 0.45828 0.401992
    outer loop
      vertex 9.15114 1.12589 2.65
      vertex 9.14533 1.1098 2.6798
      vertex 9.17767 1.08 2.65
    endloop
  endfacet
  facet normal 0.865568 0.0976979 0.491169
    outer loop
      vertex 9.18116 0.932631 2.71787
      vertex 9.21059 0.925978 2.66733
      vertex 9.18116 0.964706 2.71149
    endloop
  endfacet
  facet normal -0.607978 -0.25528 0.751794
    outer loop
      vertex 8.51029 0.812434 2.7968
      vertex 8.51029 0.770527 2.78257
      vertex 8.55699 0.756814 2.81568
    endloop
  endfacet
  facet normal -0.706334 -0.138072 0.694283
    outer loop
      vertex 8.46867 0.861272 2.76417
      vertex 8.46867 0.823207 2.7566
      vertex 8.51029 0.812434 2.7968
    endloop
  endfacet
  facet normal -0.38195 0.0603963 0.922207
    outer loop
      vertex 8.66235 0.955619 2.89247
      vertex 8.60797 0.952679 2.87014
      vertex 8.60797 0.9 2.87359
    endloop
  endfacet
  facet normal -0.607907 -0.154932 0.778746
    outer loop
      vertex 8.55699 0.851162 2.84096
      vertex 8.51029 0.812434 2.7968
      vertex 8.55699 0.80316 2.83141
    endloop
  endfacet
  facet normal -0.923594 -0.0250656 0.382553
    outer loop
      vertex 8.396 0.882566 2.65
      vertex 8.39617 0.876302 2.65
      vertex 8.40341 0.874021 2.66733
    endloop
  endfacet
  facet normal -0.865572 -0.160997 0.4742
    outer loop
      vertex 8.40341 0.848487 2.66225
      vertex 8.40341 0.823834 2.65388
      vertex 8.43284 0.835293 2.71149
    endloop
  endfacet
  facet normal -0.923593 -0.0748058 0.376006
    outer loop
      vertex 8.39776 0.856671 2.65
      vertex 8.40341 0.874021 2.66733
      vertex 8.39617 0.876302 2.65
    endloop
  endfacet
  facet normal -0.923592 -0.0748067 0.376007
    outer loop
      vertex 8.40341 0.874021 2.66733
      vertex 8.39776 0.856671 2.65
      vertex 8.40341 0.848487 2.66225
    endloop
  endfacet
  facet normal -0.923592 0.0748067 0.376007
    outer loop
      vertex 8.39776 0.943328 2.65
      vertex 8.40341 0.925978 2.66733
      vertex 8.40341 0.951512 2.66225
    endloop
  endfacet
  facet normal -0.923593 0.0748058 0.376006
    outer loop
      vertex 8.40341 0.925978 2.66733
      vertex 8.39776 0.943328 2.65
      vertex 8.39617 0.923697 2.65
    endloop
  endfacet
  facet normal -0.792755 0.118891 0.597833
    outer loop
      vertex 8.46867 0.976792 2.7566
      vertex 8.43284 0.932631 2.71787
      vertex 8.46867 0.938727 2.76417
    endloop
  endfacet
  facet normal -0.607956 -0.59689 0.523557
    outer loop
      vertex 8.51029 0.660766 2.70923
      vertex 8.55699 0.603157 2.69778
      vertex 8.55699 0.635427 2.73457
    endloop
  endfacet
  facet normal -0.792789 -0.269505 0.546674
    outer loop
      vertex 8.46867 0.786455 2.74412
      vertex 8.43284 0.774996 2.68651
      vertex 8.46867 0.751647 2.72696
    endloop
  endfacet
  facet normal 0.382055 0.0605165 0.922156
    outer loop
      vertex 8.95165 0.9 2.89612
      vertex 9.00603 0.9 2.87359
      vertex 8.95165 0.955619 2.89247
    endloop
  endfacet
  facet normal 0.38195 0.0603963 0.922207
    outer loop
      vertex 9.00603 0.9 2.87359
      vertex 9.00603 0.952679 2.87014
      vertex 8.95165 0.955619 2.89247
    endloop
  endfacet
  facet normal -0.258233 -0.427248 0.866473
    outer loop
      vertex 8.66235 0.736931 2.86368
      vertex 8.66235 0.68694 2.83903
      vertex 8.71921 0.679323 2.85222
    endloop
  endfacet
  facet normal -0.382019 -0.297108 0.875093
    outer loop
      vertex 8.66235 0.789712 2.8816
      vertex 8.60797 0.795542 2.85984
      vertex 8.66235 0.736931 2.86368
    endloop
  endfacet
  facet normal -0.865522 -0.330201 0.376616
    outer loop
      vertex 8.41949 0.761881 2.65
      vertex 8.43284 0.726888 2.65
      vertex 8.43284 0.747806 2.66834
    endloop
  endfacet
  facet normal -0.79314 -0.400789 0.458582
    outer loop
      vertex 8.43633 0.719999 2.65
      vertex 8.46867 0.719377 2.70539
      vertex 8.43481 0.723007 2.65
    endloop
  endfacet
  facet normal -0.792713 -0.401933 0.45832
    outer loop
      vertex 8.46867 0.719377 2.70539
      vertex 8.43633 0.719999 2.65
      vertex 8.46867 0.690197 2.6798
    endloop
  endfacet
  facet normal -0.607977 -0.5969 0.523521
    outer loop
      vertex 8.51029 0.660766 2.70923
      vertex 8.51029 0.631586 2.67596
      vertex 8.55699 0.603157 2.69778
    endloop
  endfacet
  facet normal -0.499188 -0.571309 0.651473
    outer loop
      vertex 8.55699 0.672225 2.76684
      vertex 8.55699 0.635427 2.73457
      vertex 8.60797 0.654307 2.79019
    endloop
  endfacet
  facet normal -0.382013 -0.694811 0.609347
    outer loop
      vertex 8.60797 0.614616 2.75538
      vertex 8.60797 0.579808 2.71569
      vertex 8.66235 0.598688 2.77131
    endloop
  endfacet
  facet normal -0.382016 -0.609357 0.6948
    outer loop
      vertex 8.60797 0.654307 2.79019
      vertex 8.60797 0.614616 2.75538
      vertex 8.66235 0.598688 2.77131
    endloop
  endfacet
  facet normal -0.499192 -0.481393 0.720464
    outer loop
      vertex 8.55699 0.712919 2.79403
      vertex 8.60797 0.654307 2.79019
      vertex 8.60797 0.698203 2.81952
    endloop
  endfacet
  facet normal -0.499193 -0.383246 0.777128
    outer loop
      vertex 8.60797 0.745551 2.84287
      vertex 8.55699 0.712919 2.79403
      vertex 8.60797 0.698203 2.81952
    endloop
  endfacet
  facet normal -0.499182 -0.777297 0.382919
    outer loop
      vertex 8.56806 0.565369 2.65
      vertex 8.60797 0.550478 2.6718
      vertex 8.55699 0.575966 2.65708
    endloop
  endfacet
  facet normal -0.499258 -0.777121 0.383178
    outer loop
      vertex 8.60797 0.550478 2.6718
      vertex 8.56806 0.565369 2.65
      vertex 8.60797 0.539729 2.65
    endloop
  endfacet
  facet normal -0.60797 -0.660183 0.441057
    outer loop
      vertex 8.51029 0.631586 2.67596
      vertex 8.55699 0.575966 2.65708
      vertex 8.55699 0.603157 2.69778
    endloop
  endfacet
  facet normal -0.499118 -0.720529 0.481373
    outer loop
      vertex 8.55699 0.603157 2.69778
      vertex 8.55699 0.575966 2.65708
      vertex 8.60797 0.579808 2.71569
    endloop
  endfacet
  facet normal -0.258326 -0.637004 0.726288
    outer loop
      vertex 8.66235 0.640595 2.80806
      vertex 8.71921 0.587915 2.78208
      vertex 8.71921 0.631321 2.82015
    endloop
  endfacet
  facet normal -0.382064 -0.694755 0.609378
    outer loop
      vertex 8.66235 0.598688 2.77131
      vertex 8.60797 0.579808 2.71569
      vertex 8.66235 0.561937 2.72941
    endloop
  endfacet
  facet normal -0.706471 -0.588465 0.393201
    outer loop
      vertex 8.49154 0.63675 2.65
      vertex 8.51029 0.61424 2.65
      vertex 8.51029 0.631586 2.67596
    endloop
  endfacet
  facet normal 0.382054 -0.768418 0.513389
    outer loop
      vertex 8.95165 0.561937 2.72941
      vertex 8.95165 0.53097 2.68306
      vertex 9.00603 0.579808 2.71569
    endloop
  endfacet
  facet normal 0.258326 -0.637004 0.726288
    outer loop
      vertex 8.89479 0.631321 2.82015
      vertex 8.89479 0.587915 2.78208
      vertex 8.95165 0.640595 2.80806
    endloop
  endfacet
  facet normal 0.130249 0.889243 0.438501
    outer loop
      vertex 8.89479 1.28222 2.69068
      vertex 8.89479 1.30228 2.65
      vertex 8.84618 1.3094 2.65
    endloop
  endfacet
  facet normal -0.86556 0.278332 0.416338
    outer loop
      vertex 8.41451 1.02261 2.65
      vertex 8.4085 1.00392 2.65
      vertex 8.43284 1.025 2.68651
    endloop
  endfacet
  facet normal -0.865491 0.330217 0.376671
    outer loop
      vertex 8.43284 1.07311 2.65
      vertex 8.41949 1.03812 2.65
      vertex 8.43284 1.05219 2.66834
    endloop
  endfacet
  facet normal -0.865492 0.278321 0.416486
    outer loop
      vertex 8.41949 1.03812 2.65
      vertex 8.43284 1.025 2.68651
      vertex 8.43284 1.05219 2.66834
    endloop
  endfacet
  facet normal -0.86565 0.277946 0.416409
    outer loop
      vertex 8.43284 1.025 2.68651
      vertex 8.41949 1.03812 2.65
      vertex 8.41451 1.02261 2.65
    endloop
  endfacet
  facet normal -0.70637 0.53216 0.46674
    outer loop
      vertex 8.51029 1.16841 2.67596
      vertex 8.46867 1.13539 2.65062
      vertex 8.51029 1.13923 2.70923
    endloop
  endfacet
  facet normal -0.792703 0.401941 0.458329
    outer loop
      vertex 8.43633 1.08 2.65
      vertex 8.46867 1.08062 2.70539
      vertex 8.46867 1.1098 2.6798
    endloop
  endfacet
  facet normal -0.793218 0.400562 0.458645
    outer loop
      vertex 8.46867 1.08062 2.70539
      vertex 8.43633 1.08 2.65
      vertex 8.43481 1.07699 2.65
    endloop
  endfacet
  facet normal -0.706351 0.466724 0.5322
    outer loop
      vertex 8.51029 1.13923 2.70923
      vertex 8.46867 1.1098 2.6798
      vertex 8.46867 1.08062 2.70539
    endloop
  endfacet
  facet normal -0.607921 0.441134 0.660176
    outer loop
      vertex 8.55699 1.12777 2.76684
      vertex 8.51029 1.10596 2.73841
      vertex 8.51029 1.06916 2.763
    endloop
  endfacet
  facet normal -0.499152 0.651457 0.571359
    outer loop
      vertex 8.60797 1.18538 2.75538
      vertex 8.60797 1.22019 2.71569
      vertex 8.55699 1.16457 2.73457
    endloop
  endfacet
  facet normal -0.607967 0.154829 0.77872
    outer loop
      vertex 8.55699 0.948837 2.84096
      vertex 8.51029 0.987565 2.7968
      vertex 8.51029 0.94416 2.80543
    endloop
  endfacet
  facet normal -0.607909 0.154928 0.778745
    outer loop
      vertex 8.55699 0.99684 2.83141
      vertex 8.51029 0.987565 2.7968
      vertex 8.55699 0.948837 2.84096
    endloop
  endfacet
  facet normal -0.792765 0.338721 0.506746
    outer loop
      vertex 8.46867 1.08062 2.70539
      vertex 8.43284 1.05219 2.66834
      vertex 8.46867 1.04835 2.72696
    endloop
  endfacet
  facet normal -0.792791 0.338645 0.506757
    outer loop
      vertex 8.46867 1.04835 2.72696
      vertex 8.43284 1.05219 2.66834
      vertex 8.43284 1.025 2.68651
    endloop
  endfacet
  facet normal -0.607927 0.441139 0.660167
    outer loop
      vertex 8.55699 1.12777 2.76684
      vertex 8.51029 1.06916 2.763
      vertex 8.55699 1.08708 2.79403
    endloop
  endfacet
  facet normal -0.706317 0.313056 0.634911
    outer loop
      vertex 8.51029 1.06916 2.763
      vertex 8.46867 1.04835 2.72696
      vertex 8.51029 1.02947 2.78257
    endloop
  endfacet
  facet normal -0.607984 0.596874 0.523543
    outer loop
      vertex 8.55699 1.19684 2.69778
      vertex 8.51029 1.16841 2.67596
      vertex 8.55699 1.16457 2.73457
    endloop
  endfacet
  facet normal -0.607963 0.596908 0.523528
    outer loop
      vertex 8.55699 1.16457 2.73457
      vertex 8.51029 1.16841 2.67596
      vertex 8.51029 1.13923 2.70923
    endloop
  endfacet
  facet normal -0.38198 0.297076 0.875121
    outer loop
      vertex 8.66235 1.06307 2.86368
      vertex 8.60797 1.05445 2.84287
      vertex 8.60797 1.00446 2.85984
    endloop
  endfacet
  facet normal -0.258187 0.310597 0.914805
    outer loop
      vertex 8.71921 1.01423 2.89631
      vertex 8.66235 1.06307 2.86368
      vertex 8.66235 1.01029 2.8816
    endloop
  endfacet
  facet normal -0.499197 0.169071 0.849833
    outer loop
      vertex 8.60797 1.00446 2.85984
      vertex 8.55699 0.99684 2.83141
      vertex 8.55699 0.948837 2.84096
    endloop
  endfacet
  facet normal -0.499202 0.278464 0.820521
    outer loop
      vertex 8.60797 1.00446 2.85984
      vertex 8.55699 1.04319 2.81568
      vertex 8.55699 0.99684 2.83141
    endloop
  endfacet
  facet normal -0.792754 -0.118892 0.597834
    outer loop
      vertex 8.46867 0.861272 2.76417
      vertex 8.43284 0.867367 2.71787
      vertex 8.46867 0.823207 2.7566
    endloop
  endfacet
  facet normal -0.381952 -0.0603962 0.922207
    outer loop
      vertex 8.60797 0.9 2.87359
      vertex 8.60797 0.847321 2.87014
      vertex 8.66235 0.844379 2.89247
    endloop
  endfacet
  facet normal -0.382053 0.694767 0.609372
    outer loop
      vertex 8.66235 1.23806 2.72941
      vertex 8.60797 1.22019 2.71569
      vertex 8.66235 1.20131 2.77131
    endloop
  endfacet
  facet normal -0.382035 0.694787 0.609361
    outer loop
      vertex 8.66235 1.20131 2.77131
      vertex 8.60797 1.22019 2.71569
      vertex 8.60797 1.18538 2.75538
    endloop
  endfacet
  facet normal -0.258253 0.866487 0.427206
    outer loop
      vertex 8.67906 1.29031 2.65
      vertex 8.66235 1.26903 2.68306
      vertex 8.71921 1.28222 2.69068
    endloop
  endfacet
  facet normal -0.258235 0.866488 0.427216
    outer loop
      vertex 8.66235 1.26903 2.68306
      vertex 8.67906 1.29031 2.65
      vertex 8.66235 1.28533 2.65
    endloop
  endfacet
  facet normal -0.499214 0.777137 0.383202
    outer loop
      vertex 8.58901 1.24809 2.65
      vertex 8.55699 1.22403 2.65708
      vertex 8.60797 1.24952 2.6718
    endloop
  endfacet
  facet normal -0.499258 0.777163 0.383093
    outer loop
      vertex 8.55699 1.22403 2.65708
      vertex 8.58901 1.24809 2.65
      vertex 8.55699 1.22752 2.65
    endloop
  endfacet
  facet normal 0.13019 -0.653773 0.745407
    outer loop
      vertex 8.83643 0.626643 2.82624
      vertex 8.89479 0.587915 2.78208
      vertex 8.89479 0.631321 2.82015
    endloop
  endfacet
  facet normal 0.49916 -0.278536 0.820523
    outer loop
      vertex 9.00603 0.745551 2.84287
      vertex 9.05701 0.756814 2.81568
      vertex 9.00603 0.795542 2.85984
    endloop
  endfacet
  facet normal 0.38196 0.609315 0.694868
    outer loop
      vertex 9.00603 1.14569 2.79019
      vertex 8.95165 1.20131 2.77131
      vertex 8.95165 1.1594 2.80806
    endloop
  endfacet
  facet normal 0.1302 0.550811 0.824412
    outer loop
      vertex 8.89479 1.12068 2.85222
      vertex 8.89479 1.16868 2.82015
      vertex 8.83643 1.17336 2.82624
    endloop
  endfacet
  facet normal 0.130213 0.7455 0.653663
    outer loop
      vertex 8.83643 1.21752 2.78752
      vertex 8.89479 1.25015 2.73868
      vertex 8.83643 1.25624 2.74336
    endloop
  endfacet
  facet normal 0.13033 0.88927 0.438422
    outer loop
      vertex 8.84618 1.3094 2.65
      vertex 8.83643 1.28888 2.69452
      vertex 8.89479 1.28222 2.69068
    endloop
  endfacet
  facet normal 0.130423 0.88925 0.438433
    outer loop
      vertex 8.83643 1.28888 2.69452
      vertex 8.84618 1.3094 2.65
      vertex 8.83643 1.31083 2.65
    endloop
  endfacet
  facet normal -0.130321 0.550904 0.824331
    outer loop
      vertex 8.77757 1.12452 2.85888
      vertex 8.77757 1.17336 2.82624
      vertex 8.71921 1.12068 2.85222
    endloop
  endfacet
  facet normal -0.1302 0.550811 0.824412
    outer loop
      vertex 8.77757 1.17336 2.82624
      vertex 8.71921 1.16868 2.82015
      vertex 8.71921 1.12068 2.85222
    endloop
  endfacet
  facet normal 0.499128 0.720532 0.481358
    outer loop
      vertex 9.05701 1.19684 2.69778
      vertex 9.05701 1.22403 2.65708
      vertex 9.00603 1.22019 2.71569
    endloop
  endfacet
  facet normal 0.607978 0.660185 0.441042
    outer loop
      vertex 9.10371 1.16841 2.67596
      vertex 9.05701 1.22403 2.65708
      vertex 9.05701 1.19684 2.69778
    endloop
  endfacet
  facet normal 0.706349 0.588524 0.393332
    outer loop
      vertex 9.10371 1.16841 2.67596
      vertex 9.14307 1.13852 2.65
      vertex 9.10371 1.18576 2.65
    endloop
  endfacet
  facet normal 0.706395 0.588077 0.393917
    outer loop
      vertex 9.14307 1.13852 2.65
      vertex 9.10371 1.16841 2.67596
      vertex 9.14533 1.13539 2.65062
    endloop
  endfacet
  facet normal -0.381864 0.82894 0.408703
    outer loop
      vertex 8.63858 1.27438 2.65
      vertex 8.66235 1.26903 2.68306
      vertex 8.66235 1.28533 2.65
    endloop
  endfacet
  facet normal -0.382006 0.828833 0.408788
    outer loop
      vertex 8.66235 1.26903 2.68306
      vertex 8.63858 1.27438 2.65
      vertex 8.60797 1.24952 2.6718
    endloop
  endfacet
  facet normal 0.381977 -0.828892 0.408695
    outer loop
      vertex 8.98232 0.528803 2.65
      vertex 9.00603 0.550478 2.6718
      vertex 8.95165 0.53097 2.68306
    endloop
  endfacet
  facet normal 0.381968 -0.828891 0.408704
    outer loop
      vertex 9.00603 0.550478 2.6718
      vertex 8.98232 0.528803 2.65
      vertex 9.00603 0.539729 2.65
    endloop
  endfacet
  facet normal 0.130235 -0.889241 0.438508
    outer loop
      vertex 8.83643 0.511123 2.69452
      vertex 8.83643 0.489169 2.65
      vertex 8.88314 0.49601 2.65
    endloop
  endfacet
  facet normal 0 -0.896879 0.442275
    outer loop
      vertex 8.77757 0.489169 2.65
      vertex 8.83643 0.511123 2.69452
      vertex 8.77757 0.511123 2.69452
    endloop
  endfacet
  facet normal 0 -0.896879 0.442275
    outer loop
      vertex 8.83643 0.511123 2.69452
      vertex 8.77757 0.489169 2.65
      vertex 8.83643 0.489169 2.65
    endloop
  endfacet
  facet normal 0.13027 -0.824373 0.550853
    outer loop
      vertex 8.83643 0.543755 2.74336
      vertex 8.89479 0.517776 2.69068
      vertex 8.89479 0.54985 2.73868
    endloop
  endfacet
  facet normal 0 -0.751842 0.659343
    outer loop
      vertex 8.77757 0.543755 2.74336
      vertex 8.83643 0.582482 2.78752
      vertex 8.77757 0.582482 2.78752
    endloop
  endfacet
  facet normal 0 -0.751842 0.659343
    outer loop
      vertex 8.83643 0.582482 2.78752
      vertex 8.77757 0.543755 2.74336
      vertex 8.83643 0.543755 2.74336
    endloop
  endfacet
  facet normal 0.130275 -0.745435 0.653724
    outer loop
      vertex 8.83643 0.543755 2.74336
      vertex 8.89479 0.54985 2.73868
      vertex 8.83643 0.582482 2.78752
    endloop
  endfacet
  facet normal 0.258236 -0.536765 0.803242
    outer loop
      vertex 8.89479 0.679323 2.85222
      vertex 8.95165 0.640595 2.80806
      vertex 8.95165 0.68694 2.83903
    endloop
  endfacet
  facet normal 0.381979 -0.513479 0.768395
    outer loop
      vertex 8.95165 0.640595 2.80806
      vertex 9.00603 0.654307 2.79019
      vertex 8.95165 0.68694 2.83903
    endloop
  endfacet
  facet normal 0.381979 -0.609335 0.694841
    outer loop
      vertex 8.95165 0.640595 2.80806
      vertex 8.95165 0.598688 2.77131
      vertex 9.00603 0.654307 2.79019
    endloop
  endfacet
  facet normal 0.706377 -0.532156 0.466736
    outer loop
      vertex 9.10371 0.631586 2.67596
      vertex 9.14533 0.664607 2.65062
      vertex 9.10371 0.660766 2.70923
    endloop
  endfacet
  facet normal 0.706357 -0.46672 0.532196
    outer loop
      vertex 9.10371 0.660766 2.70923
      vertex 9.14533 0.690197 2.6798
      vertex 9.14533 0.719377 2.70539
    endloop
  endfacet
  facet normal 0.705819 -0.588247 0.394695
    outer loop
      vertex 9.14533 0.664607 2.65062
      vertex 9.12246 0.63675 2.65
      vertex 9.14533 0.664191 2.65
    endloop
  endfacet
  facet normal 0.706369 -0.588663 0.393088
    outer loop
      vertex 9.12246 0.63675 2.65
      vertex 9.14533 0.664607 2.65062
      vertex 9.10371 0.631586 2.67596
    endloop
  endfacet
  facet normal 0.382005 0.40874 0.828857
    outer loop
      vertex 9.00603 1.05445 2.84287
      vertex 9.00603 1.1018 2.81952
      vertex 8.95165 1.11306 2.83903
    endloop
  endfacet
  facet normal 0.381952 0.180301 0.906424
    outer loop
      vertex 9.00603 0.952679 2.87014
      vertex 9.00603 1.00446 2.85984
      vertex 8.95165 0.955619 2.89247
    endloop
  endfacet
  facet normal 0.499219 0.720421 0.48143
    outer loop
      vertex 9.00603 1.22019 2.71569
      vertex 9.05701 1.22403 2.65708
      vertex 9.00603 1.24952 2.6718
    endloop
  endfacet
  facet normal 0.382044 0.768368 0.513471
    outer loop
      vertex 9.00603 1.22019 2.71569
      vertex 9.00603 1.24952 2.6718
      vertex 8.95165 1.23806 2.72941
    endloop
  endfacet
  facet normal 0.499206 0.571285 0.651481
    outer loop
      vertex 9.05701 1.12777 2.76684
      vertex 9.05701 1.16457 2.73457
      vertex 9.00603 1.14569 2.79019
    endloop
  endfacet
  facet normal 0.499201 0.481416 0.720442
    outer loop
      vertex 9.05701 1.08708 2.79403
      vertex 9.05701 1.12777 2.76684
      vertex 9.00603 1.14569 2.79019
    endloop
  endfacet
  facet normal 0.706351 0.5322 0.466724
    outer loop
      vertex 9.14533 1.1098 2.6798
      vertex 9.14533 1.13539 2.65062
      vertex 9.10371 1.13923 2.70923
    endloop
  endfacet
  facet normal 0.70637 0.53216 0.46674
    outer loop
      vertex 9.10371 1.13923 2.70923
      vertex 9.14533 1.13539 2.65062
      vertex 9.10371 1.16841 2.67596
    endloop
  endfacet
  facet normal 0.38198 0.297076 0.875121
    outer loop
      vertex 9.00603 1.00446 2.85984
      vertex 9.00603 1.05445 2.84287
      vertex 8.95165 1.06307 2.86368
    endloop
  endfacet
  facet normal 0.381997 0.513482 0.768385
    outer loop
      vertex 9.00603 1.1018 2.81952
      vertex 9.00603 1.14569 2.79019
      vertex 8.95165 1.11306 2.83903
    endloop
  endfacet
  facet normal 0.499215 0.383228 0.777123
    outer loop
      vertex 9.00603 1.05445 2.84287
      vertex 9.05701 1.08708 2.79403
      vertex 9.00603 1.1018 2.81952
    endloop
  endfacet
  facet normal 0.499152 0.571359 0.651457
    outer loop
      vertex 9.00603 1.14569 2.79019
      vertex 9.05701 1.16457 2.73457
      vertex 9.00603 1.18538 2.75538
    endloop
  endfacet
  facet normal 0.382053 0.694767 0.609372
    outer loop
      vertex 8.95165 1.20131 2.77131
      vertex 9.00603 1.22019 2.71569
      vertex 8.95165 1.23806 2.72941
    endloop
  endfacet
  facet normal 0.865585 -0.160939 0.474195
    outer loop
      vertex 9.18116 0.804326 2.70098
      vertex 9.21059 0.823834 2.65388
      vertex 9.18116 0.835293 2.71149
    endloop
  endfacet
  facet normal 0.792723 -0.269702 0.546672
    outer loop
      vertex 9.14533 0.786455 2.74412
      vertex 9.18116 0.774996 2.68651
      vertex 9.18116 0.804326 2.70098
    endloop
  endfacet
  facet normal 0.792715 -0.458286 0.401966
    outer loop
      vertex 9.14533 0.690197 2.6798
      vertex 9.15114 0.674109 2.65
      vertex 9.17767 0.719999 2.65
    endloop
  endfacet
  facet normal 0.792616 -0.458414 0.402016
    outer loop
      vertex 9.15114 0.674109 2.65
      vertex 9.14533 0.690197 2.6798
      vertex 9.14533 0.664607 2.65062
    endloop
  endfacet
  facet normal 0.865567 -0.0327007 0.499724
    outer loop
      vertex 9.18116 0.867367 2.71787
      vertex 9.21059 0.874021 2.66733
      vertex 9.21059 0.9 2.66903
    endloop
  endfacet
  facet normal 0.792756 0.039889 0.608232
    outer loop
      vertex 9.18116 0.9 2.72001
      vertex 9.18116 0.932631 2.71787
      vertex 9.14533 0.9 2.76671
    endloop
  endfacet
  facet normal 0.706316 0.0463295 0.706379
    outer loop
      vertex 9.14533 0.9 2.76671
      vertex 9.14533 0.938727 2.76417
      vertex 9.10371 0.94416 2.80543
    endloop
  endfacet
  facet normal 0.607978 -0.25528 0.751794
    outer loop
      vertex 9.05701 0.756814 2.81568
      vertex 9.10371 0.770527 2.78257
      vertex 9.10371 0.812434 2.7968
    endloop
  endfacet
  facet normal 0.607911 0.255171 0.751885
    outer loop
      vertex 9.05701 0.99684 2.83141
      vertex 9.10371 0.987565 2.7968
      vertex 9.05701 1.04319 2.81568
    endloop
  endfacet
  facet normal 0.608004 0.351224 0.71202
    outer loop
      vertex 9.05701 1.04319 2.81568
      vertex 9.10371 1.02947 2.78257
      vertex 9.05701 1.08708 2.79403
    endloop
  endfacet
  facet normal 0.607967 0.154829 0.77872
    outer loop
      vertex 9.10371 0.94416 2.80543
      vertex 9.10371 0.987565 2.7968
      vertex 9.05701 0.948837 2.84096
    endloop
  endfacet
  facet normal 0.706318 0.138045 0.694304
    outer loop
      vertex 9.10371 0.94416 2.80543
      vertex 9.14533 0.938727 2.76417
      vertex 9.10371 0.987565 2.7968
    endloop
  endfacet
  facet normal 0.706344 0.227631 0.67027
    outer loop
      vertex 9.14533 0.976792 2.7566
      vertex 9.14533 1.01354 2.74412
      vertex 9.10371 1.02947 2.78257
    endloop
  endfacet
  facet normal 0.792764 0.118911 0.597818
    outer loop
      vertex 9.18116 0.932631 2.71787
      vertex 9.18116 0.964706 2.71149
      vertex 9.14533 0.976792 2.7566
    endloop
  endfacet
  facet normal 0.607921 0.441134 0.660176
    outer loop
      vertex 9.10371 1.06916 2.763
      vertex 9.10371 1.10596 2.73841
      vertex 9.05701 1.12777 2.76684
    endloop
  endfacet
  facet normal 0.607927 0.441139 0.660167
    outer loop
      vertex 9.05701 1.08708 2.79403
      vertex 9.10371 1.06916 2.763
      vertex 9.05701 1.12777 2.76684
    endloop
  endfacet
  facet normal 0.607896 0.0519159 0.792318
    outer loop
      vertex 9.05701 0.9 2.84416
      vertex 9.10371 0.9 2.80833
      vertex 9.05701 0.948837 2.84096
    endloop
  endfacet
  facet normal 0.706316 -0.0463283 0.706379
    outer loop
      vertex 9.10371 0.855839 2.80543
      vertex 9.14533 0.861272 2.76417
      vertex 9.14533 0.9 2.76671
    endloop
  endfacet
  facet normal 0.792764 -0.118915 0.597817
    outer loop
      vertex 9.14533 0.823207 2.7566
      vertex 9.18116 0.835293 2.71149
      vertex 9.18116 0.867367 2.71787
    endloop
  endfacet
  facet normal 0.706346 -0.0463849 0.706346
    outer loop
      vertex 9.10371 0.855839 2.80543
      vertex 9.14533 0.9 2.76671
      vertex 9.10371 0.9 2.80833
    endloop
  endfacet
  facet normal 0.130342 -0.653643 0.745494
    outer loop
      vertex 8.83643 0.582482 2.78752
      vertex 8.89479 0.587915 2.78208
      vertex 8.83643 0.626643 2.82624
    endloop
  endfacet
  facet normal 0.130181 -0.550796 0.824425
    outer loop
      vertex 8.83643 0.626643 2.82624
      vertex 8.89479 0.631321 2.82015
      vertex 8.89479 0.679323 2.85222
    endloop
  endfacet
  facet normal 0.130127 -0.193283 0.972476
    outer loop
      vertex 8.83643 0.841389 2.91519
      vertex 8.83643 0.78378 2.90374
      vertex 8.89479 0.842391 2.90758
    endloop
  endfacet
  facet normal 0.130394 -0.193543 0.972388
    outer loop
      vertex 8.83643 0.78378 2.90374
      vertex 8.89479 0.785769 2.89631
      vertex 8.89479 0.842391 2.90758
    endloop
  endfacet
  facet normal -0.258262 -0.636963 0.726346
    outer loop
      vertex 8.66235 0.640595 2.80806
      vertex 8.66235 0.598688 2.77131
      vertex 8.71921 0.587915 2.78208
    endloop
  endfacet
  facet normal -0.258256 -0.803288 0.536686
    outer loop
      vertex 8.66235 0.561937 2.72941
      vertex 8.66235 0.53097 2.68306
      vertex 8.71921 0.54985 2.73868
    endloop
  endfacet
  facet normal 0.70632 -0.313049 0.634911
    outer loop
      vertex 9.10371 0.730836 2.763
      vertex 9.14533 0.751647 2.72696
      vertex 9.10371 0.770527 2.78257
    endloop
  endfacet
  facet normal 0.706321 -0.393383 0.588524
    outer loop
      vertex 9.10371 0.730836 2.763
      vertex 9.14533 0.719377 2.70539
      vertex 9.14533 0.751647 2.72696
    endloop
  endfacet
  facet normal 0.792716 0.195915 0.577251
    outer loop
      vertex 9.18116 0.964706 2.71149
      vertex 9.18116 0.995673 2.70098
      vertex 9.14533 1.01354 2.74412
    endloop
  endfacet
  facet normal 0.793826 0.459487 0.398386
    outer loop
      vertex 9.14533 1.13539 2.65062
      vertex 9.15114 1.12589 2.65
      vertex 9.14611 1.13458 2.65
    endloop
  endfacet
  facet normal -0.499176 0.0566267 0.864648
    outer loop
      vertex 8.60797 0.952679 2.87014
      vertex 8.55699 0.948837 2.84096
      vertex 8.60797 0.9 2.87359
    endloop
  endfacet
  facet normal -0.499155 0.056656 0.864659
    outer loop
      vertex 8.60797 0.9 2.87359
      vertex 8.55699 0.948837 2.84096
      vertex 8.55699 0.9 2.84416
    endloop
  endfacet
  facet normal -0.923527 -0.123314 0.36317
    outer loop
      vertex 8.40167 0.825441 2.65
      vertex 8.40341 0.848487 2.66225
      vertex 8.3987 0.847684 2.65
    endloop
  endfacet
  facet normal -0.923554 -0.123281 0.363111
    outer loop
      vertex 8.40341 0.848487 2.66225
      vertex 8.40167 0.825441 2.65
      vertex 8.40341 0.823834 2.65388
    endloop
  endfacet
  facet normal -0.923553 -0.16962 0.343918
    outer loop
      vertex 8.40167 0.825441 2.65
      vertex 8.40341 0.815967 2.65
      vertex 8.40341 0.823834 2.65388
    endloop
  endfacet
  facet normal -0.865585 -0.160939 0.474195
    outer loop
      vertex 8.43284 0.835293 2.71149
      vertex 8.40341 0.823834 2.65388
      vertex 8.43284 0.804326 2.70098
    endloop
  endfacet
  facet normal -0.792724 -0.195912 0.577241
    outer loop
      vertex 8.43284 0.835293 2.71149
      vertex 8.43284 0.804326 2.70098
      vertex 8.46867 0.786455 2.74412
    endloop
  endfacet
  facet normal -0.865573 -0.0977158 0.491157
    outer loop
      vertex 8.40341 0.874021 2.66733
      vertex 8.40341 0.848487 2.66225
      vertex 8.43284 0.835293 2.71149
    endloop
  endfacet
  facet normal -0.865569 -0.0977005 0.491167
    outer loop
      vertex 8.43284 0.867367 2.71787
      vertex 8.40341 0.874021 2.66733
      vertex 8.43284 0.835293 2.71149
    endloop
  endfacet
  facet normal -0.865585 0.0327705 0.499689
    outer loop
      vertex 8.43284 0.932631 2.71787
      vertex 8.40341 0.9 2.66903
      vertex 8.43284 0.9 2.72001
    endloop
  endfacet
  facet normal -0.865585 -0.0327685 0.499689
    outer loop
      vertex 8.43284 0.9 2.72001
      vertex 8.40341 0.9 2.66903
      vertex 8.43284 0.867367 2.71787
    endloop
  endfacet
  facet normal -0.706348 0.312987 0.634911
    outer loop
      vertex 8.51029 1.02947 2.78257
      vertex 8.46867 1.04835 2.72696
      vertex 8.46867 1.01354 2.74412
    endloop
  endfacet
  facet normal -0.792764 0.118911 0.597818
    outer loop
      vertex 8.46867 0.976792 2.7566
      vertex 8.43284 0.964706 2.71149
      vertex 8.43284 0.932631 2.71787
    endloop
  endfacet
  facet normal -0.792343 -0.402194 0.458729
    outer loop
      vertex 8.43481 0.723007 2.65
      vertex 8.43284 0.747806 2.66834
      vertex 8.43284 0.726888 2.65
    endloop
  endfacet
  facet normal -0.792758 -0.401892 0.458276
    outer loop
      vertex 8.43284 0.747806 2.66834
      vertex 8.43481 0.723007 2.65
      vertex 8.46867 0.719377 2.70539
    endloop
  endfacet
  facet normal -0.70632 -0.313049 0.634911
    outer loop
      vertex 8.51029 0.770527 2.78257
      vertex 8.46867 0.751647 2.72696
      vertex 8.51029 0.730836 2.763
    endloop
  endfacet
  facet normal -0.70634 -0.313005 0.634911
    outer loop
      vertex 8.46867 0.786455 2.74412
      vertex 8.46867 0.751647 2.72696
      vertex 8.51029 0.770527 2.78257
    endloop
  endfacet
  facet normal 0.382019 0.180218 0.906412
    outer loop
      vertex 8.95165 0.955619 2.89247
      vertex 9.00603 1.00446 2.85984
      vertex 8.95165 1.01029 2.8816
    endloop
  endfacet
  facet normal 0.25819 0.188397 0.947547
    outer loop
      vertex 8.95165 0.955619 2.89247
      vertex 8.95165 1.01029 2.8816
      vertex 8.89479 1.01423 2.89631
    endloop
  endfacet
  facet normal -0.258357 -0.427352 0.866384
    outer loop
      vertex 8.66235 0.736931 2.86368
      vertex 8.71921 0.679323 2.85222
      vertex 8.71921 0.731101 2.87776
    endloop
  endfacet
  facet normal -0.130339 -0.550918 0.824318
    outer loop
      vertex 8.71921 0.679323 2.85222
      vertex 8.77757 0.626643 2.82624
      vertex 8.77757 0.675481 2.85888
    endloop
  endfacet
  facet normal -0.607937 -0.523502 0.596958
    outer loop
      vertex 8.51029 0.694038 2.73841
      vertex 8.55699 0.635427 2.73457
      vertex 8.55699 0.672225 2.76684
    endloop
  endfacet
  facet normal -0.60794 -0.441143 0.660153
    outer loop
      vertex 8.51029 0.730836 2.763
      vertex 8.51029 0.694038 2.73841
      vertex 8.55699 0.672225 2.76684
    endloop
  endfacet
  facet normal -0.381981 -0.408712 0.828882
    outer loop
      vertex 8.60797 0.745551 2.84287
      vertex 8.66235 0.68694 2.83903
      vertex 8.66235 0.736931 2.86368
    endloop
  endfacet
  facet normal -0.38198 -0.29707 0.875123
    outer loop
      vertex 8.60797 0.795542 2.85984
      vertex 8.60797 0.745551 2.84287
      vertex 8.66235 0.736931 2.86368
    endloop
  endfacet
  facet normal -0.607911 -0.441116 0.660198
    outer loop
      vertex 8.55699 0.712919 2.79403
      vertex 8.51029 0.730836 2.763
      vertex 8.55699 0.672225 2.76684
    endloop
  endfacet
  facet normal -0.499186 -0.481388 0.720471
    outer loop
      vertex 8.55699 0.712919 2.79403
      vertex 8.55699 0.672225 2.76684
      vertex 8.60797 0.654307 2.79019
    endloop
  endfacet
  facet normal -0.381968 -0.828891 0.408704
    outer loop
      vertex 8.63168 0.528803 2.65
      vertex 8.60797 0.550478 2.6718
      vertex 8.60797 0.539729 2.65
    endloop
  endfacet
  facet normal -0.381977 -0.828892 0.408695
    outer loop
      vertex 8.60797 0.550478 2.6718
      vertex 8.63168 0.528803 2.65
      vertex 8.66235 0.53097 2.68306
    endloop
  endfacet
  facet normal -0.381973 -0.768393 0.513487
    outer loop
      vertex 8.60797 0.579808 2.71569
      vertex 8.60797 0.550478 2.6718
      vertex 8.66235 0.53097 2.68306
    endloop
  endfacet
  facet normal -0.607898 -0.712109 0.351227
    outer loop
      vertex 8.55125 0.577374 2.65
      vertex 8.55699 0.572474 2.65
      vertex 8.55699 0.575966 2.65708
    endloop
  endfacet
  facet normal -0.608077 -0.71186 0.351422
    outer loop
      vertex 8.53854 0.588231 2.65
      vertex 8.55125 0.577374 2.65
      vertex 8.55699 0.575966 2.65708
    endloop
  endfacet
  facet normal -0.607853 -0.660227 0.441152
    outer loop
      vertex 8.53854 0.588231 2.65
      vertex 8.51029 0.631586 2.67596
      vertex 8.51029 0.61424 2.65
    endloop
  endfacet
  facet normal -0.60807 -0.660207 0.440883
    outer loop
      vertex 8.51029 0.631586 2.67596
      vertex 8.53854 0.588231 2.65
      vertex 8.55699 0.575966 2.65708
    endloop
  endfacet
  facet normal -0.258316 -0.803239 0.536731
    outer loop
      vertex 8.71921 0.54985 2.73868
      vertex 8.66235 0.53097 2.68306
      vertex 8.71921 0.517776 2.69068
    endloop
  endfacet
  facet normal -0.13027 -0.824373 0.550853
    outer loop
      vertex 8.71921 0.54985 2.73868
      vertex 8.71921 0.517776 2.69068
      vertex 8.77757 0.543755 2.74336
    endloop
  endfacet
  facet normal 0.258256 -0.803288 0.536686
    outer loop
      vertex 8.89479 0.54985 2.73868
      vertex 8.95165 0.53097 2.68306
      vertex 8.95165 0.561937 2.72941
    endloop
  endfacet
  facet normal 0.258322 -0.866436 0.427269
    outer loop
      vertex 8.95165 0.53097 2.68306
      vertex 8.90909 0.501978 2.65
      vertex 8.95165 0.514667 2.65
    endloop
  endfacet
  facet normal -0.130249 0.889243 0.438501
    outer loop
      vertex 8.76782 1.3094 2.65
      vertex 8.71921 1.30228 2.65
      vertex 8.71921 1.28222 2.69068
    endloop
  endfacet
  facet normal -0.923553 0.16962 0.343918
    outer loop
      vertex 8.40341 0.984032 2.65
      vertex 8.40167 0.974558 2.65
      vertex 8.40341 0.976165 2.65388
    endloop
  endfacet
  facet normal -0.499219 0.720421 0.48143
    outer loop
      vertex 8.60797 1.24952 2.6718
      vertex 8.55699 1.22403 2.65708
      vertex 8.60797 1.22019 2.71569
    endloop
  endfacet
  facet normal -0.381998 0.768414 0.513437
    outer loop
      vertex 8.66235 1.26903 2.68306
      vertex 8.60797 1.24952 2.6718
      vertex 8.66235 1.23806 2.72941
    endloop
  endfacet
  facet normal -0.793522 0.503823 0.3413
    outer loop
      vertex 8.46867 1.13581 2.65
      vertex 8.46827 1.13518 2.65
      vertex 8.46867 1.13539 2.65062
    endloop
  endfacet
  facet normal -0.706349 0.588524 0.393332
    outer loop
      vertex 8.47093 1.13852 2.65
      vertex 8.51029 1.16841 2.67596
      vertex 8.51029 1.18576 2.65
    endloop
  endfacet
  facet normal -0.706395 0.588077 0.393917
    outer loop
      vertex 8.51029 1.16841 2.67596
      vertex 8.47093 1.13852 2.65
      vertex 8.46867 1.13539 2.65062
    endloop
  endfacet
  facet normal -0.793909 0.502809 0.341893
    outer loop
      vertex 8.46827 1.13518 2.65
      vertex 8.46789 1.13458 2.65
      vertex 8.46867 1.13539 2.65062
    endloop
  endfacet
  facet normal -0.704537 0.587547 0.398016
    outer loop
      vertex 8.47093 1.13852 2.65
      vertex 8.46867 1.13581 2.65
      vertex 8.46867 1.13539 2.65062
    endloop
  endfacet
  facet normal -0.706334 0.227614 0.670287
    outer loop
      vertex 8.51029 1.02947 2.78257
      vertex 8.46867 0.976792 2.7566
      vertex 8.51029 0.987565 2.7968
    endloop
  endfacet
  facet normal -0.608002 0.255285 0.751773
    outer loop
      vertex 8.55699 1.04319 2.81568
      vertex 8.51029 1.02947 2.78257
      vertex 8.51029 0.987565 2.7968
    endloop
  endfacet
  facet normal -0.607967 -0.154829 0.77872
    outer loop
      vertex 8.51029 0.855839 2.80543
      vertex 8.51029 0.812434 2.7968
      vertex 8.55699 0.851162 2.84096
    endloop
  endfacet
  facet normal -0.706346 -0.0463849 0.706346
    outer loop
      vertex 8.51029 0.9 2.80833
      vertex 8.46867 0.9 2.76671
      vertex 8.51029 0.855839 2.80543
    endloop
  endfacet
  facet normal -0.381997 0.513482 0.768385
    outer loop
      vertex 8.66235 1.11306 2.83903
      vertex 8.60797 1.14569 2.79019
      vertex 8.60797 1.1018 2.81952
    endloop
  endfacet
  facet normal -0.499201 0.481416 0.720442
    outer loop
      vertex 8.60797 1.14569 2.79019
      vertex 8.55699 1.12777 2.76684
      vertex 8.55699 1.08708 2.79403
    endloop
  endfacet
  facet normal -0.258357 0.427339 0.866391
    outer loop
      vertex 8.71921 1.0689 2.87776
      vertex 8.71921 1.12068 2.85222
      vertex 8.66235 1.06307 2.86368
    endloop
  endfacet
  facet normal -0.25819 0.188397 0.947547
    outer loop
      vertex 8.71921 1.01423 2.89631
      vertex 8.66235 1.01029 2.8816
      vertex 8.66235 0.955619 2.89247
    endloop
  endfacet
  facet normal -0.258212 -0.0632612 0.964015
    outer loop
      vertex 8.66235 0.9 2.89612
      vertex 8.66235 0.844379 2.89247
      vertex 8.71921 0.9 2.91135
    endloop
  endfacet
  facet normal -0.258212 0.0632635 0.964015
    outer loop
      vertex 8.71921 0.9 2.91135
      vertex 8.66235 0.955619 2.89247
      vertex 8.66235 0.9 2.89612
    endloop
  endfacet
  facet normal 0.607972 -0.351203 0.712058
    outer loop
      vertex 9.05701 0.712919 2.79403
      vertex 9.10371 0.770527 2.78257
      vertex 9.05701 0.756814 2.81568
    endloop
  endfacet
  facet normal 0.706334 -0.227605 0.67029
    outer loop
      vertex 9.10371 0.770527 2.78257
      vertex 9.14533 0.823207 2.7566
      vertex 9.10371 0.812434 2.7968
    endloop
  endfacet
  facet normal 0.130211 0.653822 0.74536
    outer loop
      vertex 8.89479 1.16868 2.82015
      vertex 8.89479 1.21208 2.78208
      vertex 8.83643 1.17336 2.82624
    endloop
  endfacet
  facet normal 0.258284 0.726289 0.63702
    outer loop
      vertex 8.95165 1.20131 2.77131
      vertex 8.95165 1.23806 2.72941
      vertex 8.89479 1.25015 2.73868
    endloop
  endfacet
  facet normal 0.499192 -0.481393 0.720464
    outer loop
      vertex 9.00603 0.698203 2.81952
      vertex 9.00603 0.654307 2.79019
      vertex 9.05701 0.712919 2.79403
    endloop
  endfacet
  facet normal 0.382024 -0.40875 0.828843
    outer loop
      vertex 8.95165 0.68694 2.83903
      vertex 9.00603 0.698203 2.81952
      vertex 9.00603 0.745551 2.84287
    endloop
  endfacet
  facet normal 0.499193 -0.383246 0.777128
    outer loop
      vertex 9.00603 0.698203 2.81952
      vertex 9.05701 0.712919 2.79403
      vertex 9.00603 0.745551 2.84287
    endloop
  endfacet
  facet normal 0.382022 -0.513427 0.768408
    outer loop
      vertex 8.95165 0.68694 2.83903
      vertex 9.00603 0.654307 2.79019
      vertex 9.00603 0.698203 2.81952
    endloop
  endfacet
  facet normal 0.382023 -0.828851 0.408735
    outer loop
      vertex 8.95165 0.53097 2.68306
      vertex 8.95165 0.514667 2.65
      vertex 8.98232 0.528803 2.65
    endloop
  endfacet
  facet normal 0.499161 -0.571347 0.651461
    outer loop
      vertex 9.00603 0.614616 2.75538
      vertex 9.05701 0.635427 2.73457
      vertex 9.00603 0.654307 2.79019
    endloop
  endfacet
  facet normal 0.706365 -0.466727 0.532178
    outer loop
      vertex 9.10371 0.660766 2.70923
      vertex 9.14533 0.719377 2.70539
      vertex 9.10371 0.694038 2.73841
    endloop
  endfacet
  facet normal 0.607955 -0.523514 0.596928
    outer loop
      vertex 9.05701 0.635427 2.73457
      vertex 9.10371 0.660766 2.70923
      vertex 9.10371 0.694038 2.73841
    endloop
  endfacet
  facet normal 0.607937 -0.523502 0.596958
    outer loop
      vertex 9.05701 0.672225 2.76684
      vertex 9.05701 0.635427 2.73457
      vertex 9.10371 0.694038 2.73841
    endloop
  endfacet
  facet normal 0.792343 -0.402194 0.458729
    outer loop
      vertex 9.18116 0.747806 2.66834
      vertex 9.17919 0.723007 2.65
      vertex 9.18116 0.726888 2.65
    endloop
  endfacet
  facet normal 0.792758 -0.401892 0.458276
    outer loop
      vertex 9.17919 0.723007 2.65
      vertex 9.18116 0.747806 2.66834
      vertex 9.14533 0.719377 2.70539
    endloop
  endfacet
  facet normal 0.865522 -0.330201 0.376616
    outer loop
      vertex 9.18116 0.747806 2.66834
      vertex 9.18116 0.726888 2.65
      vertex 9.19451 0.761881 2.65
    endloop
  endfacet
  facet normal 0.130276 0.318693 0.938863
    outer loop
      vertex 8.83643 1.01622 2.90374
      vertex 8.89479 1.0689 2.87776
      vertex 8.83643 1.07184 2.88486
    endloop
  endfacet
  facet normal 0.130396 0.318572 0.938887
    outer loop
      vertex 8.89479 1.01423 2.89631
      vertex 8.89479 1.0689 2.87776
      vertex 8.83643 1.01622 2.90374
    endloop
  endfacet
  facet normal 0.130332 0.438584 0.889189
    outer loop
      vertex 8.89479 1.0689 2.87776
      vertex 8.89479 1.12068 2.85222
      vertex 8.83643 1.12452 2.85888
    endloop
  endfacet
  facet normal 0.130321 0.550904 0.824331
    outer loop
      vertex 8.89479 1.12068 2.85222
      vertex 8.83643 1.17336 2.82624
      vertex 8.83643 1.12452 2.85888
    endloop
  endfacet
  facet normal 0.25823 0.636943 0.726375
    outer loop
      vertex 8.95165 1.1594 2.80806
      vertex 8.95165 1.20131 2.77131
      vertex 8.89479 1.21208 2.78208
    endloop
  endfacet
  facet normal 0.258232 0.726263 0.63707
    outer loop
      vertex 8.95165 1.20131 2.77131
      vertex 8.89479 1.25015 2.73868
      vertex 8.89479 1.21208 2.78208
    endloop
  endfacet
  facet normal 0.382035 0.694787 0.609361
    outer loop
      vertex 9.00603 1.18538 2.75538
      vertex 9.00603 1.22019 2.71569
      vertex 8.95165 1.20131 2.77131
    endloop
  endfacet
  facet normal 0.382035 0.609361 0.694787
    outer loop
      vertex 9.00603 1.14569 2.79019
      vertex 9.00603 1.18538 2.75538
      vertex 8.95165 1.20131 2.77131
    endloop
  endfacet
  facet normal 0.865583 -0.221557 0.449086
    outer loop
      vertex 9.18116 0.774996 2.68651
      vertex 9.21059 0.823834 2.65388
      vertex 9.18116 0.804326 2.70098
    endloop
  endfacet
  facet normal 0.794294 -0.459758 0.397138
    outer loop
      vertex 9.14533 0.664607 2.65062
      vertex 9.14611 0.665419 2.65
      vertex 9.15114 0.674109 2.65
    endloop
  endfacet
  facet normal 0.923594 -0.0250656 0.382553
    outer loop
      vertex 9.21059 0.874021 2.66733
      vertex 9.21783 0.876302 2.65
      vertex 9.218 0.882566 2.65
    endloop
  endfacet
  facet normal 0.865587 -0.221499 0.449107
    outer loop
      vertex 9.21059 0.823834 2.65388
      vertex 9.2055 0.796076 2.65
      vertex 9.21059 0.815967 2.65
    endloop
  endfacet
  facet normal 0.865563 -0.221501 0.449153
    outer loop
      vertex 9.2055 0.796076 2.65
      vertex 9.21059 0.823834 2.65388
      vertex 9.18116 0.774996 2.68651
    endloop
  endfacet
  facet normal 0.923386 0.124324 0.363182
    outer loop
      vertex 9.21059 0.951512 2.66225
      vertex 9.21585 0.94823 2.65
      vertex 9.2153 0.952315 2.65
    endloop
  endfacet
  facet normal 0.923589 0.0250351 0.382566
    outer loop
      vertex 9.21059 0.9 2.66903
      vertex 9.218 0.917433 2.65
      vertex 9.21059 0.925978 2.66733
    endloop
  endfacet
  facet normal 0.923452 0.0254263 0.382871
    outer loop
      vertex 9.218 0.917433 2.65
      vertex 9.21059 0.9 2.66903
      vertex 9.21848 0.9 2.65
    endloop
  endfacet
  facet normal 0.865567 0.032702 0.499724
    outer loop
      vertex 9.21059 0.9 2.66903
      vertex 9.21059 0.925978 2.66733
      vertex 9.18116 0.932631 2.71787
    endloop
  endfacet
  facet normal 0.792756 -0.0398865 0.608232
    outer loop
      vertex 9.14533 0.9 2.76671
      vertex 9.18116 0.867367 2.71787
      vertex 9.18116 0.9 2.72001
    endloop
  endfacet
  facet normal 0.792755 0.0398924 0.608234
    outer loop
      vertex 9.14533 0.9 2.76671
      vertex 9.18116 0.932631 2.71787
      vertex 9.14533 0.938727 2.76417
    endloop
  endfacet
  facet normal 0.706334 0.227614 0.670287
    outer loop
      vertex 9.10371 0.987565 2.7968
      vertex 9.14533 0.976792 2.7566
      vertex 9.10371 1.02947 2.78257
    endloop
  endfacet
  facet normal 0.706334 0.138072 0.694283
    outer loop
      vertex 9.14533 0.938727 2.76417
      vertex 9.14533 0.976792 2.7566
      vertex 9.10371 0.987565 2.7968
    endloop
  endfacet
  facet normal 0.792718 0.269533 0.546763
    outer loop
      vertex 9.14533 1.01354 2.74412
      vertex 9.18116 0.995673 2.70098
      vertex 9.14533 1.04835 2.72696
    endloop
  endfacet
  facet normal 0.792798 0.269681 0.546574
    outer loop
      vertex 9.18116 0.995673 2.70098
      vertex 9.18116 1.025 2.68651
      vertex 9.14533 1.04835 2.72696
    endloop
  endfacet
  facet normal 0.607907 -0.154932 0.778746
    outer loop
      vertex 9.05701 0.80316 2.83141
      vertex 9.10371 0.812434 2.7968
      vertex 9.05701 0.851162 2.84096
    endloop
  endfacet
  facet normal 0.607967 -0.154829 0.77872
    outer loop
      vertex 9.05701 0.851162 2.84096
      vertex 9.10371 0.812434 2.7968
      vertex 9.10371 0.855839 2.80543
    endloop
  endfacet
  facet normal 0.706338 -0.22761 0.670284
    outer loop
      vertex 9.10371 0.770527 2.78257
      vertex 9.14533 0.786455 2.74412
      vertex 9.14533 0.823207 2.7566
    endloop
  endfacet
  facet normal 0.792761 -0.19599 0.577164
    outer loop
      vertex 9.14533 0.786455 2.74412
      vertex 9.18116 0.835293 2.71149
      vertex 9.14533 0.823207 2.7566
    endloop
  endfacet
  facet normal 0 -0.442304 0.896865
    outer loop
      vertex 8.77757 0.728161 2.88486
      vertex 8.83643 0.675481 2.85888
      vertex 8.83643 0.728161 2.88486
    endloop
  endfacet
  facet normal 0 -0.442304 0.896865
    outer loop
      vertex 8.83643 0.675481 2.85888
      vertex 8.77757 0.728161 2.88486
      vertex 8.77757 0.675481 2.85888
    endloop
  endfacet
  facet normal 0.258375 -0.0630842 0.963983
    outer loop
      vertex 8.89479 0.842391 2.90758
      vertex 8.95165 0.844379 2.89247
      vertex 8.89479 0.9 2.91135
    endloop
  endfacet
  facet normal 0.258212 0.0632635 0.964015
    outer loop
      vertex 8.95165 0.9 2.89612
      vertex 8.95165 0.955619 2.89247
      vertex 8.89479 0.9 2.91135
    endloop
  endfacet
  facet normal -0.258236 -0.536765 0.803242
    outer loop
      vertex 8.66235 0.68694 2.83903
      vertex 8.66235 0.640595 2.80806
      vertex 8.71921 0.679323 2.85222
    endloop
  endfacet
  facet normal -0.381979 -0.513479 0.768395
    outer loop
      vertex 8.66235 0.68694 2.83903
      vertex 8.60797 0.654307 2.79019
      vertex 8.66235 0.640595 2.80806
    endloop
  endfacet
  facet normal 0.865491 0.330217 0.376671
    outer loop
      vertex 9.18116 1.05219 2.66834
      vertex 9.19451 1.03812 2.65
      vertex 9.18116 1.07311 2.65
    endloop
  endfacet
  facet normal 0.792765 0.338721 0.506746
    outer loop
      vertex 9.14533 1.04835 2.72696
      vertex 9.18116 1.05219 2.66834
      vertex 9.14533 1.08062 2.70539
    endloop
  endfacet
  facet normal 0.792791 0.338645 0.506757
    outer loop
      vertex 9.18116 1.025 2.68651
      vertex 9.18116 1.05219 2.66834
      vertex 9.14533 1.04835 2.72696
    endloop
  endfacet
  facet normal 0.258315 0.866443 0.427258
    outer loop
      vertex 8.89479 1.28222 2.69068
      vertex 8.93494 1.29031 2.65
      vertex 8.89479 1.30228 2.65
    endloop
  endfacet
  facet normal 0.258235 0.866488 0.427216
    outer loop
      vertex 8.93494 1.29031 2.65
      vertex 8.95165 1.26903 2.68306
      vertex 8.95165 1.28533 2.65
    endloop
  endfacet
  facet normal 0.258253 0.866487 0.427206
    outer loop
      vertex 8.95165 1.26903 2.68306
      vertex 8.93494 1.29031 2.65
      vertex 8.89479 1.28222 2.69068
    endloop
  endfacet
  facet normal -0.382055 -0.0605144 0.922156
    outer loop
      vertex 8.66235 0.9 2.89612
      vertex 8.60797 0.9 2.87359
      vertex 8.66235 0.844379 2.89247
    endloop
  endfacet
  facet normal -0.382055 0.0605165 0.922156
    outer loop
      vertex 8.66235 0.955619 2.89247
      vertex 8.60797 0.9 2.87359
      vertex 8.66235 0.9 2.89612
    endloop
  endfacet
  facet normal -0.792759 -0.338668 0.50679
    outer loop
      vertex 8.43284 0.774996 2.68651
      vertex 8.43284 0.747806 2.66834
      vertex 8.46867 0.719377 2.70539
    endloop
  endfacet
  facet normal -0.865651 -0.277982 0.416384
    outer loop
      vertex 8.41949 0.761881 2.65
      vertex 8.43284 0.774996 2.68651
      vertex 8.41451 0.777389 2.65
    endloop
  endfacet
  facet normal -0.865519 -0.278296 0.416448
    outer loop
      vertex 8.43284 0.774996 2.68651
      vertex 8.41949 0.761881 2.65
      vertex 8.43284 0.747806 2.66834
    endloop
  endfacet
  facet normal -0.258372 -0.188582 0.94746
    outer loop
      vertex 8.71921 0.842391 2.90758
      vertex 8.66235 0.844379 2.89247
      vertex 8.71921 0.785769 2.89631
    endloop
  endfacet
  facet normal -0.258375 -0.0630842 0.963983
    outer loop
      vertex 8.71921 0.9 2.91135
      vertex 8.66235 0.844379 2.89247
      vertex 8.71921 0.842391 2.90758
    endloop
  endfacet
  facet normal -0.706357 -0.46672 0.532196
    outer loop
      vertex 8.46867 0.719377 2.70539
      vertex 8.46867 0.690197 2.6798
      vertex 8.51029 0.660766 2.70923
    endloop
  endfacet
  facet normal -0.706377 -0.532156 0.466736
    outer loop
      vertex 8.51029 0.660766 2.70923
      vertex 8.46867 0.664607 2.65062
      vertex 8.51029 0.631586 2.67596
    endloop
  endfacet
  facet normal -0.79428 -0.50451 0.33851
    outer loop
      vertex 8.46789 0.665419 2.65
      vertex 8.46867 0.664191 2.65
      vertex 8.46867 0.664607 2.65062
    endloop
  endfacet
  facet normal -0.705819 -0.588247 0.394695
    outer loop
      vertex 8.49154 0.63675 2.65
      vertex 8.46867 0.664607 2.65062
      vertex 8.46867 0.664191 2.65
    endloop
  endfacet
  facet normal -0.706369 -0.588663 0.393088
    outer loop
      vertex 8.46867 0.664607 2.65062
      vertex 8.49154 0.63675 2.65
      vertex 8.51029 0.631586 2.67596
    endloop
  endfacet
  facet normal -0.258311 -0.86646 0.427227
    outer loop
      vertex 8.70492 0.501978 2.65
      vertex 8.71921 0.517776 2.69068
      vertex 8.66235 0.53097 2.68306
    endloop
  endfacet
  facet normal -0.258356 -0.866442 0.427236
    outer loop
      vertex 8.71921 0.517776 2.69068
      vertex 8.70492 0.501978 2.65
      vertex 8.71921 0.497717 2.65
    endloop
  endfacet
  facet normal -0.130295 -0.889246 0.43848
    outer loop
      vertex 8.73086 0.49601 2.65
      vertex 8.71921 0.517776 2.69068
      vertex 8.71921 0.497717 2.65
    endloop
  endfacet
  facet normal -0.130226 -0.889246 0.4385
    outer loop
      vertex 8.71921 0.517776 2.69068
      vertex 8.73086 0.49601 2.65
      vertex 8.77757 0.511123 2.69452
    endloop
  endfacet
  facet normal -0.258267 -0.726298 0.637016
    outer loop
      vertex 8.66235 0.598688 2.77131
      vertex 8.71921 0.54985 2.73868
      vertex 8.71921 0.587915 2.78208
    endloop
  endfacet
  facet normal -0.130332 -0.745391 0.653763
    outer loop
      vertex 8.71921 0.587915 2.78208
      vertex 8.71921 0.54985 2.73868
      vertex 8.77757 0.582482 2.78752
    endloop
  endfacet
  facet normal 0.258316 -0.803239 0.536731
    outer loop
      vertex 8.89479 0.517776 2.69068
      vertex 8.95165 0.53097 2.68306
      vertex 8.89479 0.54985 2.73868
    endloop
  endfacet
  facet normal 0.258248 -0.726288 0.637036
    outer loop
      vertex 8.89479 0.54985 2.73868
      vertex 8.95165 0.561937 2.72941
      vertex 8.95165 0.598688 2.77131
    endloop
  endfacet
  facet normal 0.381973 -0.768393 0.513487
    outer loop
      vertex 8.95165 0.53097 2.68306
      vertex 9.00603 0.550478 2.6718
      vertex 9.00603 0.579808 2.71569
    endloop
  endfacet
  facet normal -0.865568 0.0976979 0.491169
    outer loop
      vertex 8.43284 0.964706 2.71149
      vertex 8.40341 0.925978 2.66733
      vertex 8.43284 0.932631 2.71787
    endloop
  endfacet
  facet normal -0.923683 0.0753719 0.375671
    outer loop
      vertex 8.39816 0.94823 2.65
      vertex 8.39776 0.943328 2.65
      vertex 8.40341 0.951512 2.66225
    endloop
  endfacet
  facet normal -0.79276 0.196009 0.577159
    outer loop
      vertex 8.46867 1.01354 2.74412
      vertex 8.43284 0.964706 2.71149
      vertex 8.46867 0.976792 2.7566
    endloop
  endfacet
  facet normal -0.923555 0.123318 0.363096
    outer loop
      vertex 8.3987 0.952315 2.65
      vertex 8.40341 0.976165 2.65388
      vertex 8.40167 0.974558 2.65
    endloop
  endfacet
  facet normal -0.923528 0.123301 0.36317
    outer loop
      vertex 8.40341 0.976165 2.65388
      vertex 8.3987 0.952315 2.65
      vertex 8.40341 0.951512 2.66225
    endloop
  endfacet
  facet normal -0.499227 0.777122 0.383214
    outer loop
      vertex 8.60797 1.26027 2.65
      vertex 8.58901 1.24809 2.65
      vertex 8.60797 1.24952 2.6718
    endloop
  endfacet
  facet normal -0.382063 0.828841 0.408718
    outer loop
      vertex 8.63858 1.27438 2.65
      vertex 8.60797 1.26027 2.65
      vertex 8.60797 1.24952 2.6718
    endloop
  endfacet
  facet normal -0.607951 0.660178 0.44109
    outer loop
      vertex 8.53854 1.21177 2.65
      vertex 8.51029 1.16841 2.67596
      vertex 8.55699 1.22403 2.65708
    endloop
  endfacet
  facet normal -0.60784 0.660188 0.441227
    outer loop
      vertex 8.51029 1.16841 2.67596
      vertex 8.53854 1.21177 2.65
      vertex 8.51029 1.18576 2.65
    endloop
  endfacet
  facet normal -0.607941 0.71216 0.35105
    outer loop
      vertex 8.55699 1.22752 2.65
      vertex 8.53854 1.21177 2.65
      vertex 8.55699 1.22403 2.65708
    endloop
  endfacet
  facet normal -0.607896 -0.0519148 0.792318
    outer loop
      vertex 8.55699 0.9 2.84416
      vertex 8.51029 0.9 2.80833
      vertex 8.55699 0.851162 2.84096
    endloop
  endfacet
  facet normal -0.607896 0.0519159 0.792318
    outer loop
      vertex 8.55699 0.948837 2.84096
      vertex 8.51029 0.9 2.80833
      vertex 8.55699 0.9 2.84416
    endloop
  endfacet
  facet normal -0.38196 0.609315 0.694868
    outer loop
      vertex 8.66235 1.1594 2.80806
      vertex 8.66235 1.20131 2.77131
      vertex 8.60797 1.14569 2.79019
    endloop
  endfacet
  facet normal -0.382035 0.609361 0.694787
    outer loop
      vertex 8.66235 1.20131 2.77131
      vertex 8.60797 1.18538 2.75538
      vertex 8.60797 1.14569 2.79019
    endloop
  endfacet
  facet normal -0.130396 0.318572 0.938887
    outer loop
      vertex 8.77757 1.01622 2.90374
      vertex 8.71921 1.0689 2.87776
      vertex 8.71921 1.01423 2.89631
    endloop
  endfacet
  facet normal -0.130276 0.318693 0.938863
    outer loop
      vertex 8.77757 1.07184 2.88486
      vertex 8.71921 1.0689 2.87776
      vertex 8.77757 1.01622 2.90374
    endloop
  endfacet
  facet normal -0.382019 0.297113 0.875092
    outer loop
      vertex 8.66235 1.06307 2.86368
      vertex 8.60797 1.00446 2.85984
      vertex 8.66235 1.01029 2.8816
    endloop
  endfacet
  facet normal -0.382019 0.180218 0.906412
    outer loop
      vertex 8.66235 1.01029 2.8816
      vertex 8.60797 1.00446 2.85984
      vertex 8.66235 0.955619 2.89247
    endloop
  endfacet
  facet normal 0.381981 -0.408712 0.828882
    outer loop
      vertex 8.95165 0.736931 2.86368
      vertex 8.95165 0.68694 2.83903
      vertex 9.00603 0.745551 2.84287
    endloop
  endfacet
  facet normal 0.258233 -0.427248 0.866473
    outer loop
      vertex 8.89479 0.679323 2.85222
      vertex 8.95165 0.68694 2.83903
      vertex 8.95165 0.736931 2.86368
    endloop
  endfacet
  facet normal 0.499212 -0.777099 0.383281
    outer loop
      vertex 9.05701 0.575966 2.65708
      vertex 9.04595 0.565369 2.65
      vertex 9.05701 0.572474 2.65
    endloop
  endfacet
  facet normal 0.499164 -0.777169 0.383201
    outer loop
      vertex 9.04595 0.565369 2.65
      vertex 9.00603 0.550478 2.6718
      vertex 9.00603 0.539729 2.65
    endloop
  endfacet
  facet normal 0.499195 -0.777098 0.383307
    outer loop
      vertex 9.00603 0.550478 2.6718
      vertex 9.04595 0.565369 2.65
      vertex 9.05701 0.575966 2.65708
    endloop
  endfacet
  facet normal 0.79428 -0.50451 0.33851
    outer loop
      vertex 9.14533 0.664607 2.65062
      vertex 9.14533 0.664191 2.65
      vertex 9.14611 0.665419 2.65
    endloop
  endfacet
  facet normal 0.865444 -0.278473 0.416485
    outer loop
      vertex 9.18116 0.774996 2.68651
      vertex 9.19451 0.761881 2.65
      vertex 9.1995 0.777389 2.65
    endloop
  endfacet
  facet normal 0.865519 -0.278296 0.416448
    outer loop
      vertex 9.19451 0.761881 2.65
      vertex 9.18116 0.774996 2.68651
      vertex 9.18116 0.747806 2.66834
    endloop
  endfacet
  facet normal 0.792759 -0.338668 0.50679
    outer loop
      vertex 9.14533 0.719377 2.70539
      vertex 9.18116 0.747806 2.66834
      vertex 9.18116 0.774996 2.68651
    endloop
  endfacet
  facet normal 0.258357 0.427339 0.866391
    outer loop
      vertex 8.95165 1.06307 2.86368
      vertex 8.89479 1.12068 2.85222
      vertex 8.89479 1.0689 2.87776
    endloop
  endfacet
  facet normal 0.25836 0.310407 0.914821
    outer loop
      vertex 8.89479 1.01423 2.89631
      vertex 8.95165 1.06307 2.86368
      vertex 8.89479 1.0689 2.87776
    endloop
  endfacet
  facet normal 0.13042 0.74534 0.653804
    outer loop
      vertex 8.89479 1.21208 2.78208
      vertex 8.89479 1.25015 2.73868
      vertex 8.83643 1.21752 2.78752
    endloop
  endfacet
  facet normal 0.130419 0.653645 0.745479
    outer loop
      vertex 8.83643 1.17336 2.82624
      vertex 8.89479 1.21208 2.78208
      vertex 8.83643 1.21752 2.78752
    endloop
  endfacet
  facet normal 0.923527 -0.123314 0.36317
    outer loop
      vertex 9.21059 0.848487 2.66225
      vertex 9.21233 0.825441 2.65
      vertex 9.2153 0.847684 2.65
    endloop
  endfacet
  facet normal 0.923554 -0.123281 0.363111
    outer loop
      vertex 9.21233 0.825441 2.65
      vertex 9.21059 0.848487 2.66225
      vertex 9.21059 0.823834 2.65388
    endloop
  endfacet
  facet normal 0.923386 -0.124324 0.363182
    outer loop
      vertex 9.21059 0.848487 2.66225
      vertex 9.2153 0.847684 2.65
      vertex 9.21585 0.851769 2.65
    endloop
  endfacet
  facet normal 0.923553 -0.16962 0.343918
    outer loop
      vertex 9.21059 0.823834 2.65388
      vertex 9.21059 0.815967 2.65
      vertex 9.21233 0.825441 2.65
    endloop
  endfacet
  facet normal 0.865585 -0.0327685 0.499689
    outer loop
      vertex 9.18116 0.867367 2.71787
      vertex 9.21059 0.9 2.66903
      vertex 9.18116 0.9 2.72001
    endloop
  endfacet
  facet normal 0.865585 0.0327705 0.499689
    outer loop
      vertex 9.18116 0.9 2.72001
      vertex 9.21059 0.9 2.66903
      vertex 9.18116 0.932631 2.71787
    endloop
  endfacet
  facet normal 0.706318 -0.138045 0.694304
    outer loop
      vertex 9.10371 0.812434 2.7968
      vertex 9.14533 0.861272 2.76417
      vertex 9.10371 0.855839 2.80543
    endloop
  endfacet
  facet normal 0.607969 -0.0520264 0.792255
    outer loop
      vertex 9.05701 0.851162 2.84096
      vertex 9.10371 0.855839 2.80543
      vertex 9.10371 0.9 2.80833
    endloop
  endfacet
  facet normal 0.499175 -0.169054 0.84985
    outer loop
      vertex 9.00603 0.795542 2.85984
      vertex 9.05701 0.851162 2.84096
      vertex 9.00603 0.847321 2.87014
    endloop
  endfacet
  facet normal 0.499193 -0.169075 0.849836
    outer loop
      vertex 9.00603 0.795542 2.85984
      vertex 9.05701 0.80316 2.83141
      vertex 9.05701 0.851162 2.84096
    endloop
  endfacet
  facet normal -0.13019 -0.653773 0.745407
    outer loop
      vertex 8.71921 0.631321 2.82015
      vertex 8.71921 0.587915 2.78208
      vertex 8.77757 0.626643 2.82624
    endloop
  endfacet
  facet normal -0.130342 -0.653643 0.745494
    outer loop
      vertex 8.77757 0.626643 2.82624
      vertex 8.71921 0.587915 2.78208
      vertex 8.77757 0.582482 2.78752
    endloop
  endfacet
  facet normal 0.258372 -0.188582 0.94746
    outer loop
      vertex 8.89479 0.785769 2.89631
      vertex 8.95165 0.844379 2.89247
      vertex 8.89479 0.842391 2.90758
    endloop
  endfacet
  facet normal 0.382019 -0.180231 0.906409
    outer loop
      vertex 8.95165 0.789712 2.8816
      vertex 9.00603 0.795542 2.85984
      vertex 8.95165 0.844379 2.89247
    endloop
  endfacet
  facet normal 0.865575 0.277873 0.416613
    outer loop
      vertex 9.18116 1.025 2.68651
      vertex 9.2055 1.00392 2.65
      vertex 9.1995 1.02261 2.65
    endloop
  endfacet
  facet normal 0.704537 0.587547 0.398016
    outer loop
      vertex 9.14533 1.13539 2.65062
      vertex 9.14533 1.13581 2.65
      vertex 9.14307 1.13852 2.65
    endloop
  endfacet
  facet normal 0.793522 0.503823 0.3413
    outer loop
      vertex 9.14533 1.13539 2.65062
      vertex 9.14573 1.13518 2.65
      vertex 9.14533 1.13581 2.65
    endloop
  endfacet
  facet normal 0.382063 0.828841 0.408718
    outer loop
      vertex 9.00603 1.24952 2.6718
      vertex 9.00603 1.26027 2.65
      vertex 8.97542 1.27438 2.65
    endloop
  endfacet
  facet normal 0.499227 0.777122 0.383214
    outer loop
      vertex 9.00603 1.24952 2.6718
      vertex 9.02499 1.24809 2.65
      vertex 9.00603 1.26027 2.65
    endloop
  endfacet
  facet normal -0.130127 -0.193283 0.972476
    outer loop
      vertex 8.71921 0.842391 2.90758
      vertex 8.77757 0.78378 2.90374
      vertex 8.77757 0.841389 2.91519
    endloop
  endfacet
  facet normal -0.130127 -0.0649888 0.989365
    outer loop
      vertex 8.77757 0.9 2.91904
      vertex 8.71921 0.842391 2.90758
      vertex 8.77757 0.841389 2.91519
    endloop
  endfacet
  facet normal -0.2582 -0.188409 0.947541
    outer loop
      vertex 8.66235 0.844379 2.89247
      vertex 8.66235 0.789712 2.8816
      vertex 8.71921 0.785769 2.89631
    endloop
  endfacet
  facet normal -0.382019 -0.180231 0.906409
    outer loop
      vertex 8.66235 0.844379 2.89247
      vertex 8.60797 0.795542 2.85984
      vertex 8.66235 0.789712 2.8816
    endloop
  endfacet
  facet normal -0.792715 -0.458286 0.401966
    outer loop
      vertex 8.46286 0.674109 2.65
      vertex 8.46867 0.690197 2.6798
      vertex 8.43633 0.719999 2.65
    endloop
  endfacet
  facet normal -0.792616 -0.458414 0.402016
    outer loop
      vertex 8.46867 0.690197 2.6798
      vertex 8.46286 0.674109 2.65
      vertex 8.46867 0.664607 2.65062
    endloop
  endfacet
  facet normal -0.794294 -0.459758 0.397138
    outer loop
      vertex 8.46286 0.674109 2.65
      vertex 8.46789 0.665419 2.65
      vertex 8.46867 0.664607 2.65062
    endloop
  endfacet
  facet normal 0.130332 -0.745391 0.653763
    outer loop
      vertex 8.83643 0.582482 2.78752
      vertex 8.89479 0.54985 2.73868
      vertex 8.89479 0.587915 2.78208
    endloop
  endfacet
  facet normal 0.258267 -0.726298 0.637016
    outer loop
      vertex 8.89479 0.587915 2.78208
      vertex 8.89479 0.54985 2.73868
      vertex 8.95165 0.598688 2.77131
    endloop
  endfacet
  facet normal -0.923594 0.0250656 0.382553
    outer loop
      vertex 8.39617 0.923697 2.65
      vertex 8.396 0.917433 2.65
      vertex 8.40341 0.925978 2.66733
    endloop
  endfacet
  facet normal -0.923636 0.0249016 0.382462
    outer loop
      vertex 8.40341 0.9 2.66903
      vertex 8.396 0.917433 2.65
      vertex 8.39553 0.9 2.65
    endloop
  endfacet
  facet normal -0.923589 0.0250351 0.382566
    outer loop
      vertex 8.396 0.917433 2.65
      vertex 8.40341 0.9 2.66903
      vertex 8.40341 0.925978 2.66733
    endloop
  endfacet
  facet normal -0.792718 0.269533 0.546763
    outer loop
      vertex 8.46867 1.04835 2.72696
      vertex 8.43284 0.995673 2.70098
      vertex 8.46867 1.01354 2.74412
    endloop
  endfacet
  facet normal -0.792798 0.269681 0.546574
    outer loop
      vertex 8.46867 1.04835 2.72696
      vertex 8.43284 1.025 2.68651
      vertex 8.43284 0.995673 2.70098
    endloop
  endfacet
  facet normal -0.792756 0.039889 0.608232
    outer loop
      vertex 8.46867 0.9 2.76671
      vertex 8.43284 0.932631 2.71787
      vertex 8.43284 0.9 2.72001
    endloop
  endfacet
  facet normal -0.792756 -0.0398865 0.608232
    outer loop
      vertex 8.43284 0.9 2.72001
      vertex 8.43284 0.867367 2.71787
      vertex 8.46867 0.9 2.76671
    endloop
  endfacet
  facet normal 0.258254 0.427252 0.866464
    outer loop
      vertex 8.95165 1.06307 2.86368
      vertex 8.95165 1.11306 2.83903
      vertex 8.89479 1.12068 2.85222
    endloop
  endfacet
  facet normal 0.381981 0.408719 0.828878
    outer loop
      vertex 9.00603 1.05445 2.84287
      vertex 8.95165 1.11306 2.83903
      vertex 8.95165 1.06307 2.86368
    endloop
  endfacet
  facet normal 0.865574 -0.277917 0.416586
    outer loop
      vertex 9.18116 0.774996 2.68651
      vertex 9.1995 0.777389 2.65
      vertex 9.2055 0.796076 2.65
    endloop
  endfacet
  facet normal 0.923593 -0.0748058 0.376006
    outer loop
      vertex 9.21059 0.874021 2.66733
      vertex 9.21624 0.856671 2.65
      vertex 9.21783 0.876302 2.65
    endloop
  endfacet
  facet normal 0.923592 -0.0748067 0.376007
    outer loop
      vertex 9.21624 0.856671 2.65
      vertex 9.21059 0.874021 2.66733
      vertex 9.21059 0.848487 2.66225
    endloop
  endfacet
  facet normal 0.865573 -0.0977158 0.491157
    outer loop
      vertex 9.18116 0.835293 2.71149
      vertex 9.21059 0.848487 2.66225
      vertex 9.21059 0.874021 2.66733
    endloop
  endfacet
  facet normal 0.2582 -0.188409 0.947541
    outer loop
      vertex 8.89479 0.785769 2.89631
      vertex 8.95165 0.789712 2.8816
      vertex 8.95165 0.844379 2.89247
    endloop
  endfacet
  facet normal 0.258203 -0.31059 0.914803
    outer loop
      vertex 8.89479 0.785769 2.89631
      vertex 8.95165 0.736931 2.86368
      vertex 8.95165 0.789712 2.8816
    endloop
  endfacet
  facet normal 0.258212 -0.0632612 0.964015
    outer loop
      vertex 8.89479 0.9 2.91135
      vertex 8.95165 0.844379 2.89247
      vertex 8.95165 0.9 2.89612
    endloop
  endfacet
  facet normal 0.382055 -0.0605144 0.922156
    outer loop
      vertex 8.95165 0.844379 2.89247
      vertex 9.00603 0.9 2.87359
      vertex 8.95165 0.9 2.89612
    endloop
  endfacet
  facet normal 0.923553 0.16962 0.343918
    outer loop
      vertex 9.21059 0.976165 2.65388
      vertex 9.21233 0.974558 2.65
      vertex 9.21059 0.984032 2.65
    endloop
  endfacet
  facet normal 0.865572 0.160997 0.4742
    outer loop
      vertex 9.21059 0.951512 2.66225
      vertex 9.21059 0.976165 2.65388
      vertex 9.18116 0.964706 2.71149
    endloop
  endfacet
  facet normal 0.865608 0.221284 0.449173
    outer loop
      vertex 9.18116 0.995673 2.70098
      vertex 9.21059 0.984032 2.65
      vertex 9.20676 0.999014 2.65
    endloop
  endfacet
  facet normal 0.865585 0.221501 0.449111
    outer loop
      vertex 9.21059 0.984032 2.65
      vertex 9.18116 0.995673 2.70098
      vertex 9.21059 0.976165 2.65388
    endloop
  endfacet
  facet normal 0.865585 0.160939 0.474195
    outer loop
      vertex 9.18116 0.964706 2.71149
      vertex 9.21059 0.976165 2.65388
      vertex 9.18116 0.995673 2.70098
    endloop
  endfacet
  facet normal -0.865585 0.160939 0.474195
    outer loop
      vertex 8.43284 0.995673 2.70098
      vertex 8.40341 0.976165 2.65388
      vertex 8.43284 0.964706 2.71149
    endloop
  endfacet
  facet normal -0.865608 0.221284 0.449173
    outer loop
      vertex 8.40341 0.984032 2.65
      vertex 8.43284 0.995673 2.70098
      vertex 8.40724 0.999014 2.65
    endloop
  endfacet
  facet normal -0.865585 0.221501 0.449111
    outer loop
      vertex 8.43284 0.995673 2.70098
      vertex 8.40341 0.984032 2.65
      vertex 8.40341 0.976165 2.65388
    endloop
  endfacet
  facet normal -0.607969 -0.0520264 0.792255
    outer loop
      vertex 8.51029 0.9 2.80833
      vertex 8.51029 0.855839 2.80543
      vertex 8.55699 0.851162 2.84096
    endloop
  endfacet
  facet normal -0.792754 -0.0398914 0.608234
    outer loop
      vertex 8.46867 0.9 2.76671
      vertex 8.43284 0.867367 2.71787
      vertex 8.46867 0.861272 2.76417
    endloop
  endfacet
  facet normal 0.258375 0.0630863 0.963983
    outer loop
      vertex 8.89479 0.9 2.91135
      vertex 8.95165 0.955619 2.89247
      vertex 8.89479 0.957607 2.90758
    endloop
  endfacet
  facet normal 0.130365 0.0647464 0.98935
    outer loop
      vertex 8.89479 0.9 2.91135
      vertex 8.89479 0.957607 2.90758
      vertex 8.83643 0.9 2.91904
    endloop
  endfacet
  facet normal 0.865573 0.0977158 0.491157
    outer loop
      vertex 9.21059 0.925978 2.66733
      vertex 9.21059 0.951512 2.66225
      vertex 9.18116 0.964706 2.71149
    endloop
  endfacet
  facet normal 0.923592 0.0748067 0.376007
    outer loop
      vertex 9.21059 0.925978 2.66733
      vertex 9.21624 0.943328 2.65
      vertex 9.21059 0.951512 2.66225
    endloop
  endfacet
  facet normal 0.923593 0.0748058 0.376006
    outer loop
      vertex 9.21624 0.943328 2.65
      vertex 9.21059 0.925978 2.66733
      vertex 9.21783 0.923697 2.65
    endloop
  endfacet
  facet normal -0.706316 -0.0463283 0.706379
    outer loop
      vertex 8.46867 0.9 2.76671
      vertex 8.46867 0.861272 2.76417
      vertex 8.51029 0.855839 2.80543
    endloop
  endfacet
  facet normal -0.706318 -0.138045 0.694304
    outer loop
      vertex 8.51029 0.855839 2.80543
      vertex 8.46867 0.861272 2.76417
      vertex 8.51029 0.812434 2.7968
    endloop
  endfacet
  facet normal -0.706675 -0.58792 0.39365
    outer loop
      vertex 3.96867 1.60461 10.9806
      vertex 3.96867 1.58305 10.9484
      vertex 4.01029 1.57159 11.006
    endloop
  endfacet
  facet normal -0.706208 -0.531795 0.467403
    outer loop
      vertex 3.96867 1.6302 11.0098
      vertex 4.01029 1.57159 11.006
      vertex 4.01029 1.60077 11.0392
    endloop
  endfacet
  facet normal 0.499336 -0.481051 -0.720592
    outer loop
      vertex 4.50603 1.59431 10.4798
      vertex 4.50603 1.6382 10.4505
      vertex 4.55701 1.65292 10.476
    endloop
  endfacet
  facet normal 0.129719 -0.439234 0.888958
    outer loop
      vertex 4.38314 1.66 11.204
      vertex 4.39479 1.61932 11.1822
      vertex 4.39479 1.66 11.2023
    endloop
  endfacet
  facet normal 0.130934 -0.438884 0.888953
    outer loop
      vertex 4.39479 1.61932 11.1822
      vertex 4.38314 1.66 11.204
      vertex 4.33643 1.61548 11.1889
    endloop
  endfacet
  facet normal 0.25856 -0.803216 0.536648
    outer loop
      vertex 4.39479 1.48985 11.0687
      vertex 4.39479 1.45778 11.0207
      vertex 4.45165 1.50194 11.0594
    endloop
  endfacet
  facet normal -0.258411 -0.947468 0.188489
    outer loop
      vertex 4.21921 1.41368 10.9142
      vertex 4.16235 1.41753 10.8556
      vertex 4.21921 1.40242 10.8576
    endloop
  endfacet
  facet normal -0.499053 -0.571303 0.651581
    outer loop
      vertex 4.10797 1.59431 11.1202
      vertex 4.05699 1.57543 11.0646
      vertex 4.10797 1.55462 11.0854
    endloop
  endfacet
  facet normal -0.499786 -0.384503 0.776126
    outer loop
      vertex 4.06806 1.66 11.1346
      vertex 4.10797 1.6382 11.1495
      vertex 4.10797 1.66 11.1603
    endloop
  endfacet
  facet normal -0.49932 -0.382908 0.777214
    outer loop
      vertex 4.10797 1.6382 11.1495
      vertex 4.06806 1.66 11.1346
      vertex 4.05699 1.65292 11.124
    endloop
  endfacet
  facet normal -0.499515 -0.820174 0.278925
    outer loop
      vertex 4.10797 1.46713 10.9544
      vertex 4.05699 1.47859 10.8968
      vertex 4.10797 1.45016 10.9045
    endloop
  endfacet
  facet normal -0.130283 -0.972417 -0.193471
    outer loop
      vertex 4.21921 1.40242 10.7424
      vertex 4.27757 1.40626 10.6838
      vertex 4.27757 1.3948 10.7414
    endloop
  endfacet
  facet normal 0 -0.831736 0.555171
    outer loop
      vertex 4.27757 1.45112 11.0245
      vertex 4.33643 1.48376 11.0734
      vertex 4.27757 1.48376 11.0734
    endloop
  endfacet
  facet normal 0 -0.831736 0.555171
    outer loop
      vertex 4.33643 1.48376 11.0734
      vertex 4.27757 1.45112 11.0245
      vertex 4.33643 1.45112 11.0245
    endloop
  endfacet
  facet normal 0.381203 -0.408824 -0.829185
    outer loop
      vertex 4.45165 1.62694 10.431
      vertex 4.45165 1.66 10.4147
      vertex 4.48232 1.66 10.4288
    endloop
  endfacet
  facet normal 0.12998 -0.745383 -0.653842
    outer loop
      vertex 4.39479 1.48985 10.5313
      vertex 4.33643 1.52248 10.4825
      vertex 4.39479 1.52792 10.4879
    endloop
  endfacet
  facet normal 0 -0.980777 -0.195134
    outer loop
      vertex 4.27757 1.40626 10.6838
      vertex 4.33643 1.3948 10.7414
      vertex 4.27757 1.3948 10.7414
    endloop
  endfacet
  facet normal 0 -0.980777 -0.195134
    outer loop
      vertex 4.33643 1.3948 10.7414
      vertex 4.27757 1.40626 10.6838
      vertex 4.33643 1.40626 10.6838
    endloop
  endfacet
  facet normal 0.130283 -0.972417 0.193471
    outer loop
      vertex 4.33643 1.3948 10.8586
      vertex 4.39479 1.40242 10.8576
      vertex 4.33643 1.40626 10.9162
    endloop
  endfacet
  facet normal -0.792778 -0.597817 -0.118818
    outer loop
      vertex 3.93284 1.59851 10.7353
      vertex 3.96867 1.5534 10.7232
      vertex 3.93284 1.59213 10.7674
    endloop
  endfacet
  facet normal -0.258576 -0.636347 0.726775
    outer loop
      vertex 4.21921 1.57132 11.1501
      vertex 4.16235 1.53869 11.1013
      vertex 4.21921 1.52792 11.1121
    endloop
  endfacet
  facet normal -0.792731 -0.402572 -0.457727
    outer loop
      vertex 3.95013 1.66 10.5961
      vertex 3.96867 1.6302 10.5902
      vertex 3.93633 1.66 10.62
    endloop
  endfacet
  facet normal -0.499224 -0.864622 0.0566024
    outer loop
      vertex 4.05699 1.46904 10.8488
      vertex 4.10797 1.43641 10.8
      vertex 4.10797 1.43986 10.8527
    endloop
  endfacet
  facet normal 0.499624 -0.570512 0.651837
    outer loop
      vertex 4.50603 1.59431 11.1202
      vertex 4.55701 1.57543 11.0646
      vertex 4.55701 1.61222 11.0968
    endloop
  endfacet
  facet normal -0.130291 -0.938901 -0.318574
    outer loop
      vertex 4.21921 1.41368 10.6858
      vertex 4.21921 1.43224 10.6311
      vertex 4.27757 1.40626 10.6838
    endloop
  endfacet
  facet normal 0.38184 -0.906482 0.180246
    outer loop
      vertex 4.45165 1.41753 10.8556
      vertex 4.50603 1.43986 10.8527
      vertex 4.50603 1.45016 10.9045
    endloop
  endfacet
  facet normal -0.706343 -0.588564 -0.393282
    outer loop
      vertex 3.96867 1.58305 10.6516
      vertex 4.01029 1.57159 10.594
      vertex 4.01029 1.547 10.6308
    endloop
  endfacet
  facet normal -0.607808 -0.660248 -0.441182
    outer loop
      vertex 4.01029 1.547 10.6308
      vertex 4.01029 1.57159 10.594
      vertex 4.05699 1.51597 10.6129
    endloop
  endfacet
  facet normal 0.258546 -0.7262 -0.637015
    outer loop
      vertex 4.39479 1.48985 10.5313
      vertex 4.39479 1.52792 10.4879
      vertex 4.45165 1.53869 10.4987
    endloop
  endfacet
  facet normal 0.382055 -0.922155 0.0605371
    outer loop
      vertex 4.45165 1.41753 10.8556
      vertex 4.45165 1.41388 10.8
      vertex 4.50603 1.43641 10.8
    endloop
  endfacet
  facet normal 0.381881 -0.87518 0.297031
    outer loop
      vertex 4.45165 1.4284 10.9103
      vertex 4.50603 1.45016 10.9045
      vertex 4.45165 1.44632 10.9631
    endloop
  endfacet
  facet normal 0.38172 -0.609849 0.694532
    outer loop
      vertex 4.45165 1.53869 11.1013
      vertex 4.50603 1.55462 11.0854
      vertex 4.45165 1.5806 11.1381
    endloop
  endfacet
  facet normal 0.499321 -0.849761 0.169067
    outer loop
      vertex 4.50603 1.43986 10.8527
      vertex 4.55701 1.46904 10.8488
      vertex 4.55701 1.47859 10.8968
    endloop
  endfacet
  facet normal 0 -0.751457 -0.659782
    outer loop
      vertex 4.27757 1.52248 10.4825
      vertex 4.33643 1.48376 10.5266
      vertex 4.27757 1.48376 10.5266
    endloop
  endfacet
  facet normal 0 -0.751457 -0.659782
    outer loop
      vertex 4.33643 1.48376 10.5266
      vertex 4.27757 1.52248 10.4825
      vertex 4.33643 1.52248 10.4825
    endloop
  endfacet
  facet normal -0.499336 -0.481051 -0.720592
    outer loop
      vertex 4.05699 1.65292 10.476
      vertex 4.10797 1.6382 10.4505
      vertex 4.10797 1.59431 10.4798
    endloop
  endfacet
  facet normal 0.129951 -0.82444 -0.550829
    outer loop
      vertex 4.33643 1.45112 10.5755
      vertex 4.39479 1.48985 10.5313
      vertex 4.39479 1.45778 10.5793
    endloop
  endfacet
  facet normal -0.607808 -0.660248 0.441182
    outer loop
      vertex 4.01029 1.57159 11.006
      vertex 4.01029 1.547 10.9692
      vertex 4.05699 1.51597 10.9871
    endloop
  endfacet
  facet normal -0.499103 -0.777172 0.383275
    outer loop
      vertex 4.05699 1.51597 10.9871
      vertex 4.05699 1.49432 10.9432
      vertex 4.10797 1.49048 11.0018
    endloop
  endfacet
  facet normal 0 -0.441399 0.897311
    outer loop
      vertex 4.27757 1.66 11.2108
      vertex 4.33643 1.61548 11.1889
      vertex 4.33643 1.66 11.2108
    endloop
  endfacet
  facet normal 0 -0.441399 0.897311
    outer loop
      vertex 4.33643 1.61548 11.1889
      vertex 4.27757 1.66 11.2108
      vertex 4.27757 1.61548 11.1889
    endloop
  endfacet
  facet normal 0.499065 -0.651566 0.57131
    outer loop
      vertex 4.50603 1.55462 11.0854
      vertex 4.50603 1.51981 11.0457
      vertex 4.55701 1.57543 11.0646
    endloop
  endfacet
  facet normal 0 -0.556348 0.830949
    outer loop
      vertex 4.27757 1.61548 11.1889
      vertex 4.33643 1.56664 11.1562
      vertex 4.33643 1.61548 11.1889
    endloop
  endfacet
  facet normal 0 -0.556348 0.830949
    outer loop
      vertex 4.33643 1.56664 11.1562
      vertex 4.27757 1.61548 11.1889
      vertex 4.27757 1.56664 11.1562
    endloop
  endfacet
  facet normal -0.499065 -0.651566 0.57131
    outer loop
      vertex 4.05699 1.57543 11.0646
      vertex 4.10797 1.51981 11.0457
      vertex 4.10797 1.55462 11.0854
    endloop
  endfacet
  facet normal -0.258546 -0.7262 0.637015
    outer loop
      vertex 4.16235 1.53869 11.1013
      vertex 4.21921 1.48985 11.0687
      vertex 4.21921 1.52792 11.1121
    endloop
  endfacet
  facet normal -0.258389 -0.537021 0.803022
    outer loop
      vertex 4.16235 1.62694 11.169
      vertex 4.21921 1.57132 11.1501
      vertex 4.21921 1.61932 11.1822
    endloop
  endfacet
  facet normal -0.79247 -0.402267 0.458445
    outer loop
      vertex 3.96867 1.6302 11.0098
      vertex 3.96789 1.66 11.0346
      vertex 3.95013 1.66 11.0039
    endloop
  endfacet
  facet normal -0.791532 -0.403032 0.459394
    outer loop
      vertex 3.96789 1.66 11.0346
      vertex 3.96867 1.6302 11.0098
      vertex 3.96867 1.65938 11.0354
    endloop
  endfacet
  facet normal -0.498442 -0.384183 0.777148
    outer loop
      vertex 4.05699 1.66 11.1275
      vertex 4.05699 1.65292 11.124
      vertex 4.06806 1.66 11.1346
    endloop
  endfacet
  facet normal -0.865575 -0.491171 -0.0976222
    outer loop
      vertex 3.90341 1.64775 10.7485
      vertex 3.93284 1.59851 10.7353
      vertex 3.93284 1.59213 10.7674
    endloop
  endfacet
  facet normal -0.792889 -0.54637 -0.269829
    outer loop
      vertex 3.93284 1.62349 10.675
      vertex 3.96867 1.58305 10.6516
      vertex 3.93284 1.60902 10.7043
    endloop
  endfacet
  facet normal -0.792591 -0.577289 -0.19631
    outer loop
      vertex 3.93284 1.60902 10.7043
      vertex 3.96867 1.56588 10.6865
      vertex 3.96867 1.5534 10.7232
    endloop
  endfacet
  facet normal 0.258483 -0.427186 -0.866428
    outer loop
      vertex 4.45165 1.62694 10.431
      vertex 4.40908 1.66 10.402
      vertex 4.45165 1.66 10.4147
    endloop
  endfacet
  facet normal 0.9236 -0.382547 0.0249225
    outer loop
      vertex 4.71059 1.64267 10.826
      vertex 4.718 1.66 10.8174
      vertex 4.71783 1.66 10.8237
    endloop
  endfacet
  facet normal 0.923613 -0.382509 0.0250102
    outer loop
      vertex 4.71059 1.64097 10.8
      vertex 4.718 1.66 10.8174
      vertex 4.71059 1.64267 10.826
    endloop
  endfacet
  facet normal 0.923451 -0.382871 0.0254745
    outer loop
      vertex 4.718 1.66 10.8174
      vertex 4.71059 1.64097 10.8
      vertex 4.71848 1.66 10.8
    endloop
  endfacet
  facet normal 0.499103 -0.777172 -0.383275
    outer loop
      vertex 4.55701 1.49432 10.6568
      vertex 4.50603 1.49048 10.5982
      vertex 4.55701 1.51597 10.6129
    endloop
  endfacet
  facet normal -0.130382 -0.824636 -0.550432
    outer loop
      vertex 4.21921 1.48985 10.5313
      vertex 4.27757 1.48376 10.5266
      vertex 4.27757 1.45112 10.5755
    endloop
  endfacet
  facet normal -0.12998 -0.745383 -0.653842
    outer loop
      vertex 4.21921 1.52792 10.4879
      vertex 4.27757 1.52248 10.4825
      vertex 4.21921 1.48985 10.5313
    endloop
  endfacet
  facet normal -0.257181 -0.536122 -0.804009
    outer loop
      vertex 4.16235 1.5806 10.4619
      vertex 4.16235 1.62694 10.431
      vertex 4.21921 1.57132 10.4499
    endloop
  endfacet
  facet normal -0.257307 -0.637595 -0.726131
    outer loop
      vertex 4.16235 1.5806 10.4619
      vertex 4.21921 1.57132 10.4499
      vertex 4.16235 1.53869 10.4987
    endloop
  endfacet
  facet normal 0.792889 -0.54637 0.269829
    outer loop
      vertex 4.64533 1.58305 10.9484
      vertex 4.68116 1.60902 10.8957
      vertex 4.68116 1.62349 10.925
    endloop
  endfacet
  facet normal 0.382055 -0.922155 -0.0605371
    outer loop
      vertex 4.45165 1.41388 10.8
      vertex 4.45165 1.41753 10.7444
      vertex 4.50603 1.43641 10.8
    endloop
  endfacet
  facet normal 0.792731 -0.402572 0.457727
    outer loop
      vertex 4.64533 1.6302 11.0098
      vertex 4.67767 1.66 10.98
      vertex 4.66387 1.66 11.0039
    endloop
  endfacet
  facet normal 0.130428 -0.745038 0.654146
    outer loop
      vertex 4.33643 1.48376 11.0734
      vertex 4.39479 1.48985 11.0687
      vertex 4.33643 1.52248 11.1175
    endloop
  endfacet
  facet normal 0.607913 -0.7923 0.0519835
    outer loop
      vertex 4.55701 1.46904 10.8488
      vertex 4.60371 1.50167 10.8
      vertex 4.60371 1.50457 10.8442
    endloop
  endfacet
  facet normal 0.258136 -0.914854 0.310496
    outer loop
      vertex 4.39479 1.41368 10.9142
      vertex 4.45165 1.4284 10.9103
      vertex 4.45165 1.44632 10.9631
    endloop
  endfacet
  facet normal 0.38184 -0.906482 -0.180246
    outer loop
      vertex 4.45165 1.41753 10.7444
      vertex 4.50603 1.45016 10.6955
      vertex 4.50603 1.43986 10.7473
    endloop
  endfacet
  facet normal -0.258212 -0.964013 0.063285
    outer loop
      vertex 4.16235 1.41388 10.8
      vertex 4.21921 1.39865 10.8
      vertex 4.16235 1.41753 10.8556
    endloop
  endfacet
  facet normal 0.865586 -0.474245 -0.160785
    outer loop
      vertex 4.68116 1.59851 10.7353
      vertex 4.68116 1.60902 10.7043
      vertex 4.71059 1.64775 10.7485
    endloop
  endfacet
  facet normal 0.499394 -0.849739 -0.168964
    outer loop
      vertex 4.50603 1.43986 10.7473
      vertex 4.50603 1.45016 10.6955
      vertex 4.55701 1.47859 10.7032
    endloop
  endfacet
  facet normal -0.258079 -0.803035 -0.537149
    outer loop
      vertex 4.16235 1.47097 10.5869
      vertex 4.16235 1.50194 10.5406
      vertex 4.21921 1.45778 10.5793
    endloop
  endfacet
  facet normal -0.130428 -0.745038 -0.654146
    outer loop
      vertex 4.21921 1.48985 10.5313
      vertex 4.27757 1.52248 10.4825
      vertex 4.27757 1.48376 10.5266
    endloop
  endfacet
  facet normal -0.607805 -0.778838 -0.15487
    outer loop
      vertex 4.01029 1.50457 10.7558
      vertex 4.01029 1.5132 10.7124
      vertex 4.05699 1.46904 10.7512
    endloop
  endfacet
  facet normal 0 -0.99786 -0.0653888
    outer loop
      vertex 4.27757 1.3948 10.7414
      vertex 4.33643 1.39096 10.8
      vertex 4.27757 1.39096 10.8
    endloop
  endfacet
  facet normal 0 -0.99786 -0.0653888
    outer loop
      vertex 4.33643 1.39096 10.8
      vertex 4.27757 1.3948 10.7414
      vertex 4.33643 1.3948 10.7414
    endloop
  endfacet
  facet normal -0.706706 -0.634838 0.312326
    outer loop
      vertex 3.96867 1.58305 10.9484
      vertex 3.96867 1.56588 10.9135
      vertex 4.01029 1.52742 10.9295
    endloop
  endfacet
  facet normal -0.382502 -0.828844 0.408302
    outer loop
      vertex 4.10797 1.49048 11.0018
      vertex 4.10797 1.46713 10.9544
      vertex 4.16235 1.44632 10.9631
    endloop
  endfacet
  facet normal -0.499037 -0.651554 0.571349
    outer loop
      vertex 4.05699 1.57543 11.0646
      vertex 4.05699 1.54316 11.0278
      vertex 4.10797 1.51981 11.0457
    endloop
  endfacet
  facet normal -0.382289 -0.609193 0.694795
    outer loop
      vertex 4.10797 1.59431 11.1202
      vertex 4.10797 1.55462 11.0854
      vertex 4.16235 1.5806 11.1381
    endloop
  endfacet
  facet normal -0.865551 -0.499753 0.0326762
    outer loop
      vertex 3.90341 1.64267 10.826
      vertex 3.90341 1.64097 10.8
      vertex 3.93284 1.59213 10.8326
    endloop
  endfacet
  facet normal -0.706168 -0.467054 0.532154
    outer loop
      vertex 4.01029 1.63404 11.0684
      vertex 3.96867 1.6302 11.0098
      vertex 4.01029 1.60077 11.0392
    endloop
  endfacet
  facet normal 0.49878 -0.384097 0.776973
    outer loop
      vertex 4.54595 1.66 11.1346
      vertex 4.55701 1.65292 11.124
      vertex 4.55701 1.66 11.1275
    endloop
  endfacet
  facet normal 0.791532 -0.403032 0.459394
    outer loop
      vertex 4.64533 1.6302 11.0098
      vertex 4.64611 1.66 11.0346
      vertex 4.64533 1.65938 11.0354
    endloop
  endfacet
  facet normal 0.79247 -0.402267 0.458445
    outer loop
      vertex 4.64611 1.66 11.0346
      vertex 4.64533 1.6302 11.0098
      vertex 4.66387 1.66 11.0039
    endloop
  endfacet
  facet normal 0.129529 -0.437681 0.889751
    outer loop
      vertex 4.33643 1.66 11.2108
      vertex 4.33643 1.61548 11.1889
      vertex 4.38314 1.66 11.204
    endloop
  endfacet
  facet normal 0.381748 -0.694862 0.609455
    outer loop
      vertex 4.45165 1.53869 11.1013
      vertex 4.45165 1.50194 11.0594
      vertex 4.50603 1.55462 11.0854
    endloop
  endfacet
  facet normal 0.49908 -0.720538 0.481398
    outer loop
      vertex 4.50603 1.49048 11.0018
      vertex 4.55701 1.51597 10.9871
      vertex 4.50603 1.51981 11.0457
    endloop
  endfacet
  facet normal 0.12998 -0.745383 0.653842
    outer loop
      vertex 4.33643 1.52248 11.1175
      vertex 4.39479 1.48985 11.0687
      vertex 4.39479 1.52792 11.1121
    endloop
  endfacet
  facet normal -0.12991 -0.653168 0.745986
    outer loop
      vertex 4.21921 1.57132 11.1501
      vertex 4.21921 1.52792 11.1121
      vertex 4.27757 1.52248 11.1175
    endloop
  endfacet
  facet normal -0.130035 -0.889291 0.438465
    outer loop
      vertex 4.21921 1.45778 11.0207
      vertex 4.21921 1.43224 10.9689
      vertex 4.27757 1.45112 11.0245
    endloop
  endfacet
  facet normal 0.130341 -0.653461 0.745654
    outer loop
      vertex 4.33643 1.56664 11.1562
      vertex 4.33643 1.52248 11.1175
      vertex 4.39479 1.57132 11.1501
    endloop
  endfacet
  facet normal -0.130341 -0.653461 0.745654
    outer loop
      vertex 4.21921 1.57132 11.1501
      vertex 4.27757 1.52248 11.1175
      vertex 4.27757 1.56664 11.1562
    endloop
  endfacet
  facet normal -0.257307 -0.637595 0.726131
    outer loop
      vertex 4.16235 1.5806 11.1381
      vertex 4.16235 1.53869 11.1013
      vertex 4.21921 1.57132 11.1501
    endloop
  endfacet
  facet normal -0.607768 -0.523008 0.597561
    outer loop
      vertex 4.01029 1.63404 11.0684
      vertex 4.05699 1.57543 11.0646
      vertex 4.05699 1.61222 11.0968
    endloop
  endfacet
  facet normal -0.499662 -0.481309 0.720194
    outer loop
      vertex 4.05699 1.65292 11.124
      vertex 4.05699 1.61222 11.0968
      vertex 4.10797 1.59431 11.1202
    endloop
  endfacet
  facet normal -0.86552 -0.491222 0.0978592
    outer loop
      vertex 3.90341 1.64775 10.8515
      vertex 3.90341 1.64267 10.826
      vertex 3.93284 1.59213 10.8326
    endloop
  endfacet
  facet normal -0.923717 -0.375627 -0.0751748
    outer loop
      vertex 3.90341 1.64775 10.7485
      vertex 3.89663 1.66 10.7706
      vertex 3.89816 1.66 10.7518
    endloop
  endfacet
  facet normal -0.923576 -0.376027 -0.0749104
    outer loop
      vertex 3.89663 1.66 10.7706
      vertex 3.90341 1.64775 10.7485
      vertex 3.90341 1.64267 10.774
    endloop
  endfacet
  facet normal -0.792798 -0.577213 -0.195694
    outer loop
      vertex 3.93284 1.59851 10.7353
      vertex 3.93284 1.60902 10.7043
      vertex 3.96867 1.5534 10.7232
    endloop
  endfacet
  facet normal 0.865671 -0.376282 -0.330192
    outer loop
      vertex 4.68116 1.64166 10.6478
      vertex 4.68116 1.66 10.6269
      vertex 4.69451 1.66 10.6619
    endloop
  endfacet
  facet normal 0.792917 -0.506678 -0.338468
    outer loop
      vertex 4.64533 1.58305 10.6516
      vertex 4.68116 1.64166 10.6478
      vertex 4.68116 1.62349 10.675
    endloop
  endfacet
  facet normal 0.706716 -0.532085 -0.466303
    outer loop
      vertex 4.60371 1.57159 10.594
      vertex 4.64533 1.6302 10.5902
      vertex 4.64533 1.60461 10.6194
    endloop
  endfacet
  facet normal 0.792675 -0.506576 -0.339186
    outer loop
      vertex 4.64533 1.58305 10.6516
      vertex 4.64533 1.60461 10.6194
      vertex 4.68116 1.64166 10.6478
    endloop
  endfacet
  facet normal 0.86552 -0.491222 0.0978592
    outer loop
      vertex 4.68116 1.59213 10.8326
      vertex 4.71059 1.64267 10.826
      vertex 4.71059 1.64775 10.8515
    endloop
  endfacet
  facet normal 0.865551 -0.499753 -0.0326762
    outer loop
      vertex 4.71059 1.64097 10.8
      vertex 4.68116 1.59213 10.7674
      vertex 4.71059 1.64267 10.774
    endloop
  endfacet
  facet normal 0.709477 -0.382052 0.592181
    outer loop
      vertex 4.62246 1.66 11.0632
      vertex 4.64533 1.65938 11.0354
      vertex 4.64533 1.66 11.0358
    endloop
  endfacet
  facet normal 0.706169 -0.391924 0.589679
    outer loop
      vertex 4.64533 1.65938 11.0354
      vertex 4.62246 1.66 11.0632
      vertex 4.60371 1.63404 11.0684
    endloop
  endfacet
  facet normal 0.381886 -0.513144 0.768665
    outer loop
      vertex 4.45165 1.62694 11.169
      vertex 4.50603 1.59431 11.1202
      vertex 4.50603 1.6382 11.1495
    endloop
  endfacet
  facet normal -0.790975 -0.331699 -0.514134
    outer loop
      vertex 3.96789 1.66 10.5654
      vertex 3.96867 1.66 10.5642
      vertex 3.96867 1.65938 10.5646
    endloop
  endfacet
  facet normal -0.71076 -0.381351 -0.591094
    outer loop
      vertex 3.99154 1.66 10.5367
      vertex 3.96867 1.65938 10.5646
      vertex 3.96867 1.66 10.5642
    endloop
  endfacet
  facet normal -0.70628 -0.394661 -0.587717
    outer loop
      vertex 3.96867 1.65938 10.5646
      vertex 3.99154 1.66 10.5367
      vertex 4.01029 1.63404 10.5316
    endloop
  endfacet
  facet normal -0.382304 -0.51264 -0.768794
    outer loop
      vertex 4.10797 1.59431 10.4798
      vertex 4.16235 1.62694 10.431
      vertex 4.16235 1.5806 10.4619
    endloop
  endfacet
  facet normal 0 -0.831736 -0.555171
    outer loop
      vertex 4.27757 1.48376 10.5266
      vertex 4.33643 1.45112 10.5755
      vertex 4.27757 1.45112 10.5755
    endloop
  endfacet
  facet normal 0 -0.831736 -0.555171
    outer loop
      vertex 4.33643 1.45112 10.5755
      vertex 4.27757 1.48376 10.5266
      vertex 4.33643 1.48376 10.5266
    endloop
  endfacet
  facet normal -0.607859 -0.660261 -0.441093
    outer loop
      vertex 4.01029 1.57159 10.594
      vertex 4.05699 1.54316 10.5722
      vertex 4.05699 1.51597 10.6129
    endloop
  endfacet
  facet normal -0.258389 -0.537021 -0.803022
    outer loop
      vertex 4.16235 1.62694 10.431
      vertex 4.21921 1.61932 10.4178
      vertex 4.21921 1.57132 10.4499
    endloop
  endfacet
  facet normal -0.130873 -0.551117 -0.824101
    outer loop
      vertex 4.21921 1.61932 10.4178
      vertex 4.27757 1.61548 10.4111
      vertex 4.21921 1.57132 10.4499
    endloop
  endfacet
  facet normal 0.257307 -0.637595 -0.726131
    outer loop
      vertex 4.45165 1.53869 10.4987
      vertex 4.39479 1.57132 10.4499
      vertex 4.45165 1.5806 10.4619
    endloop
  endfacet
  facet normal 0.380889 -0.41046 -0.828521
    outer loop
      vertex 4.50603 1.6382 10.4505
      vertex 4.48232 1.66 10.4288
      vertex 4.50603 1.66 10.4397
    endloop
  endfacet
  facet normal 0.381891 -0.409421 -0.828573
    outer loop
      vertex 4.48232 1.66 10.4288
      vertex 4.50603 1.6382 10.4505
      vertex 4.45165 1.62694 10.431
    endloop
  endfacet
  facet normal 0.792758 -0.608228 0.0399266
    outer loop
      vertex 4.64533 1.54583 10.8387
      vertex 4.68116 1.58999 10.8
      vertex 4.68116 1.59213 10.8326
    endloop
  endfacet
  facet normal 0.606507 -0.352345 0.712743
    outer loop
      vertex 4.55701 1.65292 11.124
      vertex 4.57546 1.66 11.1118
      vertex 4.55701 1.66 11.1275
    endloop
  endfacet
  facet normal 0.258546 -0.7262 0.637015
    outer loop
      vertex 4.39479 1.52792 11.1121
      vertex 4.39479 1.48985 11.0687
      vertex 4.45165 1.53869 11.1013
    endloop
  endfacet
  facet normal 0.607815 -0.712181 0.351224
    outer loop
      vertex 4.55701 1.49432 10.9432
      vertex 4.60371 1.52742 10.9295
      vertex 4.55701 1.51597 10.9871
    endloop
  endfacet
  facet normal 0.607859 -0.660261 0.441093
    outer loop
      vertex 4.55701 1.54316 11.0278
      vertex 4.55701 1.51597 10.9871
      vertex 4.60371 1.57159 11.006
    endloop
  endfacet
  facet normal 0.499103 -0.777172 0.383275
    outer loop
      vertex 4.50603 1.49048 11.0018
      vertex 4.55701 1.49432 10.9432
      vertex 4.55701 1.51597 10.9871
    endloop
  endfacet
  facet normal -0.13029 -0.989354 0.0648314
    outer loop
      vertex 4.21921 1.40242 10.8576
      vertex 4.27757 1.39096 10.8
      vertex 4.27757 1.3948 10.8586
    endloop
  endfacet
  facet normal 0.258207 -0.914861 0.310417
    outer loop
      vertex 4.39479 1.43224 10.9689
      vertex 4.39479 1.41368 10.9142
      vertex 4.45165 1.44632 10.9631
    endloop
  endfacet
  facet normal 0.499057 -0.720566 0.48138
    outer loop
      vertex 4.50603 1.51981 11.0457
      vertex 4.55701 1.51597 10.9871
      vertex 4.55701 1.54316 11.0278
    endloop
  endfacet
  facet normal 0.130291 -0.938901 0.318574
    outer loop
      vertex 4.33643 1.40626 10.9162
      vertex 4.39479 1.41368 10.9142
      vertex 4.39479 1.43224 10.9689
    endloop
  endfacet
  facet normal 0.13029 -0.989354 0.0648314
    outer loop
      vertex 4.33643 1.3948 10.8586
      vertex 4.33643 1.39096 10.8
      vertex 4.39479 1.40242 10.8576
    endloop
  endfacet
  facet normal 0.130365 -0.989349 0.0647543
    outer loop
      vertex 4.39479 1.40242 10.8576
      vertex 4.33643 1.39096 10.8
      vertex 4.39479 1.39865 10.8
    endloop
  endfacet
  facet normal 0.130035 -0.889291 -0.438465
    outer loop
      vertex 4.39479 1.43224 10.6311
      vertex 4.33643 1.45112 10.5755
      vertex 4.39479 1.45778 10.5793
    endloop
  endfacet
  facet normal 0.381748 -0.694862 -0.609455
    outer loop
      vertex 4.45165 1.50194 10.5406
      vertex 4.45165 1.53869 10.4987
      vertex 4.50603 1.55462 10.5146
    endloop
  endfacet
  facet normal -0.258113 -0.866532 -0.4272
    outer loop
      vertex 4.16235 1.47097 10.5869
      vertex 4.21921 1.45778 10.5793
      vertex 4.16235 1.44632 10.6369
    endloop
  endfacet
  facet normal 0.258079 -0.803035 -0.537149
    outer loop
      vertex 4.39479 1.45778 10.5793
      vertex 4.45165 1.50194 10.5406
      vertex 4.45165 1.47097 10.5869
    endloop
  endfacet
  facet normal 0.499224 -0.864622 0.0566024
    outer loop
      vertex 4.50603 1.43986 10.8527
      vertex 4.50603 1.43641 10.8
      vertex 4.55701 1.46904 10.8488
    endloop
  endfacet
  facet normal 0.130265 -0.972423 0.193454
    outer loop
      vertex 4.33643 1.40626 10.9162
      vertex 4.39479 1.40242 10.8576
      vertex 4.39479 1.41368 10.9142
    endloop
  endfacet
  facet normal -0.792755 -0.608232 0.0399201
    outer loop
      vertex 3.93284 1.58999 10.8
      vertex 3.96867 1.54329 10.8
      vertex 3.96867 1.54583 10.8387
    endloop
  endfacet
  facet normal -0.607819 -0.752036 -0.254947
    outer loop
      vertex 4.01029 1.52742 10.6705
      vertex 4.05699 1.49432 10.6568
      vertex 4.05699 1.47859 10.7032
    endloop
  endfacet
  facet normal -0.258576 -0.636347 -0.726775
    outer loop
      vertex 4.16235 1.53869 10.4987
      vertex 4.21921 1.57132 10.4499
      vertex 4.21921 1.52792 10.4879
    endloop
  endfacet
  facet normal -0.129951 -0.82444 0.550829
    outer loop
      vertex 4.21921 1.48985 11.0687
      vertex 4.21921 1.45778 11.0207
      vertex 4.27757 1.45112 11.0245
    endloop
  endfacet
  facet normal -0.382365 -0.874807 0.297505
    outer loop
      vertex 4.10797 1.46713 10.9544
      vertex 4.10797 1.45016 10.9045
      vertex 4.16235 1.44632 10.9631
    endloop
  endfacet
  facet normal -0.499624 -0.570512 0.651837
    outer loop
      vertex 4.05699 1.61222 11.0968
      vertex 4.05699 1.57543 11.0646
      vertex 4.10797 1.59431 11.1202
    endloop
  endfacet
  facet normal -0.607859 -0.660261 0.441093
    outer loop
      vertex 4.01029 1.57159 11.006
      vertex 4.05699 1.51597 10.9871
      vertex 4.05699 1.54316 11.0278
    endloop
  endfacet
  facet normal -0.792917 -0.506678 0.338468
    outer loop
      vertex 3.93284 1.64166 10.9522
      vertex 3.93284 1.62349 10.925
      vertex 3.96867 1.58305 10.9484
    endloop
  endfacet
  facet normal -0.706378 -0.694242 -0.138049
    outer loop
      vertex 3.96867 1.5534 10.7232
      vertex 4.01029 1.5132 10.7124
      vertex 4.01029 1.50457 10.7558
    endloop
  endfacet
  facet normal -0.793534 -0.457392 0.401367
    outer loop
      vertex 3.93284 1.64166 10.9522
      vertex 3.93633 1.66 10.98
      vertex 3.93284 1.66 10.9731
    endloop
  endfacet
  facet normal -0.792702 -0.458364 0.401904
    outer loop
      vertex 3.93633 1.66 10.98
      vertex 3.93284 1.64166 10.9522
      vertex 3.96867 1.6302 11.0098
    endloop
  endfacet
  facet normal -0.707542 -0.39345 0.58701
    outer loop
      vertex 4.01029 1.66 11.0858
      vertex 3.99154 1.66 11.0632
      vertex 4.01029 1.63404 11.0684
    endloop
  endfacet
  facet normal -0.258411 -0.947468 -0.188489
    outer loop
      vertex 4.16235 1.41753 10.7444
      vertex 4.21921 1.41368 10.6858
      vertex 4.21921 1.40242 10.7424
    endloop
  endfacet
  facet normal -0.706347 -0.706347 -0.046344
    outer loop
      vertex 3.96867 1.54329 10.8
      vertex 4.01029 1.50457 10.7558
      vertex 4.01029 1.50167 10.8
    endloop
  endfacet
  facet normal -0.923717 -0.375627 0.0751748
    outer loop
      vertex 3.89663 1.66 10.8294
      vertex 3.90341 1.64775 10.8515
      vertex 3.89816 1.66 10.8482
    endloop
  endfacet
  facet normal -0.923576 -0.376027 0.0749104
    outer loop
      vertex 3.90341 1.64775 10.8515
      vertex 3.89663 1.66 10.8294
      vertex 3.90341 1.64267 10.826
    endloop
  endfacet
  facet normal -0.865575 -0.491171 0.0976222
    outer loop
      vertex 3.90341 1.64775 10.8515
      vertex 3.93284 1.59213 10.8326
      vertex 3.93284 1.59851 10.8647
    endloop
  endfacet
  facet normal -0.865635 -0.416575 -0.277744
    outer loop
      vertex 3.9145 1.66 10.6774
      vertex 3.93284 1.62349 10.675
      vertex 3.9085 1.66 10.6961
    endloop
  endfacet
  facet normal 0.499692 -0.384527 0.776175
    outer loop
      vertex 4.50603 1.6382 11.1495
      vertex 4.54595 1.66 11.1346
      vertex 4.50603 1.66 11.1603
    endloop
  endfacet
  facet normal 0.499333 -0.383296 0.777014
    outer loop
      vertex 4.54595 1.66 11.1346
      vertex 4.50603 1.6382 11.1495
      vertex 4.55701 1.65292 11.124
    endloop
  endfacet
  facet normal 0.499037 -0.651554 0.571349
    outer loop
      vertex 4.50603 1.51981 11.0457
      vertex 4.55701 1.54316 11.0278
      vertex 4.55701 1.57543 11.0646
    endloop
  endfacet
  facet normal 0.607653 -0.752072 0.255238
    outer loop
      vertex 4.55701 1.47859 10.8968
      vertex 4.60371 1.5132 10.8876
      vertex 4.60371 1.52742 10.9295
    endloop
  endfacet
  facet normal 0.130347 -0.551602 0.82386
    outer loop
      vertex 4.33643 1.56664 11.1562
      vertex 4.39479 1.57132 11.1501
      vertex 4.33643 1.61548 11.1889
    endloop
  endfacet
  facet normal 0.258483 -0.427186 0.866428
    outer loop
      vertex 4.40908 1.66 11.198
      vertex 4.45165 1.62694 11.169
      vertex 4.45165 1.66 11.1853
    endloop
  endfacet
  facet normal 0.130382 -0.824636 0.550432
    outer loop
      vertex 4.33643 1.48376 11.0734
      vertex 4.33643 1.45112 11.0245
      vertex 4.39479 1.48985 11.0687
    endloop
  endfacet
  facet normal -0.38172 -0.609849 0.694532
    outer loop
      vertex 4.16235 1.5806 11.1381
      vertex 4.10797 1.55462 11.0854
      vertex 4.16235 1.53869 11.1013
    endloop
  endfacet
  facet normal -0.129719 -0.439234 0.888958
    outer loop
      vertex 4.21921 1.61932 11.1822
      vertex 4.23086 1.66 11.204
      vertex 4.21921 1.66 11.2023
    endloop
  endfacet
  facet normal -0.130934 -0.438884 0.888953
    outer loop
      vertex 4.23086 1.66 11.204
      vertex 4.21921 1.61932 11.1822
      vertex 4.27757 1.61548 11.1889
    endloop
  endfacet
  facet normal -0.130382 -0.824636 0.550432
    outer loop
      vertex 4.21921 1.48985 11.0687
      vertex 4.27757 1.45112 11.0245
      vertex 4.27757 1.48376 11.0734
    endloop
  endfacet
  facet normal -0.382259 -0.828808 0.408602
    outer loop
      vertex 4.10797 1.49048 11.0018
      vertex 4.16235 1.44632 10.9631
      vertex 4.16235 1.47097 11.0131
    endloop
  endfacet
  facet normal -0.130347 -0.551602 0.82386
    outer loop
      vertex 4.27757 1.61548 11.1889
      vertex 4.21921 1.57132 11.1501
      vertex 4.27757 1.56664 11.1562
    endloop
  endfacet
  facet normal -0.130873 -0.551117 0.824101
    outer loop
      vertex 4.21921 1.61932 11.1822
      vertex 4.21921 1.57132 11.1501
      vertex 4.27757 1.61548 11.1889
    endloop
  endfacet
  facet normal -0.38231 -0.768051 0.513748
    outer loop
      vertex 4.16235 1.50194 11.0594
      vertex 4.10797 1.49048 11.0018
      vertex 4.16235 1.47097 11.0131
    endloop
  endfacet
  facet normal -0.257181 -0.536122 0.804009
    outer loop
      vertex 4.16235 1.62694 11.169
      vertex 4.16235 1.5806 11.1381
      vertex 4.21921 1.57132 11.1501
    endloop
  endfacet
  facet normal -0.381886 -0.513144 0.768665
    outer loop
      vertex 4.10797 1.6382 11.1495
      vertex 4.10797 1.59431 11.1202
      vertex 4.16235 1.62694 11.169
    endloop
  endfacet
  facet normal -0.382304 -0.51264 0.768794
    outer loop
      vertex 4.16235 1.62694 11.169
      vertex 4.10797 1.59431 11.1202
      vertex 4.16235 1.5806 11.1381
    endloop
  endfacet
  facet normal -0.380889 -0.41046 0.828521
    outer loop
      vertex 4.10797 1.6382 11.1495
      vertex 4.13168 1.66 11.1712
      vertex 4.10797 1.66 11.1603
    endloop
  endfacet
  facet normal -0.381891 -0.409421 0.828573
    outer loop
      vertex 4.13168 1.66 11.1712
      vertex 4.10797 1.6382 11.1495
      vertex 4.16235 1.62694 11.169
    endloop
  endfacet
  facet normal -0.499336 -0.481051 0.720592
    outer loop
      vertex 4.05699 1.65292 11.124
      vertex 4.10797 1.59431 11.1202
      vertex 4.10797 1.6382 11.1495
    endloop
  endfacet
  facet normal -0.608454 -0.523483 0.596447
    outer loop
      vertex 4.01029 1.63404 11.0684
      vertex 4.01029 1.60077 11.0392
      vertex 4.05699 1.57543 11.0646
    endloop
  endfacet
  facet normal -0.381203 -0.408824 0.829185
    outer loop
      vertex 4.13168 1.66 11.1712
      vertex 4.16235 1.62694 11.169
      vertex 4.16235 1.66 11.1853
    endloop
  endfacet
  facet normal -0.606507 -0.352345 0.712743
    outer loop
      vertex 4.05699 1.66 11.1275
      vertex 4.03854 1.66 11.1118
      vertex 4.05699 1.65292 11.124
    endloop
  endfacet
  facet normal -0.923738 -0.36281 0.12279
    outer loop
      vertex 3.90341 1.64775 10.8515
      vertex 3.90143 1.66 10.8728
      vertex 3.89816 1.66 10.8482
    endloop
  endfacet
  facet normal -0.923476 -0.36336 0.123131
    outer loop
      vertex 3.90143 1.66 10.8728
      vertex 3.90341 1.64775 10.8515
      vertex 3.90341 1.65612 10.8762
    endloop
  endfacet
  facet normal -0.499053 -0.571303 -0.651581
    outer loop
      vertex 4.05699 1.57543 10.5354
      vertex 4.10797 1.59431 10.4798
      vertex 4.10797 1.55462 10.5146
    endloop
  endfacet
  facet normal -0.608413 -0.596102 -0.523924
    outer loop
      vertex 4.01029 1.60077 10.5608
      vertex 4.05699 1.57543 10.5354
      vertex 4.01029 1.57159 10.594
    endloop
  endfacet
  facet normal -0.865568 -0.4743 -0.160724
    outer loop
      vertex 3.90341 1.65612 10.7238
      vertex 3.93284 1.60902 10.7043
      vertex 3.90341 1.64775 10.7485
    endloop
  endfacet
  facet normal 0.792889 -0.54637 -0.269829
    outer loop
      vertex 4.68116 1.60902 10.7043
      vertex 4.64533 1.58305 10.6516
      vertex 4.68116 1.62349 10.675
    endloop
  endfacet
  facet normal 0.706412 -0.670253 -0.22747
    outer loop
      vertex 4.60371 1.5132 10.7124
      vertex 4.60371 1.52742 10.6705
      vertex 4.64533 1.5534 10.7232
    endloop
  endfacet
  facet normal 0.706355 -0.706338 0.0463591
    outer loop
      vertex 4.60371 1.50457 10.8442
      vertex 4.64533 1.54329 10.8
      vertex 4.64533 1.54583 10.8387
    endloop
  endfacet
  facet normal 0.705974 -0.394323 -0.588312
    outer loop
      vertex 4.60371 1.63404 10.5316
      vertex 4.60371 1.66 10.5142
      vertex 4.62246 1.66 10.5367
    endloop
  endfacet
  facet normal 0.706675 -0.58792 -0.39365
    outer loop
      vertex 4.64533 1.58305 10.6516
      vertex 4.60371 1.57159 10.594
      vertex 4.64533 1.60461 10.6194
    endloop
  endfacet
  facet normal 0.258113 -0.866532 -0.4272
    outer loop
      vertex 4.45165 1.44632 10.6369
      vertex 4.39479 1.45778 10.5793
      vertex 4.45165 1.47097 10.5869
    endloop
  endfacet
  facet normal 0.706626 -0.669913 0.227807
    outer loop
      vertex 4.60371 1.52742 10.9295
      vertex 4.64533 1.5534 10.8768
      vertex 4.64533 1.56588 10.9135
    endloop
  endfacet
  facet normal 0.923476 -0.36336 0.123131
    outer loop
      vertex 4.71059 1.64775 10.8515
      vertex 4.71257 1.66 10.8728
      vertex 4.71059 1.65612 10.8762
    endloop
  endfacet
  facet normal 0.923476 -0.36336 0.12313
    outer loop
      vertex 4.71257 1.66 10.8728
      vertex 4.71059 1.64775 10.8515
      vertex 4.71585 1.66 10.8482
    endloop
  endfacet
  facet normal -0.607815 -0.712181 -0.351224
    outer loop
      vertex 4.01029 1.52742 10.6705
      vertex 4.05699 1.51597 10.6129
      vertex 4.05699 1.49432 10.6568
    endloop
  endfacet
  facet normal -0.705974 -0.394323 -0.588312
    outer loop
      vertex 3.99154 1.66 10.5367
      vertex 4.01029 1.66 10.5142
      vertex 4.01029 1.63404 10.5316
    endloop
  endfacet
  facet normal -0.258483 -0.427186 -0.866428
    outer loop
      vertex 4.16235 1.66 10.4147
      vertex 4.20492 1.66 10.402
      vertex 4.16235 1.62694 10.431
    endloop
  endfacet
  facet normal -0.38231 -0.768051 -0.513748
    outer loop
      vertex 4.10797 1.49048 10.5982
      vertex 4.16235 1.50194 10.5406
      vertex 4.16235 1.47097 10.5869
    endloop
  endfacet
  facet normal -0.258597 -0.726226 -0.636964
    outer loop
      vertex 4.16235 1.50194 10.5406
      vertex 4.16235 1.53869 10.4987
      vertex 4.21921 1.48985 10.5313
    endloop
  endfacet
  facet normal -0.381203 -0.408824 -0.829185
    outer loop
      vertex 4.13168 1.66 10.4288
      vertex 4.16235 1.66 10.4147
      vertex 4.16235 1.62694 10.431
    endloop
  endfacet
  facet normal -0.499786 -0.384503 -0.776126
    outer loop
      vertex 4.10797 1.6382 10.4505
      vertex 4.06806 1.66 10.4654
      vertex 4.10797 1.66 10.4397
    endloop
  endfacet
  facet normal -0.49932 -0.382908 -0.777214
    outer loop
      vertex 4.06806 1.66 10.4654
      vertex 4.10797 1.6382 10.4505
      vertex 4.05699 1.65292 10.476
    endloop
  endfacet
  facet normal -0.129529 -0.437681 -0.889751
    outer loop
      vertex 4.23086 1.66 10.396
      vertex 4.27757 1.66 10.3892
      vertex 4.27757 1.61548 10.4111
    endloop
  endfacet
  facet normal 0.258397 -0.42728 -0.866408
    outer loop
      vertex 4.39479 1.61932 10.4178
      vertex 4.40908 1.66 10.402
      vertex 4.45165 1.62694 10.431
    endloop
  endfacet
  facet normal 0.260464 -0.427687 -0.865588
    outer loop
      vertex 4.40908 1.66 10.402
      vertex 4.39479 1.61932 10.4178
      vertex 4.39479 1.66 10.3977
    endloop
  endfacet
  facet normal 0.130428 -0.745038 -0.654146
    outer loop
      vertex 4.33643 1.48376 10.5266
      vertex 4.33643 1.52248 10.4825
      vertex 4.39479 1.48985 10.5313
    endloop
  endfacet
  facet normal 0.381886 -0.513144 -0.768665
    outer loop
      vertex 4.50603 1.59431 10.4798
      vertex 4.45165 1.62694 10.431
      vertex 4.50603 1.6382 10.4505
    endloop
  endfacet
  facet normal 0.792591 -0.577289 -0.19631
    outer loop
      vertex 4.64533 1.5534 10.7232
      vertex 4.64533 1.56588 10.6865
      vertex 4.68116 1.60902 10.7043
    endloop
  endfacet
  facet normal 0.706433 -0.69421 0.137931
    outer loop
      vertex 4.60371 1.50457 10.8442
      vertex 4.64533 1.54583 10.8387
      vertex 4.64533 1.5534 10.8768
    endloop
  endfacet
  facet normal 0.498815 -0.77749 0.383004
    outer loop
      vertex 4.50603 1.46713 10.9544
      vertex 4.55701 1.49432 10.9432
      vertex 4.50603 1.49048 11.0018
    endloop
  endfacet
  facet normal 0.607819 -0.752036 0.254947
    outer loop
      vertex 4.55701 1.49432 10.9432
      vertex 4.55701 1.47859 10.8968
      vertex 4.60371 1.52742 10.9295
    endloop
  endfacet
  facet normal 0.607715 -0.441266 0.660277
    outer loop
      vertex 4.55701 1.61222 11.0968
      vertex 4.60371 1.63404 11.0684
      vertex 4.55701 1.65292 11.124
    endloop
  endfacet
  facet normal 0.607846 -0.597024 0.523532
    outer loop
      vertex 4.55701 1.54316 11.0278
      vertex 4.60371 1.57159 11.006
      vertex 4.55701 1.57543 11.0646
    endloop
  endfacet
  facet normal 0.499662 -0.481309 0.720194
    outer loop
      vertex 4.50603 1.59431 11.1202
      vertex 4.55701 1.61222 11.0968
      vertex 4.55701 1.65292 11.124
    endloop
  endfacet
  facet normal 0.499336 -0.481051 0.720592
    outer loop
      vertex 4.50603 1.6382 11.1495
      vertex 4.50603 1.59431 11.1202
      vertex 4.55701 1.65292 11.124
    endloop
  endfacet
  facet normal 0.257307 -0.637595 0.726131
    outer loop
      vertex 4.39479 1.57132 11.1501
      vertex 4.45165 1.53869 11.1013
      vertex 4.45165 1.5806 11.1381
    endloop
  endfacet
  facet normal 0.258576 -0.636347 0.726775
    outer loop
      vertex 4.39479 1.52792 11.1121
      vertex 4.45165 1.53869 11.1013
      vertex 4.39479 1.57132 11.1501
    endloop
  endfacet
  facet normal -0.130283 -0.972417 0.193471
    outer loop
      vertex 4.27757 1.40626 10.9162
      vertex 4.21921 1.40242 10.8576
      vertex 4.27757 1.3948 10.8586
    endloop
  endfacet
  facet normal 0 -0.896932 0.442169
    outer loop
      vertex 4.27757 1.42514 10.9718
      vertex 4.33643 1.45112 11.0245
      vertex 4.27757 1.45112 11.0245
    endloop
  endfacet
  facet normal 0 -0.896932 0.442169
    outer loop
      vertex 4.33643 1.45112 11.0245
      vertex 4.27757 1.42514 10.9718
      vertex 4.33643 1.42514 10.9718
    endloop
  endfacet
  facet normal 0.13029 -0.989354 -0.0648314
    outer loop
      vertex 4.33643 1.39096 10.8
      vertex 4.33643 1.3948 10.7414
      vertex 4.39479 1.40242 10.7424
    endloop
  endfacet
  facet normal -0.130265 -0.972423 0.193454
    outer loop
      vertex 4.21921 1.41368 10.9142
      vertex 4.21921 1.40242 10.8576
      vertex 4.27757 1.40626 10.9162
    endloop
  endfacet
  facet normal 0.129951 -0.82444 0.550829
    outer loop
      vertex 4.33643 1.45112 11.0245
      vertex 4.39479 1.45778 11.0207
      vertex 4.39479 1.48985 11.0687
    endloop
  endfacet
  facet normal 0.130035 -0.889291 0.438465
    outer loop
      vertex 4.33643 1.45112 11.0245
      vertex 4.39479 1.43224 10.9689
      vertex 4.39479 1.45778 11.0207
    endloop
  endfacet
  facet normal 0.25822 -0.947558 0.188299
    outer loop
      vertex 4.39479 1.41368 10.9142
      vertex 4.45165 1.41753 10.8556
      vertex 4.45165 1.4284 10.9103
    endloop
  endfacet
  facet normal 0.381932 -0.906466 0.180133
    outer loop
      vertex 4.45165 1.4284 10.9103
      vertex 4.45165 1.41753 10.8556
      vertex 4.50603 1.45016 10.9045
    endloop
  endfacet
  facet normal 0.498891 -0.820782 -0.278252
    outer loop
      vertex 4.55701 1.47859 10.7032
      vertex 4.50603 1.46713 10.6456
      vertex 4.55701 1.49432 10.6568
    endloop
  endfacet
  facet normal 0.607752 -0.778861 -0.154961
    outer loop
      vertex 4.55701 1.46904 10.7512
      vertex 4.55701 1.47859 10.7032
      vertex 4.60371 1.5132 10.7124
    endloop
  endfacet
  facet normal 0.130283 -0.972417 -0.193471
    outer loop
      vertex 4.33643 1.3948 10.7414
      vertex 4.33643 1.40626 10.6838
      vertex 4.39479 1.40242 10.7424
    endloop
  endfacet
  facet normal 0.258411 -0.947468 -0.188489
    outer loop
      vertex 4.39479 1.40242 10.7424
      vertex 4.39479 1.41368 10.6858
      vertex 4.45165 1.41753 10.7444
    endloop
  endfacet
  facet normal 0.792644 -0.458523 0.401836
    outer loop
      vertex 4.64533 1.60461 10.9806
      vertex 4.68116 1.64166 10.9522
      vertex 4.64533 1.6302 11.0098
    endloop
  endfacet
  facet normal 0.607808 -0.660248 -0.441182
    outer loop
      vertex 4.55701 1.51597 10.6129
      vertex 4.60371 1.57159 10.594
      vertex 4.60371 1.547 10.6308
    endloop
  endfacet
  facet normal 0.258149 -0.866506 -0.427231
    outer loop
      vertex 4.39479 1.43224 10.6311
      vertex 4.39479 1.45778 10.5793
      vertex 4.45165 1.44632 10.6369
    endloop
  endfacet
  facet normal 0.25856 -0.803216 -0.536648
    outer loop
      vertex 4.39479 1.45778 10.5793
      vertex 4.39479 1.48985 10.5313
      vertex 4.45165 1.50194 10.5406
    endloop
  endfacet
  facet normal 0.258597 -0.726226 -0.636964
    outer loop
      vertex 4.39479 1.48985 10.5313
      vertex 4.45165 1.53869 10.4987
      vertex 4.45165 1.50194 10.5406
    endloop
  endfacet
  facet normal 0.607913 -0.7923 -0.0519835
    outer loop
      vertex 4.60371 1.50167 10.8
      vertex 4.55701 1.46904 10.7512
      vertex 4.60371 1.50457 10.7558
    endloop
  endfacet
  facet normal 0.381912 -0.922225 -0.0603733
    outer loop
      vertex 4.50603 1.43641 10.8
      vertex 4.45165 1.41753 10.7444
      vertex 4.50603 1.43986 10.7473
    endloop
  endfacet
  facet normal 0.381881 -0.87518 -0.297031
    outer loop
      vertex 4.45165 1.4284 10.6897
      vertex 4.45165 1.44632 10.6369
      vertex 4.50603 1.45016 10.6955
    endloop
  endfacet
  facet normal 0.382502 -0.828844 -0.408302
    outer loop
      vertex 4.45165 1.44632 10.6369
      vertex 4.50603 1.49048 10.5982
      vertex 4.50603 1.46713 10.6456
    endloop
  endfacet
  facet normal 0.498815 -0.77749 -0.383004
    outer loop
      vertex 4.50603 1.46713 10.6456
      vertex 4.50603 1.49048 10.5982
      vertex 4.55701 1.49432 10.6568
    endloop
  endfacet
  facet normal 0.49908 -0.720538 -0.481398
    outer loop
      vertex 4.50603 1.49048 10.5982
      vertex 4.50603 1.51981 10.5543
      vertex 4.55701 1.51597 10.6129
    endloop
  endfacet
  facet normal -0.381912 -0.922225 0.0603733
    outer loop
      vertex 4.10797 1.43986 10.8527
      vertex 4.10797 1.43641 10.8
      vertex 4.16235 1.41753 10.8556
    endloop
  endfacet
  facet normal -0.258212 -0.964013 -0.063285
    outer loop
      vertex 4.16235 1.41388 10.8
      vertex 4.16235 1.41753 10.7444
      vertex 4.21921 1.39865 10.8
    endloop
  endfacet
  facet normal -0.498815 -0.77749 0.383004
    outer loop
      vertex 4.10797 1.49048 11.0018
      vertex 4.05699 1.49432 10.9432
      vertex 4.10797 1.46713 10.9544
    endloop
  endfacet
  facet normal -0.498891 -0.820782 0.278252
    outer loop
      vertex 4.05699 1.49432 10.9432
      vertex 4.05699 1.47859 10.8968
      vertex 4.10797 1.46713 10.9544
    endloop
  endfacet
  facet normal -0.608413 -0.596102 0.523924
    outer loop
      vertex 4.01029 1.60077 11.0392
      vertex 4.01029 1.57159 11.006
      vertex 4.05699 1.57543 11.0646
    endloop
  endfacet
  facet normal -0.499057 -0.720566 0.48138
    outer loop
      vertex 4.05699 1.54316 11.0278
      vertex 4.05699 1.51597 10.9871
      vertex 4.10797 1.51981 11.0457
    endloop
  endfacet
  facet normal -0.49908 -0.720538 0.481398
    outer loop
      vertex 4.10797 1.51981 11.0457
      vertex 4.05699 1.51597 10.9871
      vertex 4.10797 1.49048 11.0018
    endloop
  endfacet
  facet normal -0.607846 -0.597024 0.523532
    outer loop
      vertex 4.05699 1.57543 11.0646
      vertex 4.01029 1.57159 11.006
      vertex 4.05699 1.54316 11.0278
    endloop
  endfacet
  facet normal -0.706355 -0.706338 0.0463591
    outer loop
      vertex 3.96867 1.54583 10.8387
      vertex 3.96867 1.54329 10.8
      vertex 4.01029 1.50457 10.8442
    endloop
  endfacet
  facet normal -0.607715 -0.441266 0.660277
    outer loop
      vertex 4.05699 1.65292 11.124
      vertex 4.01029 1.63404 11.0684
      vertex 4.05699 1.61222 11.0968
    endloop
  endfacet
  facet normal -0.607352 -0.442313 0.659911
    outer loop
      vertex 4.01029 1.63404 11.0684
      vertex 4.03854 1.66 11.1118
      vertex 4.01029 1.66 11.0858
    endloop
  endfacet
  facet normal -0.606534 -0.443325 0.659984
    outer loop
      vertex 4.03854 1.66 11.1118
      vertex 4.01029 1.63404 11.0684
      vertex 4.05699 1.65292 11.124
    endloop
  endfacet
  facet normal -0.706347 -0.706347 0.046344
    outer loop
      vertex 3.96867 1.54329 10.8
      vertex 4.01029 1.50167 10.8
      vertex 4.01029 1.50457 10.8442
    endloop
  endfacet
  facet normal -0.706358 -0.634842 0.313104
    outer loop
      vertex 3.96867 1.58305 10.9484
      vertex 4.01029 1.52742 10.9295
      vertex 4.01029 1.547 10.9692
    endloop
  endfacet
  facet normal -0.865586 -0.474245 0.160785
    outer loop
      vertex 3.93284 1.60902 10.8957
      vertex 3.90341 1.64775 10.8515
      vertex 3.93284 1.59851 10.8647
    endloop
  endfacet
  facet normal -0.865635 -0.416575 0.277744
    outer loop
      vertex 3.9145 1.66 10.9226
      vertex 3.9085 1.66 10.9039
      vertex 3.93284 1.62349 10.925
    endloop
  endfacet
  facet normal -0.865586 -0.474245 -0.160785
    outer loop
      vertex 3.90341 1.64775 10.7485
      vertex 3.93284 1.60902 10.7043
      vertex 3.93284 1.59851 10.7353
    endloop
  endfacet
  facet normal -0.607653 -0.752072 -0.255238
    outer loop
      vertex 4.01029 1.5132 10.7124
      vertex 4.01029 1.52742 10.6705
      vertex 4.05699 1.47859 10.7032
    endloop
  endfacet
  facet normal -0.792731 -0.402572 0.457727
    outer loop
      vertex 3.95013 1.66 11.0039
      vertex 3.93633 1.66 10.98
      vertex 3.96867 1.6302 11.0098
    endloop
  endfacet
  facet normal -0.923217 -0.340807 0.177542
    outer loop
      vertex 3.90192 1.66 10.8759
      vertex 3.90167 1.66 10.8746
      vertex 3.90341 1.65612 10.8762
    endloop
  endfacet
  facet normal 0.382289 -0.609193 0.694795
    outer loop
      vertex 4.45165 1.5806 11.1381
      vertex 4.50603 1.55462 11.0854
      vertex 4.50603 1.59431 11.1202
    endloop
  endfacet
  facet normal 0.499053 -0.571303 0.651581
    outer loop
      vertex 4.50603 1.55462 11.0854
      vertex 4.55701 1.57543 11.0646
      vertex 4.50603 1.59431 11.1202
    endloop
  endfacet
  facet normal 0.706343 -0.588564 0.393282
    outer loop
      vertex 4.60371 1.547 10.9692
      vertex 4.64533 1.58305 10.9484
      vertex 4.60371 1.57159 11.006
    endloop
  endfacet
  facet normal 0.865586 -0.474245 0.160785
    outer loop
      vertex 4.68116 1.59851 10.8647
      vertex 4.71059 1.64775 10.8515
      vertex 4.68116 1.60902 10.8957
    endloop
  endfacet
  facet normal 0.130873 -0.551117 0.824101
    outer loop
      vertex 4.33643 1.61548 11.1889
      vertex 4.39479 1.57132 11.1501
      vertex 4.39479 1.61932 11.1822
    endloop
  endfacet
  facet normal 0.12991 -0.653168 0.745986
    outer loop
      vertex 4.33643 1.52248 11.1175
      vertex 4.39479 1.52792 11.1121
      vertex 4.39479 1.57132 11.1501
    endloop
  endfacet
  facet normal -0.129529 -0.437681 0.889751
    outer loop
      vertex 4.23086 1.66 11.204
      vertex 4.27757 1.61548 11.1889
      vertex 4.27757 1.66 11.2108
    endloop
  endfacet
  facet normal -0.130428 -0.745038 0.654146
    outer loop
      vertex 4.27757 1.52248 11.1175
      vertex 4.21921 1.48985 11.0687
      vertex 4.27757 1.48376 11.0734
    endloop
  endfacet
  facet normal -0.12998 -0.745383 0.653842
    outer loop
      vertex 4.21921 1.52792 11.1121
      vertex 4.21921 1.48985 11.0687
      vertex 4.27757 1.52248 11.1175
    endloop
  endfacet
  facet normal -0.381881 -0.768478 0.513428
    outer loop
      vertex 4.10797 1.51981 11.0457
      vertex 4.10797 1.49048 11.0018
      vertex 4.16235 1.50194 11.0594
    endloop
  endfacet
  facet normal -0.381865 -0.694916 0.60932
    outer loop
      vertex 4.10797 1.55462 11.0854
      vertex 4.10797 1.51981 11.0457
      vertex 4.16235 1.50194 11.0594
    endloop
  endfacet
  facet normal -0.258079 -0.803035 0.537149
    outer loop
      vertex 4.16235 1.50194 11.0594
      vertex 4.16235 1.47097 11.0131
      vertex 4.21921 1.45778 11.0207
    endloop
  endfacet
  facet normal -0.25856 -0.803216 0.536648
    outer loop
      vertex 4.16235 1.50194 11.0594
      vertex 4.21921 1.45778 11.0207
      vertex 4.21921 1.48985 11.0687
    endloop
  endfacet
  facet normal -0.381748 -0.694862 0.609455
    outer loop
      vertex 4.10797 1.55462 11.0854
      vertex 4.16235 1.50194 11.0594
      vertex 4.16235 1.53869 11.1013
    endloop
  endfacet
  facet normal -0.258597 -0.726226 0.636964
    outer loop
      vertex 4.16235 1.53869 11.1013
      vertex 4.16235 1.50194 11.0594
      vertex 4.21921 1.48985 11.0687
    endloop
  endfacet
  facet normal -0.790975 -0.331699 0.514134
    outer loop
      vertex 3.96867 1.66 11.0358
      vertex 3.96789 1.66 11.0346
      vertex 3.96867 1.65938 11.0354
    endloop
  endfacet
  facet normal -0.381881 -0.768478 -0.513428
    outer loop
      vertex 4.10797 1.51981 10.5543
      vertex 4.16235 1.50194 10.5406
      vertex 4.10797 1.49048 10.5982
    endloop
  endfacet
  facet normal -0.382259 -0.828808 -0.408602
    outer loop
      vertex 4.10797 1.49048 10.5982
      vertex 4.16235 1.47097 10.5869
      vertex 4.16235 1.44632 10.6369
    endloop
  endfacet
  facet normal -0.865562 -0.449029 -0.221756
    outer loop
      vertex 3.90341 1.65612 10.7238
      vertex 3.93284 1.62349 10.675
      vertex 3.93284 1.60902 10.7043
    endloop
  endfacet
  facet normal -0.792917 -0.506678 -0.338468
    outer loop
      vertex 3.93284 1.62349 10.675
      vertex 3.93284 1.64166 10.6478
      vertex 3.96867 1.58305 10.6516
    endloop
  endfacet
  facet normal -0.923476 -0.36336 -0.123131
    outer loop
      vertex 3.90341 1.64775 10.7485
      vertex 3.90143 1.66 10.7272
      vertex 3.90341 1.65612 10.7238
    endloop
  endfacet
  facet normal -0.923738 -0.36281 -0.12279
    outer loop
      vertex 3.90143 1.66 10.7272
      vertex 3.90341 1.64775 10.7485
      vertex 3.89816 1.66 10.7518
    endloop
  endfacet
  facet normal -0.865584 -0.499689 -0.0328017
    outer loop
      vertex 3.90341 1.64097 10.8
      vertex 3.93284 1.59213 10.7674
      vertex 3.93284 1.58999 10.8
    endloop
  endfacet
  facet normal 0.607805 -0.778838 -0.15487
    outer loop
      vertex 4.55701 1.46904 10.7512
      vertex 4.60371 1.5132 10.7124
      vertex 4.60371 1.50457 10.7558
    endloop
  endfacet
  facet normal 0.865432 -0.416416 -0.278613
    outer loop
      vertex 4.68116 1.62349 10.675
      vertex 4.69451 1.66 10.6619
      vertex 4.6995 1.66 10.6774
    endloop
  endfacet
  facet normal 0.865647 -0.416311 -0.278102
    outer loop
      vertex 4.69451 1.66 10.6619
      vertex 4.68116 1.62349 10.675
      vertex 4.68116 1.64166 10.6478
    endloop
  endfacet
  facet normal 0.706358 -0.634842 -0.313104
    outer loop
      vertex 4.60371 1.52742 10.6705
      vertex 4.60371 1.547 10.6308
      vertex 4.64533 1.58305 10.6516
    endloop
  endfacet
  facet normal 0.607828 -0.712163 -0.351238
    outer loop
      vertex 4.60371 1.52742 10.6705
      vertex 4.55701 1.51597 10.6129
      vertex 4.60371 1.547 10.6308
    endloop
  endfacet
  facet normal 0.607815 -0.712181 -0.351224
    outer loop
      vertex 4.55701 1.49432 10.6568
      vertex 4.55701 1.51597 10.6129
      vertex 4.60371 1.52742 10.6705
    endloop
  endfacet
  facet normal 0.499662 -0.481309 -0.720194
    outer loop
      vertex 4.50603 1.59431 10.4798
      vertex 4.55701 1.65292 10.476
      vertex 4.55701 1.61222 10.5032
    endloop
  endfacet
  facet normal 0.792644 -0.458523 -0.401836
    outer loop
      vertex 4.64533 1.60461 10.6194
      vertex 4.64533 1.6302 10.5902
      vertex 4.68116 1.64166 10.6478
    endloop
  endfacet
  facet normal 0.793534 -0.457392 -0.401367
    outer loop
      vertex 4.68116 1.64166 10.6478
      vertex 4.67767 1.66 10.62
      vertex 4.68116 1.66 10.6269
    endloop
  endfacet
  facet normal 0.792702 -0.458364 -0.401904
    outer loop
      vertex 4.67767 1.66 10.62
      vertex 4.68116 1.64166 10.6478
      vertex 4.64533 1.6302 10.5902
    endloop
  endfacet
  facet normal 0.381881 -0.768478 -0.513428
    outer loop
      vertex 4.50603 1.49048 10.5982
      vertex 4.45165 1.50194 10.5406
      vertex 4.50603 1.51981 10.5543
    endloop
  endfacet
  facet normal 0.607352 -0.442313 -0.659911
    outer loop
      vertex 4.60371 1.63404 10.5316
      vertex 4.57546 1.66 10.4882
      vertex 4.60371 1.66 10.5142
    endloop
  endfacet
  facet normal 0.606534 -0.443325 -0.659984
    outer loop
      vertex 4.57546 1.66 10.4882
      vertex 4.60371 1.63404 10.5316
      vertex 4.55701 1.65292 10.476
    endloop
  endfacet
  facet normal 0.923443 -0.376402 0.0746614
    outer loop
      vertex 4.71059 1.64775 10.8515
      vertex 4.71737 1.66 10.8294
      vertex 4.71585 1.66 10.8482
    endloop
  endfacet
  facet normal 0.923576 -0.376027 0.0749104
    outer loop
      vertex 4.71737 1.66 10.8294
      vertex 4.71059 1.64775 10.8515
      vertex 4.71059 1.64267 10.826
    endloop
  endfacet
  facet normal 0.865575 -0.491171 0.0976222
    outer loop
      vertex 4.68116 1.59851 10.8647
      vertex 4.68116 1.59213 10.8326
      vertex 4.71059 1.64775 10.8515
    endloop
  endfacet
  facet normal 0.792798 -0.577213 0.195694
    outer loop
      vertex 4.64533 1.5534 10.8768
      vertex 4.68116 1.59851 10.8647
      vertex 4.68116 1.60902 10.8957
    endloop
  endfacet
  facet normal 0.865635 -0.416575 -0.277744
    outer loop
      vertex 4.7055 1.66 10.6961
      vertex 4.68116 1.62349 10.675
      vertex 4.6995 1.66 10.6774
    endloop
  endfacet
  facet normal 0.923628 -0.375974 0.0745384
    outer loop
      vertex 4.71059 1.64267 10.826
      vertex 4.71783 1.66 10.8237
      vertex 4.71737 1.66 10.8294
    endloop
  endfacet
  facet normal -0.792546 -0.547177 -0.269198
    outer loop
      vertex 3.93284 1.60902 10.7043
      vertex 3.96867 1.58305 10.6516
      vertex 3.96867 1.56588 10.6865
    endloop
  endfacet
  facet normal -0.608454 -0.523483 -0.596447
    outer loop
      vertex 4.01029 1.60077 10.5608
      vertex 4.01029 1.63404 10.5316
      vertex 4.05699 1.57543 10.5354
    endloop
  endfacet
  facet normal -0.607768 -0.523008 -0.597561
    outer loop
      vertex 4.01029 1.63404 10.5316
      vertex 4.05699 1.61222 10.5032
      vertex 4.05699 1.57543 10.5354
    endloop
  endfacet
  facet normal -0.498442 -0.384183 -0.777148
    outer loop
      vertex 4.05699 1.66 10.4725
      vertex 4.06806 1.66 10.4654
      vertex 4.05699 1.65292 10.476
    endloop
  endfacet
  facet normal 0.130873 -0.551117 -0.824101
    outer loop
      vertex 4.39479 1.57132 10.4499
      vertex 4.33643 1.61548 10.4111
      vertex 4.39479 1.61932 10.4178
    endloop
  endfacet
  facet normal 0 -0.659083 -0.75207
    outer loop
      vertex 4.27757 1.52248 10.4825
      vertex 4.33643 1.56664 10.4438
      vertex 4.33643 1.52248 10.4825
    endloop
  endfacet
  facet normal -0 -0.659083 -0.75207
    outer loop
      vertex 4.33643 1.56664 10.4438
      vertex 4.27757 1.52248 10.4825
      vertex 4.27757 1.56664 10.4438
    endloop
  endfacet
  facet normal -0.258546 -0.7262 -0.637015
    outer loop
      vertex 4.16235 1.53869 10.4987
      vertex 4.21921 1.52792 10.4879
      vertex 4.21921 1.48985 10.5313
    endloop
  endfacet
  facet normal -0.12991 -0.653168 -0.745986
    outer loop
      vertex 4.21921 1.52792 10.4879
      vertex 4.21921 1.57132 10.4499
      vertex 4.27757 1.52248 10.4825
    endloop
  endfacet
  facet normal -0.381891 -0.409421 -0.828573
    outer loop
      vertex 4.10797 1.6382 10.4505
      vertex 4.13168 1.66 10.4288
      vertex 4.16235 1.62694 10.431
    endloop
  endfacet
  facet normal -0.380889 -0.41046 -0.828521
    outer loop
      vertex 4.13168 1.66 10.4288
      vertex 4.10797 1.6382 10.4505
      vertex 4.10797 1.66 10.4397
    endloop
  endfacet
  facet normal -0.381886 -0.513144 -0.768665
    outer loop
      vertex 4.10797 1.6382 10.4505
      vertex 4.16235 1.62694 10.431
      vertex 4.10797 1.59431 10.4798
    endloop
  endfacet
  facet normal -0.606507 -0.352345 -0.712743
    outer loop
      vertex 4.03854 1.66 10.4882
      vertex 4.05699 1.66 10.4725
      vertex 4.05699 1.65292 10.476
    endloop
  endfacet
  facet normal 0.258389 -0.537021 -0.803022
    outer loop
      vertex 4.39479 1.57132 10.4499
      vertex 4.39479 1.61932 10.4178
      vertex 4.45165 1.62694 10.431
    endloop
  endfacet
  facet normal 0.258576 -0.636347 -0.726775
    outer loop
      vertex 4.39479 1.52792 10.4879
      vertex 4.39479 1.57132 10.4499
      vertex 4.45165 1.53869 10.4987
    endloop
  endfacet
  facet normal 0.499624 -0.570512 -0.651837
    outer loop
      vertex 4.55701 1.57543 10.5354
      vertex 4.50603 1.59431 10.4798
      vertex 4.55701 1.61222 10.5032
    endloop
  endfacet
  facet normal 0.257181 -0.536122 -0.804009
    outer loop
      vertex 4.39479 1.57132 10.4499
      vertex 4.45165 1.62694 10.431
      vertex 4.45165 1.5806 10.4619
    endloop
  endfacet
  facet normal 0.706208 -0.531795 -0.467403
    outer loop
      vertex 4.60371 1.57159 10.594
      vertex 4.60371 1.60077 10.5608
      vertex 4.64533 1.6302 10.5902
    endloop
  endfacet
  facet normal 0.706378 -0.694242 0.138049
    outer loop
      vertex 4.60371 1.5132 10.8876
      vertex 4.60371 1.50457 10.8442
      vertex 4.64533 1.5534 10.8768
    endloop
  endfacet
  facet normal 0.706412 -0.670253 0.22747
    outer loop
      vertex 4.60371 1.5132 10.8876
      vertex 4.64533 1.5534 10.8768
      vertex 4.60371 1.52742 10.9295
    endloop
  endfacet
  facet normal 0.865551 -0.499753 0.0326762
    outer loop
      vertex 4.68116 1.59213 10.8326
      vertex 4.71059 1.64097 10.8
      vertex 4.71059 1.64267 10.826
    endloop
  endfacet
  facet normal 0.86552 -0.491222 -0.0978592
    outer loop
      vertex 4.68116 1.59213 10.7674
      vertex 4.71059 1.64775 10.7485
      vertex 4.71059 1.64267 10.774
    endloop
  endfacet
  facet normal 0.258597 -0.726226 0.636964
    outer loop
      vertex 4.39479 1.48985 11.0687
      vertex 4.45165 1.50194 11.0594
      vertex 4.45165 1.53869 11.1013
    endloop
  endfacet
  facet normal 0.382259 -0.828808 0.408602
    outer loop
      vertex 4.45165 1.47097 11.0131
      vertex 4.45165 1.44632 10.9631
      vertex 4.50603 1.49048 11.0018
    endloop
  endfacet
  facet normal 0.382365 -0.874807 0.297505
    outer loop
      vertex 4.45165 1.44632 10.9631
      vertex 4.50603 1.45016 10.9045
      vertex 4.50603 1.46713 10.9544
    endloop
  endfacet
  facet normal 0.382502 -0.828844 0.408302
    outer loop
      vertex 4.45165 1.44632 10.9631
      vertex 4.50603 1.46713 10.9544
      vertex 4.50603 1.49048 11.0018
    endloop
  endfacet
  facet normal 0.608413 -0.596102 0.523924
    outer loop
      vertex 4.55701 1.57543 11.0646
      vertex 4.60371 1.57159 11.006
      vertex 4.60371 1.60077 11.0392
    endloop
  endfacet
  facet normal 0.607828 -0.712163 0.351238
    outer loop
      vertex 4.55701 1.51597 10.9871
      vertex 4.60371 1.52742 10.9295
      vertex 4.60371 1.547 10.9692
    endloop
  endfacet
  facet normal 0.258149 -0.866506 0.427231
    outer loop
      vertex 4.39479 1.43224 10.9689
      vertex 4.45165 1.44632 10.9631
      vertex 4.39479 1.45778 11.0207
    endloop
  endfacet
  facet normal 0.38231 -0.768051 0.513748
    outer loop
      vertex 4.45165 1.47097 11.0131
      vertex 4.50603 1.49048 11.0018
      vertex 4.45165 1.50194 11.0594
    endloop
  endfacet
  facet normal -0.258113 -0.866532 0.4272
    outer loop
      vertex 4.16235 1.47097 11.0131
      vertex 4.16235 1.44632 10.9631
      vertex 4.21921 1.45778 11.0207
    endloop
  endfacet
  facet normal 0 -0.946897 0.321536
    outer loop
      vertex 4.27757 1.40626 10.9162
      vertex 4.33643 1.42514 10.9718
      vertex 4.27757 1.42514 10.9718
    endloop
  endfacet
  facet normal 0 -0.946897 0.321536
    outer loop
      vertex 4.33643 1.42514 10.9718
      vertex 4.27757 1.40626 10.9162
      vertex 4.33643 1.40626 10.9162
    endloop
  endfacet
  facet normal -0.130291 -0.938901 0.318574
    outer loop
      vertex 4.21921 1.43224 10.9689
      vertex 4.21921 1.41368 10.9142
      vertex 4.27757 1.40626 10.9162
    endloop
  endfacet
  facet normal 0.130062 -0.938854 0.318805
    outer loop
      vertex 4.33643 1.42514 10.9718
      vertex 4.33643 1.40626 10.9162
      vertex 4.39479 1.43224 10.9689
    endloop
  endfacet
  facet normal 0.12998 -0.889323 0.438418
    outer loop
      vertex 4.33643 1.42514 10.9718
      vertex 4.39479 1.43224 10.9689
      vertex 4.33643 1.45112 11.0245
    endloop
  endfacet
  facet normal 0.258212 -0.964013 -0.063285
    outer loop
      vertex 4.39479 1.39865 10.8
      vertex 4.45165 1.41753 10.7444
      vertex 4.45165 1.41388 10.8
    endloop
  endfacet
  facet normal 0.258411 -0.947468 0.188489
    outer loop
      vertex 4.39479 1.40242 10.8576
      vertex 4.45165 1.41753 10.8556
      vertex 4.39479 1.41368 10.9142
    endloop
  endfacet
  facet normal 0.258113 -0.866532 0.4272
    outer loop
      vertex 4.39479 1.45778 11.0207
      vertex 4.45165 1.44632 10.9631
      vertex 4.45165 1.47097 11.0131
    endloop
  endfacet
  facet normal 0.258079 -0.803035 0.537149
    outer loop
      vertex 4.39479 1.45778 11.0207
      vertex 4.45165 1.47097 11.0131
      vertex 4.45165 1.50194 11.0594
    endloop
  endfacet
  facet normal 0.499394 -0.849739 0.168964
    outer loop
      vertex 4.50603 1.45016 10.9045
      vertex 4.50603 1.43986 10.8527
      vertex 4.55701 1.47859 10.8968
    endloop
  endfacet
  facet normal 0.607805 -0.778838 0.15487
    outer loop
      vertex 4.55701 1.46904 10.8488
      vertex 4.60371 1.50457 10.8442
      vertex 4.60371 1.5132 10.8876
    endloop
  endfacet
  facet normal 0.258387 -0.963979 -0.0630938
    outer loop
      vertex 4.39479 1.39865 10.8
      vertex 4.39479 1.40242 10.7424
      vertex 4.45165 1.41753 10.7444
    endloop
  endfacet
  facet normal 0.130365 -0.989349 -0.0647543
    outer loop
      vertex 4.33643 1.39096 10.8
      vertex 4.39479 1.40242 10.7424
      vertex 4.39479 1.39865 10.8
    endloop
  endfacet
  facet normal -0.130365 -0.989349 0.0647543
    outer loop
      vertex 4.21921 1.39865 10.8
      vertex 4.27757 1.39096 10.8
      vertex 4.21921 1.40242 10.8576
    endloop
  endfacet
  facet normal -0.607752 -0.778861 -0.154961
    outer loop
      vertex 4.01029 1.5132 10.7124
      vertex 4.05699 1.47859 10.7032
      vertex 4.05699 1.46904 10.7512
    endloop
  endfacet
  facet normal 0.130291 -0.938901 -0.318574
    outer loop
      vertex 4.33643 1.40626 10.6838
      vertex 4.39479 1.43224 10.6311
      vertex 4.39479 1.41368 10.6858
    endloop
  endfacet
  facet normal 0.130265 -0.972423 -0.193454
    outer loop
      vertex 4.39479 1.40242 10.7424
      vertex 4.33643 1.40626 10.6838
      vertex 4.39479 1.41368 10.6858
    endloop
  endfacet
  facet normal 0.706716 -0.532085 0.466303
    outer loop
      vertex 4.60371 1.57159 11.006
      vertex 4.64533 1.60461 10.9806
      vertex 4.64533 1.6302 11.0098
    endloop
  endfacet
  facet normal -0.129951 -0.82444 -0.550829
    outer loop
      vertex 4.21921 1.45778 10.5793
      vertex 4.21921 1.48985 10.5313
      vertex 4.27757 1.45112 10.5755
    endloop
  endfacet
  facet normal 0 -0.946897 -0.321536
    outer loop
      vertex 4.27757 1.42514 10.6282
      vertex 4.33643 1.40626 10.6838
      vertex 4.27757 1.40626 10.6838
    endloop
  endfacet
  facet normal 0 -0.946897 -0.321536
    outer loop
      vertex 4.33643 1.40626 10.6838
      vertex 4.27757 1.42514 10.6282
      vertex 4.33643 1.42514 10.6282
    endloop
  endfacet
  facet normal 0.381932 -0.906466 -0.180133
    outer loop
      vertex 4.45165 1.41753 10.7444
      vertex 4.45165 1.4284 10.6897
      vertex 4.50603 1.45016 10.6955
    endloop
  endfacet
  facet normal 0.258207 -0.914861 -0.310417
    outer loop
      vertex 4.39479 1.41368 10.6858
      vertex 4.39479 1.43224 10.6311
      vertex 4.45165 1.44632 10.6369
    endloop
  endfacet
  facet normal -0.706433 -0.69421 -0.137931
    outer loop
      vertex 3.96867 1.54583 10.7613
      vertex 3.96867 1.5534 10.7232
      vertex 4.01029 1.50457 10.7558
    endloop
  endfacet
  facet normal -0.499321 -0.849761 0.169067
    outer loop
      vertex 4.05699 1.47859 10.8968
      vertex 4.05699 1.46904 10.8488
      vertex 4.10797 1.43986 10.8527
    endloop
  endfacet
  facet normal -0.499515 -0.820174 -0.278925
    outer loop
      vertex 4.05699 1.47859 10.7032
      vertex 4.10797 1.46713 10.6456
      vertex 4.10797 1.45016 10.6955
    endloop
  endfacet
  facet normal -0.498891 -0.820782 -0.278252
    outer loop
      vertex 4.05699 1.49432 10.6568
      vertex 4.10797 1.46713 10.6456
      vertex 4.05699 1.47859 10.7032
    endloop
  endfacet
  facet normal -0.25822 -0.947558 0.188299
    outer loop
      vertex 4.16235 1.4284 10.9103
      vertex 4.16235 1.41753 10.8556
      vertex 4.21921 1.41368 10.9142
    endloop
  endfacet
  facet normal -0.258136 -0.914854 0.310496
    outer loop
      vertex 4.16235 1.44632 10.9631
      vertex 4.16235 1.4284 10.9103
      vertex 4.21921 1.41368 10.9142
    endloop
  endfacet
  facet normal -0.706239 -0.466901 0.532194
    outer loop
      vertex 3.96867 1.65938 11.0354
      vertex 3.96867 1.6302 11.0098
      vertex 4.01029 1.63404 11.0684
    endloop
  endfacet
  facet normal -0.792889 -0.54637 0.269829
    outer loop
      vertex 3.93284 1.62349 10.925
      vertex 3.93284 1.60902 10.8957
      vertex 3.96867 1.58305 10.9484
    endloop
  endfacet
  facet normal -0.706716 -0.532085 0.466303
    outer loop
      vertex 3.96867 1.6302 11.0098
      vertex 3.96867 1.60461 10.9806
      vertex 4.01029 1.57159 11.006
    endloop
  endfacet
  facet normal -0.607819 -0.752036 0.254947
    outer loop
      vertex 4.01029 1.52742 10.9295
      vertex 4.05699 1.47859 10.8968
      vertex 4.05699 1.49432 10.9432
    endloop
  endfacet
  facet normal -0.865432 -0.416416 0.278613
    outer loop
      vertex 3.93284 1.62349 10.925
      vertex 3.91949 1.66 10.9381
      vertex 3.9145 1.66 10.9226
    endloop
  endfacet
  facet normal -0.865647 -0.416311 0.278102
    outer loop
      vertex 3.91949 1.66 10.9381
      vertex 3.93284 1.62349 10.925
      vertex 3.93284 1.64166 10.9522
    endloop
  endfacet
  facet normal -0.607815 -0.712181 0.351224
    outer loop
      vertex 4.05699 1.51597 10.9871
      vertex 4.01029 1.52742 10.9295
      vertex 4.05699 1.49432 10.9432
    endloop
  endfacet
  facet normal -0.706343 -0.588564 0.393282
    outer loop
      vertex 4.01029 1.57159 11.006
      vertex 3.96867 1.58305 10.9484
      vertex 4.01029 1.547 10.9692
    endloop
  endfacet
  facet normal -0.706433 -0.69421 0.137931
    outer loop
      vertex 3.96867 1.5534 10.8768
      vertex 3.96867 1.54583 10.8387
      vertex 4.01029 1.50457 10.8442
    endloop
  endfacet
  facet normal -0.865584 -0.499689 0.0328017
    outer loop
      vertex 3.90341 1.64097 10.8
      vertex 3.93284 1.58999 10.8
      vertex 3.93284 1.59213 10.8326
    endloop
  endfacet
  facet normal -0.792778 -0.597817 0.118818
    outer loop
      vertex 3.93284 1.59851 10.8647
      vertex 3.93284 1.59213 10.8326
      vertex 3.96867 1.5534 10.8768
    endloop
  endfacet
  facet normal -0.792798 -0.577213 0.195694
    outer loop
      vertex 3.93284 1.60902 10.8957
      vertex 3.93284 1.59851 10.8647
      vertex 3.96867 1.5534 10.8768
    endloop
  endfacet
  facet normal -0.706355 -0.706338 -0.0463591
    outer loop
      vertex 3.96867 1.54583 10.7613
      vertex 4.01029 1.50457 10.7558
      vertex 3.96867 1.54329 10.8
    endloop
  endfacet
  facet normal -0.792764 -0.597843 -0.118784
    outer loop
      vertex 3.93284 1.59213 10.7674
      vertex 3.96867 1.5534 10.7232
      vertex 3.96867 1.54583 10.7613
    endloop
  endfacet
  facet normal -0.865568 -0.4743 0.160724
    outer loop
      vertex 3.90341 1.65612 10.8762
      vertex 3.90341 1.64775 10.8515
      vertex 3.93284 1.60902 10.8957
    endloop
  endfacet
  facet normal -0.865562 -0.449029 0.221756
    outer loop
      vertex 3.93284 1.62349 10.925
      vertex 3.90341 1.65612 10.8762
      vertex 3.93284 1.60902 10.8957
    endloop
  endfacet
  facet normal 0.865635 -0.416575 0.277744
    outer loop
      vertex 4.68116 1.62349 10.925
      vertex 4.7055 1.66 10.9039
      vertex 4.6995 1.66 10.9226
    endloop
  endfacet
  facet normal 0.793534 -0.457392 0.401367
    outer loop
      vertex 4.67767 1.66 10.98
      vertex 4.68116 1.64166 10.9522
      vertex 4.68116 1.66 10.9731
    endloop
  endfacet
  facet normal 0.792702 -0.458364 0.401904
    outer loop
      vertex 4.68116 1.64166 10.9522
      vertex 4.67767 1.66 10.98
      vertex 4.64533 1.6302 11.0098
    endloop
  endfacet
  facet normal 0.706358 -0.634842 0.313104
    outer loop
      vertex 4.60371 1.547 10.9692
      vertex 4.60371 1.52742 10.9295
      vertex 4.64533 1.58305 10.9484
    endloop
  endfacet
  facet normal 0.607808 -0.660248 0.441182
    outer loop
      vertex 4.55701 1.51597 10.9871
      vertex 4.60371 1.547 10.9692
      vertex 4.60371 1.57159 11.006
    endloop
  endfacet
  facet normal 0.607352 -0.442313 0.659911
    outer loop
      vertex 4.57546 1.66 11.1118
      vertex 4.60371 1.63404 11.0684
      vertex 4.60371 1.66 11.0858
    endloop
  endfacet
  facet normal 0.606534 -0.443325 0.659984
    outer loop
      vertex 4.60371 1.63404 11.0684
      vertex 4.57546 1.66 11.1118
      vertex 4.55701 1.65292 11.124
    endloop
  endfacet
  facet normal 0.257181 -0.536122 0.804009
    outer loop
      vertex 4.39479 1.57132 11.1501
      vertex 4.45165 1.5806 11.1381
      vertex 4.45165 1.62694 11.169
    endloop
  endfacet
  facet normal 0.382304 -0.51264 0.768794
    outer loop
      vertex 4.45165 1.5806 11.1381
      vertex 4.50603 1.59431 11.1202
      vertex 4.45165 1.62694 11.169
    endloop
  endfacet
  facet normal 0.258389 -0.537021 0.803022
    outer loop
      vertex 4.39479 1.61932 11.1822
      vertex 4.39479 1.57132 11.1501
      vertex 4.45165 1.62694 11.169
    endloop
  endfacet
  facet normal 0.260464 -0.427687 0.865588
    outer loop
      vertex 4.39479 1.61932 11.1822
      vertex 4.40908 1.66 11.198
      vertex 4.39479 1.66 11.2023
    endloop
  endfacet
  facet normal 0.258397 -0.42728 0.866408
    outer loop
      vertex 4.40908 1.66 11.198
      vertex 4.39479 1.61932 11.1822
      vertex 4.45165 1.62694 11.169
    endloop
  endfacet
  facet normal 0 -0.659083 0.75207
    outer loop
      vertex 4.27757 1.56664 11.1562
      vertex 4.33643 1.52248 11.1175
      vertex 4.33643 1.56664 11.1562
    endloop
  endfacet
  facet normal 0 -0.659083 0.75207
    outer loop
      vertex 4.33643 1.52248 11.1175
      vertex 4.27757 1.56664 11.1562
      vertex 4.27757 1.52248 11.1175
    endloop
  endfacet
  facet normal 0 -0.751457 0.659782
    outer loop
      vertex 4.27757 1.48376 11.0734
      vertex 4.33643 1.52248 11.1175
      vertex 4.27757 1.52248 11.1175
    endloop
  endfacet
  facet normal 0 -0.751457 0.659782
    outer loop
      vertex 4.33643 1.52248 11.1175
      vertex 4.27757 1.48376 11.0734
      vertex 4.33643 1.48376 11.0734
    endloop
  endfacet
  facet normal -0.258483 -0.427186 0.866428
    outer loop
      vertex 4.16235 1.66 11.1853
      vertex 4.16235 1.62694 11.169
      vertex 4.20492 1.66 11.198
    endloop
  endfacet
  facet normal -0.260464 -0.427687 0.865588
    outer loop
      vertex 4.20492 1.66 11.198
      vertex 4.21921 1.61932 11.1822
      vertex 4.21921 1.66 11.2023
    endloop
  endfacet
  facet normal -0.258397 -0.42728 0.866408
    outer loop
      vertex 4.21921 1.61932 11.1822
      vertex 4.20492 1.66 11.198
      vertex 4.16235 1.62694 11.169
    endloop
  endfacet
  facet normal -0.258149 -0.866506 0.427231
    outer loop
      vertex 4.21921 1.45778 11.0207
      vertex 4.16235 1.44632 10.9631
      vertex 4.21921 1.43224 10.9689
    endloop
  endfacet
  facet normal -0.258207 -0.914861 0.310417
    outer loop
      vertex 4.16235 1.44632 10.9631
      vertex 4.21921 1.41368 10.9142
      vertex 4.21921 1.43224 10.9689
    endloop
  endfacet
  facet normal -0.709477 -0.382052 0.592181
    outer loop
      vertex 3.96867 1.65938 11.0354
      vertex 3.99154 1.66 11.0632
      vertex 3.96867 1.66 11.0358
    endloop
  endfacet
  facet normal -0.706169 -0.391924 0.589679
    outer loop
      vertex 3.99154 1.66 11.0632
      vertex 3.96867 1.65938 11.0354
      vertex 4.01029 1.63404 11.0684
    endloop
  endfacet
  facet normal -0.607846 -0.597024 -0.523532
    outer loop
      vertex 4.01029 1.57159 10.594
      vertex 4.05699 1.57543 10.5354
      vertex 4.05699 1.54316 10.5722
    endloop
  endfacet
  facet normal -0.49908 -0.720538 -0.481398
    outer loop
      vertex 4.05699 1.51597 10.6129
      vertex 4.10797 1.51981 10.5543
      vertex 4.10797 1.49048 10.5982
    endloop
  endfacet
  facet normal -0.86552 -0.491222 -0.0978592
    outer loop
      vertex 3.90341 1.64267 10.774
      vertex 3.90341 1.64775 10.7485
      vertex 3.93284 1.59213 10.7674
    endloop
  endfacet
  facet normal -0.865551 -0.499753 -0.0326762
    outer loop
      vertex 3.90341 1.64267 10.774
      vertex 3.93284 1.59213 10.7674
      vertex 3.90341 1.64097 10.8
    endloop
  endfacet
  facet normal -0.867169 -0.445894 -0.221804
    outer loop
      vertex 3.9085 1.66 10.6961
      vertex 3.90341 1.65612 10.7238
      vertex 3.90341 1.66 10.716
    endloop
  endfacet
  facet normal -0.865624 -0.448824 -0.22193
    outer loop
      vertex 3.90341 1.65612 10.7238
      vertex 3.9085 1.66 10.6961
      vertex 3.93284 1.62349 10.675
    endloop
  endfacet
  facet normal -0.924268 -0.341792 -0.17002
    outer loop
      vertex 3.90192 1.66 10.7241
      vertex 3.90341 1.66 10.716
      vertex 3.90341 1.65612 10.7238
    endloop
  endfacet
  facet normal -0.865671 -0.376282 -0.330192
    outer loop
      vertex 3.91949 1.66 10.6619
      vertex 3.93284 1.66 10.6269
      vertex 3.93284 1.64166 10.6478
    endloop
  endfacet
  facet normal 0.607653 -0.752072 -0.255238
    outer loop
      vertex 4.55701 1.47859 10.7032
      vertex 4.60371 1.52742 10.6705
      vertex 4.60371 1.5132 10.7124
    endloop
  endfacet
  facet normal 0.792546 -0.547177 -0.269198
    outer loop
      vertex 4.64533 1.56588 10.6865
      vertex 4.64533 1.58305 10.6516
      vertex 4.68116 1.60902 10.7043
    endloop
  endfacet
  facet normal 0.865562 -0.449029 -0.221756
    outer loop
      vertex 4.68116 1.60902 10.7043
      vertex 4.68116 1.62349 10.675
      vertex 4.71059 1.65612 10.7238
    endloop
  endfacet
  facet normal 0.706343 -0.588564 -0.393282
    outer loop
      vertex 4.60371 1.547 10.6308
      vertex 4.60371 1.57159 10.594
      vertex 4.64533 1.58305 10.6516
    endloop
  endfacet
  facet normal 0.499333 -0.383296 -0.777014
    outer loop
      vertex 4.50603 1.6382 10.4505
      vertex 4.54595 1.66 10.4654
      vertex 4.55701 1.65292 10.476
    endloop
  endfacet
  facet normal 0.499692 -0.384527 -0.776175
    outer loop
      vertex 4.54595 1.66 10.4654
      vertex 4.50603 1.6382 10.4505
      vertex 4.50603 1.66 10.4397
    endloop
  endfacet
  facet normal 0.606507 -0.352345 -0.712743
    outer loop
      vertex 4.55701 1.65292 10.476
      vertex 4.55701 1.66 10.4725
      vertex 4.57546 1.66 10.4882
    endloop
  endfacet
  facet normal 0.706168 -0.467054 -0.532154
    outer loop
      vertex 4.60371 1.60077 10.5608
      vertex 4.60371 1.63404 10.5316
      vertex 4.64533 1.6302 10.5902
    endloop
  endfacet
  facet normal 0.792731 -0.402572 -0.457727
    outer loop
      vertex 4.67767 1.66 10.62
      vertex 4.64533 1.6302 10.5902
      vertex 4.66387 1.66 10.5961
    endloop
  endfacet
  facet normal 0.607846 -0.597024 -0.523532
    outer loop
      vertex 4.55701 1.54316 10.5722
      vertex 4.55701 1.57543 10.5354
      vertex 4.60371 1.57159 10.594
    endloop
  endfacet
  facet normal 0.706239 -0.466901 -0.532194
    outer loop
      vertex 4.64533 1.6302 10.5902
      vertex 4.60371 1.63404 10.5316
      vertex 4.64533 1.65938 10.5646
    endloop
  endfacet
  facet normal 0.381865 -0.694916 -0.60932
    outer loop
      vertex 4.45165 1.50194 10.5406
      vertex 4.50603 1.55462 10.5146
      vertex 4.50603 1.51981 10.5543
    endloop
  endfacet
  facet normal 0.607859 -0.660261 -0.441093
    outer loop
      vertex 4.55701 1.51597 10.6129
      vertex 4.55701 1.54316 10.5722
      vertex 4.60371 1.57159 10.594
    endloop
  endfacet
  facet normal 0.499037 -0.651554 -0.571349
    outer loop
      vertex 4.50603 1.51981 10.5543
      vertex 4.55701 1.57543 10.5354
      vertex 4.55701 1.54316 10.5722
    endloop
  endfacet
  facet normal 0.499057 -0.720566 -0.48138
    outer loop
      vertex 4.55701 1.51597 10.6129
      vertex 4.50603 1.51981 10.5543
      vertex 4.55701 1.54316 10.5722
    endloop
  endfacet
  facet normal 0.865568 -0.4743 0.160724
    outer loop
      vertex 4.68116 1.60902 10.8957
      vertex 4.71059 1.64775 10.8515
      vertex 4.71059 1.65612 10.8762
    endloop
  endfacet
  facet normal 0.865562 -0.449029 0.221756
    outer loop
      vertex 4.68116 1.60902 10.8957
      vertex 4.71059 1.65612 10.8762
      vertex 4.68116 1.62349 10.925
    endloop
  endfacet
  facet normal 0.923476 -0.363361 0.12313
    outer loop
      vertex 4.71059 1.65612 10.8762
      vertex 4.71257 1.66 10.8728
      vertex 4.71233 1.66 10.8746
    endloop
  endfacet
  facet normal 0.924268 -0.341792 -0.17002
    outer loop
      vertex 4.71059 1.65612 10.7238
      vertex 4.71059 1.66 10.716
      vertex 4.71208 1.66 10.7241
    endloop
  endfacet
  facet normal 0.923628 -0.375974 -0.0745384
    outer loop
      vertex 4.71059 1.64267 10.774
      vertex 4.71737 1.66 10.7706
      vertex 4.71783 1.66 10.7763
    endloop
  endfacet
  facet normal 0.923476 -0.363361 -0.12313
    outer loop
      vertex 4.71257 1.66 10.7272
      vertex 4.71059 1.65612 10.7238
      vertex 4.71233 1.66 10.7254
    endloop
  endfacet
  facet normal 0.923217 -0.340807 -0.177542
    outer loop
      vertex 4.71233 1.66 10.7254
      vertex 4.71059 1.65612 10.7238
      vertex 4.71208 1.66 10.7241
    endloop
  endfacet
  facet normal 0.867169 -0.445894 -0.221804
    outer loop
      vertex 4.71059 1.65612 10.7238
      vertex 4.7055 1.66 10.6961
      vertex 4.71059 1.66 10.716
    endloop
  endfacet
  facet normal 0.865624 -0.448824 -0.22193
    outer loop
      vertex 4.7055 1.66 10.6961
      vertex 4.71059 1.65612 10.7238
      vertex 4.68116 1.62349 10.675
    endloop
  endfacet
  facet normal -0.606534 -0.443325 -0.659984
    outer loop
      vertex 4.01029 1.63404 10.5316
      vertex 4.03854 1.66 10.4882
      vertex 4.05699 1.65292 10.476
    endloop
  endfacet
  facet normal -0.607352 -0.442313 -0.659911
    outer loop
      vertex 4.03854 1.66 10.4882
      vertex 4.01029 1.63404 10.5316
      vertex 4.01029 1.66 10.5142
    endloop
  endfacet
  facet normal -0.791532 -0.403032 -0.459394
    outer loop
      vertex 3.96867 1.6302 10.5902
      vertex 3.96789 1.66 10.5654
      vertex 3.96867 1.65938 10.5646
    endloop
  endfacet
  facet normal -0.79247 -0.402267 -0.458445
    outer loop
      vertex 3.96789 1.66 10.5654
      vertex 3.96867 1.6302 10.5902
      vertex 3.95013 1.66 10.5961
    endloop
  endfacet
  facet normal -0.865647 -0.416311 -0.278102
    outer loop
      vertex 3.93284 1.62349 10.675
      vertex 3.91949 1.66 10.6619
      vertex 3.93284 1.64166 10.6478
    endloop
  endfacet
  facet normal -0.865432 -0.416416 -0.278613
    outer loop
      vertex 3.91949 1.66 10.6619
      vertex 3.93284 1.62349 10.675
      vertex 3.9145 1.66 10.6774
    endloop
  endfacet
  facet normal -0.706412 -0.670253 -0.22747
    outer loop
      vertex 3.96867 1.5534 10.7232
      vertex 4.01029 1.52742 10.6705
      vertex 4.01029 1.5132 10.7124
    endloop
  endfacet
  facet normal -0.793534 -0.457392 -0.401367
    outer loop
      vertex 3.93633 1.66 10.62
      vertex 3.93284 1.64166 10.6478
      vertex 3.93284 1.66 10.6269
    endloop
  endfacet
  facet normal -0.792702 -0.458364 -0.401904
    outer loop
      vertex 3.93284 1.64166 10.6478
      vertex 3.93633 1.66 10.62
      vertex 3.96867 1.6302 10.5902
    endloop
  endfacet
  facet normal -0.706208 -0.531795 -0.467403
    outer loop
      vertex 3.96867 1.6302 10.5902
      vertex 4.01029 1.60077 10.5608
      vertex 4.01029 1.57159 10.594
    endloop
  endfacet
  facet normal -0.499624 -0.570512 -0.651837
    outer loop
      vertex 4.05699 1.61222 10.5032
      vertex 4.10797 1.59431 10.4798
      vertex 4.05699 1.57543 10.5354
    endloop
  endfacet
  facet normal -0.130341 -0.653461 -0.745654
    outer loop
      vertex 4.21921 1.57132 10.4499
      vertex 4.27757 1.56664 10.4438
      vertex 4.27757 1.52248 10.4825
    endloop
  endfacet
  facet normal -0.130347 -0.551602 -0.82386
    outer loop
      vertex 4.21921 1.57132 10.4499
      vertex 4.27757 1.61548 10.4111
      vertex 4.27757 1.56664 10.4438
    endloop
  endfacet
  facet normal -0.260464 -0.427687 -0.865588
    outer loop
      vertex 4.21921 1.61932 10.4178
      vertex 4.20492 1.66 10.402
      vertex 4.21921 1.66 10.3977
    endloop
  endfacet
  facet normal -0.258397 -0.42728 -0.866408
    outer loop
      vertex 4.20492 1.66 10.402
      vertex 4.21921 1.61932 10.4178
      vertex 4.16235 1.62694 10.431
    endloop
  endfacet
  facet normal -0.130934 -0.438884 -0.888953
    outer loop
      vertex 4.21921 1.61932 10.4178
      vertex 4.23086 1.66 10.396
      vertex 4.27757 1.61548 10.4111
    endloop
  endfacet
  facet normal -0.129719 -0.439234 -0.888958
    outer loop
      vertex 4.23086 1.66 10.396
      vertex 4.21921 1.61932 10.4178
      vertex 4.21921 1.66 10.3977
    endloop
  endfacet
  facet normal 0.38172 -0.609849 -0.694532
    outer loop
      vertex 4.45165 1.53869 10.4987
      vertex 4.45165 1.5806 10.4619
      vertex 4.50603 1.55462 10.5146
    endloop
  endfacet
  facet normal 0.130347 -0.551602 -0.82386
    outer loop
      vertex 4.33643 1.56664 10.4438
      vertex 4.33643 1.61548 10.4111
      vertex 4.39479 1.57132 10.4499
    endloop
  endfacet
  facet normal -0.25856 -0.803216 -0.536648
    outer loop
      vertex 4.16235 1.50194 10.5406
      vertex 4.21921 1.48985 10.5313
      vertex 4.21921 1.45778 10.5793
    endloop
  endfacet
  facet normal -0.499065 -0.651566 -0.57131
    outer loop
      vertex 4.05699 1.57543 10.5354
      vertex 4.10797 1.55462 10.5146
      vertex 4.10797 1.51981 10.5543
    endloop
  endfacet
  facet normal 0.12991 -0.653168 -0.745986
    outer loop
      vertex 4.33643 1.52248 10.4825
      vertex 4.39479 1.57132 10.4499
      vertex 4.39479 1.52792 10.4879
    endloop
  endfacet
  facet normal 0.792778 -0.597817 0.118818
    outer loop
      vertex 4.64533 1.5534 10.8768
      vertex 4.68116 1.59213 10.8326
      vertex 4.68116 1.59851 10.8647
    endloop
  endfacet
  facet normal 0.792764 -0.597843 0.118784
    outer loop
      vertex 4.64533 1.54583 10.8387
      vertex 4.68116 1.59213 10.8326
      vertex 4.64533 1.5534 10.8768
    endloop
  endfacet
  facet normal 0.706347 -0.706347 0.046344
    outer loop
      vertex 4.60371 1.50457 10.8442
      vertex 4.60371 1.50167 10.8
      vertex 4.64533 1.54329 10.8
    endloop
  endfacet
  facet normal 0.607819 -0.752036 -0.254947
    outer loop
      vertex 4.55701 1.47859 10.7032
      vertex 4.55701 1.49432 10.6568
      vertex 4.60371 1.52742 10.6705
    endloop
  endfacet
  facet normal 0.499515 -0.820174 0.278925
    outer loop
      vertex 4.50603 1.45016 10.9045
      vertex 4.55701 1.47859 10.8968
      vertex 4.50603 1.46713 10.9544
    endloop
  endfacet
  facet normal 0.498891 -0.820782 0.278252
    outer loop
      vertex 4.50603 1.46713 10.9544
      vertex 4.55701 1.47859 10.8968
      vertex 4.55701 1.49432 10.9432
    endloop
  endfacet
  facet normal 0.792917 -0.506678 0.338468
    outer loop
      vertex 4.64533 1.58305 10.9484
      vertex 4.68116 1.62349 10.925
      vertex 4.68116 1.64166 10.9522
    endloop
  endfacet
  facet normal 0.706239 -0.466901 0.532194
    outer loop
      vertex 4.60371 1.63404 11.0684
      vertex 4.64533 1.6302 11.0098
      vertex 4.64533 1.65938 11.0354
    endloop
  endfacet
  facet normal 0.381865 -0.694916 0.60932
    outer loop
      vertex 4.45165 1.50194 11.0594
      vertex 4.50603 1.51981 11.0457
      vertex 4.50603 1.55462 11.0854
    endloop
  endfacet
  facet normal 0.381881 -0.768478 0.513428
    outer loop
      vertex 4.45165 1.50194 11.0594
      vertex 4.50603 1.49048 11.0018
      vertex 4.50603 1.51981 11.0457
    endloop
  endfacet
  facet normal 0 -0.99786 0.0653888
    outer loop
      vertex 4.27757 1.39096 10.8
      vertex 4.33643 1.3948 10.8586
      vertex 4.27757 1.3948 10.8586
    endloop
  endfacet
  facet normal 0 -0.99786 0.0653888
    outer loop
      vertex 4.33643 1.3948 10.8586
      vertex 4.27757 1.39096 10.8
      vertex 4.33643 1.39096 10.8
    endloop
  endfacet
  facet normal 0 -0.980777 0.195134
    outer loop
      vertex 4.27757 1.3948 10.8586
      vertex 4.33643 1.40626 10.9162
      vertex 4.27757 1.40626 10.9162
    endloop
  endfacet
  facet normal 0 -0.980777 0.195134
    outer loop
      vertex 4.33643 1.40626 10.9162
      vertex 4.27757 1.3948 10.8586
      vertex 4.33643 1.3948 10.8586
    endloop
  endfacet
  facet normal 0.381912 -0.922225 0.0603733
    outer loop
      vertex 4.45165 1.41753 10.8556
      vertex 4.50603 1.43641 10.8
      vertex 4.50603 1.43986 10.8527
    endloop
  endfacet
  facet normal 0.607752 -0.778861 0.154961
    outer loop
      vertex 4.55701 1.47859 10.8968
      vertex 4.55701 1.46904 10.8488
      vertex 4.60371 1.5132 10.8876
    endloop
  endfacet
  facet normal 0.499321 -0.849761 -0.169067
    outer loop
      vertex 4.50603 1.43986 10.7473
      vertex 4.55701 1.47859 10.7032
      vertex 4.55701 1.46904 10.7512
    endloop
  endfacet
  facet normal 0.499224 -0.864622 -0.0566024
    outer loop
      vertex 4.50603 1.43641 10.8
      vertex 4.50603 1.43986 10.7473
      vertex 4.55701 1.46904 10.7512
    endloop
  endfacet
  facet normal 0.258212 -0.964013 0.063285
    outer loop
      vertex 4.45165 1.41753 10.8556
      vertex 4.39479 1.39865 10.8
      vertex 4.45165 1.41388 10.8
    endloop
  endfacet
  facet normal 0.258387 -0.963979 0.0630938
    outer loop
      vertex 4.39479 1.40242 10.8576
      vertex 4.39479 1.39865 10.8
      vertex 4.45165 1.41753 10.8556
    endloop
  endfacet
  facet normal 0.130382 -0.824636 -0.550432
    outer loop
      vertex 4.33643 1.45112 10.5755
      vertex 4.33643 1.48376 10.5266
      vertex 4.39479 1.48985 10.5313
    endloop
  endfacet
  facet normal -0.258149 -0.866506 -0.427231
    outer loop
      vertex 4.16235 1.44632 10.6369
      vertex 4.21921 1.45778 10.5793
      vertex 4.21921 1.43224 10.6311
    endloop
  endfacet
  facet normal -0.130035 -0.889291 -0.438465
    outer loop
      vertex 4.21921 1.45778 10.5793
      vertex 4.27757 1.45112 10.5755
      vertex 4.21921 1.43224 10.6311
    endloop
  endfacet
  facet normal 0.38231 -0.768051 -0.513748
    outer loop
      vertex 4.45165 1.47097 10.5869
      vertex 4.45165 1.50194 10.5406
      vertex 4.50603 1.49048 10.5982
    endloop
  endfacet
  facet normal 0.382259 -0.828808 -0.408602
    outer loop
      vertex 4.45165 1.44632 10.6369
      vertex 4.45165 1.47097 10.5869
      vertex 4.50603 1.49048 10.5982
    endloop
  endfacet
  facet normal 0.499515 -0.820174 -0.278925
    outer loop
      vertex 4.50603 1.45016 10.6955
      vertex 4.50603 1.46713 10.6456
      vertex 4.55701 1.47859 10.7032
    endloop
  endfacet
  facet normal 0.382365 -0.874807 -0.297505
    outer loop
      vertex 4.50603 1.45016 10.6955
      vertex 4.45165 1.44632 10.6369
      vertex 4.50603 1.46713 10.6456
    endloop
  endfacet
  facet normal 0.25822 -0.947558 -0.188299
    outer loop
      vertex 4.45165 1.41753 10.7444
      vertex 4.39479 1.41368 10.6858
      vertex 4.45165 1.4284 10.6897
    endloop
  endfacet
  facet normal 0.258136 -0.914854 -0.310496
    outer loop
      vertex 4.39479 1.41368 10.6858
      vertex 4.45165 1.44632 10.6369
      vertex 4.45165 1.4284 10.6897
    endloop
  endfacet
  facet normal -0.792546 -0.547177 0.269198
    outer loop
      vertex 3.96867 1.58305 10.9484
      vertex 3.93284 1.60902 10.8957
      vertex 3.96867 1.56588 10.9135
    endloop
  endfacet
  facet normal -0.706626 -0.669913 0.227807
    outer loop
      vertex 3.96867 1.56588 10.9135
      vertex 3.96867 1.5534 10.8768
      vertex 4.01029 1.52742 10.9295
    endloop
  endfacet
  facet normal -0.607913 -0.7923 -0.0519835
    outer loop
      vertex 4.01029 1.50457 10.7558
      vertex 4.05699 1.46904 10.7512
      vertex 4.01029 1.50167 10.8
    endloop
  endfacet
  facet normal -0.499224 -0.864622 -0.0566024
    outer loop
      vertex 4.05699 1.46904 10.7512
      vertex 4.10797 1.43986 10.7473
      vertex 4.10797 1.43641 10.8
    endloop
  endfacet
  facet normal -0.38184 -0.906482 0.180246
    outer loop
      vertex 4.10797 1.45016 10.9045
      vertex 4.10797 1.43986 10.8527
      vertex 4.16235 1.41753 10.8556
    endloop
  endfacet
  facet normal -0.499394 -0.849739 0.168964
    outer loop
      vertex 4.05699 1.47859 10.8968
      vertex 4.10797 1.43986 10.8527
      vertex 4.10797 1.45016 10.9045
    endloop
  endfacet
  facet normal -0.381881 -0.87518 -0.297031
    outer loop
      vertex 4.10797 1.45016 10.6955
      vertex 4.16235 1.44632 10.6369
      vertex 4.16235 1.4284 10.6897
    endloop
  endfacet
  facet normal -0.130265 -0.972423 -0.193454
    outer loop
      vertex 4.21921 1.41368 10.6858
      vertex 4.27757 1.40626 10.6838
      vertex 4.21921 1.40242 10.7424
    endloop
  endfacet
  facet normal -0.382502 -0.828844 -0.408302
    outer loop
      vertex 4.10797 1.46713 10.6456
      vertex 4.10797 1.49048 10.5982
      vertex 4.16235 1.44632 10.6369
    endloop
  endfacet
  facet normal -0.382365 -0.874807 -0.297505
    outer loop
      vertex 4.10797 1.46713 10.6456
      vertex 4.16235 1.44632 10.6369
      vertex 4.10797 1.45016 10.6955
    endloop
  endfacet
  facet normal -0.381881 -0.87518 0.297031
    outer loop
      vertex 4.16235 1.44632 10.9631
      vertex 4.10797 1.45016 10.9045
      vertex 4.16235 1.4284 10.9103
    endloop
  endfacet
  facet normal -0.381932 -0.906466 0.180133
    outer loop
      vertex 4.10797 1.45016 10.9045
      vertex 4.16235 1.41753 10.8556
      vertex 4.16235 1.4284 10.9103
    endloop
  endfacet
  facet normal -0.792675 -0.506576 0.339186
    outer loop
      vertex 3.93284 1.64166 10.9522
      vertex 3.96867 1.58305 10.9484
      vertex 3.96867 1.60461 10.9806
    endloop
  endfacet
  facet normal -0.792644 -0.458523 0.401836
    outer loop
      vertex 3.96867 1.6302 11.0098
      vertex 3.93284 1.64166 10.9522
      vertex 3.96867 1.60461 10.9806
    endloop
  endfacet
  facet normal -0.792591 -0.577289 0.19631
    outer loop
      vertex 3.93284 1.60902 10.8957
      vertex 3.96867 1.5534 10.8768
      vertex 3.96867 1.56588 10.9135
    endloop
  endfacet
  facet normal -0.607828 -0.712163 0.351238
    outer loop
      vertex 4.01029 1.547 10.9692
      vertex 4.01029 1.52742 10.9295
      vertex 4.05699 1.51597 10.9871
    endloop
  endfacet
  facet normal -0.867169 -0.445894 0.221804
    outer loop
      vertex 3.90341 1.65612 10.8762
      vertex 3.9085 1.66 10.9039
      vertex 3.90341 1.66 10.884
    endloop
  endfacet
  facet normal -0.865624 -0.448824 0.22193
    outer loop
      vertex 3.9085 1.66 10.9039
      vertex 3.90341 1.65612 10.8762
      vertex 3.93284 1.62349 10.925
    endloop
  endfacet
  facet normal -0.9236 -0.382547 0.0249225
    outer loop
      vertex 3.89617 1.66 10.8237
      vertex 3.896 1.66 10.8174
      vertex 3.90341 1.64267 10.826
    endloop
  endfacet
  facet normal -0.923628 -0.375974 -0.0745384
    outer loop
      vertex 3.89617 1.66 10.7763
      vertex 3.89663 1.66 10.7706
      vertex 3.90341 1.64267 10.774
    endloop
  endfacet
  facet normal -0.923635 -0.382461 0.0249488
    outer loop
      vertex 3.90341 1.64097 10.8
      vertex 3.896 1.66 10.8174
      vertex 3.89553 1.66 10.8
    endloop
  endfacet
  facet normal -0.923613 -0.382509 0.0250102
    outer loop
      vertex 3.896 1.66 10.8174
      vertex 3.90341 1.64097 10.8
      vertex 3.90341 1.64267 10.826
    endloop
  endfacet
  facet normal 0.792591 -0.577289 0.19631
    outer loop
      vertex 4.64533 1.56588 10.9135
      vertex 4.64533 1.5534 10.8768
      vertex 4.68116 1.60902 10.8957
    endloop
  endfacet
  facet normal 0.706706 -0.634838 0.312326
    outer loop
      vertex 4.60371 1.52742 10.9295
      vertex 4.64533 1.56588 10.9135
      vertex 4.64533 1.58305 10.9484
    endloop
  endfacet
  facet normal 0.607768 -0.523008 0.597561
    outer loop
      vertex 4.55701 1.61222 11.0968
      vertex 4.55701 1.57543 11.0646
      vertex 4.60371 1.63404 11.0684
    endloop
  endfacet
  facet normal 0.608454 -0.523483 0.596447
    outer loop
      vertex 4.55701 1.57543 11.0646
      vertex 4.60371 1.60077 11.0392
      vertex 4.60371 1.63404 11.0684
    endloop
  endfacet
  facet normal 0.707542 -0.39345 0.58701
    outer loop
      vertex 4.60371 1.63404 11.0684
      vertex 4.62246 1.66 11.0632
      vertex 4.60371 1.66 11.0858
    endloop
  endfacet
  facet normal 0.380889 -0.41046 0.828521
    outer loop
      vertex 4.48232 1.66 11.1712
      vertex 4.50603 1.6382 11.1495
      vertex 4.50603 1.66 11.1603
    endloop
  endfacet
  facet normal 0.381891 -0.409421 0.828573
    outer loop
      vertex 4.50603 1.6382 11.1495
      vertex 4.48232 1.66 11.1712
      vertex 4.45165 1.62694 11.169
    endloop
  endfacet
  facet normal 0.381203 -0.408824 0.829185
    outer loop
      vertex 4.45165 1.66 11.1853
      vertex 4.45165 1.62694 11.169
      vertex 4.48232 1.66 11.1712
    endloop
  endfacet
  facet normal -0.130062 -0.938854 0.318805
    outer loop
      vertex 4.21921 1.43224 10.9689
      vertex 4.27757 1.40626 10.9162
      vertex 4.27757 1.42514 10.9718
    endloop
  endfacet
  facet normal -0.12998 -0.889323 0.438418
    outer loop
      vertex 4.27757 1.45112 11.0245
      vertex 4.21921 1.43224 10.9689
      vertex 4.27757 1.42514 10.9718
    endloop
  endfacet
  facet normal -0.706626 -0.669913 -0.227807
    outer loop
      vertex 3.96867 1.56588 10.6865
      vertex 4.01029 1.52742 10.6705
      vertex 3.96867 1.5534 10.7232
    endloop
  endfacet
  facet normal -0.706706 -0.634838 -0.312326
    outer loop
      vertex 3.96867 1.56588 10.6865
      vertex 3.96867 1.58305 10.6516
      vertex 4.01029 1.52742 10.6705
    endloop
  endfacet
  facet normal -0.499037 -0.651554 -0.571349
    outer loop
      vertex 4.05699 1.54316 10.5722
      vertex 4.05699 1.57543 10.5354
      vertex 4.10797 1.51981 10.5543
    endloop
  endfacet
  facet normal -0.499057 -0.720566 -0.48138
    outer loop
      vertex 4.05699 1.54316 10.5722
      vertex 4.10797 1.51981 10.5543
      vertex 4.05699 1.51597 10.6129
    endloop
  endfacet
  facet normal -0.923217 -0.340807 -0.177542
    outer loop
      vertex 3.90192 1.66 10.7241
      vertex 3.90341 1.65612 10.7238
      vertex 3.90167 1.66 10.7254
    endloop
  endfacet
  facet normal -0.923476 -0.363361 -0.12313
    outer loop
      vertex 3.90167 1.66 10.7254
      vertex 3.90341 1.65612 10.7238
      vertex 3.90143 1.66 10.7272
    endloop
  endfacet
  facet normal -0.792757 -0.608229 -0.0399199
    outer loop
      vertex 3.93284 1.59213 10.7674
      vertex 3.96867 1.54583 10.7613
      vertex 3.96867 1.54329 10.8
    endloop
  endfacet
  facet normal -0.792755 -0.608231 -0.0399268
    outer loop
      vertex 3.93284 1.58999 10.8
      vertex 3.93284 1.59213 10.7674
      vertex 3.96867 1.54329 10.8
    endloop
  endfacet
  facet normal 0.792798 -0.577213 -0.195694
    outer loop
      vertex 4.64533 1.5534 10.7232
      vertex 4.68116 1.60902 10.7043
      vertex 4.68116 1.59851 10.7353
    endloop
  endfacet
  facet normal 0.706378 -0.694242 -0.138049
    outer loop
      vertex 4.60371 1.50457 10.7558
      vertex 4.60371 1.5132 10.7124
      vertex 4.64533 1.5534 10.7232
    endloop
  endfacet
  facet normal 0.706706 -0.634838 -0.312326
    outer loop
      vertex 4.60371 1.52742 10.6705
      vertex 4.64533 1.58305 10.6516
      vertex 4.64533 1.56588 10.6865
    endloop
  endfacet
  facet normal 0.706626 -0.669913 -0.227807
    outer loop
      vertex 4.64533 1.5534 10.7232
      vertex 4.60371 1.52742 10.6705
      vertex 4.64533 1.56588 10.6865
    endloop
  endfacet
  facet normal 0.79247 -0.402267 -0.458445
    outer loop
      vertex 4.64533 1.6302 10.5902
      vertex 4.64611 1.66 10.5654
      vertex 4.66387 1.66 10.5961
    endloop
  endfacet
  facet normal 0.791532 -0.403032 -0.459394
    outer loop
      vertex 4.64611 1.66 10.5654
      vertex 4.64533 1.6302 10.5902
      vertex 4.64533 1.65938 10.5646
    endloop
  endfacet
  facet normal 0.49878 -0.384097 -0.776973
    outer loop
      vertex 4.55701 1.65292 10.476
      vertex 4.54595 1.66 10.4654
      vertex 4.55701 1.66 10.4725
    endloop
  endfacet
  facet normal 0.607768 -0.523008 -0.597561
    outer loop
      vertex 4.55701 1.57543 10.5354
      vertex 4.55701 1.61222 10.5032
      vertex 4.60371 1.63404 10.5316
    endloop
  endfacet
  facet normal 0.607715 -0.441266 -0.660277
    outer loop
      vertex 4.55701 1.61222 10.5032
      vertex 4.55701 1.65292 10.476
      vertex 4.60371 1.63404 10.5316
    endloop
  endfacet
  facet normal 0.499053 -0.571303 -0.651581
    outer loop
      vertex 4.50603 1.55462 10.5146
      vertex 4.50603 1.59431 10.4798
      vertex 4.55701 1.57543 10.5354
    endloop
  endfacet
  facet normal 0.499065 -0.651566 -0.57131
    outer loop
      vertex 4.50603 1.51981 10.5543
      vertex 4.50603 1.55462 10.5146
      vertex 4.55701 1.57543 10.5354
    endloop
  endfacet
  facet normal 0.923217 -0.340807 0.177542
    outer loop
      vertex 4.71059 1.65612 10.8762
      vertex 4.71233 1.66 10.8746
      vertex 4.71208 1.66 10.8759
    endloop
  endfacet
  facet normal 0.923448 -0.38287 -0.0255724
    outer loop
      vertex 4.71059 1.64097 10.8
      vertex 4.7183 1.66 10.7935
      vertex 4.71848 1.66 10.8
    endloop
  endfacet
  facet normal 0.923607 -0.382508 -0.0252381
    outer loop
      vertex 4.7183 1.66 10.7935
      vertex 4.71059 1.64267 10.774
      vertex 4.71783 1.66 10.7763
    endloop
  endfacet
  facet normal 0.923528 -0.382714 -0.0250236
    outer loop
      vertex 4.71059 1.64267 10.774
      vertex 4.7183 1.66 10.7935
      vertex 4.71059 1.64097 10.8
    endloop
  endfacet
  facet normal 0.865568 -0.4743 -0.160724
    outer loop
      vertex 4.71059 1.64775 10.7485
      vertex 4.68116 1.60902 10.7043
      vertex 4.71059 1.65612 10.7238
    endloop
  endfacet
  facet normal 0.923476 -0.36336 -0.12313
    outer loop
      vertex 4.71059 1.64775 10.7485
      vertex 4.71257 1.66 10.7272
      vertex 4.71585 1.66 10.7518
    endloop
  endfacet
  facet normal 0.923476 -0.36336 -0.123131
    outer loop
      vertex 4.71257 1.66 10.7272
      vertex 4.71059 1.64775 10.7485
      vertex 4.71059 1.65612 10.7238
    endloop
  endfacet
  facet normal -0.706168 -0.467054 -0.532154
    outer loop
      vertex 3.96867 1.6302 10.5902
      vertex 4.01029 1.63404 10.5316
      vertex 4.01029 1.60077 10.5608
    endloop
  endfacet
  facet normal -0.706239 -0.466901 -0.532194
    outer loop
      vertex 3.96867 1.65938 10.5646
      vertex 4.01029 1.63404 10.5316
      vertex 3.96867 1.6302 10.5902
    endloop
  endfacet
  facet normal -0.706716 -0.532085 -0.466303
    outer loop
      vertex 3.96867 1.60461 10.6194
      vertex 3.96867 1.6302 10.5902
      vertex 4.01029 1.57159 10.594
    endloop
  endfacet
  facet normal -0.706675 -0.58792 -0.39365
    outer loop
      vertex 3.96867 1.60461 10.6194
      vertex 4.01029 1.57159 10.594
      vertex 3.96867 1.58305 10.6516
    endloop
  endfacet
  facet normal 0 -0.556348 -0.830949
    outer loop
      vertex 4.27757 1.56664 10.4438
      vertex 4.33643 1.61548 10.4111
      vertex 4.33643 1.56664 10.4438
    endloop
  endfacet
  facet normal -0 -0.556348 -0.830949
    outer loop
      vertex 4.33643 1.61548 10.4111
      vertex 4.27757 1.56664 10.4438
      vertex 4.27757 1.61548 10.4111
    endloop
  endfacet
  facet normal 0 -0.441399 -0.897311
    outer loop
      vertex 4.27757 1.61548 10.4111
      vertex 4.33643 1.66 10.3892
      vertex 4.33643 1.61548 10.4111
    endloop
  endfacet
  facet normal -0 -0.441399 -0.897311
    outer loop
      vertex 4.33643 1.66 10.3892
      vertex 4.27757 1.61548 10.4111
      vertex 4.27757 1.66 10.3892
    endloop
  endfacet
  facet normal 0.130341 -0.653461 -0.745654
    outer loop
      vertex 4.33643 1.52248 10.4825
      vertex 4.33643 1.56664 10.4438
      vertex 4.39479 1.57132 10.4499
    endloop
  endfacet
  facet normal -0.382289 -0.609193 -0.694795
    outer loop
      vertex 4.10797 1.59431 10.4798
      vertex 4.16235 1.5806 10.4619
      vertex 4.10797 1.55462 10.5146
    endloop
  endfacet
  facet normal -0.38172 -0.609849 -0.694532
    outer loop
      vertex 4.10797 1.55462 10.5146
      vertex 4.16235 1.5806 10.4619
      vertex 4.16235 1.53869 10.4987
    endloop
  endfacet
  facet normal -0.381865 -0.694916 -0.60932
    outer loop
      vertex 4.10797 1.51981 10.5543
      vertex 4.10797 1.55462 10.5146
      vertex 4.16235 1.50194 10.5406
    endloop
  endfacet
  facet normal -0.381748 -0.694862 -0.609455
    outer loop
      vertex 4.10797 1.55462 10.5146
      vertex 4.16235 1.53869 10.4987
      vertex 4.16235 1.50194 10.5406
    endloop
  endfacet
  facet normal 0.865575 -0.491171 -0.0976222
    outer loop
      vertex 4.68116 1.59213 10.7674
      vertex 4.68116 1.59851 10.7353
      vertex 4.71059 1.64775 10.7485
    endloop
  endfacet
  facet normal 0.792755 -0.608232 0.0399201
    outer loop
      vertex 4.64533 1.54583 10.8387
      vertex 4.64533 1.54329 10.8
      vertex 4.68116 1.58999 10.8
    endloop
  endfacet
  facet normal 0.792778 -0.597817 -0.118818
    outer loop
      vertex 4.68116 1.59213 10.7674
      vertex 4.64533 1.5534 10.7232
      vertex 4.68116 1.59851 10.7353
    endloop
  endfacet
  facet normal 0.706347 -0.706347 -0.046344
    outer loop
      vertex 4.60371 1.50167 10.8
      vertex 4.60371 1.50457 10.7558
      vertex 4.64533 1.54329 10.8
    endloop
  endfacet
  facet normal -0.258387 -0.963979 0.0630938
    outer loop
      vertex 4.16235 1.41753 10.8556
      vertex 4.21921 1.39865 10.8
      vertex 4.21921 1.40242 10.8576
    endloop
  endfacet
  facet normal -0.13029 -0.989354 -0.0648314
    outer loop
      vertex 4.21921 1.40242 10.7424
      vertex 4.27757 1.3948 10.7414
      vertex 4.27757 1.39096 10.8
    endloop
  endfacet
  facet normal 0.607895 -0.792316 0.0519551
    outer loop
      vertex 4.55701 1.46904 10.8488
      vertex 4.55701 1.46584 10.8
      vertex 4.60371 1.50167 10.8
    endloop
  endfacet
  facet normal 0.499153 -0.864657 0.0566988
    outer loop
      vertex 4.55701 1.46904 10.8488
      vertex 4.50603 1.43641 10.8
      vertex 4.55701 1.46584 10.8
    endloop
  endfacet
  facet normal -0.130062 -0.938854 -0.318805
    outer loop
      vertex 4.21921 1.43224 10.6311
      vertex 4.27757 1.42514 10.6282
      vertex 4.27757 1.40626 10.6838
    endloop
  endfacet
  facet normal -0.12998 -0.889323 -0.438418
    outer loop
      vertex 4.21921 1.43224 10.6311
      vertex 4.27757 1.45112 10.5755
      vertex 4.27757 1.42514 10.6282
    endloop
  endfacet
  facet normal 0 -0.896932 -0.442169
    outer loop
      vertex 4.27757 1.45112 10.5755
      vertex 4.33643 1.42514 10.6282
      vertex 4.27757 1.42514 10.6282
    endloop
  endfacet
  facet normal 0 -0.896932 -0.442169
    outer loop
      vertex 4.33643 1.42514 10.6282
      vertex 4.27757 1.45112 10.5755
      vertex 4.33643 1.45112 10.5755
    endloop
  endfacet
  facet normal -0.607913 -0.7923 0.0519835
    outer loop
      vertex 4.01029 1.50457 10.8442
      vertex 4.01029 1.50167 10.8
      vertex 4.05699 1.46904 10.8488
    endloop
  endfacet
  facet normal -0.706378 -0.694242 0.138049
    outer loop
      vertex 3.96867 1.5534 10.8768
      vertex 4.01029 1.50457 10.8442
      vertex 4.01029 1.5132 10.8876
    endloop
  endfacet
  facet normal -0.499394 -0.849739 -0.168964
    outer loop
      vertex 4.05699 1.47859 10.7032
      vertex 4.10797 1.45016 10.6955
      vertex 4.10797 1.43986 10.7473
    endloop
  endfacet
  facet normal -0.38184 -0.906482 -0.180246
    outer loop
      vertex 4.10797 1.43986 10.7473
      vertex 4.10797 1.45016 10.6955
      vertex 4.16235 1.41753 10.7444
    endloop
  endfacet
  facet normal -0.381932 -0.906466 -0.180133
    outer loop
      vertex 4.10797 1.45016 10.6955
      vertex 4.16235 1.4284 10.6897
      vertex 4.16235 1.41753 10.7444
    endloop
  endfacet
  facet normal -0.258207 -0.914861 -0.310417
    outer loop
      vertex 4.16235 1.44632 10.6369
      vertex 4.21921 1.43224 10.6311
      vertex 4.21921 1.41368 10.6858
    endloop
  endfacet
  facet normal -0.382055 -0.922155 0.0605371
    outer loop
      vertex 4.10797 1.43641 10.8
      vertex 4.16235 1.41388 10.8
      vertex 4.16235 1.41753 10.8556
    endloop
  endfacet
  facet normal -0.382055 -0.922155 -0.0605371
    outer loop
      vertex 4.10797 1.43641 10.8
      vertex 4.16235 1.41753 10.7444
      vertex 4.16235 1.41388 10.8
    endloop
  endfacet
  facet normal -0.381912 -0.922225 -0.0603733
    outer loop
      vertex 4.10797 1.43986 10.7473
      vertex 4.16235 1.41753 10.7444
      vertex 4.10797 1.43641 10.8
    endloop
  endfacet
  facet normal -0.499321 -0.849761 -0.169067
    outer loop
      vertex 4.05699 1.46904 10.7512
      vertex 4.05699 1.47859 10.7032
      vertex 4.10797 1.43986 10.7473
    endloop
  endfacet
  facet normal -0.499103 -0.777172 -0.383275
    outer loop
      vertex 4.05699 1.51597 10.6129
      vertex 4.10797 1.49048 10.5982
      vertex 4.05699 1.49432 10.6568
    endloop
  endfacet
  facet normal -0.498815 -0.77749 -0.383004
    outer loop
      vertex 4.05699 1.49432 10.6568
      vertex 4.10797 1.49048 10.5982
      vertex 4.10797 1.46713 10.6456
    endloop
  endfacet
  facet normal -0.865671 -0.376282 0.330192
    outer loop
      vertex 3.93284 1.66 10.9731
      vertex 3.91949 1.66 10.9381
      vertex 3.93284 1.64166 10.9522
    endloop
  endfacet
  facet normal -0.607653 -0.752072 0.255238
    outer loop
      vertex 4.01029 1.52742 10.9295
      vertex 4.01029 1.5132 10.8876
      vertex 4.05699 1.47859 10.8968
    endloop
  endfacet
  facet normal -0.706412 -0.670253 0.22747
    outer loop
      vertex 4.01029 1.52742 10.9295
      vertex 3.96867 1.5534 10.8768
      vertex 4.01029 1.5132 10.8876
    endloop
  endfacet
  facet normal -0.923628 -0.375974 0.0745384
    outer loop
      vertex 3.89663 1.66 10.8294
      vertex 3.89617 1.66 10.8237
      vertex 3.90341 1.64267 10.826
    endloop
  endfacet
  facet normal 0.790975 -0.331699 0.514134
    outer loop
      vertex 4.64533 1.65938 11.0354
      vertex 4.64611 1.66 11.0346
      vertex 4.64533 1.66 11.0358
    endloop
  endfacet
  facet normal 0.792546 -0.547177 0.269198
    outer loop
      vertex 4.64533 1.56588 10.9135
      vertex 4.68116 1.60902 10.8957
      vertex 4.64533 1.58305 10.9484
    endloop
  endfacet
  facet normal 0.706168 -0.467054 0.532154
    outer loop
      vertex 4.60371 1.60077 11.0392
      vertex 4.64533 1.6302 11.0098
      vertex 4.60371 1.63404 11.0684
    endloop
  endfacet
  facet normal 0.706208 -0.531795 0.467403
    outer loop
      vertex 4.60371 1.60077 11.0392
      vertex 4.60371 1.57159 11.006
      vertex 4.64533 1.6302 11.0098
    endloop
  endfacet
  facet normal 0.865647 -0.416311 0.278102
    outer loop
      vertex 4.68116 1.62349 10.925
      vertex 4.69451 1.66 10.9381
      vertex 4.68116 1.64166 10.9522
    endloop
  endfacet
  facet normal 0.865432 -0.416416 0.278613
    outer loop
      vertex 4.69451 1.66 10.9381
      vertex 4.68116 1.62349 10.925
      vertex 4.6995 1.66 10.9226
    endloop
  endfacet
  facet normal 0.865671 -0.376282 0.330192
    outer loop
      vertex 4.68116 1.64166 10.9522
      vertex 4.69451 1.66 10.9381
      vertex 4.68116 1.66 10.9731
    endloop
  endfacet
  facet normal 0.792675 -0.506576 0.339186
    outer loop
      vertex 4.64533 1.60461 10.9806
      vertex 4.64533 1.58305 10.9484
      vertex 4.68116 1.64166 10.9522
    endloop
  endfacet
  facet normal 0.706675 -0.58792 0.39365
    outer loop
      vertex 4.60371 1.57159 11.006
      vertex 4.64533 1.58305 10.9484
      vertex 4.64533 1.60461 10.9806
    endloop
  endfacet
  facet normal -0.924268 -0.341792 0.17002
    outer loop
      vertex 3.90341 1.66 10.884
      vertex 3.90192 1.66 10.8759
      vertex 3.90341 1.65612 10.8762
    endloop
  endfacet
  facet normal -0.607828 -0.712163 -0.351238
    outer loop
      vertex 4.01029 1.547 10.6308
      vertex 4.05699 1.51597 10.6129
      vertex 4.01029 1.52742 10.6705
    endloop
  endfacet
  facet normal -0.706358 -0.634842 -0.313104
    outer loop
      vertex 3.96867 1.58305 10.6516
      vertex 4.01029 1.547 10.6308
      vertex 4.01029 1.52742 10.6705
    endloop
  endfacet
  facet normal -0.923607 -0.382508 -0.0252381
    outer loop
      vertex 3.90341 1.64267 10.774
      vertex 3.8957 1.66 10.7935
      vertex 3.89617 1.66 10.7763
    endloop
  endfacet
  facet normal -0.923528 -0.382714 -0.0250236
    outer loop
      vertex 3.8957 1.66 10.7935
      vertex 3.90341 1.64267 10.774
      vertex 3.90341 1.64097 10.8
    endloop
  endfacet
  facet normal -0.923653 -0.382469 -0.0241571
    outer loop
      vertex 3.89553 1.66 10.8
      vertex 3.8957 1.66 10.7935
      vertex 3.90341 1.64097 10.8
    endloop
  endfacet
  facet normal 0.71076 -0.381351 -0.591094
    outer loop
      vertex 4.64533 1.65938 10.5646
      vertex 4.62246 1.66 10.5367
      vertex 4.64533 1.66 10.5642
    endloop
  endfacet
  facet normal 0.70628 -0.394661 -0.587717
    outer loop
      vertex 4.62246 1.66 10.5367
      vertex 4.64533 1.65938 10.5646
      vertex 4.60371 1.63404 10.5316
    endloop
  endfacet
  facet normal 0.790975 -0.331699 -0.514134
    outer loop
      vertex 4.64533 1.65938 10.5646
      vertex 4.64533 1.66 10.5642
      vertex 4.64611 1.66 10.5654
    endloop
  endfacet
  facet normal 0.608413 -0.596102 -0.523924
    outer loop
      vertex 4.60371 1.57159 10.594
      vertex 4.55701 1.57543 10.5354
      vertex 4.60371 1.60077 10.5608
    endloop
  endfacet
  facet normal 0.608454 -0.523483 -0.596447
    outer loop
      vertex 4.55701 1.57543 10.5354
      vertex 4.60371 1.63404 10.5316
      vertex 4.60371 1.60077 10.5608
    endloop
  endfacet
  facet normal 0.867169 -0.445894 0.221804
    outer loop
      vertex 4.7055 1.66 10.9039
      vertex 4.71059 1.65612 10.8762
      vertex 4.71059 1.66 10.884
    endloop
  endfacet
  facet normal 0.865624 -0.448824 0.22193
    outer loop
      vertex 4.71059 1.65612 10.8762
      vertex 4.7055 1.66 10.9039
      vertex 4.68116 1.62349 10.925
    endloop
  endfacet
  facet normal 0.924268 -0.341792 0.17002
    outer loop
      vertex 4.71059 1.65612 10.8762
      vertex 4.71208 1.66 10.8759
      vertex 4.71059 1.66 10.884
    endloop
  endfacet
  facet normal 0.792755 -0.608231 -0.0399268
    outer loop
      vertex 4.64533 1.54329 10.8
      vertex 4.68116 1.59213 10.7674
      vertex 4.68116 1.58999 10.8
    endloop
  endfacet
  facet normal 0.923443 -0.376402 -0.0746614
    outer loop
      vertex 4.71737 1.66 10.7706
      vertex 4.71059 1.64775 10.7485
      vertex 4.71585 1.66 10.7518
    endloop
  endfacet
  facet normal 0.923576 -0.376027 -0.0749104
    outer loop
      vertex 4.71059 1.64775 10.7485
      vertex 4.71737 1.66 10.7706
      vertex 4.71059 1.64267 10.774
    endloop
  endfacet
  facet normal -0.607715 -0.441266 -0.660277
    outer loop
      vertex 4.01029 1.63404 10.5316
      vertex 4.05699 1.65292 10.476
      vertex 4.05699 1.61222 10.5032
    endloop
  endfacet
  facet normal -0.499662 -0.481309 -0.720194
    outer loop
      vertex 4.05699 1.61222 10.5032
      vertex 4.05699 1.65292 10.476
      vertex 4.10797 1.59431 10.4798
    endloop
  endfacet
  facet normal -0.792644 -0.458523 -0.401836
    outer loop
      vertex 3.93284 1.64166 10.6478
      vertex 3.96867 1.6302 10.5902
      vertex 3.96867 1.60461 10.6194
    endloop
  endfacet
  facet normal -0.792675 -0.506576 -0.339186
    outer loop
      vertex 3.93284 1.64166 10.6478
      vertex 3.96867 1.60461 10.6194
      vertex 3.96867 1.58305 10.6516
    endloop
  endfacet
  facet normal 0.129529 -0.437681 -0.889751
    outer loop
      vertex 4.33643 1.61548 10.4111
      vertex 4.33643 1.66 10.3892
      vertex 4.38314 1.66 10.396
    endloop
  endfacet
  facet normal 0.129719 -0.439234 -0.888958
    outer loop
      vertex 4.39479 1.61932 10.4178
      vertex 4.38314 1.66 10.396
      vertex 4.39479 1.66 10.3977
    endloop
  endfacet
  facet normal 0.130934 -0.438884 -0.888953
    outer loop
      vertex 4.38314 1.66 10.396
      vertex 4.39479 1.61932 10.4178
      vertex 4.33643 1.61548 10.4111
    endloop
  endfacet
  facet normal 0.382304 -0.51264 -0.768794
    outer loop
      vertex 4.45165 1.5806 10.4619
      vertex 4.45165 1.62694 10.431
      vertex 4.50603 1.59431 10.4798
    endloop
  endfacet
  facet normal 0.382289 -0.609193 -0.694795
    outer loop
      vertex 4.50603 1.55462 10.5146
      vertex 4.45165 1.5806 10.4619
      vertex 4.50603 1.59431 10.4798
    endloop
  endfacet
  facet normal 0.865584 -0.499689 -0.0328017
    outer loop
      vertex 4.68116 1.58999 10.8
      vertex 4.68116 1.59213 10.7674
      vertex 4.71059 1.64097 10.8
    endloop
  endfacet
  facet normal 0.865584 -0.499689 0.0328017
    outer loop
      vertex 4.68116 1.59213 10.8326
      vertex 4.68116 1.58999 10.8
      vertex 4.71059 1.64097 10.8
    endloop
  endfacet
  facet normal 0.706355 -0.706338 -0.0463591
    outer loop
      vertex 4.64533 1.54329 10.8
      vertex 4.60371 1.50457 10.7558
      vertex 4.64533 1.54583 10.7613
    endloop
  endfacet
  facet normal 0.706433 -0.69421 -0.137931
    outer loop
      vertex 4.60371 1.50457 10.7558
      vertex 4.64533 1.5534 10.7232
      vertex 4.64533 1.54583 10.7613
    endloop
  endfacet
  facet normal 0.499153 -0.864657 -0.0566988
    outer loop
      vertex 4.50603 1.43641 10.8
      vertex 4.55701 1.46904 10.7512
      vertex 4.55701 1.46584 10.8
    endloop
  endfacet
  facet normal 0.607895 -0.792316 -0.0519551
    outer loop
      vertex 4.55701 1.46584 10.8
      vertex 4.55701 1.46904 10.7512
      vertex 4.60371 1.50167 10.8
    endloop
  endfacet
  facet normal 0.12998 -0.889323 -0.438418
    outer loop
      vertex 4.33643 1.42514 10.6282
      vertex 4.33643 1.45112 10.5755
      vertex 4.39479 1.43224 10.6311
    endloop
  endfacet
  facet normal 0.130062 -0.938854 -0.318805
    outer loop
      vertex 4.33643 1.40626 10.6838
      vertex 4.33643 1.42514 10.6282
      vertex 4.39479 1.43224 10.6311
    endloop
  endfacet
  facet normal -0.792764 -0.597843 0.118784
    outer loop
      vertex 3.96867 1.5534 10.8768
      vertex 3.93284 1.59213 10.8326
      vertex 3.96867 1.54583 10.8387
    endloop
  endfacet
  facet normal -0.792758 -0.608228 0.0399266
    outer loop
      vertex 3.93284 1.59213 10.8326
      vertex 3.93284 1.58999 10.8
      vertex 3.96867 1.54583 10.8387
    endloop
  endfacet
  facet normal -0.607895 -0.792316 -0.0519551
    outer loop
      vertex 4.01029 1.50167 10.8
      vertex 4.05699 1.46904 10.7512
      vertex 4.05699 1.46584 10.8
    endloop
  endfacet
  facet normal -0.499153 -0.864657 -0.0566988
    outer loop
      vertex 4.05699 1.46584 10.8
      vertex 4.05699 1.46904 10.7512
      vertex 4.10797 1.43641 10.8
    endloop
  endfacet
  facet normal -0.130365 -0.989349 -0.0647543
    outer loop
      vertex 4.21921 1.39865 10.8
      vertex 4.21921 1.40242 10.7424
      vertex 4.27757 1.39096 10.8
    endloop
  endfacet
  facet normal -0.258387 -0.963979 -0.0630938
    outer loop
      vertex 4.16235 1.41753 10.7444
      vertex 4.21921 1.40242 10.7424
      vertex 4.21921 1.39865 10.8
    endloop
  endfacet
  facet normal -0.258136 -0.914854 -0.310496
    outer loop
      vertex 4.16235 1.4284 10.6897
      vertex 4.16235 1.44632 10.6369
      vertex 4.21921 1.41368 10.6858
    endloop
  endfacet
  facet normal -0.25822 -0.947558 -0.188299
    outer loop
      vertex 4.16235 1.4284 10.6897
      vertex 4.21921 1.41368 10.6858
      vertex 4.16235 1.41753 10.7444
    endloop
  endfacet
  facet normal -0.607805 -0.778838 0.15487
    outer loop
      vertex 4.01029 1.5132 10.8876
      vertex 4.01029 1.50457 10.8442
      vertex 4.05699 1.46904 10.8488
    endloop
  endfacet
  facet normal -0.607752 -0.778861 0.154961
    outer loop
      vertex 4.01029 1.5132 10.8876
      vertex 4.05699 1.46904 10.8488
      vertex 4.05699 1.47859 10.8968
    endloop
  endfacet
  facet normal -0.923476 -0.363361 0.12313
    outer loop
      vertex 3.90167 1.66 10.8746
      vertex 3.90143 1.66 10.8728
      vertex 3.90341 1.65612 10.8762
    endloop
  endfacet
  facet normal 0.792757 -0.608229 -0.0399199
    outer loop
      vertex 4.64533 1.54329 10.8
      vertex 4.64533 1.54583 10.7613
      vertex 4.68116 1.59213 10.7674
    endloop
  endfacet
  facet normal 0.792764 -0.597843 -0.118784
    outer loop
      vertex 4.64533 1.54583 10.7613
      vertex 4.64533 1.5534 10.7232
      vertex 4.68116 1.59213 10.7674
    endloop
  endfacet
  facet normal -0.499153 -0.864657 0.0566988
    outer loop
      vertex 4.05699 1.46584 10.8
      vertex 4.10797 1.43641 10.8
      vertex 4.05699 1.46904 10.8488
    endloop
  endfacet
  facet normal -0.607895 -0.792316 0.0519551
    outer loop
      vertex 4.01029 1.50167 10.8
      vertex 4.05699 1.46584 10.8
      vertex 4.05699 1.46904 10.8488
    endloop
  endfacet
  facet normal 0 1 0
    outer loop
      vertex 12.307 3.46 7.56057
      vertex 12.2676 3.46 7.59999
      vertex 12.3046 3.46 7.59756
    endloop
  endfacet
  facet normal 0 1 0
    outer loop
      vertex 7.60001 3.46 13.9606
      vertex 7.5606 3.46 14
      vertex 7.59759 3.46 13.9976
    endloop
  endfacet
  facet normal 0 1 -0
    outer loop
      vertex 7.60001 3.46 8.79998
      vertex 7.5606 3.46 14
      vertex 7.60001 3.46 13.9606
    endloop
  endfacet
  facet normal 0 1 0
    outer loop
      vertex 7.5606 3.46 14
      vertex 7.60001 3.46 8.79998
      vertex 0.0394219 3.46 14
    endloop
  endfacet
  facet normal 0 1 0
    outer loop
      vertex 0.0394219 3.46 14
      vertex 8.42285e-06 3.46 13.9606
      vertex 0.00243457 3.46 13.9976
    endloop
  endfacet
  facet normal 0 1 0
    outer loop
      vertex 0.0394219 3.46 14
      vertex 7.60001 3.46 8.79998
      vertex 8.42285e-06 3.46 13.9606
    endloop
  endfacet
  facet normal 0 1 0
    outer loop
      vertex 7.61028 3.46 8.64335
      vertex 8.42285e-06 3.46 13.9606
      vertex 7.60001 3.46 8.79998
    endloop
  endfacet
  facet normal 0 1 0
    outer loop
      vertex 7.64091 3.46 8.48941
      vertex 8.42285e-06 3.46 13.9606
      vertex 7.61028 3.46 8.64335
    endloop
  endfacet
  facet normal 0 1 0
    outer loop
      vertex 2.6 3.46 1.2207e-05
      vertex 7.64091 3.46 8.48941
      vertex 7.69135 3.46 8.34077
    endloop
  endfacet
  facet normal 0 1 0
    outer loop
      vertex 2.6 3.46 1.2207e-05
      vertex 7.69135 3.46 8.34077
      vertex 7.76078 3.46 8.19998
    endloop
  endfacet
  facet normal 0 1 0
    outer loop
      vertex 2.6 3.46 1.2207e-05
      vertex 7.76078 3.46 8.19998
      vertex 7.84799 3.46 8.06947
    endloop
  endfacet
  facet normal 0 1 0
    outer loop
      vertex 2.6 3.46 1.2207e-05
      vertex 7.84799 3.46 8.06947
      vertex 7.95149 3.46 7.95146
    endloop
  endfacet
  facet normal 0 1 0
    outer loop
      vertex 2.6 3.46 1.2207e-05
      vertex 7.95149 3.46 7.95146
      vertex 8.0695 3.46 7.84796
    endloop
  endfacet
  facet normal 0 1 0
    outer loop
      vertex 12.2676 3.46 7.59999
      vertex 12.307 3.46 7.56057
      vertex 8.80001 3.46 7.59999
    endloop
  endfacet
  facet normal 0 1 0
    outer loop
      vertex 7.64091 3.46 8.48941
      vertex 8.42285e-06 3.46 0.0394257
      vertex 8.42285e-06 3.46 13.9606
    endloop
  endfacet
  facet normal 0 1 0
    outer loop
      vertex 2.6 3.46 1.2207e-05
      vertex 8.0695 3.46 7.84796
      vertex 8.20001 3.46 7.76075
    endloop
  endfacet
  facet normal 0 1 0
    outer loop
      vertex 2.6 3.46 1.2207e-05
      vertex 8.20001 3.46 7.76075
      vertex 8.3408 3.46 7.69133
    endloop
  endfacet
  facet normal 0 1 0
    outer loop
      vertex 2.6 3.46 1.2207e-05
      vertex 8.3408 3.46 7.69133
      vertex 8.48943 3.46 7.64088
    endloop
  endfacet
  facet normal 0 1 0
    outer loop
      vertex 12.307 3.46 7.62939e-07
      vertex 8.48943 3.46 7.64088
      vertex 8.64338 3.46 7.61026
    endloop
  endfacet
  facet normal 0 1 0
    outer loop
      vertex 12.307 3.46 7.62939e-07
      vertex 8.64338 3.46 7.61026
      vertex 8.80001 3.46 7.59999
    endloop
  endfacet
  facet normal 0 1 -0
    outer loop
      vertex 12.307 3.46 7.62939e-07
      vertex 8.80001 3.46 7.59999
      vertex 12.307 3.46 7.56057
    endloop
  endfacet
  facet normal 0 1 0
    outer loop
      vertex 7.64091 3.46 8.48941
      vertex 2.6 3.46 1.2207e-05
      vertex 8.42285e-06 3.46 0.0394257
    endloop
  endfacet
  facet normal 0 1 0
    outer loop
      vertex 8.42285e-06 3.46 0.0394257
      vertex 2.6 3.46 1.2207e-05
      vertex 0.0394219 3.46 1.2207e-05
    endloop
  endfacet
  facet normal 0 1 0
    outer loop
      vertex 8.48943 3.46 7.64088
      vertex 12.307 3.46 7.62939e-07
      vertex 2.6 3.46 1.2207e-05
    endloop
  endfacet
  facet normal 0 1 0
    outer loop
      vertex 2.6 3.46 1.2207e-05
      vertex 12.307 3.46 7.62939e-07
      vertex 2.6 3.46 7.62939e-07
    endloop
  endfacet
  facet normal 0 1 0
    outer loop
      vertex 8.42285e-06 3.46 0.0394257
      vertex 0.0394219 3.46 1.2207e-05
      vertex 0.00243457 3.46 0.00243835
    endloop
  endfacet
  facet normal 0 -1 0
    outer loop
      vertex 4.39479 1.66 11.2023
      vertex 7.5606 1.66 14
      vertex 2.6 1.66 14
    endloop
  endfacet
  facet normal 0 -1 0
    outer loop
      vertex 7.5606 1.66 14
      vertex 7.60001 1.66 13.9606
      vertex 7.59759 1.66 13.9976
    endloop
  endfacet
  facet normal 0 -1 0
    outer loop
      vertex 4.33643 1.66 11.2108
      vertex 2.6 1.66 14
      vertex 4.27757 1.66 11.2108
    endloop
  endfacet
  facet normal 0 -1 0
    outer loop
      vertex 2.6 1.66 14
      vertex 4.23086 1.66 11.204
      vertex 4.27757 1.66 11.2108
    endloop
  endfacet
  facet normal 0 -1 0
    outer loop
      vertex 2.6 1.66 14
      vertex 4.21921 1.66 11.2023
      vertex 4.23086 1.66 11.204
    endloop
  endfacet
  facet normal 0 -1 0
    outer loop
      vertex 2.6 1.66 14
      vertex 4.20492 1.66 11.198
      vertex 4.21921 1.66 11.2023
    endloop
  endfacet
  facet normal 0 -1 0
    outer loop
      vertex 2.6 1.66 14
      vertex 4.16235 1.66 11.1853
      vertex 4.20492 1.66 11.198
    endloop
  endfacet
  facet normal 0 -1 0
    outer loop
      vertex 2.6 1.66 14
      vertex 4.13168 1.66 11.1712
      vertex 4.16235 1.66 11.1853
    endloop
  endfacet
  facet normal 0 -1 0
    outer loop
      vertex 2.6 1.66 14
      vertex 4.10797 1.66 11.1603
      vertex 4.13168 1.66 11.1712
    endloop
  endfacet
  facet normal 0 -1 0
    outer loop
      vertex 2.6 1.66 14
      vertex 4.06806 1.66 11.1346
      vertex 4.10797 1.66 11.1603
    endloop
  endfacet
  facet normal 0 -1 0
    outer loop
      vertex 2.6 1.66 14
      vertex 4.05699 1.66 11.1275
      vertex 4.06806 1.66 11.1346
    endloop
  endfacet
  facet normal 0 -1 0
    outer loop
      vertex 2.6 1.66 14
      vertex 4.03854 1.66 11.1118
      vertex 4.05699 1.66 11.1275
    endloop
  endfacet
  facet normal 0 -1 0
    outer loop
      vertex 2.6 1.66 14
      vertex 4.01029 1.66 11.0858
      vertex 4.03854 1.66 11.1118
    endloop
  endfacet
  facet normal 0 -1 0
    outer loop
      vertex 2.6 1.66 14
      vertex 3.99154 1.66 11.0632
      vertex 4.01029 1.66 11.0858
    endloop
  endfacet
  facet normal 0 -1 0
    outer loop
      vertex 2.6 1.66 14
      vertex 3.96867 1.66 11.0358
      vertex 3.99154 1.66 11.0632
    endloop
  endfacet
  facet normal 0 -1 0
    outer loop
      vertex 2.6 1.66 14
      vertex 3.96789 1.66 11.0346
      vertex 3.96867 1.66 11.0358
    endloop
  endfacet
  facet normal 0 -1 0
    outer loop
      vertex 2.6 1.66 14
      vertex 3.95013 1.66 11.0039
      vertex 3.96789 1.66 11.0346
    endloop
  endfacet
  facet normal 0 -1 0
    outer loop
      vertex 2.6 1.66 14
      vertex 3.93633 1.66 10.98
      vertex 3.95013 1.66 11.0039
    endloop
  endfacet
  facet normal 0 -1 0
    outer loop
      vertex 2.6 1.66 14
      vertex 3.93284 1.66 10.9731
      vertex 3.93633 1.66 10.98
    endloop
  endfacet
  facet normal 0 -1 0
    outer loop
      vertex 2.6 1.66 14
      vertex 3.91949 1.66 10.9381
      vertex 3.93284 1.66 10.9731
    endloop
  endfacet
  facet normal 0 -1 0
    outer loop
      vertex 2.6 1.66 14
      vertex 3.9145 1.66 10.9226
      vertex 3.91949 1.66 10.9381
    endloop
  endfacet
  facet normal 0 -1 0
    outer loop
      vertex 2.6 1.66 14
      vertex 3.9085 1.66 10.9039
      vertex 3.9145 1.66 10.9226
    endloop
  endfacet
  facet normal 0 -1 0
    outer loop
      vertex 2.6 1.66 14
      vertex 3.90341 1.66 10.884
      vertex 3.9085 1.66 10.9039
    endloop
  endfacet
  facet normal 0 -1 0
    outer loop
      vertex 2.6 1.66 14
      vertex 3.90192 1.66 10.8759
      vertex 3.90341 1.66 10.884
    endloop
  endfacet
  facet normal 0 -1 0
    outer loop
      vertex 2.6 1.66 14
      vertex 3.90167 1.66 10.8746
      vertex 3.90192 1.66 10.8759
    endloop
  endfacet
  facet normal 0 -1 0
    outer loop
      vertex 2.6 1.66 14
      vertex 3.90143 1.66 10.8728
      vertex 3.90167 1.66 10.8746
    endloop
  endfacet
  facet normal 0 -1 0
    outer loop
      vertex 2.6 1.66 14
      vertex 3.89816 1.66 10.8482
      vertex 3.90143 1.66 10.8728
    endloop
  endfacet
  facet normal 0 -1 0
    outer loop
      vertex 2.6 1.66 14
      vertex 3.89663 1.66 10.8294
      vertex 3.89816 1.66 10.8482
    endloop
  endfacet
  facet normal 0 -1 0
    outer loop
      vertex 2.6 1.66 14
      vertex 3.89617 1.66 10.8237
      vertex 3.89663 1.66 10.8294
    endloop
  endfacet
  facet normal 0 -1 0
    outer loop
      vertex 2.6 1.66 14
      vertex 3.896 1.66 10.8174
      vertex 3.89617 1.66 10.8237
    endloop
  endfacet
  facet normal 0 -1 0
    outer loop
      vertex 2.6 1.66 14
      vertex 3.89553 1.66 10.8
      vertex 3.896 1.66 10.8174
    endloop
  endfacet
  facet normal 0 -1 0
    outer loop
      vertex 2.6 1.66 14
      vertex 3.8957 1.66 10.7935
      vertex 3.89553 1.66 10.8
    endloop
  endfacet
  facet normal 0 -1 0
    outer loop
      vertex 2.6 1.66 14
      vertex 3.89617 1.66 10.7763
      vertex 3.8957 1.66 10.7935
    endloop
  endfacet
  facet normal 0 -1 0
    outer loop
      vertex 2.6 1.66 14
      vertex 3.89663 1.66 10.7706
      vertex 3.89617 1.66 10.7763
    endloop
  endfacet
  facet normal 0 -1 0
    outer loop
      vertex 2.6 1.66 14
      vertex 3.89816 1.66 10.7518
      vertex 3.89663 1.66 10.7706
    endloop
  endfacet
  facet normal 0 -1 0
    outer loop
      vertex 2.6 1.66 14
      vertex 3.90143 1.66 10.7272
      vertex 3.89816 1.66 10.7518
    endloop
  endfacet
  facet normal 0 -1 0
    outer loop
      vertex 2.6 1.66 14
      vertex 3.90167 1.66 10.7254
      vertex 3.90143 1.66 10.7272
    endloop
  endfacet
  facet normal 0 -1 0
    outer loop
      vertex 2.6 1.66 14
      vertex 3.90192 1.66 10.7241
      vertex 3.90167 1.66 10.7254
    endloop
  endfacet
  facet normal 0 -1 0
    outer loop
      vertex 2.6 1.66 14
      vertex 3.90341 1.66 10.716
      vertex 3.90192 1.66 10.7241
    endloop
  endfacet
  facet normal 0 -1 0
    outer loop
      vertex 3.93 1.66 6.592
      vertex 3.90341 1.66 10.716
      vertex 2.6 1.66 14
    endloop
  endfacet
  facet normal 0 -1 0
    outer loop
      vertex 3.90341 1.66 10.716
      vertex 3.93 1.66 6.592
      vertex 3.9085 1.66 10.6961
    endloop
  endfacet
  facet normal 0 -1 0
    outer loop
      vertex 3.9085 1.66 10.6961
      vertex 3.93 1.66 6.592
      vertex 3.9145 1.66 10.6774
    endloop
  endfacet
  facet normal 0 -1 0
    outer loop
      vertex 3.9145 1.66 10.6774
      vertex 3.93 1.66 6.592
      vertex 3.91949 1.66 10.6619
    endloop
  endfacet
  facet normal 0 -1 0
    outer loop
      vertex 3.93 1.66 6.592
      vertex 4.06806 1.66 10.4654
      vertex 4.05699 1.66 10.4725
    endloop
  endfacet
  facet normal 0 -1 0
    outer loop
      vertex 3.93 1.66 6.592
      vertex 4.20492 1.66 10.402
      vertex 4.16235 1.66 10.4147
    endloop
  endfacet
  facet normal 0 -1 0
    outer loop
      vertex 3.93 1.66 6.592
      vertex 4.33643 1.66 10.3892
      vertex 4.27757 1.66 10.3892
    endloop
  endfacet
  facet normal 0 -1 0
    outer loop
      vertex 3.93 1.66 6.592
      vertex 4.27757 1.66 10.3892
      vertex 4.23086 1.66 10.396
    endloop
  endfacet
  facet normal 0 -1 0
    outer loop
      vertex 3.93 1.66 6.592
      vertex 4.23086 1.66 10.396
      vertex 4.21921 1.66 10.3977
    endloop
  endfacet
  facet normal 0 -1 -0
    outer loop
      vertex 4.20492 1.66 10.402
      vertex 3.93 1.66 6.592
      vertex 4.21921 1.66 10.3977
    endloop
  endfacet
  facet normal 0 -1 0
    outer loop
      vertex 3.93 1.66 6.592
      vertex 4.16235 1.66 10.4147
      vertex 4.13168 1.66 10.4288
    endloop
  endfacet
  facet normal 0 -1 0
    outer loop
      vertex 3.93 1.66 6.592
      vertex 4.13168 1.66 10.4288
      vertex 4.10797 1.66 10.4397
    endloop
  endfacet
  facet normal 0 -1 0
    outer loop
      vertex 4.33643 1.66 10.3892
      vertex 7.61028 1.66 8.64335
      vertex 7.60001 1.66 8.79998
    endloop
  endfacet
  facet normal 0 -1 0
    outer loop
      vertex 4.33643 1.66 10.3892
      vertex 6.53 1.66 6.592
      vertex 7.61028 1.66 8.64335
    endloop
  endfacet
  facet normal 0 -1 -0
    outer loop
      vertex 7.61028 1.66 8.64335
      vertex 6.53 1.66 6.592
      vertex 7.64091 1.66 8.48941
    endloop
  endfacet
  facet normal 0 -1 -0
    outer loop
      vertex 7.64091 1.66 8.48941
      vertex 6.53 1.66 6.592
      vertex 7.69135 1.66 8.34077
    endloop
  endfacet
  facet normal 0 -1 -0
    outer loop
      vertex 7.69135 1.66 8.34077
      vertex 6.53 1.66 6.592
      vertex 7.76078 1.66 8.19998
    endloop
  endfacet
  facet normal 0 -1 -0
    outer loop
      vertex 7.76078 1.66 8.19998
      vertex 6.53 1.66 6.592
      vertex 7.84799 1.66 8.06947
    endloop
  endfacet
  facet normal 0 -1 -0
    outer loop
      vertex 4.06806 1.66 10.4654
      vertex 3.93 1.66 6.592
      vertex 4.10797 1.66 10.4397
    endloop
  endfacet
  facet normal 0 -1 -0
    outer loop
      vertex 7.84799 1.66 8.06947
      vertex 6.53 1.66 6.592
      vertex 7.95149 1.66 7.95146
    endloop
  endfacet
  facet normal 0 -1 -0
    outer loop
      vertex 7.95149 1.66 7.95146
      vertex 6.53 1.66 6.592
      vertex 8.0695 1.66 7.84796
    endloop
  endfacet
  facet normal 0 -1 0
    outer loop
      vertex 12.307 1.66 7.56057
      vertex 12.2676 1.66 7.59999
      vertex 8.80001 1.66 7.59999
    endloop
  endfacet
  facet normal 0 -1 0
    outer loop
      vertex 12.2676 1.66 7.59999
      vertex 12.307 1.66 7.56057
      vertex 12.3046 1.66 7.59756
    endloop
  endfacet
  facet normal 0 -1 -0
    outer loop
      vertex 8.64338 1.66 7.61026
      vertex 6.53 1.66 6.592
      vertex 8.80001 1.66 7.59999
    endloop
  endfacet
  facet normal 0 -1 -0
    outer loop
      vertex 8.48943 1.66 7.64088
      vertex 6.53 1.66 6.592
      vertex 8.64338 1.66 7.61026
    endloop
  endfacet
  facet normal 0 -1 -0
    outer loop
      vertex 8.3408 1.66 7.69133
      vertex 6.53 1.66 6.592
      vertex 8.48943 1.66 7.64088
    endloop
  endfacet
  facet normal 0 -1 -0
    outer loop
      vertex 8.20001 1.66 7.76075
      vertex 6.53 1.66 6.592
      vertex 8.3408 1.66 7.69133
    endloop
  endfacet
  facet normal 0 -1 -0
    outer loop
      vertex 8.0695 1.66 7.84796
      vertex 6.53 1.66 6.592
      vertex 8.20001 1.66 7.76075
    endloop
  endfacet
  facet normal 0 -1 -0
    outer loop
      vertex 4.33643 1.66 10.3892
      vertex 3.93 1.66 6.592
      vertex 6.53 1.66 6.592
    endloop
  endfacet
  facet normal 0 -1 -0
    outer loop
      vertex 4.03854 1.66 10.4882
      vertex 3.93 1.66 6.592
      vertex 4.05699 1.66 10.4725
    endloop
  endfacet
  facet normal 0 -1 -0
    outer loop
      vertex 4.01029 1.66 10.5142
      vertex 3.93 1.66 6.592
      vertex 4.03854 1.66 10.4882
    endloop
  endfacet
  facet normal 0 -1 -0
    outer loop
      vertex 3.99154 1.66 10.5367
      vertex 3.93 1.66 6.592
      vertex 4.01029 1.66 10.5142
    endloop
  endfacet
  facet normal 0 -1 -0
    outer loop
      vertex 3.96867 1.66 10.5642
      vertex 3.93 1.66 6.592
      vertex 3.99154 1.66 10.5367
    endloop
  endfacet
  facet normal 0 -1 -0
    outer loop
      vertex 3.96789 1.66 10.5654
      vertex 3.93 1.66 6.592
      vertex 3.96867 1.66 10.5642
    endloop
  endfacet
  facet normal 0 -1 -0
    outer loop
      vertex 3.95013 1.66 10.5961
      vertex 3.93 1.66 6.592
      vertex 3.96789 1.66 10.5654
    endloop
  endfacet
  facet normal 0 -1 -0
    outer loop
      vertex 3.93633 1.66 10.62
      vertex 3.93 1.66 6.592
      vertex 3.95013 1.66 10.5961
    endloop
  endfacet
  facet normal 0 -1 -0
    outer loop
      vertex 3.93284 1.66 10.6269
      vertex 3.93 1.66 6.592
      vertex 3.93633 1.66 10.62
    endloop
  endfacet
  facet normal 0 -1 0
    outer loop
      vertex 3.91949 1.66 10.6619
      vertex 3.93 1.66 6.592
      vertex 3.93284 1.66 10.6269
    endloop
  endfacet
  facet normal 0 -1 0
    outer loop
      vertex 2.6 1.66 2.65
      vertex 3.93 1.66 6.592
      vertex 2.6 1.66 14
    endloop
  endfacet
  facet normal 0 -1 -0
    outer loop
      vertex 3.93 1.66 6.592
      vertex 2.6 1.66 2.65
      vertex 3.93 1.66 2.65
    endloop
  endfacet
  facet normal 0 -1 0
    outer loop
      vertex 4.38314 1.66 11.204
      vertex 2.6 1.66 14
      vertex 4.33643 1.66 11.2108
    endloop
  endfacet
  facet normal 0 -1 0
    outer loop
      vertex 4.39479 1.66 11.2023
      vertex 2.6 1.66 14
      vertex 4.38314 1.66 11.204
    endloop
  endfacet
  facet normal 0 -1 0
    outer loop
      vertex 4.40908 1.66 11.198
      vertex 7.5606 1.66 14
      vertex 4.39479 1.66 11.2023
    endloop
  endfacet
  facet normal 0 -1 0
    outer loop
      vertex 4.45165 1.66 11.1853
      vertex 7.5606 1.66 14
      vertex 4.40908 1.66 11.198
    endloop
  endfacet
  facet normal 0 -1 0
    outer loop
      vertex 4.48232 1.66 11.1712
      vertex 7.5606 1.66 14
      vertex 4.45165 1.66 11.1853
    endloop
  endfacet
  facet normal 0 -1 0
    outer loop
      vertex 4.50603 1.66 11.1603
      vertex 7.5606 1.66 14
      vertex 4.48232 1.66 11.1712
    endloop
  endfacet
  facet normal 0 -1 0
    outer loop
      vertex 4.54595 1.66 11.1346
      vertex 7.5606 1.66 14
      vertex 4.50603 1.66 11.1603
    endloop
  endfacet
  facet normal 0 -1 0
    outer loop
      vertex 4.55701 1.66 11.1275
      vertex 7.5606 1.66 14
      vertex 4.54595 1.66 11.1346
    endloop
  endfacet
  facet normal 0 -1 0
    outer loop
      vertex 4.57546 1.66 11.1118
      vertex 7.5606 1.66 14
      vertex 4.55701 1.66 11.1275
    endloop
  endfacet
  facet normal 0 -1 0
    outer loop
      vertex 4.60371 1.66 11.0858
      vertex 7.5606 1.66 14
      vertex 4.57546 1.66 11.1118
    endloop
  endfacet
  facet normal 0 -1 -0
    outer loop
      vertex 7.5606 1.66 14
      vertex 4.60371 1.66 11.0858
      vertex 7.60001 1.66 13.9606
    endloop
  endfacet
  facet normal 0 -1 0
    outer loop
      vertex 4.62246 1.66 11.0632
      vertex 7.60001 1.66 13.9606
      vertex 4.60371 1.66 11.0858
    endloop
  endfacet
  facet normal 0 -1 0
    outer loop
      vertex 4.64533 1.66 11.0358
      vertex 7.60001 1.66 13.9606
      vertex 4.62246 1.66 11.0632
    endloop
  endfacet
  facet normal 0 -1 0
    outer loop
      vertex 4.64611 1.66 11.0346
      vertex 7.60001 1.66 13.9606
      vertex 4.64533 1.66 11.0358
    endloop
  endfacet
  facet normal 0 -1 0
    outer loop
      vertex 4.66387 1.66 11.0039
      vertex 7.60001 1.66 13.9606
      vertex 4.64611 1.66 11.0346
    endloop
  endfacet
  facet normal 0 -1 0
    outer loop
      vertex 4.67767 1.66 10.98
      vertex 7.60001 1.66 13.9606
      vertex 4.66387 1.66 11.0039
    endloop
  endfacet
  facet normal 0 -1 0
    outer loop
      vertex 4.68116 1.66 10.9731
      vertex 7.60001 1.66 13.9606
      vertex 4.67767 1.66 10.98
    endloop
  endfacet
  facet normal 0 -1 0
    outer loop
      vertex 4.69451 1.66 10.9381
      vertex 7.60001 1.66 13.9606
      vertex 4.68116 1.66 10.9731
    endloop
  endfacet
  facet normal 0 -1 0
    outer loop
      vertex 4.6995 1.66 10.9226
      vertex 7.60001 1.66 13.9606
      vertex 4.69451 1.66 10.9381
    endloop
  endfacet
  facet normal 0 -1 0
    outer loop
      vertex 4.7055 1.66 10.9039
      vertex 7.60001 1.66 13.9606
      vertex 4.6995 1.66 10.9226
    endloop
  endfacet
  facet normal 0 -1 0
    outer loop
      vertex 4.71059 1.66 10.884
      vertex 7.60001 1.66 13.9606
      vertex 4.7055 1.66 10.9039
    endloop
  endfacet
  facet normal 0 -1 0
    outer loop
      vertex 7.60001 1.66 8.79998
      vertex 4.71059 1.66 10.884
      vertex 4.71208 1.66 10.8759
    endloop
  endfacet
  facet normal 0 -1 0
    outer loop
      vertex 7.60001 1.66 8.79998
      vertex 4.71208 1.66 10.8759
      vertex 4.71233 1.66 10.8746
    endloop
  endfacet
  facet normal 0 -1 0
    outer loop
      vertex 7.60001 1.66 8.79998
      vertex 4.71233 1.66 10.8746
      vertex 4.71257 1.66 10.8728
    endloop
  endfacet
  facet normal 0 -1 0
    outer loop
      vertex 7.60001 1.66 8.79998
      vertex 4.71257 1.66 10.8728
      vertex 4.71585 1.66 10.8482
    endloop
  endfacet
  facet normal 0 -1 0
    outer loop
      vertex 7.60001 1.66 8.79998
      vertex 4.71585 1.66 10.8482
      vertex 4.71737 1.66 10.8294
    endloop
  endfacet
  facet normal 0 -1 0
    outer loop
      vertex 7.60001 1.66 8.79998
      vertex 4.71737 1.66 10.8294
      vertex 4.71783 1.66 10.8237
    endloop
  endfacet
  facet normal 0 -1 0
    outer loop
      vertex 7.60001 1.66 8.79998
      vertex 4.71783 1.66 10.8237
      vertex 4.718 1.66 10.8174
    endloop
  endfacet
  facet normal 0 -1 0
    outer loop
      vertex 7.60001 1.66 8.79998
      vertex 4.718 1.66 10.8174
      vertex 4.71848 1.66 10.8
    endloop
  endfacet
  facet normal 0 -1 0
    outer loop
      vertex 7.60001 1.66 8.79998
      vertex 4.71848 1.66 10.8
      vertex 4.7183 1.66 10.7935
    endloop
  endfacet
  facet normal 0 -1 0
    outer loop
      vertex 7.60001 1.66 8.79998
      vertex 4.7183 1.66 10.7935
      vertex 4.71783 1.66 10.7763
    endloop
  endfacet
  facet normal 0 -1 0
    outer loop
      vertex 7.60001 1.66 8.79998
      vertex 4.71783 1.66 10.7763
      vertex 4.71737 1.66 10.7706
    endloop
  endfacet
  facet normal 0 -1 0
    outer loop
      vertex 7.60001 1.66 8.79998
      vertex 4.71737 1.66 10.7706
      vertex 4.71585 1.66 10.7518
    endloop
  endfacet
  facet normal 0 -1 0
    outer loop
      vertex 7.60001 1.66 8.79998
      vertex 4.71585 1.66 10.7518
      vertex 4.71257 1.66 10.7272
    endloop
  endfacet
  facet normal 0 -1 0
    outer loop
      vertex 7.60001 1.66 8.79998
      vertex 4.71257 1.66 10.7272
      vertex 4.71233 1.66 10.7254
    endloop
  endfacet
  facet normal 0 -1 0
    outer loop
      vertex 7.60001 1.66 8.79998
      vertex 4.71233 1.66 10.7254
      vertex 4.71208 1.66 10.7241
    endloop
  endfacet
  facet normal 0 -1 0
    outer loop
      vertex 7.60001 1.66 8.79998
      vertex 4.71208 1.66 10.7241
      vertex 4.71059 1.66 10.716
    endloop
  endfacet
  facet normal 0 -1 0
    outer loop
      vertex 7.60001 1.66 8.79998
      vertex 4.71059 1.66 10.716
      vertex 4.7055 1.66 10.6961
    endloop
  endfacet
  facet normal 0 -1 0
    outer loop
      vertex 7.60001 1.66 8.79998
      vertex 4.7055 1.66 10.6961
      vertex 4.6995 1.66 10.6774
    endloop
  endfacet
  facet normal 0 -1 0
    outer loop
      vertex 7.60001 1.66 8.79998
      vertex 4.6995 1.66 10.6774
      vertex 4.69451 1.66 10.6619
    endloop
  endfacet
  facet normal 0 -1 0
    outer loop
      vertex 7.60001 1.66 8.79998
      vertex 4.69451 1.66 10.6619
      vertex 4.68116 1.66 10.6269
    endloop
  endfacet
  facet normal 0 -1 0
    outer loop
      vertex 7.60001 1.66 8.79998
      vertex 4.68116 1.66 10.6269
      vertex 4.67767 1.66 10.62
    endloop
  endfacet
  facet normal 0 -1 0
    outer loop
      vertex 7.60001 1.66 8.79998
      vertex 4.67767 1.66 10.62
      vertex 4.66387 1.66 10.5961
    endloop
  endfacet
  facet normal 0 -1 0
    outer loop
      vertex 7.60001 1.66 8.79998
      vertex 4.66387 1.66 10.5961
      vertex 4.64611 1.66 10.5654
    endloop
  endfacet
  facet normal 0 -1 0
    outer loop
      vertex 7.60001 1.66 8.79998
      vertex 4.64611 1.66 10.5654
      vertex 4.64533 1.66 10.5642
    endloop
  endfacet
  facet normal 0 -1 0
    outer loop
      vertex 7.60001 1.66 8.79998
      vertex 4.64533 1.66 10.5642
      vertex 4.62246 1.66 10.5367
    endloop
  endfacet
  facet normal 0 -1 0
    outer loop
      vertex 7.60001 1.66 8.79998
      vertex 4.62246 1.66 10.5367
      vertex 4.60371 1.66 10.5142
    endloop
  endfacet
  facet normal 0 -1 0
    outer loop
      vertex 7.60001 1.66 8.79998
      vertex 4.54595 1.66 10.4654
      vertex 4.50603 1.66 10.4397
    endloop
  endfacet
  facet normal 0 -1 0
    outer loop
      vertex 7.60001 1.66 8.79998
      vertex 4.40908 1.66 10.402
      vertex 4.39479 1.66 10.3977
    endloop
  endfacet
  facet normal 0 -1 0
    outer loop
      vertex 4.71059 1.66 10.884
      vertex 7.60001 1.66 8.79998
      vertex 7.60001 1.66 13.9606
    endloop
  endfacet
  facet normal 0 -1 0
    outer loop
      vertex 4.57546 1.66 10.4882
      vertex 7.60001 1.66 8.79998
      vertex 4.60371 1.66 10.5142
    endloop
  endfacet
  facet normal 0 -1 0
    outer loop
      vertex 4.55701 1.66 10.4725
      vertex 7.60001 1.66 8.79998
      vertex 4.57546 1.66 10.4882
    endloop
  endfacet
  facet normal 0 -1 0
    outer loop
      vertex 4.54595 1.66 10.4654
      vertex 7.60001 1.66 8.79998
      vertex 4.55701 1.66 10.4725
    endloop
  endfacet
  facet normal 0 -1 0
    outer loop
      vertex 4.48232 1.66 10.4288
      vertex 7.60001 1.66 8.79998
      vertex 4.50603 1.66 10.4397
    endloop
  endfacet
  facet normal 0 -1 0
    outer loop
      vertex 4.45165 1.66 10.4147
      vertex 7.60001 1.66 8.79998
      vertex 4.48232 1.66 10.4288
    endloop
  endfacet
  facet normal 0 -1 0
    outer loop
      vertex 4.40908 1.66 10.402
      vertex 7.60001 1.66 8.79998
      vertex 4.45165 1.66 10.4147
    endloop
  endfacet
  facet normal 0 -1 0
    outer loop
      vertex 4.38314 1.66 10.396
      vertex 7.60001 1.66 8.79998
      vertex 4.39479 1.66 10.3977
    endloop
  endfacet
  facet normal 0 -1 0
    outer loop
      vertex 7.60001 1.66 8.79998
      vertex 4.38314 1.66 10.396
      vertex 4.33643 1.66 10.3892
    endloop
  endfacet
  facet normal 0 -1 0
    outer loop
      vertex 6.53 1.66 2.65
      vertex 8.80001 1.66 7.59999
      vertex 6.53 1.66 6.592
    endloop
  endfacet
  facet normal 0 -1 -0
    outer loop
      vertex 8.80001 1.66 7.59999
      vertex 6.53 1.66 2.65
      vertex 12.307 1.66 2.65
    endloop
  endfacet
  facet normal 0 -1 0
    outer loop
      vertex 8.80001 1.66 7.59999
      vertex 12.307 1.66 2.65
      vertex 12.307 1.66 7.56057
    endloop
  endfacet
  facet normal 0.0655345 0 0.99785
    outer loop
      vertex 12.2676 3.46 7.59999
      vertex 12.3046 1.66 7.59756
      vertex 12.3046 3.46 7.59756
    endloop
  endfacet
  facet normal 0.0655345 0 0.99785
    outer loop
      vertex 12.3046 1.66 7.59756
      vertex 12.2676 3.46 7.59999
      vertex 12.2676 1.66 7.59999
    endloop
  endfacet
  facet normal -0 0 1
    outer loop
      vertex 8.80001 3.46 7.59999
      vertex 12.2676 1.66 7.59999
      vertex 12.2676 3.46 7.59999
    endloop
  endfacet
  facet normal 0 0 1
    outer loop
      vertex 12.2676 1.66 7.59999
      vertex 8.80001 3.46 7.59999
      vertex 8.80001 1.66 7.59999
    endloop
  endfacet
  facet normal 0.065428 0 0.997857
    outer loop
      vertex 8.64338 3.46 7.61026
      vertex 8.80001 1.66 7.59999
      vertex 8.80001 3.46 7.59999
    endloop
  endfacet
  facet normal 0.065428 0 0.997857
    outer loop
      vertex 8.80001 1.66 7.59999
      vertex 8.64338 3.46 7.61026
      vertex 8.64338 1.66 7.61026
    endloop
  endfacet
  facet normal 0.195075 0 0.980788
    outer loop
      vertex 8.48943 3.46 7.64088
      vertex 8.64338 1.66 7.61026
      vertex 8.64338 3.46 7.61026
    endloop
  endfacet
  facet normal 0.195075 0 0.980788
    outer loop
      vertex 8.64338 1.66 7.61026
      vertex 8.48943 3.46 7.64088
      vertex 8.48943 1.66 7.64088
    endloop
  endfacet
  facet normal 0.321422 0 0.946936
    outer loop
      vertex 8.3408 3.46 7.69133
      vertex 8.48943 1.66 7.64088
      vertex 8.48943 3.46 7.64088
    endloop
  endfacet
  facet normal 0.321422 0 0.946936
    outer loop
      vertex 8.48943 1.66 7.64088
      vertex 8.3408 3.46 7.69133
      vertex 8.3408 1.66 7.69133
    endloop
  endfacet
  facet normal 0.442238 0 0.896898
    outer loop
      vertex 8.20001 3.46 7.76075
      vertex 8.3408 1.66 7.69133
      vertex 8.3408 3.46 7.69133
    endloop
  endfacet
  facet normal 0.442238 0 0.896898
    outer loop
      vertex 8.3408 1.66 7.69133
      vertex 8.20001 3.46 7.76075
      vertex 8.20001 1.66 7.76075
    endloop
  endfacet
  facet normal 0.555597 0 0.831452
    outer loop
      vertex 8.0695 3.46 7.84796
      vertex 8.20001 1.66 7.76075
      vertex 8.20001 3.46 7.76075
    endloop
  endfacet
  facet normal 0.555597 0 0.831452
    outer loop
      vertex 8.20001 1.66 7.76075
      vertex 8.0695 3.46 7.84796
      vertex 8.0695 1.66 7.84796
    endloop
  endfacet
  facet normal 0.659375 0 0.751815
    outer loop
      vertex 7.95149 3.46 7.95146
      vertex 8.0695 1.66 7.84796
      vertex 8.0695 3.46 7.84796
    endloop
  endfacet
  facet normal 0.659375 0 0.751815
    outer loop
      vertex 8.0695 1.66 7.84796
      vertex 7.95149 3.46 7.95146
      vertex 7.95149 1.66 7.95146
    endloop
  endfacet
  facet normal 0.751815 -0 0.659375
    outer loop
      vertex 7.84799 1.66 8.06947
      vertex 7.95149 3.46 7.95146
      vertex 7.84799 3.46 8.06947
    endloop
  endfacet
  facet normal 0.751815 0 0.659375
    outer loop
      vertex 7.95149 3.46 7.95146
      vertex 7.84799 1.66 8.06947
      vertex 7.95149 1.66 7.95146
    endloop
  endfacet
  facet normal 0.831452 -0 0.555597
    outer loop
      vertex 7.76078 1.66 8.19998
      vertex 7.84799 3.46 8.06947
      vertex 7.76078 3.46 8.19998
    endloop
  endfacet
  facet normal 0.831452 0 0.555597
    outer loop
      vertex 7.84799 3.46 8.06947
      vertex 7.76078 1.66 8.19998
      vertex 7.84799 1.66 8.06947
    endloop
  endfacet
  facet normal 0.896873 -0 0.442289
    outer loop
      vertex 7.69135 1.66 8.34077
      vertex 7.76078 3.46 8.19998
      vertex 7.69135 3.46 8.34077
    endloop
  endfacet
  facet normal 0.896873 0 0.442289
    outer loop
      vertex 7.76078 3.46 8.19998
      vertex 7.69135 1.66 8.34077
      vertex 7.76078 1.66 8.19998
    endloop
  endfacet
  facet normal 0.946962 -0 0.321345
    outer loop
      vertex 7.64091 1.66 8.48941
      vertex 7.69135 3.46 8.34077
      vertex 7.64091 3.46 8.48941
    endloop
  endfacet
  facet normal 0.946962 0 0.321345
    outer loop
      vertex 7.69135 3.46 8.34077
      vertex 7.64091 1.66 8.48941
      vertex 7.69135 1.66 8.34077
    endloop
  endfacet
  facet normal 0.980774 -0 0.195148
    outer loop
      vertex 7.61028 1.66 8.64335
      vertex 7.64091 3.46 8.48941
      vertex 7.61028 3.46 8.64335
    endloop
  endfacet
  facet normal 0.980774 0 0.195148
    outer loop
      vertex 7.64091 3.46 8.48941
      vertex 7.61028 1.66 8.64335
      vertex 7.64091 1.66 8.48941
    endloop
  endfacet
  facet normal 0.997857 -0 0.065428
    outer loop
      vertex 7.60001 1.66 8.79998
      vertex 7.61028 3.46 8.64335
      vertex 7.60001 3.46 8.79998
    endloop
  endfacet
  facet normal 0.997857 0 0.065428
    outer loop
      vertex 7.61028 3.46 8.64335
      vertex 7.60001 1.66 8.79998
      vertex 7.61028 1.66 8.64335
    endloop
  endfacet
  facet normal 1 -0 0
    outer loop
      vertex 7.60001 1.66 13.9606
      vertex 7.60001 3.46 8.79998
      vertex 7.60001 3.46 13.9606
    endloop
  endfacet
  facet normal 1 0 0
    outer loop
      vertex 7.60001 3.46 8.79998
      vertex 7.60001 1.66 13.9606
      vertex 7.60001 1.66 8.79998
    endloop
  endfacet
  facet normal 0.997868 -0 0.065266
    outer loop
      vertex 7.59759 1.66 13.9976
      vertex 7.60001 3.46 13.9606
      vertex 7.59759 3.46 13.9976
    endloop
  endfacet
  facet normal 0.997868 0 0.065266
    outer loop
      vertex 7.60001 3.46 13.9606
      vertex 7.59759 1.66 13.9976
      vertex 7.60001 1.66 13.9606
    endloop
  endfacet
  facet normal 0.0647463 0 0.997902
    outer loop
      vertex 7.5606 3.46 14
      vertex 7.59759 1.66 13.9976
      vertex 7.59759 3.46 13.9976
    endloop
  endfacet
  facet normal 0.0647463 0 0.997902
    outer loop
      vertex 7.59759 1.66 13.9976
      vertex 7.5606 3.46 14
      vertex 7.5606 1.66 14
    endloop
  endfacet
  facet normal 0 0 1
    outer loop
      vertex 7.5606 3.46 14
      vertex 2.6 3.45999 14
      vertex 7.5606 1.66 14
    endloop
  endfacet
  facet normal -0 0 1
    outer loop
      vertex 0.0394219 3.46 14
      vertex 2.6 3.45999 14
      vertex 7.5606 3.46 14
    endloop
  endfacet
  facet normal 0 0 1
    outer loop
      vertex 2.6 3.45999 14
      vertex 0.0394219 3.46 14
      vertex 0.0394219 3.45999 14
    endloop
  endfacet
  facet normal 0 0 1
    outer loop
      vertex 7.5606 1.66 14
      vertex 2.6 3.45999 14
      vertex 2.6 1.66 14
    endloop
  endfacet
  facet normal -0.0647509 0 0.997901
    outer loop
      vertex 0.00243457 3.46 13.9976
      vertex 0.0394219 3.45999 14
      vertex 0.0394219 3.46 14
    endloop
  endfacet
  facet normal -0.0647509 0 0.997901
    outer loop
      vertex 0.0394219 3.45999 14
      vertex 0.00243457 3.46 13.9976
      vertex 0.00243457 3.45999 13.9976
    endloop
  endfacet
  facet normal -0.997857 0 0.065431
    outer loop
      vertex 8.42285e-06 3.45999 13.9606
      vertex 0.00243457 3.46 13.9976
      vertex 8.42285e-06 3.46 13.9606
    endloop
  endfacet
  facet normal -0.997857 0 0.065431
    outer loop
      vertex 0.00243457 3.46 13.9976
      vertex 8.42285e-06 3.45999 13.9606
      vertex 0.00243457 3.45999 13.9976
    endloop
  endfacet
  facet normal -1 0 0
    outer loop
      vertex 8.42285e-06 3.45999 0.0394257
      vertex 8.42285e-06 3.46 13.9606
      vertex 8.42285e-06 3.46 0.0394257
    endloop
  endfacet
  facet normal -1 -0 0
    outer loop
      vertex 8.42285e-06 3.46 13.9606
      vertex 8.42285e-06 3.45999 0.0394257
      vertex 8.42285e-06 3.45999 13.9606
    endloop
  endfacet
  facet normal -0.997856 0.000453148 -0.0654533
    outer loop
      vertex 0.00243457 3.46 0.00243835
      vertex 0.000437803 3.45999 0.0328796
      vertex 8.42285e-06 3.46 0.0394257
    endloop
  endfacet
  facet normal -0.997856 0 -0.0654535
    outer loop
      vertex 0.000437803 3.45999 0.0328796
      vertex 0.00243457 3.46 0.00243835
      vertex 0.00243457 3.45799 0.00243835
    endloop
  endfacet
  facet normal -0.997856 -0 -0.0654526
    outer loop
      vertex 8.42285e-06 3.46 0.0394257
      vertex 0.000437803 3.45999 0.0328796
      vertex 8.42285e-06 3.45999 0.0394257
    endloop
  endfacet
  facet normal -0.0654535 0 -0.997856
    outer loop
      vertex 0.00848281 3.45796 0.00204163
      vertex 0.0394219 3.46 1.2207e-05
      vertex 0.0394219 3.42712 1.2207e-05
    endloop
  endfacet
  facet normal -0.065452 -0 -0.997856
    outer loop
      vertex 0.00243457 3.46 0.00243835
      vertex 0.00848281 3.45796 0.00204163
      vertex 0.00243457 3.45799 0.00243835
    endloop
  endfacet
  facet normal -0.0654532 -3.72381e-06 -0.997856
    outer loop
      vertex 0.00848281 3.45796 0.00204163
      vertex 0.00243457 3.46 0.00243835
      vertex 0.0394219 3.46 1.2207e-05
    endloop
  endfacet
  facet normal 0 0 -1
    outer loop
      vertex 2.6 -8.11713 1.2207e-05
      vertex 0.0394219 3.42712 1.2207e-05
      vertex 2.6 3.46 1.2207e-05
    endloop
  endfacet
  facet normal 0 0 -1
    outer loop
      vertex 7.93457e-07 -8.11713 1.2207e-05
      vertex 0.0394219 3.42712 1.2207e-05
      vertex 2.6 -8.11713 1.2207e-05
    endloop
  endfacet
  facet normal -0 0 -1
    outer loop
      vertex 0.0394219 3.42712 1.2207e-05
      vertex 7.93457e-07 -8.11713 1.2207e-05
      vertex 7.93457e-07 3.42712 1.2207e-05
    endloop
  endfacet
  facet normal -0 0 -1
    outer loop
      vertex 2.6 3.46 1.2207e-05
      vertex 0.0394219 3.42712 1.2207e-05
      vertex 0.0394219 3.46 1.2207e-05
    endloop
  endfacet
  facet normal 1 0 0
    outer loop
      vertex 12.307 1.66 2.65
      vertex 12.307 3.46 7.56057
      vertex 12.307 1.66 7.56057
    endloop
  endfacet
  facet normal 1 0 0
    outer loop
      vertex 12.307 3.46 7.56057
      vertex 12.307 1.66 2.65
      vertex 12.307 3.46 7.62939e-07
    endloop
  endfacet
  facet normal 1 0 0
    outer loop
      vertex 12.307 0.0999994 2
      vertex 12.307 1.66 2.65
      vertex 12.307 0.0999994 2.65
    endloop
  endfacet
  facet normal 1 0 0
    outer loop
      vertex 12.307 1.66 2.65
      vertex 12.307 0.0999994 2
      vertex 12.307 3.46 7.62939e-07
    endloop
  endfacet
  facet normal 1 0 0
    outer loop
      vertex 12.307 -8.15 7.62939e-07
      vertex 12.307 0.0999994 2
      vertex 12.307 -8.15 2
    endloop
  endfacet
  facet normal 1 0 0
    outer loop
      vertex 12.307 0.0999994 2
      vertex 12.307 -8.15 7.62939e-07
      vertex 12.307 3.46 7.62939e-07
    endloop
  endfacet
  facet normal 0.997902 -0 0.0647463
    outer loop
      vertex 12.3046 1.66 7.59756
      vertex 12.307 3.46 7.56057
      vertex 12.3046 3.46 7.59756
    endloop
  endfacet
  facet normal 0.997902 0 0.0647463
    outer loop
      vertex 12.307 3.46 7.56057
      vertex 12.3046 1.66 7.59756
      vertex 12.307 1.66 7.56057
    endloop
  endfacet
  facet normal 0 -0.997849 0.0655545
    outer loop
      vertex 7.93457e-07 -8.14999 27.9671
      vertex 2.6 -8.14796 27.998
      vertex 7.93457e-07 -8.14796 27.998
    endloop
  endfacet
  facet normal 0 -0.997849 0.0655545
    outer loop
      vertex 2.6 -8.14796 27.998
      vertex 7.93457e-07 -8.14999 27.9671
      vertex 2.6 -8.14999 27.9671
    endloop
  endfacet
  facet normal 0 -0.0647358 0.997902
    outer loop
      vertex 7.93457e-07 -8.11713 28
      vertex 2.6 -8.14796 27.998
      vertex 2.6 -8.11713 28
    endloop
  endfacet
  facet normal 0 -0.0647358 0.997902
    outer loop
      vertex 2.6 -8.14796 27.998
      vertex 7.93457e-07 -8.11713 28
      vertex 7.93457e-07 -8.14796 27.998
    endloop
  endfacet
  facet normal 0 0.997849 -0.065559
    outer loop
      vertex 0.00243457 3.45799 0.00243835
      vertex 7.93457e-07 3.45999 0.0328796
      vertex 0.000437803 3.45999 0.0328796
    endloop
  endfacet
  facet normal -0.00159273 0.997839 -0.0656857
    outer loop
      vertex 0.00243457 3.45799 0.00243835
      vertex 7.93457e-07 3.45796 0.00204163
      vertex 7.93457e-07 3.45999 0.0328796
    endloop
  endfacet
  facet normal 0 0.997153 -0.0754048
    outer loop
      vertex 7.93457e-07 3.45796 0.00204163
      vertex 0.00243457 3.45799 0.00243835
      vertex 0.00848281 3.45796 0.00204163
    endloop
  endfacet
  facet normal 0 0.997849 0.0655545
    outer loop
      vertex 2.6 3.45999 27.9671
      vertex 7.93457e-07 3.45796 27.998
      vertex 2.6 3.45796 27.998
    endloop
  endfacet
  facet normal 0 0.997849 0.0655545
    outer loop
      vertex 7.93457e-07 3.45796 27.998
      vertex 2.6 3.45999 27.9671
      vertex 7.93457e-07 3.45999 27.9671
    endloop
  endfacet
  facet normal -1 0 0
    outer loop
      vertex 2.6 3.46 7.62939e-07
      vertex 2.6 -8.11713 1.2207e-05
      vertex 2.6 3.46 1.2207e-05
    endloop
  endfacet
  facet normal -1 0 0
    outer loop
      vertex 2.6 -8.15 7.62939e-07
      vertex 2.6 -8.11713 1.2207e-05
      vertex 2.6 3.46 7.62939e-07
    endloop
  endfacet
  facet normal -1 0 0
    outer loop
      vertex 2.6 -8.15 7.62939e-07
      vertex 2.6 -8.14796 0.00204163
      vertex 2.6 -8.11713 1.2207e-05
    endloop
  endfacet
  facet normal -1 0 0
    outer loop
      vertex 2.6 -8.15 7.62939e-07
      vertex 2.6 -8.14999 0.0328796
      vertex 2.6 -8.14796 0.00204163
    endloop
  endfacet
  facet normal -1 0 0
    outer loop
      vertex 2.6 -8.15 10.2
      vertex 2.6 -8.14999 0.0328796
      vertex 2.6 -8.15 7.62939e-07
    endloop
  endfacet
  facet normal -1 0 0
    outer loop
      vertex 2.6 -8.14999 0.0328796
      vertex 2.6 -8.15 10.2
      vertex 2.6 -8.14999 10.2
    endloop
  endfacet
  facet normal 1 0 0
    outer loop
      vertex 2.6 -8.14999 27.9671
      vertex 2.6 -6.65 28
      vertex 2.6 -8.11713 28
    endloop
  endfacet
  facet normal 1 0 0
    outer loop
      vertex 2.6 -8.14999 27.9671
      vertex 2.6 -8.11713 28
      vertex 2.6 -8.14796 27.998
    endloop
  endfacet
  facet normal 1 0 0
    outer loop
      vertex 2.6 -6.65 28
      vertex 2.6 -8.14999 27.9671
      vertex 2.6 -6.65 10.2
    endloop
  endfacet
  facet normal 1 0 0
    outer loop
      vertex 2.6 -6.65 10.2
      vertex 2.6 -8.14999 27.9671
      vertex 2.6 -8.14999 10.2
    endloop
  endfacet
  facet normal 1 0 0
    outer loop
      vertex 2.6 3.42712 28
      vertex 2.6 3.45999 27.9671
      vertex 2.6 3.45796 27.998
    endloop
  endfacet
  facet normal 1 -0 0
    outer loop
      vertex 2.6 0.25 28
      vertex 2.6 3.45999 27.9671
      vertex 2.6 3.42712 28
    endloop
  endfacet
  facet normal 1 0 0
    outer loop
      vertex 2.6 3.45999 27.9671
      vertex 2.6 1.66 14
      vertex 2.6 3.45999 14
    endloop
  endfacet
  facet normal 1 0 0
    outer loop
      vertex 2.6 3.45999 27.9671
      vertex 2.6 0.25 28
      vertex 2.6 1.66 14
    endloop
  endfacet
  facet normal 1 0 0
    outer loop
      vertex 2.6 0.25 2.65
      vertex 2.6 1.66 14
      vertex 2.6 0.25 28
    endloop
  endfacet
  facet normal 1 0 0
    outer loop
      vertex 2.6 1.66 14
      vertex 2.6 0.25 2.65
      vertex 2.6 1.66 2.65
    endloop
  endfacet
  facet normal 0 -1 0
    outer loop
      vertex 7.93457e-07 -8.14999 27.9671
      vertex 2.6 -8.14999 10.2
      vertex 2.6 -8.14999 27.9671
    endloop
  endfacet
  facet normal 0 -1 0
    outer loop
      vertex 7.93457e-07 -8.14999 0.0328796
      vertex 2.6 -8.14999 10.2
      vertex 7.93457e-07 -8.14999 27.9671
    endloop
  endfacet
  facet normal 0 -1 -0
    outer loop
      vertex 2.6 -8.14999 10.2
      vertex 7.93457e-07 -8.14999 0.0328796
      vertex 2.6 -8.14999 0.0328796
    endloop
  endfacet
  facet normal 0 0.0656629 -0.997842
    outer loop
      vertex 7.93457e-07 3.42712 1.2207e-05
      vertex 0.00848281 3.45796 0.00204163
      vertex 0.0394219 3.42712 1.2207e-05
    endloop
  endfacet
  facet normal 0 0.0656629 -0.997842
    outer loop
      vertex 0.00848281 3.45796 0.00204163
      vertex 7.93457e-07 3.42712 1.2207e-05
      vertex 7.93457e-07 3.45796 0.00204163
    endloop
  endfacet
  facet normal 0 1 -0
    outer loop
      vertex 2.6 3.45999 14
      vertex 7.93457e-07 3.45999 27.9671
      vertex 2.6 3.45999 27.9671
    endloop
  endfacet
  facet normal 0 1 -0
    outer loop
      vertex 0.0394219 3.45999 14
      vertex 7.93457e-07 3.45999 27.9671
      vertex 2.6 3.45999 14
    endloop
  endfacet
  facet normal 0 1 -0
    outer loop
      vertex 0.00243457 3.45999 13.9976
      vertex 7.93457e-07 3.45999 27.9671
      vertex 0.0394219 3.45999 14
    endloop
  endfacet
  facet normal 0 1 -0
    outer loop
      vertex 8.42285e-06 3.45999 13.9606
      vertex 7.93457e-07 3.45999 27.9671
      vertex 0.00243457 3.45999 13.9976
    endloop
  endfacet
  facet normal 0 1 -0
    outer loop
      vertex 8.42285e-06 3.45999 0.0394257
      vertex 7.93457e-07 3.45999 27.9671
      vertex 8.42285e-06 3.45999 13.9606
    endloop
  endfacet
  facet normal 0 1 0
    outer loop
      vertex 8.42285e-06 3.45999 0.0394257
      vertex 7.93457e-07 3.45999 0.0328796
      vertex 7.93457e-07 3.45999 27.9671
    endloop
  endfacet
  facet normal 0 1 0
    outer loop
      vertex 7.93457e-07 3.45999 0.0328796
      vertex 8.42285e-06 3.45999 0.0394257
      vertex 0.000437803 3.45999 0.0328796
    endloop
  endfacet
  facet normal 0 -0.0656841 -0.99784
    outer loop
      vertex 7.93457e-07 -8.14796 0.00204163
      vertex 2.6 -8.11713 1.2207e-05
      vertex 2.6 -8.14796 0.00204163
    endloop
  endfacet
  facet normal -0 -0.0656841 -0.99784
    outer loop
      vertex 2.6 -8.11713 1.2207e-05
      vertex 7.93457e-07 -8.14796 0.00204163
      vertex 7.93457e-07 -8.11713 1.2207e-05
    endloop
  endfacet
  facet normal 0 -0.99784 -0.0656858
    outer loop
      vertex 7.93457e-07 -8.14796 0.00204163
      vertex 2.6 -8.14999 0.0328796
      vertex 7.93457e-07 -8.14999 0.0328796
    endloop
  endfacet
  facet normal 0 -0.99784 -0.0656858
    outer loop
      vertex 2.6 -8.14999 0.0328796
      vertex 7.93457e-07 -8.14796 0.00204163
      vertex 2.6 -8.14796 0.00204163
    endloop
  endfacet
  facet normal -1 0 0
    outer loop
      vertex 7.93457e-07 3.42712 1.2207e-05
      vertex 7.93457e-07 3.45999 0.0328796
      vertex 7.93457e-07 3.45796 0.00204163
    endloop
  endfacet
  facet normal -1 0 0
    outer loop
      vertex 7.93457e-07 3.45999 0.0328796
      vertex 7.93457e-07 -0.177261 8.70706
      vertex 7.93457e-07 3.45999 27.9671
    endloop
  endfacet
  facet normal -1 0 0
    outer loop
      vertex 7.93457e-07 -0.550003 5.60717
      vertex 7.93457e-07 3.45999 0.0328796
      vertex 7.93457e-07 3.42712 1.2207e-05
    endloop
  endfacet
  facet normal -1 0 0
    outer loop
      vertex 7.93457e-07 -0.210892 8.80615
      vertex 7.93457e-07 3.45999 27.9671
      vertex 7.93457e-07 -0.177261 8.70706
    endloop
  endfacet
  facet normal -1 0 0
    outer loop
      vertex 7.93457e-07 3.45999 0.0328796
      vertex 7.93457e-07 -0.149994 6.3
      vertex 7.93457e-07 -0.149994 8.5
    endloop
  endfacet
  facet normal -1 0 0
    outer loop
      vertex 7.93457e-07 3.45999 0.0328796
      vertex 7.93457e-07 -0.156845 6.19558
      vertex 7.93457e-07 -0.149994 6.3
    endloop
  endfacet
  facet normal -1 0 0
    outer loop
      vertex 7.93457e-07 3.45999 0.0328796
      vertex 7.93457e-07 -0.177261 6.09294
      vertex 7.93457e-07 -0.156845 6.19558
    endloop
  endfacet
  facet normal -1 0 0
    outer loop
      vertex 7.93457e-07 3.45999 0.0328796
      vertex 7.93457e-07 -0.210892 5.99385
      vertex 7.93457e-07 -0.177261 6.09294
    endloop
  endfacet
  facet normal -1 0 0
    outer loop
      vertex 7.93457e-07 3.45999 0.0328796
      vertex 7.93457e-07 -0.257172 5.90001
      vertex 7.93457e-07 -0.210892 5.99385
    endloop
  endfacet
  facet normal -1 0 0
    outer loop
      vertex 7.93457e-07 3.45999 0.0328796
      vertex 7.93457e-07 -0.315308 5.81299
      vertex 7.93457e-07 -0.257172 5.90001
    endloop
  endfacet
  facet normal -1 0 0
    outer loop
      vertex 7.93457e-07 3.45999 0.0328796
      vertex 7.93457e-07 -0.384308 5.73431
      vertex 7.93457e-07 -0.315308 5.81299
    endloop
  endfacet
  facet normal -1 0 0
    outer loop
      vertex 7.93457e-07 3.45999 0.0328796
      vertex 7.93457e-07 -0.462982 5.66531
      vertex 7.93457e-07 -0.384308 5.73431
    endloop
  endfacet
  facet normal -1 0 0
    outer loop
      vertex 7.93457e-07 3.45999 0.0328796
      vertex 7.93457e-07 -0.550003 5.60717
      vertex 7.93457e-07 -0.462982 5.66531
    endloop
  endfacet
  facet normal -1 0 0
    outer loop
      vertex 7.93457e-07 3.42712 1.2207e-05
      vertex 7.93457e-07 -0.643845 5.56089
      vertex 7.93457e-07 -0.550003 5.60717
    endloop
  endfacet
  facet normal -1 0 0
    outer loop
      vertex 7.93457e-07 3.42712 1.2207e-05
      vertex 7.93457e-07 -0.742935 5.52726
      vertex 7.93457e-07 -0.643845 5.56089
    endloop
  endfacet
  facet normal -1 0 0
    outer loop
      vertex 7.93457e-07 3.42712 1.2207e-05
      vertex 7.93457e-07 -0.845581 5.50685
      vertex 7.93457e-07 -0.742935 5.52726
    endloop
  endfacet
  facet normal -1 0 0
    outer loop
      vertex 7.93457e-07 3.42712 1.2207e-05
      vertex 7.93457e-07 -0.949997 5.5
      vertex 7.93457e-07 -0.845581 5.50685
    endloop
  endfacet
  facet normal -1 0 0
    outer loop
      vertex 7.93457e-07 -8.11713 1.2207e-05
      vertex 7.93457e-07 -0.949997 5.5
      vertex 7.93457e-07 3.42712 1.2207e-05
    endloop
  endfacet
  facet normal -1 -0 0
    outer loop
      vertex 7.93457e-07 -0.949997 5.5
      vertex 7.93457e-07 -8.11713 1.2207e-05
      vertex 7.93457e-07 -5.45 5.5
    endloop
  endfacet
  facet normal -1 -0 0
    outer loop
      vertex 7.93457e-07 -5.45 5.5
      vertex 7.93457e-07 -8.11713 1.2207e-05
      vertex 7.93457e-07 -5.55441 5.50685
    endloop
  endfacet
  facet normal -1 0 0
    outer loop
      vertex 7.93457e-07 -8.14999 0.0328796
      vertex 7.93457e-07 -5.55441 5.50685
      vertex 7.93457e-07 -8.11713 1.2207e-05
    endloop
  endfacet
  facet normal -1 -0 0
    outer loop
      vertex 7.93457e-07 -5.55441 5.50685
      vertex 7.93457e-07 -8.14999 0.0328796
      vertex 7.93457e-07 -5.65706 5.52726
    endloop
  endfacet
  facet normal -1 -0 0
    outer loop
      vertex 7.93457e-07 -6.24315 6.19558
      vertex 7.93457e-07 -8.14999 0.0328796
      vertex 7.93457e-07 -6.25 6.3
    endloop
  endfacet
  facet normal -1 -0 0
    outer loop
      vertex 7.93457e-07 -6.22273 6.09294
      vertex 7.93457e-07 -8.14999 0.0328796
      vertex 7.93457e-07 -6.24315 6.19558
    endloop
  endfacet
  facet normal -1 -0 0
    outer loop
      vertex 7.93457e-07 -6.1891 5.99385
      vertex 7.93457e-07 -8.14999 0.0328796
      vertex 7.93457e-07 -6.22273 6.09294
    endloop
  endfacet
  facet normal -1 -0 0
    outer loop
      vertex 7.93457e-07 -6.14282 5.90001
      vertex 7.93457e-07 -8.14999 0.0328796
      vertex 7.93457e-07 -6.1891 5.99385
    endloop
  endfacet
  facet normal -1 -0 0
    outer loop
      vertex 7.93457e-07 -6.08469 5.81299
      vertex 7.93457e-07 -8.14999 0.0328796
      vertex 7.93457e-07 -6.14282 5.90001
    endloop
  endfacet
  facet normal -1 -0 0
    outer loop
      vertex 7.93457e-07 -6.01569 5.73431
      vertex 7.93457e-07 -8.14999 0.0328796
      vertex 7.93457e-07 -6.08469 5.81299
    endloop
  endfacet
  facet normal -1 -0 0
    outer loop
      vertex 7.93457e-07 -5.93701 5.66531
      vertex 7.93457e-07 -8.14999 0.0328796
      vertex 7.93457e-07 -6.01569 5.73431
    endloop
  endfacet
  facet normal -1 -0 0
    outer loop
      vertex 7.93457e-07 -5.84999 5.60717
      vertex 7.93457e-07 -8.14999 0.0328796
      vertex 7.93457e-07 -5.93701 5.66531
    endloop
  endfacet
  facet normal -1 -0 0
    outer loop
      vertex 7.93457e-07 -5.75615 5.56089
      vertex 7.93457e-07 -8.14999 0.0328796
      vertex 7.93457e-07 -5.84999 5.60717
    endloop
  endfacet
  facet normal -1 -0 0
    outer loop
      vertex 7.93457e-07 -5.65706 5.52726
      vertex 7.93457e-07 -8.14999 0.0328796
      vertex 7.93457e-07 -5.75615 5.56089
    endloop
  endfacet
  facet normal -1 0 0
    outer loop
      vertex 7.93457e-07 3.45999 0.0328796
      vertex 7.93457e-07 -0.149994 8.5
      vertex 7.93457e-07 -0.156845 8.60441
    endloop
  endfacet
  facet normal -1 0 0
    outer loop
      vertex 7.93457e-07 3.45999 0.0328796
      vertex 7.93457e-07 -0.156845 8.60441
      vertex 7.93457e-07 -0.177261 8.70706
    endloop
  endfacet
  facet normal -1 0 0
    outer loop
      vertex 7.93457e-07 -0.257172 8.89999
      vertex 7.93457e-07 3.45999 27.9671
      vertex 7.93457e-07 -0.210892 8.80615
    endloop
  endfacet
  facet normal -1 0 0
    outer loop
      vertex 7.93457e-07 -0.315308 8.98701
      vertex 7.93457e-07 3.45999 27.9671
      vertex 7.93457e-07 -0.257172 8.89999
    endloop
  endfacet
  facet normal -1 0 0
    outer loop
      vertex 7.93457e-07 -0.384308 9.06569
      vertex 7.93457e-07 3.45999 27.9671
      vertex 7.93457e-07 -0.315308 8.98701
    endloop
  endfacet
  facet normal -1 0 0
    outer loop
      vertex 7.93457e-07 -0.462982 9.13469
      vertex 7.93457e-07 3.45999 27.9671
      vertex 7.93457e-07 -0.384308 9.06569
    endloop
  endfacet
  facet normal -1 0 0
    outer loop
      vertex 7.93457e-07 -0.550003 9.19282
      vertex 7.93457e-07 3.45999 27.9671
      vertex 7.93457e-07 -0.462982 9.13469
    endloop
  endfacet
  facet normal -1 0 0
    outer loop
      vertex 7.93457e-07 -0.643845 9.2391
      vertex 7.93457e-07 3.45999 27.9671
      vertex 7.93457e-07 -0.550003 9.19282
    endloop
  endfacet
  facet normal -1 0 0
    outer loop
      vertex 7.93457e-07 -0.742935 9.27273
      vertex 7.93457e-07 3.45999 27.9671
      vertex 7.93457e-07 -0.643845 9.2391
    endloop
  endfacet
  facet normal -1 0 0
    outer loop
      vertex 7.93457e-07 3.45999 27.9671
      vertex 7.93457e-07 3.42712 28
      vertex 7.93457e-07 3.45796 27.998
    endloop
  endfacet
  facet normal -1 0 0
    outer loop
      vertex 7.93457e-07 -0.845581 9.29315
      vertex 7.93457e-07 3.45999 27.9671
      vertex 7.93457e-07 -0.742935 9.27273
    endloop
  endfacet
  facet normal -1 0 0
    outer loop
      vertex 7.93457e-07 -0.949997 9.3
      vertex 7.93457e-07 3.45999 27.9671
      vertex 7.93457e-07 -0.845581 9.29315
    endloop
  endfacet
  facet normal -1 0 0
    outer loop
      vertex 7.93457e-07 -8.14999 27.9671
      vertex 7.93457e-07 3.45999 27.9671
      vertex 7.93457e-07 -0.949997 9.3
    endloop
  endfacet
  facet normal -1 0 0
    outer loop
      vertex 7.93457e-07 -8.14999 27.9671
      vertex 7.93457e-07 -0.949997 9.3
      vertex 7.93457e-07 -5.45 9.3
    endloop
  endfacet
  facet normal -1 0 0
    outer loop
      vertex 7.93457e-07 -8.14999 27.9671
      vertex 7.93457e-07 -5.45 9.3
      vertex 7.93457e-07 -5.55441 9.29315
    endloop
  endfacet
  facet normal -1 0 0
    outer loop
      vertex 7.93457e-07 -8.14999 27.9671
      vertex 7.93457e-07 -5.55441 9.29315
      vertex 7.93457e-07 -5.65706 9.27273
    endloop
  endfacet
  facet normal -1 0 0
    outer loop
      vertex 7.93457e-07 -8.14999 27.9671
      vertex 7.93457e-07 -5.65706 9.27273
      vertex 7.93457e-07 -5.75615 9.2391
    endloop
  endfacet
  facet normal -1 0 0
    outer loop
      vertex 7.93457e-07 -8.14999 27.9671
      vertex 7.93457e-07 -5.75615 9.2391
      vertex 7.93457e-07 -5.84999 9.19282
    endloop
  endfacet
  facet normal -1 0 0
    outer loop
      vertex 7.93457e-07 -8.14999 27.9671
      vertex 7.93457e-07 -5.84999 9.19282
      vertex 7.93457e-07 -5.93701 9.13469
    endloop
  endfacet
  facet normal -1 0 0
    outer loop
      vertex 7.93457e-07 -8.14999 27.9671
      vertex 7.93457e-07 -5.93701 9.13469
      vertex 7.93457e-07 -6.01569 9.06569
    endloop
  endfacet
  facet normal -1 0 0
    outer loop
      vertex 7.93457e-07 -8.14999 27.9671
      vertex 7.93457e-07 -6.01569 9.06569
      vertex 7.93457e-07 -6.08469 8.98701
    endloop
  endfacet
  facet normal -1 0 0
    outer loop
      vertex 7.93457e-07 -8.14999 27.9671
      vertex 7.93457e-07 -6.08469 8.98701
      vertex 7.93457e-07 -6.14282 8.89999
    endloop
  endfacet
  facet normal -1 -0 0
    outer loop
      vertex 7.93457e-07 -6.25 6.3
      vertex 7.93457e-07 -8.14999 0.0328796
      vertex 7.93457e-07 -6.25 8.5
    endloop
  endfacet
  facet normal -1 -0 0
    outer loop
      vertex 7.93457e-07 -6.25 8.5
      vertex 7.93457e-07 -8.14999 0.0328796
      vertex 7.93457e-07 -6.24315 8.60441
    endloop
  endfacet
  facet normal -1 0 0
    outer loop
      vertex 7.93457e-07 3.45999 27.9671
      vertex 7.93457e-07 -8.14999 27.9671
      vertex 7.93457e-07 3.42712 28
    endloop
  endfacet
  facet normal -1 0 0
    outer loop
      vertex 7.93457e-07 -8.14999 27.9671
      vertex 7.93457e-07 -6.14282 8.89999
      vertex 7.93457e-07 -6.1891 8.80615
    endloop
  endfacet
  facet normal -1 0 0
    outer loop
      vertex 7.93457e-07 -8.14999 27.9671
      vertex 7.93457e-07 -6.1891 8.80615
      vertex 7.93457e-07 -6.22273 8.70706
    endloop
  endfacet
  facet normal -1 0 0
    outer loop
      vertex 7.93457e-07 -8.14999 27.9671
      vertex 7.93457e-07 -6.24315 8.60441
      vertex 7.93457e-07 -8.14999 0.0328796
    endloop
  endfacet
  facet normal -1 0 0
    outer loop
      vertex 7.93457e-07 -8.14999 0.0328796
      vertex 7.93457e-07 -8.11713 1.2207e-05
      vertex 7.93457e-07 -8.14796 0.00204163
    endloop
  endfacet
  facet normal -1 0 0
    outer loop
      vertex 7.93457e-07 -6.24315 8.60441
      vertex 7.93457e-07 -8.14999 27.9671
      vertex 7.93457e-07 -6.22273 8.70706
    endloop
  endfacet
  facet normal -1 -0 0
    outer loop
      vertex 7.93457e-07 3.42712 28
      vertex 7.93457e-07 -8.14999 27.9671
      vertex 7.93457e-07 -8.11713 28
    endloop
  endfacet
  facet normal -1 0 0
    outer loop
      vertex 7.93457e-07 -8.11713 28
      vertex 7.93457e-07 -8.14999 27.9671
      vertex 7.93457e-07 -8.14796 27.998
    endloop
  endfacet
  facet normal -0 0.0647149 0.997904
    outer loop
      vertex 7.93457e-07 3.45796 27.998
      vertex 2.6 3.42712 28
      vertex 2.6 3.45796 27.998
    endloop
  endfacet
  facet normal 0 0.0647149 0.997904
    outer loop
      vertex 2.6 3.42712 28
      vertex 7.93457e-07 3.45796 27.998
      vertex 7.93457e-07 3.42712 28
    endloop
  endfacet
  facet normal 0 0 1
    outer loop
      vertex 2.6 3.42712 28
      vertex 2.35 0.25 28
      vertex 2.6 0.25 28
    endloop
  endfacet
  facet normal 0 0 1
    outer loop
      vertex 7.93457e-07 -8.11713 28
      vertex 2.35 0.25 28
      vertex 7.93457e-07 3.42712 28
    endloop
  endfacet
  facet normal -0 0 1
    outer loop
      vertex 7.93457e-07 3.42712 28
      vertex 2.35 0.25 28
      vertex 2.6 3.42712 28
    endloop
  endfacet
  facet normal -0 0 1
    outer loop
      vertex 2.35 -6.65 28
      vertex 2.6 -8.11713 28
      vertex 2.6 -6.65 28
    endloop
  endfacet
  facet normal 0 0 1
    outer loop
      vertex 2.35 0.25 28
      vertex 7.93457e-07 -8.11713 28
      vertex 2.35 -6.65 28
    endloop
  endfacet
  facet normal 0 0 1
    outer loop
      vertex 2.35 -6.65 28
      vertex 7.93457e-07 -8.11713 28
      vertex 2.6 -8.11713 28
    endloop
  endfacet
  facet normal 0 0 -1
    outer loop
      vertex 6.35052 -1.17156 7.62939e-07
      vertex 6.53 1.6 7.62939e-07
      vertex 6.61064 -1.25985 7.62939e-07
    endloop
  endfacet
  facet normal 0 0 -1
    outer loop
      vertex 6.08111 -1.11797 7.62939e-07
      vertex 6.53 1.6 7.62939e-07
      vertex 6.35052 -1.17156 7.62939e-07
    endloop
  endfacet
  facet normal 0 0 -1
    outer loop
      vertex 5.807 -1.1 7.62939e-07
      vertex 6.53 1.6 7.62939e-07
      vertex 6.08111 -1.11797 7.62939e-07
    endloop
  endfacet
  facet normal 0 0 -1
    outer loop
      vertex 5.5329 -1.11797 7.62939e-07
      vertex 6.53 1.6 7.62939e-07
      vertex 5.807 -1.1 7.62939e-07
    endloop
  endfacet
  facet normal 0 0 -1
    outer loop
      vertex 3.93 1.6 7.62939e-07
      vertex 5.5329 -1.11797 7.62939e-07
      vertex 5.26348 -1.17156 7.62939e-07
    endloop
  endfacet
  facet normal 0 0 -1
    outer loop
      vertex 3.93 1.6 7.62939e-07
      vertex 5.26348 -1.17156 7.62939e-07
      vertex 5.00337 -1.25985 7.62939e-07
    endloop
  endfacet
  facet normal 0 0 -1
    outer loop
      vertex 3.93 1.6 7.62939e-07
      vertex 5.00337 -1.25985 7.62939e-07
      vertex 4.757 -1.38135 7.62939e-07
    endloop
  endfacet
  facet normal 0 0 -1
    outer loop
      vertex 3.93 1.6 7.62939e-07
      vertex 4.757 -1.38135 7.62939e-07
      vertex 4.5286 -1.53396 7.62939e-07
    endloop
  endfacet
  facet normal 0 0 -1
    outer loop
      vertex 3.93 1.6 7.62939e-07
      vertex 4.5286 -1.53396 7.62939e-07
      vertex 4.32208 -1.71508 7.62939e-07
    endloop
  endfacet
  facet normal 0 0 -1
    outer loop
      vertex 3.93 1.6 7.62939e-07
      vertex 4.32208 -1.71508 7.62939e-07
      vertex 4.14096 -1.9216 7.62939e-07
    endloop
  endfacet
  facet normal 0 0 -1
    outer loop
      vertex 5.5329 -1.11797 7.62939e-07
      vertex 3.93 1.6 7.62939e-07
      vertex 6.53 1.6 7.62939e-07
    endloop
  endfacet
  facet normal 0 0 -1
    outer loop
      vertex 3.98835 -2.15 7.62939e-07
      vertex 3.93 1.6 7.62939e-07
      vertex 4.14096 -1.9216 7.62939e-07
    endloop
  endfacet
  facet normal 0 0 -1
    outer loop
      vertex 2.6 3.46 7.62939e-07
      vertex 3.93 1.6 7.62939e-07
      vertex 3.86685 -2.39636 7.62939e-07
    endloop
  endfacet
  facet normal 0 0 -1
    outer loop
      vertex 3.86685 -2.39636 7.62939e-07
      vertex 3.93 1.6 7.62939e-07
      vertex 3.98835 -2.15 7.62939e-07
    endloop
  endfacet
  facet normal 0 0 -1
    outer loop
      vertex 7.88904 -2.92589 7.62939e-07
      vertex 12.307 -8.15 7.62939e-07
      vertex 7.907 -3.2 7.62939e-07
    endloop
  endfacet
  facet normal 0 0 -1
    outer loop
      vertex 12.307 -8.15 7.62939e-07
      vertex 7.88904 -3.4741 7.62939e-07
      vertex 7.907 -3.2 7.62939e-07
    endloop
  endfacet
  facet normal 0 0 -1
    outer loop
      vertex 12.307 -8.15 7.62939e-07
      vertex 7.83544 -3.74352 7.62939e-07
      vertex 7.88904 -3.4741 7.62939e-07
    endloop
  endfacet
  facet normal 0 0 -1
    outer loop
      vertex 12.307 -8.15 7.62939e-07
      vertex 7.74715 -4.00363 7.62939e-07
      vertex 7.83544 -3.74352 7.62939e-07
    endloop
  endfacet
  facet normal 0 0 -1
    outer loop
      vertex 12.307 -8.15 7.62939e-07
      vertex 7.62565 -4.25 7.62939e-07
      vertex 7.74715 -4.00363 7.62939e-07
    endloop
  endfacet
  facet normal 0 0 -1
    outer loop
      vertex 12.307 -8.15 7.62939e-07
      vertex 7.47304 -4.4784 7.62939e-07
      vertex 7.62565 -4.25 7.62939e-07
    endloop
  endfacet
  facet normal 0 0 -1
    outer loop
      vertex 12.307 -8.15 7.62939e-07
      vertex 7.29192 -4.68492 7.62939e-07
      vertex 7.47304 -4.4784 7.62939e-07
    endloop
  endfacet
  facet normal 0 0 -1
    outer loop
      vertex 12.307 -8.15 7.62939e-07
      vertex 7.0854 -4.86604 7.62939e-07
      vertex 7.29192 -4.68492 7.62939e-07
    endloop
  endfacet
  facet normal 0 0 -1
    outer loop
      vertex 12.307 -8.15 7.62939e-07
      vertex 6.857 -5.01865 7.62939e-07
      vertex 7.0854 -4.86604 7.62939e-07
    endloop
  endfacet
  facet normal 0 0 -1
    outer loop
      vertex 12.307 -8.15 7.62939e-07
      vertex 6.61064 -5.14015 7.62939e-07
      vertex 6.857 -5.01865 7.62939e-07
    endloop
  endfacet
  facet normal 0 0 -1
    outer loop
      vertex 12.307 -8.15 7.62939e-07
      vertex 6.35052 -5.22844 7.62939e-07
      vertex 6.61064 -5.14015 7.62939e-07
    endloop
  endfacet
  facet normal 0 0 -1
    outer loop
      vertex 2.6 -8.15 7.62939e-07
      vertex 6.35052 -5.22844 7.62939e-07
      vertex 12.307 -8.15 7.62939e-07
    endloop
  endfacet
  facet normal 0 0 -1
    outer loop
      vertex 6.35052 -5.22844 7.62939e-07
      vertex 2.6 -8.15 7.62939e-07
      vertex 6.08111 -5.28203 7.62939e-07
    endloop
  endfacet
  facet normal 0 0 -1
    outer loop
      vertex 6.08111 -5.28203 7.62939e-07
      vertex 2.6 -8.15 7.62939e-07
      vertex 5.807 -5.3 7.62939e-07
    endloop
  endfacet
  facet normal -0 0 -1
    outer loop
      vertex 5.807 -5.3 7.62939e-07
      vertex 2.6 -8.15 7.62939e-07
      vertex 5.5329 -5.28203 7.62939e-07
    endloop
  endfacet
  facet normal -0 0 -1
    outer loop
      vertex 5.5329 -5.28203 7.62939e-07
      vertex 2.6 -8.15 7.62939e-07
      vertex 5.26348 -5.22844 7.62939e-07
    endloop
  endfacet
  facet normal -0 0 -1
    outer loop
      vertex 3.72497 -3.4741 7.62939e-07
      vertex 2.6 -8.15 7.62939e-07
      vertex 3.707 -3.2 7.62939e-07
    endloop
  endfacet
  facet normal -0 0 -1
    outer loop
      vertex 3.77856 -3.74352 7.62939e-07
      vertex 2.6 -8.15 7.62939e-07
      vertex 3.72497 -3.4741 7.62939e-07
    endloop
  endfacet
  facet normal -0 0 -1
    outer loop
      vertex 3.86685 -4.00363 7.62939e-07
      vertex 2.6 -8.15 7.62939e-07
      vertex 3.77856 -3.74352 7.62939e-07
    endloop
  endfacet
  facet normal -0 0 -1
    outer loop
      vertex 3.98835 -4.25 7.62939e-07
      vertex 2.6 -8.15 7.62939e-07
      vertex 3.86685 -4.00363 7.62939e-07
    endloop
  endfacet
  facet normal -0 0 -1
    outer loop
      vertex 4.14096 -4.4784 7.62939e-07
      vertex 2.6 -8.15 7.62939e-07
      vertex 3.98835 -4.25 7.62939e-07
    endloop
  endfacet
  facet normal -0 0 -1
    outer loop
      vertex 4.32208 -4.68492 7.62939e-07
      vertex 2.6 -8.15 7.62939e-07
      vertex 4.14096 -4.4784 7.62939e-07
    endloop
  endfacet
  facet normal -0 0 -1
    outer loop
      vertex 4.5286 -4.86604 7.62939e-07
      vertex 2.6 -8.15 7.62939e-07
      vertex 4.32208 -4.68492 7.62939e-07
    endloop
  endfacet
  facet normal -0 0 -1
    outer loop
      vertex 4.757 -5.01865 7.62939e-07
      vertex 2.6 -8.15 7.62939e-07
      vertex 4.5286 -4.86604 7.62939e-07
    endloop
  endfacet
  facet normal -0 0 -1
    outer loop
      vertex 5.00337 -5.14015 7.62939e-07
      vertex 2.6 -8.15 7.62939e-07
      vertex 4.757 -5.01865 7.62939e-07
    endloop
  endfacet
  facet normal -0 0 -1
    outer loop
      vertex 5.26348 -5.22844 7.62939e-07
      vertex 2.6 -8.15 7.62939e-07
      vertex 5.00337 -5.14015 7.62939e-07
    endloop
  endfacet
  facet normal 0 0 -1
    outer loop
      vertex 12.307 -8.15 7.62939e-07
      vertex 7.88904 -2.92589 7.62939e-07
      vertex 12.307 3.46 7.62939e-07
    endloop
  endfacet
  facet normal 0 0 -1
    outer loop
      vertex 7.83544 -2.65648 7.62939e-07
      vertex 12.307 3.46 7.62939e-07
      vertex 7.88904 -2.92589 7.62939e-07
    endloop
  endfacet
  facet normal 0 0 -1
    outer loop
      vertex 7.74715 -2.39636 7.62939e-07
      vertex 12.307 3.46 7.62939e-07
      vertex 7.83544 -2.65648 7.62939e-07
    endloop
  endfacet
  facet normal 0 0 -1
    outer loop
      vertex 7.62565 -2.15 7.62939e-07
      vertex 12.307 3.46 7.62939e-07
      vertex 7.74715 -2.39636 7.62939e-07
    endloop
  endfacet
  facet normal 0 0 -1
    outer loop
      vertex 7.47304 -1.9216 7.62939e-07
      vertex 12.307 3.46 7.62939e-07
      vertex 7.62565 -2.15 7.62939e-07
    endloop
  endfacet
  facet normal 0 0 -1
    outer loop
      vertex 7.29192 -1.71508 7.62939e-07
      vertex 12.307 3.46 7.62939e-07
      vertex 7.47304 -1.9216 7.62939e-07
    endloop
  endfacet
  facet normal 0 0 -1
    outer loop
      vertex 6.53 1.6 7.62939e-07
      vertex 7.29192 -1.71508 7.62939e-07
      vertex 7.0854 -1.53396 7.62939e-07
    endloop
  endfacet
  facet normal 0 0 -1
    outer loop
      vertex 6.53 1.6 7.62939e-07
      vertex 7.0854 -1.53396 7.62939e-07
      vertex 6.857 -1.38135 7.62939e-07
    endloop
  endfacet
  facet normal 0 0 -1
    outer loop
      vertex 6.53 1.6 7.62939e-07
      vertex 6.857 -1.38135 7.62939e-07
      vertex 6.61064 -1.25985 7.62939e-07
    endloop
  endfacet
  facet normal 0 0 -1
    outer loop
      vertex 7.29192 -1.71508 7.62939e-07
      vertex 6.53 1.6 7.62939e-07
      vertex 12.307 3.46 7.62939e-07
    endloop
  endfacet
  facet normal 0 0 -1
    outer loop
      vertex 6.53 2.51 7.62939e-07
      vertex 12.307 3.46 7.62939e-07
      vertex 6.53 1.6 7.62939e-07
    endloop
  endfacet
  facet normal 0 0 -1
    outer loop
      vertex 2.6 3.46 7.62939e-07
      vertex 6.53 2.51 7.62939e-07
      vertex 3.93 2.51 7.62939e-07
    endloop
  endfacet
  facet normal 0 0 -1
    outer loop
      vertex 2.6 3.46 7.62939e-07
      vertex 3.86685 -2.39636 7.62939e-07
      vertex 3.77856 -2.65648 7.62939e-07
    endloop
  endfacet
  facet normal 0 0 -1
    outer loop
      vertex 2.6 3.46 7.62939e-07
      vertex 3.77856 -2.65648 7.62939e-07
      vertex 3.72497 -2.92589 7.62939e-07
    endloop
  endfacet
  facet normal 0 0 -1
    outer loop
      vertex 2.6 3.46 7.62939e-07
      vertex 3.72497 -2.92589 7.62939e-07
      vertex 3.707 -3.2 7.62939e-07
    endloop
  endfacet
  facet normal 0 0 -1
    outer loop
      vertex 2.6 3.46 7.62939e-07
      vertex 3.707 -3.2 7.62939e-07
      vertex 2.6 -8.15 7.62939e-07
    endloop
  endfacet
  facet normal 0 0 -1
    outer loop
      vertex 6.53 2.51 7.62939e-07
      vertex 2.6 3.46 7.62939e-07
      vertex 12.307 3.46 7.62939e-07
    endloop
  endfacet
  facet normal 0 0 -1
    outer loop
      vertex 3.93 1.6 7.62939e-07
      vertex 2.6 3.46 7.62939e-07
      vertex 3.93 2.51 7.62939e-07
    endloop
  endfacet
  facet normal 0 0 1
    outer loop
      vertex 3.93 1.66 2.65
      vertex 2.6 1.66 2.65
      vertex 3.93 1.6 2.65
    endloop
  endfacet
  facet normal 0 0 1
    outer loop
      vertex 12.307 1.66 2.65
      vertex 10.307 0.25 2.65
      vertex 12.307 0.0999994 2.65
    endloop
  endfacet
  facet normal -0 0 1
    outer loop
      vertex 9.17767 1.08 2.65
      vertex 10.307 0.25 2.65
      vertex 12.307 1.66 2.65
    endloop
  endfacet
  facet normal 0 0 1
    outer loop
      vertex 10.307 0.25 2.65
      vertex 9.218 0.917433 2.65
      vertex 9.21848 0.9 2.65
    endloop
  endfacet
  facet normal 0 0 1
    outer loop
      vertex 10.307 0.25 2.65
      vertex 9.21783 0.923697 2.65
      vertex 9.218 0.917433 2.65
    endloop
  endfacet
  facet normal 0 0 1
    outer loop
      vertex 10.307 0.25 2.65
      vertex 9.21624 0.943328 2.65
      vertex 9.21783 0.923697 2.65
    endloop
  endfacet
  facet normal 0 0 1
    outer loop
      vertex 10.307 0.25 2.65
      vertex 9.21585 0.94823 2.65
      vertex 9.21624 0.943328 2.65
    endloop
  endfacet
  facet normal 0 0 1
    outer loop
      vertex 10.307 0.25 2.65
      vertex 9.2153 0.952315 2.65
      vertex 9.21585 0.94823 2.65
    endloop
  endfacet
  facet normal 0 0 1
    outer loop
      vertex 10.307 0.25 2.65
      vertex 9.21233 0.974558 2.65
      vertex 9.2153 0.952315 2.65
    endloop
  endfacet
  facet normal 0 0 1
    outer loop
      vertex 10.307 0.25 2.65
      vertex 9.21059 0.984032 2.65
      vertex 9.21233 0.974558 2.65
    endloop
  endfacet
  facet normal 0 0 1
    outer loop
      vertex 10.307 0.25 2.65
      vertex 9.20676 0.999014 2.65
      vertex 9.21059 0.984032 2.65
    endloop
  endfacet
  facet normal 0 0 1
    outer loop
      vertex 10.307 0.25 2.65
      vertex 9.2055 1.00392 2.65
      vertex 9.20676 0.999014 2.65
    endloop
  endfacet
  facet normal 0 0 1
    outer loop
      vertex 10.307 0.25 2.65
      vertex 9.1995 1.02261 2.65
      vertex 9.2055 1.00392 2.65
    endloop
  endfacet
  facet normal 0 0 1
    outer loop
      vertex 10.307 0.25 2.65
      vertex 9.19451 1.03812 2.65
      vertex 9.1995 1.02261 2.65
    endloop
  endfacet
  facet normal 0 0 1
    outer loop
      vertex 10.307 0.25 2.65
      vertex 9.18116 1.07311 2.65
      vertex 9.19451 1.03812 2.65
    endloop
  endfacet
  facet normal 0 0 1
    outer loop
      vertex 10.307 0.25 2.65
      vertex 9.17919 1.07699 2.65
      vertex 9.18116 1.07311 2.65
    endloop
  endfacet
  facet normal 0 0 1
    outer loop
      vertex 10.307 0.25 2.65
      vertex 9.17767 1.08 2.65
      vertex 9.17919 1.07699 2.65
    endloop
  endfacet
  facet normal 0 0 1
    outer loop
      vertex 12.307 1.66 2.65
      vertex 9.15114 1.12589 2.65
      vertex 9.17767 1.08 2.65
    endloop
  endfacet
  facet normal 0 0 1
    outer loop
      vertex 12.307 1.66 2.65
      vertex 9.14611 1.13458 2.65
      vertex 9.15114 1.12589 2.65
    endloop
  endfacet
  facet normal 0 0 1
    outer loop
      vertex 12.307 1.66 2.65
      vertex 9.14573 1.13518 2.65
      vertex 9.14611 1.13458 2.65
    endloop
  endfacet
  facet normal 0 0 1
    outer loop
      vertex 12.307 1.66 2.65
      vertex 9.14533 1.13581 2.65
      vertex 9.14573 1.13518 2.65
    endloop
  endfacet
  facet normal 0 0 1
    outer loop
      vertex 12.307 1.66 2.65
      vertex 9.14307 1.13852 2.65
      vertex 9.14533 1.13581 2.65
    endloop
  endfacet
  facet normal 0 0 1
    outer loop
      vertex 12.307 1.66 2.65
      vertex 9.10371 1.18576 2.65
      vertex 9.14307 1.13852 2.65
    endloop
  endfacet
  facet normal 0 0 1
    outer loop
      vertex 12.307 1.66 2.65
      vertex 9.07546 1.21177 2.65
      vertex 9.10371 1.18576 2.65
    endloop
  endfacet
  facet normal 0 0 1
    outer loop
      vertex 12.307 1.66 2.65
      vertex 9.05701 1.22752 2.65
      vertex 9.07546 1.21177 2.65
    endloop
  endfacet
  facet normal 0 0 1
    outer loop
      vertex 12.307 1.66 2.65
      vertex 9.02499 1.24809 2.65
      vertex 9.05701 1.22752 2.65
    endloop
  endfacet
  facet normal 0 0 1
    outer loop
      vertex 12.307 1.66 2.65
      vertex 9.00603 1.26027 2.65
      vertex 9.02499 1.24809 2.65
    endloop
  endfacet
  facet normal 0 0 1
    outer loop
      vertex 12.307 1.66 2.65
      vertex 8.97542 1.27438 2.65
      vertex 9.00603 1.26027 2.65
    endloop
  endfacet
  facet normal 0 0 1
    outer loop
      vertex 12.307 1.66 2.65
      vertex 8.95165 1.28533 2.65
      vertex 8.97542 1.27438 2.65
    endloop
  endfacet
  facet normal 0 0 1
    outer loop
      vertex 12.307 1.66 2.65
      vertex 8.93494 1.29031 2.65
      vertex 8.95165 1.28533 2.65
    endloop
  endfacet
  facet normal 0 0 1
    outer loop
      vertex 12.307 1.66 2.65
      vertex 8.89479 1.30228 2.65
      vertex 8.93494 1.29031 2.65
    endloop
  endfacet
  facet normal 0 0 1
    outer loop
      vertex 12.307 1.66 2.65
      vertex 8.84618 1.3094 2.65
      vertex 8.89479 1.30228 2.65
    endloop
  endfacet
  facet normal 0 0 1
    outer loop
      vertex 12.307 1.66 2.65
      vertex 8.83643 1.31083 2.65
      vertex 8.84618 1.3094 2.65
    endloop
  endfacet
  facet normal -0 0 1
    outer loop
      vertex 6.53 1.66 2.65
      vertex 8.83643 1.31083 2.65
      vertex 12.307 1.66 2.65
    endloop
  endfacet
  facet normal 0 0 1
    outer loop
      vertex 6.53 1.66 2.65
      vertex 8.47093 1.13852 2.65
      vertex 8.51029 1.18576 2.65
    endloop
  endfacet
  facet normal 0 0 1
    outer loop
      vertex 6.53 1.66 2.65
      vertex 8.46286 1.12589 2.65
      vertex 8.46789 1.13458 2.65
    endloop
  endfacet
  facet normal 0 0 1
    outer loop
      vertex 6.53 1.6 2.65
      vertex 8.41451 1.02261 2.65
      vertex 8.41949 1.03812 2.65
    endloop
  endfacet
  facet normal 0 0 -1
    outer loop
      vertex 8.4085 1.00392 2.65
      vertex 8.40341 0.984032 2.65
      vertex 8.40724 0.999014 2.65
    endloop
  endfacet
  facet normal 0 0 1
    outer loop
      vertex 6.53 1.6 2.65
      vertex 8.3987 0.952315 2.65
      vertex 8.40167 0.974558 2.65
    endloop
  endfacet
  facet normal 0 0 1
    outer loop
      vertex 6.53 1.6 2.65
      vertex 8.39776 0.943328 2.65
      vertex 8.39816 0.94823 2.65
    endloop
  endfacet
  facet normal 0 0 1
    outer loop
      vertex 6.53 1.6 2.65
      vertex 8.396 0.917433 2.65
      vertex 8.39617 0.923697 2.65
    endloop
  endfacet
  facet normal 0 0 1
    outer loop
      vertex 8.39776 0.943328 2.65
      vertex 6.53 1.6 2.65
      vertex 8.39617 0.923697 2.65
    endloop
  endfacet
  facet normal 0 0 1
    outer loop
      vertex 8.3987 0.952315 2.65
      vertex 6.53 1.6 2.65
      vertex 8.39816 0.94823 2.65
    endloop
  endfacet
  facet normal 0 0 1
    outer loop
      vertex 8.40341 0.984032 2.65
      vertex 6.53 1.6 2.65
      vertex 8.40167 0.974558 2.65
    endloop
  endfacet
  facet normal 0 0 1
    outer loop
      vertex 8.4085 1.00392 2.65
      vertex 6.53 1.6 2.65
      vertex 8.40341 0.984032 2.65
    endloop
  endfacet
  facet normal 0 0 1
    outer loop
      vertex 8.41451 1.02261 2.65
      vertex 6.53 1.6 2.65
      vertex 8.4085 1.00392 2.65
    endloop
  endfacet
  facet normal 0 0 1
    outer loop
      vertex 8.43284 1.07311 2.65
      vertex 6.53 1.6 2.65
      vertex 8.41949 1.03812 2.65
    endloop
  endfacet
  facet normal 0 0 1
    outer loop
      vertex 8.43481 1.07699 2.65
      vertex 6.53 1.6 2.65
      vertex 8.43284 1.07311 2.65
    endloop
  endfacet
  facet normal 0 0 1
    outer loop
      vertex 8.43633 1.08 2.65
      vertex 6.53 1.6 2.65
      vertex 8.43481 1.07699 2.65
    endloop
  endfacet
  facet normal 0 0 1
    outer loop
      vertex 8.46286 1.12589 2.65
      vertex 6.53 1.6 2.65
      vertex 8.43633 1.08 2.65
    endloop
  endfacet
  facet normal -0 0 1
    outer loop
      vertex 6.53 1.6 2.65
      vertex 8.46286 1.12589 2.65
      vertex 6.53 1.66 2.65
    endloop
  endfacet
  facet normal 0 0 1
    outer loop
      vertex 8.46827 1.13518 2.65
      vertex 6.53 1.66 2.65
      vertex 8.46789 1.13458 2.65
    endloop
  endfacet
  facet normal 0 0 1
    outer loop
      vertex 8.46867 1.13581 2.65
      vertex 6.53 1.66 2.65
      vertex 8.46827 1.13518 2.65
    endloop
  endfacet
  facet normal 0 0 1
    outer loop
      vertex 8.47093 1.13852 2.65
      vertex 6.53 1.66 2.65
      vertex 8.46867 1.13581 2.65
    endloop
  endfacet
  facet normal 0 0 1
    outer loop
      vertex 8.53854 1.21177 2.65
      vertex 6.53 1.66 2.65
      vertex 8.51029 1.18576 2.65
    endloop
  endfacet
  facet normal 0 0 1
    outer loop
      vertex 8.55699 1.22752 2.65
      vertex 6.53 1.66 2.65
      vertex 8.53854 1.21177 2.65
    endloop
  endfacet
  facet normal 0 0 1
    outer loop
      vertex 8.58901 1.24809 2.65
      vertex 6.53 1.66 2.65
      vertex 8.55699 1.22752 2.65
    endloop
  endfacet
  facet normal 0 0 1
    outer loop
      vertex 8.60797 1.26027 2.65
      vertex 6.53 1.66 2.65
      vertex 8.58901 1.24809 2.65
    endloop
  endfacet
  facet normal 0 0 1
    outer loop
      vertex 8.63858 1.27438 2.65
      vertex 6.53 1.66 2.65
      vertex 8.60797 1.26027 2.65
    endloop
  endfacet
  facet normal 0 0 1
    outer loop
      vertex 8.66235 1.28533 2.65
      vertex 6.53 1.66 2.65
      vertex 8.63858 1.27438 2.65
    endloop
  endfacet
  facet normal 0 0 1
    outer loop
      vertex 8.67906 1.29031 2.65
      vertex 6.53 1.66 2.65
      vertex 8.66235 1.28533 2.65
    endloop
  endfacet
  facet normal 0 0 1
    outer loop
      vertex 8.71921 1.30228 2.65
      vertex 6.53 1.66 2.65
      vertex 8.67906 1.29031 2.65
    endloop
  endfacet
  facet normal 0 0 1
    outer loop
      vertex 8.76782 1.3094 2.65
      vertex 6.53 1.66 2.65
      vertex 8.71921 1.30228 2.65
    endloop
  endfacet
  facet normal 0 0 1
    outer loop
      vertex 8.77757 1.31083 2.65
      vertex 6.53 1.66 2.65
      vertex 8.76782 1.3094 2.65
    endloop
  endfacet
  facet normal 0 0 1
    outer loop
      vertex 8.83643 1.31083 2.65
      vertex 6.53 1.66 2.65
      vertex 8.77757 1.31083 2.65
    endloop
  endfacet
  facet normal 0 0 1
    outer loop
      vertex 12.307 0.0999994 2.65
      vertex 10.307 0.25 2.65
      vertex 10.307 0.0999994 2.65
    endloop
  endfacet
  facet normal -0 0 1
    outer loop
      vertex 9.218 0.882566 2.65
      vertex 10.307 0.25 2.65
      vertex 9.21848 0.9 2.65
    endloop
  endfacet
  facet normal -0 0 1
    outer loop
      vertex 9.21783 0.876302 2.65
      vertex 10.307 0.25 2.65
      vertex 9.218 0.882566 2.65
    endloop
  endfacet
  facet normal -0 0 1
    outer loop
      vertex 9.21624 0.856671 2.65
      vertex 10.307 0.25 2.65
      vertex 9.21783 0.876302 2.65
    endloop
  endfacet
  facet normal -0 0 1
    outer loop
      vertex 9.21585 0.851769 2.65
      vertex 10.307 0.25 2.65
      vertex 9.21624 0.856671 2.65
    endloop
  endfacet
  facet normal -0 0 1
    outer loop
      vertex 9.2153 0.847684 2.65
      vertex 10.307 0.25 2.65
      vertex 9.21585 0.851769 2.65
    endloop
  endfacet
  facet normal -0 0 1
    outer loop
      vertex 9.21233 0.825441 2.65
      vertex 10.307 0.25 2.65
      vertex 9.2153 0.847684 2.65
    endloop
  endfacet
  facet normal -0 0 1
    outer loop
      vertex 9.21059 0.815967 2.65
      vertex 10.307 0.25 2.65
      vertex 9.21233 0.825441 2.65
    endloop
  endfacet
  facet normal -0 0 1
    outer loop
      vertex 9.2055 0.796076 2.65
      vertex 10.307 0.25 2.65
      vertex 9.21059 0.815967 2.65
    endloop
  endfacet
  facet normal -0 0 1
    outer loop
      vertex 9.1995 0.777389 2.65
      vertex 10.307 0.25 2.65
      vertex 9.2055 0.796076 2.65
    endloop
  endfacet
  facet normal -0 0 1
    outer loop
      vertex 9.19451 0.761881 2.65
      vertex 10.307 0.25 2.65
      vertex 9.1995 0.777389 2.65
    endloop
  endfacet
  facet normal -0 0 1
    outer loop
      vertex 9.18116 0.726888 2.65
      vertex 10.307 0.25 2.65
      vertex 9.19451 0.761881 2.65
    endloop
  endfacet
  facet normal -0 0 1
    outer loop
      vertex 9.17919 0.723007 2.65
      vertex 10.307 0.25 2.65
      vertex 9.18116 0.726888 2.65
    endloop
  endfacet
  facet normal -0 0 1
    outer loop
      vertex 9.17767 0.719999 2.65
      vertex 10.307 0.25 2.65
      vertex 9.17919 0.723007 2.65
    endloop
  endfacet
  facet normal -0 0 1
    outer loop
      vertex 9.15114 0.674109 2.65
      vertex 10.307 0.25 2.65
      vertex 9.17767 0.719999 2.65
    endloop
  endfacet
  facet normal -0 0 1
    outer loop
      vertex 9.14611 0.665419 2.65
      vertex 10.307 0.25 2.65
      vertex 9.15114 0.674109 2.65
    endloop
  endfacet
  facet normal -0 0 1
    outer loop
      vertex 9.14533 0.664191 2.65
      vertex 10.307 0.25 2.65
      vertex 9.14611 0.665419 2.65
    endloop
  endfacet
  facet normal -0 0 1
    outer loop
      vertex 9.12246 0.63675 2.65
      vertex 10.307 0.25 2.65
      vertex 9.14533 0.664191 2.65
    endloop
  endfacet
  facet normal -0 0 1
    outer loop
      vertex 9.10371 0.61424 2.65
      vertex 10.307 0.25 2.65
      vertex 9.12246 0.63675 2.65
    endloop
  endfacet
  facet normal -0 0 1
    outer loop
      vertex 9.07546 0.588231 2.65
      vertex 10.307 0.25 2.65
      vertex 9.10371 0.61424 2.65
    endloop
  endfacet
  facet normal -0 0 1
    outer loop
      vertex 9.06275 0.577374 2.65
      vertex 10.307 0.25 2.65
      vertex 9.07546 0.588231 2.65
    endloop
  endfacet
  facet normal -0 0 1
    outer loop
      vertex 9.05701 0.572474 2.65
      vertex 10.307 0.25 2.65
      vertex 9.06275 0.577374 2.65
    endloop
  endfacet
  facet normal -0 0 1
    outer loop
      vertex 9.04595 0.565369 2.65
      vertex 10.307 0.25 2.65
      vertex 9.05701 0.572474 2.65
    endloop
  endfacet
  facet normal -0 0 1
    outer loop
      vertex 9.00603 0.539729 2.65
      vertex 10.307 0.25 2.65
      vertex 9.04595 0.565369 2.65
    endloop
  endfacet
  facet normal -0 0 1
    outer loop
      vertex 8.98232 0.528803 2.65
      vertex 10.307 0.25 2.65
      vertex 9.00603 0.539729 2.65
    endloop
  endfacet
  facet normal -0 0 1
    outer loop
      vertex 8.95165 0.514667 2.65
      vertex 10.307 0.25 2.65
      vertex 8.98232 0.528803 2.65
    endloop
  endfacet
  facet normal -0 0 1
    outer loop
      vertex 8.90909 0.501978 2.65
      vertex 10.307 0.25 2.65
      vertex 8.95165 0.514667 2.65
    endloop
  endfacet
  facet normal -0 0 1
    outer loop
      vertex 8.89479 0.497717 2.65
      vertex 10.307 0.25 2.65
      vertex 8.90909 0.501978 2.65
    endloop
  endfacet
  facet normal -0 0 1
    outer loop
      vertex 8.88314 0.49601 2.65
      vertex 10.307 0.25 2.65
      vertex 8.89479 0.497717 2.65
    endloop
  endfacet
  facet normal -0 0 1
    outer loop
      vertex 8.83643 0.489169 2.65
      vertex 10.307 0.25 2.65
      vertex 8.88314 0.49601 2.65
    endloop
  endfacet
  facet normal -0 0 1
    outer loop
      vertex 8.77757 0.489169 2.65
      vertex 10.307 0.25 2.65
      vertex 8.83643 0.489169 2.65
    endloop
  endfacet
  facet normal 0 0 1
    outer loop
      vertex 2.6 0.25 2.65
      vertex 8.77757 0.489169 2.65
      vertex 8.73086 0.49601 2.65
    endloop
  endfacet
  facet normal 0 0 1
    outer loop
      vertex 2.6 0.25 2.65
      vertex 8.73086 0.49601 2.65
      vertex 8.71921 0.497717 2.65
    endloop
  endfacet
  facet normal 0 0 1
    outer loop
      vertex 6.53 1.6 2.65
      vertex 8.46286 0.674109 2.65
      vertex 8.43633 0.719999 2.65
    endloop
  endfacet
  facet normal 0 0 1
    outer loop
      vertex 6.53 1.6 2.65
      vertex 8.41451 0.777389 2.65
      vertex 8.4085 0.796076 2.65
    endloop
  endfacet
  facet normal 0 0 1
    outer loop
      vertex 6.53 1.6 2.65
      vertex 8.3987 0.847684 2.65
      vertex 8.39816 0.851769 2.65
    endloop
  endfacet
  facet normal 0 0 1
    outer loop
      vertex 6.53 1.6 2.65
      vertex 8.39776 0.856671 2.65
      vertex 8.39617 0.876302 2.65
    endloop
  endfacet
  facet normal 0 0 1
    outer loop
      vertex 6.53 1.6 2.65
      vertex 8.396 0.882566 2.65
      vertex 8.39553 0.9 2.65
    endloop
  endfacet
  facet normal 0 0 1
    outer loop
      vertex 8.396 0.917433 2.65
      vertex 6.53 1.6 2.65
      vertex 8.39553 0.9 2.65
    endloop
  endfacet
  facet normal 0 0 1
    outer loop
      vertex 8.396 0.882566 2.65
      vertex 6.53 1.6 2.65
      vertex 8.39617 0.876302 2.65
    endloop
  endfacet
  facet normal 0 0 1
    outer loop
      vertex 8.39776 0.856671 2.65
      vertex 6.53 1.6 2.65
      vertex 8.39816 0.851769 2.65
    endloop
  endfacet
  facet normal 0 0 1
    outer loop
      vertex 8.3987 0.847684 2.65
      vertex 6.53 1.6 2.65
      vertex 8.40167 0.825441 2.65
    endloop
  endfacet
  facet normal 0 0 1
    outer loop
      vertex 8.40167 0.825441 2.65
      vertex 6.53 1.6 2.65
      vertex 8.40341 0.815967 2.65
    endloop
  endfacet
  facet normal 0 0 1
    outer loop
      vertex 8.40341 0.815967 2.65
      vertex 6.53 1.6 2.65
      vertex 8.4085 0.796076 2.65
    endloop
  endfacet
  facet normal 0 0 1
    outer loop
      vertex 8.41451 0.777389 2.65
      vertex 6.53 1.6 2.65
      vertex 8.41949 0.761881 2.65
    endloop
  endfacet
  facet normal 0 0 1
    outer loop
      vertex 8.41949 0.761881 2.65
      vertex 6.53 1.6 2.65
      vertex 8.43284 0.726888 2.65
    endloop
  endfacet
  facet normal 0 0 1
    outer loop
      vertex 8.43284 0.726888 2.65
      vertex 6.53 1.6 2.65
      vertex 8.43481 0.723007 2.65
    endloop
  endfacet
  facet normal 0 0 1
    outer loop
      vertex 8.43481 0.723007 2.65
      vertex 6.53 1.6 2.65
      vertex 8.43633 0.719999 2.65
    endloop
  endfacet
  facet normal 0 0 1
    outer loop
      vertex 8.46286 0.674109 2.65
      vertex 6.53 1.6 2.65
      vertex 8.46789 0.665419 2.65
    endloop
  endfacet
  facet normal 0 0 1
    outer loop
      vertex 8.46789 0.665419 2.65
      vertex 6.53 1.6 2.65
      vertex 8.46867 0.664191 2.65
    endloop
  endfacet
  facet normal 0 0 1
    outer loop
      vertex 8.46867 0.664191 2.65
      vertex 6.53 1.6 2.65
      vertex 8.49154 0.63675 2.65
    endloop
  endfacet
  facet normal 0 0 1
    outer loop
      vertex 8.49154 0.63675 2.65
      vertex 6.53 1.6 2.65
      vertex 8.51029 0.61424 2.65
    endloop
  endfacet
  facet normal 0 0 1
    outer loop
      vertex 8.51029 0.61424 2.65
      vertex 6.53 1.6 2.65
      vertex 8.53854 0.588231 2.65
    endloop
  endfacet
  facet normal 0 0 1
    outer loop
      vertex 2.6 0.25 2.65
      vertex 8.53854 0.588231 2.65
      vertex 6.53 1.6 2.65
    endloop
  endfacet
  facet normal 0 0 1
    outer loop
      vertex 8.53854 0.588231 2.65
      vertex 2.6 0.25 2.65
      vertex 8.55125 0.577374 2.65
    endloop
  endfacet
  facet normal 0 0 1
    outer loop
      vertex 8.55125 0.577374 2.65
      vertex 2.6 0.25 2.65
      vertex 8.55699 0.572474 2.65
    endloop
  endfacet
  facet normal 0 0 1
    outer loop
      vertex 8.55699 0.572474 2.65
      vertex 2.6 0.25 2.65
      vertex 8.56806 0.565369 2.65
    endloop
  endfacet
  facet normal 0 0 1
    outer loop
      vertex 2.6 0.25 2.65
      vertex 6.53 1.6 2.65
      vertex 3.93 1.6 2.65
    endloop
  endfacet
  facet normal 0 0 1
    outer loop
      vertex 8.56806 0.565369 2.65
      vertex 2.6 0.25 2.65
      vertex 8.60797 0.539729 2.65
    endloop
  endfacet
  facet normal 0 0 1
    outer loop
      vertex 8.60797 0.539729 2.65
      vertex 2.6 0.25 2.65
      vertex 8.63168 0.528803 2.65
    endloop
  endfacet
  facet normal 0 0 1
    outer loop
      vertex 8.63168 0.528803 2.65
      vertex 2.6 0.25 2.65
      vertex 8.66235 0.514667 2.65
    endloop
  endfacet
  facet normal 0 0 1
    outer loop
      vertex 8.66235 0.514667 2.65
      vertex 2.6 0.25 2.65
      vertex 8.70492 0.501978 2.65
    endloop
  endfacet
  facet normal 0 0 1
    outer loop
      vertex 2.6 0.25 2.65
      vertex 3.93 1.6 2.65
      vertex 2.6 1.66 2.65
    endloop
  endfacet
  facet normal 0 0 1
    outer loop
      vertex 8.77757 0.489169 2.65
      vertex 2.6 0.25 2.65
      vertex 10.307 0.25 2.65
    endloop
  endfacet
  facet normal 0 0 1
    outer loop
      vertex 8.70492 0.501978 2.65
      vertex 2.6 0.25 2.65
      vertex 8.71921 0.497717 2.65
    endloop
  endfacet
  facet normal 0 -1 0
    outer loop
      vertex 10.307 0.0999994 2
      vertex 12.307 0.0999994 2.65
      vertex 10.307 0.0999994 2.65
    endloop
  endfacet
  facet normal 0 -1 -0
    outer loop
      vertex 12.307 0.0999994 2.65
      vertex 10.307 0.0999994 2
      vertex 12.307 0.0999994 2
    endloop
  endfacet
  facet normal 0 0 1
    outer loop
      vertex 10.307 -6.65 2
      vertex 12.307 0.0999994 2
      vertex 10.307 0.0999994 2
    endloop
  endfacet
  facet normal 0 0 1
    outer loop
      vertex 12.307 0.0999994 2
      vertex 10.307 -6.65 2
      vertex 12.307 -8.15 2
    endloop
  endfacet
  facet normal 0 0 1
    outer loop
      vertex 9.307 -8.15 2
      vertex 10.307 -6.65 2
      vertex 9.307 -6.65 2
    endloop
  endfacet
  facet normal 0 0 1
    outer loop
      vertex 10.307 -6.65 2
      vertex 9.307 -8.15 2
      vertex 12.307 -8.15 2
    endloop
  endfacet
  facet normal 0 0 1
    outer loop
      vertex 6.482 -2.03087 2
      vertex 10.307 0.0999994 2
      vertex 10.307 0.25 2
    endloop
  endfacet
  facet normal 0 0 1
    outer loop
      vertex 10.307 0.0999994 2
      vertex 7.157 -3.2 2
      vertex 10.307 -6.65 2
    endloop
  endfacet
  facet normal -0 0 1
    outer loop
      vertex 7.14545 -3.37621 2
      vertex 10.307 -6.65 2
      vertex 7.157 -3.2 2
    endloop
  endfacet
  facet normal 0 0 1
    outer loop
      vertex 10.307 0.0999994 2
      vertex 7.14545 -3.02379 2
      vertex 7.157 -3.2 2
    endloop
  endfacet
  facet normal 0 0 1
    outer loop
      vertex 10.307 0.0999994 2
      vertex 7.111 -2.85059 2
      vertex 7.14545 -3.02379 2
    endloop
  endfacet
  facet normal 0 0 1
    outer loop
      vertex 10.307 0.0999994 2
      vertex 7.05424 -2.68338 2
      vertex 7.111 -2.85059 2
    endloop
  endfacet
  facet normal 0 0 1
    outer loop
      vertex 10.307 0.0999994 2
      vertex 6.97614 -2.525 2
      vertex 7.05424 -2.68338 2
    endloop
  endfacet
  facet normal 0 0 1
    outer loop
      vertex 10.307 0.0999994 2
      vertex 6.87803 -2.37817 2
      vertex 6.97614 -2.525 2
    endloop
  endfacet
  facet normal 0 0 1
    outer loop
      vertex 10.307 0.0999994 2
      vertex 6.76159 -2.24541 2
      vertex 6.87803 -2.37817 2
    endloop
  endfacet
  facet normal 0 0 1
    outer loop
      vertex 10.307 0.0999994 2
      vertex 6.62883 -2.12897 2
      vertex 6.76159 -2.24541 2
    endloop
  endfacet
  facet normal 0 0 1
    outer loop
      vertex 10.307 0.0999994 2
      vertex 6.482 -2.03087 2
      vertex 6.62883 -2.12897 2
    endloop
  endfacet
  facet normal 0 0 1
    outer loop
      vertex 10.307 0.25 2
      vertex 6.32362 -1.95276 2
      vertex 6.482 -2.03087 2
    endloop
  endfacet
  facet normal 0 0 1
    outer loop
      vertex 10.307 0.25 2
      vertex 6.15641 -1.896 2
      vertex 6.32362 -1.95276 2
    endloop
  endfacet
  facet normal 0 0 1
    outer loop
      vertex 10.307 0.25 2
      vertex 5.98321 -1.86155 2
      vertex 6.15641 -1.896 2
    endloop
  endfacet
  facet normal -0 0 1
    outer loop
      vertex 2.35 0.25 2
      vertex 5.98321 -1.86155 2
      vertex 10.307 0.25 2
    endloop
  endfacet
  facet normal 0 0 1
    outer loop
      vertex 5.98321 -1.86155 2
      vertex 2.35 0.25 2
      vertex 5.807 -1.85 2
    endloop
  endfacet
  facet normal 0 0 1
    outer loop
      vertex 5.807 -1.85 2
      vertex 2.35 0.25 2
      vertex 5.63079 -1.86155 2
    endloop
  endfacet
  facet normal 0 0 1
    outer loop
      vertex 5.63079 -1.86155 2
      vertex 2.35 0.25 2
      vertex 5.45759 -1.896 2
    endloop
  endfacet
  facet normal 0 0 1
    outer loop
      vertex 4.46855 -3.02379 2
      vertex 2.35 0.25 2
      vertex 4.457 -3.2 2
    endloop
  endfacet
  facet normal 0 0 1
    outer loop
      vertex 4.503 -2.85059 2
      vertex 2.35 0.25 2
      vertex 4.46855 -3.02379 2
    endloop
  endfacet
  facet normal 0 0 1
    outer loop
      vertex 4.55976 -2.68338 2
      vertex 2.35 0.25 2
      vertex 4.503 -2.85059 2
    endloop
  endfacet
  facet normal 0 0 1
    outer loop
      vertex 4.63787 -2.525 2
      vertex 2.35 0.25 2
      vertex 4.55976 -2.68338 2
    endloop
  endfacet
  facet normal 0 0 1
    outer loop
      vertex 4.73597 -2.37817 2
      vertex 2.35 0.25 2
      vertex 4.63787 -2.525 2
    endloop
  endfacet
  facet normal 0 0 1
    outer loop
      vertex 4.85241 -2.24541 2
      vertex 2.35 0.25 2
      vertex 4.73597 -2.37817 2
    endloop
  endfacet
  facet normal 0 0 1
    outer loop
      vertex 4.98517 -2.12897 2
      vertex 2.35 0.25 2
      vertex 4.85241 -2.24541 2
    endloop
  endfacet
  facet normal 0 0 1
    outer loop
      vertex 5.132 -2.03087 2
      vertex 2.35 0.25 2
      vertex 4.98517 -2.12897 2
    endloop
  endfacet
  facet normal 0 0 1
    outer loop
      vertex 5.29038 -1.95276 2
      vertex 2.35 0.25 2
      vertex 5.132 -2.03087 2
    endloop
  endfacet
  facet normal 0 0 1
    outer loop
      vertex 5.45759 -1.896 2
      vertex 2.35 0.25 2
      vertex 5.29038 -1.95276 2
    endloop
  endfacet
  facet normal 0 0 1
    outer loop
      vertex 10.307 -6.65 2
      vertex 7.14545 -3.37621 2
      vertex 9.307 -6.65 2
    endloop
  endfacet
  facet normal -0 0 1
    outer loop
      vertex 7.111 -3.54941 2
      vertex 9.307 -6.65 2
      vertex 7.14545 -3.37621 2
    endloop
  endfacet
  facet normal -0 0 1
    outer loop
      vertex 7.05424 -3.71662 2
      vertex 9.307 -6.65 2
      vertex 7.111 -3.54941 2
    endloop
  endfacet
  facet normal -0 0 1
    outer loop
      vertex 6.97614 -3.875 2
      vertex 9.307 -6.65 2
      vertex 7.05424 -3.71662 2
    endloop
  endfacet
  facet normal -0 0 1
    outer loop
      vertex 6.87803 -4.02183 2
      vertex 9.307 -6.65 2
      vertex 6.97614 -3.875 2
    endloop
  endfacet
  facet normal -0 0 1
    outer loop
      vertex 6.76159 -4.15459 2
      vertex 9.307 -6.65 2
      vertex 6.87803 -4.02183 2
    endloop
  endfacet
  facet normal -0 0 1
    outer loop
      vertex 6.62883 -4.27103 2
      vertex 9.307 -6.65 2
      vertex 6.76159 -4.15459 2
    endloop
  endfacet
  facet normal -0 0 1
    outer loop
      vertex 6.482 -4.36913 2
      vertex 9.307 -6.65 2
      vertex 6.62883 -4.27103 2
    endloop
  endfacet
  facet normal -0 0 1
    outer loop
      vertex 6.32362 -4.44724 2
      vertex 9.307 -6.65 2
      vertex 6.482 -4.36913 2
    endloop
  endfacet
  facet normal -0 0 1
    outer loop
      vertex 6.15641 -4.504 2
      vertex 9.307 -6.65 2
      vertex 6.32362 -4.44724 2
    endloop
  endfacet
  facet normal -0 0 1
    outer loop
      vertex 5.98321 -4.53845 2
      vertex 9.307 -6.65 2
      vertex 6.15641 -4.504 2
    endloop
  endfacet
  facet normal -0 0 1
    outer loop
      vertex 5.807 -4.55 2
      vertex 9.307 -6.65 2
      vertex 5.98321 -4.53845 2
    endloop
  endfacet
  facet normal 0 0 1
    outer loop
      vertex 2.35 -6.65 2
      vertex 5.807 -4.55 2
      vertex 5.63079 -4.53845 2
    endloop
  endfacet
  facet normal 0 0 1
    outer loop
      vertex 2.35 -6.65 2
      vertex 5.63079 -4.53845 2
      vertex 5.45759 -4.504 2
    endloop
  endfacet
  facet normal 0 0 1
    outer loop
      vertex 2.35 -6.65 2
      vertex 5.45759 -4.504 2
      vertex 5.29038 -4.44724 2
    endloop
  endfacet
  facet normal 0 0 1
    outer loop
      vertex 2.35 -6.65 2
      vertex 5.29038 -4.44724 2
      vertex 5.132 -4.36913 2
    endloop
  endfacet
  facet normal 0 0 1
    outer loop
      vertex 2.35 -6.65 2
      vertex 4.457 -3.2 2
      vertex 2.35 0.25 2
    endloop
  endfacet
  facet normal 0 0 1
    outer loop
      vertex 4.457 -3.2 2
      vertex 2.35 -6.65 2
      vertex 4.46855 -3.37621 2
    endloop
  endfacet
  facet normal 0 0 1
    outer loop
      vertex 4.46855 -3.37621 2
      vertex 2.35 -6.65 2
      vertex 4.503 -3.54941 2
    endloop
  endfacet
  facet normal 0 0 1
    outer loop
      vertex 4.503 -3.54941 2
      vertex 2.35 -6.65 2
      vertex 4.55976 -3.71662 2
    endloop
  endfacet
  facet normal 0 0 1
    outer loop
      vertex 5.807 -4.55 2
      vertex 2.35 -6.65 2
      vertex 9.307 -6.65 2
    endloop
  endfacet
  facet normal 0 0 1
    outer loop
      vertex 4.98517 -4.27103 2
      vertex 2.35 -6.65 2
      vertex 5.132 -4.36913 2
    endloop
  endfacet
  facet normal 0 0 1
    outer loop
      vertex 4.85241 -4.15459 2
      vertex 2.35 -6.65 2
      vertex 4.98517 -4.27103 2
    endloop
  endfacet
  facet normal 0 0 1
    outer loop
      vertex 4.73597 -4.02183 2
      vertex 2.35 -6.65 2
      vertex 4.85241 -4.15459 2
    endloop
  endfacet
  facet normal 0 0 1
    outer loop
      vertex 4.63787 -3.875 2
      vertex 2.35 -6.65 2
      vertex 4.73597 -4.02183 2
    endloop
  endfacet
  facet normal 0 0 1
    outer loop
      vertex 4.55976 -3.71662 2
      vertex 2.35 -6.65 2
      vertex 4.63787 -3.875 2
    endloop
  endfacet
  facet normal 0 -1 0
    outer loop
      vertex 2.6 -8.15 10.2
      vertex 2.98 -8.15 5.292
      vertex 2.98 -8.15 10.2
    endloop
  endfacet
  facet normal 0 -1 0
    outer loop
      vertex 2.6 -8.15 7.62939e-07
      vertex 2.98 -8.15 5.292
      vertex 2.6 -8.15 10.2
    endloop
  endfacet
  facet normal 0 -1 0
    outer loop
      vertex 2.6 -8.15 7.62939e-07
      vertex 5.23 -8.15 3.042
      vertex 4.93632 -8.15 3.06125
    endloop
  endfacet
  facet normal 0 -1 0
    outer loop
      vertex 2.6 -8.15 7.62939e-07
      vertex 4.93632 -8.15 3.06125
      vertex 4.64766 -8.15 3.11867
    endloop
  endfacet
  facet normal 0 -1 -0
    outer loop
      vertex 2.98 -8.15 5.292
      vertex 2.6 -8.15 7.62939e-07
      vertex 2.99925 -8.15 4.99832
    endloop
  endfacet
  facet normal 0 -1 0
    outer loop
      vertex 2.6 -8.15 7.62939e-07
      vertex 3.05667 -8.15 4.70966
      vertex 2.99925 -8.15 4.99832
    endloop
  endfacet
  facet normal 0 -1 0
    outer loop
      vertex 2.6 -8.15 7.62939e-07
      vertex 3.15127 -8.15 4.43096
      vertex 3.05667 -8.15 4.70966
    endloop
  endfacet
  facet normal 0 -1 0
    outer loop
      vertex 2.6 -8.15 7.62939e-07
      vertex 3.28144 -8.15 4.167
      vertex 3.15127 -8.15 4.43096
    endloop
  endfacet
  facet normal 0 -1 0
    outer loop
      vertex 2.6 -8.15 7.62939e-07
      vertex 3.44496 -8.15 3.92229
      vertex 3.28144 -8.15 4.167
    endloop
  endfacet
  facet normal 0 -1 0
    outer loop
      vertex 2.6 -8.15 7.62939e-07
      vertex 3.63901 -8.15 3.70101
      vertex 3.44496 -8.15 3.92229
    endloop
  endfacet
  facet normal 0 -1 0
    outer loop
      vertex 2.6 -8.15 7.62939e-07
      vertex 3.86029 -8.15 3.50695
      vertex 3.63901 -8.15 3.70101
    endloop
  endfacet
  facet normal 0 -1 0
    outer loop
      vertex 2.6 -8.15 7.62939e-07
      vertex 4.105 -8.15 3.34344
      vertex 3.86029 -8.15 3.50695
    endloop
  endfacet
  facet normal 0 -1 0
    outer loop
      vertex 2.6 -8.15 7.62939e-07
      vertex 4.36896 -8.15 3.21327
      vertex 4.105 -8.15 3.34344
    endloop
  endfacet
  facet normal 0 -1 0
    outer loop
      vertex 2.6 -8.15 7.62939e-07
      vertex 4.64766 -8.15 3.11867
      vertex 4.36896 -8.15 3.21327
    endloop
  endfacet
  facet normal 0 -1 -0
    outer loop
      vertex 5.23 -8.15 3.042
      vertex 2.6 -8.15 7.62939e-07
      vertex 9.307 -8.15 2
    endloop
  endfacet
  facet normal 0 -1 0
    outer loop
      vertex 12.307 -8.15 7.62939e-07
      vertex 9.307 -8.15 2
      vertex 2.6 -8.15 7.62939e-07
    endloop
  endfacet
  facet normal 0 -1 0
    outer loop
      vertex 9.307 -8.15 2
      vertex 12.307 -8.15 7.62939e-07
      vertex 12.307 -8.15 2
    endloop
  endfacet
  facet normal 0 -1 0
    outer loop
      vertex 7.48 -8.15 5.292
      vertex 9.307 -8.15 10.2
      vertex 7.48 -8.15 10.2
    endloop
  endfacet
  facet normal 0 -1 0
    outer loop
      vertex 9.307 -8.15 2
      vertex 7.48 -8.15 5.292
      vertex 7.46075 -8.15 4.99832
    endloop
  endfacet
  facet normal 0 -1 0
    outer loop
      vertex 9.307 -8.15 2
      vertex 7.46075 -8.15 4.99832
      vertex 7.40333 -8.15 4.70966
    endloop
  endfacet
  facet normal 0 -1 0
    outer loop
      vertex 9.307 -8.15 2
      vertex 7.40333 -8.15 4.70966
      vertex 7.30873 -8.15 4.43096
    endloop
  endfacet
  facet normal 0 -1 0
    outer loop
      vertex 7.48 -8.15 5.292
      vertex 9.307 -8.15 2
      vertex 9.307 -8.15 10.2
    endloop
  endfacet
  facet normal 0 -1 0
    outer loop
      vertex 7.17856 -8.15 4.167
      vertex 9.307 -8.15 2
      vertex 7.30873 -8.15 4.43096
    endloop
  endfacet
  facet normal 0 -1 0
    outer loop
      vertex 7.01505 -8.15 3.92229
      vertex 9.307 -8.15 2
      vertex 7.17856 -8.15 4.167
    endloop
  endfacet
  facet normal 0 -1 0
    outer loop
      vertex 6.82099 -8.15 3.70101
      vertex 9.307 -8.15 2
      vertex 7.01505 -8.15 3.92229
    endloop
  endfacet
  facet normal 0 -1 0
    outer loop
      vertex 6.59971 -8.15 3.50695
      vertex 9.307 -8.15 2
      vertex 6.82099 -8.15 3.70101
    endloop
  endfacet
  facet normal 0 -1 0
    outer loop
      vertex 6.355 -8.15 3.34344
      vertex 9.307 -8.15 2
      vertex 6.59971 -8.15 3.50695
    endloop
  endfacet
  facet normal 0 -1 0
    outer loop
      vertex 6.09104 -8.15 3.21327
      vertex 9.307 -8.15 2
      vertex 6.355 -8.15 3.34344
    endloop
  endfacet
  facet normal 0 -1 0
    outer loop
      vertex 5.81234 -8.15 3.11867
      vertex 9.307 -8.15 2
      vertex 6.09104 -8.15 3.21327
    endloop
  endfacet
  facet normal 0 -1 0
    outer loop
      vertex 5.52368 -8.15 3.06125
      vertex 9.307 -8.15 2
      vertex 5.81234 -8.15 3.11867
    endloop
  endfacet
  facet normal 0 -1 0
    outer loop
      vertex 9.307 -8.15 2
      vertex 5.52368 -8.15 3.06125
      vertex 5.23 -8.15 3.042
    endloop
  endfacet
  facet normal -0 0 1
    outer loop
      vertex 2.6 -6.65 10.2
      vertex 2.98 -8.15 10.2
      vertex 2.98 -6.65 10.2
    endloop
  endfacet
  facet normal -0 0 1
    outer loop
      vertex 2.6 -8.14999 10.2
      vertex 2.98 -8.15 10.2
      vertex 2.6 -6.65 10.2
    endloop
  endfacet
  facet normal 0 0 1
    outer loop
      vertex 2.98 -8.15 10.2
      vertex 2.6 -8.14999 10.2
      vertex 2.6 -8.15 10.2
    endloop
  endfacet
  facet normal -0 0 1
    outer loop
      vertex 7.48 -6.65 10.2
      vertex 9.307 -8.15 10.2
      vertex 9.307 -6.65 10.2
    endloop
  endfacet
  facet normal 0 0 1
    outer loop
      vertex 9.307 -8.15 10.2
      vertex 7.48 -6.65 10.2
      vertex 7.48 -8.15 10.2
    endloop
  endfacet
  facet normal 0 1 0
    outer loop
      vertex 9.307 -6.65 10.2
      vertex 7.48 -6.65 5.292
      vertex 7.48 -6.65 10.2
    endloop
  endfacet
  facet normal 0 1 -0
    outer loop
      vertex 9.307 -6.65 2
      vertex 7.48 -6.65 5.292
      vertex 9.307 -6.65 10.2
    endloop
  endfacet
  facet normal 0 1 0
    outer loop
      vertex 7.48 -6.65 5.292
      vertex 9.307 -6.65 2
      vertex 7.46075 -6.65 4.99832
    endloop
  endfacet
  facet normal 0 1 0
    outer loop
      vertex 7.46075 -6.65 4.99832
      vertex 9.307 -6.65 2
      vertex 7.40333 -6.65 4.70966
    endloop
  endfacet
  facet normal 0 1 0
    outer loop
      vertex 5.52368 -6.65 3.06125
      vertex 9.307 -6.65 2
      vertex 5.23 -6.65 3.042
    endloop
  endfacet
  facet normal 0 1 0
    outer loop
      vertex 5.81234 -6.65 3.11867
      vertex 9.307 -6.65 2
      vertex 5.52368 -6.65 3.06125
    endloop
  endfacet
  facet normal 0 1 0
    outer loop
      vertex 6.09104 -6.65 3.21327
      vertex 9.307 -6.65 2
      vertex 5.81234 -6.65 3.11867
    endloop
  endfacet
  facet normal 0 1 0
    outer loop
      vertex 6.355 -6.65 3.34344
      vertex 9.307 -6.65 2
      vertex 6.09104 -6.65 3.21327
    endloop
  endfacet
  facet normal 0 1 0
    outer loop
      vertex 6.59971 -6.65 3.50695
      vertex 9.307 -6.65 2
      vertex 6.355 -6.65 3.34344
    endloop
  endfacet
  facet normal 0 1 0
    outer loop
      vertex 6.82099 -6.65 3.70101
      vertex 9.307 -6.65 2
      vertex 6.59971 -6.65 3.50695
    endloop
  endfacet
  facet normal 0 1 0
    outer loop
      vertex 7.01505 -6.65 3.92229
      vertex 9.307 -6.65 2
      vertex 6.82099 -6.65 3.70101
    endloop
  endfacet
  facet normal 0 1 0
    outer loop
      vertex 7.17856 -6.65 4.167
      vertex 9.307 -6.65 2
      vertex 7.01505 -6.65 3.92229
    endloop
  endfacet
  facet normal 0 1 0
    outer loop
      vertex 7.30873 -6.65 4.43096
      vertex 9.307 -6.65 2
      vertex 7.17856 -6.65 4.167
    endloop
  endfacet
  facet normal 0 1 0
    outer loop
      vertex 7.40333 -6.65 4.70966
      vertex 9.307 -6.65 2
      vertex 7.30873 -6.65 4.43096
    endloop
  endfacet
  facet normal 0 1 0
    outer loop
      vertex 2.98 -6.65 10.2
      vertex 2.98 -6.65 5.292
      vertex 2.6 -6.65 10.2
    endloop
  endfacet
  facet normal 0 1 -0
    outer loop
      vertex 2.6 -6.65 10.2
      vertex 2.35 -6.65 28
      vertex 2.6 -6.65 28
    endloop
  endfacet
  facet normal 0 1 0
    outer loop
      vertex 2.35 -6.65 2
      vertex 2.98 -6.65 5.292
      vertex 2.99925 -6.65 4.99832
    endloop
  endfacet
  facet normal 0 1 0
    outer loop
      vertex 2.35 -6.65 2
      vertex 5.23 -6.65 3.042
      vertex 9.307 -6.65 2
    endloop
  endfacet
  facet normal 0 1 0
    outer loop
      vertex 5.23 -6.65 3.042
      vertex 2.35 -6.65 2
      vertex 4.93632 -6.65 3.06125
    endloop
  endfacet
  facet normal 0 1 0
    outer loop
      vertex 2.6 -6.65 10.2
      vertex 2.35 -6.65 2
      vertex 2.35 -6.65 28
    endloop
  endfacet
  facet normal 0 1 0
    outer loop
      vertex 2.98 -6.65 5.292
      vertex 2.35 -6.65 2
      vertex 2.6 -6.65 10.2
    endloop
  endfacet
  facet normal 0 1 0
    outer loop
      vertex 3.05667 -6.65 4.70966
      vertex 2.35 -6.65 2
      vertex 2.99925 -6.65 4.99832
    endloop
  endfacet
  facet normal 0 1 0
    outer loop
      vertex 3.15127 -6.65 4.43096
      vertex 2.35 -6.65 2
      vertex 3.05667 -6.65 4.70966
    endloop
  endfacet
  facet normal 0 1 0
    outer loop
      vertex 3.28144 -6.65 4.167
      vertex 2.35 -6.65 2
      vertex 3.15127 -6.65 4.43096
    endloop
  endfacet
  facet normal 0 1 0
    outer loop
      vertex 3.44496 -6.65 3.92229
      vertex 2.35 -6.65 2
      vertex 3.28144 -6.65 4.167
    endloop
  endfacet
  facet normal 0 1 0
    outer loop
      vertex 3.63901 -6.65 3.70101
      vertex 2.35 -6.65 2
      vertex 3.44496 -6.65 3.92229
    endloop
  endfacet
  facet normal 0 1 0
    outer loop
      vertex 3.86029 -6.65 3.50695
      vertex 2.35 -6.65 2
      vertex 3.63901 -6.65 3.70101
    endloop
  endfacet
  facet normal 0 1 0
    outer loop
      vertex 4.105 -6.65 3.34344
      vertex 2.35 -6.65 2
      vertex 3.86029 -6.65 3.50695
    endloop
  endfacet
  facet normal 0 1 0
    outer loop
      vertex 4.36896 -6.65 3.21327
      vertex 2.35 -6.65 2
      vertex 4.105 -6.65 3.34344
    endloop
  endfacet
  facet normal 0 1 0
    outer loop
      vertex 4.64766 -6.65 3.11867
      vertex 2.35 -6.65 2
      vertex 4.36896 -6.65 3.21327
    endloop
  endfacet
  facet normal 0 1 0
    outer loop
      vertex 4.93632 -6.65 3.06125
      vertex 2.35 -6.65 2
      vertex 4.64766 -6.65 3.11867
    endloop
  endfacet
  facet normal 1 -0 0
    outer loop
      vertex 9.307 -8.15 10.2
      vertex 9.307 -6.65 2
      vertex 9.307 -6.65 10.2
    endloop
  endfacet
  facet normal 1 0 0
    outer loop
      vertex 9.307 -6.65 2
      vertex 9.307 -8.15 10.2
      vertex 9.307 -8.15 2
    endloop
  endfacet
  facet normal 1 0 0
    outer loop
      vertex 2.35 0.25 28
      vertex 2.35 -0.149994 8.5
      vertex 2.35 0.25 2
    endloop
  endfacet
  facet normal 1 0 0
    outer loop
      vertex 2.35 0.25 28
      vertex 2.35 -0.156845 8.60441
      vertex 2.35 -0.149994 8.5
    endloop
  endfacet
  facet normal 1 0 0
    outer loop
      vertex 2.35 0.25 28
      vertex 2.35 -0.177261 8.70706
      vertex 2.35 -0.156845 8.60441
    endloop
  endfacet
  facet normal 1 0 0
    outer loop
      vertex 2.35 0.25 28
      vertex 2.35 -0.210892 8.80615
      vertex 2.35 -0.177261 8.70706
    endloop
  endfacet
  facet normal 1 0 0
    outer loop
      vertex 2.35 0.25 28
      vertex 2.35 -0.257172 8.89999
      vertex 2.35 -0.210892 8.80615
    endloop
  endfacet
  facet normal 1 0 0
    outer loop
      vertex 2.35 0.25 28
      vertex 2.35 -0.315308 8.98701
      vertex 2.35 -0.257172 8.89999
    endloop
  endfacet
  facet normal 1 0 0
    outer loop
      vertex 2.35 0.25 28
      vertex 2.35 -0.384308 9.06569
      vertex 2.35 -0.315308 8.98701
    endloop
  endfacet
  facet normal 1 0 0
    outer loop
      vertex 2.35 0.25 28
      vertex 2.35 -0.462982 9.13469
      vertex 2.35 -0.384308 9.06569
    endloop
  endfacet
  facet normal 1 0 0
    outer loop
      vertex 2.35 0.25 28
      vertex 2.35 -0.550003 9.19282
      vertex 2.35 -0.462982 9.13469
    endloop
  endfacet
  facet normal 1 0 0
    outer loop
      vertex 2.35 0.25 28
      vertex 2.35 -0.643845 9.2391
      vertex 2.35 -0.550003 9.19282
    endloop
  endfacet
  facet normal 1 0 0
    outer loop
      vertex 2.35 0.25 28
      vertex 2.35 -0.742935 9.27273
      vertex 2.35 -0.643845 9.2391
    endloop
  endfacet
  facet normal 1 0 0
    outer loop
      vertex 2.35 0.25 28
      vertex 2.35 -0.845581 9.29315
      vertex 2.35 -0.742935 9.27273
    endloop
  endfacet
  facet normal 1 0 0
    outer loop
      vertex 2.35 0.25 28
      vertex 2.35 -0.949997 9.3
      vertex 2.35 -0.845581 9.29315
    endloop
  endfacet
  facet normal 1 0 0
    outer loop
      vertex 2.35 0.25 28
      vertex 2.35 -5.45 9.3
      vertex 2.35 -0.949997 9.3
    endloop
  endfacet
  facet normal 1 -0 0
    outer loop
      vertex 2.35 -6.65 28
      vertex 2.35 -5.45 9.3
      vertex 2.35 0.25 28
    endloop
  endfacet
  facet normal 1 0 0
    outer loop
      vertex 2.35 -5.45 9.3
      vertex 2.35 -6.65 28
      vertex 2.35 -5.55441 9.29315
    endloop
  endfacet
  facet normal 1 0 0
    outer loop
      vertex 2.35 -5.55441 9.29315
      vertex 2.35 -6.65 28
      vertex 2.35 -5.65706 9.27273
    endloop
  endfacet
  facet normal 1 0 0
    outer loop
      vertex 2.35 -5.65706 9.27273
      vertex 2.35 -6.65 28
      vertex 2.35 -5.75615 9.2391
    endloop
  endfacet
  facet normal 1 0 0
    outer loop
      vertex 2.35 -5.75615 9.2391
      vertex 2.35 -6.65 28
      vertex 2.35 -5.84999 9.19282
    endloop
  endfacet
  facet normal 1 0 0
    outer loop
      vertex 2.35 -5.84999 9.19282
      vertex 2.35 -6.65 28
      vertex 2.35 -5.93701 9.13469
    endloop
  endfacet
  facet normal 1 0 0
    outer loop
      vertex 2.35 -5.93701 9.13469
      vertex 2.35 -6.65 28
      vertex 2.35 -6.01569 9.06569
    endloop
  endfacet
  facet normal 1 0 0
    outer loop
      vertex 2.35 -6.01569 9.06569
      vertex 2.35 -6.65 28
      vertex 2.35 -6.08469 8.98701
    endloop
  endfacet
  facet normal 1 0 0
    outer loop
      vertex 2.35 -6.08469 8.98701
      vertex 2.35 -6.65 28
      vertex 2.35 -6.14282 8.89999
    endloop
  endfacet
  facet normal 1 0 0
    outer loop
      vertex 2.35 -6.14282 8.89999
      vertex 2.35 -6.65 28
      vertex 2.35 -6.1891 8.80615
    endloop
  endfacet
  facet normal 1 0 0
    outer loop
      vertex 2.35 -6.65 2
      vertex 2.35 -6.25 8.5
      vertex 2.35 -6.65 28
    endloop
  endfacet
  facet normal 1 0 0
    outer loop
      vertex 2.35 -6.24315 8.60441
      vertex 2.35 -6.65 28
      vertex 2.35 -6.25 8.5
    endloop
  endfacet
  facet normal 1 0 0
    outer loop
      vertex 2.35 -6.22273 8.70706
      vertex 2.35 -6.65 28
      vertex 2.35 -6.24315 8.60441
    endloop
  endfacet
  facet normal 1 0 0
    outer loop
      vertex 2.35 -6.1891 8.80615
      vertex 2.35 -6.65 28
      vertex 2.35 -6.22273 8.70706
    endloop
  endfacet
  facet normal 1 -0 0
    outer loop
      vertex 2.35 -0.149994 6.3
      vertex 2.35 0.25 2
      vertex 2.35 -0.149994 8.5
    endloop
  endfacet
  facet normal 1 -0 0
    outer loop
      vertex 2.35 -0.156845 6.19558
      vertex 2.35 0.25 2
      vertex 2.35 -0.149994 6.3
    endloop
  endfacet
  facet normal 1 -0 0
    outer loop
      vertex 2.35 -0.177261 6.09294
      vertex 2.35 0.25 2
      vertex 2.35 -0.156845 6.19558
    endloop
  endfacet
  facet normal 1 -0 0
    outer loop
      vertex 2.35 -0.210892 5.99385
      vertex 2.35 0.25 2
      vertex 2.35 -0.177261 6.09294
    endloop
  endfacet
  facet normal 1 -0 0
    outer loop
      vertex 2.35 -0.257172 5.90001
      vertex 2.35 0.25 2
      vertex 2.35 -0.210892 5.99385
    endloop
  endfacet
  facet normal 1 -0 0
    outer loop
      vertex 2.35 -0.315308 5.81299
      vertex 2.35 0.25 2
      vertex 2.35 -0.257172 5.90001
    endloop
  endfacet
  facet normal 1 -0 0
    outer loop
      vertex 2.35 -0.384308 5.73431
      vertex 2.35 0.25 2
      vertex 2.35 -0.315308 5.81299
    endloop
  endfacet
  facet normal 1 -0 0
    outer loop
      vertex 2.35 -0.462982 5.66531
      vertex 2.35 0.25 2
      vertex 2.35 -0.384308 5.73431
    endloop
  endfacet
  facet normal 1 -0 0
    outer loop
      vertex 2.35 -0.550003 5.60717
      vertex 2.35 0.25 2
      vertex 2.35 -0.462982 5.66531
    endloop
  endfacet
  facet normal 1 -0 0
    outer loop
      vertex 2.35 -0.643845 5.56089
      vertex 2.35 0.25 2
      vertex 2.35 -0.550003 5.60717
    endloop
  endfacet
  facet normal 1 -0 0
    outer loop
      vertex 2.35 -0.742935 5.52726
      vertex 2.35 0.25 2
      vertex 2.35 -0.643845 5.56089
    endloop
  endfacet
  facet normal 1 -0 0
    outer loop
      vertex 2.35 -0.845581 5.50685
      vertex 2.35 0.25 2
      vertex 2.35 -0.742935 5.52726
    endloop
  endfacet
  facet normal 1 -0 0
    outer loop
      vertex 2.35 -0.949997 5.5
      vertex 2.35 0.25 2
      vertex 2.35 -0.845581 5.50685
    endloop
  endfacet
  facet normal 1 -0 0
    outer loop
      vertex 2.35 -5.45 5.5
      vertex 2.35 0.25 2
      vertex 2.35 -0.949997 5.5
    endloop
  endfacet
  facet normal 1 0 0
    outer loop
      vertex 2.35 -6.65 2
      vertex 2.35 -5.45 5.5
      vertex 2.35 -5.55441 5.50685
    endloop
  endfacet
  facet normal 1 0 0
    outer loop
      vertex 2.35 -6.65 2
      vertex 2.35 -5.55441 5.50685
      vertex 2.35 -5.65706 5.52726
    endloop
  endfacet
  facet normal 1 0 0
    outer loop
      vertex 2.35 -6.65 2
      vertex 2.35 -5.65706 5.52726
      vertex 2.35 -5.75615 5.56089
    endloop
  endfacet
  facet normal 1 0 0
    outer loop
      vertex 2.35 -6.65 2
      vertex 2.35 -5.75615 5.56089
      vertex 2.35 -5.84999 5.60717
    endloop
  endfacet
  facet normal 1 0 0
    outer loop
      vertex 2.35 -5.45 5.5
      vertex 2.35 -6.65 2
      vertex 2.35 0.25 2
    endloop
  endfacet
  facet normal 1 0 0
    outer loop
      vertex 2.35 -5.93701 5.66531
      vertex 2.35 -6.65 2
      vertex 2.35 -5.84999 5.60717
    endloop
  endfacet
  facet normal 1 0 0
    outer loop
      vertex 2.35 -6.01569 5.73431
      vertex 2.35 -6.65 2
      vertex 2.35 -5.93701 5.66531
    endloop
  endfacet
  facet normal 1 0 0
    outer loop
      vertex 2.35 -6.08469 5.81299
      vertex 2.35 -6.65 2
      vertex 2.35 -6.01569 5.73431
    endloop
  endfacet
  facet normal 1 0 0
    outer loop
      vertex 2.35 -6.14282 5.90001
      vertex 2.35 -6.65 2
      vertex 2.35 -6.08469 5.81299
    endloop
  endfacet
  facet normal 1 0 0
    outer loop
      vertex 2.35 -6.1891 5.99385
      vertex 2.35 -6.65 2
      vertex 2.35 -6.14282 5.90001
    endloop
  endfacet
  facet normal 1 0 0
    outer loop
      vertex 2.35 -6.22273 6.09294
      vertex 2.35 -6.65 2
      vertex 2.35 -6.1891 5.99385
    endloop
  endfacet
  facet normal 1 0 0
    outer loop
      vertex 2.35 -6.24315 6.19558
      vertex 2.35 -6.65 2
      vertex 2.35 -6.22273 6.09294
    endloop
  endfacet
  facet normal 1 0 0
    outer loop
      vertex 2.35 -6.25 6.3
      vertex 2.35 -6.65 2
      vertex 2.35 -6.24315 6.19558
    endloop
  endfacet
  facet normal 1 0 0
    outer loop
      vertex 2.35 -6.25 8.5
      vertex 2.35 -6.65 2
      vertex 2.35 -6.25 6.3
    endloop
  endfacet
  facet normal 0 -1 0
    outer loop
      vertex 2.35 0.25 28
      vertex 2.6 0.25 2.65
      vertex 2.6 0.25 28
    endloop
  endfacet
  facet normal 0 -1 0
    outer loop
      vertex 2.35 0.25 2
      vertex 2.6 0.25 2.65
      vertex 2.35 0.25 28
    endloop
  endfacet
  facet normal 0 -1 0
    outer loop
      vertex 10.307 0.25 2
      vertex 2.6 0.25 2.65
      vertex 2.35 0.25 2
    endloop
  endfacet
  facet normal 0 -1 0
    outer loop
      vertex 2.6 0.25 2.65
      vertex 10.307 0.25 2
      vertex 10.307 0.25 2.65
    endloop
  endfacet
  facet normal -1 0 0
    outer loop
      vertex 10.307 0.0999994 2
      vertex 10.307 0.25 2.65
      vertex 10.307 0.25 2
    endloop
  endfacet
  facet normal -1 -0 0
    outer loop
      vertex 10.307 0.25 2.65
      vertex 10.307 0.0999994 2
      vertex 10.307 0.0999994 2.65
    endloop
  endfacet
  facet normal -1 0 0
    outer loop
      vertex 7.48 -8.15 5.292
      vertex 7.48 -6.65 10.2
      vertex 7.48 -6.65 5.292
    endloop
  endfacet
  facet normal -1 -0 0
    outer loop
      vertex 7.48 -6.65 10.2
      vertex 7.48 -8.15 5.292
      vertex 7.48 -8.15 10.2
    endloop
  endfacet
  facet normal 0.0654072 0 0.997859
    outer loop
      vertex 4.93632 -6.65 3.06125
      vertex 5.23 -8.15 3.042
      vertex 5.23 -6.65 3.042
    endloop
  endfacet
  facet normal 0.0654072 0 0.997859
    outer loop
      vertex 5.23 -8.15 3.042
      vertex 4.93632 -6.65 3.06125
      vertex 4.93632 -8.15 3.06125
    endloop
  endfacet
  facet normal 1 -0 0
    outer loop
      vertex 2.98 -8.15 10.2
      vertex 2.98 -6.65 5.292
      vertex 2.98 -6.65 10.2
    endloop
  endfacet
  facet normal 1 0 0
    outer loop
      vertex 2.98 -6.65 5.292
      vertex 2.98 -8.15 10.2
      vertex 2.98 -8.15 5.292
    endloop
  endfacet
  facet normal 0.980784 -0 0.195097
    outer loop
      vertex 2.99925 -8.15 4.99832
      vertex 3.05667 -6.65 4.70966
      vertex 2.99925 -6.65 4.99832
    endloop
  endfacet
  facet normal 0.980784 0 0.195097
    outer loop
      vertex 3.05667 -6.65 4.70966
      vertex 2.99925 -8.15 4.99832
      vertex 3.05667 -8.15 4.70966
    endloop
  endfacet
  facet normal -0.83147 0 0.55557
    outer loop
      vertex 7.01505 -8.15 3.92229
      vertex 7.17856 -6.65 4.167
      vertex 7.01505 -6.65 3.92229
    endloop
  endfacet
  facet normal -0.83147 0 0.55557
    outer loop
      vertex 7.17856 -6.65 4.167
      vertex 7.01505 -8.15 3.92229
      vertex 7.17856 -8.15 4.167
    endloop
  endfacet
  facet normal -0.980784 0 0.195097
    outer loop
      vertex 7.40333 -8.15 4.70966
      vertex 7.46075 -6.65 4.99832
      vertex 7.40333 -6.65 4.70966
    endloop
  endfacet
  facet normal -0.980784 0 0.195097
    outer loop
      vertex 7.46075 -6.65 4.99832
      vertex 7.40333 -8.15 4.70966
      vertex 7.46075 -8.15 4.99832
    endloop
  endfacet
  facet normal 0.997859 -0 0.0654072
    outer loop
      vertex 2.98 -8.15 5.292
      vertex 2.99925 -6.65 4.99832
      vertex 2.98 -6.65 5.292
    endloop
  endfacet
  facet normal 0.997859 0 0.0654072
    outer loop
      vertex 2.99925 -6.65 4.99832
      vertex 2.98 -8.15 5.292
      vertex 2.99925 -8.15 4.99832
    endloop
  endfacet
  facet normal 0.442287 0 0.896874
    outer loop
      vertex 4.105 -6.65 3.34344
      vertex 4.36896 -8.15 3.21327
      vertex 4.36896 -6.65 3.21327
    endloop
  endfacet
  facet normal 0.442287 0 0.896874
    outer loop
      vertex 4.36896 -8.15 3.21327
      vertex 4.105 -6.65 3.34344
      vertex 4.105 -8.15 3.34344
    endloop
  endfacet
  facet normal -0.751835 0 0.659351
    outer loop
      vertex 6.82099 -8.15 3.70101
      vertex 7.01505 -6.65 3.92229
      vertex 6.82099 -6.65 3.70101
    endloop
  endfacet
  facet normal -0.751835 0 0.659351
    outer loop
      vertex 7.01505 -6.65 3.92229
      vertex 6.82099 -8.15 3.70101
      vertex 7.01505 -8.15 3.92229
    endloop
  endfacet
  facet normal -0.997859 0 0.0654072
    outer loop
      vertex 7.46075 -8.15 4.99832
      vertex 7.48 -6.65 5.292
      vertex 7.46075 -6.65 4.99832
    endloop
  endfacet
  facet normal -0.997859 0 0.0654072
    outer loop
      vertex 7.48 -6.65 5.292
      vertex 7.46075 -8.15 4.99832
      vertex 7.48 -8.15 5.292
    endloop
  endfacet
  facet normal -0.659351 0 0.751835
    outer loop
      vertex 6.59971 -6.65 3.50695
      vertex 6.82099 -8.15 3.70101
      vertex 6.82099 -6.65 3.70101
    endloop
  endfacet
  facet normal -0.659351 0 0.751835
    outer loop
      vertex 6.82099 -8.15 3.70101
      vertex 6.59971 -6.65 3.50695
      vertex 6.59971 -8.15 3.50695
    endloop
  endfacet
  facet normal -0.55557 0 0.83147
    outer loop
      vertex 6.355 -6.65 3.34344
      vertex 6.59971 -8.15 3.50695
      vertex 6.59971 -6.65 3.50695
    endloop
  endfacet
  facet normal -0.55557 0 0.83147
    outer loop
      vertex 6.59971 -8.15 3.50695
      vertex 6.355 -6.65 3.34344
      vertex 6.355 -8.15 3.34344
    endloop
  endfacet
  facet normal -0.321421 0 0.946936
    outer loop
      vertex 5.81234 -6.65 3.11867
      vertex 6.09104 -8.15 3.21327
      vertex 6.09104 -6.65 3.21327
    endloop
  endfacet
  facet normal -0.321421 0 0.946936
    outer loop
      vertex 6.09104 -8.15 3.21327
      vertex 5.81234 -6.65 3.11867
      vertex 5.81234 -8.15 3.11867
    endloop
  endfacet
  facet normal -0.0654072 0 0.997859
    outer loop
      vertex 5.23 -6.65 3.042
      vertex 5.52368 -8.15 3.06125
      vertex 5.52368 -6.65 3.06125
    endloop
  endfacet
  facet normal -0.0654072 0 0.997859
    outer loop
      vertex 5.52368 -8.15 3.06125
      vertex 5.23 -6.65 3.042
      vertex 5.23 -8.15 3.042
    endloop
  endfacet
  facet normal 0.946936 -0 0.321421
    outer loop
      vertex 3.05667 -8.15 4.70966
      vertex 3.15127 -6.65 4.43096
      vertex 3.05667 -6.65 4.70966
    endloop
  endfacet
  facet normal 0.946936 0 0.321421
    outer loop
      vertex 3.15127 -6.65 4.43096
      vertex 3.05667 -8.15 4.70966
      vertex 3.15127 -8.15 4.43096
    endloop
  endfacet
  facet normal 0.321421 0 0.946936
    outer loop
      vertex 4.36896 -6.65 3.21327
      vertex 4.64766 -8.15 3.11867
      vertex 4.64766 -6.65 3.11867
    endloop
  endfacet
  facet normal 0.321421 0 0.946936
    outer loop
      vertex 4.64766 -8.15 3.11867
      vertex 4.36896 -6.65 3.21327
      vertex 4.36896 -8.15 3.21327
    endloop
  endfacet
  facet normal 0.55557 0 0.83147
    outer loop
      vertex 3.86029 -6.65 3.50695
      vertex 4.105 -8.15 3.34344
      vertex 4.105 -6.65 3.34344
    endloop
  endfacet
  facet normal 0.55557 0 0.83147
    outer loop
      vertex 4.105 -8.15 3.34344
      vertex 3.86029 -6.65 3.50695
      vertex 3.86029 -8.15 3.50695
    endloop
  endfacet
  facet normal 0.751852 -0 0.659332
    outer loop
      vertex 3.44496 -8.15 3.92229
      vertex 3.63901 -6.65 3.70101
      vertex 3.44496 -6.65 3.92229
    endloop
  endfacet
  facet normal 0.751852 0 0.659332
    outer loop
      vertex 3.63901 -6.65 3.70101
      vertex 3.44496 -8.15 3.92229
      vertex 3.63901 -8.15 3.70101
    endloop
  endfacet
  facet normal -0.946936 0 0.321421
    outer loop
      vertex 7.30873 -8.15 4.43096
      vertex 7.40333 -6.65 4.70966
      vertex 7.30873 -6.65 4.43096
    endloop
  endfacet
  facet normal -0.946936 0 0.321421
    outer loop
      vertex 7.40333 -6.65 4.70966
      vertex 7.30873 -8.15 4.43096
      vertex 7.40333 -8.15 4.70966
    endloop
  endfacet
  facet normal -0.896874 0 0.442287
    outer loop
      vertex 7.17856 -8.15 4.167
      vertex 7.30873 -6.65 4.43096
      vertex 7.17856 -6.65 4.167
    endloop
  endfacet
  facet normal -0.896874 0 0.442287
    outer loop
      vertex 7.30873 -6.65 4.43096
      vertex 7.17856 -8.15 4.167
      vertex 7.30873 -8.15 4.43096
    endloop
  endfacet
  facet normal -0.442287 0 0.896874
    outer loop
      vertex 6.09104 -6.65 3.21327
      vertex 6.355 -8.15 3.34344
      vertex 6.355 -6.65 3.34344
    endloop
  endfacet
  facet normal -0.442287 0 0.896874
    outer loop
      vertex 6.355 -8.15 3.34344
      vertex 6.09104 -6.65 3.21327
      vertex 6.09104 -8.15 3.21327
    endloop
  endfacet
  facet normal -0.195097 0 0.980784
    outer loop
      vertex 5.52368 -6.65 3.06125
      vertex 5.81234 -8.15 3.11867
      vertex 5.81234 -6.65 3.11867
    endloop
  endfacet
  facet normal -0.195097 0 0.980784
    outer loop
      vertex 5.81234 -8.15 3.11867
      vertex 5.52368 -6.65 3.06125
      vertex 5.52368 -8.15 3.06125
    endloop
  endfacet
  facet normal 0.195097 0 0.980784
    outer loop
      vertex 4.64766 -6.65 3.11867
      vertex 4.93632 -8.15 3.06125
      vertex 4.93632 -6.65 3.06125
    endloop
  endfacet
  facet normal 0.195097 0 0.980784
    outer loop
      vertex 4.93632 -8.15 3.06125
      vertex 4.64766 -6.65 3.11867
      vertex 4.64766 -8.15 3.11867
    endloop
  endfacet
  facet normal 0.659351 0 0.751835
    outer loop
      vertex 3.63901 -6.65 3.70101
      vertex 3.86029 -8.15 3.50695
      vertex 3.86029 -6.65 3.50695
    endloop
  endfacet
  facet normal 0.659351 0 0.751835
    outer loop
      vertex 3.86029 -8.15 3.50695
      vertex 3.63901 -6.65 3.70101
      vertex 3.63901 -8.15 3.70101
    endloop
  endfacet
  facet normal 0.831454 -0 0.555594
    outer loop
      vertex 3.28144 -8.15 4.167
      vertex 3.44496 -6.65 3.92229
      vertex 3.28144 -6.65 4.167
    endloop
  endfacet
  facet normal 0.831454 0 0.555594
    outer loop
      vertex 3.44496 -6.65 3.92229
      vertex 3.28144 -8.15 4.167
      vertex 3.44496 -8.15 3.92229
    endloop
  endfacet
  facet normal 0.896874 -0 0.442287
    outer loop
      vertex 3.15127 -8.15 4.43096
      vertex 3.28144 -6.65 4.167
      vertex 3.15127 -6.65 4.43096
    endloop
  endfacet
  facet normal 0.896874 0 0.442287
    outer loop
      vertex 3.28144 -6.65 4.167
      vertex 3.15127 -8.15 4.43096
      vertex 3.28144 -8.15 4.167
    endloop
  endfacet
  facet normal 1 0 0
    outer loop
      vertex 3.93 1.66 2.65
      vertex 3.93 2.51 6.592
      vertex 3.93 1.66 6.592
    endloop
  endfacet
  facet normal 1 0 0
    outer loop
      vertex 3.93 2.51 6.592
      vertex 3.93 1.66 2.65
      vertex 3.93 2.51 7.62939e-07
    endloop
  endfacet
  facet normal 1 0 0
    outer loop
      vertex 3.93 1.6 7.62939e-07
      vertex 3.93 1.66 2.65
      vertex 3.93 1.6 2.65
    endloop
  endfacet
  facet normal 1 0 0
    outer loop
      vertex 3.93 1.66 2.65
      vertex 3.93 1.6 7.62939e-07
      vertex 3.93 2.51 7.62939e-07
    endloop
  endfacet
  facet normal 0 0 -1
    outer loop
      vertex 3.93 1.66 6.592
      vertex 6.53 2.51 6.592
      vertex 6.53 1.66 6.592
    endloop
  endfacet
  facet normal -0 0 -1
    outer loop
      vertex 6.53 2.51 6.592
      vertex 3.93 1.66 6.592
      vertex 3.93 2.51 6.592
    endloop
  endfacet
  facet normal -1 0 0
    outer loop
      vertex 6.53 2.51 7.62939e-07
      vertex 6.53 1.66 2.65
      vertex 6.53 2.51 6.592
    endloop
  endfacet
  facet normal -1 0 0
    outer loop
      vertex 6.53 1.6 7.62939e-07
      vertex 6.53 1.66 2.65
      vertex 6.53 2.51 7.62939e-07
    endloop
  endfacet
  facet normal -1 -0 0
    outer loop
      vertex 6.53 1.66 2.65
      vertex 6.53 1.6 7.62939e-07
      vertex 6.53 1.6 2.65
    endloop
  endfacet
  facet normal -1 -0 0
    outer loop
      vertex 6.53 2.51 6.592
      vertex 6.53 1.66 2.65
      vertex 6.53 1.66 6.592
    endloop
  endfacet
  facet normal 0 1 -0
    outer loop
      vertex 6.53 1.6 7.62939e-07
      vertex 3.93 1.6 2.65
      vertex 6.53 1.6 2.65
    endloop
  endfacet
  facet normal 0 1 0
    outer loop
      vertex 3.93 1.6 2.65
      vertex 6.53 1.6 7.62939e-07
      vertex 3.93 1.6 7.62939e-07
    endloop
  endfacet
  facet normal 0 -1 0
    outer loop
      vertex 3.93 2.51 7.62939e-07
      vertex 6.53 2.51 6.592
      vertex 3.93 2.51 6.592
    endloop
  endfacet
  facet normal 0 -1 -0
    outer loop
      vertex 6.53 2.51 6.592
      vertex 3.93 2.51 7.62939e-07
      vertex 6.53 2.51 7.62939e-07
    endloop
  endfacet
  facet normal 0 0.946949 -0.321384
    outer loop
      vertex 2.35 -6.22273 8.70706
      vertex 7.93457e-07 -6.1891 8.80615
      vertex 2.35 -6.1891 8.80615
    endloop
  endfacet
  facet normal 0 0.946949 -0.321384
    outer loop
      vertex 7.93457e-07 -6.1891 8.80615
      vertex 2.35 -6.22273 8.70706
      vertex 7.93457e-07 -6.22273 8.70706
    endloop
  endfacet
  facet normal 0 0.89686 -0.442314
    outer loop
      vertex 2.35 -6.1891 8.80615
      vertex 7.93457e-07 -6.14282 8.89999
      vertex 2.35 -6.14282 8.89999
    endloop
  endfacet
  facet normal 0 0.89686 -0.442314
    outer loop
      vertex 7.93457e-07 -6.14282 8.89999
      vertex 2.35 -6.1891 8.80615
      vertex 7.93457e-07 -6.1891 8.80615
    endloop
  endfacet
  facet normal 0 -0.997855 0.0654693
    outer loop
      vertex 7.93457e-07 -0.156845 6.19558
      vertex 2.35 -0.149994 6.3
      vertex 7.93457e-07 -0.149994 6.3
    endloop
  endfacet
  facet normal 0 -0.997855 0.0654693
    outer loop
      vertex 2.35 -0.149994 6.3
      vertex 7.93457e-07 -0.156845 6.19558
      vertex 2.35 -0.156845 6.19558
    endloop
  endfacet
  facet normal 0 0.946949 0.321384
    outer loop
      vertex 2.35 -6.1891 5.99385
      vertex 7.93457e-07 -6.22273 6.09294
      vertex 2.35 -6.22273 6.09294
    endloop
  endfacet
  facet normal 0 0.946949 0.321384
    outer loop
      vertex 7.93457e-07 -6.22273 6.09294
      vertex 2.35 -6.1891 5.99385
      vertex 7.93457e-07 -6.1891 5.99385
    endloop
  endfacet
  facet normal -0 0.065466 0.997855
    outer loop
      vertex 7.93457e-07 -5.45 5.5
      vertex 2.35 -5.55441 5.50685
      vertex 2.35 -5.45 5.5
    endloop
  endfacet
  facet normal 0 0.065466 0.997855
    outer loop
      vertex 2.35 -5.55441 5.50685
      vertex 7.93457e-07 -5.45 5.5
      vertex 7.93457e-07 -5.55441 5.50685
    endloop
  endfacet
  facet normal 0 -1 0
    outer loop
      vertex 7.93457e-07 -0.149994 6.3
      vertex 2.35 -0.149994 8.5
      vertex 7.93457e-07 -0.149994 8.5
    endloop
  endfacet
  facet normal 0 -1 -0
    outer loop
      vertex 2.35 -0.149994 8.5
      vertex 7.93457e-07 -0.149994 6.3
      vertex 2.35 -0.149994 6.3
    endloop
  endfacet
  facet normal 0 0.997855 -0.065466
    outer loop
      vertex 2.35 -6.25 8.5
      vertex 7.93457e-07 -6.24315 8.60441
      vertex 2.35 -6.24315 8.60441
    endloop
  endfacet
  facet normal 0 0.997855 -0.065466
    outer loop
      vertex 7.93457e-07 -6.24315 8.60441
      vertex 2.35 -6.25 8.5
      vertex 7.93457e-07 -6.25 8.5
    endloop
  endfacet
  facet normal 0 0.997855 0.0654598
    outer loop
      vertex 2.35 -6.24315 6.19558
      vertex 7.93457e-07 -6.25 6.3
      vertex 2.35 -6.25 6.3
    endloop
  endfacet
  facet normal 0 0.997855 0.0654598
    outer loop
      vertex 7.93457e-07 -6.25 6.3
      vertex 2.35 -6.24315 6.19558
      vertex 7.93457e-07 -6.24315 6.19558
    endloop
  endfacet
  facet normal 0 -0.89686 0.442314
    outer loop
      vertex 7.93457e-07 -0.257172 5.90001
      vertex 2.35 -0.210892 5.99385
      vertex 7.93457e-07 -0.210892 5.99385
    endloop
  endfacet
  facet normal 0 -0.89686 0.442314
    outer loop
      vertex 2.35 -0.210892 5.99385
      vertex 7.93457e-07 -0.257172 5.90001
      vertex 2.35 -0.257172 5.90001
    endloop
  endfacet
  facet normal 0 -0.555533 0.831494
    outer loop
      vertex 7.93457e-07 -0.462982 5.66531
      vertex 2.35 -0.550003 5.60717
      vertex 2.35 -0.462982 5.66531
    endloop
  endfacet
  facet normal 0 -0.555533 0.831494
    outer loop
      vertex 2.35 -0.550003 5.60717
      vertex 7.93457e-07 -0.462982 5.66531
      vertex 7.93457e-07 -0.550003 5.60717
    endloop
  endfacet
  facet normal 0 -0.946946 0.321392
    outer loop
      vertex 7.93457e-07 -0.210892 5.99385
      vertex 2.35 -0.177261 6.09294
      vertex 7.93457e-07 -0.177261 6.09294
    endloop
  endfacet
  facet normal 0 -0.946946 0.321392
    outer loop
      vertex 2.35 -0.177261 6.09294
      vertex 7.93457e-07 -0.210892 5.99385
      vertex 2.35 -0.210892 5.99385
    endloop
  endfacet
  facet normal 0 -0.997854 -0.0654755
    outer loop
      vertex 7.93457e-07 -0.149994 8.5
      vertex 2.35 -0.156845 8.60441
      vertex 7.93457e-07 -0.156845 8.60441
    endloop
  endfacet
  facet normal 0 -0.997854 -0.0654755
    outer loop
      vertex 2.35 -0.156845 8.60441
      vertex 7.93457e-07 -0.149994 8.5
      vertex 2.35 -0.149994 8.5
    endloop
  endfacet
  facet normal 0 0.831535 -0.555472
    outer loop
      vertex 2.35 -6.14282 8.89999
      vertex 7.93457e-07 -6.08469 8.98701
      vertex 2.35 -6.08469 8.98701
    endloop
  endfacet
  facet normal 0 0.831535 -0.555472
    outer loop
      vertex 7.93457e-07 -6.08469 8.98701
      vertex 2.35 -6.14282 8.89999
      vertex 7.93457e-07 -6.14282 8.89999
    endloop
  endfacet
  facet normal 0 0.321384 -0.946949
    outer loop
      vertex 7.93457e-07 -5.75615 9.2391
      vertex 2.35 -5.65706 9.27273
      vertex 2.35 -5.75615 9.2391
    endloop
  endfacet
  facet normal 0 0.321384 -0.946949
    outer loop
      vertex 2.35 -5.65706 9.27273
      vertex 7.93457e-07 -5.75615 9.2391
      vertex 7.93457e-07 -5.65706 9.27273
    endloop
  endfacet
  facet normal 0 1 -0
    outer loop
      vertex 2.35 -6.25 6.3
      vertex 7.93457e-07 -6.25 8.5
      vertex 2.35 -6.25 8.5
    endloop
  endfacet
  facet normal 0 1 0
    outer loop
      vertex 7.93457e-07 -6.25 8.5
      vertex 2.35 -6.25 6.3
      vertex 7.93457e-07 -6.25 6.3
    endloop
  endfacet
  facet normal -0 0.442314 0.89686
    outer loop
      vertex 7.93457e-07 -5.75615 5.56089
      vertex 2.35 -5.84999 5.60717
      vertex 2.35 -5.75615 5.56089
    endloop
  endfacet
  facet normal 0 0.442314 0.89686
    outer loop
      vertex 2.35 -5.84999 5.60717
      vertex 7.93457e-07 -5.75615 5.56089
      vertex 7.93457e-07 -5.84999 5.60717
    endloop
  endfacet
  facet normal 0 0.831535 0.555472
    outer loop
      vertex 2.35 -6.08469 5.81299
      vertex 7.93457e-07 -6.14282 5.90001
      vertex 2.35 -6.14282 5.90001
    endloop
  endfacet
  facet normal 0 0.831535 0.555472
    outer loop
      vertex 7.93457e-07 -6.14282 5.90001
      vertex 2.35 -6.08469 5.81299
      vertex 7.93457e-07 -6.08469 5.81299
    endloop
  endfacet
  facet normal 0 0.89686 0.442314
    outer loop
      vertex 2.35 -6.14282 5.90001
      vertex 7.93457e-07 -6.1891 5.99385
      vertex 2.35 -6.1891 5.99385
    endloop
  endfacet
  facet normal 0 0.89686 0.442314
    outer loop
      vertex 7.93457e-07 -6.1891 5.99385
      vertex 2.35 -6.14282 5.90001
      vertex 7.93457e-07 -6.14282 5.90001
    endloop
  endfacet
  facet normal -0 0.659343 0.751842
    outer loop
      vertex 7.93457e-07 -5.93701 5.66531
      vertex 2.35 -6.01569 5.73431
      vertex 2.35 -5.93701 5.66531
    endloop
  endfacet
  facet normal 0 0.659343 0.751842
    outer loop
      vertex 2.35 -6.01569 5.73431
      vertex 7.93457e-07 -5.93701 5.66531
      vertex 7.93457e-07 -6.01569 5.73431
    endloop
  endfacet
  facet normal 0 -0.751842 0.659343
    outer loop
      vertex 7.93457e-07 -0.384308 5.73431
      vertex 2.35 -0.315308 5.81299
      vertex 7.93457e-07 -0.315308 5.81299
    endloop
  endfacet
  facet normal 0 -0.751842 0.659343
    outer loop
      vertex 2.35 -0.315308 5.81299
      vertex 7.93457e-07 -0.384308 5.73431
      vertex 2.35 -0.384308 5.73431
    endloop
  endfacet
  facet normal 0 -0.659371 0.751817
    outer loop
      vertex 7.93457e-07 -0.384308 5.73431
      vertex 2.35 -0.462982 5.66531
      vertex 2.35 -0.384308 5.73431
    endloop
  endfacet
  facet normal 0 -0.659371 0.751817
    outer loop
      vertex 2.35 -0.462982 5.66531
      vertex 7.93457e-07 -0.384308 5.73431
      vertex 7.93457e-07 -0.462982 5.66531
    endloop
  endfacet
  facet normal 0 -0.831509 0.555511
    outer loop
      vertex 7.93457e-07 -0.315308 5.81299
      vertex 2.35 -0.257172 5.90001
      vertex 7.93457e-07 -0.257172 5.90001
    endloop
  endfacet
  facet normal 0 -0.831509 0.555511
    outer loop
      vertex 2.35 -0.257172 5.90001
      vertex 7.93457e-07 -0.315308 5.81299
      vertex 2.35 -0.315308 5.81299
    endloop
  endfacet
  facet normal 0 -0.442306 0.896864
    outer loop
      vertex 7.93457e-07 -0.550003 5.60717
      vertex 2.35 -0.643845 5.56089
      vertex 2.35 -0.550003 5.60717
    endloop
  endfacet
  facet normal 0 -0.442306 0.896864
    outer loop
      vertex 2.35 -0.643845 5.56089
      vertex 7.93457e-07 -0.550003 5.60717
      vertex 7.93457e-07 -0.643845 5.56089
    endloop
  endfacet
  facet normal -0 0.321384 0.946949
    outer loop
      vertex 7.93457e-07 -5.65706 5.52726
      vertex 2.35 -5.75615 5.56089
      vertex 2.35 -5.65706 5.52726
    endloop
  endfacet
  facet normal 0 0.321384 0.946949
    outer loop
      vertex 2.35 -5.75615 5.56089
      vertex 7.93457e-07 -5.65706 5.52726
      vertex 7.93457e-07 -5.75615 5.56089
    endloop
  endfacet
  facet normal -0 0 1
    outer loop
      vertex 7.93457e-07 -0.949997 5.5
      vertex 2.35 -5.45 5.5
      vertex 2.35 -0.949997 5.5
    endloop
  endfacet
  facet normal 0 0 1
    outer loop
      vertex 2.35 -5.45 5.5
      vertex 7.93457e-07 -0.949997 5.5
      vertex 7.93457e-07 -5.45 5.5
    endloop
  endfacet
  facet normal 0 -0.0654623 0.997855
    outer loop
      vertex 7.93457e-07 -0.845581 5.50685
      vertex 2.35 -0.949997 5.5
      vertex 2.35 -0.845581 5.50685
    endloop
  endfacet
  facet normal 0 -0.0654623 0.997855
    outer loop
      vertex 2.35 -0.949997 5.5
      vertex 7.93457e-07 -0.845581 5.50685
      vertex 7.93457e-07 -0.949997 5.5
    endloop
  endfacet
  facet normal 0 -0.831509 -0.555511
    outer loop
      vertex 7.93457e-07 -0.257172 8.89999
      vertex 2.35 -0.315308 8.98701
      vertex 7.93457e-07 -0.315308 8.98701
    endloop
  endfacet
  facet normal 0 -0.831509 -0.555511
    outer loop
      vertex 2.35 -0.315308 8.98701
      vertex 7.93457e-07 -0.257172 8.89999
      vertex 2.35 -0.257172 8.89999
    endloop
  endfacet
  facet normal 0 -0.89686 -0.442314
    outer loop
      vertex 7.93457e-07 -0.210892 8.80615
      vertex 2.35 -0.257172 8.89999
      vertex 7.93457e-07 -0.257172 8.89999
    endloop
  endfacet
  facet normal 0 -0.89686 -0.442314
    outer loop
      vertex 2.35 -0.257172 8.89999
      vertex 7.93457e-07 -0.210892 8.80615
      vertex 2.35 -0.210892 8.80615
    endloop
  endfacet
  facet normal 0 0.980782 -0.195105
    outer loop
      vertex 2.35 -6.24315 8.60441
      vertex 7.93457e-07 -6.22273 8.70706
      vertex 2.35 -6.22273 8.70706
    endloop
  endfacet
  facet normal 0 0.980782 -0.195105
    outer loop
      vertex 7.93457e-07 -6.22273 8.70706
      vertex 2.35 -6.24315 8.60441
      vertex 7.93457e-07 -6.24315 8.60441
    endloop
  endfacet
  facet normal 0 0 -1
    outer loop
      vertex 7.93457e-07 -5.45 9.3
      vertex 2.35 -0.949997 9.3
      vertex 2.35 -5.45 9.3
    endloop
  endfacet
  facet normal -0 0 -1
    outer loop
      vertex 2.35 -0.949997 9.3
      vertex 7.93457e-07 -5.45 9.3
      vertex 7.93457e-07 -0.949997 9.3
    endloop
  endfacet
  facet normal 0 0.195105 -0.980782
    outer loop
      vertex 7.93457e-07 -5.65706 9.27273
      vertex 2.35 -5.55441 9.29315
      vertex 2.35 -5.65706 9.27273
    endloop
  endfacet
  facet normal 0 0.195105 -0.980782
    outer loop
      vertex 2.35 -5.55441 9.29315
      vertex 7.93457e-07 -5.65706 9.27273
      vertex 7.93457e-07 -5.55441 9.29315
    endloop
  endfacet
  facet normal 0 -0.0654623 -0.997855
    outer loop
      vertex 7.93457e-07 -0.949997 9.3
      vertex 2.35 -0.845581 9.29315
      vertex 2.35 -0.949997 9.3
    endloop
  endfacet
  facet normal -0 -0.0654623 -0.997855
    outer loop
      vertex 2.35 -0.845581 9.29315
      vertex 7.93457e-07 -0.949997 9.3
      vertex 7.93457e-07 -0.845581 9.29315
    endloop
  endfacet
  facet normal 0 0.980779 0.195124
    outer loop
      vertex 2.35 -6.22273 6.09294
      vertex 7.93457e-07 -6.24315 6.19558
      vertex 2.35 -6.24315 6.19558
    endloop
  endfacet
  facet normal 0 0.980779 0.195124
    outer loop
      vertex 7.93457e-07 -6.24315 6.19558
      vertex 2.35 -6.22273 6.09294
      vertex 7.93457e-07 -6.22273 6.09294
    endloop
  endfacet
  facet normal -0 0.555538 0.831491
    outer loop
      vertex 7.93457e-07 -5.84999 5.60717
      vertex 2.35 -5.93701 5.66531
      vertex 2.35 -5.84999 5.60717
    endloop
  endfacet
  facet normal 0 0.555538 0.831491
    outer loop
      vertex 2.35 -5.93701 5.66531
      vertex 7.93457e-07 -5.84999 5.60717
      vertex 7.93457e-07 -5.93701 5.66531
    endloop
  endfacet
  facet normal 0 0.751842 0.659343
    outer loop
      vertex 2.35 -6.01569 5.73431
      vertex 7.93457e-07 -6.08469 5.81299
      vertex 2.35 -6.08469 5.81299
    endloop
  endfacet
  facet normal 0 0.751842 0.659343
    outer loop
      vertex 7.93457e-07 -6.08469 5.81299
      vertex 2.35 -6.01569 5.73431
      vertex 7.93457e-07 -6.01569 5.73431
    endloop
  endfacet
  facet normal 0 -0.195021 0.980799
    outer loop
      vertex 7.93457e-07 -0.742935 5.52726
      vertex 2.35 -0.845581 5.50685
      vertex 2.35 -0.742935 5.52726
    endloop
  endfacet
  facet normal 0 -0.195021 0.980799
    outer loop
      vertex 2.35 -0.845581 5.50685
      vertex 7.93457e-07 -0.742935 5.52726
      vertex 7.93457e-07 -0.845581 5.50685
    endloop
  endfacet
  facet normal 0 -0.321384 0.946949
    outer loop
      vertex 7.93457e-07 -0.643845 5.56089
      vertex 2.35 -0.742935 5.52726
      vertex 2.35 -0.643845 5.56089
    endloop
  endfacet
  facet normal 0 -0.321384 0.946949
    outer loop
      vertex 2.35 -0.742935 5.52726
      vertex 7.93457e-07 -0.643845 5.56089
      vertex 7.93457e-07 -0.742935 5.52726
    endloop
  endfacet
  facet normal -0 0.195014 0.980801
    outer loop
      vertex 7.93457e-07 -5.55441 5.50685
      vertex 2.35 -5.65706 5.52726
      vertex 2.35 -5.55441 5.50685
    endloop
  endfacet
  facet normal 0 0.195014 0.980801
    outer loop
      vertex 2.35 -5.65706 5.52726
      vertex 7.93457e-07 -5.55441 5.50685
      vertex 7.93457e-07 -5.65706 5.52726
    endloop
  endfacet
  facet normal 0 -0.980786 0.195087
    outer loop
      vertex 7.93457e-07 -0.177261 6.09294
      vertex 2.35 -0.156845 6.19558
      vertex 7.93457e-07 -0.156845 6.19558
    endloop
  endfacet
  facet normal 0 -0.980786 0.195087
    outer loop
      vertex 2.35 -0.156845 6.19558
      vertex 7.93457e-07 -0.177261 6.09294
      vertex 2.35 -0.177261 6.09294
    endloop
  endfacet
  facet normal 0 -0.321384 -0.946949
    outer loop
      vertex 7.93457e-07 -0.742935 9.27273
      vertex 2.35 -0.643845 9.2391
      vertex 2.35 -0.742935 9.27273
    endloop
  endfacet
  facet normal -0 -0.321384 -0.946949
    outer loop
      vertex 2.35 -0.643845 9.2391
      vertex 7.93457e-07 -0.742935 9.27273
      vertex 7.93457e-07 -0.643845 9.2391
    endloop
  endfacet
  facet normal 0 0.065466 -0.997855
    outer loop
      vertex 7.93457e-07 -5.55441 9.29315
      vertex 2.35 -5.45 9.3
      vertex 2.35 -5.55441 9.29315
    endloop
  endfacet
  facet normal 0 0.065466 -0.997855
    outer loop
      vertex 2.35 -5.45 9.3
      vertex 7.93457e-07 -5.55441 9.29315
      vertex 7.93457e-07 -5.45 9.3
    endloop
  endfacet
  facet normal 0 -0.555467 -0.831538
    outer loop
      vertex 7.93457e-07 -0.550003 9.19282
      vertex 2.35 -0.462982 9.13469
      vertex 2.35 -0.550003 9.19282
    endloop
  endfacet
  facet normal -0 -0.555467 -0.831538
    outer loop
      vertex 2.35 -0.462982 9.13469
      vertex 7.93457e-07 -0.550003 9.19282
      vertex 7.93457e-07 -0.462982 9.13469
    endloop
  endfacet
  facet normal 0 -0.946946 -0.321392
    outer loop
      vertex 7.93457e-07 -0.177261 8.70706
      vertex 2.35 -0.210892 8.80615
      vertex 7.93457e-07 -0.210892 8.80615
    endloop
  endfacet
  facet normal 0 -0.946946 -0.321392
    outer loop
      vertex 2.35 -0.210892 8.80615
      vertex 7.93457e-07 -0.177261 8.70706
      vertex 2.35 -0.177261 8.70706
    endloop
  endfacet
  facet normal 0 0.659343 -0.751842
    outer loop
      vertex 7.93457e-07 -6.01569 9.06569
      vertex 2.35 -5.93701 9.13469
      vertex 2.35 -6.01569 9.06569
    endloop
  endfacet
  facet normal 0 0.659343 -0.751842
    outer loop
      vertex 2.35 -5.93701 9.13469
      vertex 7.93457e-07 -6.01569 9.06569
      vertex 7.93457e-07 -5.93701 9.13469
    endloop
  endfacet
  facet normal 0 0.555472 -0.831535
    outer loop
      vertex 7.93457e-07 -5.93701 9.13469
      vertex 2.35 -5.84999 9.19282
      vertex 2.35 -5.93701 9.13469
    endloop
  endfacet
  facet normal 0 0.555472 -0.831535
    outer loop
      vertex 2.35 -5.84999 9.19282
      vertex 7.93457e-07 -5.93701 9.13469
      vertex 7.93457e-07 -5.84999 9.19282
    endloop
  endfacet
  facet normal 0 -0.442306 -0.896864
    outer loop
      vertex 7.93457e-07 -0.643845 9.2391
      vertex 2.35 -0.550003 9.19282
      vertex 2.35 -0.643845 9.2391
    endloop
  endfacet
  facet normal -0 -0.442306 -0.896864
    outer loop
      vertex 2.35 -0.550003 9.19282
      vertex 7.93457e-07 -0.643845 9.2391
      vertex 7.93457e-07 -0.550003 9.19282
    endloop
  endfacet
  facet normal 0 -0.195113 -0.980781
    outer loop
      vertex 7.93457e-07 -0.845581 9.29315
      vertex 2.35 -0.742935 9.27273
      vertex 2.35 -0.845581 9.29315
    endloop
  endfacet
  facet normal -0 -0.195113 -0.980781
    outer loop
      vertex 2.35 -0.742935 9.27273
      vertex 7.93457e-07 -0.845581 9.29315
      vertex 7.93457e-07 -0.742935 9.27273
    endloop
  endfacet
  facet normal 0 -0.98079 -0.195069
    outer loop
      vertex 7.93457e-07 -0.156845 8.60441
      vertex 2.35 -0.177261 8.70706
      vertex 7.93457e-07 -0.177261 8.70706
    endloop
  endfacet
  facet normal 0 -0.98079 -0.195069
    outer loop
      vertex 2.35 -0.177261 8.70706
      vertex 7.93457e-07 -0.156845 8.60441
      vertex 2.35 -0.156845 8.60441
    endloop
  endfacet
  facet normal 0 -0.751842 -0.659343
    outer loop
      vertex 7.93457e-07 -0.315308 8.98701
      vertex 2.35 -0.384308 9.06569
      vertex 7.93457e-07 -0.384308 9.06569
    endloop
  endfacet
  facet normal 0 -0.751842 -0.659343
    outer loop
      vertex 2.35 -0.384308 9.06569
      vertex 7.93457e-07 -0.315308 8.98701
      vertex 2.35 -0.315308 8.98701
    endloop
  endfacet
  facet normal 0 -0.659371 -0.751817
    outer loop
      vertex 7.93457e-07 -0.462982 9.13469
      vertex 2.35 -0.384308 9.06569
      vertex 2.35 -0.462982 9.13469
    endloop
  endfacet
  facet normal -0 -0.659371 -0.751817
    outer loop
      vertex 2.35 -0.384308 9.06569
      vertex 7.93457e-07 -0.462982 9.13469
      vertex 7.93457e-07 -0.384308 9.06569
    endloop
  endfacet
  facet normal 0 0.751842 -0.659343
    outer loop
      vertex 2.35 -6.08469 8.98701
      vertex 7.93457e-07 -6.01569 9.06569
      vertex 2.35 -6.01569 9.06569
    endloop
  endfacet
  facet normal 0 0.751842 -0.659343
    outer loop
      vertex 7.93457e-07 -6.01569 9.06569
      vertex 2.35 -6.08469 8.98701
      vertex 7.93457e-07 -6.08469 8.98701
    endloop
  endfacet
  facet normal 0 0.442314 -0.89686
    outer loop
      vertex 7.93457e-07 -5.84999 9.19282
      vertex 2.35 -5.75615 9.2391
      vertex 2.35 -5.84999 9.19282
    endloop
  endfacet
  facet normal 0 0.442314 -0.89686
    outer loop
      vertex 2.35 -5.75615 9.2391
      vertex 7.93457e-07 -5.84999 9.19282
      vertex 7.93457e-07 -5.75615 9.2391
    endloop
  endfacet
  facet normal -0.831466 -0.555575 0
    outer loop
      vertex 6.97614 -2.525 0.800001
      vertex 6.87803 -2.37817 2
      vertex 6.87803 -2.37817 0.800001
    endloop
  endfacet
  facet normal -0.831466 -0.555575 0
    outer loop
      vertex 6.87803 -2.37817 2
      vertex 6.97614 -2.525 0.800001
      vertex 6.97614 -2.525 2
    endloop
  endfacet
  facet normal -0.195081 -0.980787 0
    outer loop
      vertex 5.98321 -1.86155 0.800001
      vertex 6.15641 -1.896 2
      vertex 5.98321 -1.86155 2
    endloop
  endfacet
  facet normal -0.195081 -0.980787 -0
    outer loop
      vertex 6.15641 -1.896 2
      vertex 5.98321 -1.86155 0.800001
      vertex 6.15641 -1.896 0.800001
    endloop
  endfacet
  facet normal -0.321439 -0.94693 0
    outer loop
      vertex 6.15641 -1.896 0.800001
      vertex 6.32362 -1.95276 2
      vertex 6.15641 -1.896 2
    endloop
  endfacet
  facet normal -0.321439 -0.94693 -0
    outer loop
      vertex 6.32362 -1.95276 2
      vertex 6.15641 -1.896 0.800001
      vertex 6.32362 -1.95276 0.800001
    endloop
  endfacet
  facet normal 0.321439 -0.94693 0
    outer loop
      vertex 5.29038 -1.95276 0.800001
      vertex 5.45759 -1.896 2
      vertex 5.29038 -1.95276 2
    endloop
  endfacet
  facet normal 0.321439 -0.94693 0
    outer loop
      vertex 5.45759 -1.896 2
      vertex 5.29038 -1.95276 0.800001
      vertex 5.45759 -1.896 0.800001
    endloop
  endfacet
  facet normal 0.89686 -0.442314 0
    outer loop
      vertex 4.55976 -2.68338 2
      vertex 4.63787 -2.525 0.800001
      vertex 4.63787 -2.525 2
    endloop
  endfacet
  facet normal 0.89686 -0.442314 0
    outer loop
      vertex 4.63787 -2.525 0.800001
      vertex 4.55976 -2.68338 2
      vertex 4.55976 -2.68338 0.800001
    endloop
  endfacet
  facet normal -0.980787 0.195081 0
    outer loop
      vertex 7.111 -3.54941 0.800001
      vertex 7.14545 -3.37621 2
      vertex 7.14545 -3.37621 0.800001
    endloop
  endfacet
  facet normal -0.980787 0.195081 0
    outer loop
      vertex 7.14545 -3.37621 2
      vertex 7.111 -3.54941 0.800001
      vertex 7.111 -3.54941 2
    endloop
  endfacet
  facet normal -0.442314 0.89686 0
    outer loop
      vertex 6.482 -4.36913 0.800001
      vertex 6.32362 -4.44724 2
      vertex 6.482 -4.36913 2
    endloop
  endfacet
  facet normal -0.442314 0.89686 0
    outer loop
      vertex 6.32362 -4.44724 2
      vertex 6.482 -4.36913 0.800001
      vertex 6.32362 -4.44724 0.800001
    endloop
  endfacet
  facet normal -0.896883 -0.442269 0
    outer loop
      vertex 7.05424 -2.68338 0.800001
      vertex 6.97614 -2.525 2
      vertex 6.97614 -2.525 0.800001
    endloop
  endfacet
  facet normal -0.896883 -0.442269 0
    outer loop
      vertex 6.97614 -2.525 2
      vertex 7.05424 -2.68338 0.800001
      vertex 7.05424 -2.68338 2
    endloop
  endfacet
  facet normal -0.0654064 -0.997859 0
    outer loop
      vertex 5.807 -1.85 0.800001
      vertex 5.98321 -1.86155 2
      vertex 5.807 -1.85 2
    endloop
  endfacet
  facet normal -0.0654064 -0.997859 -0
    outer loop
      vertex 5.98321 -1.86155 2
      vertex 5.807 -1.85 0.800001
      vertex 5.98321 -1.86155 0.800001
    endloop
  endfacet
  facet normal 0.997859 -0.0654064 0
    outer loop
      vertex 4.457 -3.2 2
      vertex 4.46855 -3.02379 0.800001
      vertex 4.46855 -3.02379 2
    endloop
  endfacet
  facet normal 0.997859 -0.0654064 0
    outer loop
      vertex 4.46855 -3.02379 0.800001
      vertex 4.457 -3.2 2
      vertex 4.457 -3.2 0.800001
    endloop
  endfacet
  facet normal 0.980787 -0.195081 0
    outer loop
      vertex 4.46855 -3.02379 2
      vertex 4.503 -2.85059 0.800001
      vertex 4.503 -2.85059 2
    endloop
  endfacet
  facet normal 0.980787 -0.195081 0
    outer loop
      vertex 4.503 -2.85059 0.800001
      vertex 4.46855 -3.02379 2
      vertex 4.46855 -3.02379 0.800001
    endloop
  endfacet
  facet normal 0.751804 -0.659386 0
    outer loop
      vertex 4.73597 -2.37817 2
      vertex 4.85241 -2.24541 0.800001
      vertex 4.85241 -2.24541 2
    endloop
  endfacet
  facet normal 0.751804 -0.659386 0
    outer loop
      vertex 4.85241 -2.24541 0.800001
      vertex 4.73597 -2.37817 2
      vertex 4.73597 -2.37817 0.800001
    endloop
  endfacet
  facet normal 0.659386 -0.751804 0
    outer loop
      vertex 4.85241 -2.24541 0.800001
      vertex 4.98517 -2.12897 2
      vertex 4.85241 -2.24541 2
    endloop
  endfacet
  facet normal 0.659386 -0.751804 0
    outer loop
      vertex 4.98517 -2.12897 2
      vertex 4.85241 -2.24541 0.800001
      vertex 4.98517 -2.12897 0.800001
    endloop
  endfacet
  facet normal -0.555536 0.831492 0
    outer loop
      vertex 6.62883 -4.27103 0.800001
      vertex 6.482 -4.36913 2
      vertex 6.62883 -4.27103 2
    endloop
  endfacet
  facet normal -0.555536 0.831492 0
    outer loop
      vertex 6.482 -4.36913 2
      vertex 6.62883 -4.27103 0.800001
      vertex 6.482 -4.36913 0.800001
    endloop
  endfacet
  facet normal -0.94693 0.321439 0
    outer loop
      vertex 7.05424 -3.71662 0.800001
      vertex 7.111 -3.54941 2
      vertex 7.111 -3.54941 0.800001
    endloop
  endfacet
  facet normal -0.94693 0.321439 0
    outer loop
      vertex 7.111 -3.54941 2
      vertex 7.05424 -3.71662 0.800001
      vertex 7.05424 -3.71662 2
    endloop
  endfacet
  facet normal 0.195081 0.980787 -0
    outer loop
      vertex 5.63079 -4.53845 0.800001
      vertex 5.45759 -4.504 2
      vertex 5.63079 -4.53845 2
    endloop
  endfacet
  facet normal 0.195081 0.980787 0
    outer loop
      vertex 5.45759 -4.504 2
      vertex 5.63079 -4.53845 0.800001
      vertex 5.45759 -4.504 0.800001
    endloop
  endfacet
  facet normal 0.997859 0.0654064 0
    outer loop
      vertex 4.46855 -3.37621 2
      vertex 4.457 -3.2 0.800001
      vertex 4.457 -3.2 2
    endloop
  endfacet
  facet normal 0.997859 0.0654064 0
    outer loop
      vertex 4.457 -3.2 0.800001
      vertex 4.46855 -3.37621 2
      vertex 4.46855 -3.37621 0.800001
    endloop
  endfacet
  facet normal -0.321439 0.94693 0
    outer loop
      vertex 6.32362 -4.44724 0.800001
      vertex 6.15641 -4.504 2
      vertex 6.32362 -4.44724 2
    endloop
  endfacet
  facet normal -0.321439 0.94693 0
    outer loop
      vertex 6.15641 -4.504 2
      vertex 6.32362 -4.44724 0.800001
      vertex 6.15641 -4.504 0.800001
    endloop
  endfacet
  facet normal -0.980787 -0.195081 0
    outer loop
      vertex 7.14545 -3.02379 0.800001
      vertex 7.111 -2.85059 2
      vertex 7.111 -2.85059 0.800001
    endloop
  endfacet
  facet normal -0.980787 -0.195081 0
    outer loop
      vertex 7.111 -2.85059 2
      vertex 7.14545 -3.02379 0.800001
      vertex 7.14545 -3.02379 2
    endloop
  endfacet
  facet normal -0.94693 -0.321439 0
    outer loop
      vertex 7.111 -2.85059 0.800001
      vertex 7.05424 -2.68338 2
      vertex 7.05424 -2.68338 0.800001
    endloop
  endfacet
  facet normal -0.94693 -0.321439 0
    outer loop
      vertex 7.05424 -2.68338 2
      vertex 7.111 -2.85059 0.800001
      vertex 7.111 -2.85059 2
    endloop
  endfacet
  facet normal -0.751804 -0.659386 0
    outer loop
      vertex 6.87803 -2.37817 0.800001
      vertex 6.76159 -2.24541 2
      vertex 6.76159 -2.24541 0.800001
    endloop
  endfacet
  facet normal -0.751804 -0.659386 0
    outer loop
      vertex 6.76159 -2.24541 2
      vertex 6.87803 -2.37817 0.800001
      vertex 6.87803 -2.37817 2
    endloop
  endfacet
  facet normal -0.659386 -0.751804 0
    outer loop
      vertex 6.62883 -2.12897 0.800001
      vertex 6.76159 -2.24541 2
      vertex 6.62883 -2.12897 2
    endloop
  endfacet
  facet normal -0.659386 -0.751804 -0
    outer loop
      vertex 6.76159 -2.24541 2
      vertex 6.62883 -2.12897 0.800001
      vertex 6.76159 -2.24541 0.800001
    endloop
  endfacet
  facet normal -0.555536 -0.831492 0
    outer loop
      vertex 6.482 -2.03087 0.800001
      vertex 6.62883 -2.12897 2
      vertex 6.482 -2.03087 2
    endloop
  endfacet
  facet normal -0.555536 -0.831492 -0
    outer loop
      vertex 6.62883 -2.12897 2
      vertex 6.482 -2.03087 0.800001
      vertex 6.62883 -2.12897 0.800001
    endloop
  endfacet
  facet normal -0.442314 -0.89686 0
    outer loop
      vertex 6.32362 -1.95276 0.800001
      vertex 6.482 -2.03087 2
      vertex 6.32362 -1.95276 2
    endloop
  endfacet
  facet normal -0.442314 -0.89686 -0
    outer loop
      vertex 6.482 -2.03087 2
      vertex 6.32362 -1.95276 0.800001
      vertex 6.482 -2.03087 0.800001
    endloop
  endfacet
  facet normal 0.831492 -0.555536 0
    outer loop
      vertex 4.63787 -2.525 2
      vertex 4.73597 -2.37817 0.800001
      vertex 4.73597 -2.37817 2
    endloop
  endfacet
  facet normal 0.831492 -0.555536 0
    outer loop
      vertex 4.73597 -2.37817 0.800001
      vertex 4.63787 -2.525 2
      vertex 4.63787 -2.525 0.800001
    endloop
  endfacet
  facet normal 0.0654064 -0.997859 0
    outer loop
      vertex 5.63079 -1.86155 0.800001
      vertex 5.807 -1.85 2
      vertex 5.63079 -1.86155 2
    endloop
  endfacet
  facet normal 0.0654064 -0.997859 0
    outer loop
      vertex 5.807 -1.85 2
      vertex 5.63079 -1.86155 0.800001
      vertex 5.807 -1.85 0.800001
    endloop
  endfacet
  facet normal 0.195081 -0.980787 0
    outer loop
      vertex 5.45759 -1.896 0.800001
      vertex 5.63079 -1.86155 2
      vertex 5.45759 -1.896 2
    endloop
  endfacet
  facet normal 0.195081 -0.980787 0
    outer loop
      vertex 5.63079 -1.86155 2
      vertex 5.45759 -1.896 0.800001
      vertex 5.63079 -1.86155 0.800001
    endloop
  endfacet
  facet normal 0.442314 -0.89686 0
    outer loop
      vertex 5.132 -2.03087 0.800001
      vertex 5.29038 -1.95276 2
      vertex 5.132 -2.03087 2
    endloop
  endfacet
  facet normal 0.442314 -0.89686 0
    outer loop
      vertex 5.29038 -1.95276 2
      vertex 5.132 -2.03087 0.800001
      vertex 5.29038 -1.95276 0.800001
    endloop
  endfacet
  facet normal 0.555536 -0.831492 0
    outer loop
      vertex 4.98517 -2.12897 0.800001
      vertex 5.132 -2.03087 2
      vertex 4.98517 -2.12897 2
    endloop
  endfacet
  facet normal 0.555536 -0.831492 0
    outer loop
      vertex 5.132 -2.03087 2
      vertex 4.98517 -2.12897 0.800001
      vertex 5.132 -2.03087 0.800001
    endloop
  endfacet
  facet normal -0.997859 -0.0654064 0
    outer loop
      vertex 7.157 -3.2 0.800001
      vertex 7.14545 -3.02379 2
      vertex 7.14545 -3.02379 0.800001
    endloop
  endfacet
  facet normal -0.997859 -0.0654064 0
    outer loop
      vertex 7.14545 -3.02379 2
      vertex 7.157 -3.2 0.800001
      vertex 7.157 -3.2 2
    endloop
  endfacet
  facet normal -0.831466 0.555575 0
    outer loop
      vertex 6.87803 -4.02183 0.800001
      vertex 6.97614 -3.875 2
      vertex 6.97614 -3.875 0.800001
    endloop
  endfacet
  facet normal -0.831466 0.555575 0
    outer loop
      vertex 6.97614 -3.875 2
      vertex 6.87803 -4.02183 0.800001
      vertex 6.87803 -4.02183 2
    endloop
  endfacet
  facet normal -0.896883 0.442269 0
    outer loop
      vertex 6.97614 -3.875 0.800001
      vertex 7.05424 -3.71662 2
      vertex 7.05424 -3.71662 0.800001
    endloop
  endfacet
  facet normal -0.896883 0.442269 0
    outer loop
      vertex 7.05424 -3.71662 2
      vertex 6.97614 -3.875 0.800001
      vertex 6.97614 -3.875 2
    endloop
  endfacet
  facet normal 0.831492 0.555536 0
    outer loop
      vertex 4.73597 -4.02183 2
      vertex 4.63787 -3.875 0.800001
      vertex 4.63787 -3.875 2
    endloop
  endfacet
  facet normal 0.831492 0.555536 0
    outer loop
      vertex 4.63787 -3.875 0.800001
      vertex 4.73597 -4.02183 2
      vertex 4.73597 -4.02183 0.800001
    endloop
  endfacet
  facet normal -0.195081 0.980787 0
    outer loop
      vertex 6.15641 -4.504 0.800001
      vertex 5.98321 -4.53845 2
      vertex 6.15641 -4.504 2
    endloop
  endfacet
  facet normal -0.195081 0.980787 0
    outer loop
      vertex 5.98321 -4.53845 2
      vertex 6.15641 -4.504 0.800001
      vertex 5.98321 -4.53845 0.800001
    endloop
  endfacet
  facet normal 0.94693 -0.321439 0
    outer loop
      vertex 4.503 -2.85059 2
      vertex 4.55976 -2.68338 0.800001
      vertex 4.55976 -2.68338 2
    endloop
  endfacet
  facet normal 0.94693 -0.321439 0
    outer loop
      vertex 4.55976 -2.68338 0.800001
      vertex 4.503 -2.85059 2
      vertex 4.503 -2.85059 0.800001
    endloop
  endfacet
  facet normal -0.997859 0.0654064 0
    outer loop
      vertex 7.14545 -3.37621 0.800001
      vertex 7.157 -3.2 2
      vertex 7.157 -3.2 0.800001
    endloop
  endfacet
  facet normal -0.997859 0.0654064 0
    outer loop
      vertex 7.157 -3.2 2
      vertex 7.14545 -3.37621 0.800001
      vertex 7.14545 -3.37621 2
    endloop
  endfacet
  facet normal 0.321439 0.94693 -0
    outer loop
      vertex 5.45759 -4.504 0.800001
      vertex 5.29038 -4.44724 2
      vertex 5.45759 -4.504 2
    endloop
  endfacet
  facet normal 0.321439 0.94693 0
    outer loop
      vertex 5.29038 -4.44724 2
      vertex 5.45759 -4.504 0.800001
      vertex 5.29038 -4.44724 0.800001
    endloop
  endfacet
  facet normal 0.89686 0.442314 0
    outer loop
      vertex 4.63787 -3.875 2
      vertex 4.55976 -3.71662 0.800001
      vertex 4.55976 -3.71662 2
    endloop
  endfacet
  facet normal 0.89686 0.442314 0
    outer loop
      vertex 4.55976 -3.71662 0.800001
      vertex 4.63787 -3.875 2
      vertex 4.63787 -3.875 0.800001
    endloop
  endfacet
  facet normal -0.659386 0.751804 0
    outer loop
      vertex 6.76159 -4.15459 0.800001
      vertex 6.62883 -4.27103 2
      vertex 6.76159 -4.15459 2
    endloop
  endfacet
  facet normal -0.659386 0.751804 0
    outer loop
      vertex 6.62883 -4.27103 2
      vertex 6.76159 -4.15459 0.800001
      vertex 6.62883 -4.27103 0.800001
    endloop
  endfacet
  facet normal -0.751804 0.659386 0
    outer loop
      vertex 6.76159 -4.15459 0.800001
      vertex 6.87803 -4.02183 2
      vertex 6.87803 -4.02183 0.800001
    endloop
  endfacet
  facet normal -0.751804 0.659386 0
    outer loop
      vertex 6.87803 -4.02183 2
      vertex 6.76159 -4.15459 0.800001
      vertex 6.76159 -4.15459 2
    endloop
  endfacet
  facet normal -0.0654064 0.997859 0
    outer loop
      vertex 5.98321 -4.53845 0.800001
      vertex 5.807 -4.55 2
      vertex 5.98321 -4.53845 2
    endloop
  endfacet
  facet normal -0.0654064 0.997859 0
    outer loop
      vertex 5.807 -4.55 2
      vertex 5.98321 -4.53845 0.800001
      vertex 5.807 -4.55 0.800001
    endloop
  endfacet
  facet normal 0.0654064 0.997859 -0
    outer loop
      vertex 5.807 -4.55 0.800001
      vertex 5.63079 -4.53845 2
      vertex 5.807 -4.55 2
    endloop
  endfacet
  facet normal 0.0654064 0.997859 0
    outer loop
      vertex 5.63079 -4.53845 2
      vertex 5.807 -4.55 0.800001
      vertex 5.63079 -4.53845 0.800001
    endloop
  endfacet
  facet normal 0.980787 0.195081 0
    outer loop
      vertex 4.503 -3.54941 2
      vertex 4.46855 -3.37621 0.800001
      vertex 4.46855 -3.37621 2
    endloop
  endfacet
  facet normal 0.980787 0.195081 0
    outer loop
      vertex 4.46855 -3.37621 0.800001
      vertex 4.503 -3.54941 2
      vertex 4.503 -3.54941 0.800001
    endloop
  endfacet
  facet normal 0.94693 0.321439 0
    outer loop
      vertex 4.55976 -3.71662 2
      vertex 4.503 -3.54941 0.800001
      vertex 4.503 -3.54941 2
    endloop
  endfacet
  facet normal 0.94693 0.321439 0
    outer loop
      vertex 4.503 -3.54941 0.800001
      vertex 4.55976 -3.71662 2
      vertex 4.55976 -3.71662 0.800001
    endloop
  endfacet
  facet normal 0.659386 0.751804 -0
    outer loop
      vertex 4.98517 -4.27103 0.800001
      vertex 4.85241 -4.15459 2
      vertex 4.98517 -4.27103 2
    endloop
  endfacet
  facet normal 0.659386 0.751804 0
    outer loop
      vertex 4.85241 -4.15459 2
      vertex 4.98517 -4.27103 0.800001
      vertex 4.85241 -4.15459 0.800001
    endloop
  endfacet
  facet normal 0.751804 0.659386 0
    outer loop
      vertex 4.85241 -4.15459 2
      vertex 4.73597 -4.02183 0.800001
      vertex 4.73597 -4.02183 2
    endloop
  endfacet
  facet normal 0.751804 0.659386 0
    outer loop
      vertex 4.73597 -4.02183 0.800001
      vertex 4.85241 -4.15459 2
      vertex 4.85241 -4.15459 0.800001
    endloop
  endfacet
  facet normal 0.442314 0.89686 -0
    outer loop
      vertex 5.29038 -4.44724 0.800001
      vertex 5.132 -4.36913 2
      vertex 5.29038 -4.44724 2
    endloop
  endfacet
  facet normal 0.442314 0.89686 0
    outer loop
      vertex 5.132 -4.36913 2
      vertex 5.29038 -4.44724 0.800001
      vertex 5.132 -4.36913 0.800001
    endloop
  endfacet
  facet normal 0.555536 0.831492 -0
    outer loop
      vertex 5.132 -4.36913 0.800001
      vertex 4.98517 -4.27103 2
      vertex 5.132 -4.36913 2
    endloop
  endfacet
  facet normal 0.555536 0.831492 0
    outer loop
      vertex 4.98517 -4.27103 2
      vertex 5.132 -4.36913 0.800001
      vertex 4.98517 -4.27103 0.800001
    endloop
  endfacet
  facet normal -0.831473 -0.555565 0
    outer loop
      vertex 7.62565 -2.15 7.62939e-07
      vertex 7.47304 -1.9216 0.800001
      vertex 7.47304 -1.9216 7.62939e-07
    endloop
  endfacet
  facet normal -0.831473 -0.555565 0
    outer loop
      vertex 7.47304 -1.9216 0.800001
      vertex 7.62565 -2.15 7.62939e-07
      vertex 7.62565 -2.15 0.800001
    endloop
  endfacet
  facet normal -0.321411 -0.94694 0
    outer loop
      vertex 6.35052 -1.17156 7.62939e-07
      vertex 6.61064 -1.25985 0.800001
      vertex 6.35052 -1.17156 0.800001
    endloop
  endfacet
  facet normal -0.321411 -0.94694 -0
    outer loop
      vertex 6.61064 -1.25985 0.800001
      vertex 6.35052 -1.17156 7.62939e-07
      vertex 6.61064 -1.25985 7.62939e-07
    endloop
  endfacet
  facet normal -0.442314 -0.89686 0
    outer loop
      vertex 6.61064 -1.25985 7.62939e-07
      vertex 6.857 -1.38135 0.800001
      vertex 6.61064 -1.25985 0.800001
    endloop
  endfacet
  facet normal -0.442314 -0.89686 -0
    outer loop
      vertex 6.857 -1.38135 0.800001
      vertex 6.61064 -1.25985 7.62939e-07
      vertex 6.857 -1.38135 7.62939e-07
    endloop
  endfacet
  facet normal 0.321422 -0.946936 0
    outer loop
      vertex 5.00337 -1.25985 7.62939e-07
      vertex 5.26348 -1.17156 0.800001
      vertex 5.00337 -1.25985 0.800001
    endloop
  endfacet
  facet normal 0.321422 -0.946936 0
    outer loop
      vertex 5.26348 -1.17156 0.800001
      vertex 5.00337 -1.25985 7.62939e-07
      vertex 5.26348 -1.17156 7.62939e-07
    endloop
  endfacet
  facet normal 0.89686 -0.442314 0
    outer loop
      vertex 3.86685 -2.39636 0.800001
      vertex 3.98835 -2.15 7.62939e-07
      vertex 3.98835 -2.15 0.800001
    endloop
  endfacet
  facet normal 0.89686 -0.442314 0
    outer loop
      vertex 3.98835 -2.15 7.62939e-07
      vertex 3.86685 -2.39636 0.800001
      vertex 3.86685 -2.39636 7.62939e-07
    endloop
  endfacet
  facet normal -0.99786 0.0653833 0
    outer loop
      vertex 7.88904 -3.4741 7.62939e-07
      vertex 7.907 -3.2 0.800001
      vertex 7.907 -3.2 7.62939e-07
    endloop
  endfacet
  facet normal -0.99786 0.0653833 0
    outer loop
      vertex 7.907 -3.2 0.800001
      vertex 7.88904 -3.4741 7.62939e-07
      vertex 7.88904 -3.4741 0.800001
    endloop
  endfacet
  facet normal -0.442314 0.89686 0
    outer loop
      vertex 6.857 -5.01865 7.62939e-07
      vertex 6.61064 -5.14015 0.800001
      vertex 6.857 -5.01865 0.800001
    endloop
  endfacet
  facet normal -0.442314 0.89686 0
    outer loop
      vertex 6.61064 -5.14015 0.800001
      vertex 6.857 -5.01865 7.62939e-07
      vertex 6.61064 -5.14015 7.62939e-07
    endloop
  endfacet
  facet normal -0.89686 -0.442314 0
    outer loop
      vertex 7.74715 -2.39636 7.62939e-07
      vertex 7.62565 -2.15 0.800001
      vertex 7.62565 -2.15 7.62939e-07
    endloop
  endfacet
  facet normal -0.89686 -0.442314 0
    outer loop
      vertex 7.62565 -2.15 0.800001
      vertex 7.74715 -2.39636 7.62939e-07
      vertex 7.74715 -2.39636 0.800001
    endloop
  endfacet
  facet normal -0.195094 -0.980785 0
    outer loop
      vertex 6.08111 -1.11797 7.62939e-07
      vertex 6.35052 -1.17156 0.800001
      vertex 6.08111 -1.11797 0.800001
    endloop
  endfacet
  facet normal -0.195094 -0.980785 -0
    outer loop
      vertex 6.35052 -1.17156 0.800001
      vertex 6.08111 -1.11797 7.62939e-07
      vertex 6.35052 -1.17156 7.62939e-07
    endloop
  endfacet
  facet normal -0.555565 -0.831473 0
    outer loop
      vertex 6.857 -1.38135 7.62939e-07
      vertex 7.0854 -1.53396 0.800001
      vertex 6.857 -1.38135 0.800001
    endloop
  endfacet
  facet normal -0.555565 -0.831473 -0
    outer loop
      vertex 7.0854 -1.53396 0.800001
      vertex 6.857 -1.38135 7.62939e-07
      vertex 7.0854 -1.53396 7.62939e-07
    endloop
  endfacet
  facet normal 0.997858 -0.0654172 0
    outer loop
      vertex 3.707 -3.2 0.800001
      vertex 3.72497 -2.92589 7.62939e-07
      vertex 3.72497 -2.92589 0.800001
    endloop
  endfacet
  facet normal 0.997858 -0.0654172 0
    outer loop
      vertex 3.72497 -2.92589 7.62939e-07
      vertex 3.707 -3.2 0.800001
      vertex 3.707 -3.2 7.62939e-07
    endloop
  endfacet
  facet normal 0.980785 -0.195094 0
    outer loop
      vertex 3.72497 -2.92589 0.800001
      vertex 3.77856 -2.65648 7.62939e-07
      vertex 3.77856 -2.65648 0.800001
    endloop
  endfacet
  facet normal 0.980785 -0.195094 0
    outer loop
      vertex 3.77856 -2.65648 7.62939e-07
      vertex 3.72497 -2.92589 0.800001
      vertex 3.72497 -2.92589 7.62939e-07
    endloop
  endfacet
  facet normal 0.751827 -0.65936 0
    outer loop
      vertex 4.14096 -1.9216 0.800001
      vertex 4.32208 -1.71508 7.62939e-07
      vertex 4.32208 -1.71508 0.800001
    endloop
  endfacet
  facet normal 0.751827 -0.65936 0
    outer loop
      vertex 4.32208 -1.71508 7.62939e-07
      vertex 4.14096 -1.9216 0.800001
      vertex 4.14096 -1.9216 7.62939e-07
    endloop
  endfacet
  facet normal 0.4423 -0.896867 0
    outer loop
      vertex 4.757 -1.38135 7.62939e-07
      vertex 5.00337 -1.25985 0.800001
      vertex 4.757 -1.38135 0.800001
    endloop
  endfacet
  facet normal 0.4423 -0.896867 0
    outer loop
      vertex 5.00337 -1.25985 0.800001
      vertex 4.757 -1.38135 7.62939e-07
      vertex 5.00337 -1.25985 7.62939e-07
    endloop
  endfacet
  facet normal 0.555565 -0.831473 0
    outer loop
      vertex 4.5286 -1.53396 7.62939e-07
      vertex 4.757 -1.38135 0.800001
      vertex 4.5286 -1.53396 0.800001
    endloop
  endfacet
  facet normal 0.555565 -0.831473 0
    outer loop
      vertex 4.757 -1.38135 0.800001
      vertex 4.5286 -1.53396 7.62939e-07
      vertex 4.757 -1.38135 7.62939e-07
    endloop
  endfacet
  facet normal 0.997858 0.0654196 0
    outer loop
      vertex 3.72497 -3.4741 0.800001
      vertex 3.707 -3.2 7.62939e-07
      vertex 3.707 -3.2 0.800001
    endloop
  endfacet
  facet normal 0.997858 0.0654196 0
    outer loop
      vertex 3.707 -3.2 7.62939e-07
      vertex 3.72497 -3.4741 0.800001
      vertex 3.72497 -3.4741 7.62939e-07
    endloop
  endfacet
  facet normal -0.321411 0.94694 0
    outer loop
      vertex 6.61064 -5.14015 7.62939e-07
      vertex 6.35052 -5.22844 0.800001
      vertex 6.61064 -5.14015 0.800001
    endloop
  endfacet
  facet normal -0.321411 0.94694 0
    outer loop
      vertex 6.35052 -5.22844 0.800001
      vertex 6.61064 -5.14015 7.62939e-07
      vertex 6.35052 -5.22844 7.62939e-07
    endloop
  endfacet
  facet normal -0.980778 -0.195129 0
    outer loop
      vertex 7.88904 -2.92589 7.62939e-07
      vertex 7.83544 -2.65648 0.800001
      vertex 7.83544 -2.65648 7.62939e-07
    endloop
  endfacet
  facet normal -0.980778 -0.195129 0
    outer loop
      vertex 7.83544 -2.65648 0.800001
      vertex 7.88904 -2.92589 7.62939e-07
      vertex 7.88904 -2.92589 0.800001
    endloop
  endfacet
  facet normal -0.94694 -0.321411 0
    outer loop
      vertex 7.83544 -2.65648 7.62939e-07
      vertex 7.74715 -2.39636 0.800001
      vertex 7.74715 -2.39636 7.62939e-07
    endloop
  endfacet
  facet normal -0.94694 -0.321411 0
    outer loop
      vertex 7.74715 -2.39636 0.800001
      vertex 7.83544 -2.65648 7.62939e-07
      vertex 7.83544 -2.65648 0.800001
    endloop
  endfacet
  facet normal -0.751827 -0.65936 0
    outer loop
      vertex 7.47304 -1.9216 7.62939e-07
      vertex 7.29192 -1.71508 0.800001
      vertex 7.29192 -1.71508 7.62939e-07
    endloop
  endfacet
  facet normal -0.751827 -0.65936 0
    outer loop
      vertex 7.29192 -1.71508 0.800001
      vertex 7.47304 -1.9216 7.62939e-07
      vertex 7.47304 -1.9216 0.800001
    endloop
  endfacet
  facet normal -0.65936 -0.751827 0
    outer loop
      vertex 7.0854 -1.53396 7.62939e-07
      vertex 7.29192 -1.71508 0.800001
      vertex 7.0854 -1.53396 0.800001
    endloop
  endfacet
  facet normal -0.65936 -0.751827 -0
    outer loop
      vertex 7.29192 -1.71508 0.800001
      vertex 7.0854 -1.53396 7.62939e-07
      vertex 7.29192 -1.71508 7.62939e-07
    endloop
  endfacet
  facet normal 0.831473 -0.555565 0
    outer loop
      vertex 3.98835 -2.15 0.800001
      vertex 4.14096 -1.9216 7.62939e-07
      vertex 4.14096 -1.9216 0.800001
    endloop
  endfacet
  facet normal 0.831473 -0.555565 0
    outer loop
      vertex 4.14096 -1.9216 7.62939e-07
      vertex 3.98835 -2.15 0.800001
      vertex 3.98835 -2.15 7.62939e-07
    endloop
  endfacet
  facet normal 0.0654196 -0.997858 0
    outer loop
      vertex 5.5329 -1.11797 7.62939e-07
      vertex 5.807 -1.1 0.800001
      vertex 5.5329 -1.11797 0.800001
    endloop
  endfacet
  facet normal 0.0654196 -0.997858 0
    outer loop
      vertex 5.807 -1.1 0.800001
      vertex 5.5329 -1.11797 7.62939e-07
      vertex 5.807 -1.1 7.62939e-07
    endloop
  endfacet
  facet normal 0.195087 -0.980786 0
    outer loop
      vertex 5.26348 -1.17156 7.62939e-07
      vertex 5.5329 -1.11797 0.800001
      vertex 5.26348 -1.17156 0.800001
    endloop
  endfacet
  facet normal 0.195087 -0.980786 0
    outer loop
      vertex 5.5329 -1.11797 0.800001
      vertex 5.26348 -1.17156 7.62939e-07
      vertex 5.5329 -1.11797 7.62939e-07
    endloop
  endfacet
  facet normal 0.65936 -0.751827 0
    outer loop
      vertex 4.32208 -1.71508 7.62939e-07
      vertex 4.5286 -1.53396 0.800001
      vertex 4.32208 -1.71508 0.800001
    endloop
  endfacet
  facet normal 0.65936 -0.751827 0
    outer loop
      vertex 4.5286 -1.53396 0.800001
      vertex 4.32208 -1.71508 7.62939e-07
      vertex 4.5286 -1.53396 7.62939e-07
    endloop
  endfacet
  facet normal -0.99786 -0.065381 0
    outer loop
      vertex 7.907 -3.2 7.62939e-07
      vertex 7.88904 -2.92589 0.800001
      vertex 7.88904 -2.92589 7.62939e-07
    endloop
  endfacet
  facet normal -0.99786 -0.065381 0
    outer loop
      vertex 7.88904 -2.92589 0.800001
      vertex 7.907 -3.2 7.62939e-07
      vertex 7.907 -3.2 0.800001
    endloop
  endfacet
  facet normal -0.195094 0.980785 0
    outer loop
      vertex 6.35052 -5.22844 7.62939e-07
      vertex 6.08111 -5.28203 0.800001
      vertex 6.35052 -5.22844 0.800001
    endloop
  endfacet
  facet normal -0.195094 0.980785 0
    outer loop
      vertex 6.08111 -5.28203 0.800001
      vertex 6.35052 -5.22844 7.62939e-07
      vertex 6.08111 -5.28203 7.62939e-07
    endloop
  endfacet
  facet normal -0.0654172 -0.997858 0
    outer loop
      vertex 5.807 -1.1 7.62939e-07
      vertex 6.08111 -1.11797 0.800001
      vertex 5.807 -1.1 0.800001
    endloop
  endfacet
  facet normal -0.0654172 -0.997858 -0
    outer loop
      vertex 6.08111 -1.11797 0.800001
      vertex 5.807 -1.1 7.62939e-07
      vertex 6.08111 -1.11797 7.62939e-07
    endloop
  endfacet
  facet normal 0.94694 -0.321411 0
    outer loop
      vertex 3.77856 -2.65648 0.800001
      vertex 3.86685 -2.39636 7.62939e-07
      vertex 3.86685 -2.39636 0.800001
    endloop
  endfacet
  facet normal 0.94694 -0.321411 0
    outer loop
      vertex 3.86685 -2.39636 7.62939e-07
      vertex 3.77856 -2.65648 0.800001
      vertex 3.77856 -2.65648 7.62939e-07
    endloop
  endfacet
  facet normal -0.555565 0.831473 0
    outer loop
      vertex 7.0854 -4.86604 7.62939e-07
      vertex 6.857 -5.01865 0.800001
      vertex 7.0854 -4.86604 0.800001
    endloop
  endfacet
  facet normal -0.555565 0.831473 0
    outer loop
      vertex 6.857 -5.01865 0.800001
      vertex 7.0854 -4.86604 7.62939e-07
      vertex 6.857 -5.01865 7.62939e-07
    endloop
  endfacet
  facet normal -0.751827 0.65936 0
    outer loop
      vertex 7.29192 -4.68492 7.62939e-07
      vertex 7.47304 -4.4784 0.800001
      vertex 7.47304 -4.4784 7.62939e-07
    endloop
  endfacet
  facet normal -0.751827 0.65936 0
    outer loop
      vertex 7.47304 -4.4784 0.800001
      vertex 7.29192 -4.68492 7.62939e-07
      vertex 7.29192 -4.68492 0.800001
    endloop
  endfacet
  facet normal -0.831473 0.555565 0
    outer loop
      vertex 7.47304 -4.4784 7.62939e-07
      vertex 7.62565 -4.25 0.800001
      vertex 7.62565 -4.25 7.62939e-07
    endloop
  endfacet
  facet normal -0.831473 0.555565 0
    outer loop
      vertex 7.62565 -4.25 0.800001
      vertex 7.47304 -4.4784 7.62939e-07
      vertex 7.47304 -4.4784 0.800001
    endloop
  endfacet
  facet normal 0.321422 0.946936 -0
    outer loop
      vertex 5.26348 -5.22844 7.62939e-07
      vertex 5.00337 -5.14015 0.800001
      vertex 5.26348 -5.22844 0.800001
    endloop
  endfacet
  facet normal 0.321422 0.946936 0
    outer loop
      vertex 5.00337 -5.14015 0.800001
      vertex 5.26348 -5.22844 7.62939e-07
      vertex 5.00337 -5.14015 7.62939e-07
    endloop
  endfacet
  facet normal 0.946936 0.321422 0
    outer loop
      vertex 3.86685 -4.00363 0.800001
      vertex 3.77856 -3.74352 7.62939e-07
      vertex 3.77856 -3.74352 0.800001
    endloop
  endfacet
  facet normal 0.946936 0.321422 0
    outer loop
      vertex 3.77856 -3.74352 7.62939e-07
      vertex 3.86685 -4.00363 0.800001
      vertex 3.86685 -4.00363 7.62939e-07
    endloop
  endfacet
  facet normal 0.896867 0.4423 0
    outer loop
      vertex 3.98835 -4.25 0.800001
      vertex 3.86685 -4.00363 7.62939e-07
      vertex 3.86685 -4.00363 0.800001
    endloop
  endfacet
  facet normal 0.896867 0.4423 0
    outer loop
      vertex 3.86685 -4.00363 7.62939e-07
      vertex 3.98835 -4.25 0.800001
      vertex 3.98835 -4.25 7.62939e-07
    endloop
  endfacet
  facet normal -0.946936 0.321422 0
    outer loop
      vertex 7.74715 -4.00363 7.62939e-07
      vertex 7.83544 -3.74352 0.800001
      vertex 7.83544 -3.74352 7.62939e-07
    endloop
  endfacet
  facet normal -0.946936 0.321422 0
    outer loop
      vertex 7.83544 -3.74352 0.800001
      vertex 7.74715 -4.00363 7.62939e-07
      vertex 7.74715 -4.00363 0.800001
    endloop
  endfacet
  facet normal -0.896867 0.4423 0
    outer loop
      vertex 7.62565 -4.25 7.62939e-07
      vertex 7.74715 -4.00363 0.800001
      vertex 7.74715 -4.00363 7.62939e-07
    endloop
  endfacet
  facet normal -0.896867 0.4423 0
    outer loop
      vertex 7.74715 -4.00363 0.800001
      vertex 7.62565 -4.25 7.62939e-07
      vertex 7.62565 -4.25 0.800001
    endloop
  endfacet
  facet normal -0.980779 0.195122 0
    outer loop
      vertex 7.83544 -3.74352 7.62939e-07
      vertex 7.88904 -3.4741 0.800001
      vertex 7.88904 -3.4741 7.62939e-07
    endloop
  endfacet
  facet normal -0.980779 0.195122 0
    outer loop
      vertex 7.88904 -3.4741 0.800001
      vertex 7.83544 -3.74352 7.62939e-07
      vertex 7.83544 -3.74352 0.800001
    endloop
  endfacet
  facet normal -0.65936 0.751827 0
    outer loop
      vertex 7.29192 -4.68492 7.62939e-07
      vertex 7.0854 -4.86604 0.800001
      vertex 7.29192 -4.68492 0.800001
    endloop
  endfacet
  facet normal -0.65936 0.751827 0
    outer loop
      vertex 7.0854 -4.86604 0.800001
      vertex 7.29192 -4.68492 7.62939e-07
      vertex 7.0854 -4.86604 7.62939e-07
    endloop
  endfacet
  facet normal 0.65936 0.751827 -0
    outer loop
      vertex 4.5286 -4.86604 7.62939e-07
      vertex 4.32208 -4.68492 0.800001
      vertex 4.5286 -4.86604 0.800001
    endloop
  endfacet
  facet normal 0.65936 0.751827 0
    outer loop
      vertex 4.32208 -4.68492 0.800001
      vertex 4.5286 -4.86604 7.62939e-07
      vertex 4.32208 -4.68492 7.62939e-07
    endloop
  endfacet
  facet normal -0.0654172 0.997858 0
    outer loop
      vertex 6.08111 -5.28203 7.62939e-07
      vertex 5.807 -5.3 0.800001
      vertex 6.08111 -5.28203 0.800001
    endloop
  endfacet
  facet normal -0.0654172 0.997858 0
    outer loop
      vertex 5.807 -5.3 0.800001
      vertex 6.08111 -5.28203 7.62939e-07
      vertex 5.807 -5.3 7.62939e-07
    endloop
  endfacet
  facet normal 0.0654196 0.997858 -0
    outer loop
      vertex 5.807 -5.3 7.62939e-07
      vertex 5.5329 -5.28203 0.800001
      vertex 5.807 -5.3 0.800001
    endloop
  endfacet
  facet normal 0.0654196 0.997858 0
    outer loop
      vertex 5.5329 -5.28203 0.800001
      vertex 5.807 -5.3 7.62939e-07
      vertex 5.5329 -5.28203 7.62939e-07
    endloop
  endfacet
  facet normal 0 0 -1
    outer loop
      vertex 7.157 -3.2 0.800001
      vertex 7.907 -3.2 0.800001
      vertex 7.88904 -3.4741 0.800001
    endloop
  endfacet
  facet normal 0 0 -1
    outer loop
      vertex 7.14545 -3.37621 0.800001
      vertex 7.88904 -3.4741 0.800001
      vertex 7.83544 -3.74352 0.800001
    endloop
  endfacet
  facet normal 0 0 -1
    outer loop
      vertex 7.907 -3.2 0.800001
      vertex 7.157 -3.2 0.800001
      vertex 7.88904 -2.92589 0.800001
    endloop
  endfacet
  facet normal 0 0 -1
    outer loop
      vertex 7.111 -3.54941 0.800001
      vertex 7.83544 -3.74352 0.800001
      vertex 7.74715 -4.00363 0.800001
    endloop
  endfacet
  facet normal 0 0 -1
    outer loop
      vertex 7.14545 -3.02379 0.800001
      vertex 7.88904 -2.92589 0.800001
      vertex 7.157 -3.2 0.800001
    endloop
  endfacet
  facet normal 0 0 -1
    outer loop
      vertex 7.05424 -3.71662 0.800001
      vertex 7.74715 -4.00363 0.800001
      vertex 7.62565 -4.25 0.800001
    endloop
  endfacet
  facet normal -0 0 -1
    outer loop
      vertex 7.88904 -2.92589 0.800001
      vertex 7.14545 -3.02379 0.800001
      vertex 7.83544 -2.65648 0.800001
    endloop
  endfacet
  facet normal 0 0 -1
    outer loop
      vertex 6.97614 -3.875 0.800001
      vertex 7.62565 -4.25 0.800001
      vertex 7.47304 -4.4784 0.800001
    endloop
  endfacet
  facet normal 0 0 -1
    outer loop
      vertex 7.111 -2.85059 0.800001
      vertex 7.83544 -2.65648 0.800001
      vertex 7.14545 -3.02379 0.800001
    endloop
  endfacet
  facet normal 0 0 -1
    outer loop
      vertex 6.87803 -4.02183 0.800001
      vertex 7.47304 -4.4784 0.800001
      vertex 7.29192 -4.68492 0.800001
    endloop
  endfacet
  facet normal -0 0 -1
    outer loop
      vertex 7.83544 -2.65648 0.800001
      vertex 7.111 -2.85059 0.800001
      vertex 7.74715 -2.39636 0.800001
    endloop
  endfacet
  facet normal 0 0 -1
    outer loop
      vertex 7.05424 -2.68338 0.800001
      vertex 7.74715 -2.39636 0.800001
      vertex 7.111 -2.85059 0.800001
    endloop
  endfacet
  facet normal 0 0 -1
    outer loop
      vertex 7.88904 -3.4741 0.800001
      vertex 7.14545 -3.37621 0.800001
      vertex 7.157 -3.2 0.800001
    endloop
  endfacet
  facet normal 0 0 -1
    outer loop
      vertex 7.83544 -3.74352 0.800001
      vertex 7.111 -3.54941 0.800001
      vertex 7.14545 -3.37621 0.800001
    endloop
  endfacet
  facet normal 0 0 -1
    outer loop
      vertex 6.76159 -4.15459 0.800001
      vertex 7.29192 -4.68492 0.800001
      vertex 7.0854 -4.86604 0.800001
    endloop
  endfacet
  facet normal 0 0 -1
    outer loop
      vertex 7.74715 -4.00363 0.800001
      vertex 7.05424 -3.71662 0.800001
      vertex 7.111 -3.54941 0.800001
    endloop
  endfacet
  facet normal 0 0 -1
    outer loop
      vertex 7.62565 -4.25 0.800001
      vertex 6.97614 -3.875 0.800001
      vertex 7.05424 -3.71662 0.800001
    endloop
  endfacet
  facet normal 0 0 -1
    outer loop
      vertex 7.47304 -4.4784 0.800001
      vertex 6.87803 -4.02183 0.800001
      vertex 6.97614 -3.875 0.800001
    endloop
  endfacet
  facet normal 0 0 -1
    outer loop
      vertex 6.62883 -4.27103 0.800001
      vertex 7.0854 -4.86604 0.800001
      vertex 6.857 -5.01865 0.800001
    endloop
  endfacet
  facet normal 0 0 -1
    outer loop
      vertex 7.29192 -4.68492 0.800001
      vertex 6.76159 -4.15459 0.800001
      vertex 6.87803 -4.02183 0.800001
    endloop
  endfacet
  facet normal 0 0 -1
    outer loop
      vertex 7.0854 -4.86604 0.800001
      vertex 6.62883 -4.27103 0.800001
      vertex 6.76159 -4.15459 0.800001
    endloop
  endfacet
  facet normal 0 0 -1
    outer loop
      vertex 6.482 -4.36913 0.800001
      vertex 6.857 -5.01865 0.800001
      vertex 6.61064 -5.14015 0.800001
    endloop
  endfacet
  facet normal 0 0 -1
    outer loop
      vertex 6.857 -5.01865 0.800001
      vertex 6.482 -4.36913 0.800001
      vertex 6.62883 -4.27103 0.800001
    endloop
  endfacet
  facet normal 0 0 -1
    outer loop
      vertex 6.32362 -4.44724 0.800001
      vertex 6.61064 -5.14015 0.800001
      vertex 6.35052 -5.22844 0.800001
    endloop
  endfacet
  facet normal 0 0 -1
    outer loop
      vertex 6.61064 -5.14015 0.800001
      vertex 6.32362 -4.44724 0.800001
      vertex 6.482 -4.36913 0.800001
    endloop
  endfacet
  facet normal 0 0 -1
    outer loop
      vertex 6.35052 -5.22844 0.800001
      vertex 6.15641 -4.504 0.800001
      vertex 6.32362 -4.44724 0.800001
    endloop
  endfacet
  facet normal 0 0 -1
    outer loop
      vertex 6.08111 -5.28203 0.800001
      vertex 6.15641 -4.504 0.800001
      vertex 6.35052 -5.22844 0.800001
    endloop
  endfacet
  facet normal 0 0 -1
    outer loop
      vertex 6.08111 -5.28203 0.800001
      vertex 5.98321 -4.53845 0.800001
      vertex 6.15641 -4.504 0.800001
    endloop
  endfacet
  facet normal 0 0 -1
    outer loop
      vertex 5.807 -5.3 0.800001
      vertex 5.98321 -4.53845 0.800001
      vertex 6.08111 -5.28203 0.800001
    endloop
  endfacet
  facet normal 0 0 -1
    outer loop
      vertex 5.807 -5.3 0.800001
      vertex 5.807 -4.55 0.800001
      vertex 5.98321 -4.53845 0.800001
    endloop
  endfacet
  facet normal 0 0 -1
    outer loop
      vertex 5.807 -5.3 0.800001
      vertex 5.63079 -4.53845 0.800001
      vertex 5.807 -4.55 0.800001
    endloop
  endfacet
  facet normal 0 0 -1
    outer loop
      vertex 5.5329 -5.28203 0.800001
      vertex 5.63079 -4.53845 0.800001
      vertex 5.807 -5.3 0.800001
    endloop
  endfacet
  facet normal 0 0 -1
    outer loop
      vertex 5.5329 -5.28203 0.800001
      vertex 5.45759 -4.504 0.800001
      vertex 5.63079 -4.53845 0.800001
    endloop
  endfacet
  facet normal 0 0 -1
    outer loop
      vertex 5.26348 -5.22844 0.800001
      vertex 5.45759 -4.504 0.800001
      vertex 5.5329 -5.28203 0.800001
    endloop
  endfacet
  facet normal -0 0 -1
    outer loop
      vertex 5.45759 -4.504 0.800001
      vertex 5.26348 -5.22844 0.800001
      vertex 5.29038 -4.44724 0.800001
    endloop
  endfacet
  facet normal 0 0 -1
    outer loop
      vertex 5.00337 -5.14015 0.800001
      vertex 5.29038 -4.44724 0.800001
      vertex 5.26348 -5.22844 0.800001
    endloop
  endfacet
  facet normal -0 0 -1
    outer loop
      vertex 5.29038 -4.44724 0.800001
      vertex 5.00337 -5.14015 0.800001
      vertex 5.132 -4.36913 0.800001
    endloop
  endfacet
  facet normal 0 0 -1
    outer loop
      vertex 4.757 -5.01865 0.800001
      vertex 5.132 -4.36913 0.800001
      vertex 5.00337 -5.14015 0.800001
    endloop
  endfacet
  facet normal -0 0 -1
    outer loop
      vertex 5.132 -4.36913 0.800001
      vertex 4.757 -5.01865 0.800001
      vertex 4.98517 -4.27103 0.800001
    endloop
  endfacet
  facet normal 0 0 -1
    outer loop
      vertex 4.5286 -4.86604 0.800001
      vertex 4.98517 -4.27103 0.800001
      vertex 4.757 -5.01865 0.800001
    endloop
  endfacet
  facet normal -0 0 -1
    outer loop
      vertex 4.98517 -4.27103 0.800001
      vertex 4.5286 -4.86604 0.800001
      vertex 4.85241 -4.15459 0.800001
    endloop
  endfacet
  facet normal 0 0 -1
    outer loop
      vertex 4.32208 -4.68492 0.800001
      vertex 4.85241 -4.15459 0.800001
      vertex 4.5286 -4.86604 0.800001
    endloop
  endfacet
  facet normal -0 0 -1
    outer loop
      vertex 4.85241 -4.15459 0.800001
      vertex 4.32208 -4.68492 0.800001
      vertex 4.73597 -4.02183 0.800001
    endloop
  endfacet
  facet normal 0 0 -1
    outer loop
      vertex 4.14096 -4.4784 0.800001
      vertex 4.73597 -4.02183 0.800001
      vertex 4.32208 -4.68492 0.800001
    endloop
  endfacet
  facet normal -0 0 -1
    outer loop
      vertex 4.73597 -4.02183 0.800001
      vertex 4.14096 -4.4784 0.800001
      vertex 4.63787 -3.875 0.800001
    endloop
  endfacet
  facet normal 0 0 -1
    outer loop
      vertex 3.98835 -4.25 0.800001
      vertex 4.63787 -3.875 0.800001
      vertex 4.14096 -4.4784 0.800001
    endloop
  endfacet
  facet normal -0 0 -1
    outer loop
      vertex 4.63787 -3.875 0.800001
      vertex 3.98835 -4.25 0.800001
      vertex 4.55976 -3.71662 0.800001
    endloop
  endfacet
  facet normal 0 0 -1
    outer loop
      vertex 3.86685 -4.00363 0.800001
      vertex 4.55976 -3.71662 0.800001
      vertex 3.98835 -4.25 0.800001
    endloop
  endfacet
  facet normal -0 0 -1
    outer loop
      vertex 7.74715 -2.39636 0.800001
      vertex 7.05424 -2.68338 0.800001
      vertex 7.62565 -2.15 0.800001
    endloop
  endfacet
  facet normal 0 0 -1
    outer loop
      vertex 6.97614 -2.525 0.800001
      vertex 7.62565 -2.15 0.800001
      vertex 7.05424 -2.68338 0.800001
    endloop
  endfacet
  facet normal -0 0 -1
    outer loop
      vertex 7.62565 -2.15 0.800001
      vertex 6.97614 -2.525 0.800001
      vertex 7.47304 -1.9216 0.800001
    endloop
  endfacet
  facet normal 0 0 -1
    outer loop
      vertex 6.87803 -2.37817 0.800001
      vertex 7.47304 -1.9216 0.800001
      vertex 6.97614 -2.525 0.800001
    endloop
  endfacet
  facet normal -0 0 -1
    outer loop
      vertex 7.47304 -1.9216 0.800001
      vertex 6.87803 -2.37817 0.800001
      vertex 7.29192 -1.71508 0.800001
    endloop
  endfacet
  facet normal 0 0 -1
    outer loop
      vertex 6.76159 -2.24541 0.800001
      vertex 7.29192 -1.71508 0.800001
      vertex 6.87803 -2.37817 0.800001
    endloop
  endfacet
  facet normal -0 0 -1
    outer loop
      vertex 7.29192 -1.71508 0.800001
      vertex 6.76159 -2.24541 0.800001
      vertex 7.0854 -1.53396 0.800001
    endloop
  endfacet
  facet normal 0 0 -1
    outer loop
      vertex 6.62883 -2.12897 0.800001
      vertex 7.0854 -1.53396 0.800001
      vertex 6.76159 -2.24541 0.800001
    endloop
  endfacet
  facet normal -0 0 -1
    outer loop
      vertex 7.0854 -1.53396 0.800001
      vertex 6.62883 -2.12897 0.800001
      vertex 6.857 -1.38135 0.800001
    endloop
  endfacet
  facet normal 0 0 -1
    outer loop
      vertex 6.482 -2.03087 0.800001
      vertex 6.857 -1.38135 0.800001
      vertex 6.62883 -2.12897 0.800001
    endloop
  endfacet
  facet normal -0 0 -1
    outer loop
      vertex 6.857 -1.38135 0.800001
      vertex 6.482 -2.03087 0.800001
      vertex 6.61064 -1.25985 0.800001
    endloop
  endfacet
  facet normal 0 0 -1
    outer loop
      vertex 6.32362 -1.95276 0.800001
      vertex 6.61064 -1.25985 0.800001
      vertex 6.482 -2.03087 0.800001
    endloop
  endfacet
  facet normal -0 0 -1
    outer loop
      vertex 6.61064 -1.25985 0.800001
      vertex 6.32362 -1.95276 0.800001
      vertex 6.35052 -1.17156 0.800001
    endloop
  endfacet
  facet normal 0 0 -1
    outer loop
      vertex 6.15641 -1.896 0.800001
      vertex 6.35052 -1.17156 0.800001
      vertex 6.32362 -1.95276 0.800001
    endloop
  endfacet
  facet normal 0 0 -1
    outer loop
      vertex 6.15641 -1.896 0.800001
      vertex 6.08111 -1.11797 0.800001
      vertex 6.35052 -1.17156 0.800001
    endloop
  endfacet
  facet normal 0 0 -1
    outer loop
      vertex 5.98321 -1.86155 0.800001
      vertex 6.08111 -1.11797 0.800001
      vertex 6.15641 -1.896 0.800001
    endloop
  endfacet
  facet normal 0 0 -1
    outer loop
      vertex 5.807 -1.85 0.800001
      vertex 6.08111 -1.11797 0.800001
      vertex 5.98321 -1.86155 0.800001
    endloop
  endfacet
  facet normal 0 0 -1
    outer loop
      vertex 5.807 -1.85 0.800001
      vertex 5.807 -1.1 0.800001
      vertex 6.08111 -1.11797 0.800001
    endloop
  endfacet
  facet normal 0 0 -1
    outer loop
      vertex 5.63079 -1.86155 0.800001
      vertex 5.807 -1.1 0.800001
      vertex 5.807 -1.85 0.800001
    endloop
  endfacet
  facet normal 0 0 -1
    outer loop
      vertex 5.63079 -1.86155 0.800001
      vertex 5.5329 -1.11797 0.800001
      vertex 5.807 -1.1 0.800001
    endloop
  endfacet
  facet normal 0 0 -1
    outer loop
      vertex 5.45759 -1.896 0.800001
      vertex 5.5329 -1.11797 0.800001
      vertex 5.63079 -1.86155 0.800001
    endloop
  endfacet
  facet normal 0 0 -1
    outer loop
      vertex 5.26348 -1.17156 0.800001
      vertex 5.45759 -1.896 0.800001
      vertex 5.29038 -1.95276 0.800001
    endloop
  endfacet
  facet normal 0 0 -1
    outer loop
      vertex 5.45759 -1.896 0.800001
      vertex 5.26348 -1.17156 0.800001
      vertex 5.5329 -1.11797 0.800001
    endloop
  endfacet
  facet normal 0 0 -1
    outer loop
      vertex 5.00337 -1.25985 0.800001
      vertex 5.29038 -1.95276 0.800001
      vertex 5.132 -2.03087 0.800001
    endloop
  endfacet
  facet normal 0 0 -1
    outer loop
      vertex 5.29038 -1.95276 0.800001
      vertex 5.00337 -1.25985 0.800001
      vertex 5.26348 -1.17156 0.800001
    endloop
  endfacet
  facet normal 0 0 -1
    outer loop
      vertex 4.757 -1.38135 0.800001
      vertex 5.132 -2.03087 0.800001
      vertex 4.98517 -2.12897 0.800001
    endloop
  endfacet
  facet normal 0 0 -1
    outer loop
      vertex 4.5286 -1.53396 0.800001
      vertex 4.98517 -2.12897 0.800001
      vertex 4.85241 -2.24541 0.800001
    endloop
  endfacet
  facet normal 0 0 -1
    outer loop
      vertex 5.132 -2.03087 0.800001
      vertex 4.757 -1.38135 0.800001
      vertex 5.00337 -1.25985 0.800001
    endloop
  endfacet
  facet normal 0 0 -1
    outer loop
      vertex 4.32208 -1.71508 0.800001
      vertex 4.85241 -2.24541 0.800001
      vertex 4.73597 -2.37817 0.800001
    endloop
  endfacet
  facet normal 0 0 -1
    outer loop
      vertex 4.14096 -1.9216 0.800001
      vertex 4.73597 -2.37817 0.800001
      vertex 4.63787 -2.525 0.800001
    endloop
  endfacet
  facet normal 0 0 -1
    outer loop
      vertex 3.98835 -2.15 0.800001
      vertex 4.63787 -2.525 0.800001
      vertex 4.55976 -2.68338 0.800001
    endloop
  endfacet
  facet normal 0 0 -1
    outer loop
      vertex 4.98517 -2.12897 0.800001
      vertex 4.5286 -1.53396 0.800001
      vertex 4.757 -1.38135 0.800001
    endloop
  endfacet
  facet normal 0 0 -1
    outer loop
      vertex 3.86685 -2.39636 0.800001
      vertex 4.55976 -2.68338 0.800001
      vertex 4.503 -2.85059 0.800001
    endloop
  endfacet
  facet normal 0 0 -1
    outer loop
      vertex 3.77856 -2.65648 0.800001
      vertex 4.503 -2.85059 0.800001
      vertex 4.46855 -3.02379 0.800001
    endloop
  endfacet
  facet normal 0 0 -1
    outer loop
      vertex 3.72497 -2.92589 0.800001
      vertex 4.46855 -3.02379 0.800001
      vertex 4.457 -3.2 0.800001
    endloop
  endfacet
  facet normal -0 0 -1
    outer loop
      vertex 4.55976 -3.71662 0.800001
      vertex 3.86685 -4.00363 0.800001
      vertex 4.503 -3.54941 0.800001
    endloop
  endfacet
  facet normal 0 0 -1
    outer loop
      vertex 4.85241 -2.24541 0.800001
      vertex 4.32208 -1.71508 0.800001
      vertex 4.5286 -1.53396 0.800001
    endloop
  endfacet
  facet normal 0 0 -1
    outer loop
      vertex 3.77856 -3.74352 0.800001
      vertex 4.503 -3.54941 0.800001
      vertex 3.86685 -4.00363 0.800001
    endloop
  endfacet
  facet normal 0 0 -1
    outer loop
      vertex 4.73597 -2.37817 0.800001
      vertex 4.14096 -1.9216 0.800001
      vertex 4.32208 -1.71508 0.800001
    endloop
  endfacet
  facet normal -0 0 -1
    outer loop
      vertex 4.503 -3.54941 0.800001
      vertex 3.77856 -3.74352 0.800001
      vertex 4.46855 -3.37621 0.800001
    endloop
  endfacet
  facet normal 0 0 -1
    outer loop
      vertex 4.63787 -2.525 0.800001
      vertex 3.98835 -2.15 0.800001
      vertex 4.14096 -1.9216 0.800001
    endloop
  endfacet
  facet normal 0 0 -1
    outer loop
      vertex 3.72497 -3.4741 0.800001
      vertex 4.46855 -3.37621 0.800001
      vertex 3.77856 -3.74352 0.800001
    endloop
  endfacet
  facet normal 0 0 -1
    outer loop
      vertex 4.55976 -2.68338 0.800001
      vertex 3.86685 -2.39636 0.800001
      vertex 3.98835 -2.15 0.800001
    endloop
  endfacet
  facet normal -0 0 -1
    outer loop
      vertex 4.46855 -3.37621 0.800001
      vertex 3.72497 -3.4741 0.800001
      vertex 4.457 -3.2 0.800001
    endloop
  endfacet
  facet normal 0 0 -1
    outer loop
      vertex 4.503 -2.85059 0.800001
      vertex 3.77856 -2.65648 0.800001
      vertex 3.86685 -2.39636 0.800001
    endloop
  endfacet
  facet normal 0 0 -1
    outer loop
      vertex 3.707 -3.2 0.800001
      vertex 4.457 -3.2 0.800001
      vertex 3.72497 -3.4741 0.800001
    endloop
  endfacet
  facet normal 0 0 -1
    outer loop
      vertex 4.46855 -3.02379 0.800001
      vertex 3.72497 -2.92589 0.800001
      vertex 3.77856 -2.65648 0.800001
    endloop
  endfacet
  facet normal 0 0 -1
    outer loop
      vertex 4.457 -3.2 0.800001
      vertex 3.707 -3.2 0.800001
      vertex 3.72497 -2.92589 0.800001
    endloop
  endfacet
  facet normal 0.195087 0.980786 -0
    outer loop
      vertex 5.5329 -5.28203 7.62939e-07
      vertex 5.26348 -5.22844 0.800001
      vertex 5.5329 -5.28203 0.800001
    endloop
  endfacet
  facet normal 0.195087 0.980786 0
    outer loop
      vertex 5.26348 -5.22844 0.800001
      vertex 5.5329 -5.28203 7.62939e-07
      vertex 5.26348 -5.22844 7.62939e-07
    endloop
  endfacet
  facet normal 0.555565 0.831473 -0
    outer loop
      vertex 4.757 -5.01865 7.62939e-07
      vertex 4.5286 -4.86604 0.800001
      vertex 4.757 -5.01865 0.800001
    endloop
  endfacet
  facet normal 0.555565 0.831473 0
    outer loop
      vertex 4.5286 -4.86604 0.800001
      vertex 4.757 -5.01865 7.62939e-07
      vertex 4.5286 -4.86604 7.62939e-07
    endloop
  endfacet
  facet normal 0.4423 0.896867 -0
    outer loop
      vertex 5.00337 -5.14015 7.62939e-07
      vertex 4.757 -5.01865 0.800001
      vertex 5.00337 -5.14015 0.800001
    endloop
  endfacet
  facet normal 0.4423 0.896867 0
    outer loop
      vertex 4.757 -5.01865 0.800001
      vertex 5.00337 -5.14015 7.62939e-07
      vertex 4.757 -5.01865 7.62939e-07
    endloop
  endfacet
  facet normal 0.980786 0.195087 0
    outer loop
      vertex 3.77856 -3.74352 0.800001
      vertex 3.72497 -3.4741 7.62939e-07
      vertex 3.72497 -3.4741 0.800001
    endloop
  endfacet
  facet normal 0.980786 0.195087 0
    outer loop
      vertex 3.72497 -3.4741 7.62939e-07
      vertex 3.77856 -3.74352 0.800001
      vertex 3.77856 -3.74352 7.62939e-07
    endloop
  endfacet
  facet normal 0.751827 0.65936 0
    outer loop
      vertex 4.32208 -4.68492 0.800001
      vertex 4.14096 -4.4784 7.62939e-07
      vertex 4.14096 -4.4784 0.800001
    endloop
  endfacet
  facet normal 0.751827 0.65936 0
    outer loop
      vertex 4.14096 -4.4784 7.62939e-07
      vertex 4.32208 -4.68492 0.800001
      vertex 4.32208 -4.68492 7.62939e-07
    endloop
  endfacet
  facet normal 0.831473 0.555565 0
    outer loop
      vertex 4.14096 -4.4784 0.800001
      vertex 3.98835 -4.25 7.62939e-07
      vertex 3.98835 -4.25 0.800001
    endloop
  endfacet
  facet normal 0.831473 0.555565 0
    outer loop
      vertex 3.98835 -4.25 7.62939e-07
      vertex 4.14096 -4.4784 0.800001
      vertex 4.14096 -4.4784 7.62939e-07
    endloop
  endfacet
endsolid OpenSCAD_Model
